word,verdict,note
platonism,noun,name-derived but an ordinary common noun
americanization,noun,name-derived but an ordinary common noun
nazism,noun,name-derived but an ordinary common noun
bedouin,noun,name-derived but an ordinary common noun
neanderthal,noun,name-derived but an ordinary common noun
darwinism,noun,name-derived but an ordinary common noun
olympiad,noun,name-derived but an ordinary common noun
islamophobia,noun,name-derived but an ordinary common noun
merlot,noun,name-derived but an ordinary common noun
bolshevism,noun,name-derived but an ordinary common noun
toolkit,noun,ordinary common noun
frisbee,name,trade name
madeira,name,place name
arcadia,name,place name
vaseline,name,trade name
doppler,name,personal name
pegasus,name,mythological name
endangering,verb,verb form
channeling,verb,verb form
indian,name,case-variant review 2026-08-29
christian,name,case-variant review 2026-08-29
enter,name,case-variant review 2026-08-29
greek,name,case-variant review 2026-08-29
charlie,name,case-variant review 2026-08-29
jane,name,case-variant review 2026-08-29
oscar,name,case-variant review 2026-08-29
jerry,name,case-variant review 2026-08-29
delete,name,case-variant review 2026-08-29
tommy,name,case-variant review 2026-08-29
karen,name,case-variant review 2026-08-29
uber,name,case-variant review 2026-08-29
wikipedia,name,case-variant review 2026-08-29
jew,name,case-variant review 2026-08-29
brett,name,case-variant review 2026-08-29
eden,name,case-variant review 2026-08-29
protestant,name,case-variant review 2026-08-29
buddha,name,case-variant review 2026-08-29
latino,name,case-variant review 2026-08-29
tumblr,name,case-variant review 2026-08-29
oriental,name,case-variant review 2026-08-29
roma,name,case-variant review 2026-08-29
methodist,noun,case-variant review 2026-08-29
viking,name,case-variant review 2026-08-29
archie,name,case-variant review 2026-08-29
whatsapp,name,case-variant review 2026-08-29
dudley,name,case-variant review 2026-08-29
terrestrial,adjective,case-variant review 2026-08-29
caucasian,name,case-variant review 2026-08-29
englishman,name,case-variant review 2026-08-29
zionist,noun,case-variant review 2026-08-29
lars,name,case-variant review 2026-08-29
malibu,name,case-variant review 2026-08-29
stacy,name,case-variant review 2026-08-29
martian,name,case-variant review 2026-08-29
mir,name,case-variant review 2026-08-29
latina,name,case-variant review 2026-08-29
airbnb,name,case-variant review 2026-08-29
unix,name,case-variant review 2026-08-29
scooby,name,case-variant review 2026-08-29
venetian,name,case-variant review 2026-08-29
rosy,name,case-variant review 2026-08-29
alfredo,name,case-variant review 2026-08-29
charley,name,case-variant review 2026-08-29
yoon,name,case-variant review 2026-08-29
eid,name,case-variant review 2026-08-29
dx,name,case-variant review 2026-08-29
viagra,name,case-variant review 2026-08-29
chihuahua,name,case-variant review 2026-08-29
gd,name,case-variant review 2026-08-29
zulu,name,case-variant review 2026-08-29
zimmer,name,case-variant review 2026-08-29
tardis,name,case-variant review 2026-08-29
joo,name,case-variant review 2026-08-29
bucky,name,case-variant review 2026-08-29
botox,name,case-variant review 2026-08-29
flemish,name,case-variant review 2026-08-29
kyiv,name,case-variant review 2026-08-29
desi,name,case-variant review 2026-08-29
muppet,name,case-variant review 2026-08-29
canadiens,name,case-variant review 2026-08-29
alfa,name,case-variant review 2026-08-29
dutchman,name,case-variant review 2026-08-29
pvp,name,case-variant review 2026-08-29
wobbly,name,case-variant review 2026-08-29
lombard,name,case-variant review 2026-08-29
clarissa,name,case-variant review 2026-08-29
sagan,name,case-variant review 2026-08-29
bolshevik,noun,case-variant review 2026-08-29
mongol,name,case-variant review 2026-08-29
asc,name,case-variant review 2026-08-29
oreo,name,case-variant review 2026-08-29
boolean,name,case-variant review 2026-08-29
sybil,name,case-variant review 2026-08-29
casanova,name,case-variant review 2026-08-29
veda,name,case-variant review 2026-08-29
garda,name,case-variant review 2026-08-29
kraken,name,case-variant review 2026-08-29
corinthian,name,case-variant review 2026-08-29
vod,name,case-variant review 2026-08-29
dalek,name,case-variant review 2026-08-29
godspeed,name,case-variant review 2026-08-29
cossack,name,case-variant review 2026-08-29
stryker,name,case-variant review 2026-08-29
shabbat,name,case-variant review 2026-08-29
gaon,name,case-variant review 2026-08-29
gnostic,name,case-variant review 2026-08-29
bic,name,case-variant review 2026-08-29
tupperware,name,case-variant review 2026-08-29
francophone,name,case-variant review 2026-08-29
khyber,name,case-variant review 2026-08-29
batavia,name,case-variant review 2026-08-29
tshirt,name,case-variant review 2026-08-29
chromebook,name,case-variant review 2026-08-29
speedo,name,case-variant review 2026-08-29
rrp,name,case-variant review 2026-08-29
munchkin,name,case-variant review 2026-08-29
darwinian,name,case-variant review 2026-08-29
prosecco,name,case-variant review 2026-08-29
berliner,name,case-variant review 2026-08-29
phan,name,case-variant review 2026-08-29
komodo,name,case-variant review 2026-08-29
chautauqua,name,case-variant review 2026-08-29
redshirt,name,case-variant review 2026-08-29
nikkei,name,case-variant review 2026-08-29
bittorrent,name,case-variant review 2026-08-29
nickelback,name,case-variant review 2026-08-29
veep,name,case-variant review 2026-08-29
anglophone,name,case-variant review 2026-08-29
kabuki,name,case-variant review 2026-08-29
pomeranian,name,case-variant review 2026-08-29
southerner,name,case-variant review 2026-08-29
yp,name,case-variant review 2026-08-29
margherita,name,case-variant review 2026-08-29
nazir,name,case-variant review 2026-08-29
pooper,noun,case-variant review 2026-08-29
downie,name,case-variant review 2026-08-29
shiba,name,case-variant review 2026-08-29
lagrangian,name,case-variant review 2026-08-29
beamer,name,case-variant review 2026-08-29
nikko,name,case-variant review 2026-08-29
paki,name,case-variant review 2026-08-29
oxycontin,name,case-variant review 2026-08-29
bakewell,name,case-variant review 2026-08-29
nio,name,case-variant review 2026-08-29
sten,name,case-variant review 2026-08-29
astroturf,name,case-variant review 2026-08-29
fuhrer,name,case-variant review 2026-08-29
poindexter,name,case-variant review 2026-08-29
macarena,name,case-variant review 2026-08-29
rioja,name,case-variant review 2026-08-29
xray,name,case-variant review 2026-08-29
nosferatu,name,case-variant review 2026-08-29
jacobin,name,case-variant review 2026-08-29
satanist,noun,case-variant review 2026-08-29
trinitarian,name,case-variant review 2026-08-29
vegemite,noun,case-variant review 2026-08-29
gosport,name,case-variant review 2026-08-29
yuletide,name,case-variant review 2026-08-29
nippy,name,case-variant review 2026-08-29
suzette,name,case-variant review 2026-08-29
wyandotte,name,case-variant review 2026-08-29
moneyball,name,case-variant review 2026-08-29
praetorian,name,case-variant review 2026-08-29
eurosceptic,name,case-variant review 2026-08-29
metis,name,case-variant review 2026-08-29
stang,name,case-variant review 2026-08-29
pve,name,case-variant review 2026-08-29
couric,name,case-variant review 2026-08-29
ziploc,name,case-variant review 2026-08-29
pinyin,name,case-variant review 2026-08-29
calabrese,noun,case-variant review 2026-08-29
pollyanna,name,case-variant review 2026-08-29
koolaid,name,case-variant review 2026-08-29
marfa,name,case-variant review 2026-08-29
pola,name,case-variant review 2026-08-29
touhou,name,case-variant review 2026-08-29
slurpee,name,case-variant review 2026-08-29
badshah,name,case-variant review 2026-08-29
smriti,name,case-variant review 2026-08-29
tamagotchi,name,case-variant review 2026-08-29
zamboni,name,case-variant review 2026-08-29
phrygian,name,case-variant review 2026-08-29
kazi,name,case-variant review 2026-08-29
patronus,name,case-variant review 2026-08-29
lucite,noun,case-variant review 2026-08-29
fudd,name,case-variant review 2026-08-29
ziplock,name,case-variant review 2026-08-29
raku,name,case-variant review 2026-08-29
mountie,name,case-variant review 2026-08-29
romanization,noun,case-variant review 2026-08-29
auster,name,case-variant review 2026-08-29
lias,name,case-variant review 2026-08-29
mainstreet,name,case-variant review 2026-08-29
moodle,name,case-variant review 2026-08-29
hyang,name,case-variant review 2026-08-29
anabaptist,noun,case-variant review 2026-08-29
bln,name,case-variant review 2026-08-29
hanse,name,case-variant review 2026-08-29
hijra,name,case-variant review 2026-08-29
redditor,name,case-variant review 2026-08-29
muzak,name,case-variant review 2026-08-29
sophy,name,case-variant review 2026-08-29
jacobian,name,case-variant review 2026-08-29
gruyere,name,case-variant review 2026-08-29
hicksville,name,case-variant review 2026-08-29
labradoodle,name,case-variant review 2026-08-29
sapphic,name,case-variant review 2026-08-29
klansman,name,case-variant review 2026-08-29
egyptologist,noun,case-variant review 2026-08-29
eisa,name,case-variant review 2026-08-29
brutalism,noun,case-variant review 2026-08-29
laplacian,name,case-variant review 2026-08-29
swifty,name,case-variant review 2026-08-29
ladino,name,case-variant review 2026-08-29
fuehrer,name,case-variant review 2026-08-29
mirena,name,case-variant review 2026-08-29
trekkie,name,case-variant review 2026-08-29
november,name,case-variant review 2026-08-29
india,name,case-variant review 2026-08-29
mary,name,case-variant review 2026-08-29
santa,name,case-variant review 2026-08-29
liverpool,name,case-variant review 2026-08-29
hamilton,name,case-variant review 2026-08-29
albert,name,case-variant review 2026-08-29
alaska,name,case-variant review 2026-08-29
christianity,name,case-variant review 2026-08-29
bernard,name,case-variant review 2026-08-29
quebec,name,case-variant review 2026-08-29
satan,name,case-variant review 2026-08-29
tory,name,case-variant review 2026-08-29
allah,name,case-variant review 2026-08-29
renaissance,name,case-variant review 2026-08-29
mickey,name,case-variant review 2026-08-29
panama,name,case-variant review 2026-08-29
lego,name,case-variant review 2026-08-29
apollo,name,case-variant review 2026-08-29
wellington,name,case-variant review 2026-08-29
caesar,name,case-variant review 2026-08-29
franco,name,case-variant review 2026-08-29
romeo,name,case-variant review 2026-08-29
stella,name,case-variant review 2026-08-29
ebola,name,case-variant review 2026-08-29
regina,name,case-variant review 2026-08-29
yankee,name,case-variant review 2026-08-29
damascus,name,case-variant review 2026-08-29
lima,name,case-variant review 2026-08-29
kaiser,name,case-variant review 2026-08-29
sabbath,name,case-variant review 2026-08-29
kiev,name,case-variant review 2026-08-29
anaheim,name,case-variant review 2026-08-29
cinderella,name,case-variant review 2026-08-29
pepsi,name,case-variant review 2026-08-29
bordeaux,name,case-variant review 2026-08-29
marxism,noun,case-variant review 2026-08-29
frankenstein,name,case-variant review 2026-08-29
xmas,name,case-variant review 2026-08-29
passover,name,case-variant review 2026-08-29
bigfoot,name,case-variant review 2026-08-29
munro,name,case-variant review 2026-08-29
eucharist,noun,case-variant review 2026-08-29
chardonnay,name,case-variant review 2026-08-29
velcro,name,case-variant review 2026-08-29
nox,name,case-variant review 2026-08-29
provo,name,case-variant review 2026-08-29
shiraz,name,case-variant review 2026-08-29
holstein,name,case-variant review 2026-08-29
oaxaca,name,case-variant review 2026-08-29
ouija,name,case-variant review 2026-08-29
stetson,name,case-variant review 2026-08-29
yule,name,case-variant review 2026-08-29
hollander,name,case-variant review 2026-08-29
hoosier,name,case-variant review 2026-08-29
bellini,name,case-variant review 2026-08-29
rottweiler,name,case-variant review 2026-08-29
balthazar,name,case-variant review 2026-08-29
riesling,name,case-variant review 2026-08-29
pierrot,name,case-variant review 2026-08-29
satanism,noun,case-variant review 2026-08-29
chianti,name,case-variant review 2026-08-29
humvee,name,case-variant review 2026-08-29
twinkie,name,case-variant review 2026-08-29
asura,name,case-variant review 2026-08-29
gnosticism,noun,case-variant review 2026-08-29
midrash,name,case-variant review 2026-08-29
stilton,name,case-variant review 2026-08-29
marsala,name,case-variant review 2026-08-29
bakelite,noun,case-variant review 2026-08-29
fagin,name,case-variant review 2026-08-29
glengarry,name,case-variant review 2026-08-29
chablis,name,case-variant review 2026-08-29
luddite,noun,case-variant review 2026-08-29
shikoku,name,case-variant review 2026-08-29
egyptology,noun,case-variant review 2026-08-29
rolodex,name,case-variant review 2026-08-29
hebe,name,case-variant review 2026-08-29
armagnac,name,case-variant review 2026-08-29
lothario,name,case-variant review 2026-08-29
blighty,name,case-variant review 2026-08-29
australopithecus,name,case-variant review 2026-08-29
gehenna,name,case-variant review 2026-08-29
airedale,name,case-variant review 2026-08-29
decalogue,noun,case-variant review 2026-08-29
penicillium,noun,genus name in common use
freon,noun,genericised trademark
typhon,noun,common noun; shares spelling with a mythological name
plasticine,noun,genericised trademark
non,noise,"not a usable common noun -- abbreviation, letter name, interjection, foreign word or a single obscure sense"
al,noise,"not a usable common noun -- abbreviation, letter name, interjection, foreign word or a single obscure sense"
facebook,name,"name, brand or place; not a common noun"
app,noun,ordinary common noun the dataset should have
download,noun,ordinary common noun the dataset should have
kinda,noise,"not a usable common noun -- abbreviation, letter name, interjection, foreign word or a single obscure sense"
pregnant,adj,adjective; the noun sense is a nominalisation or a rarity
quit,verb,verb or verb form; the noun sense is incidental
haha,noise,"not a usable common noun -- abbreviation, letter name, interjection, foreign word or a single obscure sense"
bro,noun,ordinary common noun the dataset should have
arab,noise,"not a usable common noun -- abbreviation, letter name, interjection, foreign word or a single obscure sense"
nov,noise,"not a usable common noun -- abbreviation, letter name, interjection, foreign word or a single obscure sense"
josh,noise,"not a usable common noun -- abbreviation, letter name, interjection, foreign word or a single obscure sense"
se,noise,"not a usable common noun -- abbreviation, letter name, interjection, foreign word or a single obscure sense"
dual,adj,adjective; the noun sense is a nominalisation or a rarity
nope,noise,"not a usable common noun -- abbreviation, letter name, interjection, foreign word or a single obscure sense"
bitcoin,noun,ordinary common noun the dataset should have
er,noise,"not a usable common noun -- abbreviation, letter name, interjection, foreign word or a single obscure sense"
functional,adj,adjective; the noun sense is a nominalisation or a rarity
ultra,noise,"not a usable common noun -- abbreviation, letter name, interjection, foreign word or a single obscure sense"
gop,name,"name, brand or place; not a common noun"
ep,noise,"not a usable common noun -- abbreviation, letter name, interjection, foreign word or a single obscure sense"
chronic,adj,adjective; the noun sense is a nominalisation or a rarity
wa,noise,"not a usable common noun -- abbreviation, letter name, interjection, foreign word or a single obscure sense"
aka,noise,"not a usable common noun -- abbreviation, letter name, interjection, foreign word or a single obscure sense"
kyle,name,"name, brand or place; not a common noun"
protective,adj,adjective; the noun sense is a nominalisation or a rarity
est,noise,"not a usable common noun -- abbreviation, letter name, interjection, foreign word or a single obscure sense"
entertaining,verb,verb or verb form; the noun sense is incidental
matching,verb,verb or verb form; the noun sense is incidental
colin,name,"name, brand or place; not a common noun"
beneficial,adj,adjective; the noun sense is a nominalisation or a rarity
underneath,noise,"not a usable common noun -- abbreviation, letter name, interjection, foreign word or a single obscure sense"
transform,verb,verb or verb form; the noun sense is incidental
shitty,adj,adjective; the noun sense is a nominalisation or a rarity
thee,noise,"not a usable common noun -- abbreviation, letter name, interjection, foreign word or a single obscure sense"
til,noise,"not a usable common noun -- abbreviation, letter name, interjection, foreign word or a single obscure sense"
tribal,adj,adjective; the noun sense is a nominalisation or a rarity
heck,noise,"not a usable common noun -- abbreviation, letter name, interjection, foreign word or a single obscure sense"
mega,adj,adjective; the noun sense is a nominalisation or a rarity
continental,adj,adjective; the noun sense is a nominalisation or a rarity
caroline,name,"name, brand or place; not a common noun"
legit,adj,adjective; the noun sense is a nominalisation or a rarity
nato,name,"name, brand or place; not a common noun"
travis,name,"name, brand or place; not a common noun"
bo,name,"name, brand or place; not a common noun"
proving,verb,verb or verb form; the noun sense is incidental
resistant,adj,adjective; the noun sense is a nominalisation or a rarity
upload,noun,ordinary common noun the dataset should have
remix,noun,ordinary common noun the dataset should have
goddamn,adj,adjective; the noun sense is a nominalisation or a rarity
olds,noise,"not a usable common noun -- abbreviation, letter name, interjection, foreign word or a single obscure sense"
sensible,adj,adjective; the noun sense is a nominalisation or a rarity
gameplay,noun,ordinary common noun the dataset should have
cyber,adj,adjective; the noun sense is a nominalisation or a rarity
compatible,adj,adjective; the noun sense is a nominalisation or a rarity
hardcore,noun,ordinary common noun the dataset should have
polar,adj,adjective; the noun sense is a nominalisation or a rarity
barack,name,"name, brand or place; not a common noun"
viable,adj,adjective; the noun sense is a nominalisation or a rarity
kane,name,"name, brand or place; not a common noun"
ing,noise,"not a usable common noun -- abbreviation, letter name, interjection, foreign word or a single obscure sense"
medicare,name,"name, brand or place; not a common noun"
wifi,noun,ordinary common noun the dataset should have
jun,noise,"not a usable common noun -- abbreviation, letter name, interjection, foreign word or a single obscure sense"
und,noise,"not a usable common noun -- abbreviation, letter name, interjection, foreign word or a single obscure sense"
marco,name,"name, brand or place; not a common noun"
joey,noun,ordinary common noun the dataset should have
betty,name,"name, brand or place; not a common noun"
admin,noun,ordinary common noun the dataset should have
yu,noise,"not a usable common noun -- abbreviation, letter name, interjection, foreign word or a single obscure sense"
honda,name,"name, brand or place; not a common noun"
exotic,adj,adjective; the noun sense is a nominalisation or a rarity
renewable,adj,adjective; the noun sense is a nominalisation or a rarity
transgender,adj,adjective; the noun sense is a nominalisation or a rarity
mins,noise,"not a usable common noun -- abbreviation, letter name, interjection, foreign word or a single obscure sense"
cuz,noise,"not a usable common noun -- abbreviation, letter name, interjection, foreign word or a single obscure sense"
resting,verb,verb or verb form; the noun sense is incidental
hon,noise,"not a usable common noun -- abbreviation, letter name, interjection, foreign word or a single obscure sense"
fu,noise,"not a usable common noun -- abbreviation, letter name, interjection, foreign word or a single obscure sense"
headphones,noun,ordinary common noun the dataset should have
lil,noise,"not a usable common noun -- abbreviation, letter name, interjection, foreign word or a single obscure sense"
maya,name,"name, brand or place; not a common noun"
mia,name,"name, brand or place; not a common noun"
underway,adj,adjective; the noun sense is a nominalisation or a rarity
parenting,noun,ordinary common noun the dataset should have
problematic,adj,adjective; the noun sense is a nominalisation or a rarity
mon,noise,"not a usable common noun -- abbreviation, letter name, interjection, foreign word or a single obscure sense"
midfielder,noun,ordinary common noun the dataset should have
covid,noun,ordinary common noun the dataset should have
lethal,adj,adjective; the noun sense is a nominalisation or a rarity
abs,noun,ordinary common noun the dataset should have
ot,noise,"not a usable common noun -- abbreviation, letter name, interjection, foreign word or a single obscure sense"
dee,noise,"not a usable common noun -- abbreviation, letter name, interjection, foreign word or a single obscure sense"
wendy,name,"name, brand or place; not a common noun"
cardiac,adj,adjective; the noun sense is a nominalisation or a rarity
diagnostic,adj,adjective; the noun sense is a nominalisation or a rarity
ge,noise,"not a usable common noun -- abbreviation, letter name, interjection, foreign word or a single obscure sense"
anglo,noise,"not a usable common noun -- abbreviation, letter name, interjection, foreign word or a single obscure sense"
wu,noise,"not a usable common noun -- abbreviation, letter name, interjection, foreign word or a single obscure sense"
fundraising,noun,ordinary common noun the dataset should have
reproductive,adj,adjective; the noun sense is a nominalisation or a rarity
northwestern,adj,adjective; the noun sense is a nominalisation or a rarity
gt,noise,"not a usable common noun -- abbreviation, letter name, interjection, foreign word or a single obscure sense"
rehab,noun,ordinary common noun the dataset should have
dom,noun,ordinary common noun the dataset should have
splitting,verb,verb or verb form; the noun sense is incidental
parental,adj,adjective; the noun sense is a nominalisation or a rarity
collaborative,adj,adjective; the noun sense is a nominalisation or a rarity
quo,noise,"not a usable common noun -- abbreviation, letter name, interjection, foreign word or a single obscure sense"
photoshop,name,"name, brand or place; not a common noun"
allergic,adj,adjective; the noun sense is a nominalisation or a rarity
analytics,noun,ordinary common noun the dataset should have
kai,noise,"not a usable common noun -- abbreviation, letter name, interjection, foreign word or a single obscure sense"
ou,noise,"not a usable common noun -- abbreviation, letter name, interjection, foreign word or a single obscure sense"
drowning,noun,ordinary common noun the dataset should have
prix,noise,"not a usable common noun -- abbreviation, letter name, interjection, foreign word or a single obscure sense"
username,noun,ordinary common noun the dataset should have
dunno,noise,"not a usable common noun -- abbreviation, letter name, interjection, foreign word or a single obscure sense"
minecraft,name,"name, brand or place; not a common noun"
tina,name,"name, brand or place; not a common noun"
alison,name,"name, brand or place; not a common noun"
selfie,noun,ordinary common noun the dataset should have
lib,noise,"not a usable common noun -- abbreviation, letter name, interjection, foreign word or a single obscure sense"
omar,name,"name, brand or place; not a common noun"
screenshot,noun,ordinary common noun the dataset should have
turbo,noun,ordinary common noun the dataset should have
einstein,name,"name, brand or place; not a common noun"
lionel,name,"name, brand or place; not a common noun"
ak,noise,"not a usable common noun -- abbreviation, letter name, interjection, foreign word or a single obscure sense"
ko,noise,"not a usable common noun -- abbreviation, letter name, interjection, foreign word or a single obscure sense"
stoke,verb,verb or verb form; the noun sense is incidental
grammy,name,"name, brand or place; not a common noun"
gloria,name,"name, brand or place; not a common noun"
gi,noun,ordinary common noun the dataset should have
steals,verb,verb or verb form; the noun sense is incidental
auburn,adj,adjective; the noun sense is a nominalisation or a rarity
bleed,verb,verb or verb form; the noun sense is incidental
ish,noise,"not a usable common noun -- abbreviation, letter name, interjection, foreign word or a single obscure sense"
blogging,noun,ordinary common noun the dataset should have
tri,noise,"not a usable common noun -- abbreviation, letter name, interjection, foreign word or a single obscure sense"
abnormal,adj,adjective; the noun sense is a nominalisation or a rarity
ned,name,"name, brand or place; not a common noun"
fest,noun,ordinary common noun the dataset should have
eco,adj,adjective; the noun sense is a nominalisation or a rarity
brock,name,"name, brand or place; not a common noun"
val,name,"name, brand or place; not a common noun"
vera,name,"name, brand or place; not a common noun"
irene,name,"name, brand or place; not a common noun"
ja,noise,"not a usable common noun -- abbreviation, letter name, interjection, foreign word or a single obscure sense"
cha,noise,"not a usable common noun -- abbreviation, letter name, interjection, foreign word or a single obscure sense"
premature,adj,adjective; the noun sense is a nominalisation or a rarity
corey,name,"name, brand or place; not a common noun"
ri,noise,"not a usable common noun -- abbreviation, letter name, interjection, foreign word or a single obscure sense"
invasive,adj,adjective; the noun sense is a nominalisation or a rarity
reg,noise,"not a usable common noun -- abbreviation, letter name, interjection, foreign word or a single obscure sense"
zhang,name,"name, brand or place; not a common noun"
durable,adj,adjective; the noun sense is a nominalisation or a rarity
wong,name,"name, brand or place; not a common noun"
holt,noun,ordinary common noun the dataset should have
mormon,name,"name, brand or place; not a common noun"
dammit,noise,"not a usable common noun -- abbreviation, letter name, interjection, foreign word or a single obscure sense"
alas,noise,"not a usable common noun -- abbreviation, letter name, interjection, foreign word or a single obscure sense"
rodney,name,"name, brand or place; not a common noun"
susceptible,adj,adjective; the noun sense is a nominalisation or a rarity
bonnie,name,"name, brand or place; not a common noun"
theo,name,"name, brand or place; not a common noun"
provisional,adj,adjective; the noun sense is a nominalisation or a rarity
storytelling,noun,ordinary common noun the dataset should have
eng,noise,"not a usable common noun -- abbreviation, letter name, interjection, foreign word or a single obscure sense"
aston,name,"name, brand or place; not a common noun"
immature,adj,adjective; the noun sense is a nominalisation or a rarity
blockchain,noun,ordinary common noun the dataset should have
zoe,name,"name, brand or place; not a common noun"
dang,noise,"not a usable common noun -- abbreviation, letter name, interjection, foreign word or a single obscure sense"
jessie,name,"name, brand or place; not a common noun"
forex,noun,ordinary common noun the dataset should have
goodnight,noise,"not a usable common noun -- abbreviation, letter name, interjection, foreign word or a single obscure sense"
poly,noise,"not a usable common noun -- abbreviation, letter name, interjection, foreign word or a single obscure sense"
inactive,adj,adjective; the noun sense is a nominalisation or a rarity
lana,name,"name, brand or place; not a common noun"
bing,name,"name, brand or place; not a common noun"
drastic,adj,adjective; the noun sense is a nominalisation or a rarity
bipolar,adj,adjective; the noun sense is a nominalisation or a rarity
doo,noise,"not a usable common noun -- abbreviation, letter name, interjection, foreign word or a single obscure sense"
alpine,adj,adjective; the noun sense is a nominalisation or a rarity
restructuring,noun,ordinary common noun the dataset should have
rudy,name,"name, brand or place; not a common noun"
wiki,noun,ordinary common noun the dataset should have
sammy,name,"name, brand or place; not a common noun"
dexter,name,"name, brand or place; not a common noun"
isolate,verb,verb or verb form; the noun sense is incidental
conditional,adj,adjective; the noun sense is a nominalisation or a rarity
orbital,noun,ordinary common noun the dataset should have
benz,name,"name, brand or place; not a common noun"
lobbying,noun,ordinary common noun the dataset should have
gina,name,"name, brand or place; not a common noun"
socio,noise,"not a usable common noun -- abbreviation, letter name, interjection, foreign word or a single obscure sense"
electro,noise,"not a usable common noun -- abbreviation, letter name, interjection, foreign word or a single obscure sense"
stabbing,noun,ordinary common noun the dataset should have
bae,noise,"not a usable common noun -- abbreviation, letter name, interjection, foreign word or a single obscure sense"
gimme,noise,"not a usable common noun -- abbreviation, letter name, interjection, foreign word or a single obscure sense"
alma,noise,"not a usable common noun -- abbreviation, letter name, interjection, foreign word or a single obscure sense"
stokes,noun,a real unit of kinematic viscosity; also the plural of stoke
defective,adj,adjective; the noun sense is a nominalisation or a rarity
intuitive,adj,adjective; the noun sense is a nominalisation or a rarity
isabel,name,"name, brand or place; not a common noun"
sid,name,"name, brand or place; not a common noun"
ju,noise,"not a usable common noun -- abbreviation, letter name, interjection, foreign word or a single obscure sense"
peggy,name,"name, brand or place; not a common noun"
adidas,name,"name, brand or place; not a common noun"
entrepreneurship,noun,ordinary common noun the dataset should have
overdose,noun,ordinary common noun the dataset should have
dwell,noise,"not a usable common noun -- abbreviation, letter name, interjection, foreign word or a single obscure sense"
oo,noise,"not a usable common noun -- abbreviation, letter name, interjection, foreign word or a single obscure sense"
superficial,adj,adjective; the noun sense is a nominalisation or a rarity
baxter,name,"name, brand or place; not a common noun"
barbie,name,"name, brand or place; not a common noun"
sheila,name,"name, brand or place; not a common noun"
zack,name,"name, brand or place; not a common noun"
tipping,verb,verb or verb form; the noun sense is incidental
multinational,noun,ordinary common noun the dataset should have
indy,name,"name, brand or place; not a common noun"
mal,noise,"not a usable common noun -- abbreviation, letter name, interjection, foreign word or a single obscure sense"
kara,name,"name, brand or place; not a common noun"
labeling,verb,verb or verb form; the noun sense is incidental
detrimental,adj,adjective; the noun sense is a nominalisation or a rarity
om,noise,"not a usable common noun -- abbreviation, letter name, interjection, foreign word or a single obscure sense"
onboard,noise,"not a usable common noun -- abbreviation, letter name, interjection, foreign word or a single obscure sense"
cory,name,"name, brand or place; not a common noun"
yah,noise,"not a usable common noun -- abbreviation, letter name, interjection, foreign word or a single obscure sense"
yummy,adj,adjective; the noun sense is a nominalisation or a rarity
aforementioned,adj,adjective; the noun sense is a nominalisation or a rarity
reboot,noun,ordinary common noun the dataset should have
nana,noise,"not a usable common noun -- abbreviation, letter name, interjection, foreign word or a single obscure sense"
descriptive,adj,adjective; the noun sense is a nominalisation or a rarity
ming,noise,"not a usable common noun -- abbreviation, letter name, interjection, foreign word or a single obscure sense"
casa,noise,"not a usable common noun -- abbreviation, letter name, interjection, foreign word or a single obscure sense"
medicinal,adj,adjective; the noun sense is a nominalisation or a rarity
ci,noise,"not a usable common noun -- abbreviation, letter name, interjection, foreign word or a single obscure sense"
clint,noise,"not a usable common noun -- abbreviation, letter name, interjection, foreign word or a single obscure sense"
knowledgeable,adj,adjective; the noun sense is a nominalisation or a rarity
joanna,name,"name, brand or place; not a common noun"
kensington,name,"name, brand or place; not a common noun"
vita,noise,"not a usable common noun -- abbreviation, letter name, interjection, foreign word or a single obscure sense"
delusional,adj,adjective; the noun sense is a nominalisation or a rarity
bauer,name,"name, brand or place; not a common noun"
inbox,noun,ordinary common noun the dataset should have
cecil,name,"name, brand or place; not a common noun"
breastfeeding,noun,ordinary common noun the dataset should have
homophobic,adj,adjective; the noun sense is a nominalisation or a rarity
faa,noise,"not a usable common noun -- abbreviation, letter name, interjection, foreign word or a single obscure sense"
foley,name,"name, brand or place; not a common noun"
manny,name,"name, brand or place; not a common noun"
lex,noise,"not a usable common noun -- abbreviation, letter name, interjection, foreign word or a single obscure sense"
tai,noise,"not a usable common noun -- abbreviation, letter name, interjection, foreign word or a single obscure sense"
reese,name,"name, brand or place; not a common noun"
scotia,name,"name, brand or place; not a common noun"
login,noun,ordinary common noun the dataset should have
patel,name,"name, brand or place; not a common noun"
radiant,adj,adjective; the noun sense is a nominalisation or a rarity
becker,name,"name, brand or place; not a common noun"
incompatible,adj,adjective; the noun sense is a nominalisation or a rarity
ufo,noise,"not a usable common noun -- abbreviation, letter name, interjection, foreign word or a single obscure sense"
sublime,adj,adjective; the noun sense is a nominalisation or a rarity
naruto,name,"name, brand or place; not a common noun"
noir,adj,adjective; the noun sense is a nominalisation or a rarity
intrinsic,adj,adjective; the noun sense is a nominalisation or a rarity
ibn,noise,"not a usable common noun -- abbreviation, letter name, interjection, foreign word or a single obscure sense"
mata,name,"name, brand or place; not a common noun"
che,noise,"not a usable common noun -- abbreviation, letter name, interjection, foreign word or a single obscure sense"
ren,noise,"not a usable common noun -- abbreviation, letter name, interjection, foreign word or a single obscure sense"
mont,noise,"not a usable common noun -- abbreviation, letter name, interjection, foreign word or a single obscure sense"
postseason,noun,ordinary common noun the dataset should have
vt,noise,"not a usable common noun -- abbreviation, letter name, interjection, foreign word or a single obscure sense"
topical,adj,adjective; the noun sense is a nominalisation or a rarity
cervical,adj,adjective; the noun sense is a nominalisation or a rarity
indo,noise,"not a usable common noun -- abbreviation, letter name, interjection, foreign word or a single obscure sense"
adele,name,"name, brand or place; not a common noun"
lola,name,"name, brand or place; not a common noun"
dorsal,adj,adjective; the noun sense is a nominalisation or a rarity
aux,noise,"not a usable common noun -- abbreviation, letter name, interjection, foreign word or a single obscure sense"
sturdy,adj,adjective; the noun sense is a nominalisation or a rarity
groundwater,noun,ordinary common noun the dataset should have
wat,noise,"not a usable common noun -- abbreviation, letter name, interjection, foreign word or a single obscure sense"
haram,adj,adjective; the noun sense is a nominalisation or a rarity
autistic,adj,adjective; the noun sense is a nominalisation or a rarity
bleak,adj,adjective; the noun sense is a nominalisation or a rarity
cosplay,noun,ordinary common noun the dataset should have
fritz,noise,"not a usable common noun -- abbreviation, letter name, interjection, foreign word or a single obscure sense"
julio,name,"name, brand or place; not a common noun"
redesign,noun,ordinary common noun the dataset should have
bel,noise,"not a usable common noun -- abbreviation, letter name, interjection, foreign word or a single obscure sense"
wigan,name,"name, brand or place; not a common noun"
moto,noise,"not a usable common noun -- abbreviation, letter name, interjection, foreign word or a single obscure sense"
fishes,noise,"not a usable common noun -- abbreviation, letter name, interjection, foreign word or a single obscure sense"
levin,noise,"not a usable common noun -- abbreviation, letter name, interjection, foreign word or a single obscure sense"
madeleine,name,"name, brand or place; not a common noun"
desmond,name,"name, brand or place; not a common noun"
firefox,name,"name, brand or place; not a common noun"
dora,name,"name, brand or place; not a common noun"
paolo,name,"name, brand or place; not a common noun"
basal,adj,adjective; the noun sense is a nominalisation or a rarity
hoodie,noun,ordinary common noun the dataset should have
nic,noise,"not a usable common noun -- abbreviation, letter name, interjection, foreign word or a single obscure sense"
flushing,verb,verb or verb form; the noun sense is incidental
recharge,verb,verb or verb form; the noun sense is incidental
feng,noise,"not a usable common noun -- abbreviation, letter name, interjection, foreign word or a single obscure sense"
polly,name,"name, brand or place; not a common noun"
sharif,name,"name, brand or place; not a common noun"
fab,adj,adjective; the noun sense is a nominalisation or a rarity
od,noise,"not a usable common noun -- abbreviation, letter name, interjection, foreign word or a single obscure sense"
dino,noun,ordinary common noun the dataset should have
abigail,name,"name, brand or place; not a common noun"
zhou,noise,"not a usable common noun -- abbreviation, letter name, interjection, foreign word or a single obscure sense"
jang,noise,"not a usable common noun -- abbreviation, letter name, interjection, foreign word or a single obscure sense"
sequencing,noun,ordinary common noun the dataset should have
geez,noise,"not a usable common noun -- abbreviation, letter name, interjection, foreign word or a single obscure sense"
exemplary,adj,adjective; the noun sense is a nominalisation or a rarity
royale,noise,"not a usable common noun -- abbreviation, letter name, interjection, foreign word or a single obscure sense"
compile,verb,verb or verb form; the noun sense is incidental
ao,noise,"not a usable common noun -- abbreviation, letter name, interjection, foreign word or a single obscure sense"
gotcha,noise,"not a usable common noun -- abbreviation, letter name, interjection, foreign word or a single obscure sense"
mandy,name,"name, brand or place; not a common noun"
longitudinal,adj,adjective; the noun sense is a nominalisation or a rarity
catholicism,noun,ordinary common noun the dataset should have
div,noise,"not a usable common noun -- abbreviation, letter name, interjection, foreign word or a single obscure sense"
reuse,verb,verb or verb form; the noun sense is incidental
pelvic,adj,adjective; the noun sense is a nominalisation or a rarity
barlow,name,"name, brand or place; not a common noun"
payout,noun,ordinary common noun the dataset should have
santo,name,"name, brand or place; not a common noun"
hayward,name,"name, brand or place; not a common noun"
outsourcing,noun,ordinary common noun the dataset should have
avant,noise,"not a usable common noun -- abbreviation, letter name, interjection, foreign word or a single obscure sense"
spence,name,"name, brand or place; not a common noun"
synth,noun,ordinary common noun the dataset should have
webber,name,"name, brand or place; not a common noun"
byzantine,adj,adjective; the noun sense is a nominalisation or a rarity
ist,noise,"not a usable common noun -- abbreviation, letter name, interjection, foreign word or a single obscure sense"
rolex,name,"name, brand or place; not a common noun"
cybersecurity,noun,ordinary common noun the dataset should have
ramen,noun,ordinary common noun the dataset should have
psychedelic,noun,ordinary common noun the dataset should have
romero,name,"name, brand or place; not a common noun"
regal,adj,adjective; the noun sense is a nominalisation or a rarity
gon,noise,"not a usable common noun -- abbreviation, letter name, interjection, foreign word or a single obscure sense"
mixtape,noun,ordinary common noun the dataset should have
tyrone,name,"name, brand or place; not a common noun"
prima,adj,adjective; the noun sense is a nominalisation or a rarity
elon,name,"name, brand or place; not a common noun"
upstate,noun,ordinary common noun the dataset should have
devout,adj,adjective; the noun sense is a nominalisation or a rarity
jojo,name,"name, brand or place; not a common noun"
dod,noise,"not a usable common noun -- abbreviation, letter name, interjection, foreign word or a single obscure sense"
deficient,adj,adjective; the noun sense is a nominalisation or a rarity
xu,noise,"not a usable common noun -- abbreviation, letter name, interjection, foreign word or a single obscure sense"
anon,noun,ordinary common noun the dataset should have
aero,noun,ordinary common noun the dataset should have
serie,noise,"not a usable common noun -- abbreviation, letter name, interjection, foreign word or a single obscure sense"
opioid,noun,ordinary common noun the dataset should have
malignant,adj,adjective; the noun sense is a nominalisation or a rarity
glover,name,"name, brand or place; not a common noun"
brody,name,"name, brand or place; not a common noun"
hooper,name,"name, brand or place; not a common noun"
microbial,adj,adjective; the noun sense is a nominalisation or a rarity
ethel,name,"name, brand or place; not a common noun"
cutie,noun,ordinary common noun the dataset should have
measurable,adj,adjective; the noun sense is a nominalisation or a rarity
fil,noise,"not a usable common noun -- abbreviation, letter name, interjection, foreign word or a single obscure sense"
aromatic,adj,adjective; the noun sense is a nominalisation or a rarity
ent,noise,"not a usable common noun -- abbreviation, letter name, interjection, foreign word or a single obscure sense"
roche,name,"name, brand or place; not a common noun"
manic,adj,adjective; the noun sense is a nominalisation or a rarity
apa,name,"name, brand or place; not a common noun"
ceasefire,noun,ordinary common noun the dataset should have
primal,adj,adjective; the noun sense is a nominalisation or a rarity
winnie,name,"name, brand or place; not a common noun"
dar,name,"name, brand or place; not a common noun"
darcy,name,"name, brand or place; not a common noun"
eureka,name,"name, brand or place; not a common noun"
exec,noun,ordinary common noun the dataset should have
cor,noise,"not a usable common noun -- abbreviation, letter name, interjection, foreign word or a single obscure sense"
soc,noise,"not a usable common noun -- abbreviation, letter name, interjection, foreign word or a single obscure sense"
wakefield,name,"name, brand or place; not a common noun"
hurley,noun,ordinary common noun the dataset should have
smackdown,noun,ordinary common noun the dataset should have
myspace,name,"name, brand or place; not a common noun"
fg,noise,"not a usable common noun -- abbreviation, letter name, interjection, foreign word or a single obscure sense"
midtown,noun,ordinary common noun the dataset should have
kyrie,name,"name, brand or place; not a common noun"
sakura,name,"name, brand or place; not a common noun"
gillian,name,"name, brand or place; not a common noun"
taj,name,"name, brand or place; not a common noun"
xiao,name,"name, brand or place; not a common noun"
isabelle,name,"name, brand or place; not a common noun"
bubba,name,"name, brand or place; not a common noun"
maga,name,"name, brand or place; not a common noun"
ecommerce,noun,ordinary common noun the dataset should have
inaccessible,noise,"not a usable common noun -- abbreviation, letter name, interjection, foreign word or a single obscure sense"
pov,noise,"not a usable common noun -- abbreviation, letter name, interjection, foreign word or a single obscure sense"
ollie,name,"name, brand or place; not a common noun"
unequal,adj,adjective; the noun sense is a nominalisation or a rarity
rockstar,noun,ordinary common noun the dataset should have
lai,noise,"not a usable common noun -- abbreviation, letter name, interjection, foreign word or a single obscure sense"
coworker,noun,ordinary common noun the dataset should have
keyword,noun,ordinary common noun the dataset should have
boko,name,"name, brand or place; not a common noun"
chai,name,"name, brand or place; not a common noun"
narrower,noise,"not a usable common noun -- abbreviation, letter name, interjection, foreign word or a single obscure sense"
kart,noise,"not a usable common noun -- abbreviation, letter name, interjection, foreign word or a single obscure sense"
iggy,name,"name, brand or place; not a common noun"
ineligible,adj,adjective; the noun sense is a nominalisation or a rarity
removable,adj,adjective; the noun sense is a nominalisation or a rarity
crumble,verb,verb or verb form; the noun sense is incidental
colo,name,"name, brand or place; not a common noun"
archival,adj,adjective; the noun sense is a nominalisation or a rarity
waldo,name,"name, brand or place; not a common noun"
diablo,name,"name, brand or place; not a common noun"
interchangeable,adj,adjective; the noun sense is a nominalisation or a rarity
standout,noun,ordinary common noun the dataset should have
scot,name,"name, brand or place; not a common noun"
ef,noise,"not a usable common noun -- abbreviation, letter name, interjection, foreign word or a single obscure sense"
choo,noise,"not a usable common noun -- abbreviation, letter name, interjection, foreign word or a single obscure sense"
qu,noise,"not a usable common noun -- abbreviation, letter name, interjection, foreign word or a single obscure sense"
tac,noise,"not a usable common noun -- abbreviation, letter name, interjection, foreign word or a single obscure sense"
prem,noise,"not a usable common noun -- abbreviation, letter name, interjection, foreign word or a single obscure sense"
dai,noise,"not a usable common noun -- abbreviation, letter name, interjection, foreign word or a single obscure sense"
sig,noise,"not a usable common noun -- abbreviation, letter name, interjection, foreign word or a single obscure sense"
impulsive,adj,adjective; the noun sense is a nominalisation or a rarity
hodge,noise,"not a usable common noun -- abbreviation, letter name, interjection, foreign word or a single obscure sense"
kun,noise,"not a usable common noun -- abbreviation, letter name, interjection, foreign word or a single obscure sense"
holloway,noise,"not a usable common noun -- abbreviation, letter name, interjection, foreign word or a single obscure sense"
ubuntu,noise,"not a usable common noun -- abbreviation, letter name, interjection, foreign word or a single obscure sense"
sai,noise,"not a usable common noun -- abbreviation, letter name, interjection, foreign word or a single obscure sense"
parasitic,adj,adjective; the noun sense is a nominalisation or a rarity
petra,noise,"not a usable common noun -- abbreviation, letter name, interjection, foreign word or a single obscure sense"
petit,adj,adjective; the noun sense is a nominalisation or a rarity
borg,noise,"not a usable common noun -- abbreviation, letter name, interjection, foreign word or a single obscure sense"
coli,noise,"not a usable common noun -- abbreviation, letter name, interjection, foreign word or a single obscure sense"
whaling,noun,ordinary common noun the dataset should have
shorty,noise,"not a usable common noun -- abbreviation, letter name, interjection, foreign word or a single obscure sense"
worldview,noun,ordinary common noun the dataset should have
dex,noise,"not a usable common noun -- abbreviation, letter name, interjection, foreign word or a single obscure sense"
homie,noun,ordinary common noun the dataset should have
kodak,noise,"not a usable common noun -- abbreviation, letter name, interjection, foreign word or a single obscure sense"
nav,noise,"not a usable common noun -- abbreviation, letter name, interjection, foreign word or a single obscure sense"
maddie,name,"name, brand or place; not a common noun"
sundance,name,"name, brand or place; not a common noun"
rai,noise,"not a usable common noun -- abbreviation, letter name, interjection, foreign word or a single obscure sense"
sylvester,name,"name, brand or place; not a common noun"
sama,name,"name, brand or place; not a common noun"
slade,name,"name, brand or place; not a common noun"
inflatable,noun,ordinary common noun the dataset should have
infiltrate,verb,verb or verb form; the noun sense is incidental
webinar,noun,ordinary common noun the dataset should have
arterial,adj,adjective; the noun sense is a nominalisation or a rarity
customization,noun,ordinary common noun the dataset should have
triathlon,noun,ordinary common noun the dataset should have
manipulative,adj,adjective; the noun sense is a nominalisation or a rarity
donny,name,"name, brand or place; not a common noun"
shen,noise,"not a usable common noun -- abbreviation, letter name, interjection, foreign word or a single obscure sense"
intolerant,adj,adjective; the noun sense is a nominalisation or a rarity
mendoza,name,"name, brand or place; not a common noun"
rewind,noun,ordinary common noun the dataset should have
recon,noun,ordinary common noun the dataset should have
emo,noun,ordinary common noun the dataset should have
cong,noise,"not a usable common noun -- abbreviation, letter name, interjection, foreign word or a single obscure sense"
loc,noise,"not a usable common noun -- abbreviation, letter name, interjection, foreign word or a single obscure sense"
powerpoint,noun,ordinary common noun the dataset should have
nevermind,noise,"not a usable common noun -- abbreviation, letter name, interjection, foreign word or a single obscure sense"
brewster,name,"name, brand or place; not a common noun"
reopening,verb,verb or verb form; the noun sense is incidental
toro,noise,"not a usable common noun -- abbreviation, letter name, interjection, foreign word or a single obscure sense"
ryu,noise,"not a usable common noun -- abbreviation, letter name, interjection, foreign word or a single obscure sense"
proto,adj,adjective; the noun sense is a nominalisation or a rarity
nitro,noun,ordinary common noun the dataset should have
glam,adj,adjective; the noun sense is a nominalisation or a rarity
girly,adj,adjective; the noun sense is a nominalisation or a rarity
mam,noise,"not a usable common noun -- abbreviation, letter name, interjection, foreign word or a single obscure sense"
filmmaking,noun,ordinary common noun the dataset should have
bain,noise,"not a usable common noun -- abbreviation, letter name, interjection, foreign word or a single obscure sense"
warcraft,noise,"not a usable common noun -- abbreviation, letter name, interjection, foreign word or a single obscure sense"
scully,name,"name, brand or place; not a common noun"
inorganic,adj,adjective; the noun sense is a nominalisation or a rarity
droid,noun,ordinary common noun the dataset should have
sega,name,"name, brand or place; not a common noun"
kiddo,noun,ordinary common noun the dataset should have
prosthetic,noun,ordinary common noun the dataset should have
merch,noun,ordinary common noun the dataset should have
ich,noise,"not a usable common noun -- abbreviation, letter name, interjection, foreign word or a single obscure sense"
hentai,noun,ordinary common noun the dataset should have
whopping,adj,adjective; the noun sense is a nominalisation or a rarity
att,noise,"not a usable common noun -- abbreviation, letter name, interjection, foreign word or a single obscure sense"
thingy,noun,ordinary common noun the dataset should have
medial,adj,adjective; the noun sense is a nominalisation or a rarity
ras,noise,"not a usable common noun -- abbreviation, letter name, interjection, foreign word or a single obscure sense"
reusable,noun,ordinary common noun the dataset should have
elliptical,noun,ordinary common noun the dataset should have
kira,name,"name, brand or place; not a common noun"
probing,verb,verb or verb form; the noun sense is incidental
eth,noise,"not a usable common noun -- abbreviation, letter name, interjection, foreign word or a single obscure sense"
biochemical,adj,adjective; the noun sense is a nominalisation or a rarity
hui,noise,"not a usable common noun -- abbreviation, letter name, interjection, foreign word or a single obscure sense"
seeding,verb,verb or verb form; the noun sense is incidental
timeout,noun,ordinary common noun the dataset should have
croydon,name,"name, brand or place; not a common noun"
rin,noise,"not a usable common noun -- abbreviation, letter name, interjection, foreign word or a single obscure sense"
peng,noise,"not a usable common noun -- abbreviation, letter name, interjection, foreign word or a single obscure sense"
permissible,adj,adjective; the noun sense is a nominalisation or a rarity
rohan,name,"name, brand or place; not a common noun"
bundy,name,"name, brand or place; not a common noun"
mahal,name,"name, brand or place; not a common noun"
rancho,noise,"not a usable common noun -- abbreviation, letter name, interjection, foreign word or a single obscure sense"
gatsby,name,"name, brand or place; not a common noun"
spiderman,name,"name, brand or place; not a common noun"
patti,name,"name, brand or place; not a common noun"
redo,verb,verb or verb form; the noun sense is incidental
milking,noun,ordinary common noun the dataset should have
johannes,name,"name, brand or place; not a common noun"
songwriting,noun,ordinary common noun the dataset should have
prequel,noun,ordinary common noun the dataset should have
livin,noise,"not a usable common noun -- abbreviation, letter name, interjection, foreign word or a single obscure sense"
henley,noun,ordinary common noun the dataset should have
baseman,noun,ordinary common noun the dataset should have
brainer,noise,"not a usable common noun -- abbreviation, letter name, interjection, foreign word or a single obscure sense"
femme,noun,ordinary common noun the dataset should have
derry,name,"name, brand or place; not a common noun"
agreeable,adj,adjective; the noun sense is a nominalisation or a rarity
playa,noun,ordinary common noun the dataset should have
conte,name,"name, brand or place; not a common noun"
jody,name,"name, brand or place; not a common noun"
picard,name,"name, brand or place; not a common noun"
prepping,verb,verb or verb form; the noun sense is incidental
gaston,name,"name, brand or place; not a common noun"
transnational,adj,adjective; the noun sense is a nominalisation or a rarity
basque,noise,"not a usable common noun -- abbreviation, letter name, interjection, foreign word or a single obscure sense"
improv,noun,ordinary common noun the dataset should have
tamara,name,"name, brand or place; not a common noun"
bai,noise,"not a usable common noun -- abbreviation, letter name, interjection, foreign word or a single obscure sense"
asher,name,"name, brand or place; not a common noun"
cowan,name,"name, brand or place; not a common noun"
exploratory,adj,adjective; the noun sense is a nominalisation or a rarity
avi,name,"name, brand or place; not a common noun"
meetup,noun,ordinary common noun the dataset should have
motorsport,noun,ordinary common noun the dataset should have
flammable,adj,adjective; the noun sense is a nominalisation or a rarity
amin,name,"name, brand or place; not a common noun"
cosmo,name,"name, brand or place; not a common noun"
wildcard,noun,ordinary common noun the dataset should have
chakra,noun,ordinary common noun the dataset should have
concordia,name,"name, brand or place; not a common noun"
guido,name,"name, brand or place; not a common noun"
darby,name,"name, brand or place; not a common noun"
salle,name,"name, brand or place; not a common noun"
nelly,name,"name, brand or place; not a common noun"
prenatal,adj,adjective; the noun sense is a nominalisation or a rarity
kano,name,"name, brand or place; not a common noun"
greenfield,adj,adjective; the noun sense is a nominalisation or a rarity
cheerleading,noun,ordinary common noun the dataset should have
bailout,noun,ordinary common noun the dataset should have
affordability,noun,ordinary common noun the dataset should have
motherboard,noun,ordinary common noun the dataset should have
remodeling,noun,ordinary common noun the dataset should have
gayle,name,"name, brand or place; not a common noun"
overarching,adj,adjective; the noun sense is a nominalisation or a rarity
oof,noise,"not a usable common noun -- abbreviation, letter name, interjection, foreign word or a single obscure sense"
burnout,noun,ordinary common noun the dataset should have
footy,noun,ordinary common noun the dataset should have
rollercoaster,noun,ordinary common noun the dataset should have
coz,noise,"not a usable common noun -- abbreviation, letter name, interjection, foreign word or a single obscure sense"
toto,name,"name, brand or place; not a common noun"
taser,noun,ordinary common noun the dataset should have
samaritan,noun,ordinary common noun the dataset should have
prog,noun,ordinary common noun the dataset should have
unsustainable,adj,adjective; the noun sense is a nominalisation or a rarity
jus,noun,ordinary common noun the dataset should have
sedentary,adj,adjective; the noun sense is a nominalisation or a rarity
ment,noise,"not a usable common noun -- abbreviation, letter name, interjection, foreign word or a single obscure sense"
avian,noun,ordinary common noun the dataset should have
fave,noun,ordinary common noun the dataset should have
tay,name,"name, brand or place; not a common noun"
ide,noise,"not a usable common noun -- abbreviation, letter name, interjection, foreign word or a single obscure sense"
kei,name,"name, brand or place; not a common noun"
backstory,noun,ordinary common noun the dataset should have
diss,noun,ordinary common noun the dataset should have
supergirl,name,"name, brand or place; not a common noun"
ville,name,"name, brand or place; not a common noun"
resonant,adj,adjective; the noun sense is a nominalisation or a rarity
bao,noun,ordinary common noun the dataset should have
templar,adj,adjective; the noun sense is a nominalisation or a rarity
ext,noise,"not a usable common noun -- abbreviation, letter name, interjection, foreign word or a single obscure sense"
goldie,name,"name, brand or place; not a common noun"
bal,name,"name, brand or place; not a common noun"
skywalker,name,"name, brand or place; not a common noun"
sho,noise,"not a usable common noun -- abbreviation, letter name, interjection, foreign word or a single obscure sense"
bhai,name,"name, brand or place; not a common noun"
viewership,noun,ordinary common noun the dataset should have
hof,name,"name, brand or place; not a common noun"
liang,noise,"not a usable common noun -- abbreviation, letter name, interjection, foreign word or a single obscure sense"
coa,name,"name, brand or place; not a common noun"
atypical,adj,adjective; the noun sense is a nominalisation or a rarity
qing,name,"name, brand or place; not a common noun"
rei,name,"name, brand or place; not a common noun"
txt,noise,"not a usable common noun -- abbreviation, letter name, interjection, foreign word or a single obscure sense"
bavarian,name,"name, brand or place; not a common noun"
smurf,noun,ordinary common noun the dataset should have
zhu,name,"name, brand or place; not a common noun"
uva,name,"name, brand or place; not a common noun"
alta,name,"name, brand or place; not a common noun"
stinky,adj,adjective; the noun sense is a nominalisation or a rarity
wynn,name,"name, brand or place; not a common noun"
mig,noise,"not a usable common noun -- abbreviation, letter name, interjection, foreign word or a single obscure sense"
bree,name,"name, brand or place; not a common noun"
mora,noun,ordinary common noun the dataset should have
tellin,noise,"not a usable common noun -- abbreviation, letter name, interjection, foreign word or a single obscure sense"
bora,name,"name, brand or place; not a common noun"
univ,noise,"not a usable common noun -- abbreviation, letter name, interjection, foreign word or a single obscure sense"
gundam,name,"name, brand or place; not a common noun"
observable,noun,ordinary common noun the dataset should have
ott,noise,"not a usable common noun -- abbreviation, letter name, interjection, foreign word or a single obscure sense"
ita,name,"name, brand or place; not a common noun"
plenary,noun,ordinary common noun the dataset should have
dropbox,noun,ordinary common noun the dataset should have
pao,name,"name, brand or place; not a common noun"
jodi,name,"name, brand or place; not a common noun"
sensei,noun,ordinary common noun the dataset should have
audiobook,noun,ordinary common noun the dataset should have
eo,name,"name, brand or place; not a common noun"
alf,name,"name, brand or place; not a common noun"
sabha,noun,ordinary common noun the dataset should have
pell,noise,"not a usable common noun -- abbreviation, letter name, interjection, foreign word or a single obscure sense"
hyung,name,"name, brand or place; not a common noun"
hurst,noun,ordinary common noun the dataset should have
glock,noise,"not a usable common noun -- abbreviation, letter name, interjection, foreign word or a single obscure sense"
mindy,name,"name, brand or place; not a common noun"
clancy,name,"name, brand or place; not a common noun"
tra,name,"name, brand or place; not a common noun"
tiki,noun,ordinary common noun the dataset should have
harman,name,"name, brand or place; not a common noun"
symptomatic,adj,adjective; the noun sense is a nominalisation or a rarity
leaderboard,noun,ordinary common noun the dataset should have
za,noise,"not a usable common noun -- abbreviation, letter name, interjection, foreign word or a single obscure sense"
pinot,noun,ordinary common noun the dataset should have
dispensing,verb,verb or verb form; the noun sense is incidental
lumbar,noun,ordinary common noun the dataset should have
melrose,name,"name, brand or place; not a common noun"
bafta,name,"name, brand or place; not a common noun"
ger,name,"name, brand or place; not a common noun"
maneuvering,verb,verb or verb form; the noun sense is incidental
robo,noun,ordinary common noun the dataset should have
miniseries,noun,ordinary common noun the dataset should have
enoch,name,"name, brand or place; not a common noun"
fra,name,"name, brand or place; not a common noun"
cate,name,"name, brand or place; not a common noun"
bollocks,noun,ordinary common noun the dataset should have
enfield,name,"name, brand or place; not a common noun"
kendra,name,"name, brand or place; not a common noun"
retrograde,noise,"not a usable common noun -- abbreviation, letter name, interjection, foreign word or a single obscure sense"
pitbull,noun,ordinary common noun the dataset should have
statehood,noun,ordinary common noun the dataset should have
kiki,name,"name, brand or place; not a common noun"
blushing,verb,verb or verb form; the noun sense is incidental
omni,noise,"not a usable common noun -- abbreviation, letter name, interjection, foreign word or a single obscure sense"
oda,name,"name, brand or place; not a common noun"
capping,noise,"not a usable common noun -- abbreviation, letter name, interjection, foreign word or a single obscure sense"
dolce,name,"name, brand or place; not a common noun"
silverman,name,"name, brand or place; not a common noun"
frau,noun,ordinary common noun the dataset should have
infographic,noun,ordinary common noun the dataset should have
exclusivity,noun,ordinary common noun the dataset should have
morph,noun,ordinary common noun the dataset should have
mort,noun,ordinary common noun the dataset should have
nouveau,noise,"not a usable common noun -- abbreviation, letter name, interjection, foreign word or a single obscure sense"
gamergate,name,"name, brand or place; not a common noun"
stargate,name,"name, brand or place; not a common noun"
koi,noun,ordinary common noun the dataset should have
romano,noun,ordinary common noun the dataset should have
sie,name,"name, brand or place; not a common noun"
yuck,noun,ordinary common noun the dataset should have
huey,noun,ordinary common noun the dataset should have
linn,noun,ordinary common noun the dataset should have
rollout,noun,ordinary common noun the dataset should have
ancillary,noun,ordinary common noun the dataset should have
portman,name,"name, brand or place; not a common noun"
tagline,noun,ordinary common noun the dataset should have
mage,noun,ordinary common noun the dataset should have
incognito,noun,ordinary common noun the dataset should have
epi,noise,"not a usable common noun -- abbreviation, letter name, interjection, foreign word or a single obscure sense"
ventral,noun,ordinary common noun the dataset should have
serpentine,noun,ordinary common noun the dataset should have
townhouse,noun,ordinary common noun the dataset should have
kamal,name,"name, brand or place; not a common noun"
pico,name,"name, brand or place; not a common noun"
prasad,noun,ordinary common noun the dataset should have
lila,name,"name, brand or place; not a common noun"
ska,noun,ordinary common noun the dataset should have
qin,name,"name, brand or place; not a common noun"
woolly,noun,ordinary common noun the dataset should have
mmmm,noise,"not a usable common noun -- abbreviation, letter name, interjection, foreign word or a single obscure sense"
delia,name,"name, brand or place; not a common noun"
jackman,name,"name, brand or place; not a common noun"
kew,name,"name, brand or place; not a common noun"
jeanette,name,"name, brand or place; not a common noun"
monde,name,"name, brand or place; not a common noun"
ecu,name,"name, brand or place; not a common noun"
roscoe,name,"name, brand or place; not a common noun"
botanic,adj,adjective; the noun sense is a nominalisation or a rarity
covent,name,"name, brand or place; not a common noun"
rosetta,name,"name, brand or place; not a common noun"
horner,name,"name, brand or place; not a common noun"
dumbledore,name,"name, brand or place; not a common noun"
kirkland,name,"name, brand or place; not a common noun"
maud,name,"name, brand or place; not a common noun"
dearborn,name,"name, brand or place; not a common noun"
rambo,name,"name, brand or place; not a common noun"
rheumatoid,adj,adjective; the noun sense is a nominalisation or a rarity
vee,name,"name, brand or place; not a common noun"
unsubscribe,verb,verb or verb form; the noun sense is incidental
blondie,name,"name, brand or place; not a common noun"
biopic,noun,ordinary common noun the dataset should have
aftermarket,noun,ordinary common noun the dataset should have
preorder,noun,ordinary common noun the dataset should have
slaughtering,verb,verb or verb form; the noun sense is incidental
programmable,adj,adjective; the noun sense is a nominalisation or a rarity
ute,noun,ordinary common noun the dataset should have
russel,name,"name, brand or place; not a common noun"
multilingual,adj,adjective; the noun sense is a nominalisation or a rarity
ria,noun,ordinary common noun the dataset should have
inhaling,verb,verb or verb form; the noun sense is incidental
bowser,name,"name, brand or place; not a common noun"
tian,name,"name, brand or place; not a common noun"
luz,name,"name, brand or place; not a common noun"
parton,name,"name, brand or place; not a common noun"
margo,name,"name, brand or place; not a common noun"
gino,name,"name, brand or place; not a common noun"
jing,name,"name, brand or place; not a common noun"
pointe,name,"name, brand or place; not a common noun"
crocker,name,"name, brand or place; not a common noun"
phonetic,adj,adjective; the noun sense is a nominalisation or a rarity
barista,noun,ordinary common noun the dataset should have
soto,name,"name, brand or place; not a common noun"
graphene,noun,ordinary common noun the dataset should have
keto,noun,ordinary common noun the dataset should have
roadshow,noun,ordinary common noun the dataset should have
mee,name,"name, brand or place; not a common noun"
chia,noun,ordinary common noun the dataset should have
bello,name,"name, brand or place; not a common noun"
bor,name,"name, brand or place; not a common noun"
nailing,noise,"not a usable common noun -- abbreviation, letter name, interjection, foreign word or a single obscure sense"
hottie,noun,ordinary common noun the dataset should have
alameda,name,"name, brand or place; not a common noun"
wheaton,name,"name, brand or place; not a common noun"
piccadilly,name,"name, brand or place; not a common noun"
candace,name,"name, brand or place; not a common noun"
zak,name,"name, brand or place; not a common noun"
scala,noun,ordinary common noun the dataset should have
kush,noun,ordinary common noun the dataset should have
garvey,name,"name, brand or place; not a common noun"
momo,noun,ordinary common noun the dataset should have
inca,name,"name, brand or place; not a common noun"
glazing,noun,ordinary common noun the dataset should have
parma,name,"name, brand or place; not a common noun"
orc,noun,ordinary common noun the dataset should have
mun,name,"name, brand or place; not a common noun"
bobo,name,"name, brand or place; not a common noun"
numeric,adj,adjective; the noun sense is a nominalisation or a rarity
kanji,noun,ordinary common noun the dataset should have
spicer,name,"name, brand or place; not a common noun"
cdr,name,"name, brand or place; not a common noun"
moby,noise,"not a usable common noun -- abbreviation, letter name, interjection, foreign word or a single obscure sense"
pilates,noun,ordinary common noun the dataset should have
soleil,name,"name, brand or place; not a common noun"
banda,name,"name, brand or place; not a common noun"
corinne,name,"name, brand or place; not a common noun"
smartwatch,noun,ordinary common noun the dataset should have
fong,name,"name, brand or place; not a common noun"
shalom,name,"name, brand or place; not a common noun"
bab,name,"name, brand or place; not a common noun"
celeb,noun,ordinary common noun the dataset should have
westside,noun,ordinary common noun the dataset should have
yaya,name,"name, brand or place; not a common noun"
tania,name,"name, brand or place; not a common noun"
supercar,noun,ordinary common noun the dataset should have
embedding,noun,ordinary common noun the dataset should have
nola,name,"name, brand or place; not a common noun"
asymptomatic,noun,used as a noun for a person showing no symptoms
beastie,noun,an ordinary diminutive noun
bento,noun,a loanword long naturalised in English
biennale,noun,an ordinary noun for the exhibition
biometric,noun,a measured characteristic; a count noun
butthole,noun,vulgar but an ordinary count noun
chipset,noun,a compound noun the dataset lacked
collab,noun,the clipping is the ordinary form
commenter,noun,agent noun of comment
config,noun,the clipping is the ordinary form in computing
convo,noun,the clipping is the ordinary form
croc,noun,the clipping is the ordinary form
dancehall,noun,a hall and a music genre; an ordinary noun
dipshit,noun,vulgar but an ordinary count noun
douchebag,noun,vulgar but an ordinary count noun
eastside,noun,a compound noun the dataset lacked
eyewear,noun,a mass noun the dataset lacked
fanart,noun,a mass noun the dataset lacked
fuckery,noun,vulgar but an ordinary mass noun
futsal,noun,the ordinary name of the indoor game
gelato,noun,a loanword long naturalised in English
geriatric,noun,used as a noun for an old person
girlie,noun,the magazine; an ordinary noun
homeschool,noun,used as a noun as well as a verb
interstitial,noun,the advertising page; nominalised but ordinary
joshi,noun,a loanword used in English for the wrestling
katana,noun,a loanword long naturalised in English
kevlar,noun,a trade name that became the ordinary word for the fibre
keychain,noun,a compound noun the dataset lacked
kryptonite,noun,name-derived but an ordinary common noun for a weakness
licensure,noun,an ordinary noun of process
lightsaber,noun,a compound noun the dataset lacked
mecha,noun,the ordinary word for the giant robot genre
nitrous,noun,nominalised but the ordinary word for the gas
northside,noun,a compound noun the dataset lacked
okada,noun,the ordinary word for a motorcycle taxi
overthinking,verb,"the bare gerund of overthink: the act, not a thing"
passcode,noun,a compound noun the dataset lacked
phish,noun,a count noun in security use
photoshoot,noun,a compound noun the dataset lacked
punisher,noun,agent noun of punish
rebrand,noun,"a rebrand is a countable event, not only a verb"
receivable,noun,a debt owed; ordinary in accounting
redistricting,noun,"names the process, a count noun in political use"
refinancing,noun,names the loan as well as the act
resupply,noun,a countable act as well as a verb
ronin,noun,a loanword long naturalised in English
salesforce,noun,the solid spelling is ordinary in business use
sativa,noun,the ordinary name of the cannabis form
satoshi,noun,name-derived but the ordinary unit of bitcoin
setlist,noun,the list of songs a band plays; an ordinary compound noun
shemale,noun,offensive but an ordinary count noun in the sources
shitload,noun,vulgar but an ordinary count noun
southside,noun,a compound noun the dataset lacked
stormwater,noun,a mass noun the dataset lacked
treehouse,noun,a compound noun the dataset lacked
twerking,noun,"names the dance, not only the act"
uninstall,noun,"the process, a count noun in computing"
vidya,noun,slang but an ordinary mass noun
walkie,noun,the clipping is the ordinary form
walkthrough,noun,a compound noun the dataset lacked
woodhouse,noun,a shed for wood; an ordinary compound
airsoft,noun,the ordinary name of the sport
americano,noun,the ordinary name of the drink
batshit,noun,vulgar but an ordinary mass noun
bestie,noun,an ordinary count noun
bioavailability,noun,an ordinary noun of quality
biodiesel,noun,an ordinary mass noun
bitrate,noun,a compound noun the dataset lacked
blindside,noun,a count noun as well as a verb
blogosphere,noun,an ordinary mass noun
blotting,verb,"the bare gerund of an ordinary verb: the act, not a thing"
bogan,noun,an ordinary count noun in Australian use
bolognese,noun,the ordinary name of the sauce
cabbie,noun,the clipping is the ordinary form
chaining,verb,"the bare gerund of an ordinary verb: the act, not a thing"
chibi,noun,a loanword used in English
codec,noun,an ordinary technical common noun
cumshot,noun,vulgar but an ordinary count noun
cussing,verb,"the bare gerund of an ordinary verb: the act, not a thing"
decrypt,noun,a count noun as well as a verb
docklands,noun,an ordinary noun for the area
embalming,verb,"the bare gerund of an ordinary verb: the act, not a thing"
fibromyalgia,noun,an ordinary name of a condition
fisting,noun,vulgar but names the practice
flipside,noun,a compound noun the dataset lacked
foldable,noun,nominalised but ordinary for the device
foodservice,noun,the solid spelling is ordinary in the trade
freefall,noun,the solid spelling is ordinary
gameday,noun,a compound noun the dataset lacked
gangbang,noun,vulgar but an ordinary count noun
geist,noun,an ordinary loan noun
geoscience,noun,an ordinary field name
glyphosate,noun,the ordinary name of the herbicide
goalscoring,verb,"the bare gerund of an ordinary verb: the act, not a thing"
gouda,noun,name-derived but the ordinary name of the cheese
grandstanding,noun,"names the behaviour, not only the act"
hammam,noun,a loanword long used in English
headbutt,noun,a count noun as well as a verb
interfacing,noun,"names the fabric, not the act"
kaiju,noun,a loanword naturalised in English
kawaii,noun,a loanword used as a mass noun
kratom,noun,the ordinary name of the plant
kundalini,noun,a loanword long used in English
lionheart,noun,an ordinary count noun
majlis,noun,a loanword long used in English
meowing,verb,"the bare gerund of an ordinary verb: the act, not a thing"
metalcore,noun,the ordinary name of the genre
microbiota,noun,an ordinary term of biology
mojito,noun,the ordinary name of the cocktail
namespace,noun,an ordinary technical common noun
nanoscale,noun,an ordinary noun of scale
onesie,noun,an ordinary count noun
otaku,noun,a loanword naturalised in English
oxycodone,noun,the ordinary name of the drug
pathophysiology,noun,an ordinary field name
photonics,noun,a field name in -ics
playthrough,noun,a compound noun the dataset lacked
podcasting,noun,"names the practice, as backtracking does in the bioinformatics sheet"
powertrain,noun,a compound noun the dataset lacked
profiler,noun,agent noun of profile
rebooting,verb,"the bare gerund of an ordinary verb: the act, not a thing"
reimagining,noun,"names the remake, not only the act"
rereading,verb,"the bare gerund of an ordinary verb: the act, not a thing"
resto,noun,the clipping is the ordinary form
ridgeway,noun,a compound noun the dataset lacked
romancing,verb,"the bare gerund of an ordinary verb: the act, not a thing"
rulebook,noun,a compound noun the dataset lacked
shader,noun,an ordinary technical common noun
shinobi,noun,a loanword used in English
showrunner,noun,a compound noun the dataset lacked
skydive,noun,a count noun as well as a verb
snark,noun,an ordinary mass noun
sonics,noun,a field name in -ics
stormtrooper,noun,a compound noun the dataset lacked
streetwear,noun,an ordinary mass noun
struct,noun,an ordinary technical common noun
supercell,noun,an ordinary term of meteorology
suplex,noun,the ordinary name of the move
survivability,noun,an ordinary noun of quality
synthase,noun,an ordinary term of biochemistry
tulsi,noun,the ordinary name of the plant
undercard,noun,a compound noun the dataset lacked
wakeup,noun,a count noun as well as a verb
watchlist,noun,a compound noun the dataset lacked
wolfpack,noun,a compound noun the dataset lacked
zander,noun,the ordinary name of the fish
absentia,noise,"occurs only in the phrase ""in absentia"""
alban,noun,an ordinary chemical common noun
amicus,noun,ordinary in legal use
amiga,noun,a loanword used in English
baller,noun,the utensil and the slang sense are both nouns
billiard,noun,the shot; an ordinary count noun
birding,noun,"names the pastime, as backtracking does a technique"
bodhi,noun,a loanword long used in English
caron,noun,the ordinary name of the diacritic
chugging,verb,"the bare gerund of an ordinary verb: the act, not a thing"
clamping,verb,"the bare gerund of an ordinary verb: the act, not a thing"
coinbase,name,a company name
daffy,noun,an ordinary informal noun for the flower
dewar,noun,name-derived but the ordinary word for the flask
dosing,verb,"the bare gerund of an ordinary verb: the act, not a thing"
fenty,name,a brand name
ghani,noun,the ordinary name of the mill
gilda,noun,the ordinary name of the snack
glistening,verb,"the bare gerund of an ordinary verb: the act, not a thing"
gooch,noun,vulgar but an ordinary count noun
habeas,noise,"occurs only in ""habeas corpus"""
habib,noun,a loanword used in English
homeownership,noun,an ordinary noun of state
homeworld,noun,a compound noun the dataset lacked
indica,noun,"the ordinary name of the cannabis form, as sativa is"
jamaat,noun,a loanword used in English
kimura,noun,the ordinary name of the armlock
lycra,name,a trade name for the elastane fibre
mandi,noun,a loanword used in English
maulana,noun,a loanword used in English
millicent,noun,an ordinary unit noun
mongering,verb,"the bare gerund of an ordinary verb: the act, not a thing"
morin,noun,an ordinary chemical common noun
neverland,noun,name-derived but used as a common noun
nighter,noun,an ordinary agent noun
padma,noun,a loanword used in English
paloma,noun,the ordinary name of the cocktail
panning,verb,"the bare gerund of an ordinary verb: the act, not a thing"
patterning,verb,"the bare gerund of an ordinary verb: the act, not a thing"
petro,name,the name of a Venezuelan cryptocurrency
pulaski,noun,name-derived but the ordinary word for the tool
reposting,verb,"the bare gerund of an ordinary verb: the act, not a thing"
resetting,verb,"the bare gerund of an ordinary verb: the act, not a thing"
reshaping,verb,"the bare gerund of an ordinary verb: the act, not a thing"
rewatching,verb,"the bare gerund of an ordinary verb: the act, not a thing"
sauvignon,noun,the ordinary name of the grape and wine
schooler,noun,an ordinary agent noun
shaheen,noun,the ordinary name of the falcon
shaka,noun,the ordinary name of the gesture
sheng,noun,the ordinary name of the instrument
shiro,noun,the ordinary name of the stew
spitzer,noun,the ordinary name of the bullet
tattooing,verb,"the bare gerund of an ordinary verb: the act, not a thing"
thakur,noun,a loanword used in English
thorin,noun,an ordinary chemical common noun
tylenol,name,a trade name for paracetamol
uhuru,noun,a loanword used in English
unitarian,noun,"lowercase, an ordinary noun for a believer"
webcomic,noun,a compound noun the dataset lacked
wheezing,noun,"names the symptom, not only the act"
winnebago,name,a trade name used for a motorhome
wizarding,verb,"the bare gerund of an ordinary verb: the act, not a thing"
youngblood,noun,an ordinary compound noun
zorro,noun,the ordinary name of the animal
lutz,noun,a figure-skating jump from the back outside edge of one skate to the back outside edge of the other
yad,noun,a pointer used by a reader of the Torah to keep the place in the text
long,adj,adjective in practice; the noun sense is a nominalisation
oh,noise,interjection; the noun sense is an utterance of it
international,adj,adjective in practice; the noun sense is a nominalisation
federal,adj,adjective in practice; the noun sense is a nominalisation
wide,adj,adjective in practice; the noun sense is a nominalisation
illegal,adj,adjective in practice; the noun sense is a nominalisation
fail,verb,verb in practice; the noun sense is thin
municipal,adj,adjective in practice; the noun sense is a nominalisation
verbal,adj,adjective in practice; the noun sense is a nominalisation
tangible,adj,adjective in practice; the noun sense is a nominalisation
presto,noise,interjection; the noun sense is an utterance of it
mindedness,noise,"fragment, letter name, abbreviation or bound form -- not a word a player uses alone"
underweight,adj,adjective in practice; the noun sense is a nominalisation
yuk,noise,interjection; the noun sense is an utterance of it
ogle,verb,verb in practice; the noun sense is thin
cornflakes,noise,plural-only; the dataset is singular nouns
wham,noise,interjection; the noun sense is an utterance of it
bagpipes,noise,plural-only; the dataset is singular nouns
munchies,noise,plural-only; the dataset is singular nouns
golly,noise,interjection; the noun sense is an utterance of it
dreadlocks,noise,plural-only; the dataset is singular nouns
hallucinogenic,adj,adjective in practice; the noun sense is a nominalisation
sideburns,noise,plural-only; the dataset is singular nouns
baptist,name,"a name, brand, denomination or place far more often than the common noun"
noel,name,"a name, brand, denomination or place far more often than the common noun"
milf,noise,"fragment, letter name, abbreviation or bound form -- not a word a player uses alone"
pooh,noise,interjection; the noun sense is an utterance of it
wack,adj,adjective in practice; the noun sense is a nominalisation
occidental,adj,adjective in practice; the noun sense is a nominalisation
shipboard,adj,adjective in practice; the noun sense is a nominalisation
wacker,name,"a name, brand, denomination or place far more often than the common noun"
elegiac,adj,adjective in practice; the noun sense is a nominalisation
sequitur,noise,"fragment, letter name, abbreviation or bound form -- not a word a player uses alone"
hypoglycemic,adj,adjective in practice; the noun sense is a nominalisation
laze,verb,verb in practice; the noun sense is thin
ed,noise,"fragment, letter name, abbreviation or bound form -- not a word a player uses alone"
ted,name,"a name, brand, denomination or place far more often than the common noun"
dona,noise,"foreign word, dialect or single obscure sense"
tut,noise,interjection; the noun sense is an utterance of it
slimmer,adj,adjective in practice; the noun sense is a nominalisation
spousal,adj,adjective in practice; the noun sense is a nominalisation
cine,noise,"fragment, letter name, abbreviation or bound form -- not a word a player uses alone"
toasty,adj,adjective in practice; the noun sense is a nominalisation
theatrics,noise,plural-only; the dataset is singular nouns
dob,verb,verb in practice; the noun sense is thin
performative,adj,adjective in practice; the noun sense is a nominalisation
watchable,adj,adjective in practice; the noun sense is a nominalisation
huzzah,noise,interjection; the noun sense is an utterance of it
nowt,noise,"fragment, letter name, abbreviation or bound form -- not a word a player uses alone"
boohoo,noise,interjection; the noun sense is an utterance of it
widener,name,"a name, brand, denomination or place far more often than the common noun"
uptempo,adj,adjective in practice; the noun sense is a nominalisation
prepubescent,adj,adjective in practice; the noun sense is a nominalisation
schizo,noise,slur or vulgar label; not shown to a player
decennial,adj,adjective in practice; the noun sense is a nominalisation
landowning,adj,adjective in practice; the noun sense is a nominalisation
molluscan,adj,adjective in practice; the noun sense is a nominalisation
german,adj,adjective in practice; the noun sense is a nominalisation
carl,name,"a name, brand, denomination or place far more often than the common noun"
jo,name,"a name, brand, denomination or place far more often than the common noun"
burton,name,"a name, brand, denomination or place far more often than the common noun"
mel,name,"a name, brand, denomination or place far more often than the common noun"
barton,name,"a name, brand, denomination or place far more often than the common noun"
morse,name,"a name, brand, denomination or place far more often than the common noun"
hoo,noise,interjection; the noun sense is an utterance of it
garth,name,"a name, brand, denomination or place far more often than the common noun"
ami,noise,"fragment, letter name, abbreviation or bound form -- not a word a player uses alone"
bertha,name,"a name, brand, denomination or place far more often than the common noun"
dey,noise,"fragment, letter name, abbreviation or bound form -- not a word a player uses alone"
mong,noise,slur or vulgar label; not shown to a player
kamala,name,"a name, brand, denomination or place far more often than the common noun"
tranny,noise,slur or vulgar label; not shown to a player
diddy,noise,"foreign word, dialect or single obscure sense"
leno,name,"a name, brand, denomination or place far more often than the common noun"
didi,noise,"foreign word, dialect or single obscure sense"
birdman,name,"a name, brand, denomination or place far more often than the common noun"
libra,name,"a name, brand, denomination or place far more often than the common noun"
florentine,name,"a name, brand, denomination or place far more often than the common noun"
cabernet,name,"a name, brand, denomination or place far more often than the common noun"
campo,noise,"foreign word, dialect or single obscure sense"
ahold,noise,interjection; the noun sense is an utterance of it
aggie,name,"a name, brand, denomination or place far more often than the common noun"
laker,noise,"foreign word, dialect or single obscure sense"
liber,noise,"fragment, letter name, abbreviation or bound form -- not a word a player uses alone"
pelham,name,"a name, brand, denomination or place far more often than the common noun"
tana,noise,"foreign word, dialect or single obscure sense"
juba,name,"a name, brand, denomination or place far more often than the common noun"
abb,noise,"fragment, letter name, abbreviation or bound form -- not a word a player uses alone"
redux,adj,adjective in practice; the noun sense is a nominalisation
solano,name,"a name, brand, denomination or place far more often than the common noun"
pere,noise,"foreign word, dialect or single obscure sense"
baguio,name,"a name, brand, denomination or place far more often than the common noun"
gogo,name,"a name, brand, denomination or place far more often than the common noun"
sola,noise,"foreign word, dialect or single obscure sense"
tora,name,"a name, brand, denomination or place far more often than the common noun"
fico,noise,"foreign word, dialect or single obscure sense"
tilbury,name,"a name, brand, denomination or place far more often than the common noun"
montero,name,"a name, brand, denomination or place far more often than the common noun"
wildwood,name,"a name, brand, denomination or place far more often than the common noun"
kain,noise,"foreign word, dialect or single obscure sense"
esse,noise,"fragment, letter name, abbreviation or bound form -- not a word a player uses alone"
banc,name,"a name, brand, denomination or place far more often than the common noun"
odeon,name,"a name, brand, denomination or place far more often than the common noun"
frigging,noise,slur or vulgar label; not shown to a player
mise,noise,"foreign word, dialect or single obscure sense"
culpa,noise,"fragment, letter name, abbreviation or bound form -- not a word a player uses alone"
monteith,name,"a name, brand, denomination or place far more often than the common noun"
carling,noise,"foreign word, dialect or single obscure sense"
shipman,name,"a name, brand, denomination or place far more often than the common noun"
sambo,noise,slur or vulgar label; not shown to a player
barret,name,"a name, brand, denomination or place far more often than the common noun"
episcopalian,name,"a name, brand, denomination or place far more often than the common noun"
psychometric,adj,adjective in practice; the noun sense is a nominalisation
dato,noise,"foreign word, dialect or single obscure sense"
knickerbocker,name,"a name, brand, denomination or place far more often than the common noun"
selah,noise,interjection; the noun sense is an utterance of it
kudo,noise,"fragment, letter name, abbreviation or bound form -- not a word a player uses alone"
intelligencer,name,"a name, brand, denomination or place far more often than the common noun"
technic,adj,adjective in practice; the noun sense is a nominalisation
cutty,name,"a name, brand, denomination or place far more often than the common noun"
spaz,noise,slur or vulgar label; not shown to a player
souter,name,"a name, brand, denomination or place far more often than the common noun"
bibb,name,"a name, brand, denomination or place far more often than the common noun"
quod,noise,"foreign word, dialect or single obscure sense"
posada,name,"a name, brand, denomination or place far more often than the common noun"
erk,noise,interjection; the noun sense is an utterance of it
cablevision,name,"a name, brand, denomination or place far more often than the common noun"
gree,verb,verb in practice; the noun sense is thin
matin,adj,adjective in practice; the noun sense is a nominalisation
riverhead,name,"a name, brand, denomination or place far more often than the common noun"
aurum,noise,"fragment, letter name, abbreviation or bound form -- not a word a player uses alone"
feck,noise,"foreign word, dialect or single obscure sense"
robbin,noise,"foreign word, dialect or single obscure sense"
varia,noise,"foreign word, dialect or single obscure sense"
nudie,adj,adjective in practice; the noun sense is a nominalisation
tarnation,noise,interjection; the noun sense is an utterance of it
consol,noise,"fragment, letter name, abbreviation or bound form -- not a word a player uses alone"
embarcadero,name,"a name, brand, denomination or place far more often than the common noun"
jehu,noise,"foreign word, dialect or single obscure sense"
anta,name,"a name, brand, denomination or place far more often than the common noun"
jocko,noise,"foreign word, dialect or single obscure sense"
sike,noise,interjection; the noun sense is an utterance of it
mene,noise,"fragment, letter name, abbreviation or bound form -- not a word a player uses alone"
vav,noise,"fragment, letter name, abbreviation or bound form -- not a word a player uses alone"
preflight,adj,adjective in practice; the noun sense is a nominalisation
abraxas,noise,"foreign word, dialect or single obscure sense"
kanaka,noise,slur or vulgar label; not shown to a player
corder,name,"a name, brand, denomination or place far more often than the common noun"
objet,noise,"fragment, letter name, abbreviation or bound form -- not a word a player uses alone"
perdu,noise,"foreign word, dialect or single obscure sense"
maundy,noise,"fragment, letter name, abbreviation or bound form -- not a word a player uses alone"
presbyterianism,name,"a name, brand, denomination or place far more often than the common noun"
ravin,verb,verb in practice; the noun sense is thin
salop,noise,"foreign word, dialect or single obscure sense"
english,noise,"fragment, foreign word, interjection or single obscure sense"
arty,adj,adjective; the noun sense is a nominalisation
luxe,adj,adjective; the noun sense is a nominalisation
caloric,adj,adjective; the noun sense is a nominalisation
clem,noise,"fragment, foreign word, interjection or single obscure sense"
teleport,verb,verb; the noun sense is thin
sapiens,noise,"fragment, foreign word, interjection or single obscure sense"
obstructive,adj,adjective; the noun sense is a nominalisation
fantastical,adj,adjective; the noun sense is a nominalisation
arable,adj,adjective; the noun sense is a nominalisation
pent,adj,SCOWL and the corpus both call it an adjective; the noun sense is a nominalisation
hardline,adj,SCOWL and the corpus both call it an adjective; the noun sense is a nominalisation
transcendent,adj,adjective; the noun sense is a nominalisation
nitric,adj,adjective; the noun sense is a nominalisation
preset,noun,SCOWL files it as another part of speech; the noun sense is a word in its own right
rechargeable,noun,SCOWL files it as another part of speech; the noun sense is a word in its own right
replaceable,adj,adjective; the noun sense is a nominalisation
celiac,noun,SCOWL files it as another part of speech; the noun sense is a word in its own right
asexual,noun,SCOWL files it as another part of speech; the noun sense is a word in its own right
titular,adj,adjective; the noun sense is a nominalisation
inbred,noun,SCOWL files it as another part of speech; the noun sense is a word in its own right
psychopathic,adj,adjective; the noun sense is a nominalisation
doggo,noise,"fragment, foreign word, interjection or single obscure sense"
fem,noise,"fragment, foreign word, interjection or single obscure sense"
indeterminate,adj,adjective; the noun sense is a nominalisation
supp,noise,"fragment, foreign word, interjection or single obscure sense"
electrochemical,adj,adjective; the noun sense is a nominalisation
apical,adj,adjective; the noun sense is a nominalisation
searchable,adj,adjective; the noun sense is a nominalisation
hep,noise,"fragment, foreign word, interjection or single obscure sense"
claustrophobic,adj,adjective; the noun sense is a nominalisation
sparky,adj,adjective; the noun sense is a nominalisation
ult,noise,"fragment, foreign word, interjection or single obscure sense"
wonky,adj,adjective; the noun sense is a nominalisation
biodegradable,adj,adjective; the noun sense is a nominalisation
parametric,adj,adjective; the noun sense is a nominalisation
insoluble,adj,adjective; the noun sense is a nominalisation
psychoactive,adj,adjective; the noun sense is a nominalisation
breastfeed,verb,verb; the noun sense is thin
ess,noise,"fragment, foreign word, interjection or single obscure sense"
mercurial,adj,adjective; the noun sense is a nominalisation
prefrontal,adj,adjective; the noun sense is a nominalisation
citywide,adj,adjective; the noun sense is a nominalisation
vertebral,adj,adjective; the noun sense is a nominalisation
executable,noun,SCOWL files it as another part of speech; the noun sense is a word in its own right
gonzo,adj,adjective; the noun sense is a nominalisation
puny,adj,adjective; the noun sense is a nominalisation
dermal,adj,adjective; the noun sense is a nominalisation
phat,adj,adjective; the noun sense is a nominalisation
coaxial,adj,adjective; the noun sense is a nominalisation
uncool,adj,adjective; the noun sense is a nominalisation
tion,noise,"fragment, foreign word, interjection or single obscure sense"
onside,adj,adjective; the noun sense is a nominalisation
transgenic,noun,SCOWL files it as another part of speech; the noun sense is a word in its own right
caudal,adj,adjective; the noun sense is a nominalisation
inadmissible,adj,adjective; the noun sense is a nominalisation
dap,verb,verb; the noun sense is thin
unaffiliated,adj,adjective; the noun sense is a nominalisation
riparian,adj,adjective; the noun sense is a nominalisation
anemic,adj,adjective; the noun sense is a nominalisation
anabolic,adj,adjective; the noun sense is a nominalisation
preterm,adj,adjective; the noun sense is a nominalisation
crump,verb,verb; the noun sense is thin
subprime,adj,adjective; the noun sense is a nominalisation
projective,adj,adjective; the noun sense is a nominalisation
redd,verb,verb; the noun sense is thin
balsamic,adj,adjective; the noun sense is a nominalisation
eukaryotic,adj,adjective; the noun sense is a nominalisation
stillborn,adj,adjective; the noun sense is a nominalisation
dendritic,adj,adjective; the noun sense is a nominalisation
pyramidal,adj,adjective; the noun sense is a nominalisation
twisty,adj,SCOWL and the corpus both call it an adjective; the noun sense is a nominalisation
contactless,adj,adjective; the noun sense is a nominalisation
effeminate,adj,adjective; the noun sense is a nominalisation
hunky,adj,adjective; the noun sense is a nominalisation
systolic,adj,adjective; the noun sense is a nominalisation
dissociative,adj,adjective; the noun sense is a nominalisation
reproducible,adj,adjective; the noun sense is a nominalisation
remaster,noun,SCOWL files it as another part of speech; the noun sense is a word in its own right
itis,noise,"fragment, foreign word, interjection or single obscure sense"
nitty,noise,"fragment, foreign word, interjection or single obscure sense"
algal,adj,adjective; the noun sense is a nominalisation
stubby,noun,SCOWL files it as another part of speech; the noun sense is a word in its own right
irreducible,adj,adjective; the noun sense is a nominalisation
causative,adj,adjective; the noun sense is a nominalisation
occipital,adj,SCOWL and the corpus both call it an adjective; the noun sense is a nominalisation
supersede,verb,verb; the noun sense is thin
postcolonial,adj,adjective; the noun sense is a nominalisation
abortive,adj,adjective; the noun sense is a nominalisation
benthic,adj,adjective; the noun sense is a nominalisation
salivary,adj,adjective; the noun sense is a nominalisation
ectopic,adj,adjective; the noun sense is a nominalisation
mosh,verb,verb; the noun sense is thin
biotic,adj,adjective; the noun sense is a nominalisation
unreachable,adj,adjective; the noun sense is a nominalisation
intercity,adj,adjective; the noun sense is a nominalisation
redline,verb,verb; the noun sense is thin
extraordinaire,adj,adjective; the noun sense is a nominalisation
corr,noise,"fragment, foreign word, interjection or single obscure sense"
quantifiable,adj,adjective; the noun sense is a nominalisation
fut,noise,"fragment, foreign word, interjection or single obscure sense"
overreach,noun,SCOWL files it as another part of speech; the noun sense is a word in its own right
myopic,adj,adjective; the noun sense is a nominalisation
maim,verb,verb; the noun sense is thin
universalist,noun,SCOWL files it as another part of speech; the noun sense is a word in its own right
myeloid,adj,adjective; the noun sense is a nominalisation
mammary,adj,adjective; the noun sense is a nominalisation
extrinsic,adj,adjective; the noun sense is a nominalisation
redraw,verb,verb; the noun sense is thin
jell,verb,verb; the noun sense is thin
proximate,adj,adjective; the noun sense is a nominalisation
washy,adj,adjective; the noun sense is a nominalisation
multifamily,adj,adjective; the noun sense is a nominalisation
antiretroviral,noun,SCOWL files it as another part of speech; the noun sense is a word in its own right
sucky,adj,adjective; the noun sense is a nominalisation
piezoelectric,adj,adjective; the noun sense is a nominalisation
costal,adj,adjective; the noun sense is a nominalisation
sociopathic,adj,adjective; the noun sense is a nominalisation
percussive,adj,adjective; the noun sense is a nominalisation
snide,adj,adjective; the noun sense is a nominalisation
biologic,noun,SCOWL files it as another part of speech; the noun sense is a word in its own right
predate,verb,verb; the noun sense is thin
crummy,adj,adjective; the noun sense is a nominalisation
corky,adj,adjective; the noun sense is a nominalisation
droll,adj,SCOWL and the corpus both call it an adjective; the noun sense is a nominalisation
ovate,adj,SCOWL and the corpus both call it an adjective; the noun sense is a nominalisation
ultimo,noise,"fragment, foreign word, interjection or single obscure sense"
perceptible,adj,adjective; the noun sense is a nominalisation
saturate,verb,verb; the noun sense is thin
multicast,noun,SCOWL files it as another part of speech; the noun sense is a word in its own right
hocus,verb,verb; the noun sense is thin
extractive,adj,adjective; the noun sense is a nominalisation
kaboom,noise,"fragment, foreign word, interjection or single obscure sense"
hammy,adj,SCOWL and the corpus both call it an adjective; the noun sense is a nominalisation
bendy,adj,adjective; the noun sense is a nominalisation
pleural,adj,adjective; the noun sense is a nominalisation
immunological,adj,adjective; the noun sense is a nominalisation
electromechanical,adj,adjective; the noun sense is a nominalisation
distributive,adj,adjective; the noun sense is a nominalisation
recalcitrant,adj,adjective; the noun sense is a nominalisation
twerk,verb,verb; the noun sense is thin
sequester,verb,verb; the noun sense is thin
mwah,noise,"fragment, foreign word, interjection or single obscure sense"
keck,verb,verb; the noun sense is thin
vestibular,adj,adjective; the noun sense is a nominalisation
deliberative,adj,SCOWL and the corpus both call it an adjective; the noun sense is a nominalisation
doss,verb,verb; the noun sense is thin
ween,verb,verb; the noun sense is thin
sacral,adj,adjective; the noun sense is a nominalisation
nonhuman,adj,adjective; the noun sense is a nominalisation
spunky,adj,adjective; the noun sense is a nominalisation
terr,noise,"fragment, foreign word, interjection or single obscure sense"
precast,adj,adjective; the noun sense is a nominalisation
dele,noun,SCOWL files it as another part of speech; the noun sense is a word in its own right
twee,adj,adjective; the noun sense is a nominalisation
pineal,adj,adjective; the noun sense is a nominalisation
preform,noun,SCOWL files it as another part of speech; the noun sense is a word in its own right
lenticular,noun,SCOWL files it as another part of speech; the noun sense is a word in its own right
repentant,adj,adjective; the noun sense is a nominalisation
wherewith,noise,"fragment, foreign word, interjection or single obscure sense"
backlight,noun,SCOWL files it as another part of speech; the noun sense is a word in its own right
resize,verb,verb; the noun sense is thin
animatronic,noun,SCOWL files it as another part of speech; the noun sense is a word in its own right
ratty,adj,adjective; the noun sense is a nominalisation
polyvinyl,adj,adjective; the noun sense is a nominalisation
vitreous,adj,adjective; the noun sense is a nominalisation
frag,noun,SCOWL files it as another part of speech; the noun sense is a word in its own right
froggy,adj,adjective; the noun sense is a nominalisation
fletch,verb,verb; the noun sense is thin
alphanumeric,adj,adjective; the noun sense is a nominalisation
preoperative,adj,adjective; the noun sense is a nominalisation
diastolic,adj,adjective; the noun sense is a nominalisation
deployable,adj,adjective; the noun sense is a nominalisation
intertidal,adj,adjective; the noun sense is a nominalisation
multicellular,adj,adjective; the noun sense is a nominalisation
aliphatic,adj,SCOWL and the corpus both call it an adjective; the noun sense is a nominalisation
suppressive,adj,adjective; the noun sense is a nominalisation
rive,verb,verb; the noun sense is thin
combust,verb,verb; the noun sense is thin
implantable,adj,adjective; the noun sense is a nominalisation
pally,adj,SCOWL and the corpus both call it an adjective; the noun sense is a nominalisation
prefectural,adj,adjective; the noun sense is a nominalisation
laryngeal,adj,SCOWL and the corpus both call it an adjective; the noun sense is a nominalisation
leaguer,noun,SCOWL files it as another part of speech; the noun sense is a word in its own right
overwrite,verb,verb; the noun sense is thin
bonk,noun,SCOWL files it as another part of speech; the noun sense is a word in its own right
hexadecimal,noun,SCOWL files it as another part of speech; the noun sense is a word in its own right
multicolor,adj,adjective; the noun sense is a nominalisation
picayune,noun,SCOWL files it as another part of speech; the noun sense is a word in its own right
preload,noun,SCOWL files it as another part of speech; the noun sense is a word in its own right
unchangeable,adj,adjective; the noun sense is a nominalisation
lanceolate,adj,adjective; the noun sense is a nominalisation
nisi,noise,"fragment, foreign word, interjection or single obscure sense"
tibial,adj,adjective; the noun sense is a nominalisation
conflate,verb,verb; the noun sense is thin
chummy,adj,adjective; the noun sense is a nominalisation
floaty,adj,adjective; the noun sense is a nominalisation
injunctive,adj,adjective; the noun sense is a nominalisation
rufous,adj,SCOWL and the corpus both call it an adjective; the noun sense is a nominalisation
dib,verb,verb; the noun sense is thin
diddle,verb,verb; the noun sense is thin
conversant,adj,adjective; the noun sense is a nominalisation
secretory,adj,adjective; the noun sense is a nominalisation
humic,adj,adjective; the noun sense is a nominalisation
overground,noun,SCOWL files it as another part of speech; the noun sense is a word in its own right
spellbinding,adj,adjective; the noun sense is a nominalisation
spiffy,adj,adjective; the noun sense is a nominalisation
aeolian,adj,adjective; the noun sense is a nominalisation
fisheye,noun,SCOWL files it as another part of speech; the noun sense is a word in its own right
flatline,verb,verb; the noun sense is thin
pish,noise,"fragment, foreign word, interjection or single obscure sense"
telekinetic,adj,adjective; the noun sense is a nominalisation
exploitable,adj,adjective; the noun sense is a nominalisation
magmatic,adj,adjective; the noun sense is a nominalisation
syllabic,adj,adjective; the noun sense is a nominalisation
coeliac,noun,SCOWL files it as another part of speech; the noun sense is a word in its own right
pyroclastic,adj,adjective; the noun sense is a nominalisation
capsize,verb,verb; the noun sense is thin
debonair,adj,adjective; the noun sense is a nominalisation
determinate,adj,adjective; the noun sense is a nominalisation
exchangeable,adj,adjective; the noun sense is a nominalisation
unemployable,adj,adjective; the noun sense is a nominalisation
isothermal,adj,adjective; the noun sense is a nominalisation
rede,noise,"fragment, foreign word, interjection or single obscure sense"
unsolvable,adj,adjective; the noun sense is a nominalisation
counterfactual,noun,SCOWL files it as another part of speech; the noun sense is a word in its own right
concessional,adj,SCOWL and the corpus both call it an adjective; the noun sense is a nominalisation
whinge,adj,SCOWL and the corpus both call it an adjective; the noun sense is a nominalisation
infective,adj,adjective; the noun sense is a nominalisation
proliferative,adj,adjective; the noun sense is a nominalisation
prenuptial,adj,adjective; the noun sense is a nominalisation
masc,noise,"fragment, foreign word, interjection or single obscure sense"
brachial,adj,adjective; the noun sense is a nominalisation
evidential,adj,adjective; the noun sense is a nominalisation
replant,verb,verb; the noun sense is thin
eruptive,adj,adjective; the noun sense is a nominalisation
subdural,adj,adjective; the noun sense is a nominalisation
reductionist,noun,SCOWL files it as another part of speech; the noun sense is a word in its own right
fash,noise,"fragment, foreign word, interjection or single obscure sense"
montane,adj,adjective; the noun sense is a nominalisation
stumpy,adj,adjective; the noun sense is a nominalisation
billable,adj,adjective; the noun sense is a nominalisation
nutritive,adj,adjective; the noun sense is a nominalisation
multiethnic,adj,adjective; the noun sense is a nominalisation
unfriend,verb,verb; the noun sense is thin
quadrennial,adj,adjective; the noun sense is a nominalisation
vegetal,adj,adjective; the noun sense is a nominalisation
regale,verb,verb; the noun sense is thin
exothermic,adj,adjective; the noun sense is a nominalisation
divalent,adj,adjective; the noun sense is a nominalisation
intrastate,adj,adjective; the noun sense is a nominalisation
apoplectic,adj,adjective; the noun sense is a nominalisation
repack,verb,verb; the noun sense is thin
cronk,noise,"fragment, foreign word, interjection or single obscure sense"
transversal,noun,SCOWL files it as another part of speech; the noun sense is a word in its own right
unsinkable,adj,adjective; the noun sense is a nominalisation
lithic,adj,adjective; the noun sense is a nominalisation
teletype,noun,SCOWL files it as another part of speech; the noun sense is a word in its own right
cisgender,adj,adjective; the noun sense is a nominalisation
rehire,noun,SCOWL files it as another part of speech; the noun sense is a word in its own right
sublingual,adj,adjective; the noun sense is a nominalisation
lave,verb,verb; the noun sense is thin
chirpy,adj,adjective; the noun sense is a nominalisation
pentatonic,adj,adjective; the noun sense is a nominalisation
slather,verb,verb; the noun sense is thin
overspend,noun,SCOWL files it as another part of speech; the noun sense is a word in its own right
pharmacologic,adj,adjective; the noun sense is a nominalisation
transdermal,adj,adjective; the noun sense is a nominalisation
declutter,verb,verb; the noun sense is thin
confocal,adj,adjective; the noun sense is a nominalisation
humeral,adj,adjective; the noun sense is a nominalisation
luminal,adj,adjective; the noun sense is a nominalisation
ebon,adj,adjective; the noun sense is a nominalisation
trompe,noise,"fragment, foreign word, interjection or single obscure sense"
haver,adj,SCOWL and the corpus both call it an adjective; the noun sense is a nominalisation
quickfire,adj,adjective; the noun sense is a nominalisation
aversive,adj,SCOWL and the corpus both call it an adjective; the noun sense is a nominalisation
photochemical,adj,adjective; the noun sense is a nominalisation
unicellular,adj,adjective; the noun sense is a nominalisation
recommit,verb,verb; the noun sense is thin
anthemic,adj,adjective; the noun sense is a nominalisation
bilinear,adj,adjective; the noun sense is a nominalisation
avoidant,adj,SCOWL and the corpus both call it an adjective; the noun sense is a nominalisation
chemotherapeutic,adj,adjective; the noun sense is a nominalisation
mimetic,adj,SCOWL and the corpus both call it an adjective; the noun sense is a nominalisation
busk,verb,verb; the noun sense is thin
broadleaf,noun,SCOWL files it as another part of speech; the noun sense is a word in its own right
locomotor,adj,adjective; the noun sense is a nominalisation
landward,adj,adjective; the noun sense is a nominalisation
grabby,adj,adjective; the noun sense is a nominalisation
stably,noise,"fragment, foreign word, interjection or single obscure sense"
intestate,adj,adjective; the noun sense is a nominalisation
operant,adj,SCOWL and the corpus both call it an adjective; the noun sense is a nominalisation
trow,verb,verb; the noun sense is thin
hermeneutic,adj,adjective; the noun sense is a nominalisation
withal,noise,"fragment, foreign word, interjection or single obscure sense"
glottal,adj,adjective; the noun sense is a nominalisation
environ,verb,verb; the noun sense is thin
covariant,adj,adjective; the noun sense is a nominalisation
armorial,noun,SCOWL files it as another part of speech; the noun sense is a word in its own right
swarthy,adj,adjective; the noun sense is a nominalisation
dually,noun,SCOWL files it as another part of speech; the noun sense is a word in its own right
backfill,noun,SCOWL files it as another part of speech; the noun sense is a word in its own right
tottering,adj,adjective; the noun sense is a nominalisation
beaucoup,noise,"fragment, foreign word, interjection or single obscure sense"
sclerotic,adj,adjective; the noun sense is a nominalisation
adoptable,adj,SCOWL and the corpus both call it an adjective; the noun sense is a nominalisation
dyadic,adj,adjective; the noun sense is a nominalisation
fictive,adj,adjective; the noun sense is a nominalisation
dermatological,adj,adjective; the noun sense is a nominalisation
danceable,adj,adjective; the noun sense is a nominalisation
absorbable,adj,adjective; the noun sense is a nominalisation
hirsute,adj,adjective; the noun sense is a nominalisation
electable,adj,adjective; the noun sense is a nominalisation
monocular,noun,SCOWL files it as another part of speech; the noun sense is a word in its own right
cadastral,adj,adjective; the noun sense is a nominalisation
natch,noise,"fragment, foreign word, interjection or single obscure sense"
mononuclear,adj,adjective; the noun sense is a nominalisation
unfree,adj,adjective; the noun sense is a nominalisation
gammy,adj,adjective; the noun sense is a nominalisation
ital,noise,"fragment, foreign word, interjection or single obscure sense"
weeny,adj,SCOWL and the corpus both call it an adjective; the noun sense is a nominalisation
gussie,noise,"fragment, foreign word, interjection or single obscure sense"
isthmian,adj,adjective; the noun sense is a nominalisation
summative,adj,adjective; the noun sense is a nominalisation
lowball,verb,verb; the noun sense is thin
reparative,adj,adjective; the noun sense is a nominalisation
lento,noise,"fragment, foreign word, interjection or single obscure sense"
kep,noise,"fragment, foreign word, interjection or single obscure sense"
pend,verb,verb; the noun sense is thin
snog,noun,SCOWL files it as another part of speech; the noun sense is a word in its own right
pwn,verb,verb; the noun sense is thin
antitumor,adj,adjective; the noun sense is a nominalisation
recurve,noun,SCOWL files it as another part of speech; the noun sense is a word in its own right
concessionary,adj,adjective; the noun sense is a nominalisation
subarctic,adj,adjective; the noun sense is a nominalisation
attitudinal,adj,adjective; the noun sense is a nominalisation
unrecoverable,adj,adjective; the noun sense is a nominalisation
chewable,noun,SCOWL files it as another part of speech; the noun sense is a word in its own right
indigestible,adj,adjective; the noun sense is a nominalisation
upsell,noun,SCOWL files it as another part of speech; the noun sense is a word in its own right
blithering,adj,adjective; the noun sense is a nominalisation
subclavian,adj,adjective; the noun sense is a nominalisation
downtempo,adj,adjective; the noun sense is a nominalisation
wholemeal,adj,adjective; the noun sense is a nominalisation
adjunctive,adj,adjective; the noun sense is a nominalisation
dichroic,adj,adjective; the noun sense is a nominalisation
subacute,adj,adjective; the noun sense is a nominalisation
ferroelectric,adj,adjective; the noun sense is a nominalisation
stellate,adj,adjective; the noun sense is a nominalisation
glug,noun,SCOWL files it as another part of speech; the noun sense is a word in its own right
phlegmatic,adj,adjective; the noun sense is a nominalisation
pneumonic,adj,adjective; the noun sense is a nominalisation
carboxylate,noun,SCOWL files it as another part of speech; the noun sense is a word in its own right
cully,noise,"fragment, foreign word, interjection or single obscure sense"
nematic,adj,adjective; the noun sense is a nominalisation
seel,adj,SCOWL and the corpus both call it an adjective; the noun sense is a nominalisation
tromp,verb,verb; the noun sense is thin
trilingual,adj,adjective; the noun sense is a nominalisation
presentational,adj,adjective; the noun sense is a nominalisation
endothermic,adj,adjective; the noun sense is a nominalisation
tricuspid,adj,adjective; the noun sense is a nominalisation
parotid,adj,adjective; the noun sense is a nominalisation
bardic,adj,adjective; the noun sense is a nominalisation
nonalcoholic,adj,adjective; the noun sense is a nominalisation
gluteal,adj,adjective; the noun sense is a nominalisation
degradable,adj,adjective; the noun sense is a nominalisation
predawn,adj,adjective; the noun sense is a nominalisation
sigmoid,adj,adjective; the noun sense is a nominalisation
threepenny,adj,adjective; the noun sense is a nominalisation
skitter,verb,verb; the noun sense is thin
rerelease,noun,SCOWL files it as another part of speech; the noun sense is a word in its own right
trainable,adj,adjective; the noun sense is a nominalisation
suchlike,noise,"fragment, foreign word, interjection or single obscure sense"
darkling,adj,SCOWL and the corpus both call it an adjective; the noun sense is a nominalisation
workaday,adj,adjective; the noun sense is a nominalisation
whish,noise,"fragment, foreign word, interjection or single obscure sense"
nonnegative,adj,adjective; the noun sense is a nominalisation
microelectronic,adj,adjective; the noun sense is a nominalisation
insurable,adj,adjective; the noun sense is a nominalisation
demotic,adj,adjective; the noun sense is a nominalisation
cohost,noun,SCOWL files it as another part of speech; the noun sense is a word in its own right
dedicatory,adj,adjective; the noun sense is a nominalisation
pretest,noun,SCOWL files it as another part of speech; the noun sense is a word in its own right
bactericidal,adj,adjective; the noun sense is a nominalisation
muzzy,adj,adjective; the noun sense is a nominalisation
stripey,adj,SCOWL and the corpus both call it an adjective; the noun sense is a nominalisation
adamantine,adj,adjective; the noun sense is a nominalisation
tony,name,a name far more often than the common noun
roger,name,a name far more often than the common noun
hoover,name,a name far more often than the common noun
chevy,name,a name far more often than the common noun
conn,noun,SCOWL files it as another part of speech; the noun sense is a word in its own right
contra,noise,"fragment, foreign word, interjection or single obscure sense"
ginny,name,a name far more often than the common noun
bally,name,a name far more often than the common noun
woo,verb,verb; the noun sense is thin
kickstart,noun,SCOWL files it as another part of speech; the noun sense is a word in its own right
suss,verb,verb; the noun sense is thin
jim,name,"a name, brand or title far more often than the common noun"
rex,name,"a name, brand or title far more often than the common noun"
garnett,name,"a name, brand or title far more often than the common noun"
fic,noun,Wiktionary-only; an ordinary noun a player would type
drury,name,"a name, brand or title far more often than the common noun"
cee,noise,"slur, vulgar label, letter name, interjection, plural-only form or fragment"
cleary,name,"a name, brand or title far more often than the common noun"
boyer,name,"a name, brand or title far more often than the common noun"
saad,noise,"slur, vulgar label, letter name, interjection, plural-only form or fragment"
zayn,noise,"slur, vulgar label, letter name, interjection, plural-only form or fragment"
chopin,name,"a name, brand or title far more often than the common noun"
camino,name,"a name, brand or title far more often than the common noun"
jacuzzi,noun,Wiktionary-only; an ordinary noun a player would type
tse,noise,"slur, vulgar label, letter name, interjection, plural-only form or fragment"
crowder,name,"a name, brand or title far more often than the common noun"
malia,name,"a name, brand or title far more often than the common noun"
avis,name,"a name, brand or title far more often than the common noun"
dowd,name,"a name, brand or title far more often than the common noun"
nerf,noun,Wiktionary-only; an ordinary noun a player would type
portia,name,"a name, brand or title far more often than the common noun"
wy,noise,"slur, vulgar label, letter name, interjection, plural-only form or fragment"
myron,name,"a name, brand or title far more often than the common noun"
boba,noun,Wiktionary-only; an ordinary noun a player would type
lumia,name,"a name, brand or title far more often than the common noun"
woodside,name,"a name, brand or title far more often than the common noun"
donner,name,"a name, brand or title far more often than the common noun"
winkler,name,"a name, brand or title far more often than the common noun"
ssa,noise,"slur, vulgar label, letter name, interjection, plural-only form or fragment"
rainer,name,"a name, brand or title far more often than the common noun"
zika,noun,Wiktionary-only; an ordinary noun a player would type
robocop,name,"a name, brand or title far more often than the common noun"
roleplay,noun,Wiktionary-only; an ordinary noun a player would type
serrano,noun,Wiktionary-only; an ordinary noun a player would type
puri,noun,Wiktionary-only; an ordinary noun a player would type
jacky,name,"a name, brand or title far more often than the common noun"
tonya,name,"a name, brand or title far more often than the common noun"
ozzie,name,"a name, brand or title far more often than the common noun"
foy,name,"a name, brand or title far more often than the common noun"
teflon,noun,Wiktionary-only; an ordinary noun a player would type
kata,noun,Wiktionary-only; an ordinary noun a player would type
rapunzel,name,"a name, brand or title far more often than the common noun"
auguste,name,"a name, brand or title far more often than the common noun"
bonham,name,"a name, brand or title far more often than the common noun"
rockland,name,"a name, brand or title far more often than the common noun"
desai,name,"a name, brand or title far more often than the common noun"
malkin,name,"a name, brand or title far more often than the common noun"
futurama,name,"a name, brand or title far more often than the common noun"
chubb,name,"a name, brand or title far more often than the common noun"
abo,noise,"slur, vulgar label, letter name, interjection, plural-only form or fragment"
heil,name,"a name, brand or title far more often than the common noun"
hillman,name,"a name, brand or title far more often than the common noun"
spidey,name,"a name, brand or title far more often than the common noun"
noob,noun,Wiktionary-only; an ordinary noun a player would type
flor,name,"a name, brand or title far more often than the common noun"
redstone,name,"a name, brand or title far more often than the common noun"
starcraft,name,"a name, brand or title far more often than the common noun"
boardman,name,"a name, brand or title far more often than the common noun"
fishman,name,"a name, brand or title far more often than the common noun"
noh,noun,Wiktionary-only; an ordinary noun a player would type
postgame,noun,Wiktionary-only; an ordinary noun a player would type
hardman,noun,Wiktionary-only; an ordinary noun a player would type
bayside,name,"a name, brand or title far more often than the common noun"
bridger,name,"a name, brand or title far more often than the common noun"
keeler,name,"a name, brand or title far more often than the common noun"
midseason,noun,Wiktionary-only; an ordinary noun a player would type
bodyweight,noun,Wiktionary-only; an ordinary noun a player would type
kirin,name,"a name, brand or title far more often than the common noun"
oceanside,name,"a name, brand or title far more often than the common noun"
pima,noun,Wiktionary-only; an ordinary noun a player would type
esperanza,name,"a name, brand or title far more often than the common noun"
pyro,noun,Wiktionary-only; an ordinary noun a player would type
kemper,name,"a name, brand or title far more often than the common noun"
humpty,name,"a name, brand or title far more often than the common noun"
koji,noun,Wiktionary-only; an ordinary noun a player would type
amira,name,"a name, brand or title far more often than the common noun"
gog,name,"a name, brand or title far more often than the common noun"
intermodal,noun,Wiktionary-only; an ordinary noun a player would type
smartass,noun,Wiktionary-only; an ordinary noun a player would type
nori,noun,Wiktionary-only; an ordinary noun a player would type
injectable,noun,Wiktionary-only; an ordinary noun a player would type
crandall,name,"a name, brand or title far more often than the common noun"
jinn,noun,Wiktionary-only; an ordinary noun a player would type
mook,noun,Wiktionary-only; an ordinary noun a player would type
prosser,name,"a name, brand or title far more often than the common noun"
blitzer,name,"a name, brand or title far more often than the common noun"
symbiote,noun,Wiktionary-only; an ordinary noun a player would type
rebar,noun,Wiktionary-only; an ordinary noun a player would type
ith,noise,"slur, vulgar label, letter name, interjection, plural-only form or fragment"
mahone,name,"a name, brand or title far more often than the common noun"
hillcrest,name,"a name, brand or title far more often than the common noun"
selectable,noun,Wiktionary-only; an ordinary noun a player would type
whitten,name,"a name, brand or title far more often than the common noun"
raa,noise,"slur, vulgar label, letter name, interjection, plural-only form or fragment"
rulemaking,noun,Wiktionary-only; an ordinary noun a player would type
queso,noun,Wiktionary-only; an ordinary noun a player would type
mirrorless,noun,Wiktionary-only; an ordinary noun a player would type
rebalancing,noun,Wiktionary-only; an ordinary noun a player would type
deathmatch,noun,Wiktionary-only; an ordinary noun a player would type
gaslighting,noun,Wiktionary-only; an ordinary noun a player would type
inkjet,noun,Wiktionary-only; an ordinary noun a player would type
tsarist,noun,Wiktionary-only; an ordinary noun a player would type
dogecoin,noun,Wiktionary-only; an ordinary noun a player would type
dimethyl,noun,Wiktionary-only; an ordinary noun a player would type
lich,noun,Wiktionary-only; an ordinary noun a player would type
offsite,noun,Wiktionary-only; an ordinary noun a player would type
governorate,noun,Wiktionary-only; an ordinary noun a player would type
inclusivity,noun,Wiktionary-only; an ordinary noun a player would type
timeslot,noun,Wiktionary-only; an ordinary noun a player would type
enduro,noun,Wiktionary-only; an ordinary noun a player would type
omnium,noun,Wiktionary-only; an ordinary noun a player would type
grogan,noise,"slur, vulgar label, letter name, interjection, plural-only form or fragment"
puta,noise,"slur, vulgar label, letter name, interjection, plural-only form or fragment"
blogpost,noun,Wiktionary-only; an ordinary noun a player would type
downforce,noun,Wiktionary-only; an ordinary noun a player would type
poopy,noise,"slur, vulgar label, letter name, interjection, plural-only form or fragment"
mobo,noun,Wiktionary-only; an ordinary noun a player would type
playmaking,noun,Wiktionary-only; an ordinary noun a player would type
phaser,noun,Wiktionary-only; an ordinary noun a player would type
fortis,noun,Wiktionary-only; an ordinary noun a player would type
contessa,noun,Wiktionary-only; an ordinary noun a player would type
kha,noise,"slur, vulgar label, letter name, interjection, plural-only form or fragment"
beachside,noun,Wiktionary-only; an ordinary noun a player would type
neuroimaging,noun,Wiktionary-only; an ordinary noun a player would type
cron,noun,Wiktionary-only; an ordinary noun a player would type
killeen,name,"a name, brand or title far more often than the common noun"
stoneman,name,"a name, brand or title far more often than the common noun"
ayahuasca,noun,Wiktionary-only; an ordinary noun a player would type
bushfire,noun,Wiktionary-only; an ordinary noun a player would type
microgravity,noun,Wiktionary-only; an ordinary noun a player would type
decoupling,noun,Wiktionary-only; an ordinary noun a player would type
bartending,noun,Wiktionary-only; an ordinary noun a player would type
victimhood,noun,Wiktionary-only; an ordinary noun a player would type
udon,noun,Wiktionary-only; an ordinary noun a player would type
chapstick,name,"a name, brand or title far more often than the common noun"
tracklist,noun,Wiktionary-only; an ordinary noun a player would type
jy,noise,"slur, vulgar label, letter name, interjection, plural-only form or fragment"
yadda,noise,"slur, vulgar label, letter name, interjection, plural-only form or fragment"
heng,noise,"slur, vulgar label, letter name, interjection, plural-only form or fragment"
emacs,name,"a name, brand or title far more often than the common noun"
sharknado,name,"a name, brand or title far more often than the common noun"
caerphilly,noun,Wiktionary-only; an ordinary noun a player would type
busking,noun,Wiktionary-only; an ordinary noun a player would type
telematics,noun,Wiktionary-only; an ordinary noun a player would type
bih,noise,"slur, vulgar label, letter name, interjection, plural-only form or fragment"
zebrafish,noun,Wiktionary-only; an ordinary noun a player would type
softcore,noun,Wiktionary-only; an ordinary noun a player would type
fansite,noun,Wiktionary-only; an ordinary noun a player would type
noni,noun,Wiktionary-only; an ordinary noun a player would type
autophagy,noun,Wiktionary-only; an ordinary noun a player would type
gamepad,noun,Wiktionary-only; an ordinary noun a player would type
distro,noun,Wiktionary-only; an ordinary noun a player would type
thumper,noun,Wiktionary-only; an ordinary noun a player would type
shunting,noun,Wiktionary-only; an ordinary noun a player would type
wellies,noise,"slur, vulgar label, letter name, interjection, plural-only form or fragment"
shagging,noise,"slur, vulgar label, letter name, interjection, plural-only form or fragment"
superbike,noun,Wiktionary-only; an ordinary noun a player would type
beatdown,noun,Wiktionary-only; an ordinary noun a player would type
permaculture,noun,Wiktionary-only; an ordinary noun a player would type
bool,noun,Wiktionary-only; an ordinary noun a player would type
syrah,noun,Wiktionary-only; an ordinary noun a player would type
darkside,noun,Wiktionary-only; an ordinary noun a player would type
deke,noun,Wiktionary-only; an ordinary noun a player would type
bandmate,noun,Wiktionary-only; an ordinary noun a player would type
freemason,noun,Wiktionary-only; an ordinary noun a player would type
imager,noun,Wiktionary-only; an ordinary noun a player would type
deadman,noun,Wiktionary-only; an ordinary noun a player would type
propofol,noun,Wiktionary-only; an ordinary noun a player would type
bushland,noun,Wiktionary-only; an ordinary noun a player would type
birthdate,noun,Wiktionary-only; an ordinary noun a player would type
maquis,noun,Wiktionary-only; an ordinary noun a player would type
zoot,noun,Wiktionary-only; an ordinary noun a player would type
counterparty,noun,Wiktionary-only; an ordinary noun a player would type
arabica,noun,Wiktionary-only; an ordinary noun a player would type
presale,noun,Wiktionary-only; an ordinary noun a player would type
torching,noun,Wiktionary-only; an ordinary noun a player would type
biopharmaceutical,noun,Wiktionary-only; an ordinary noun a player would type
outa,noise,"slur, vulgar label, letter name, interjection, plural-only form or fragment"
barangay,noun,Wiktionary-only; an ordinary noun a player would type
asshat,noise,"slur, vulgar label, letter name, interjection, plural-only form or fragment"
mochi,noun,Wiktionary-only; an ordinary noun a player would type
booklist,noun,Wiktionary-only; an ordinary noun a player would type
stache,noun,Wiktionary-only; an ordinary noun a player would type
hamada,noun,Wiktionary-only; an ordinary noun a player would type
midcentury,noun,Wiktionary-only; an ordinary noun a player would type
scapegoating,noun,Wiktionary-only; an ordinary noun a player would type
tard,noise,"slur, vulgar label, letter name, interjection, plural-only form or fragment"
festa,noun,Wiktionary-only; an ordinary noun a player would type
survivorship,noun,Wiktionary-only; an ordinary noun a player would type
playset,noun,Wiktionary-only; an ordinary noun a player would type
argan,noun,Wiktionary-only; an ordinary noun a player would type
wargaming,noun,Wiktionary-only; an ordinary noun a player would type
hamon,noun,Wiktionary-only; an ordinary noun a player would type
aza,noun,Wiktionary-only; an ordinary noun a player would type
hissy,noun,Wiktionary-only; an ordinary noun a player would type
tradable,noun,Wiktionary-only; an ordinary noun a player would type
overexpression,noun,Wiktionary-only; an ordinary noun a player would type
cyclin,noun,Wiktionary-only; an ordinary noun a player would type
magister,noun,Wiktionary-only; an ordinary noun a player would type
venti,noun,Wiktionary-only; an ordinary noun a player would type
sperling,name,"a name, brand or title far more often than the common noun"
dicking,noise,"slur, vulgar label, letter name, interjection, plural-only form or fragment"
cannabinoid,noun,Wiktionary-only; an ordinary noun a player would type
catawba,noun,Wiktionary-only; an ordinary noun a player would type
scrapbooking,noun,Wiktionary-only; an ordinary noun a player would type
amaro,noun,Wiktionary-only; an ordinary noun a player would type
gacha,noun,Wiktionary-only; an ordinary noun a player would type
vocaloid,noun,Wiktionary-only; an ordinary noun a player would type
cluttering,noun,Wiktionary-only; an ordinary noun a player would type
arvo,noun,Wiktionary-only; an ordinary noun a player would type
pascual,name,"a name, brand or title far more often than the common noun"
reeder,name,"a name, brand or title far more often than the common noun"
respawn,noun,Wiktionary-only; an ordinary noun a player would type
rezoning,noun,Wiktionary-only; an ordinary noun a player would type
epigenetics,noun,Wiktionary-only; an ordinary noun a player would type
peacebuilding,noun,Wiktionary-only; an ordinary noun a player would type
shapeshifter,noun,Wiktionary-only; an ordinary noun a player would type
subnet,noun,Wiktionary-only; an ordinary noun a player would type
breakpoint,noun,Wiktionary-only; an ordinary noun a player would type
saison,noun,Wiktionary-only; an ordinary noun a player would type
boogaloo,noun,Wiktionary-only; an ordinary noun a player would type
analyte,noun,Wiktionary-only; an ordinary noun a player would type
ahi,noun,Wiktionary-only; an ordinary noun a player would type
hydrocodone,noun,Wiktionary-only; an ordinary noun a player would type
kingsman,name,"a name, brand or title far more often than the common noun"
shonen,noun,Wiktionary-only; an ordinary noun a player would type
eep,noise,"slur, vulgar label, letter name, interjection, plural-only form or fragment"
supermajority,noun,Wiktionary-only; an ordinary noun a player would type
headwear,noun,Wiktionary-only; an ordinary noun a player would type
convenor,noun,Wiktionary-only; an ordinary noun a player would type
peterman,name,"a name, brand or title far more often than the common noun"
uploader,noun,Wiktionary-only; an ordinary noun a player would type
unlockable,noun,Wiktionary-only; an ordinary noun a player would type
bayan,noun,Wiktionary-only; an ordinary noun a player would type
roomba,name,"a name, brand or title far more often than the common noun"
wildland,noun,Wiktionary-only; an ordinary noun a player would type
whistleblowing,noun,Wiktionary-only; an ordinary noun a player would type
bobblehead,noun,Wiktionary-only; an ordinary noun a player would type
manuka,noun,Wiktionary-only; an ordinary noun a player would type
crockpot,name,"a name, brand or title far more often than the common noun"
reggaeton,noun,Wiktionary-only; an ordinary noun a player would type
repurposing,noun,Wiktionary-only; an ordinary noun a player would type
backfiring,noun,Wiktionary-only; an ordinary noun a player would type
mainstreaming,noun,Wiktionary-only; an ordinary noun a player would type
mainstage,noun,Wiktionary-only; an ordinary noun a player would type
abiotic,noun,Wiktionary-only; an ordinary noun a player would type
cooldown,noun,Wiktionary-only; an ordinary noun a player would type
platforming,noun,Wiktionary-only; an ordinary noun a player would type
habanero,noun,Wiktionary-only; an ordinary noun a player would type
bioactive,noun,Wiktionary-only; an ordinary noun a player would type
lightspeed,noun,Wiktionary-only; an ordinary noun a player would type
linea,noun,Wiktionary-only; an ordinary noun a player would type
grampa,noun,Wiktionary-only; an ordinary noun a player would type
modularity,noun,Wiktionary-only; an ordinary noun a player would type
mylar,name,"a name, brand or title far more often than the common noun"
gentoo,noun,Wiktionary-only; an ordinary noun a player would type
reframing,noun,Wiktionary-only; an ordinary noun a player would type
benching,noun,Wiktionary-only; an ordinary noun a player would type
nightline,name,"a name, brand or title far more often than the common noun"
binky,noun,Wiktionary-only; an ordinary noun a player would type
screencap,noun,Wiktionary-only; an ordinary noun a player would type
snuggly,noun,Wiktionary-only; an ordinary noun a player would type
soler,name,"a name, brand or title far more often than the common noun"
padawan,name,"a name, brand or title far more often than the common noun"
onsen,noun,Wiktionary-only; an ordinary noun a player would type
normie,noun,Wiktionary-only; an ordinary noun a player would type
ganache,noun,Wiktionary-only; an ordinary noun a player would type
aspartate,noun,Wiktionary-only; an ordinary noun a player would type
wideband,noun,Wiktionary-only; an ordinary noun a player would type
amla,noun,Wiktionary-only; an ordinary noun a player would type
coppa,noun,Wiktionary-only; an ordinary noun a player would type
rebbe,noun,Wiktionary-only; an ordinary noun a player would type
jarrah,noun,Wiktionary-only; an ordinary noun a player would type
rando,noun,Wiktionary-only; an ordinary noun a player would type
licensor,noun,Wiktionary-only; an ordinary noun a player would type
holodeck,noun,Wiktionary-only; an ordinary noun a player would type
tartare,noun,Wiktionary-only; an ordinary noun a player would type
barbera,noun,Wiktionary-only; an ordinary noun a player would type
linotype,noun,Wiktionary-only; an ordinary noun a player would type
lusk,name,"a name, brand or title far more often than the common noun"
tonka,noun,Wiktionary-only; an ordinary noun a player would type
downloader,noun,Wiktionary-only; an ordinary noun a player would type
morita,name,"a name, brand or title far more often than the common noun"
seahawk,noun,Wiktionary-only; an ordinary noun a player would type
kettlebell,noun,Wiktionary-only; an ordinary noun a player would type
resveratrol,noun,Wiktionary-only; an ordinary noun a player would type
replicator,noun,Wiktionary-only; an ordinary noun a player would type
acai,noun,Wiktionary-only; an ordinary noun a player would type
manhunter,noun,Wiktionary-only; an ordinary noun a player would type
multifunction,noun,Wiktionary-only; an ordinary noun a player would type
sintering,noun,Wiktionary-only; an ordinary noun a player would type
seif,noun,Wiktionary-only; an ordinary noun a player would type
rocksteady,noun,Wiktionary-only; an ordinary noun a player would type
riverwalk,noun,Wiktionary-only; an ordinary noun a player would type
securitization,noun,Wiktionary-only; an ordinary noun a player would type
dopaminergic,noun,Wiktionary-only; an ordinary noun a player would type
mockumentary,noun,Wiktionary-only; an ordinary noun a player would type
terraforming,noun,Wiktionary-only; an ordinary noun a player would type
tcf,noise,"slur, vulgar label, letter name, interjection, plural-only form or fragment"
bygones,noise,"slur, vulgar label, letter name, interjection, plural-only form or fragment"
washi,noun,Wiktionary-only; an ordinary noun a player would type
soju,noun,Wiktionary-only; an ordinary noun a player would type
snowpack,noun,Wiktionary-only; an ordinary noun a player would type
stackable,noun,Wiktionary-only; an ordinary noun a player would type
kitsune,noun,Wiktionary-only; an ordinary noun a player would type
roading,noun,Wiktionary-only; an ordinary noun a player would type
storytime,noun,Wiktionary-only; an ordinary noun a player would type
chana,noun,Wiktionary-only; an ordinary noun a player would type
biro,noun,Wiktionary-only; an ordinary noun a player would type
minigame,noun,Wiktionary-only; an ordinary noun a player would type
rego,noun,Wiktionary-only; an ordinary noun a player would type
parm,noun,Wiktionary-only; an ordinary noun a player would type
rebounder,noun,Wiktionary-only; an ordinary noun a player would type
telos,noun,Wiktionary-only; an ordinary noun a player would type
bardo,noun,Wiktionary-only; an ordinary noun a player would type
tramadol,noun,Wiktionary-only; an ordinary noun a player would type
hangul,noun,Wiktionary-only; an ordinary noun a player would type
dinger,noun,Wiktionary-only; an ordinary noun a player would type
fuckface,noise,"slur, vulgar label, letter name, interjection, plural-only form or fragment"
fusarium,noun,Wiktionary-only; an ordinary noun a player would type
banca,name,"a name, brand or title far more often than the common noun"
epipen,name,"a name, brand or title far more often than the common noun"
grayscale,noun,Wiktionary-only; an ordinary noun a player would type
electrodynamics,noun,Wiktionary-only; an ordinary noun a player would type
doody,noise,"slur, vulgar label, letter name, interjection, plural-only form or fragment"
supermax,noun,Wiktionary-only; an ordinary noun a player would type
replanting,noun,Wiktionary-only; an ordinary noun a player would type
riad,noun,Wiktionary-only; an ordinary noun a player would type
redrawing,noun,Wiktionary-only; an ordinary noun a player would type
bioenergy,noun,Wiktionary-only; an ordinary noun a player would type
papillomavirus,noun,Wiktionary-only; an ordinary noun a player would type
libero,noun,Wiktionary-only; an ordinary noun a player would type
sammie,noun,Wiktionary-only; an ordinary noun a player would type
shapeshifting,noun,Wiktionary-only; an ordinary noun a player would type
shawarma,noun,Wiktionary-only; an ordinary noun a player would type
defunding,noun,Wiktionary-only; an ordinary noun a player would type
gravesite,noun,Wiktionary-only; an ordinary noun a player would type
binning,noun,Wiktionary-only; an ordinary noun a player would type
bilayer,noun,Wiktionary-only; an ordinary noun a player would type
parfum,noun,Wiktionary-only; an ordinary noun a player would type
preselection,noun,Wiktionary-only; an ordinary noun a player would type
fava,noun,Wiktionary-only; an ordinary noun a player would type
homesteading,noun,Wiktionary-only; an ordinary noun a player would type
gummi,noun,Wiktionary-only; an ordinary noun a player would type
rehydration,noun,Wiktionary-only; an ordinary noun a player would type
troon,noise,"slur, vulgar label, letter name, interjection, plural-only form or fragment"
ubiquitin,noun,Wiktionary-only; an ordinary noun a player would type
katsu,noun,Wiktionary-only; an ordinary noun a player would type
dropship,noun,Wiktionary-only; an ordinary noun a player would type
playability,noun,Wiktionary-only; an ordinary noun a player would type
bachata,noun,Wiktionary-only; an ordinary noun a player would type
eyeballing,noun,Wiktionary-only; an ordinary noun a player would type
facemask,noun,Wiktionary-only; an ordinary noun a player would type
blakey,name,"a name, brand or title far more often than the common noun"
superfan,noun,Wiktionary-only; an ordinary noun a player would type
fretboard,noun,Wiktionary-only; an ordinary noun a player would type
crossbody,noun,Wiktionary-only; an ordinary noun a player would type
erlang,noun,Wiktionary-only; an ordinary noun a player would type
fuckable,noise,"slur, vulgar label, letter name, interjection, plural-only form or fragment"
jumbotron,noun,Wiktionary-only; an ordinary noun a player would type
autoplay,noun,Wiktionary-only; an ordinary noun a player would type
funhouse,noun,Wiktionary-only; an ordinary noun a player would type
empath,noun,Wiktionary-only; an ordinary noun a player would type
esh,noise,"slur, vulgar label, letter name, interjection, plural-only form or fragment"
codeword,noun,Wiktionary-only; an ordinary noun a player would type
preparer,noun,Wiktionary-only; an ordinary noun a player would type
homecare,noun,Wiktionary-only; an ordinary noun a player would type
ratcheting,noun,Wiktionary-only; an ordinary noun a player would type
tase,noun,Wiktionary-only; an ordinary noun a player would type
superyacht,noun,Wiktionary-only; an ordinary noun a player would type
refactoring,noun,Wiktionary-only; an ordinary noun a player would type
dyno,noun,Wiktionary-only; an ordinary noun a player would type
ume,noun,Wiktionary-only; an ordinary noun a player would type
overclocking,noun,Wiktionary-only; an ordinary noun a player would type
gracilis,noun,Wiktionary-only; an ordinary noun a player would type
hydroxylase,noun,Wiktionary-only; an ordinary noun a player would type
changelog,noun,Wiktionary-only; an ordinary noun a player would type
metropole,noun,Wiktionary-only; an ordinary noun a player would type
frappuccino,noun,Wiktionary-only; an ordinary noun a player would type
abuela,noun,Wiktionary-only; an ordinary noun a player would type
ridesharing,noun,Wiktionary-only; an ordinary noun a player would type
stim,noun,Wiktionary-only; an ordinary noun a player would type
koro,noun,Wiktionary-only; an ordinary noun a player would type
falciparum,noun,Wiktionary-only; an ordinary noun a player would type
manti,noun,Wiktionary-only; an ordinary noun a player would type
commedia,noun,Wiktionary-only; an ordinary noun a player would type
malbec,noun,Wiktionary-only; an ordinary noun a player would type
throwdown,noun,Wiktionary-only; an ordinary noun a player would type
qigong,noun,Wiktionary-only; an ordinary noun a player would type
darknet,noun,Wiktionary-only; an ordinary noun a player would type
xor,noun,Wiktionary-only; an ordinary noun a player would type
wythe,noun,Wiktionary-only; an ordinary noun a player would type
photovoltaics,noun,Wiktionary-only; an ordinary noun a player would type
trackpad,noun,Wiktionary-only; an ordinary noun a player would type
councilmember,noun,Wiktionary-only; an ordinary noun a player would type
photobook,noun,Wiktionary-only; an ordinary noun a player would type
crema,noun,Wiktionary-only; an ordinary noun a player would type
campervan,noun,Wiktionary-only; an ordinary noun a player would type
schelling,name,"a name, brand or title far more often than the common noun"
diggity,noise,"slur, vulgar label, letter name, interjection, plural-only form or fragment"
astin,name,"a name, brand or title far more often than the common noun"
premarket,noun,Wiktionary-only; an ordinary noun a player would type
fasciitis,noun,Wiktionary-only; an ordinary noun a player would type
superseding,noun,Wiktionary-only; an ordinary noun a player would type
lycan,noun,Wiktionary-only; an ordinary noun a player would type
wagyu,noun,Wiktionary-only; an ordinary noun a player would type
entrainment,noun,Wiktionary-only; an ordinary noun a player would type
kabuto,noun,Wiktionary-only; an ordinary noun a player would type
geocaching,noun,Wiktionary-only; an ordinary noun a player would type
refurb,noun,Wiktionary-only; an ordinary noun a player would type
orf,noun,Wiktionary-only; an ordinary noun a player would type
firewire,name,"a name, brand or title far more often than the common noun"
ribeye,noun,Wiktionary-only; an ordinary noun a player would type
machinima,noun,Wiktionary-only; an ordinary noun a player would type
keirin,noun,Wiktionary-only; an ordinary noun a player would type
domus,noun,Wiktionary-only; an ordinary noun a player would type
vicomte,noun,Wiktionary-only; an ordinary noun a player would type
gigging,noun,Wiktionary-only; an ordinary noun a player would type
thermite,noun,Wiktionary-only; an ordinary noun a player would type
highline,noun,Wiktionary-only; an ordinary noun a player would type
dryland,noun,Wiktionary-only; an ordinary noun a player would type
mogwai,noun,Wiktionary-only; an ordinary noun a player would type
aven,noun,Wiktionary-only; an ordinary noun a player would type
callout,noun,Wiktionary-only; an ordinary noun a player would type
campylobacter,noun,Wiktionary-only; an ordinary noun a player would type
triphosphate,noun,Wiktionary-only; an ordinary noun a player would type
zipline,noun,Wiktionary-only; an ordinary noun a player would type
yaa,noise,"slur, vulgar label, letter name, interjection, plural-only form or fragment"
keyring,noun,Wiktionary-only; an ordinary noun a player would type
halfling,noun,Wiktionary-only; an ordinary noun a player would type
phthalate,noun,Wiktionary-only; an ordinary noun a player would type
polycyclic,noun,Wiktionary-only; an ordinary noun a player would type
lesbo,noise,"slur, vulgar label, letter name, interjection, plural-only form or fragment"
compensator,noun,Wiktionary-only; an ordinary noun a player would type
comtesse,noun,Wiktionary-only; an ordinary noun a player would type
kir,noun,Wiktionary-only; an ordinary noun a player would type
synthetase,noun,Wiktionary-only; an ordinary noun a player would type
dunder,noun,Wiktionary-only; an ordinary noun a player would type
armbar,noun,Wiktionary-only; an ordinary noun a player would type
carnitine,noun,Wiktionary-only; an ordinary noun a player would type
robusta,noun,Wiktionary-only; an ordinary noun a player would type
brickworks,noun,Wiktionary-only; an ordinary noun a player would type
shitbag,noise,"slur, vulgar label, letter name, interjection, plural-only form or fragment"
antisense,noun,Wiktionary-only; an ordinary noun a player would type
zay,noise,"slur, vulgar label, letter name, interjection, plural-only form or fragment"
acro,noun,Wiktionary-only; an ordinary noun a player would type
crunk,noun,Wiktionary-only; an ordinary noun a player would type
frigidaire,name,"a name, brand or title far more often than the common noun"
cholinergic,noun,Wiktionary-only; an ordinary noun a player would type
endocytosis,noun,Wiktionary-only; an ordinary noun a player would type
shinkansen,noun,Wiktionary-only; an ordinary noun a player would type
slopestyle,noun,Wiktionary-only; an ordinary noun a player would type
bokeh,noun,Wiktionary-only; an ordinary noun a player would type
cisplatin,noun,Wiktionary-only; an ordinary noun a player would type
underfunding,noun,Wiktionary-only; an ordinary noun a player would type
steelmaking,noun,Wiktionary-only; an ordinary noun a player would type
factbook,noun,Wiktionary-only; an ordinary noun a player would type
swaddling,noun,Wiktionary-only; an ordinary noun a player would type
taiko,noun,Wiktionary-only; an ordinary noun a player would type
combinatorics,noun,Wiktionary-only; an ordinary noun a player would type
telenovela,noun,Wiktionary-only; an ordinary noun a player would type
norovirus,noun,Wiktionary-only; an ordinary noun a player would type
diethyl,noun,Wiktionary-only; an ordinary noun a player would type
workgroup,noun,Wiktionary-only; an ordinary noun a player would type
plushie,noun,Wiktionary-only; an ordinary noun a player would type
testbed,noun,Wiktionary-only; an ordinary noun a player would type
traduction,noun,Wiktionary-only; an ordinary noun a player would type
maca,noun,Wiktionary-only; an ordinary noun a player would type
grenache,noun,Wiktionary-only; an ordinary noun a player would type
tawa,noun,Wiktionary-only; an ordinary noun a player would type
subarachnoid,noun,Wiktionary-only; an ordinary noun a player would type
vipassana,noun,Wiktionary-only; an ordinary noun a player would type
fleshlight,name,"a name, brand or title far more often than the common noun"
malate,noun,Wiktionary-only; an ordinary noun a player would type
strategizing,noun,Wiktionary-only; an ordinary noun a player would type
safehouse,noun,Wiktionary-only; an ordinary noun a player would type
crip,noise,"slur, vulgar label, letter name, interjection, plural-only form or fragment"
baseband,noun,Wiktionary-only; an ordinary noun a player would type
supercomputing,noun,Wiktionary-only; an ordinary noun a player would type
strikeforce,noun,Wiktionary-only; an ordinary noun a player would type
afrobeat,noun,Wiktionary-only; an ordinary noun a player would type
texturing,noun,Wiktionary-only; an ordinary noun a player would type
chargeback,noun,Wiktionary-only; an ordinary noun a player would type
lawyering,noun,Wiktionary-only; an ordinary noun a player would type
ghazal,noun,Wiktionary-only; an ordinary noun a player would type
ruckman,noun,Wiktionary-only; an ordinary noun a player would type
dagmar,name,"a name, brand or title far more often than the common noun"
owt,noise,"slur, vulgar label, letter name, interjection, plural-only form or fragment"
preprint,noun,Wiktionary-only; an ordinary noun a player would type
integrin,noun,Wiktionary-only; an ordinary noun a player would type
buprenorphine,noun,Wiktionary-only; an ordinary noun a player would type
ragdoll,noun,Wiktionary-only; an ordinary noun a player would type
delisting,noun,Wiktionary-only; an ordinary noun a player would type
tubulin,noun,Wiktionary-only; an ordinary noun a player would type
motorhead,noun,Wiktionary-only; an ordinary noun a player would type
wushu,noun,Wiktionary-only; an ordinary noun a player would type
teardown,noun,Wiktionary-only; an ordinary noun a player would type
teleporter,noun,Wiktionary-only; an ordinary noun a player would type
terroir,noun,Wiktionary-only; an ordinary noun a player would type
beltline,noun,Wiktionary-only; an ordinary noun a player would type
veena,noun,Wiktionary-only; an ordinary noun a player would type
hout,noise,"slur, vulgar label, letter name, interjection, plural-only form or fragment"
stoping,noun,Wiktionary-only; an ordinary noun a player would type
homocysteine,noun,Wiktionary-only; an ordinary noun a player would type
iftar,noun,Wiktionary-only; an ordinary noun a player would type
perovskite,noun,Wiktionary-only; an ordinary noun a player would type
overwintering,noun,Wiktionary-only; an ordinary noun a player would type
overworld,noun,Wiktionary-only; an ordinary noun a player would type
riddim,noun,Wiktionary-only; an ordinary noun a player would type
readme,noun,Wiktionary-only; an ordinary noun a player would type
hatha,noun,Wiktionary-only; an ordinary noun a player would type
neurotoxicity,noun,Wiktionary-only; an ordinary noun a player would type
cuatro,noun,Wiktionary-only; an ordinary noun a player would type
reperfusion,noun,Wiktionary-only; an ordinary noun a player would type
cosmodrome,noun,Wiktionary-only; an ordinary noun a player would type
pisco,noun,Wiktionary-only; an ordinary noun a player would type
hardstyle,noun,Wiktionary-only; an ordinary noun a player would type
dysregulation,noun,Wiktionary-only; an ordinary noun a player would type
paracord,noun,Wiktionary-only; an ordinary noun a player would type
carpaccio,noun,Wiktionary-only; an ordinary noun a player would type
curcumin,noun,Wiktionary-only; an ordinary noun a player would type
gaijin,noun,Wiktionary-only; an ordinary noun a player would type
grom,noun,Wiktionary-only; an ordinary noun a player would type
magisterium,noun,Wiktionary-only; an ordinary noun a player would type
mafic,noun,Wiktionary-only; an ordinary noun a player would type
fortin,name,"a name, brand or title far more often than the common noun"
bimini,name,"a name, brand or title far more often than the common noun"
dropdown,noun,Wiktionary-only; an ordinary noun a player would type
dreamscape,noun,Wiktionary-only; an ordinary noun a player would type
loverboy,noun,Wiktionary-only; an ordinary noun a player would type
tengu,noun,Wiktionary-only; an ordinary noun a player would type
thrifting,noun,Wiktionary-only; an ordinary noun a player would type
univariate,noun,Wiktionary-only; an ordinary noun a player would type
dewatering,noun,Wiktionary-only; an ordinary noun a player would type
cadherin,noun,Wiktionary-only; an ordinary noun a player would type
sandhill,noun,Wiktionary-only; an ordinary noun a player would type
embryogenesis,noun,Wiktionary-only; an ordinary noun a player would type
mechatronics,noun,Wiktionary-only; an ordinary noun a player would type
intercooler,noun,Wiktionary-only; an ordinary noun a player would type
bottega,name,"a name, brand or title far more often than the common noun"
sportsbook,noun,Wiktionary-only; an ordinary noun a player would type
stromboli,noun,Wiktionary-only; an ordinary noun a player would type
microenvironment,noun,Wiktionary-only; an ordinary noun a player would type
replicant,noun,Wiktionary-only; an ordinary noun a player would type
datasheet,noun,Wiktionary-only; an ordinary noun a player would type
homotopy,noun,Wiktionary-only; an ordinary noun a player would type
tattersall,noun,Wiktionary-only; an ordinary noun a player would type
recordkeeping,noun,Wiktionary-only; an ordinary noun a player would type
lookbook,noun,Wiktionary-only; an ordinary noun a player would type
tiburon,name,"a name, brand or title far more often than the common noun"
rappelling,noun,Wiktionary-only; an ordinary noun a player would type
northbridge,noun,Wiktionary-only; an ordinary noun a player would type
churro,noun,Wiktionary-only; an ordinary noun a player would type
kairos,noun,Wiktionary-only; an ordinary noun a player would type
clownfish,noun,Wiktionary-only; an ordinary noun a player would type
ensuite,noun,Wiktionary-only; an ordinary noun a player would type
monotherapy,noun,Wiktionary-only; an ordinary noun a player would type
combinator,noun,Wiktionary-only; an ordinary noun a player would type
unibody,noun,Wiktionary-only; an ordinary noun a player would type
qubit,noun,Wiktionary-only; an ordinary noun a player would type
snowmobiling,noun,Wiktionary-only; an ordinary noun a player would type
manju,name,"a name, brand or title far more often than the common noun"
theming,noun,Wiktionary-only; an ordinary noun a player would type
stapling,noun,Wiktionary-only; an ordinary noun a player would type
homescreen,noun,Wiktionary-only; an ordinary noun a player would type
laneway,noun,Wiktionary-only; an ordinary noun a player would type
earmuffs,noise,"slur, vulgar label, letter name, interjection, plural-only form or fragment"
catenin,noun,Wiktionary-only; an ordinary noun a player would type
pitter,noun,Wiktionary-only; an ordinary noun a player would type
germline,noun,Wiktionary-only; an ordinary noun a player would type
cineplex,noun,Wiktionary-only; an ordinary noun a player would type
homestand,noun,Wiktionary-only; an ordinary noun a player would type
trackside,noun,Wiktionary-only; an ordinary noun a player would type
frontcourt,noun,Wiktionary-only; an ordinary noun a player would type
bridie,noun,Wiktionary-only; an ordinary noun a player would type
paclitaxel,noun,Wiktionary-only; an ordinary noun a player would type
cama,noun,Wiktionary-only; an ordinary noun a player would type
denuclearization,noun,Wiktionary-only; an ordinary noun a player would type
derecho,noun,Wiktionary-only; an ordinary noun a player would type
gamertag,noun,Wiktionary-only; an ordinary noun a player would type
moksha,noun,Wiktionary-only; an ordinary noun a player would type
princeps,noun,Wiktionary-only; an ordinary noun a player would type
paperwhite,noun,Wiktionary-only; an ordinary noun a player would type
agroforestry,noun,Wiktionary-only; an ordinary noun a player would type
bullcrap,noise,"slur, vulgar label, letter name, interjection, plural-only form or fragment"
matsu,name,"a name, brand or title far more often than the common noun"
piledriver,noun,Wiktionary-only; an ordinary noun a player would type
nametag,noun,Wiktionary-only; an ordinary noun a player would type
earworm,noun,Wiktionary-only; an ordinary noun a player would type
cyclocross,noun,Wiktionary-only; an ordinary noun a player would type
ebit,noun,Wiktionary-only; an ordinary noun a player would type
mailroom,noun,Wiktionary-only; an ordinary noun a player would type
bandura,noun,Wiktionary-only; an ordinary noun a player would type
culottes,noise,"slur, vulgar label, letter name, interjection, plural-only form or fragment"
chook,noun,Wiktionary-only; an ordinary noun a player would type
fuckwit,noise,"slur, vulgar label, letter name, interjection, plural-only form or fragment"
bundt,noun,Wiktionary-only; an ordinary noun a player would type
denialism,noun,Wiktionary-only; an ordinary noun a player would type
designator,noun,Wiktionary-only; an ordinary noun a player would type
propionate,noun,Wiktionary-only; an ordinary noun a player would type
leatherman,name,"a name, brand or title far more often than the common noun"
cocksucking,noise,"slur, vulgar label, letter name, interjection, plural-only form or fragment"
homeware,noun,Wiktionary-only; an ordinary noun a player would type
tweaker,noun,Wiktionary-only; an ordinary noun a player would type
tule,noun,Wiktionary-only; an ordinary noun a player would type
jobsite,noun,Wiktionary-only; an ordinary noun a player would type
sambal,noun,Wiktionary-only; an ordinary noun a player would type
samsonite,name,"a name, brand or title far more often than the common noun"
kegel,noun,Wiktionary-only; an ordinary noun a player would type
bisphenol,noun,Wiktionary-only; an ordinary noun a player would type
kampung,noun,Wiktionary-only; an ordinary noun a player would type
energetics,noun,Wiktionary-only; an ordinary noun a player would type
quadrupole,noun,Wiktionary-only; an ordinary noun a player would type
brazing,noun,Wiktionary-only; an ordinary noun a player would type
crewmember,noun,Wiktionary-only; an ordinary noun a player would type
gigafactory,noun,Wiktionary-only; an ordinary noun a player would type
weta,noun,Wiktionary-only; an ordinary noun a player would type
hooley,noun,Wiktionary-only; an ordinary noun a player would type
horcrux,name,"a name, brand or title far more often than the common noun"
neurodegeneration,noun,Wiktionary-only; an ordinary noun a player would type
aji,noun,Wiktionary-only; an ordinary noun a player would type
hapa,noun,Wiktionary-only; an ordinary noun a player would type
germplasm,noun,Wiktionary-only; an ordinary noun a player would type
longlist,noun,Wiktionary-only; an ordinary noun a player would type
bergh,name,"a name, brand or title far more often than the common noun"
betamax,name,"a name, brand or title far more often than the common noun"
recalibration,noun,Wiktionary-only; an ordinary noun a player would type
stickman,noun,Wiktionary-only; an ordinary noun a player would type
toolset,noun,Wiktionary-only; an ordinary noun a player would type
pecorino,noun,Wiktionary-only; an ordinary noun a player would type
drumline,noun,Wiktionary-only; an ordinary noun a player would type
lightbox,noun,Wiktionary-only; an ordinary noun a player would type
rehoming,noun,Wiktionary-only; an ordinary noun a player would type
cleantech,noun,Wiktionary-only; an ordinary noun a player would type
sawgrass,noun,Wiktionary-only; an ordinary noun a player would type
venta,name,"a name, brand or title far more often than the common noun"
cohomology,noun,Wiktionary-only; an ordinary noun a player would type
wookie,name,"a name, brand or title far more often than the common noun"
alif,noise,"slur, vulgar label, letter name, interjection, plural-only form or fragment"
bruschetta,noun,Wiktionary-only; an ordinary noun a player would type
superset,noun,Wiktionary-only; an ordinary noun a player would type
chateaubriand,noun,Wiktionary-only; an ordinary noun a player would type
blathering,noun,Wiktionary-only; an ordinary noun a player would type
webtoon,noun,Wiktionary-only; an ordinary noun a player would type
bossman,noun,Wiktionary-only; an ordinary noun a player would type
hepatology,noun,Wiktionary-only; an ordinary noun a player would type
asswipe,noise,"slur, vulgar label, letter name, interjection, plural-only form or fragment"
telepath,noun,Wiktionary-only; an ordinary noun a player would type
nanoscience,noun,Wiktionary-only; an ordinary noun a player would type
outcall,noun,Wiktionary-only; an ordinary noun a player would type
kra,noise,"slur, vulgar label, letter name, interjection, plural-only form or fragment"
blabbering,noun,Wiktionary-only; an ordinary noun a player would type
woodie,noun,Wiktionary-only; an ordinary noun a player would type
pickpocketing,noun,Wiktionary-only; an ordinary noun a player would type
fucktard,noise,"slur, vulgar label, letter name, interjection, plural-only form or fragment"
finasteride,noun,Wiktionary-only; an ordinary noun a player would type
proteasome,noun,Wiktionary-only; an ordinary noun a player would type
finca,noun,Wiktionary-only; an ordinary noun a player would type
aromatase,noun,Wiktionary-only; an ordinary noun a player would type
cumbia,noun,Wiktionary-only; an ordinary noun a player would type
kayfabe,noun,Wiktionary-only; an ordinary noun a player would type
creepypasta,noun,Wiktionary-only; an ordinary noun a player would type
gose,noun,Wiktionary-only; an ordinary noun a player would type
megalodon,noun,Wiktionary-only; an ordinary noun a player would type
triforce,name,"a name, brand or title far more often than the common noun"
tretinoin,noun,Wiktionary-only; an ordinary noun a player would type
railgun,noun,Wiktionary-only; an ordinary noun a player would type
backhaul,noun,Wiktionary-only; an ordinary noun a player would type
matsuri,noun,Wiktionary-only; an ordinary noun a player would type
screamo,noun,Wiktionary-only; an ordinary noun a player would type
kickboxer,noun,Wiktionary-only; an ordinary noun a player would type
crosslinking,noun,Wiktionary-only; an ordinary noun a player would type
homebuilding,noun,Wiktionary-only; an ordinary noun a player would type
timespan,noun,Wiktionary-only; an ordinary noun a player would type
looove,noise,"slur, vulgar label, letter name, interjection, plural-only form or fragment"
ouroboros,noun,Wiktionary-only; an ordinary noun a player would type
bolas,noun,Wiktionary-only; an ordinary noun a player would type
decluttering,noun,Wiktionary-only; an ordinary noun a player would type
bootable,noun,Wiktionary-only; an ordinary noun a player would type
ube,noun,Wiktionary-only; an ordinary noun a player would type
menudo,noun,Wiktionary-only; an ordinary noun a player would type
impactor,noun,Wiktionary-only; an ordinary noun a player would type
backscatter,noun,Wiktionary-only; an ordinary noun a player would type
cyclase,noun,Wiktionary-only; an ordinary noun a player would type
troponin,noun,Wiktionary-only; an ordinary noun a player would type
shearling,noun,Wiktionary-only; an ordinary noun a player would type
diphosphate,noun,Wiktionary-only; an ordinary noun a player would type
handwashing,noun,Wiktionary-only; an ordinary noun a player would type
longline,noun,Wiktionary-only; an ordinary noun a player would type
genderqueer,noun,Wiktionary-only; an ordinary noun a player would type
caca,noise,"slur, vulgar label, letter name, interjection, plural-only form or fragment"
juvie,noun,Wiktionary-only; an ordinary noun a player would type
biller,noun,Wiktionary-only; an ordinary noun a player would type
wingsuit,noun,Wiktionary-only; an ordinary noun a player would type
flipboard,noun,Wiktionary-only; an ordinary noun a player would type
roguelike,noun,Wiktionary-only; an ordinary noun a player would type
inari,noun,Wiktionary-only; an ordinary noun a player would type
snus,noun,Wiktionary-only; an ordinary noun a player would type
negroni,noun,Wiktionary-only; an ordinary noun a player would type
zolpidem,noun,Wiktionary-only; an ordinary noun a player would type
gatekeeping,noun,Wiktionary-only; an ordinary noun a player would type
jerkoff,noise,"slur, vulgar label, letter name, interjection, plural-only form or fragment"
wau,noise,"slur, vulgar label, letter name, interjection, plural-only form or fragment"
jobseeker,noun,Wiktionary-only; an ordinary noun a player would type
cueing,noun,Wiktionary-only; an ordinary noun a player would type
shuriken,noun,Wiktionary-only; an ordinary noun a player would type
rotorcraft,noun,Wiktionary-only; an ordinary noun a player would type
wonderboy,noun,Wiktionary-only; an ordinary noun a player would type
glucan,noun,Wiktionary-only; an ordinary noun a player would type
clonazepam,noun,Wiktionary-only; an ordinary noun a player would type
subnational,noun,Wiktionary-only; an ordinary noun a player would type
wavefunction,noun,Wiktionary-only; an ordinary noun a player would type
crosser,noun,Wiktionary-only; an ordinary noun a player would type
chaebol,noun,Wiktionary-only; an ordinary noun a player would type
bandgap,noun,Wiktionary-only; an ordinary noun a player would type
neuroplasticity,noun,Wiktionary-only; an ordinary noun a player would type
livestreaming,noun,Wiktionary-only; an ordinary noun a player would type
reupload,noun,Wiktionary-only; an ordinary noun a player would type
reshoot,noun,Wiktionary-only; an ordinary noun a player would type
penton,noun,Wiktionary-only; an ordinary noun a player would type
tooltip,noun,Wiktionary-only; an ordinary noun a player would type
grouting,noun,Wiktionary-only; an ordinary noun a player would type
untreatable,noun,Wiktionary-only; an ordinary noun a player would type
headbutting,noun,Wiktionary-only; an ordinary noun a player would type
umrah,noun,Wiktionary-only; an ordinary noun a player would type
underinsured,noun,Wiktionary-only; an ordinary noun a player would type
psoriatic,noun,Wiktionary-only; an ordinary noun a player would type
puh,noise,"slur, vulgar label, letter name, interjection, plural-only form or fragment"
overgrazing,noun,Wiktionary-only; an ordinary noun a player would type
fister,noise,"slur, vulgar label, letter name, interjection, plural-only form or fragment"
overconsumption,noun,Wiktionary-only; an ordinary noun a player would type
breading,noun,Wiktionary-only; an ordinary noun a player would type
diene,noun,Wiktionary-only; an ordinary noun a player would type
chemokine,noun,Wiktionary-only; an ordinary noun a player would type
vivax,noun,Wiktionary-only; an ordinary noun a player would type
lamin,noun,Wiktionary-only; an ordinary noun a player would type
nanite,noun,Wiktionary-only; an ordinary noun a player would type
hitmaker,noun,Wiktionary-only; an ordinary noun a player would type
ministership,noun,Wiktionary-only; an ordinary noun a player would type
playfield,noun,Wiktionary-only; an ordinary noun a player would type
brane,noun,Wiktionary-only; an ordinary noun a player would type
remastering,noun,Wiktionary-only; an ordinary noun a player would type
renormalization,noun,Wiktionary-only; an ordinary noun a player would type
binational,noun,Wiktionary-only; an ordinary noun a player would type
switchover,noun,Wiktionary-only; an ordinary noun a player would type
symbiont,noun,Wiktionary-only; an ordinary noun a player would type
widebody,noun,Wiktionary-only; an ordinary noun a player would type
superstorm,noun,Wiktionary-only; an ordinary noun a player would type
biopharma,noun,Wiktionary-only; an ordinary noun a player would type
polyclonal,noun,Wiktionary-only; an ordinary noun a player would type
cyclophosphamide,noun,Wiktionary-only; an ordinary noun a player would type
ivermectin,noun,Wiktionary-only; an ordinary noun a player would type
riverbend,noun,Wiktionary-only; an ordinary noun a player would type
muscarinic,noun,Wiktionary-only; an ordinary noun a player would type
anticorruption,noun,Wiktionary-only; an ordinary noun a player would type
starbase,noun,Wiktionary-only; an ordinary noun a player would type
firman,noun,Wiktionary-only; an ordinary noun a player would type
ultrabook,noun,Wiktionary-only; an ordinary noun a player would type
kuh,noise,"slur, vulgar label, letter name, interjection, plural-only form or fragment"
upregulation,noun,Wiktionary-only; an ordinary noun a player would type
spirulina,noun,Wiktionary-only; an ordinary noun a player would type
unbundling,noun,Wiktionary-only; an ordinary noun a player would type
underperformance,noun,Wiktionary-only; an ordinary noun a player would type
burpee,noun,Wiktionary-only; an ordinary noun a player would type
deathcore,noun,Wiktionary-only; an ordinary noun a player would type
moai,noun,Wiktionary-only; an ordinary noun a player would type
sessional,noun,Wiktionary-only; an ordinary noun a player would type
tarring,noun,Wiktionary-only; an ordinary noun a player would type
reh,noise,"slur, vulgar label, letter name, interjection, plural-only form or fragment"
makerspace,noun,Wiktionary-only; an ordinary noun a player would type
consigliere,noun,Wiktionary-only; an ordinary noun a player would type
alastor,name,"a name, brand or title far more often than the common noun"
chirality,noun,Wiktionary-only; an ordinary noun a player would type
photobomb,noun,Wiktionary-only; an ordinary noun a player would type
fibronectin,noun,Wiktionary-only; an ordinary noun a player would type
kero,noun,Wiktionary-only; an ordinary noun a player would type
aquaponics,noun,Wiktionary-only; an ordinary noun a player would type
drafthouse,noun,Wiktionary-only; an ordinary noun a player would type
houndstooth,noun,Wiktionary-only; an ordinary noun a player would type
queef,noise,"slur, vulgar label, letter name, interjection, plural-only form or fragment"
cryopreservation,noun,Wiktionary-only; an ordinary noun a player would type
transhumanism,noun,Wiktionary-only; an ordinary noun a player would type
moscato,noun,Wiktionary-only; an ordinary noun a player would type
mehndi,noun,Wiktionary-only; an ordinary noun a player would type
loadout,noun,Wiktionary-only; an ordinary noun a player would type
trie,noun,Wiktionary-only; an ordinary noun a player would type
stritch,name,"a name, brand or title far more often than the common noun"
filmer,noun,Wiktionary-only; an ordinary noun a player would type
injun,noise,"slur, vulgar label, letter name, interjection, plural-only form or fragment"
pickler,noun,Wiktionary-only; an ordinary noun a player would type
aimer,noun,Wiktionary-only; an ordinary noun a player would type
agarose,noun,Wiktionary-only; an ordinary noun a player would type
maximalist,noun,Wiktionary-only; an ordinary noun a player would type
reusability,noun,Wiktionary-only; an ordinary noun a player would type
jihadism,noun,Wiktionary-only; an ordinary noun a player would type
incall,noun,Wiktionary-only; an ordinary noun a player would type
rosado,name,"a name, brand or title far more often than the common noun"
shapewear,noun,Wiktionary-only; an ordinary noun a player would type
boudin,noun,Wiktionary-only; an ordinary noun a player would type
vaporwave,noun,Wiktionary-only; an ordinary noun a player would type
loanee,noun,Wiktionary-only; an ordinary noun a player would type
microsatellite,noun,Wiktionary-only; an ordinary noun a player would type
synthpop,noun,Wiktionary-only; an ordinary noun a player would type
warfighter,noun,Wiktionary-only; an ordinary noun a player would type
normale,name,"a name, brand or title far more often than the common noun"
ceramide,noun,Wiktionary-only; an ordinary noun a player would type
paver,noun,Wiktionary-only; an ordinary noun a player would type
freeloading,noun,Wiktionary-only; an ordinary noun a player would type
supercross,noun,Wiktionary-only; an ordinary noun a player would type
enablement,noun,Wiktionary-only; an ordinary noun a player would type
couponing,noun,Wiktionary-only; an ordinary noun a player would type
naptime,noun,Wiktionary-only; an ordinary noun a player would type
prr,noise,"slur, vulgar label, letter name, interjection, plural-only form or fragment"
chillout,noun,Wiktionary-only; an ordinary noun a player would type
restrictor,noun,Wiktionary-only; an ordinary noun a player would type
recertification,noun,Wiktionary-only; an ordinary noun a player would type
serotype,noun,Wiktionary-only; an ordinary noun a player would type
whatta,noise,"slur, vulgar label, letter name, interjection, plural-only form or fragment"
sucralose,noun,Wiktionary-only; an ordinary noun a player would type
programm,noise,"slur, vulgar label, letter name, interjection, plural-only form or fragment"
tela,name,"a name, brand or title far more often than the common noun"
semigroup,noun,Wiktionary-only; an ordinary noun a player would type
zouk,noun,Wiktionary-only; an ordinary noun a player would type
preprocessor,noun,Wiktionary-only; an ordinary noun a player would type
preprocessing,noun,Wiktionary-only; an ordinary noun a player would type
pronotum,noun,Wiktionary-only; an ordinary noun a player would type
feis,name,"a name, brand or title far more often than the common noun"
kugel,noun,Wiktionary-only; an ordinary noun a player would type
pomodoro,name,"a name, brand or title far more often than the common noun"
shiz,noise,"slur, vulgar label, letter name, interjection, plural-only form or fragment"
hostname,noun,Wiktionary-only; an ordinary noun a player would type
brachytherapy,noun,Wiktionary-only; an ordinary noun a player would type
ligase,noun,Wiktionary-only; an ordinary noun a player would type
bichon,noun,Wiktionary-only; an ordinary noun a player would type
hominin,noun,Wiktionary-only; an ordinary noun a player would type
chondroitin,noun,Wiktionary-only; an ordinary noun a player would type
abend,noun,Wiktionary-only; an ordinary noun a player would type
yiff,noise,"slur, vulgar label, letter name, interjection, plural-only form or fragment"
kanban,noun,Wiktionary-only; an ordinary noun a player would type
jeepney,noun,Wiktionary-only; an ordinary noun a player would type
dashi,noun,Wiktionary-only; an ordinary noun a player would type
webstore,noun,Wiktionary-only; an ordinary noun a player would type
concho,noun,Wiktionary-only; an ordinary noun a player would type
sarma,noun,Wiktionary-only; an ordinary noun a player would type
bupropion,noun,Wiktionary-only; an ordinary noun a player would type
backlink,noun,Wiktionary-only; an ordinary noun a player would type
asiago,noun,Wiktionary-only; an ordinary noun a player would type
toymaker,noun,Wiktionary-only; an ordinary noun a player would type
sifu,noun,Wiktionary-only; an ordinary noun a player would type
grindcore,noun,Wiktionary-only; an ordinary noun a player would type
torta,noun,Wiktionary-only; an ordinary noun a player would type
fearmongering,noun,Wiktionary-only; an ordinary noun a player would type
failover,noun,Wiktionary-only; an ordinary noun a player would type
flatscreen,noun,Wiktionary-only; an ordinary noun a player would type
randomizer,noun,Wiktionary-only; an ordinary noun a player would type
pierogi,noun,Wiktionary-only; an ordinary noun a player would type
mesoscale,noun,Wiktionary-only; an ordinary noun a player would type
peroxidation,noun,Wiktionary-only; an ordinary noun a player would type
carnitas,noun,Wiktionary-only; an ordinary noun a player would type
blankie,noun,Wiktionary-only; an ordinary noun a player would type
tumorigenesis,noun,Wiktionary-only; an ordinary noun a player would type
servlet,noun,Wiktionary-only; an ordinary noun a player would type
monophosphate,noun,Wiktionary-only; an ordinary noun a player would type
optoelectronics,noun,Wiktionary-only; an ordinary noun a player would type
lipopolysaccharide,noun,Wiktionary-only; an ordinary noun a player would type
upliftment,noun,Wiktionary-only; an ordinary noun a player would type
multithreading,noun,Wiktionary-only; an ordinary noun a player would type
nicotinamide,noun,Wiktionary-only; an ordinary noun a player would type
farro,noun,Wiktionary-only; an ordinary noun a player would type
laserjet,name,"a name, brand or title far more often than the common noun"
lasing,noun,Wiktionary-only; an ordinary noun a player would type
sheetrock,name,"a name, brand or title far more often than the common noun"
coliform,noun,Wiktionary-only; an ordinary noun a player would type
artbook,noun,Wiktionary-only; an ordinary noun a player would type
caretaking,noun,Wiktionary-only; an ordinary noun a player would type
nyet,noise,"slur, vulgar label, letter name, interjection, plural-only form or fragment"
comitatus,noun,Wiktionary-only; an ordinary noun a player would type
salto,noun,Wiktionary-only; an ordinary noun a player would type
ruleset,noun,Wiktionary-only; an ordinary noun a player would type
varroa,noun,Wiktionary-only; an ordinary noun a player would type
ultraviolence,noun,Wiktionary-only; an ordinary noun a player would type
herstory,noun,Wiktionary-only; an ordinary noun a player would type
balaban,name,"a name, brand or title far more often than the common noun"
spinosaurus,name,"a name, brand or title far more often than the common noun"
interweb,name,"a name, brand or title far more often than the common noun"
makeout,noun,Wiktionary-only; an ordinary noun a player would type
ciphertext,noun,Wiktionary-only; an ordinary noun a player would type
backstab,noun,Wiktionary-only; an ordinary noun a player would type
extinguishment,noun,Wiktionary-only; an ordinary noun a player would type
zein,noun,Wiktionary-only; an ordinary noun a player would type
zari,noun,Wiktionary-only; an ordinary noun a player would type
workrate,noun,Wiktionary-only; an ordinary noun a player would type
worldbuilding,noun,Wiktionary-only; an ordinary noun a player would type
diener,noun,Wiktionary-only; an ordinary noun a player would type
schmoozing,noun,Wiktionary-only; an ordinary noun a player would type
cribbing,noun,Wiktionary-only; an ordinary noun a player would type
jip,noise,"slur, vulgar label, letter name, interjection, plural-only form or fragment"
ristorante,name,"a name, brand or title far more often than the common noun"
minifigure,noun,Wiktionary-only; an ordinary noun a player would type
minimax,noun,Wiktionary-only; an ordinary noun a player would type
folklife,noun,Wiktionary-only; an ordinary noun a player would type
fadeaway,noun,Wiktionary-only; an ordinary noun a player would type
outshot,noun,Wiktionary-only; an ordinary noun a player would type
warfighting,noun,Wiktionary-only; an ordinary noun a player would type
powerbomb,noun,Wiktionary-only; an ordinary noun a player would type
localhost,noun,Wiktionary-only; an ordinary noun a player would type
microcredit,noun,Wiktionary-only; an ordinary noun a player would type
kumara,noun,Wiktionary-only; an ordinary noun a player would type
transcoding,noun,Wiktionary-only; an ordinary noun a player would type
hospitalist,noun,Wiktionary-only; an ordinary noun a player would type
moonbase,noun,Wiktionary-only; an ordinary noun a player would type
ultramafic,noun,Wiktionary-only; an ordinary noun a player would type
grindhouse,noun,Wiktionary-only; an ordinary noun a player would type
skydome,noun,Wiktionary-only; an ordinary noun a player would type
urbano,name,"a name, brand or title far more often than the common noun"
excimer,noun,Wiktionary-only; an ordinary noun a player would type
cyberwarfare,noun,Wiktionary-only; an ordinary noun a player would type
cyclization,noun,Wiktionary-only; an ordinary noun a player would type
dahi,noun,Wiktionary-only; an ordinary noun a player would type
centeredness,noun,Wiktionary-only; an ordinary noun a player would type
lineout,noun,Wiktionary-only; an ordinary noun a player would type
parp,noise,"slur, vulgar label, letter name, interjection, plural-only form or fragment"
southbridge,noun,Wiktionary-only; an ordinary noun a player would type
nads,noise,"slur, vulgar label, letter name, interjection, plural-only form or fragment"
allosteric,noun,Wiktionary-only; an ordinary noun a player would type
distributable,noun,Wiktionary-only; an ordinary noun a player would type
zoomer,noun,Wiktionary-only; an ordinary noun a player would type
abseiling,noun,Wiktionary-only; an ordinary noun a player would type
kalamata,noun,Wiktionary-only; an ordinary noun a player would type
panko,noun,Wiktionary-only; an ordinary noun a player would type
azz,noise,"slur, vulgar label, letter name, interjection, plural-only form or fragment"
cerrado,noun,Wiktionary-only; an ordinary noun a player would type
cannabidiol,noun,Wiktionary-only; an ordinary noun a player would type
superdrug,noun,Wiktionary-only; an ordinary noun a player would type
botrytis,noun,Wiktionary-only; an ordinary noun a player would type
retinoid,noun,Wiktionary-only; an ordinary noun a player would type
carbamazepine,noun,Wiktionary-only; an ordinary noun a player would type
bivariate,noun,Wiktionary-only; an ordinary noun a player would type
kringle,noun,Wiktionary-only; an ordinary noun a player would type
toxoplasma,noun,Wiktionary-only; an ordinary noun a player would type
undeliverable,noun,Wiktionary-only; an ordinary noun a player would type
remapping,noun,Wiktionary-only; an ordinary noun a player would type
infectivity,noun,Wiktionary-only; an ordinary noun a player would type
widdle,noise,"slur, vulgar label, letter name, interjection, plural-only form or fragment"
multipolar,noun,Wiktionary-only; an ordinary noun a player would type
methoxy,noun,Wiktionary-only; an ordinary noun a player would type
humbucker,noun,Wiktionary-only; an ordinary noun a player would type
epoxide,noun,Wiktionary-only; an ordinary noun a player would type
alvar,noun,Wiktionary-only; an ordinary noun a player would type
neuropeptide,noun,Wiktionary-only; an ordinary noun a player would type
halloumi,noun,Wiktionary-only; an ordinary noun a player would type
taqueria,noun,Wiktionary-only; an ordinary noun a player would type
pandan,noun,Wiktionary-only; an ordinary noun a player would type
debye,noun,Wiktionary-only; an ordinary noun a player would type
subcarrier,noun,Wiktionary-only; an ordinary noun a player would type
barfi,noun,Wiktionary-only; an ordinary noun a player would type
merkin,noun,Wiktionary-only; an ordinary noun a player would type
apolipoprotein,noun,Wiktionary-only; an ordinary noun a player would type
wellbore,noun,Wiktionary-only; an ordinary noun a player would type
topline,noun,Wiktionary-only; an ordinary noun a player would type
muthafucka,noise,"slur, vulgar label, letter name, interjection, plural-only form or fragment"
bankside,noun,Wiktionary-only; an ordinary noun a player would type
counterstrike,noun,Wiktionary-only; an ordinary noun a player would type
pendejo,noise,"slur, vulgar label, letter name, interjection, plural-only form or fragment"
symplectic,noun,Wiktionary-only; an ordinary noun a player would type
multipath,noun,Wiktionary-only; an ordinary noun a player would type
vinyasa,noun,Wiktionary-only; an ordinary noun a player would type
citalopram,noun,Wiktionary-only; an ordinary noun a player would type
viscoelastic,noun,Wiktionary-only; an ordinary noun a player would type
superhot,noun,Wiktionary-only; an ordinary noun a player would type
quim,noise,"slur, vulgar label, letter name, interjection, plural-only form or fragment"
fumarate,noun,Wiktionary-only; an ordinary noun a player would type
compostable,noun,Wiktionary-only; an ordinary noun a player would type
ascorbate,noun,Wiktionary-only; an ordinary noun a player would type
softshell,noun,Wiktionary-only; an ordinary noun a player would type
smokie,noun,Wiktionary-only; an ordinary noun a player would type
modder,noun,Wiktionary-only; an ordinary noun a player would type
rikishi,noun,Wiktionary-only; an ordinary noun a player would type
dimerization,noun,Wiktionary-only; an ordinary noun a player would type
playland,noun,Wiktionary-only; an ordinary noun a player would type
phentermine,noun,Wiktionary-only; an ordinary noun a player would type
phospholipase,noun,Wiktionary-only; an ordinary noun a player would type
motherfuck,noise,"slur, vulgar label, letter name, interjection, plural-only form or fragment"
moringa,noun,Wiktionary-only; an ordinary noun a player would type
sieving,noun,Wiktionary-only; an ordinary noun a player would type
sicario,noun,Wiktionary-only; an ordinary noun a player would type
microscale,noun,Wiktionary-only; an ordinary noun a player would type
unibrow,noun,Wiktionary-only; an ordinary noun a player would type
biggy,noun,Wiktionary-only; an ordinary noun a player would type
beemer,noun,Wiktionary-only; an ordinary noun a player would type
broadhead,noun,Wiktionary-only; an ordinary noun a player would type
bayfront,noun,Wiktionary-only; an ordinary noun a player would type
edtech,noun,Wiktionary-only; an ordinary noun a player would type
levan,noun,Wiktionary-only; an ordinary noun a player would type
lifeform,noun,Wiktionary-only; an ordinary noun a player would type
porcini,noun,Wiktionary-only; an ordinary noun a player would type
rituximab,noun,Wiktionary-only; an ordinary noun a player would type
sangiovese,noun,Wiktionary-only; an ordinary noun a player would type
hamsa,noun,Wiktionary-only; an ordinary noun a player would type
kodama,name,"a name, brand or title far more often than the common noun"
calmodulin,noun,Wiktionary-only; an ordinary noun a player would type
overclock,noun,Wiktionary-only; an ordinary noun a player would type
cvm,noise,"slur, vulgar label, letter name, interjection, plural-only form or fragment"
terai,noun,Wiktionary-only; an ordinary noun a player would type
lassi,noun,Wiktionary-only; an ordinary noun a player would type
danna,noise,"slur, vulgar label, letter name, interjection, plural-only form or fragment"
mithril,noun,Wiktionary-only; an ordinary noun a player would type
serotonergic,noun,Wiktionary-only; an ordinary noun a player would type
seleucid,name,"a name, brand or title far more often than the common noun"
enneagram,noun,Wiktionary-only; an ordinary noun a player would type
telemovie,noun,Wiktionary-only; an ordinary noun a player would type
san,name,"a name, brand or title far more often than the common noun"
sam,name,"a name, brand or title far more often than the common noun"
daniel,name,"a name, brand or title far more often than the common noun"
kong,name,"a name, brand or title far more often than the common noun"
eric,name,"a name, brand or title far more often than the common noun"
jeff,name,"a name, brand or title far more often than the common noun"
andy,name,"a name, brand or title far more often than the common noun"
morgan,name,"a name, brand or title far more often than the common noun"
diego,name,"a name, brand or title far more often than the common noun"
ann,name,"a name, brand or title far more often than the common noun"
kate,name,"a name, brand or title far more often than the common noun"
jonathan,name,"a name, brand or title far more often than the common noun"
barry,name,"a name, brand or title far more often than the common noun"
roy,name,"a name, brand or title far more often than the common noun"
laura,name,"a name, brand or title far more often than the common noun"
steven,name,"a name, brand or title far more often than the common noun"
emma,name,"a name, brand or title far more often than the common noun"
ron,name,"a name, brand or title far more often than the common noun"
craig,name,"a name, brand or title far more often than the common noun"
madison,name,"a name, brand or title far more often than the common noun"
jake,name,"a name, brand or title far more often than the common noun"
vincent,name,"a name, brand or title far more often than the common noun"
norman,name,"a name, brand or title far more often than the common noun"
juan,name,"a name, brand or title far more often than the common noun"
ralph,name,"a name, brand or title far more often than the common noun"
ellen,name,"a name, brand or title far more often than the common noun"
karl,name,"a name, brand or title far more often than the common noun"
chan,name,"a name, brand or title far more often than the common noun"
cohen,name,"a name, brand or title far more often than the common noun"
claire,name,"a name, brand or title far more often than the common noun"
han,name,"a name, brand or title far more often than the common noun"
vic,name,"a name, brand or title far more often than the common noun"
dana,name,"a name, brand or title far more often than the common noun"
maggie,name,"a name, brand or title far more often than the common noun"
hal,name,"a name, brand or title far more often than the common noun"
frankie,name,"a name, brand or title far more often than the common noun"
alec,name,"a name, brand or title far more often than the common noun"
yuri,name,"a name, brand or title far more often than the common noun"
lawson,name,"a name, brand or title far more often than the common noun"
pam,name,"a name, brand or title far more often than the common noun"
calcutta,name,"a name, brand or title far more often than the common noun"
yorker,noun,Wiktionary-only; an ordinary noun a player would type
laurence,name,"a name, brand or title far more often than the common noun"
kemp,name,"a name, brand or title far more often than the common noun"
shea,name,"a name, brand or title far more often than the common noun"
dodd,name,"a name, brand or title far more often than the common noun"
hud,name,"a name, brand or title far more often than the common noun"
melvin,name,"a name, brand or title far more often than the common noun"
manu,name,"a name, brand or title far more often than the common noun"
palo,name,"a name, brand or title far more often than the common noun"
lew,name,"a name, brand or title far more often than the common noun"
matilda,name,"a name, brand or title far more often than the common noun"
millie,name,"a name, brand or title far more often than the common noun"
conner,name,"a name, brand or title far more often than the common noun"
osha,name,"a name, brand or title far more often than the common noun"
banco,name,"a name, brand or title far more often than the common noun"
cray,name,"a name, brand or title far more often than the common noun"
whig,name,"a name, brand or title far more often than the common noun"
ritter,name,"a name, brand or title far more often than the common noun"
frisco,name,"a name, brand or title far more often than the common noun"
polaroid,name,"a name, brand or title far more often than the common noun"
hammersmith,name,"a name, brand or title far more often than the common noun"
zheng,name,"a name, brand or title far more often than the common noun"
chara,name,"a name, brand or title far more often than the common noun"
needham,name,"a name, brand or title far more often than the common noun"
merc,name,"a name, brand or title far more often than the common noun"
tonto,name,"a name, brand or title far more often than the common noun"
masa,name,"a name, brand or title far more often than the common noun"
shriver,name,"a name, brand or title far more often than the common noun"
verdun,name,"a name, brand or title far more often than the common noun"
oakwood,name,"a name, brand or title far more often than the common noun"
delphine,name,"a name, brand or title far more often than the common noun"
brin,name,"a name, brand or title far more often than the common noun"
arco,name,"a name, brand or title far more often than the common noun"
latrobe,name,"a name, brand or title far more often than the common noun"
gorton,name,"a name, brand or title far more often than the common noun"
daf,name,"a name, brand or title far more often than the common noun"
brandywine,name,"a name, brand or title far more often than the common noun"
elkhorn,name,"a name, brand or title far more often than the common noun"
brannigan,name,"a name, brand or title far more often than the common noun"
nonna,noun,Wiktionary-only; an ordinary noun a player would type
mangal,name,"a name, brand or title far more often than the common noun"
sugarman,name,"a name, brand or title far more often than the common noun"
barger,name,"a name, brand or title far more often than the common noun"
rohe,name,"a name, brand or title far more often than the common noun"
tolley,name,"a name, brand or title far more often than the common noun"
lol,noise,"slur, vulgar label, letter name, interjection, plural-only form or fragment"
ahh,noise,"slur, vulgar label, letter name, interjection, plural-only form or fragment"
ipod,name,"a name, brand or title far more often than the common noun"
heh,noise,"slur, vulgar label, letter name, interjection, plural-only form or fragment"
romney,name,"a name, brand or title far more often than the common noun"
saunders,name,"a name, brand or title far more often than the common noun"
ay,noise,"slur, vulgar label, letter name, interjection, plural-only form or fragment"
duffy,name,"a name, brand or title far more often than the common noun"
oooh,noise,"slur, vulgar label, letter name, interjection, plural-only form or fragment"
fulham,name,"a name, brand or title far more often than the common noun"
judd,name,"a name, brand or title far more often than the common noun"
cher,name,"a name, brand or title far more often than the common noun"
rubin,name,"a name, brand or title far more often than the common noun"
nye,name,"a name, brand or title far more often than the common noun"
siri,name,"a name, brand or title far more often than the common noun"
ying,name,"a name, brand or title far more often than the common noun"
deadpool,noun,Wiktionary-only; an ordinary noun a player would type
antifa,noun,Wiktionary-only; an ordinary noun a player would type
roadmap,noun,Wiktionary-only; an ordinary noun a player would type
timeframe,noun,Wiktionary-only; an ordinary noun a player would type
carney,name,"a name, brand or title far more often than the common noun"
mooney,name,"a name, brand or title far more often than the common noun"
amtrak,name,"a name, brand or title far more often than the common noun"
wishlist,noun,Wiktionary-only; an ordinary noun a player would type
pfft,noise,"slur, vulgar label, letter name, interjection, plural-only form or fragment"
dooley,name,"a name, brand or title far more often than the common noun"
videogame,noun,Wiktionary-only; an ordinary noun a player would type
freeport,noun,Wiktionary-only; an ordinary noun a player would type
matchday,noun,Wiktionary-only; an ordinary noun a player would type
erick,name,"a name, brand or title far more often than the common noun"
lifecycle,noun,Wiktionary-only; an ordinary noun a player would type
bootcamp,noun,Wiktionary-only; an ordinary noun a player would type
pornstar,noun,Wiktionary-only; an ordinary noun a player would type
fanfiction,noun,Wiktionary-only; an ordinary noun a player would type
kagan,name,"a name, brand or title far more often than the common noun"
fina,name,"a name, brand or title far more often than the common noun"
facetime,noun,Wiktionary-only; an ordinary noun a player would type
whoo,noise,"slur, vulgar label, letter name, interjection, plural-only form or fragment"
mattie,name,"a name, brand or title far more often than the common noun"
corrigan,name,"a name, brand or title far more often than the common noun"
redman,name,"a name, brand or title far more often than the common noun"
namaste,noise,"slur, vulgar label, letter name, interjection, plural-only form or fragment"
boing,noise,"slur, vulgar label, letter name, interjection, plural-only form or fragment"
warhammer,noun,Wiktionary-only; an ordinary noun a player would type
backline,noun,Wiktionary-only; an ordinary noun a player would type
jetpack,noun,Wiktionary-only; an ordinary noun a player would type
dancefloor,noun,Wiktionary-only; an ordinary noun a player would type
mothership,noun,Wiktionary-only; an ordinary noun a player would type
babyface,noun,Wiktionary-only; an ordinary noun a player would type
rez,noun,Wiktionary-only; an ordinary noun a player would type
warzone,noun,Wiktionary-only; an ordinary noun a player would type
morningstar,noun,Wiktionary-only; an ordinary noun a player would type
codename,noun,Wiktionary-only; an ordinary noun a player would type
filesystem,noun,Wiktionary-only; an ordinary noun a player would type
racecar,noun,Wiktionary-only; an ordinary noun a player would type
datacenter,noun,Wiktionary-only; an ordinary noun a player would type
powerplant,noun,Wiktionary-only; an ordinary noun a player would type
timezone,noun,Wiktionary-only; an ordinary noun a player would type
whitepaper,noun,Wiktionary-only; an ordinary noun a player would type
lightyear,noun,Wiktionary-only; an ordinary noun a player would type
endzone,noun,Wiktionary-only; an ordinary noun a player would type
masterplan,noun,Wiktionary-only; an ordinary noun a player would type
powerplay,noun,Wiktionary-only; an ordinary noun a player would type
friendzone,noun,Wiktionary-only; an ordinary noun a player would type
cashflow,noun,Wiktionary-only; an ordinary noun a player would type
homerun,noun,Wiktionary-only; an ordinary noun a player would type
unsub,noun,Wiktionary-only; an ordinary noun a player would type
gameplan,noun,Wiktionary-only; an ordinary noun a player would type
perc,noun,Wiktionary-only; an ordinary noun a player would type
leftwing,noun,Wiktionary-only; an ordinary noun a player would type
frontpage,noun,Wiktionary-only; an ordinary noun a player would type
stockmarket,noun,Wiktionary-only; an ordinary noun a player would type
soundwave,noun,Wiktionary-only; an ordinary noun a player would type
sportscar,noun,Wiktionary-only; an ordinary noun a player would type
skillset,noun,Wiktionary-only; an ordinary noun a player would type
roundtrip,noun,Wiktionary-only; an ordinary noun a player would type
trainwreck,noun,Wiktionary-only; an ordinary noun a player would type
boyband,noun,Wiktionary-only; an ordinary noun a player would type
sqft,noise,"slur, vulgar label, letter name, interjection, plural-only form or fragment"
screentime,noun,Wiktionary-only; an ordinary noun a player would type
popstar,noun,Wiktionary-only; an ordinary noun a player would type
boxset,noun,Wiktionary-only; an ordinary noun a player would type
weightloss,noun,Wiktionary-only; an ordinary noun a player would type
powerline,noun,Wiktionary-only; an ordinary noun a player would type
roadtrip,noun,Wiktionary-only; an ordinary noun a player would type
breastmilk,noun,Wiktionary-only; an ordinary noun a player would type
cutscene,noun,Wiktionary-only; an ordinary noun a player would type
acapella,noise,"slur, vulgar label, letter name, interjection, plural-only form or fragment"
plaintext,noun,Wiktionary-only; an ordinary noun a player would type
fairplay,noun,Wiktionary-only; an ordinary noun a player would type
homebase,noun,Wiktionary-only; an ordinary noun a player would type
fanclub,noun,Wiktionary-only; an ordinary noun a player would type
pitstop,noun,Wiktionary-only; an ordinary noun a player would type
livewire,noun,Wiktionary-only; an ordinary noun a player would type
nutjob,noun,Wiktionary-only; an ordinary noun a player would type
downpayment,noun,Wiktionary-only; an ordinary noun a player would type
machinegun,noun,Wiktionary-only; an ordinary noun a player would type
shitshow,noun,Wiktionary-only; an ordinary noun a player would type
smalltalk,noun,Wiktionary-only; an ordinary noun a player would type
homefront,noun,Wiktionary-only; an ordinary noun a player would type
wargame,noun,Wiktionary-only; an ordinary noun a player would type
meep,noise,"slur, vulgar label, letter name, interjection, plural-only form or fragment"
gwan,noise,"slur, vulgar label, letter name, interjection, plural-only form or fragment"
agressive,noise,"slur, vulgar label, letter name, interjection, plural-only form or fragment"
treeline,noun,Wiktionary-only; an ordinary noun a player would type
headstart,noun,Wiktionary-only; an ordinary noun a player would type
doggystyle,noise,"slur, vulgar label, letter name, interjection, plural-only form or fragment"
blech,noise,"slur, vulgar label, letter name, interjection, plural-only form or fragment"
townhall,noun,Wiktionary-only; an ordinary noun a player would type
arthouse,noun,Wiktionary-only; an ordinary noun a player would type
booyah,noise,"slur, vulgar label, letter name, interjection, plural-only form or fragment"
companys,noise,"slur, vulgar label, letter name, interjection, plural-only form or fragment"
hattrick,noun,Wiktionary-only; an ordinary noun a player would type
killzone,noun,Wiktionary-only; an ordinary noun a player would type
freakshow,noun,Wiktionary-only; an ordinary noun a player would type
backpage,noun,Wiktionary-only; an ordinary noun a player would type
sidenote,noun,Wiktionary-only; an ordinary noun a player would type
drumroll,noun,Wiktionary-only; an ordinary noun a player would type
foodbank,noun,Wiktionary-only; an ordinary noun a player would type
gameshow,noun,Wiktionary-only; an ordinary noun a player would type
highpoint,noun,Wiktionary-only; an ordinary noun a player would type
lockscreen,noun,Wiktionary-only; an ordinary noun a player would type
killswitch,noun,Wiktionary-only; an ordinary noun a player would type
livingroom,noun,Wiktionary-only; an ordinary noun a player would type
sweetcorn,noun,Wiktionary-only; an ordinary noun a player would type
chainmail,noun,Wiktionary-only; an ordinary noun a player would type
framerate,noun,Wiktionary-only; an ordinary noun a player would type
roid,noun,Wiktionary-only; an ordinary noun a player would type
gametime,noun,Wiktionary-only; an ordinary noun a player would type
boardgame,noun,Wiktionary-only; an ordinary noun a player would type
bbg,noise,"slur, vulgar label, letter name, interjection, plural-only form or fragment"
kungfu,noun,Wiktionary-only; an ordinary noun a player would type
decisionmaking,noun,Wiktionary-only; an ordinary noun a player would type
factsheet,noun,Wiktionary-only; an ordinary noun a player would type
warpaint,noun,Wiktionary-only; an ordinary noun a player would type
clipart,noun,Wiktionary-only; an ordinary noun a player would type
jetski,noun,Wiktionary-only; an ordinary noun a player would type
blindspot,noun,Wiktionary-only; an ordinary noun a player would type
waterboy,noun,Wiktionary-only; an ordinary noun a player would type
phonecall,noun,Wiktionary-only; an ordinary noun a player would type
sonofabitch,noise,"slur, vulgar label, letter name, interjection, plural-only form or fragment"
crosscountry,noun,Wiktionary-only; an ordinary noun a player would type
checkmark,noun,Wiktionary-only; an ordinary noun a player would type
fuckboy,noise,"slur, vulgar label, letter name, interjection, plural-only form or fragment"
hayfever,noun,Wiktionary-only; an ordinary noun a player would type
talkshow,noun,Wiktionary-only; an ordinary noun a player would type
coffeeshop,noun,Wiktionary-only; an ordinary noun a player would type
bestfriend,noun,Wiktionary-only; an ordinary noun a player would type
airconditioning,noun,Wiktionary-only; an ordinary noun a player would type
poot,noise,"slur, vulgar label, letter name, interjection, plural-only form or fragment"
networth,noun,Wiktionary-only; an ordinary noun a player would type
artform,noun,Wiktionary-only; an ordinary noun a player would type
callsign,noun,Wiktionary-only; an ordinary noun a player would type
peanutbutter,noun,Wiktionary-only; an ordinary noun a player would type
thinktank,noun,Wiktionary-only; an ordinary noun a player would type
carphone,noun,Wiktionary-only; an ordinary noun a player would type
hardcopy,noun,Wiktionary-only; an ordinary noun a player would type
passionfruit,noun,Wiktionary-only; an ordinary noun a player would type
backburner,noun,Wiktionary-only; an ordinary noun a player would type
timebomb,noun,Wiktionary-only; an ordinary noun a player would type
webseries,noun,Wiktionary-only; an ordinary noun a player would type
photobooth,noun,Wiktionary-only; an ordinary noun a player would type
squee,noise,"slur, vulgar label, letter name, interjection, plural-only form or fragment"
gamechanger,noun,Wiktionary-only; an ordinary noun a player would type
floorplan,noun,Wiktionary-only; an ordinary noun a player would type
middleclass,noun,Wiktionary-only; an ordinary noun a player would type
seabass,noun,Wiktionary-only; an ordinary noun a player would type
nightshift,noun,Wiktionary-only; an ordinary noun a player would type
trenchcoat,noun,Wiktionary-only; an ordinary noun a player would type
spacebar,noun,Wiktionary-only; an ordinary noun a player would type
lipsync,noun,Wiktionary-only; an ordinary noun a player would type
fanpage,noun,Wiktionary-only; an ordinary noun a player would type
bloodwork,noun,Wiktionary-only; an ordinary noun a player would type
countrys,noise,"slur, vulgar label, letter name, interjection, plural-only form or fragment"
crewneck,noun,Wiktionary-only; an ordinary noun a player would type
ballsack,noise,"slur, vulgar label, letter name, interjection, plural-only form or fragment"
webhosting,noun,Wiktionary-only; an ordinary noun a player would type
jetstream,noun,Wiktionary-only; an ordinary noun a player would type
blackhole,noun,Wiktionary-only; an ordinary noun a player would type
steve,name,"a name, brand or title far more often than the common noun"
kim,name,"a name, brand or title far more often than the common noun"
jan,name,"a name, brand or title far more often than the common noun"
alan,name,"a name, brand or title far more often than the common noun"
phil,name,"a name, brand or title far more often than the common noun"
willie,name,"a name, brand or title far more often than the common noun"
ivan,name,"a name, brand or title far more often than the common noun"
rita,name,"a name, brand or title far more often than the common noun"
lizzie,name,"a name, brand or title far more often than the common noun"
francesca,name,"a name, brand or title far more often than the common noun"
tue,name,"a name, brand or title far more often than the common noun"
nellie,name,"a name, brand or title far more often than the common noun"
vo,name,"a name, brand or title far more often than the common noun"
capcom,name,"a name, brand or title far more often than the common noun"
tempe,name,"a name, brand or title far more often than the common noun"
blackman,name,"a name, brand or title far more often than the common noun"
nara,name,"a name, brand or title far more often than the common noun"
reebok,name,"a name, brand or title far more often than the common noun"
gow,name,"a name, brand or title far more often than the common noun"
appstore,noun,Wiktionary-only; an ordinary noun a player would type
