date,sheet,item,verdict,note
2026-08-29,uk_review.csv,broach,keep (not a UK spelling variant),"a spit/tapered tool and the verb sense; not a spelling of ""brooch"""
2026-08-29,uk_review.csv,chapiter,keep (not a UK spelling variant),"architectural capital of a column; not a spelling of ""chapter"""
2026-08-29,uk_review.csv,darter,keep (not a UK spelling variant),"a bird (anhinga) and an agent noun of dart; not ""daughter"""
2026-08-29,uk_review.csv,dead,keep (not a UK spelling variant),"clipping of deadlift is a gym sense; ""dead"" is an ordinary word"
2026-08-29,uk_review.csv,delf,keep (not a UK spelling variant),"glazed earthenware; related to but not a spelling of ""delft"""
2026-08-29,uk_review.csv,do,keep (not a UK spelling variant),"hairdo clipping; ""do"" is an ordinary word, not a UK spelling"
2026-08-29,uk_review.csv,frank,keep (not a UK spelling variant),"a franking mark; not a spelling of ""franc"""
2026-08-29,uk_review.csv,ki,keep (not a UK spelling variant),"clipping of key (UK slang); keep, not a spelling variant"
2026-08-29,uk_review.csv,lat,keep (not a UK spelling variant),clipping of latitude; also the muscle; keep
2026-08-29,uk_review.csv,lats,keep (not a UK spelling variant),plural of lat (muscle); keep
2026-08-29,uk_review.csv,lido,keep (not a UK spelling variant),a public outdoor pool; the lidocaine clipping is a stray sense
2026-08-29,uk_review.csv,lit,keep (not a UK spelling variant),clipping of literature; keep
2026-08-29,uk_review.csv,mag,keep (not a UK spelling variant),clipping of magazine; keep
2026-08-29,uk_review.csv,melt,keep (not a UK spelling variant),"ordinary noun/verb; not a spelling of ""milt"""
2026-08-29,uk_review.csv,mod,keep (not a UK spelling variant),"clipping of modification, also the subculture; keep"
2026-08-29,uk_review.csv,panto,keep (not a UK spelling variant),clipping of pantomime; keep
2026-08-29,uk_review.csv,par,keep (not a UK spelling variant),"clipping of paragraph, also the golf sense; keep"
2026-08-29,uk_review.csv,rime,keep (not a UK spelling variant),"frost; not a spelling of ""rhyme"" in modern use"
2026-08-29,uk_review.csv,t,keep (not a UK spelling variant),"letter/clipping; not a UK spelling of ""time"""
2026-08-29,uk_review.csv,y,keep (not a UK spelling variant),"letter/clipping; not a UK spelling of ""year"""
2026-08-29,variants_ing.csv,birthing / berthing,noise,unrelated words (birth vs berth)
2026-08-29,variants_ing.csv,centring / centering,british,BrE spelling of centering
2026-08-29,variants_ing.csv,coding / coding,noise,both sides are the same word
2026-08-29,variants_ing.csv,colouring / coloring,british,BrE -our spelling
2026-08-29,variants_ing.csv,combing / coaming,noise,"comb vs coaming (nautical), unrelated"
2026-08-29,variants_ing.csv,counselling / counseling,british,BrE doubled consonant
2026-08-29,variants_ing.csv,dubbing / dubbin,noise,"dubbin is a leather wax, unrelated to dubbing"
2026-08-29,variants_ing.csv,earring / earing,noise,"earing is a nautical rope, unrelated"
2026-08-29,variants_ing.csv,faggoting / fagoting,spelling_pair,"embroidery term, both spellings current, not regional"
2026-08-29,variants_ing.csv,flavouring / flavoring,british,BrE -our spelling
2026-08-29,variants_ing.csv,fledgeling / fledgling,spelling_pair,"older spelling, not regional"
2026-08-29,variants_ing.csv,focussing / focusing,british,BrE doubled consonant
2026-08-29,variants_ing.csv,gloam / gloaming,noise,"distinct word, not a variant of gloaming"
2026-08-29,variants_ing.csv,highjacking / hijacking,spelling_pair,"dated variant spelling, not regional"
2026-08-29,variants_ing.csv,lightening / lightning,noise,"making lighter, unrelated to lightning"
2026-08-29,variants_ing.csv,lightning / lightening,noise,the reverse of the same bad pairing
2026-08-29,variants_ing.csv,ling / linguistics,noise,regex artifact (linguistics)
2026-08-29,variants_ing.csv,mg / meaning,noise,regex artifact (meaning)
2026-08-29,variants_ing.csv,modelling / modeling,british,BrE doubled consonant
2026-08-29,variants_ing.csv,moulding / molding,british,BrE -ou- spelling
2026-08-29,variants_ing.csv,noggin / nogging,noise,"nogging is masonry, noggin is a head/measure"
2026-08-29,variants_ing.csv,nurseling / nursling,spelling_pair,"older spelling, not regional"
2026-08-29,variants_ing.csv,packing / meatpacking,noise,"meatpacking is a compound, not a variant"
2026-08-29,variants_ing.csv,paneling / panelling,american,AmE side; panelling is the BrE spelling
2026-08-29,variants_ing.csv,parceling / parcelling,american,AmE side; parcelling is BrE
2026-08-29,variants_ing.csv,pargetting / pargeting,spelling_pair,"both spellings attested, not regional"
2026-08-29,variants_ing.csv,plowing / ploughing,american,AmE side; ploughing is BrE
2026-08-29,variants_ing.csv,rattling / ratline,noise,"ratline is a rope, unrelated"
2026-08-29,variants_ing.csv,raveling / ravelling,american,AmE side; ravelling is BrE
2026-08-29,variants_ing.csv,ridgling / ridgeling,spelling_pair,"both spellings attested, not regional"
2026-08-29,variants_ing.csv,savouring / savoring,british,BrE -our spelling
2026-08-29,variants_ing.csv,shilling / schilling,noise,"schilling was the Austrian currency, distinct"
2026-08-29,variants_ing.csv,sniveling / snivelling,american,AmE side; snivelling is BrE
2026-08-29,variants_ing.csv,socialising / socializing,british,BrE -ise spelling
2026-08-29,variants_ing.csv,tat / tatting,noise,"tatting is lacemaking, tat is junk"
2026-08-29,variants_ing.csv,thing / ting,noise,ting is a distinct word
2026-08-29,variants_ing.csv,toweling / towelling,american,AmE side; towelling is BrE
2026-08-29,variants_ing.csv,vaporing / vapouring,american,AmE side; vapouring is BrE
2026-08-29,variants_ing.csv,wainscoting / wainscotting,spelling_pair,"both spellings attested, not regional"
2026-08-29,variants_ing.csv,channeling / channelling,american,AmE side; channelling is BrE
2026-08-29,variants_ing.csv,agonising / agonizing,british,BrE -ise spelling
2026-08-29,variants_ing.csv,apologising / apologizing,british,BrE -ise spelling
2026-08-29,variants_ing.csv,appraising / apprising,noise,appraise and apprise are different verbs
2026-08-29,variants_ing.csv,apprizing / apprising,spelling_pair,"apprize/apprise doublet, not regional"
2026-08-29,variants_ing.csv,attitudinising / attitudinizing,british,BrE -ise spelling
2026-08-29,variants_ing.csv,backpedalling / backpedaling,british,BrE doubled consonant
2026-08-29,variants_ing.csv,barrelling / barreling,british,BrE doubled consonant
2026-08-29,variants_ing.csv,baulking / balking,british,BrE -au- spelling
2026-08-29,variants_ing.csv,beveling / bevelling,american,AmE side; bevelling is BrE
2026-08-29,variants_ing.csv,biassing / biasing,british,BrE doubled consonant
2026-08-29,variants_ing.csv,binging / bingeing,spelling_pair,"binge inflection dispute, not regional"
2026-08-29,variants_ing.csv,bussing / busing,spelling_pair,"bus inflection dispute, not regional"
2026-08-29,variants_ing.csv,cataloging / cataloguing,american,AmE side; cataloguing is BrE
2026-08-29,variants_ing.csv,checkering / chequering,american,AmE side; chequering is BrE
2026-08-29,variants_ing.csv,chiseling / chiselling,american,AmE side; chiselling is BrE
2026-08-29,variants_ing.csv,dialling / dialing,british,BrE doubled consonant
2026-08-29,variants_ing.csv,duelling / dueling,british,BrE doubled consonant
2026-08-29,variants_ing.csv,dyking / diking,spelling_pair,"dyke/dike doublet, not cleanly regional"
2026-08-29,variants_ing.csv,endeavouring / endeavoring,british,BrE -our spelling
2026-08-29,variants_ing.csv,fantasising / fantasizing,british,BrE -ise spelling
2026-08-29,variants_ing.csv,faring / fairing,noise,"fare vs fairing (a cowling), unrelated"
2026-08-29,variants_ing.csv,favouring / favoring,british,BrE -our spelling
2026-08-29,variants_ing.csv,gamboling / gambolling,american,AmE side; gambolling is BrE
2026-08-29,variants_ing.csv,gaoling / jailing,british,gaol is the BrE spelling of jail
2026-08-29,variants_ing.csv,glueing / gluing,spelling_pair,"variant spelling of gluing, not regional"
2026-08-29,variants_ing.csv,graveling / gravelling,american,AmE side; gravelling is BrE
2026-08-29,variants_ing.csv,grueling / gruelling,american,AmE side; gruelling is BrE
2026-08-29,variants_ing.csv,imperilling / imperiling,british,BrE doubled consonant
2026-08-29,variants_ing.csv,licencing / licensing,british,licence is the BrE noun spelling
2026-08-29,variants_ing.csv,marshaling / marshalling,american,AmE side; marshalling is BrE
2026-08-29,variants_ing.csv,marveling / marvelling,american,AmE side; marvelling is BrE
2026-08-29,variants_ing.csv,nickeling / nickelling,american,AmE side; nickelling is BrE
2026-08-29,variants_ing.csv,ovaling / ovalling,american,AmE side; ovalling is BrE
2026-08-29,variants_ing.csv,pedalling / pedaling,british,BrE doubled consonant
2026-08-29,variants_ing.csv,penciling / pencilling,american,AmE side; pencilling is BrE
2026-08-29,variants_ing.csv,plagiarising / plagiarizing,british,BrE -ise spelling
2026-08-29,variants_ing.csv,quarreling / quarrelling,american,AmE side; quarrelling is BrE
2026-08-29,variants_ing.csv,queueing / queuing,spelling_pair,"queue inflection dispute, not regional"
2026-08-29,variants_ing.csv,raping / rapping,noise,rape and rap are different verbs
2026-08-29,variants_ing.csv,reprograming / reprogramming,spelling_pair,"inflection dispute, not regional"
2026-08-29,variants_ing.csv,romanticising / romanticizing,british,BrE -ise spelling
2026-08-29,variants_ing.csv,roystering / roistering,spelling_pair,"royster/roister doublet, not regional"
2026-08-29,variants_ing.csv,shoveling / shovelling,american,AmE side; shovelling is BrE
2026-08-29,variants_ing.csv,smoldering / smouldering,american,AmE side; smouldering is BrE
2026-08-29,variants_ing.csv,spiraling / spiralling,american,AmE side; spiralling is BrE
2026-08-29,variants_ing.csv,stencilling / stenciling,british,BrE doubled consonant
2026-08-29,variants_ing.csv,swiveling / swivelling,american,AmE side; swivelling is BrE
2026-08-29,variants_ing.csv,swopping / swapping,british,swop is the BrE variant of swap
2026-08-29,variants_ing.csv,sympathising / sympathizing,british,BrE -ise spelling
2026-08-29,variants_ing.csv,syphoning / siphoning,british,BrE -y- spelling
2026-08-29,variants_ing.csv,tabletting / tableting,british,BrE doubled consonant
2026-08-29,variants_ing.csv,tantalising / tantalizing,british,BrE -ise spelling
2026-08-29,variants_ing.csv,taxying / taxiing,british,BrE spelling of taxiing
2026-08-29,variants_ing.csv,temporising / temporizing,british,BrE -ise spelling
2026-08-29,variants_ing.csv,theorising / theorizing,british,BrE -ise spelling
2026-08-29,variants_ing.csv,tunnelling / tunneling,british,BrE doubled consonant
2026-08-29,variants_ing.csv,worshiping / worshipping,american,AmE side; worshipping is BrE
2026-08-29,uk_reviewed.csv,counselling,removed from the keep-list,the -ing pass ruled it the BrE spelling of counseling; keeping both contradicts the exclude-British rule
2026-08-29,"gaps.csv (clean band, zipf >= 3.0)",non,noise,"not a usable common noun -- abbreviation, letter name, interjection, foreign word or a single obscure sense"
2026-08-29,"gaps.csv (clean band, zipf >= 3.0)",al,noise,"not a usable common noun -- abbreviation, letter name, interjection, foreign word or a single obscure sense"
2026-08-29,"gaps.csv (clean band, zipf >= 3.0)",facebook,name,"name, brand or place; not a common noun"
2026-08-29,"gaps.csv (clean band, zipf >= 3.0)",app,noun,ordinary common noun the dataset should have
2026-08-29,"gaps.csv (clean band, zipf >= 3.0)",download,noun,ordinary common noun the dataset should have
2026-08-29,"gaps.csv (clean band, zipf >= 3.0)",kinda,noise,"not a usable common noun -- abbreviation, letter name, interjection, foreign word or a single obscure sense"
2026-08-29,"gaps.csv (clean band, zipf >= 3.0)",pregnant,adj,adjective; the noun sense is a nominalisation or a rarity
2026-08-29,"gaps.csv (clean band, zipf >= 3.0)",quit,verb,verb or verb form; the noun sense is incidental
2026-08-29,"gaps.csv (clean band, zipf >= 3.0)",haha,noise,"not a usable common noun -- abbreviation, letter name, interjection, foreign word or a single obscure sense"
2026-08-29,"gaps.csv (clean band, zipf >= 3.0)",bro,noun,ordinary common noun the dataset should have
2026-08-29,"gaps.csv (clean band, zipf >= 3.0)",arab,noise,"not a usable common noun -- abbreviation, letter name, interjection, foreign word or a single obscure sense"
2026-08-29,"gaps.csv (clean band, zipf >= 3.0)",nov,noise,"not a usable common noun -- abbreviation, letter name, interjection, foreign word or a single obscure sense"
2026-08-29,"gaps.csv (clean band, zipf >= 3.0)",josh,noise,"not a usable common noun -- abbreviation, letter name, interjection, foreign word or a single obscure sense"
2026-08-29,"gaps.csv (clean band, zipf >= 3.0)",se,noise,"not a usable common noun -- abbreviation, letter name, interjection, foreign word or a single obscure sense"
2026-08-29,"gaps.csv (clean band, zipf >= 3.0)",dual,adj,adjective; the noun sense is a nominalisation or a rarity
2026-08-29,"gaps.csv (clean band, zipf >= 3.0)",nope,noise,"not a usable common noun -- abbreviation, letter name, interjection, foreign word or a single obscure sense"
2026-08-29,"gaps.csv (clean band, zipf >= 3.0)",bitcoin,noun,ordinary common noun the dataset should have
2026-08-29,"gaps.csv (clean band, zipf >= 3.0)",er,noise,"not a usable common noun -- abbreviation, letter name, interjection, foreign word or a single obscure sense"
2026-08-29,"gaps.csv (clean band, zipf >= 3.0)",functional,adj,adjective; the noun sense is a nominalisation or a rarity
2026-08-29,"gaps.csv (clean band, zipf >= 3.0)",ultra,noise,"not a usable common noun -- abbreviation, letter name, interjection, foreign word or a single obscure sense"
2026-08-29,"gaps.csv (clean band, zipf >= 3.0)",gop,name,"name, brand or place; not a common noun"
2026-08-29,"gaps.csv (clean band, zipf >= 3.0)",ep,noise,"not a usable common noun -- abbreviation, letter name, interjection, foreign word or a single obscure sense"
2026-08-29,"gaps.csv (clean band, zipf >= 3.0)",chronic,adj,adjective; the noun sense is a nominalisation or a rarity
2026-08-29,"gaps.csv (clean band, zipf >= 3.0)",wa,noise,"not a usable common noun -- abbreviation, letter name, interjection, foreign word or a single obscure sense"
2026-08-29,"gaps.csv (clean band, zipf >= 3.0)",aka,noise,"not a usable common noun -- abbreviation, letter name, interjection, foreign word or a single obscure sense"
2026-08-29,"gaps.csv (clean band, zipf >= 3.0)",kyle,name,"name, brand or place; not a common noun"
2026-08-29,"gaps.csv (clean band, zipf >= 3.0)",protective,adj,adjective; the noun sense is a nominalisation or a rarity
2026-08-29,"gaps.csv (clean band, zipf >= 3.0)",est,noise,"not a usable common noun -- abbreviation, letter name, interjection, foreign word or a single obscure sense"
2026-08-29,"gaps.csv (clean band, zipf >= 3.0)",entertaining,verb,verb or verb form; the noun sense is incidental
2026-08-29,"gaps.csv (clean band, zipf >= 3.0)",matching,verb,verb or verb form; the noun sense is incidental
2026-08-29,"gaps.csv (clean band, zipf >= 3.0)",colin,name,"name, brand or place; not a common noun"
2026-08-29,"gaps.csv (clean band, zipf >= 3.0)",beneficial,adj,adjective; the noun sense is a nominalisation or a rarity
2026-08-29,"gaps.csv (clean band, zipf >= 3.0)",underneath,noise,"not a usable common noun -- abbreviation, letter name, interjection, foreign word or a single obscure sense"
2026-08-29,"gaps.csv (clean band, zipf >= 3.0)",transform,verb,verb or verb form; the noun sense is incidental
2026-08-29,"gaps.csv (clean band, zipf >= 3.0)",shitty,adj,adjective; the noun sense is a nominalisation or a rarity
2026-08-29,"gaps.csv (clean band, zipf >= 3.0)",thee,noise,"not a usable common noun -- abbreviation, letter name, interjection, foreign word or a single obscure sense"
2026-08-29,"gaps.csv (clean band, zipf >= 3.0)",til,noise,"not a usable common noun -- abbreviation, letter name, interjection, foreign word or a single obscure sense"
2026-08-29,"gaps.csv (clean band, zipf >= 3.0)",tribal,adj,adjective; the noun sense is a nominalisation or a rarity
2026-08-29,"gaps.csv (clean band, zipf >= 3.0)",heck,noise,"not a usable common noun -- abbreviation, letter name, interjection, foreign word or a single obscure sense"
2026-08-29,"gaps.csv (clean band, zipf >= 3.0)",mega,adj,adjective; the noun sense is a nominalisation or a rarity
2026-08-29,"gaps.csv (clean band, zipf >= 3.0)",continental,adj,adjective; the noun sense is a nominalisation or a rarity
2026-08-29,"gaps.csv (clean band, zipf >= 3.0)",caroline,name,"name, brand or place; not a common noun"
2026-08-29,"gaps.csv (clean band, zipf >= 3.0)",legit,adj,adjective; the noun sense is a nominalisation or a rarity
2026-08-29,"gaps.csv (clean band, zipf >= 3.0)",nato,name,"name, brand or place; not a common noun"
2026-08-29,"gaps.csv (clean band, zipf >= 3.0)",travis,name,"name, brand or place; not a common noun"
2026-08-29,"gaps.csv (clean band, zipf >= 3.0)",bo,name,"name, brand or place; not a common noun"
2026-08-29,"gaps.csv (clean band, zipf >= 3.0)",proving,verb,verb or verb form; the noun sense is incidental
2026-08-29,"gaps.csv (clean band, zipf >= 3.0)",resistant,adj,adjective; the noun sense is a nominalisation or a rarity
2026-08-29,"gaps.csv (clean band, zipf >= 3.0)",upload,noun,ordinary common noun the dataset should have
2026-08-29,"gaps.csv (clean band, zipf >= 3.0)",remix,noun,ordinary common noun the dataset should have
2026-08-29,"gaps.csv (clean band, zipf >= 3.0)",goddamn,adj,adjective; the noun sense is a nominalisation or a rarity
2026-08-29,"gaps.csv (clean band, zipf >= 3.0)",olds,noise,"not a usable common noun -- abbreviation, letter name, interjection, foreign word or a single obscure sense"
2026-08-29,"gaps.csv (clean band, zipf >= 3.0)",sensible,adj,adjective; the noun sense is a nominalisation or a rarity
2026-08-29,"gaps.csv (clean band, zipf >= 3.0)",gameplay,noun,ordinary common noun the dataset should have
2026-08-29,"gaps.csv (clean band, zipf >= 3.0)",cyber,adj,adjective; the noun sense is a nominalisation or a rarity
2026-08-29,"gaps.csv (clean band, zipf >= 3.0)",compatible,adj,adjective; the noun sense is a nominalisation or a rarity
2026-08-29,"gaps.csv (clean band, zipf >= 3.0)",hardcore,noun,ordinary common noun the dataset should have
2026-08-29,"gaps.csv (clean band, zipf >= 3.0)",polar,adj,adjective; the noun sense is a nominalisation or a rarity
2026-08-29,"gaps.csv (clean band, zipf >= 3.0)",barack,name,"name, brand or place; not a common noun"
2026-08-29,"gaps.csv (clean band, zipf >= 3.0)",viable,adj,adjective; the noun sense is a nominalisation or a rarity
2026-08-29,"gaps.csv (clean band, zipf >= 3.0)",kane,name,"name, brand or place; not a common noun"
2026-08-29,"gaps.csv (clean band, zipf >= 3.0)",ing,noise,"not a usable common noun -- abbreviation, letter name, interjection, foreign word or a single obscure sense"
2026-08-29,"gaps.csv (clean band, zipf >= 3.0)",medicare,name,"name, brand or place; not a common noun"
2026-08-29,"gaps.csv (clean band, zipf >= 3.0)",wifi,noun,ordinary common noun the dataset should have
2026-08-29,"gaps.csv (clean band, zipf >= 3.0)",jun,noise,"not a usable common noun -- abbreviation, letter name, interjection, foreign word or a single obscure sense"
2026-08-29,"gaps.csv (clean band, zipf >= 3.0)",und,noise,"not a usable common noun -- abbreviation, letter name, interjection, foreign word or a single obscure sense"
2026-08-29,"gaps.csv (clean band, zipf >= 3.0)",marco,name,"name, brand or place; not a common noun"
2026-08-29,"gaps.csv (clean band, zipf >= 3.0)",joey,noun,ordinary common noun the dataset should have
2026-08-29,"gaps.csv (clean band, zipf >= 3.0)",betty,name,"name, brand or place; not a common noun"
2026-08-29,"gaps.csv (clean band, zipf >= 3.0)",admin,noun,ordinary common noun the dataset should have
2026-08-29,"gaps.csv (clean band, zipf >= 3.0)",yu,noise,"not a usable common noun -- abbreviation, letter name, interjection, foreign word or a single obscure sense"
2026-08-29,"gaps.csv (clean band, zipf >= 3.0)",honda,name,"name, brand or place; not a common noun"
2026-08-29,"gaps.csv (clean band, zipf >= 3.0)",exotic,adj,adjective; the noun sense is a nominalisation or a rarity
2026-08-29,"gaps.csv (clean band, zipf >= 3.0)",renewable,adj,adjective; the noun sense is a nominalisation or a rarity
2026-08-29,"gaps.csv (clean band, zipf >= 3.0)",transgender,adj,adjective; the noun sense is a nominalisation or a rarity
2026-08-29,"gaps.csv (clean band, zipf >= 3.0)",mins,noise,"not a usable common noun -- abbreviation, letter name, interjection, foreign word or a single obscure sense"
2026-08-29,"gaps.csv (clean band, zipf >= 3.0)",cuz,noise,"not a usable common noun -- abbreviation, letter name, interjection, foreign word or a single obscure sense"
2026-08-29,"gaps.csv (clean band, zipf >= 3.0)",resting,verb,verb or verb form; the noun sense is incidental
2026-08-29,"gaps.csv (clean band, zipf >= 3.0)",hon,noise,"not a usable common noun -- abbreviation, letter name, interjection, foreign word or a single obscure sense"
2026-08-29,"gaps.csv (clean band, zipf >= 3.0)",fu,noise,"not a usable common noun -- abbreviation, letter name, interjection, foreign word or a single obscure sense"
2026-08-29,"gaps.csv (clean band, zipf >= 3.0)",headphones,noun,ordinary common noun the dataset should have
2026-08-29,"gaps.csv (clean band, zipf >= 3.0)",lil,noise,"not a usable common noun -- abbreviation, letter name, interjection, foreign word or a single obscure sense"
2026-08-29,"gaps.csv (clean band, zipf >= 3.0)",maya,name,"name, brand or place; not a common noun"
2026-08-29,"gaps.csv (clean band, zipf >= 3.0)",mia,name,"name, brand or place; not a common noun"
2026-08-29,"gaps.csv (clean band, zipf >= 3.0)",underway,adj,adjective; the noun sense is a nominalisation or a rarity
2026-08-29,"gaps.csv (clean band, zipf >= 3.0)",parenting,noun,ordinary common noun the dataset should have
2026-08-29,"gaps.csv (clean band, zipf >= 3.0)",problematic,adj,adjective; the noun sense is a nominalisation or a rarity
2026-08-29,"gaps.csv (clean band, zipf >= 3.0)",mon,noise,"not a usable common noun -- abbreviation, letter name, interjection, foreign word or a single obscure sense"
2026-08-29,"gaps.csv (clean band, zipf >= 3.0)",midfielder,noun,ordinary common noun the dataset should have
2026-08-29,"gaps.csv (clean band, zipf >= 3.0)",covid,noun,ordinary common noun the dataset should have
2026-08-29,"gaps.csv (clean band, zipf >= 3.0)",lethal,adj,adjective; the noun sense is a nominalisation or a rarity
2026-08-29,"gaps.csv (clean band, zipf >= 3.0)",abs,noun,ordinary common noun the dataset should have
2026-08-29,"gaps.csv (clean band, zipf >= 3.0)",ot,noise,"not a usable common noun -- abbreviation, letter name, interjection, foreign word or a single obscure sense"
2026-08-29,"gaps.csv (clean band, zipf >= 3.0)",dee,noise,"not a usable common noun -- abbreviation, letter name, interjection, foreign word or a single obscure sense"
2026-08-29,"gaps.csv (clean band, zipf >= 3.0)",wendy,name,"name, brand or place; not a common noun"
2026-08-29,"gaps.csv (clean band, zipf >= 3.0)",cardiac,adj,adjective; the noun sense is a nominalisation or a rarity
2026-08-29,"gaps.csv (clean band, zipf >= 3.0)",diagnostic,adj,adjective; the noun sense is a nominalisation or a rarity
2026-08-29,"gaps.csv (clean band, zipf >= 3.0)",ge,noise,"not a usable common noun -- abbreviation, letter name, interjection, foreign word or a single obscure sense"
2026-08-29,"gaps.csv (clean band, zipf >= 3.0)",anglo,noise,"not a usable common noun -- abbreviation, letter name, interjection, foreign word or a single obscure sense"
2026-08-29,"gaps.csv (clean band, zipf >= 3.0)",wu,noise,"not a usable common noun -- abbreviation, letter name, interjection, foreign word or a single obscure sense"
2026-08-29,"gaps.csv (clean band, zipf >= 3.0)",fundraising,noun,ordinary common noun the dataset should have
2026-08-29,"gaps.csv (clean band, zipf >= 3.0)",reproductive,adj,adjective; the noun sense is a nominalisation or a rarity
2026-08-29,"gaps.csv (clean band, zipf >= 3.0)",northwestern,adj,adjective; the noun sense is a nominalisation or a rarity
2026-08-29,"gaps.csv (clean band, zipf >= 3.0)",gt,noise,"not a usable common noun -- abbreviation, letter name, interjection, foreign word or a single obscure sense"
2026-08-29,"gaps.csv (clean band, zipf >= 3.0)",rehab,noun,ordinary common noun the dataset should have
2026-08-29,"gaps.csv (clean band, zipf >= 3.0)",dom,noun,ordinary common noun the dataset should have
2026-08-29,"gaps.csv (clean band, zipf >= 3.0)",splitting,verb,verb or verb form; the noun sense is incidental
2026-08-29,"gaps.csv (clean band, zipf >= 3.0)",parental,adj,adjective; the noun sense is a nominalisation or a rarity
2026-08-29,"gaps.csv (clean band, zipf >= 3.0)",collaborative,adj,adjective; the noun sense is a nominalisation or a rarity
2026-08-29,"gaps.csv (clean band, zipf >= 3.0)",quo,noise,"not a usable common noun -- abbreviation, letter name, interjection, foreign word or a single obscure sense"
2026-08-29,"gaps.csv (clean band, zipf >= 3.0)",photoshop,name,"name, brand or place; not a common noun"
2026-08-29,"gaps.csv (clean band, zipf >= 3.0)",allergic,adj,adjective; the noun sense is a nominalisation or a rarity
2026-08-29,"gaps.csv (clean band, zipf >= 3.0)",analytics,noun,ordinary common noun the dataset should have
2026-08-29,"gaps.csv (clean band, zipf >= 3.0)",kai,noise,"not a usable common noun -- abbreviation, letter name, interjection, foreign word or a single obscure sense"
2026-08-29,"gaps.csv (clean band, zipf >= 3.0)",ou,noise,"not a usable common noun -- abbreviation, letter name, interjection, foreign word or a single obscure sense"
2026-08-29,"gaps.csv (clean band, zipf >= 3.0)",drowning,noun,ordinary common noun the dataset should have
2026-08-29,"gaps.csv (clean band, zipf >= 3.0)",prix,noise,"not a usable common noun -- abbreviation, letter name, interjection, foreign word or a single obscure sense"
2026-08-29,"gaps.csv (clean band, zipf >= 3.0)",username,noun,ordinary common noun the dataset should have
2026-08-29,"gaps.csv (clean band, zipf >= 3.0)",dunno,noise,"not a usable common noun -- abbreviation, letter name, interjection, foreign word or a single obscure sense"
2026-08-29,"gaps.csv (clean band, zipf >= 3.0)",minecraft,name,"name, brand or place; not a common noun"
2026-08-29,"gaps.csv (clean band, zipf >= 3.0)",tina,name,"name, brand or place; not a common noun"
2026-08-29,"gaps.csv (clean band, zipf >= 3.0)",alison,name,"name, brand or place; not a common noun"
2026-08-29,"gaps.csv (clean band, zipf >= 3.0)",selfie,noun,ordinary common noun the dataset should have
2026-08-29,"gaps.csv (clean band, zipf >= 3.0)",lib,noise,"not a usable common noun -- abbreviation, letter name, interjection, foreign word or a single obscure sense"
2026-08-29,"gaps.csv (clean band, zipf >= 3.0)",omar,name,"name, brand or place; not a common noun"
2026-08-29,"gaps.csv (clean band, zipf >= 3.0)",screenshot,noun,ordinary common noun the dataset should have
2026-08-29,"gaps.csv (clean band, zipf >= 3.0)",turbo,noun,ordinary common noun the dataset should have
2026-08-29,"gaps.csv (clean band, zipf >= 3.0)",einstein,name,"name, brand or place; not a common noun"
2026-08-29,"gaps.csv (clean band, zipf >= 3.0)",lionel,name,"name, brand or place; not a common noun"
2026-08-29,"gaps.csv (clean band, zipf >= 3.0)",ak,noise,"not a usable common noun -- abbreviation, letter name, interjection, foreign word or a single obscure sense"
2026-08-29,"gaps.csv (clean band, zipf >= 3.0)",ko,noise,"not a usable common noun -- abbreviation, letter name, interjection, foreign word or a single obscure sense"
2026-08-29,"gaps.csv (clean band, zipf >= 3.0)",stoke,verb,verb or verb form; the noun sense is incidental
2026-08-29,"gaps.csv (clean band, zipf >= 3.0)",grammy,name,"name, brand or place; not a common noun"
2026-08-29,"gaps.csv (clean band, zipf >= 3.0)",gloria,name,"name, brand or place; not a common noun"
2026-08-29,"gaps.csv (clean band, zipf >= 3.0)",gi,noun,ordinary common noun the dataset should have
2026-08-29,"gaps.csv (clean band, zipf >= 3.0)",steals,verb,verb or verb form; the noun sense is incidental
2026-08-29,"gaps.csv (clean band, zipf >= 3.0)",auburn,adj,adjective; the noun sense is a nominalisation or a rarity
2026-08-29,"gaps.csv (clean band, zipf >= 3.0)",bleed,verb,verb or verb form; the noun sense is incidental
2026-08-29,"gaps.csv (clean band, zipf >= 3.0)",ish,noise,"not a usable common noun -- abbreviation, letter name, interjection, foreign word or a single obscure sense"
2026-08-29,"gaps.csv (clean band, zipf >= 3.0)",blogging,noun,ordinary common noun the dataset should have
2026-08-29,"gaps.csv (clean band, zipf >= 3.0)",tri,noise,"not a usable common noun -- abbreviation, letter name, interjection, foreign word or a single obscure sense"
2026-08-29,"gaps.csv (clean band, zipf >= 3.0)",abnormal,adj,adjective; the noun sense is a nominalisation or a rarity
2026-08-29,"gaps.csv (clean band, zipf >= 3.0)",ned,name,"name, brand or place; not a common noun"
2026-08-29,"gaps.csv (clean band, zipf >= 3.0)",fest,noun,ordinary common noun the dataset should have
2026-08-29,"gaps.csv (clean band, zipf >= 3.0)",eco,adj,adjective; the noun sense is a nominalisation or a rarity
2026-08-29,"gaps.csv (clean band, zipf >= 3.0)",brock,name,"name, brand or place; not a common noun"
2026-08-29,"gaps.csv (clean band, zipf >= 3.0)",val,name,"name, brand or place; not a common noun"
2026-08-29,"gaps.csv (clean band, zipf >= 3.0)",vera,name,"name, brand or place; not a common noun"
2026-08-29,"gaps.csv (clean band, zipf >= 3.0)",irene,name,"name, brand or place; not a common noun"
2026-08-29,"gaps.csv (clean band, zipf >= 3.0)",ja,noise,"not a usable common noun -- abbreviation, letter name, interjection, foreign word or a single obscure sense"
2026-08-29,"gaps.csv (clean band, zipf >= 3.0)",cha,noise,"not a usable common noun -- abbreviation, letter name, interjection, foreign word or a single obscure sense"
2026-08-29,"gaps.csv (clean band, zipf >= 3.0)",premature,adj,adjective; the noun sense is a nominalisation or a rarity
2026-08-29,"gaps.csv (clean band, zipf >= 3.0)",corey,name,"name, brand or place; not a common noun"
2026-08-29,"gaps.csv (clean band, zipf >= 3.0)",ri,noise,"not a usable common noun -- abbreviation, letter name, interjection, foreign word or a single obscure sense"
2026-08-29,"gaps.csv (clean band, zipf >= 3.0)",invasive,adj,adjective; the noun sense is a nominalisation or a rarity
2026-08-29,"gaps.csv (clean band, zipf >= 3.0)",reg,noise,"not a usable common noun -- abbreviation, letter name, interjection, foreign word or a single obscure sense"
2026-08-29,"gaps.csv (clean band, zipf >= 3.0)",zhang,name,"name, brand or place; not a common noun"
2026-08-29,"gaps.csv (clean band, zipf >= 3.0)",durable,adj,adjective; the noun sense is a nominalisation or a rarity
2026-08-29,"gaps.csv (clean band, zipf >= 3.0)",wong,name,"name, brand or place; not a common noun"
2026-08-29,"gaps.csv (clean band, zipf >= 3.0)",holt,noun,ordinary common noun the dataset should have
2026-08-29,"gaps.csv (clean band, zipf >= 3.0)",mormon,name,"name, brand or place; not a common noun"
2026-08-29,"gaps.csv (clean band, zipf >= 3.0)",dammit,noise,"not a usable common noun -- abbreviation, letter name, interjection, foreign word or a single obscure sense"
2026-08-29,"gaps.csv (clean band, zipf >= 3.0)",alas,noise,"not a usable common noun -- abbreviation, letter name, interjection, foreign word or a single obscure sense"
2026-08-29,"gaps.csv (clean band, zipf >= 3.0)",rodney,name,"name, brand or place; not a common noun"
2026-08-29,"gaps.csv (clean band, zipf >= 3.0)",susceptible,adj,adjective; the noun sense is a nominalisation or a rarity
2026-08-29,"gaps.csv (clean band, zipf >= 3.0)",bonnie,name,"name, brand or place; not a common noun"
2026-08-29,"gaps.csv (clean band, zipf >= 3.0)",theo,name,"name, brand or place; not a common noun"
2026-08-29,"gaps.csv (clean band, zipf >= 3.0)",provisional,adj,adjective; the noun sense is a nominalisation or a rarity
2026-08-29,"gaps.csv (clean band, zipf >= 3.0)",storytelling,noun,ordinary common noun the dataset should have
2026-08-29,"gaps.csv (clean band, zipf >= 3.0)",eng,noise,"not a usable common noun -- abbreviation, letter name, interjection, foreign word or a single obscure sense"
2026-08-29,"gaps.csv (clean band, zipf >= 3.0)",aston,name,"name, brand or place; not a common noun"
2026-08-29,"gaps.csv (clean band, zipf >= 3.0)",immature,adj,adjective; the noun sense is a nominalisation or a rarity
2026-08-29,"gaps.csv (clean band, zipf >= 3.0)",blockchain,noun,ordinary common noun the dataset should have
2026-08-29,"gaps.csv (clean band, zipf >= 3.0)",zoe,name,"name, brand or place; not a common noun"
2026-08-29,"gaps.csv (clean band, zipf >= 3.0)",dang,noise,"not a usable common noun -- abbreviation, letter name, interjection, foreign word or a single obscure sense"
2026-08-29,"gaps.csv (clean band, zipf >= 3.0)",jessie,name,"name, brand or place; not a common noun"
2026-08-29,"gaps.csv (clean band, zipf >= 3.0)",forex,noun,ordinary common noun the dataset should have
2026-08-29,"gaps.csv (clean band, zipf >= 3.0)",goodnight,noise,"not a usable common noun -- abbreviation, letter name, interjection, foreign word or a single obscure sense"
2026-08-29,"gaps.csv (clean band, zipf >= 3.0)",poly,noise,"not a usable common noun -- abbreviation, letter name, interjection, foreign word or a single obscure sense"
2026-08-29,"gaps.csv (clean band, zipf >= 3.0)",inactive,adj,adjective; the noun sense is a nominalisation or a rarity
2026-08-29,"gaps.csv (clean band, zipf >= 3.0)",lana,name,"name, brand or place; not a common noun"
2026-08-29,"gaps.csv (clean band, zipf >= 3.0)",bing,name,"name, brand or place; not a common noun"
2026-08-29,"gaps.csv (clean band, zipf >= 3.0)",drastic,adj,adjective; the noun sense is a nominalisation or a rarity
2026-08-29,"gaps.csv (clean band, zipf >= 3.0)",bipolar,adj,adjective; the noun sense is a nominalisation or a rarity
2026-08-29,"gaps.csv (clean band, zipf >= 3.0)",doo,noise,"not a usable common noun -- abbreviation, letter name, interjection, foreign word or a single obscure sense"
2026-08-29,"gaps.csv (clean band, zipf >= 3.0)",alpine,adj,adjective; the noun sense is a nominalisation or a rarity
2026-08-29,"gaps.csv (clean band, zipf >= 3.0)",restructuring,noun,ordinary common noun the dataset should have
2026-08-29,"gaps.csv (clean band, zipf >= 3.0)",rudy,name,"name, brand or place; not a common noun"
2026-08-29,"gaps.csv (clean band, zipf >= 3.0)",wiki,noun,ordinary common noun the dataset should have
2026-08-29,"gaps.csv (clean band, zipf >= 3.0)",sammy,name,"name, brand or place; not a common noun"
2026-08-29,"gaps.csv (clean band, zipf >= 3.0)",dexter,name,"name, brand or place; not a common noun"
2026-08-29,"gaps.csv (clean band, zipf >= 3.0)",isolate,verb,verb or verb form; the noun sense is incidental
2026-08-29,"gaps.csv (clean band, zipf >= 3.0)",conditional,adj,adjective; the noun sense is a nominalisation or a rarity
2026-08-29,"gaps.csv (clean band, zipf >= 3.0)",orbital,noun,ordinary common noun the dataset should have
2026-08-29,"gaps.csv (clean band, zipf >= 3.0)",benz,name,"name, brand or place; not a common noun"
2026-08-29,"gaps.csv (clean band, zipf >= 3.0)",lobbying,noun,ordinary common noun the dataset should have
2026-08-29,"gaps.csv (clean band, zipf >= 3.0)",gina,name,"name, brand or place; not a common noun"
2026-08-29,"gaps.csv (clean band, zipf >= 3.0)",socio,noise,"not a usable common noun -- abbreviation, letter name, interjection, foreign word or a single obscure sense"
2026-08-29,"gaps.csv (clean band, zipf >= 3.0)",electro,noise,"not a usable common noun -- abbreviation, letter name, interjection, foreign word or a single obscure sense"
2026-08-29,"gaps.csv (clean band, zipf >= 3.0)",stabbing,noun,ordinary common noun the dataset should have
2026-08-29,"gaps.csv (clean band, zipf >= 3.0)",bae,noise,"not a usable common noun -- abbreviation, letter name, interjection, foreign word or a single obscure sense"
2026-08-29,"gaps.csv (clean band, zipf >= 3.0)",gimme,noise,"not a usable common noun -- abbreviation, letter name, interjection, foreign word or a single obscure sense"
2026-08-29,"gaps.csv (clean band, zipf >= 3.0)",alma,noise,"not a usable common noun -- abbreviation, letter name, interjection, foreign word or a single obscure sense"
2026-08-29,"gaps.csv (clean band, zipf >= 3.0)",stokes,noise,"not a usable common noun -- abbreviation, letter name, interjection, foreign word or a single obscure sense"
2026-08-29,"gaps.csv (clean band, zipf >= 3.0)",defective,adj,adjective; the noun sense is a nominalisation or a rarity
2026-08-29,"gaps.csv (clean band, zipf >= 3.0)",intuitive,adj,adjective; the noun sense is a nominalisation or a rarity
2026-08-29,"gaps.csv (clean band, zipf >= 3.0)",isabel,name,"name, brand or place; not a common noun"
2026-08-29,"gaps.csv (clean band, zipf >= 3.0)",sid,name,"name, brand or place; not a common noun"
2026-08-29,"gaps.csv (clean band, zipf >= 3.0)",ju,noise,"not a usable common noun -- abbreviation, letter name, interjection, foreign word or a single obscure sense"
2026-08-29,"gaps.csv (clean band, zipf >= 3.0)",peggy,name,"name, brand or place; not a common noun"
2026-08-29,"gaps.csv (clean band, zipf >= 3.0)",adidas,name,"name, brand or place; not a common noun"
2026-08-29,"gaps.csv (clean band, zipf >= 3.0)",entrepreneurship,noun,ordinary common noun the dataset should have
2026-08-29,"gaps.csv (clean band, zipf >= 3.0)",overdose,verb,verb or verb form; the noun sense is incidental
2026-08-29,"gaps.csv (clean band, zipf >= 3.0)",dwell,noise,"not a usable common noun -- abbreviation, letter name, interjection, foreign word or a single obscure sense"
2026-08-29,"gaps.csv (clean band, zipf >= 3.0)",oo,noise,"not a usable common noun -- abbreviation, letter name, interjection, foreign word or a single obscure sense"
2026-08-29,"gaps.csv (clean band, zipf >= 3.0)",superficial,adj,adjective; the noun sense is a nominalisation or a rarity
2026-08-29,"gaps.csv (clean band, zipf >= 3.0)",baxter,name,"name, brand or place; not a common noun"
2026-08-29,"gaps.csv (clean band, zipf >= 3.0)",barbie,name,"name, brand or place; not a common noun"
2026-08-29,"gaps.csv (clean band, zipf >= 3.0)",sheila,name,"name, brand or place; not a common noun"
2026-08-29,"gaps.csv (clean band, zipf >= 3.0)",zack,name,"name, brand or place; not a common noun"
2026-08-29,"gaps.csv (clean band, zipf >= 3.0)",tipping,verb,verb or verb form; the noun sense is incidental
2026-08-29,"gaps.csv (clean band, zipf >= 3.0)",multinational,noun,ordinary common noun the dataset should have
2026-08-29,"gaps.csv (clean band, zipf >= 3.0)",indy,name,"name, brand or place; not a common noun"
2026-08-29,"gaps.csv (clean band, zipf >= 3.0)",mal,noise,"not a usable common noun -- abbreviation, letter name, interjection, foreign word or a single obscure sense"
2026-08-29,"gaps.csv (clean band, zipf >= 3.0)",kara,name,"name, brand or place; not a common noun"
2026-08-29,"gaps.csv (clean band, zipf >= 3.0)",labeling,verb,verb or verb form; the noun sense is incidental
2026-08-29,"gaps.csv (clean band, zipf >= 3.0)",detrimental,adj,adjective; the noun sense is a nominalisation or a rarity
2026-08-29,"gaps.csv (clean band, zipf >= 3.0)",om,noise,"not a usable common noun -- abbreviation, letter name, interjection, foreign word or a single obscure sense"
2026-08-29,"gaps.csv (clean band, zipf >= 3.0)",onboard,noise,"not a usable common noun -- abbreviation, letter name, interjection, foreign word or a single obscure sense"
2026-08-29,"gaps.csv (clean band, zipf >= 3.0)",cory,name,"name, brand or place; not a common noun"
2026-08-29,"gaps.csv (clean band, zipf >= 3.0)",yah,noise,"not a usable common noun -- abbreviation, letter name, interjection, foreign word or a single obscure sense"
2026-08-29,"gaps.csv (clean band, zipf >= 3.0)",yummy,adj,adjective; the noun sense is a nominalisation or a rarity
2026-08-29,"gaps.csv (clean band, zipf >= 3.0)",aforementioned,adj,adjective; the noun sense is a nominalisation or a rarity
2026-08-29,"gaps.csv (clean band, zipf >= 3.0)",reboot,noun,ordinary common noun the dataset should have
2026-08-29,"gaps.csv (clean band, zipf >= 3.0)",nana,noise,"not a usable common noun -- abbreviation, letter name, interjection, foreign word or a single obscure sense"
2026-08-29,"gaps.csv (clean band, zipf >= 3.0)",descriptive,adj,adjective; the noun sense is a nominalisation or a rarity
2026-08-29,"gaps.csv (clean band, zipf >= 3.0)",ming,noise,"not a usable common noun -- abbreviation, letter name, interjection, foreign word or a single obscure sense"
2026-08-29,"gaps.csv (clean band, zipf >= 3.0)",casa,noise,"not a usable common noun -- abbreviation, letter name, interjection, foreign word or a single obscure sense"
2026-08-29,"gaps.csv (clean band, zipf >= 3.0)",medicinal,adj,adjective; the noun sense is a nominalisation or a rarity
2026-08-29,"gaps.csv (clean band, zipf >= 3.0)",ci,noise,"not a usable common noun -- abbreviation, letter name, interjection, foreign word or a single obscure sense"
2026-08-29,"gaps.csv (clean band, zipf >= 3.0)",clint,noise,"not a usable common noun -- abbreviation, letter name, interjection, foreign word or a single obscure sense"
2026-08-29,"gaps.csv (clean band, zipf >= 3.0)",knowledgeable,adj,adjective; the noun sense is a nominalisation or a rarity
2026-08-29,"gaps.csv (clean band, zipf >= 3.0)",joanna,name,"name, brand or place; not a common noun"
2026-08-29,"gaps.csv (clean band, zipf >= 3.0)",kensington,name,"name, brand or place; not a common noun"
2026-08-29,"gaps.csv (clean band, zipf >= 3.0)",vita,noise,"not a usable common noun -- abbreviation, letter name, interjection, foreign word or a single obscure sense"
2026-08-29,"gaps.csv (clean band, zipf >= 3.0)",delusional,adj,adjective; the noun sense is a nominalisation or a rarity
2026-08-29,"gaps.csv (clean band, zipf >= 3.0)",bauer,name,"name, brand or place; not a common noun"
2026-08-29,"gaps.csv (clean band, zipf >= 3.0)",inbox,noun,ordinary common noun the dataset should have
2026-08-29,"gaps.csv (clean band, zipf >= 3.0)",cecil,name,"name, brand or place; not a common noun"
2026-08-29,"gaps.csv (clean band, zipf >= 3.0)",breastfeeding,noun,ordinary common noun the dataset should have
2026-08-29,"gaps.csv (clean band, zipf >= 3.0)",homophobic,adj,adjective; the noun sense is a nominalisation or a rarity
2026-08-29,"gaps.csv (clean band, zipf >= 3.0)",faa,noise,"not a usable common noun -- abbreviation, letter name, interjection, foreign word or a single obscure sense"
2026-08-29,"gaps.csv (clean band, zipf >= 3.0)",foley,name,"name, brand or place; not a common noun"
2026-08-29,"gaps.csv (clean band, zipf >= 3.0)",manny,name,"name, brand or place; not a common noun"
2026-08-29,"gaps.csv (clean band, zipf >= 3.0)",lex,noise,"not a usable common noun -- abbreviation, letter name, interjection, foreign word or a single obscure sense"
2026-08-29,"gaps.csv (clean band, zipf >= 3.0)",tai,noise,"not a usable common noun -- abbreviation, letter name, interjection, foreign word or a single obscure sense"
2026-08-29,"gaps.csv (clean band, zipf >= 3.0)",reese,name,"name, brand or place; not a common noun"
2026-08-29,"gaps.csv (clean band, zipf >= 3.0)",scotia,name,"name, brand or place; not a common noun"
2026-08-29,"gaps.csv (clean band, zipf >= 3.0)",login,noun,ordinary common noun the dataset should have
2026-08-29,"gaps.csv (clean band, zipf >= 3.0)",patel,name,"name, brand or place; not a common noun"
2026-08-29,"gaps.csv (clean band, zipf >= 3.0)",radiant,adj,adjective; the noun sense is a nominalisation or a rarity
2026-08-29,"gaps.csv (clean band, zipf >= 3.0)",becker,name,"name, brand or place; not a common noun"
2026-08-29,"gaps.csv (clean band, zipf >= 3.0)",incompatible,adj,adjective; the noun sense is a nominalisation or a rarity
2026-08-29,"gaps.csv (clean band, zipf >= 3.0)",ufo,noise,"not a usable common noun -- abbreviation, letter name, interjection, foreign word or a single obscure sense"
2026-08-29,"gaps.csv (clean band, zipf >= 3.0)",sublime,adj,adjective; the noun sense is a nominalisation or a rarity
2026-08-29,"gaps.csv (clean band, zipf >= 3.0)",naruto,name,"name, brand or place; not a common noun"
2026-08-29,"gaps.csv (clean band, zipf >= 3.0)",noir,adj,adjective; the noun sense is a nominalisation or a rarity
2026-08-29,"gaps.csv (clean band, zipf >= 3.0)",intrinsic,adj,adjective; the noun sense is a nominalisation or a rarity
2026-08-29,"gaps.csv (clean band, zipf >= 3.0)",ibn,noise,"not a usable common noun -- abbreviation, letter name, interjection, foreign word or a single obscure sense"
2026-08-29,"gaps.csv (clean band, zipf >= 3.0)",mata,name,"name, brand or place; not a common noun"
2026-08-29,"gaps.csv (clean band, zipf >= 3.0)",che,noise,"not a usable common noun -- abbreviation, letter name, interjection, foreign word or a single obscure sense"
2026-08-29,"gaps.csv (clean band, zipf >= 3.0)",ren,noise,"not a usable common noun -- abbreviation, letter name, interjection, foreign word or a single obscure sense"
2026-08-29,"gaps.csv (clean band, zipf >= 3.0)",mont,noise,"not a usable common noun -- abbreviation, letter name, interjection, foreign word or a single obscure sense"
2026-08-29,"gaps.csv (clean band, zipf >= 3.0)",postseason,noun,ordinary common noun the dataset should have
2026-08-29,"gaps.csv (clean band, zipf >= 3.0)",vt,noise,"not a usable common noun -- abbreviation, letter name, interjection, foreign word or a single obscure sense"
2026-08-29,"gaps.csv (clean band, zipf >= 3.0)",topical,adj,adjective; the noun sense is a nominalisation or a rarity
2026-08-29,"gaps.csv (clean band, zipf >= 3.0)",cervical,adj,adjective; the noun sense is a nominalisation or a rarity
2026-08-29,"gaps.csv (clean band, zipf >= 3.0)",indo,noise,"not a usable common noun -- abbreviation, letter name, interjection, foreign word or a single obscure sense"
2026-08-29,"gaps.csv (clean band, zipf >= 3.0)",adele,name,"name, brand or place; not a common noun"
2026-08-29,"gaps.csv (clean band, zipf >= 3.0)",lola,name,"name, brand or place; not a common noun"
2026-08-29,"gaps.csv (clean band, zipf >= 3.0)",dorsal,adj,adjective; the noun sense is a nominalisation or a rarity
2026-08-29,"gaps.csv (clean band, zipf >= 3.0)",aux,noise,"not a usable common noun -- abbreviation, letter name, interjection, foreign word or a single obscure sense"
2026-08-29,"gaps.csv (clean band, zipf >= 3.0)",sturdy,adj,adjective; the noun sense is a nominalisation or a rarity
2026-08-29,"gaps.csv (clean band, zipf >= 3.0)",groundwater,noun,ordinary common noun the dataset should have
2026-08-29,"gaps.csv (clean band, zipf >= 3.0)",wat,noise,"not a usable common noun -- abbreviation, letter name, interjection, foreign word or a single obscure sense"
2026-08-29,"gaps.csv (clean band, zipf >= 3.0)",haram,adj,adjective; the noun sense is a nominalisation or a rarity
2026-08-29,"gaps.csv (clean band, zipf >= 3.0)",autistic,adj,adjective; the noun sense is a nominalisation or a rarity
2026-08-29,"gaps.csv (clean band, zipf >= 3.0)",bleak,adj,adjective; the noun sense is a nominalisation or a rarity
2026-08-29,"gaps.csv (clean band, zipf >= 3.0)",cosplay,noun,ordinary common noun the dataset should have
2026-08-29,"gaps.csv (clean band, zipf >= 3.0)",fritz,noise,"not a usable common noun -- abbreviation, letter name, interjection, foreign word or a single obscure sense"
2026-08-29,"gaps.csv (clean band, zipf >= 3.0)",julio,name,"name, brand or place; not a common noun"
2026-08-29,"gaps.csv (clean band, zipf >= 3.0)",redesign,noun,ordinary common noun the dataset should have
2026-08-29,"gaps.csv (clean band, zipf >= 3.0)",bel,noise,"not a usable common noun -- abbreviation, letter name, interjection, foreign word or a single obscure sense"
2026-08-29,"gaps.csv (clean band, zipf >= 3.0)",wigan,name,"name, brand or place; not a common noun"
2026-08-29,"gaps.csv (clean band, zipf >= 3.0)",moto,noise,"not a usable common noun -- abbreviation, letter name, interjection, foreign word or a single obscure sense"
2026-08-29,"gaps.csv (clean band, zipf >= 3.0)",fishes,noise,"not a usable common noun -- abbreviation, letter name, interjection, foreign word or a single obscure sense"
2026-08-29,"gaps.csv (clean band, zipf >= 3.0)",levin,noise,"not a usable common noun -- abbreviation, letter name, interjection, foreign word or a single obscure sense"
2026-08-29,"gaps.csv (clean band, zipf >= 3.0)",madeleine,name,"name, brand or place; not a common noun"
2026-08-29,"gaps.csv (clean band, zipf >= 3.0)",desmond,name,"name, brand or place; not a common noun"
2026-08-29,"gaps.csv (clean band, zipf >= 3.0)",firefox,name,"name, brand or place; not a common noun"
2026-08-29,"gaps.csv (clean band, zipf >= 3.0)",dora,name,"name, brand or place; not a common noun"
2026-08-29,"gaps.csv (clean band, zipf >= 3.0)",paolo,name,"name, brand or place; not a common noun"
2026-08-29,"gaps.csv (clean band, zipf >= 3.0)",basal,adj,adjective; the noun sense is a nominalisation or a rarity
2026-08-29,"gaps.csv (clean band, zipf >= 3.0)",hoodie,noun,ordinary common noun the dataset should have
2026-08-29,"gaps.csv (clean band, zipf >= 3.0)",nic,noise,"not a usable common noun -- abbreviation, letter name, interjection, foreign word or a single obscure sense"
2026-08-29,"gaps.csv (clean band, zipf >= 3.0)",flushing,verb,verb or verb form; the noun sense is incidental
2026-08-29,"gaps.csv (clean band, zipf >= 3.0)",recharge,verb,verb or verb form; the noun sense is incidental
2026-08-29,"gaps.csv (clean band, zipf >= 3.0)",feng,noise,"not a usable common noun -- abbreviation, letter name, interjection, foreign word or a single obscure sense"
2026-08-29,"gaps.csv (clean band, zipf >= 3.0)",polly,name,"name, brand or place; not a common noun"
2026-08-29,"gaps.csv (clean band, zipf >= 3.0)",sharif,name,"name, brand or place; not a common noun"
2026-08-29,"gaps.csv (clean band, zipf >= 3.0)",fab,adj,adjective; the noun sense is a nominalisation or a rarity
2026-08-29,"gaps.csv (clean band, zipf >= 3.0)",od,noise,"not a usable common noun -- abbreviation, letter name, interjection, foreign word or a single obscure sense"
2026-08-29,"gaps.csv (clean band, zipf >= 3.0)",dino,noun,ordinary common noun the dataset should have
2026-08-29,"gaps.csv (clean band, zipf >= 3.0)",abigail,name,"name, brand or place; not a common noun"
2026-08-29,"gaps.csv (clean band, zipf >= 3.0)",zhou,noise,"not a usable common noun -- abbreviation, letter name, interjection, foreign word or a single obscure sense"
2026-08-29,"gaps.csv (clean band, zipf >= 3.0)",jang,noise,"not a usable common noun -- abbreviation, letter name, interjection, foreign word or a single obscure sense"
2026-08-29,"gaps.csv (clean band, zipf >= 3.0)",sequencing,noun,ordinary common noun the dataset should have
2026-08-29,"gaps.csv (clean band, zipf >= 3.0)",geez,noise,"not a usable common noun -- abbreviation, letter name, interjection, foreign word or a single obscure sense"
2026-08-29,"gaps.csv (clean band, zipf >= 3.0)",exemplary,adj,adjective; the noun sense is a nominalisation or a rarity
2026-08-29,"gaps.csv (clean band, zipf >= 3.0)",royale,noise,"not a usable common noun -- abbreviation, letter name, interjection, foreign word or a single obscure sense"
2026-08-29,"gaps.csv (clean band, zipf >= 3.0)",compile,verb,verb or verb form; the noun sense is incidental
2026-08-29,"gaps.csv (clean band, zipf >= 3.0)",ao,noise,"not a usable common noun -- abbreviation, letter name, interjection, foreign word or a single obscure sense"
2026-08-29,"gaps.csv (clean band, zipf >= 3.0)",gotcha,noise,"not a usable common noun -- abbreviation, letter name, interjection, foreign word or a single obscure sense"
2026-08-29,"gaps.csv (clean band, zipf >= 3.0)",mandy,name,"name, brand or place; not a common noun"
2026-08-29,"gaps.csv (clean band, zipf >= 3.0)",longitudinal,adj,adjective; the noun sense is a nominalisation or a rarity
2026-08-29,"gaps.csv (clean band, zipf >= 3.0)",catholicism,noun,ordinary common noun the dataset should have
2026-08-29,"gaps.csv (clean band, zipf >= 3.0)",div,noise,"not a usable common noun -- abbreviation, letter name, interjection, foreign word or a single obscure sense"
2026-08-29,"gaps.csv (clean band, zipf >= 3.0)",reuse,verb,verb or verb form; the noun sense is incidental
2026-08-29,"gaps.csv (clean band, zipf >= 3.0)",pelvic,adj,adjective; the noun sense is a nominalisation or a rarity
2026-08-29,"gaps.csv (clean band, zipf >= 3.0)",barlow,name,"name, brand or place; not a common noun"
2026-08-29,"gaps.csv (clean band, zipf >= 3.0)",payout,noun,ordinary common noun the dataset should have
2026-08-29,"gaps.csv (clean band, zipf >= 3.0)",santo,name,"name, brand or place; not a common noun"
2026-08-29,"gaps.csv (clean band, zipf >= 3.0)",hayward,name,"name, brand or place; not a common noun"
2026-08-29,"gaps.csv (clean band, zipf >= 3.0)",outsourcing,noun,ordinary common noun the dataset should have
2026-08-29,"gaps.csv (clean band, zipf >= 3.0)",avant,noise,"not a usable common noun -- abbreviation, letter name, interjection, foreign word or a single obscure sense"
2026-08-29,"gaps.csv (clean band, zipf >= 3.0)",spence,name,"name, brand or place; not a common noun"
2026-08-29,"gaps.csv (clean band, zipf >= 3.0)",synth,noun,ordinary common noun the dataset should have
2026-08-29,"gaps.csv (clean band, zipf >= 3.0)",webber,name,"name, brand or place; not a common noun"
2026-08-29,"gaps.csv (clean band, zipf >= 3.0)",byzantine,adj,adjective; the noun sense is a nominalisation or a rarity
2026-08-29,"gaps.csv (clean band, zipf >= 3.0)",ist,noise,"not a usable common noun -- abbreviation, letter name, interjection, foreign word or a single obscure sense"
2026-08-29,"gaps.csv (clean band, zipf >= 3.0)",rolex,name,"name, brand or place; not a common noun"
2026-08-29,"gaps.csv (clean band, zipf >= 3.0)",cybersecurity,noun,ordinary common noun the dataset should have
2026-08-29,"gaps.csv (clean band, zipf >= 3.0)",ramen,noun,ordinary common noun the dataset should have
2026-08-29,"gaps.csv (clean band, zipf >= 3.0)",psychedelic,noun,ordinary common noun the dataset should have
2026-08-29,"gaps.csv (clean band, zipf >= 3.0)",romero,name,"name, brand or place; not a common noun"
2026-08-29,"gaps.csv (clean band, zipf >= 3.0)",regal,adj,adjective; the noun sense is a nominalisation or a rarity
2026-08-29,"gaps.csv (clean band, zipf >= 3.0)",gon,noise,"not a usable common noun -- abbreviation, letter name, interjection, foreign word or a single obscure sense"
2026-08-29,"gaps.csv (clean band, zipf >= 3.0)",mixtape,noun,ordinary common noun the dataset should have
2026-08-29,"gaps.csv (clean band, zipf >= 3.0)",tyrone,name,"name, brand or place; not a common noun"
2026-08-29,"gaps.csv (clean band, zipf >= 3.0)",prima,adj,adjective; the noun sense is a nominalisation or a rarity
2026-08-29,"gaps.csv (clean band, zipf >= 3.0)",elon,name,"name, brand or place; not a common noun"
2026-08-29,"gaps.csv (clean band, zipf >= 3.0)",upstate,noun,ordinary common noun the dataset should have
2026-08-29,"gaps.csv (clean band, zipf >= 3.0)",devout,adj,adjective; the noun sense is a nominalisation or a rarity
2026-08-29,"gaps.csv (clean band, zipf >= 3.0)",jojo,name,"name, brand or place; not a common noun"
2026-08-29,"gaps.csv (clean band, zipf >= 3.0)",dod,noise,"not a usable common noun -- abbreviation, letter name, interjection, foreign word or a single obscure sense"
2026-08-29,"gaps.csv (clean band, zipf >= 3.0)",deficient,adj,adjective; the noun sense is a nominalisation or a rarity
2026-08-29,"gaps.csv (clean band, zipf >= 3.0)",xu,noise,"not a usable common noun -- abbreviation, letter name, interjection, foreign word or a single obscure sense"
2026-08-29,"gaps.csv (clean band, zipf >= 3.0)",anon,noun,ordinary common noun the dataset should have
2026-08-29,"gaps.csv (clean band, zipf >= 3.0)",aero,noun,ordinary common noun the dataset should have
2026-08-29,"gaps.csv (clean band, zipf >= 3.0)",serie,noise,"not a usable common noun -- abbreviation, letter name, interjection, foreign word or a single obscure sense"
2026-08-29,"gaps.csv (clean band, zipf >= 3.0)",opioid,noun,ordinary common noun the dataset should have
2026-08-29,"gaps.csv (clean band, zipf >= 3.0)",malignant,adj,adjective; the noun sense is a nominalisation or a rarity
2026-08-29,"gaps.csv (clean band, zipf >= 3.0)",glover,name,"name, brand or place; not a common noun"
2026-08-29,"gaps.csv (clean band, zipf >= 3.0)",brody,name,"name, brand or place; not a common noun"
2026-08-29,"gaps.csv (clean band, zipf >= 3.0)",hooper,name,"name, brand or place; not a common noun"
2026-08-29,"gaps.csv (clean band, zipf >= 3.0)",microbial,adj,adjective; the noun sense is a nominalisation or a rarity
2026-08-29,"gaps.csv (clean band, zipf >= 3.0)",ethel,name,"name, brand or place; not a common noun"
2026-08-29,"gaps.csv (clean band, zipf >= 3.0)",cutie,noun,ordinary common noun the dataset should have
2026-08-29,"gaps.csv (clean band, zipf >= 3.0)",measurable,adj,adjective; the noun sense is a nominalisation or a rarity
2026-08-29,"gaps.csv (clean band, zipf >= 3.0)",fil,noise,"not a usable common noun -- abbreviation, letter name, interjection, foreign word or a single obscure sense"
2026-08-29,"gaps.csv (clean band, zipf >= 3.0)",aromatic,adj,adjective; the noun sense is a nominalisation or a rarity
2026-08-29,"gaps.csv (clean band, zipf >= 3.0)",ent,noise,"not a usable common noun -- abbreviation, letter name, interjection, foreign word or a single obscure sense"
2026-08-29,"gaps.csv (clean band, zipf >= 3.0)",roche,name,"name, brand or place; not a common noun"
2026-08-29,"gaps.csv (clean band, zipf >= 3.0)",manic,adj,adjective; the noun sense is a nominalisation or a rarity
2026-08-29,"gaps.csv (clean band, zipf >= 3.0)",apa,name,"name, brand or place; not a common noun"
2026-08-29,"gaps.csv (clean band, zipf >= 3.0)",ceasefire,noun,ordinary common noun the dataset should have
2026-08-29,"gaps.csv (clean band, zipf >= 3.0)",primal,adj,adjective; the noun sense is a nominalisation or a rarity
2026-08-29,"gaps.csv (clean band, zipf >= 3.0)",winnie,name,"name, brand or place; not a common noun"
2026-08-29,"gaps.csv (clean band, zipf >= 3.0)",dar,name,"name, brand or place; not a common noun"
2026-08-29,"gaps.csv (clean band, zipf >= 3.0)",darcy,name,"name, brand or place; not a common noun"
2026-08-29,"gaps.csv (clean band, zipf >= 3.0)",eureka,name,"name, brand or place; not a common noun"
2026-08-29,"gaps.csv (clean band, zipf >= 3.0)",exec,noun,ordinary common noun the dataset should have
2026-08-29,"gaps.csv (clean band, zipf >= 3.0)",cor,noise,"not a usable common noun -- abbreviation, letter name, interjection, foreign word or a single obscure sense"
2026-08-29,"gaps.csv (clean band, zipf >= 3.0)",soc,noise,"not a usable common noun -- abbreviation, letter name, interjection, foreign word or a single obscure sense"
2026-08-29,"gaps.csv (clean band, zipf >= 3.0)",wakefield,name,"name, brand or place; not a common noun"
2026-08-29,"gaps.csv (clean band, zipf >= 3.0)",hurley,name,"name, brand or place; not a common noun"
2026-08-29,"gaps.csv (clean band, zipf >= 3.0)",smackdown,noun,ordinary common noun the dataset should have
2026-08-29,"gaps.csv (clean band, zipf >= 3.0)",myspace,name,"name, brand or place; not a common noun"
2026-08-29,"gaps.csv (clean band, zipf >= 3.0)",fg,noise,"not a usable common noun -- abbreviation, letter name, interjection, foreign word or a single obscure sense"
2026-08-29,"gaps.csv (clean band, zipf >= 3.0)",midtown,noun,ordinary common noun the dataset should have
2026-08-29,"gaps.csv (clean band, zipf >= 3.0)",kyrie,name,"name, brand or place; not a common noun"
2026-08-29,"gaps.csv (clean band, zipf >= 3.0)",sakura,name,"name, brand or place; not a common noun"
2026-08-29,"gaps.csv (clean band, zipf >= 3.0)",gillian,name,"name, brand or place; not a common noun"
2026-08-29,"gaps.csv (clean band, zipf >= 3.0)",taj,name,"name, brand or place; not a common noun"
2026-08-29,"gaps.csv (clean band, zipf >= 3.0)",xiao,name,"name, brand or place; not a common noun"
2026-08-29,"gaps.csv (clean band, zipf >= 3.0)",isabelle,name,"name, brand or place; not a common noun"
2026-08-29,"gaps.csv (clean band, zipf >= 3.0)",bubba,name,"name, brand or place; not a common noun"
2026-08-29,"gaps.csv (clean band, zipf >= 3.0)",maga,name,"name, brand or place; not a common noun"
2026-08-29,"gaps.csv (clean band, zipf >= 3.0)",ecommerce,noun,ordinary common noun the dataset should have
2026-08-29,"gaps.csv (clean band, zipf >= 3.0)",inaccessible,noise,"not a usable common noun -- abbreviation, letter name, interjection, foreign word or a single obscure sense"
2026-08-29,"gaps.csv (clean band, zipf >= 3.0)",pov,noise,"not a usable common noun -- abbreviation, letter name, interjection, foreign word or a single obscure sense"
2026-08-29,"gaps.csv (clean band, zipf >= 3.0)",ollie,name,"name, brand or place; not a common noun"
2026-08-29,"gaps.csv (clean band, zipf >= 3.0)",unequal,adj,adjective; the noun sense is a nominalisation or a rarity
2026-08-29,"gaps.csv (clean band, zipf >= 3.0)",rockstar,noun,ordinary common noun the dataset should have
2026-08-29,"gaps.csv (clean band, zipf >= 3.0)",lai,noise,"not a usable common noun -- abbreviation, letter name, interjection, foreign word or a single obscure sense"
2026-08-29,"gaps.csv (clean band, zipf >= 3.0)",coworker,noun,ordinary common noun the dataset should have
2026-08-29,"gaps.csv (clean band, zipf >= 3.0)",keyword,noun,ordinary common noun the dataset should have
2026-08-29,"gaps.csv (clean band, zipf >= 3.0)",boko,name,"name, brand or place; not a common noun"
2026-08-29,"gaps.csv (clean band, zipf >= 3.0)",chai,name,"name, brand or place; not a common noun"
2026-08-29,"gaps.csv (clean band, zipf >= 3.0)",narrower,noise,"not a usable common noun -- abbreviation, letter name, interjection, foreign word or a single obscure sense"
2026-08-29,"gaps.csv (clean band, zipf >= 3.0)",kart,noise,"not a usable common noun -- abbreviation, letter name, interjection, foreign word or a single obscure sense"
2026-08-29,"gaps.csv (clean band, zipf >= 3.0)",iggy,name,"name, brand or place; not a common noun"
2026-08-29,"gaps.csv (clean band, zipf >= 3.0)",ineligible,adj,adjective; the noun sense is a nominalisation or a rarity
2026-08-29,"gaps.csv (clean band, zipf >= 3.0)",removable,adj,adjective; the noun sense is a nominalisation or a rarity
2026-08-29,"gaps.csv (clean band, zipf >= 3.0)",crumble,verb,verb or verb form; the noun sense is incidental
2026-08-29,"gaps.csv (clean band, zipf >= 3.0)",colo,name,"name, brand or place; not a common noun"
2026-08-29,"gaps.csv (clean band, zipf >= 3.0)",archival,adj,adjective; the noun sense is a nominalisation or a rarity
2026-08-29,"gaps.csv (clean band, zipf >= 3.0)",waldo,name,"name, brand or place; not a common noun"
2026-08-29,"gaps.csv (clean band, zipf >= 3.0)",diablo,name,"name, brand or place; not a common noun"
2026-08-29,"gaps.csv (clean band, zipf >= 3.0)",interchangeable,adj,adjective; the noun sense is a nominalisation or a rarity
2026-08-29,"gaps.csv (clean band, zipf >= 3.0)",standout,noun,ordinary common noun the dataset should have
2026-08-29,"gaps.csv (clean band, zipf >= 3.0)",scot,name,"name, brand or place; not a common noun"
2026-08-29,"gaps.csv (clean band, zipf >= 3.0)",ef,noise,"not a usable common noun -- abbreviation, letter name, interjection, foreign word or a single obscure sense"
2026-08-29,"gaps.csv (clean band, zipf >= 3.0)",choo,noise,"not a usable common noun -- abbreviation, letter name, interjection, foreign word or a single obscure sense"
2026-08-29,"gaps.csv (clean band, zipf >= 3.0)",qu,noise,"not a usable common noun -- abbreviation, letter name, interjection, foreign word or a single obscure sense"
2026-08-29,"gaps.csv (clean band, zipf >= 3.0)",tac,noise,"not a usable common noun -- abbreviation, letter name, interjection, foreign word or a single obscure sense"
2026-08-29,"gaps.csv (clean band, zipf >= 3.0)",prem,noise,"not a usable common noun -- abbreviation, letter name, interjection, foreign word or a single obscure sense"
2026-08-29,"gaps.csv (clean band, zipf >= 3.0)",dai,noise,"not a usable common noun -- abbreviation, letter name, interjection, foreign word or a single obscure sense"
2026-08-29,"gaps.csv (clean band, zipf >= 3.0)",sig,noise,"not a usable common noun -- abbreviation, letter name, interjection, foreign word or a single obscure sense"
2026-08-29,"gaps.csv (clean band, zipf >= 3.0)",impulsive,adj,adjective; the noun sense is a nominalisation or a rarity
2026-08-29,"gaps.csv (clean band, zipf >= 3.0)",hodge,noise,"not a usable common noun -- abbreviation, letter name, interjection, foreign word or a single obscure sense"
2026-08-29,"gaps.csv (clean band, zipf >= 3.0)",kun,noise,"not a usable common noun -- abbreviation, letter name, interjection, foreign word or a single obscure sense"
2026-08-29,"gaps.csv (clean band, zipf >= 3.0)",holloway,noise,"not a usable common noun -- abbreviation, letter name, interjection, foreign word or a single obscure sense"
2026-08-29,"gaps.csv (clean band, zipf >= 3.0)",ubuntu,noise,"not a usable common noun -- abbreviation, letter name, interjection, foreign word or a single obscure sense"
2026-08-29,"gaps.csv (clean band, zipf >= 3.0)",sai,noise,"not a usable common noun -- abbreviation, letter name, interjection, foreign word or a single obscure sense"
2026-08-29,"gaps.csv (clean band, zipf >= 3.0)",parasitic,adj,adjective; the noun sense is a nominalisation or a rarity
2026-08-29,"gaps.csv (clean band, zipf >= 3.0)",petra,noise,"not a usable common noun -- abbreviation, letter name, interjection, foreign word or a single obscure sense"
2026-08-29,"gaps.csv (clean band, zipf >= 3.0)",petit,adj,adjective; the noun sense is a nominalisation or a rarity
2026-08-29,"gaps.csv (clean band, zipf >= 3.0)",borg,noise,"not a usable common noun -- abbreviation, letter name, interjection, foreign word or a single obscure sense"
2026-08-29,"gaps.csv (clean band, zipf >= 3.0)",coli,noise,"not a usable common noun -- abbreviation, letter name, interjection, foreign word or a single obscure sense"
2026-08-29,"gaps.csv (clean band, zipf >= 3.0)",whaling,noun,ordinary common noun the dataset should have
2026-08-29,"gaps.csv (clean band, zipf >= 3.0)",shorty,noise,"not a usable common noun -- abbreviation, letter name, interjection, foreign word or a single obscure sense"
2026-08-29,"gaps.csv (clean band, zipf >= 3.0)",worldview,noun,ordinary common noun the dataset should have
2026-08-29,"gaps.csv (clean band, zipf >= 3.0)",dex,noise,"not a usable common noun -- abbreviation, letter name, interjection, foreign word or a single obscure sense"
2026-08-29,"gaps.csv (clean band, zipf >= 3.0)",homie,noun,ordinary common noun the dataset should have
2026-08-29,"gaps.csv (clean band, zipf >= 3.0)",kodak,noise,"not a usable common noun -- abbreviation, letter name, interjection, foreign word or a single obscure sense"
2026-08-29,"gaps.csv (clean band, zipf >= 3.0)",nav,noise,"not a usable common noun -- abbreviation, letter name, interjection, foreign word or a single obscure sense"
2026-08-29,"gaps.csv (clean band, zipf >= 3.0)",maddie,name,"name, brand or place; not a common noun"
2026-08-29,"gaps.csv (clean band, zipf >= 3.0)",sundance,name,"name, brand or place; not a common noun"
2026-08-29,"gaps.csv (clean band, zipf >= 3.0)",rai,noise,"not a usable common noun -- abbreviation, letter name, interjection, foreign word or a single obscure sense"
2026-08-29,"gaps.csv (clean band, zipf >= 3.0)",sylvester,name,"name, brand or place; not a common noun"
2026-08-29,"gaps.csv (clean band, zipf >= 3.0)",sama,name,"name, brand or place; not a common noun"
2026-08-29,"gaps.csv (clean band, zipf >= 3.0)",slade,name,"name, brand or place; not a common noun"
2026-08-29,"gaps.csv (clean band, zipf >= 3.0)",inflatable,noun,ordinary common noun the dataset should have
2026-08-29,"gaps.csv (clean band, zipf >= 3.0)",infiltrate,verb,verb or verb form; the noun sense is incidental
2026-08-29,"gaps.csv (clean band, zipf >= 3.0)",webinar,noun,ordinary common noun the dataset should have
2026-08-29,"gaps.csv (clean band, zipf >= 3.0)",arterial,adj,adjective; the noun sense is a nominalisation or a rarity
2026-08-29,"gaps.csv (clean band, zipf >= 3.0)",customization,noun,ordinary common noun the dataset should have
2026-08-29,"gaps.csv (clean band, zipf >= 3.0)",triathlon,noun,ordinary common noun the dataset should have
2026-08-29,"gaps.csv (clean band, zipf >= 3.0)",manipulative,adj,adjective; the noun sense is a nominalisation or a rarity
2026-08-29,"gaps.csv (clean band, zipf >= 3.0)",donny,name,"name, brand or place; not a common noun"
2026-08-29,"gaps.csv (clean band, zipf >= 3.0)",shen,noise,"not a usable common noun -- abbreviation, letter name, interjection, foreign word or a single obscure sense"
2026-08-29,"gaps.csv (clean band, zipf >= 3.0)",intolerant,adj,adjective; the noun sense is a nominalisation or a rarity
2026-08-29,"gaps.csv (clean band, zipf >= 3.0)",mendoza,name,"name, brand or place; not a common noun"
2026-08-29,"gaps.csv (clean band, zipf >= 3.0)",rewind,noun,ordinary common noun the dataset should have
2026-08-29,"gaps.csv (clean band, zipf >= 3.0)",recon,noun,ordinary common noun the dataset should have
2026-08-29,"gaps.csv (clean band, zipf >= 3.0)",emo,noun,ordinary common noun the dataset should have
2026-08-29,"gaps.csv (clean band, zipf >= 3.0)",cong,noise,"not a usable common noun -- abbreviation, letter name, interjection, foreign word or a single obscure sense"
2026-08-29,"gaps.csv (clean band, zipf >= 3.0)",loc,noise,"not a usable common noun -- abbreviation, letter name, interjection, foreign word or a single obscure sense"
2026-08-29,"gaps.csv (clean band, zipf >= 3.0)",powerpoint,noun,ordinary common noun the dataset should have
2026-08-29,"gaps.csv (clean band, zipf >= 3.0)",nevermind,noise,"not a usable common noun -- abbreviation, letter name, interjection, foreign word or a single obscure sense"
2026-08-29,"gaps.csv (clean band, zipf >= 3.0)",brewster,name,"name, brand or place; not a common noun"
2026-08-29,"gaps.csv (clean band, zipf >= 3.0)",reopening,verb,verb or verb form; the noun sense is incidental
2026-08-29,"gaps.csv (clean band, zipf >= 3.0)",toro,noise,"not a usable common noun -- abbreviation, letter name, interjection, foreign word or a single obscure sense"
2026-08-29,"gaps.csv (clean band, zipf >= 3.0)",ryu,noise,"not a usable common noun -- abbreviation, letter name, interjection, foreign word or a single obscure sense"
2026-08-29,"gaps.csv (clean band, zipf >= 3.0)",proto,adj,adjective; the noun sense is a nominalisation or a rarity
2026-08-29,"gaps.csv (clean band, zipf >= 3.0)",nitro,noun,ordinary common noun the dataset should have
2026-08-29,"gaps.csv (clean band, zipf >= 3.0)",glam,adj,adjective; the noun sense is a nominalisation or a rarity
2026-08-29,"gaps.csv (clean band, zipf >= 3.0)",girly,adj,adjective; the noun sense is a nominalisation or a rarity
2026-08-29,"gaps.csv (clean band, zipf >= 3.0)",mam,noise,"not a usable common noun -- abbreviation, letter name, interjection, foreign word or a single obscure sense"
2026-08-29,"gaps.csv (clean band, zipf >= 3.0)",filmmaking,noun,ordinary common noun the dataset should have
2026-08-29,"gaps.csv (clean band, zipf >= 3.0)",bain,noise,"not a usable common noun -- abbreviation, letter name, interjection, foreign word or a single obscure sense"
2026-08-29,"gaps.csv (clean band, zipf >= 3.0)",warcraft,noise,"not a usable common noun -- abbreviation, letter name, interjection, foreign word or a single obscure sense"
2026-08-29,"gaps.csv (clean band, zipf >= 3.0)",scully,name,"name, brand or place; not a common noun"
2026-08-29,"gaps.csv (clean band, zipf >= 3.0)",inorganic,adj,adjective; the noun sense is a nominalisation or a rarity
2026-08-29,"gaps.csv (clean band, zipf >= 3.0)",droid,noun,ordinary common noun the dataset should have
2026-08-29,"gaps.csv (clean band, zipf >= 3.0)",sega,name,"name, brand or place; not a common noun"
2026-08-29,"gaps.csv (clean band, zipf >= 3.0)",kiddo,noun,ordinary common noun the dataset should have
2026-08-29,"gaps.csv (clean band, zipf >= 3.0)",prosthetic,noun,ordinary common noun the dataset should have
2026-08-29,"gaps.csv (clean band, zipf >= 3.0)",merch,noun,ordinary common noun the dataset should have
2026-08-29,"gaps.csv (clean band, zipf >= 3.0)",ich,noise,"not a usable common noun -- abbreviation, letter name, interjection, foreign word or a single obscure sense"
2026-08-29,"gaps.csv (clean band, zipf >= 3.0)",hentai,noun,ordinary common noun the dataset should have
2026-08-29,"gaps.csv (clean band, zipf >= 3.0)",whopping,adj,adjective; the noun sense is a nominalisation or a rarity
2026-08-29,"gaps.csv (clean band, zipf >= 3.0)",att,noise,"not a usable common noun -- abbreviation, letter name, interjection, foreign word or a single obscure sense"
2026-08-29,"gaps.csv (clean band, zipf >= 3.0)",thingy,noun,ordinary common noun the dataset should have
2026-08-29,"gaps.csv (clean band, zipf >= 3.0)",medial,adj,adjective; the noun sense is a nominalisation or a rarity
2026-08-29,"gaps.csv (clean band, zipf >= 3.0)",ras,noise,"not a usable common noun -- abbreviation, letter name, interjection, foreign word or a single obscure sense"
2026-08-29,"gaps.csv (clean band, zipf >= 3.0)",reusable,noun,ordinary common noun the dataset should have
2026-08-29,"gaps.csv (clean band, zipf >= 3.0)",elliptical,noun,ordinary common noun the dataset should have
2026-08-29,"gaps.csv (clean band, zipf >= 3.0)",kira,name,"name, brand or place; not a common noun"
2026-08-29,"gaps.csv (clean band, zipf >= 3.0)",probing,verb,verb or verb form; the noun sense is incidental
2026-08-29,"gaps.csv (clean band, zipf >= 3.0)",eth,noise,"not a usable common noun -- abbreviation, letter name, interjection, foreign word or a single obscure sense"
2026-08-29,"gaps.csv (clean band, zipf >= 3.0)",biochemical,adj,adjective; the noun sense is a nominalisation or a rarity
2026-08-29,"gaps.csv (clean band, zipf >= 3.0)",hui,noise,"not a usable common noun -- abbreviation, letter name, interjection, foreign word or a single obscure sense"
2026-08-29,"gaps.csv (clean band, zipf >= 3.0)",seeding,verb,verb or verb form; the noun sense is incidental
2026-08-29,"gaps.csv (clean band, zipf >= 3.0)",timeout,noun,ordinary common noun the dataset should have
2026-08-29,"gaps.csv (clean band, zipf >= 3.0)",croydon,name,"name, brand or place; not a common noun"
2026-08-29,"gaps.csv (clean band, zipf >= 3.0)",rin,noise,"not a usable common noun -- abbreviation, letter name, interjection, foreign word or a single obscure sense"
2026-08-29,"gaps.csv (clean band, zipf >= 3.0)",peng,noise,"not a usable common noun -- abbreviation, letter name, interjection, foreign word or a single obscure sense"
2026-08-29,"gaps.csv (clean band, zipf >= 3.0)",permissible,adj,adjective; the noun sense is a nominalisation or a rarity
2026-08-29,"gaps.csv (clean band, zipf >= 3.0)",rohan,name,"name, brand or place; not a common noun"
2026-08-29,"gaps.csv (clean band, zipf >= 3.0)",bundy,name,"name, brand or place; not a common noun"
2026-08-29,"gaps.csv (clean band, zipf >= 3.0)",mahal,name,"name, brand or place; not a common noun"
2026-08-29,"gaps.csv (clean band, zipf >= 3.0)",rancho,noise,"not a usable common noun -- abbreviation, letter name, interjection, foreign word or a single obscure sense"
2026-08-29,"gaps.csv (clean band, zipf >= 3.0)",gatsby,name,"name, brand or place; not a common noun"
2026-08-29,"gaps.csv (clean band, zipf >= 3.0)",spiderman,name,"name, brand or place; not a common noun"
2026-08-29,"gaps.csv (clean band, zipf >= 3.0)",patti,name,"name, brand or place; not a common noun"
2026-08-29,"gaps.csv (clean band, zipf >= 3.0)",redo,verb,verb or verb form; the noun sense is incidental
2026-08-29,"gaps.csv (clean band, zipf >= 3.0)",milking,noun,ordinary common noun the dataset should have
2026-08-29,"gaps.csv (clean band, zipf >= 3.0)",johannes,name,"name, brand or place; not a common noun"
2026-08-29,"gaps.csv (clean band, zipf >= 3.0)",songwriting,noun,ordinary common noun the dataset should have
2026-08-29,"gaps.csv (clean band, zipf >= 3.0)",prequel,noun,ordinary common noun the dataset should have
2026-08-29,"gaps.csv (clean band, zipf >= 3.0)",livin,noise,"not a usable common noun -- abbreviation, letter name, interjection, foreign word or a single obscure sense"
2026-08-29,"gaps.csv (clean band, zipf >= 3.0)",henley,noun,ordinary common noun the dataset should have
2026-08-29,"gaps.csv (clean band, zipf >= 3.0)",baseman,noun,ordinary common noun the dataset should have
2026-08-29,"gaps.csv (clean band, zipf >= 3.0)",brainer,noise,"not a usable common noun -- abbreviation, letter name, interjection, foreign word or a single obscure sense"
2026-08-29,"gaps.csv (clean band, zipf >= 3.0)",femme,noun,ordinary common noun the dataset should have
2026-08-29,"gaps.csv (clean band, zipf >= 3.0)",derry,name,"name, brand or place; not a common noun"
2026-08-29,"gaps.csv (clean band, zipf >= 3.0)",agreeable,adj,adjective; the noun sense is a nominalisation or a rarity
2026-08-29,"gaps.csv (clean band, zipf >= 3.0)",playa,noun,ordinary common noun the dataset should have
2026-08-29,"gaps.csv (clean band, zipf >= 3.0)",conte,name,"name, brand or place; not a common noun"
2026-08-29,"gaps.csv (clean band, zipf >= 3.0)",jody,name,"name, brand or place; not a common noun"
2026-08-29,"gaps.csv (clean band, zipf >= 3.0)",picard,name,"name, brand or place; not a common noun"
2026-08-29,"gaps.csv (clean band, zipf >= 3.0)",prepping,verb,verb or verb form; the noun sense is incidental
2026-08-29,"gaps.csv (clean band, zipf >= 3.0)",gaston,name,"name, brand or place; not a common noun"
2026-08-29,"gaps.csv (clean band, zipf >= 3.0)",transnational,adj,adjective; the noun sense is a nominalisation or a rarity
2026-08-29,"gaps.csv (clean band, zipf >= 3.0)",basque,noise,"not a usable common noun -- abbreviation, letter name, interjection, foreign word or a single obscure sense"
2026-08-29,"gaps.csv (clean band, zipf >= 3.0)",improv,noun,ordinary common noun the dataset should have
2026-08-29,"gaps.csv (clean band, zipf >= 3.0)",tamara,name,"name, brand or place; not a common noun"
2026-08-29,"gaps.csv (clean band, zipf >= 3.0)",bai,noise,"not a usable common noun -- abbreviation, letter name, interjection, foreign word or a single obscure sense"
2026-08-29,"gaps.csv (clean band, zipf >= 3.0)",asher,name,"name, brand or place; not a common noun"
2026-08-29,"gaps.csv (clean band, zipf >= 3.0)",cowan,name,"name, brand or place; not a common noun"
2026-08-29,"gaps.csv (clean band, zipf >= 3.0)",exploratory,adj,adjective; the noun sense is a nominalisation or a rarity
2026-08-29,"gaps.csv (clean band, zipf >= 3.0)",avi,name,"name, brand or place; not a common noun"
2026-08-29,"gaps.csv (clean band, zipf >= 3.0)",meetup,noun,ordinary common noun the dataset should have
2026-08-29,"gaps.csv (clean band, zipf >= 3.0)",motorsport,noun,ordinary common noun the dataset should have
2026-08-29,"gaps.csv (clean band, zipf >= 3.0)",flammable,adj,adjective; the noun sense is a nominalisation or a rarity
2026-08-29,"gaps.csv (clean band, zipf >= 3.0)",amin,name,"name, brand or place; not a common noun"
2026-08-29,"gaps.csv (clean band, zipf >= 3.0)",cosmo,name,"name, brand or place; not a common noun"
2026-08-29,"gaps.csv (clean band, zipf >= 3.0)",wildcard,noun,ordinary common noun the dataset should have
2026-08-29,"gaps.csv (clean band, zipf >= 3.0)",chakra,noun,ordinary common noun the dataset should have
2026-08-29,"gaps.csv (clean band, zipf >= 3.0)",concordia,name,"name, brand or place; not a common noun"
2026-08-29,"gaps.csv (clean band, zipf >= 3.0)",guido,name,"name, brand or place; not a common noun"
2026-08-29,"gaps.csv (clean band, zipf >= 3.0)",darby,name,"name, brand or place; not a common noun"
2026-08-29,"gaps.csv (clean band, zipf >= 3.0)",salle,name,"name, brand or place; not a common noun"
2026-08-29,"gaps.csv (clean band, zipf >= 3.0)",nelly,name,"name, brand or place; not a common noun"
2026-08-29,"gaps.csv (clean band, zipf >= 3.0)",prenatal,adj,adjective; the noun sense is a nominalisation or a rarity
2026-08-29,"gaps.csv (clean band, zipf >= 3.0)",kano,name,"name, brand or place; not a common noun"
2026-08-29,"gaps.csv (clean band, zipf >= 3.0)",greenfield,adj,adjective; the noun sense is a nominalisation or a rarity
2026-08-29,"gaps.csv (clean band, zipf >= 3.0)",cheerleading,noun,ordinary common noun the dataset should have
2026-08-29,"gaps.csv (clean band, zipf >= 3.0)",bailout,noun,ordinary common noun the dataset should have
2026-08-29,"gaps.csv (clean band, zipf >= 3.0)",affordability,noun,ordinary common noun the dataset should have
2026-08-29,"gaps.csv (clean band, zipf >= 3.0)",motherboard,noun,ordinary common noun the dataset should have
2026-08-29,"gaps.csv (clean band, zipf >= 3.0)",remodeling,noun,ordinary common noun the dataset should have
2026-08-29,"gaps.csv (clean band, zipf >= 3.0)",gayle,name,"name, brand or place; not a common noun"
2026-08-29,"gaps.csv (clean band, zipf >= 3.0)",overarching,adj,adjective; the noun sense is a nominalisation or a rarity
2026-08-29,"gaps.csv (clean band, zipf >= 3.0)",oof,noise,"not a usable common noun -- abbreviation, letter name, interjection, foreign word or a single obscure sense"
2026-08-29,"gaps.csv (clean band, zipf >= 3.0)",burnout,noun,ordinary common noun the dataset should have
2026-08-29,"gaps.csv (clean band, zipf >= 3.0)",footy,noun,ordinary common noun the dataset should have
2026-08-29,"gaps.csv (clean band, zipf >= 3.0)",rollercoaster,noun,ordinary common noun the dataset should have
2026-08-29,"gaps.csv (clean band, zipf >= 3.0)",coz,noise,"not a usable common noun -- abbreviation, letter name, interjection, foreign word or a single obscure sense"
2026-08-29,"gaps.csv (clean band, zipf >= 3.0)",toto,name,"name, brand or place; not a common noun"
2026-08-29,"gaps.csv (clean band, zipf >= 3.0)",taser,noun,ordinary common noun the dataset should have
2026-08-29,"gaps.csv (clean band, zipf >= 3.0)",samaritan,noun,ordinary common noun the dataset should have
2026-08-29,"gaps.csv (clean band, zipf >= 3.0)",prog,noun,ordinary common noun the dataset should have
2026-08-29,"gaps.csv (clean band, zipf >= 3.0)",unsustainable,adj,adjective; the noun sense is a nominalisation or a rarity
2026-08-29,"gaps.csv (clean band, zipf >= 3.0)",jus,noun,ordinary common noun the dataset should have
2026-08-29,"gaps.csv (clean band, zipf >= 3.0)",sedentary,adj,adjective; the noun sense is a nominalisation or a rarity
2026-08-29,"gaps.csv (clean band, zipf >= 3.0)",ment,noise,"not a usable common noun -- abbreviation, letter name, interjection, foreign word or a single obscure sense"
2026-08-29,"gaps.csv (clean band, zipf >= 3.0)",avian,noun,ordinary common noun the dataset should have
2026-08-29,"gaps.csv (clean band, zipf >= 3.0)",fave,noun,ordinary common noun the dataset should have
2026-08-29,"gaps.csv (clean band, zipf >= 3.0)",tay,name,"name, brand or place; not a common noun"
2026-08-29,"gaps.csv (clean band, zipf >= 3.0)",ide,noise,"not a usable common noun -- abbreviation, letter name, interjection, foreign word or a single obscure sense"
2026-08-29,"gaps.csv (clean band, zipf >= 3.0)",kei,name,"name, brand or place; not a common noun"
2026-08-29,"gaps.csv (clean band, zipf >= 3.0)",backstory,noun,ordinary common noun the dataset should have
2026-08-29,"gaps.csv (clean band, zipf >= 3.0)",diss,noun,ordinary common noun the dataset should have
2026-08-29,"gaps.csv (clean band, zipf >= 3.0)",supergirl,name,"name, brand or place; not a common noun"
2026-08-29,"gaps.csv (clean band, zipf >= 3.0)",ville,name,"name, brand or place; not a common noun"
2026-08-29,"gaps.csv (clean band, zipf >= 3.0)",resonant,adj,adjective; the noun sense is a nominalisation or a rarity
2026-08-29,"gaps.csv (clean band, zipf >= 3.0)",bao,noun,ordinary common noun the dataset should have
2026-08-29,"gaps.csv (clean band, zipf >= 3.0)",templar,adj,adjective; the noun sense is a nominalisation or a rarity
2026-08-29,"gaps.csv (clean band, zipf >= 3.0)",ext,noise,"not a usable common noun -- abbreviation, letter name, interjection, foreign word or a single obscure sense"
2026-08-29,"gaps.csv (clean band, zipf >= 3.0)",goldie,name,"name, brand or place; not a common noun"
2026-08-29,"gaps.csv (clean band, zipf >= 3.0)",bal,name,"name, brand or place; not a common noun"
2026-08-29,"gaps.csv (clean band, zipf >= 3.0)",skywalker,name,"name, brand or place; not a common noun"
2026-08-29,"gaps.csv (clean band, zipf >= 3.0)",sho,noise,"not a usable common noun -- abbreviation, letter name, interjection, foreign word or a single obscure sense"
2026-08-29,"gaps.csv (clean band, zipf >= 3.0)",bhai,name,"name, brand or place; not a common noun"
2026-08-29,"gaps.csv (clean band, zipf >= 3.0)",viewership,noun,ordinary common noun the dataset should have
2026-08-29,"gaps.csv (clean band, zipf >= 3.0)",hof,name,"name, brand or place; not a common noun"
2026-08-29,"gaps.csv (clean band, zipf >= 3.0)",liang,noise,"not a usable common noun -- abbreviation, letter name, interjection, foreign word or a single obscure sense"
2026-08-29,"gaps.csv (clean band, zipf >= 3.0)",coa,name,"name, brand or place; not a common noun"
2026-08-29,"gaps.csv (clean band, zipf >= 3.0)",atypical,adj,adjective; the noun sense is a nominalisation or a rarity
2026-08-29,"gaps.csv (clean band, zipf >= 3.0)",qing,name,"name, brand or place; not a common noun"
2026-08-29,"gaps.csv (clean band, zipf >= 3.0)",rei,name,"name, brand or place; not a common noun"
2026-08-29,"gaps.csv (clean band, zipf >= 3.0)",txt,noise,"not a usable common noun -- abbreviation, letter name, interjection, foreign word or a single obscure sense"
2026-08-29,"gaps.csv (clean band, zipf >= 3.0)",bavarian,name,"name, brand or place; not a common noun"
2026-08-29,"gaps.csv (clean band, zipf >= 3.0)",smurf,noun,ordinary common noun the dataset should have
2026-08-29,"gaps.csv (clean band, zipf >= 3.0)",zhu,name,"name, brand or place; not a common noun"
2026-08-29,"gaps.csv (clean band, zipf >= 3.0)",uva,name,"name, brand or place; not a common noun"
2026-08-29,"gaps.csv (clean band, zipf >= 3.0)",alta,name,"name, brand or place; not a common noun"
2026-08-29,"gaps.csv (clean band, zipf >= 3.0)",stinky,adj,adjective; the noun sense is a nominalisation or a rarity
2026-08-29,"gaps.csv (clean band, zipf >= 3.0)",wynn,name,"name, brand or place; not a common noun"
2026-08-29,"gaps.csv (clean band, zipf >= 3.0)",mig,noise,"not a usable common noun -- abbreviation, letter name, interjection, foreign word or a single obscure sense"
2026-08-29,"gaps.csv (clean band, zipf >= 3.0)",bree,name,"name, brand or place; not a common noun"
2026-08-29,"gaps.csv (clean band, zipf >= 3.0)",mora,noun,ordinary common noun the dataset should have
2026-08-29,"gaps.csv (clean band, zipf >= 3.0)",tellin,noise,"not a usable common noun -- abbreviation, letter name, interjection, foreign word or a single obscure sense"
2026-08-29,"gaps.csv (clean band, zipf >= 3.0)",bora,name,"name, brand or place; not a common noun"
2026-08-29,"gaps.csv (clean band, zipf >= 3.0)",univ,noise,"not a usable common noun -- abbreviation, letter name, interjection, foreign word or a single obscure sense"
2026-08-29,"gaps.csv (clean band, zipf >= 3.0)",gundam,name,"name, brand or place; not a common noun"
2026-08-29,"gaps.csv (clean band, zipf >= 3.0)",observable,noun,ordinary common noun the dataset should have
2026-08-29,"gaps.csv (clean band, zipf >= 3.0)",ott,noise,"not a usable common noun -- abbreviation, letter name, interjection, foreign word or a single obscure sense"
2026-08-29,"gaps.csv (clean band, zipf >= 3.0)",ita,name,"name, brand or place; not a common noun"
2026-08-29,"gaps.csv (clean band, zipf >= 3.0)",plenary,noun,ordinary common noun the dataset should have
2026-08-29,"gaps.csv (clean band, zipf >= 3.0)",dropbox,noun,ordinary common noun the dataset should have
2026-08-29,"gaps.csv (clean band, zipf >= 3.0)",pao,name,"name, brand or place; not a common noun"
2026-08-29,"gaps.csv (clean band, zipf >= 3.0)",jodi,name,"name, brand or place; not a common noun"
2026-08-29,"gaps.csv (clean band, zipf >= 3.0)",sensei,noun,ordinary common noun the dataset should have
2026-08-29,"gaps.csv (clean band, zipf >= 3.0)",audiobook,noun,ordinary common noun the dataset should have
2026-08-29,"gaps.csv (clean band, zipf >= 3.0)",eo,name,"name, brand or place; not a common noun"
2026-08-29,"gaps.csv (clean band, zipf >= 3.0)",alf,name,"name, brand or place; not a common noun"
2026-08-29,"gaps.csv (clean band, zipf >= 3.0)",sabha,noun,ordinary common noun the dataset should have
2026-08-29,"gaps.csv (clean band, zipf >= 3.0)",pell,noise,"not a usable common noun -- abbreviation, letter name, interjection, foreign word or a single obscure sense"
2026-08-29,"gaps.csv (clean band, zipf >= 3.0)",hyung,name,"name, brand or place; not a common noun"
2026-08-29,"gaps.csv (clean band, zipf >= 3.0)",hurst,noun,ordinary common noun the dataset should have
2026-08-29,"gaps.csv (clean band, zipf >= 3.0)",glock,noise,"not a usable common noun -- abbreviation, letter name, interjection, foreign word or a single obscure sense"
2026-08-29,"gaps.csv (clean band, zipf >= 3.0)",mindy,name,"name, brand or place; not a common noun"
2026-08-29,"gaps.csv (clean band, zipf >= 3.0)",clancy,name,"name, brand or place; not a common noun"
2026-08-29,"gaps.csv (clean band, zipf >= 3.0)",tra,name,"name, brand or place; not a common noun"
2026-08-29,"gaps.csv (clean band, zipf >= 3.0)",tiki,noun,ordinary common noun the dataset should have
2026-08-29,"gaps.csv (clean band, zipf >= 3.0)",harman,name,"name, brand or place; not a common noun"
2026-08-29,"gaps.csv (clean band, zipf >= 3.0)",symptomatic,adj,adjective; the noun sense is a nominalisation or a rarity
2026-08-29,"gaps.csv (clean band, zipf >= 3.0)",leaderboard,noun,ordinary common noun the dataset should have
2026-08-29,"gaps.csv (clean band, zipf >= 3.0)",za,noise,"not a usable common noun -- abbreviation, letter name, interjection, foreign word or a single obscure sense"
2026-08-29,"gaps.csv (clean band, zipf >= 3.0)",pinot,noun,ordinary common noun the dataset should have
2026-08-29,"gaps.csv (clean band, zipf >= 3.0)",dispensing,verb,verb or verb form; the noun sense is incidental
2026-08-29,"gaps.csv (clean band, zipf >= 3.0)",lumbar,noun,ordinary common noun the dataset should have
2026-08-29,"gaps.csv (clean band, zipf >= 3.0)",melrose,name,"name, brand or place; not a common noun"
2026-08-29,"gaps.csv (clean band, zipf >= 3.0)",bafta,name,"name, brand or place; not a common noun"
2026-08-29,"gaps.csv (clean band, zipf >= 3.0)",ger,name,"name, brand or place; not a common noun"
2026-08-29,"gaps.csv (clean band, zipf >= 3.0)",maneuvering,verb,verb or verb form; the noun sense is incidental
2026-08-29,"gaps.csv (clean band, zipf >= 3.0)",robo,noun,ordinary common noun the dataset should have
2026-08-29,"gaps.csv (clean band, zipf >= 3.0)",miniseries,noun,ordinary common noun the dataset should have
2026-08-29,"gaps.csv (clean band, zipf >= 3.0)",enoch,name,"name, brand or place; not a common noun"
2026-08-29,"gaps.csv (clean band, zipf >= 3.0)",fra,name,"name, brand or place; not a common noun"
2026-08-29,"gaps.csv (clean band, zipf >= 3.0)",cate,name,"name, brand or place; not a common noun"
2026-08-29,"gaps.csv (clean band, zipf >= 3.0)",bollocks,noun,ordinary common noun the dataset should have
2026-08-29,"gaps.csv (clean band, zipf >= 3.0)",enfield,name,"name, brand or place; not a common noun"
2026-08-29,"gaps.csv (clean band, zipf >= 3.0)",kendra,name,"name, brand or place; not a common noun"
2026-08-29,"gaps.csv (clean band, zipf >= 3.0)",retrograde,noise,"not a usable common noun -- abbreviation, letter name, interjection, foreign word or a single obscure sense"
2026-08-29,"gaps.csv (clean band, zipf >= 3.0)",pitbull,noun,ordinary common noun the dataset should have
2026-08-29,"gaps.csv (clean band, zipf >= 3.0)",statehood,noun,ordinary common noun the dataset should have
2026-08-29,"gaps.csv (clean band, zipf >= 3.0)",kiki,name,"name, brand or place; not a common noun"
2026-08-29,"gaps.csv (clean band, zipf >= 3.0)",blushing,verb,verb or verb form; the noun sense is incidental
2026-08-29,"gaps.csv (clean band, zipf >= 3.0)",omni,noise,"not a usable common noun -- abbreviation, letter name, interjection, foreign word or a single obscure sense"
2026-08-29,"gaps.csv (clean band, zipf >= 3.0)",oda,name,"name, brand or place; not a common noun"
2026-08-29,"gaps.csv (clean band, zipf >= 3.0)",capping,noise,"not a usable common noun -- abbreviation, letter name, interjection, foreign word or a single obscure sense"
2026-08-29,"gaps.csv (clean band, zipf >= 3.0)",dolce,name,"name, brand or place; not a common noun"
2026-08-29,"gaps.csv (clean band, zipf >= 3.0)",silverman,name,"name, brand or place; not a common noun"
2026-08-29,"gaps.csv (clean band, zipf >= 3.0)",frau,noun,ordinary common noun the dataset should have
2026-08-29,"gaps.csv (clean band, zipf >= 3.0)",infographic,noun,ordinary common noun the dataset should have
2026-08-29,"gaps.csv (clean band, zipf >= 3.0)",exclusivity,noun,ordinary common noun the dataset should have
2026-08-29,"gaps.csv (clean band, zipf >= 3.0)",morph,noun,ordinary common noun the dataset should have
2026-08-29,"gaps.csv (clean band, zipf >= 3.0)",mort,noun,ordinary common noun the dataset should have
2026-08-29,"gaps.csv (clean band, zipf >= 3.0)",nouveau,noise,"not a usable common noun -- abbreviation, letter name, interjection, foreign word or a single obscure sense"
2026-08-29,"gaps.csv (clean band, zipf >= 3.0)",gamergate,name,"name, brand or place; not a common noun"
2026-08-29,"gaps.csv (clean band, zipf >= 3.0)",stargate,name,"name, brand or place; not a common noun"
2026-08-29,"gaps.csv (clean band, zipf >= 3.0)",koi,noun,ordinary common noun the dataset should have
2026-08-29,"gaps.csv (clean band, zipf >= 3.0)",romano,noun,ordinary common noun the dataset should have
2026-08-29,"gaps.csv (clean band, zipf >= 3.0)",sie,name,"name, brand or place; not a common noun"
2026-08-29,"gaps.csv (clean band, zipf >= 3.0)",yuck,noun,ordinary common noun the dataset should have
2026-08-29,"gaps.csv (clean band, zipf >= 3.0)",huey,noun,ordinary common noun the dataset should have
2026-08-29,"gaps.csv (clean band, zipf >= 3.0)",linn,noun,ordinary common noun the dataset should have
2026-08-29,"gaps.csv (clean band, zipf >= 3.0)",rollout,noun,ordinary common noun the dataset should have
2026-08-29,"gaps.csv (clean band, zipf >= 3.0)",ancillary,noun,ordinary common noun the dataset should have
2026-08-29,"gaps.csv (clean band, zipf >= 3.0)",portman,name,"name, brand or place; not a common noun"
2026-08-29,"gaps.csv (clean band, zipf >= 3.0)",tagline,noun,ordinary common noun the dataset should have
2026-08-29,"gaps.csv (clean band, zipf >= 3.0)",mage,noun,ordinary common noun the dataset should have
2026-08-29,"gaps.csv (clean band, zipf >= 3.0)",incognito,noun,ordinary common noun the dataset should have
2026-08-29,"gaps.csv (clean band, zipf >= 3.0)",epi,noise,"not a usable common noun -- abbreviation, letter name, interjection, foreign word or a single obscure sense"
2026-08-29,"gaps.csv (clean band, zipf >= 3.0)",ventral,noun,ordinary common noun the dataset should have
2026-08-29,"gaps.csv (clean band, zipf >= 3.0)",serpentine,noun,ordinary common noun the dataset should have
2026-08-29,"gaps.csv (clean band, zipf >= 3.0)",townhouse,noun,ordinary common noun the dataset should have
2026-08-29,"gaps.csv (clean band, zipf >= 3.0)",kamal,name,"name, brand or place; not a common noun"
2026-08-29,"gaps.csv (clean band, zipf >= 3.0)",pico,name,"name, brand or place; not a common noun"
2026-08-29,"gaps.csv (clean band, zipf >= 3.0)",prasad,noun,ordinary common noun the dataset should have
2026-08-29,"gaps.csv (clean band, zipf >= 3.0)",lila,name,"name, brand or place; not a common noun"
2026-08-29,"gaps.csv (clean band, zipf >= 3.0)",ska,noun,ordinary common noun the dataset should have
2026-08-29,"gaps.csv (clean band, zipf >= 3.0)",qin,name,"name, brand or place; not a common noun"
2026-08-29,"gaps.csv (clean band, zipf >= 3.0)",woolly,noun,ordinary common noun the dataset should have
2026-08-29,"gaps.csv (clean band, zipf >= 3.0)",mmmm,noise,"not a usable common noun -- abbreviation, letter name, interjection, foreign word or a single obscure sense"
2026-08-29,"gaps.csv (clean band, zipf >= 3.0)",delia,name,"name, brand or place; not a common noun"
2026-08-29,"gaps.csv (clean band, zipf >= 3.0)",jackman,name,"name, brand or place; not a common noun"
2026-08-29,"gaps.csv (clean band, zipf >= 3.0)",kew,name,"name, brand or place; not a common noun"
2026-08-29,"gaps.csv (clean band, zipf >= 3.0)",jeanette,name,"name, brand or place; not a common noun"
2026-08-29,"gaps.csv (clean band, zipf >= 3.0)",monde,name,"name, brand or place; not a common noun"
2026-08-29,"gaps.csv (clean band, zipf >= 3.0)",ecu,name,"name, brand or place; not a common noun"
2026-08-29,"gaps.csv (clean band, zipf >= 3.0)",roscoe,name,"name, brand or place; not a common noun"
2026-08-29,"gaps.csv (clean band, zipf >= 3.0)",botanic,adj,adjective; the noun sense is a nominalisation or a rarity
2026-08-29,"gaps.csv (clean band, zipf >= 3.0)",covent,name,"name, brand or place; not a common noun"
2026-08-29,"gaps.csv (clean band, zipf >= 3.0)",rosetta,name,"name, brand or place; not a common noun"
2026-08-29,"gaps.csv (clean band, zipf >= 3.0)",horner,name,"name, brand or place; not a common noun"
2026-08-29,"gaps.csv (clean band, zipf >= 3.0)",dumbledore,name,"name, brand or place; not a common noun"
2026-08-29,"gaps.csv (clean band, zipf >= 3.0)",kirkland,name,"name, brand or place; not a common noun"
2026-08-29,"gaps.csv (clean band, zipf >= 3.0)",maud,name,"name, brand or place; not a common noun"
2026-08-29,"gaps.csv (clean band, zipf >= 3.0)",dearborn,name,"name, brand or place; not a common noun"
2026-08-29,"gaps.csv (clean band, zipf >= 3.0)",rambo,name,"name, brand or place; not a common noun"
2026-08-29,"gaps.csv (clean band, zipf >= 3.0)",rheumatoid,adj,adjective; the noun sense is a nominalisation or a rarity
2026-08-29,"gaps.csv (clean band, zipf >= 3.0)",vee,name,"name, brand or place; not a common noun"
2026-08-29,"gaps.csv (clean band, zipf >= 3.0)",unsubscribe,verb,verb or verb form; the noun sense is incidental
2026-08-29,"gaps.csv (clean band, zipf >= 3.0)",blondie,name,"name, brand or place; not a common noun"
2026-08-29,"gaps.csv (clean band, zipf >= 3.0)",biopic,noun,ordinary common noun the dataset should have
2026-08-29,"gaps.csv (clean band, zipf >= 3.0)",aftermarket,noun,ordinary common noun the dataset should have
2026-08-29,"gaps.csv (clean band, zipf >= 3.0)",preorder,noun,ordinary common noun the dataset should have
2026-08-29,"gaps.csv (clean band, zipf >= 3.0)",slaughtering,verb,verb or verb form; the noun sense is incidental
2026-08-29,"gaps.csv (clean band, zipf >= 3.0)",programmable,adj,adjective; the noun sense is a nominalisation or a rarity
2026-08-29,"gaps.csv (clean band, zipf >= 3.0)",ute,noun,ordinary common noun the dataset should have
2026-08-29,"gaps.csv (clean band, zipf >= 3.0)",russel,name,"name, brand or place; not a common noun"
2026-08-29,"gaps.csv (clean band, zipf >= 3.0)",multilingual,adj,adjective; the noun sense is a nominalisation or a rarity
2026-08-29,"gaps.csv (clean band, zipf >= 3.0)",ria,noun,ordinary common noun the dataset should have
2026-08-29,"gaps.csv (clean band, zipf >= 3.0)",inhaling,verb,verb or verb form; the noun sense is incidental
2026-08-29,"gaps.csv (clean band, zipf >= 3.0)",bowser,name,"name, brand or place; not a common noun"
2026-08-29,"gaps.csv (clean band, zipf >= 3.0)",tian,name,"name, brand or place; not a common noun"
2026-08-29,"gaps.csv (clean band, zipf >= 3.0)",luz,name,"name, brand or place; not a common noun"
2026-08-29,"gaps.csv (clean band, zipf >= 3.0)",parton,name,"name, brand or place; not a common noun"
2026-08-29,"gaps.csv (clean band, zipf >= 3.0)",margo,name,"name, brand or place; not a common noun"
2026-08-29,"gaps.csv (clean band, zipf >= 3.0)",gino,name,"name, brand or place; not a common noun"
2026-08-29,"gaps.csv (clean band, zipf >= 3.0)",jing,name,"name, brand or place; not a common noun"
2026-08-29,"gaps.csv (clean band, zipf >= 3.0)",pointe,name,"name, brand or place; not a common noun"
2026-08-29,"gaps.csv (clean band, zipf >= 3.0)",crocker,name,"name, brand or place; not a common noun"
2026-08-29,"gaps.csv (clean band, zipf >= 3.0)",phonetic,adj,adjective; the noun sense is a nominalisation or a rarity
2026-08-29,"gaps.csv (clean band, zipf >= 3.0)",barista,noun,ordinary common noun the dataset should have
2026-08-29,"gaps.csv (clean band, zipf >= 3.0)",soto,name,"name, brand or place; not a common noun"
2026-08-29,"gaps.csv (clean band, zipf >= 3.0)",graphene,noun,ordinary common noun the dataset should have
2026-08-29,"gaps.csv (clean band, zipf >= 3.0)",keto,noun,ordinary common noun the dataset should have
2026-08-29,"gaps.csv (clean band, zipf >= 3.0)",roadshow,noun,ordinary common noun the dataset should have
2026-08-29,"gaps.csv (clean band, zipf >= 3.0)",mee,name,"name, brand or place; not a common noun"
2026-08-29,"gaps.csv (clean band, zipf >= 3.0)",chia,noun,ordinary common noun the dataset should have
2026-08-29,"gaps.csv (clean band, zipf >= 3.0)",bello,name,"name, brand or place; not a common noun"
2026-08-29,"gaps.csv (clean band, zipf >= 3.0)",bor,name,"name, brand or place; not a common noun"
2026-08-29,"gaps.csv (clean band, zipf >= 3.0)",nailing,noise,"not a usable common noun -- abbreviation, letter name, interjection, foreign word or a single obscure sense"
2026-08-29,"gaps.csv (clean band, zipf >= 3.0)",hottie,noun,ordinary common noun the dataset should have
2026-08-29,"gaps.csv (clean band, zipf >= 3.0)",alameda,name,"name, brand or place; not a common noun"
2026-08-29,"gaps.csv (clean band, zipf >= 3.0)",wheaton,name,"name, brand or place; not a common noun"
2026-08-29,"gaps.csv (clean band, zipf >= 3.0)",piccadilly,name,"name, brand or place; not a common noun"
2026-08-29,"gaps.csv (clean band, zipf >= 3.0)",candace,name,"name, brand or place; not a common noun"
2026-08-29,"gaps.csv (clean band, zipf >= 3.0)",zak,name,"name, brand or place; not a common noun"
2026-08-29,"gaps.csv (clean band, zipf >= 3.0)",scala,noun,ordinary common noun the dataset should have
2026-08-29,"gaps.csv (clean band, zipf >= 3.0)",kush,noun,ordinary common noun the dataset should have
2026-08-29,"gaps.csv (clean band, zipf >= 3.0)",garvey,name,"name, brand or place; not a common noun"
2026-08-29,"gaps.csv (clean band, zipf >= 3.0)",momo,noun,ordinary common noun the dataset should have
2026-08-29,"gaps.csv (clean band, zipf >= 3.0)",inca,name,"name, brand or place; not a common noun"
2026-08-29,"gaps.csv (clean band, zipf >= 3.0)",glazing,noun,ordinary common noun the dataset should have
2026-08-29,"gaps.csv (clean band, zipf >= 3.0)",parma,name,"name, brand or place; not a common noun"
2026-08-29,"gaps.csv (clean band, zipf >= 3.0)",orc,noun,ordinary common noun the dataset should have
2026-08-29,"gaps.csv (clean band, zipf >= 3.0)",mun,name,"name, brand or place; not a common noun"
2026-08-29,"gaps.csv (clean band, zipf >= 3.0)",bobo,name,"name, brand or place; not a common noun"
2026-08-29,"gaps.csv (clean band, zipf >= 3.0)",numeric,adj,adjective; the noun sense is a nominalisation or a rarity
2026-08-29,"gaps.csv (clean band, zipf >= 3.0)",kanji,noun,ordinary common noun the dataset should have
2026-08-29,"gaps.csv (clean band, zipf >= 3.0)",spicer,name,"name, brand or place; not a common noun"
2026-08-29,"gaps.csv (clean band, zipf >= 3.0)",cdr,name,"name, brand or place; not a common noun"
2026-08-29,"gaps.csv (clean band, zipf >= 3.0)",moby,noise,"not a usable common noun -- abbreviation, letter name, interjection, foreign word or a single obscure sense"
2026-08-29,"gaps.csv (clean band, zipf >= 3.0)",pilates,noun,ordinary common noun the dataset should have
2026-08-29,"gaps.csv (clean band, zipf >= 3.0)",soleil,name,"name, brand or place; not a common noun"
2026-08-29,"gaps.csv (clean band, zipf >= 3.0)",banda,name,"name, brand or place; not a common noun"
2026-08-29,"gaps.csv (clean band, zipf >= 3.0)",corinne,name,"name, brand or place; not a common noun"
2026-08-29,"gaps.csv (clean band, zipf >= 3.0)",smartwatch,noun,ordinary common noun the dataset should have
2026-08-29,"gaps.csv (clean band, zipf >= 3.0)",fong,name,"name, brand or place; not a common noun"
2026-08-29,"gaps.csv (clean band, zipf >= 3.0)",shalom,name,"name, brand or place; not a common noun"
2026-08-29,"gaps.csv (clean band, zipf >= 3.0)",bab,name,"name, brand or place; not a common noun"
2026-08-29,"gaps.csv (clean band, zipf >= 3.0)",celeb,noun,ordinary common noun the dataset should have
2026-08-29,"gaps.csv (clean band, zipf >= 3.0)",westside,noun,ordinary common noun the dataset should have
2026-08-29,"gaps.csv (clean band, zipf >= 3.0)",yaya,name,"name, brand or place; not a common noun"
2026-08-29,"gaps.csv (clean band, zipf >= 3.0)",tania,name,"name, brand or place; not a common noun"
2026-08-29,"gaps.csv (clean band, zipf >= 3.0)",supercar,noun,ordinary common noun the dataset should have
2026-08-29,"gaps.csv (clean band, zipf >= 3.0)",embedding,noun,ordinary common noun the dataset should have
2026-08-29,"gaps.csv (clean band, zipf >= 3.0)",nola,name,"name, brand or place; not a common noun"
2026-08-29,uk_review.csv,char,keep (not a UK spelling variant),"a fish, a charwoman and a clipping of character; not a spelling of ""cha"""
2026-08-29,uk_review.csv,cos,keep (not a UK spelling variant),"cos lettuce and the trig function; not a spelling of ""coz"""
2026-08-29,variants_ing.csv,imbedding / embedding,spelling_pair,"imbed/embed doublet, not regional"
2026-08-29,variants_ing.csv,king / qing,noise,"king is an ordinary noun, not a variant of anything"
2026-08-29,variants.csv,in / inch,unrelated,not a spelling pair
2026-08-29,variants.csv,at / att,unrelated,not a spelling pair
2026-08-29,variants.csv,do / hairdo,unrelated,not a spelling pair
2026-08-29,variants.csv,back / backstroke,unrelated,not a spelling pair
2026-08-29,variants.csv,year / here,unrelated,not a spelling pair
2026-08-29,variants.csv,why / wye,unrelated,not a spelling pair
2026-08-29,variants.csv,s / scruple,unrelated,not a spelling pair
2026-08-29,variants.csv,better / bettor,unrelated,not a spelling pair
2026-08-29,variants.csv,must / musth,unrelated,not a spelling pair
2026-08-29,variants.csv,set / sett,unrelated,not a spelling pair
2026-08-29,variants.csv,head / headline,unrelated,not a spelling pair
2026-08-29,variants.csv,car / cat,unrelated,not a spelling pair
2026-08-29,variants.csv,president / precedent,unrelated,not a spelling pair
2026-08-29,variants.csv,t / time,unrelated,not a spelling pair
2026-08-29,variants.csv,m / meter,unrelated,not a spelling pair
2026-08-29,variants.csv,win / wynn,unrelated,not a spelling pair
2026-08-29,variants.csv,police / policy,unrelated,not a spelling pair
2026-08-29,variants.csv,check / chick,unrelated,not a spelling pair
2026-08-29,variants.csv,field / fielder,unrelated,not a spelling pair
2026-08-29,variants.csv,board / blackboard,unrelated,not a spelling pair
2026-08-29,variants.csv,re / rematch,unrelated,not a spelling pair
2026-08-29,variants.csv,sex / sect,unrelated,not a spelling pair
2026-08-29,variants.csv,w / win,unrelated,not a spelling pair
2026-08-29,variants.csv,test / testosterone,unrelated,not a spelling pair
2026-08-29,variants.csv,dead / deadlift,unrelated,not a spelling pair
2026-08-29,variants.csv,sent / scent,unrelated,not a spelling pair
2026-08-29,variants.csv,n / north,unrelated,not a spelling pair
2026-08-29,variants.csv,p / p,unrelated,a row paired with itself
2026-08-29,variants.csv,key / quay,unrelated,not a spelling pair
2026-08-29,variants.csv,forward / foreword,unrelated,not a spelling pair
2026-08-29,variants.csv,science / scion,unrelated,not a spelling pair
2026-08-29,variants.csv,style / stile,unrelated,not a spelling pair
2026-08-29,variants.csv,kill / kiln,unrelated,not a spelling pair
2026-08-29,variants.csv,f / fuck,unrelated,not a spelling pair
2026-08-29,variants.csv,code / cod,unrelated,not a spelling pair
2026-08-29,variants.csv,super / superannuation,unrelated,not a spelling pair
2026-08-29,variants.csv,staff / staph,unrelated,not a spelling pair
2026-08-29,variants.csv,paper / newspaper,unrelated,not a spelling pair
2026-08-29,variants.csv,bed / bedroom,unrelated,not a spelling pair
2026-08-29,variants.csv,die / dye,unrelated,not a spelling pair
2026-08-29,variants.csv,h / hour,unrelated,not a spelling pair
2026-08-29,variants.csv,v / venturi,unrelated,not a spelling pair
2026-08-29,variants.csv,la / lane,unrelated,not a spelling pair
2026-08-29,variants.csv,base / bass,unrelated,not a spelling pair
2026-08-29,variants.csv,mine / mien,unrelated,not a spelling pair
2026-08-29,variants.csv,box / horsebox,unrelated,not a spelling pair
2026-08-29,variants.csv,y / year,unrelated,not a spelling pair
2026-08-29,variants.csv,rock / roc,unrelated,not a spelling pair
2026-08-29,variants.csv,g / gram,unrelated,not a spelling pair
2026-08-29,variants.csv,link / hyperlink,unrelated,not a spelling pair
2026-08-29,variants.csv,favorite / favourite,reverse,the canonical column is the nonstandard spelling
2026-08-29,variants.csv,reach / retch,unrelated,not a spelling pair
2026-08-29,variants.csv,ship / relationship,unrelated,not a spelling pair
2026-08-29,variants.csv,none / nones,unrelated,"nones is the Roman calendar term, not a plural of none"
2026-08-29,variants.csv,beach / bitch,unrelated,not a spelling pair
2026-08-29,variants.csv,wear / weir,unrelated,not a spelling pair
2026-08-29,variants.csv,lack / lakh,unrelated,not a spelling pair
2026-08-29,variants.csv,skin / skinhead,unrelated,not a spelling pair
2026-08-29,variants.csv,block / bloc,unrelated,not a spelling pair
2026-08-29,variants.csv,drug / drugstore,unrelated,not a spelling pair
2026-08-29,variants.csv,cent / century,unrelated,not a spelling pair
2026-08-29,variants.csv,throw / throe,unrelated,not a spelling pair
2026-08-29,variants.csv,click / klick,unrelated,not a spelling pair
2026-08-29,variants.csv,ex / exhibition,unrelated,not a spelling pair
2026-08-29,variants.csv,wild / weald,unrelated,not a spelling pair
2026-08-29,variants.csv,camp / campus,unrelated,not a spelling pair
2026-08-29,variants.csv,bet / beth,unrelated,not a spelling pair
2026-08-29,variants.csv,cast / caste,unrelated,not a spelling pair
2026-08-29,variants.csv,van / vanguard,unrelated,not a spelling pair
2026-08-29,variants.csv,labor / labour,reverse,the canonical column is the nonstandard spelling
2026-08-29,variants.csv,birth / berth,unrelated,not a spelling pair
2026-08-29,variants.csv,ad / advertisement,unrelated,not a spelling pair
2026-08-29,variants.csv,fellow / fella,reverse,the canonical column is the nonstandard spelling
2026-08-29,variants.csv,connection / connexion,reverse,the canonical column is the nonstandard spelling
2026-08-29,variants.csv,aid / aide,unrelated,not a spelling pair
2026-08-29,variants.csv,frank / franc,unrelated,not a spelling pair
2026-08-29,variants.csv,martin / marten,unrelated,not a spelling pair
2026-08-29,variants.csv,lee / li,unrelated,not a spelling pair
2026-08-29,variants.csv,stress / distress,unrelated,not a spelling pair
2026-08-29,variants.csv,ray / re,unrelated,not a spelling pair
2026-08-29,variants.csv,ben / bin,unrelated,not a spelling pair
2026-08-29,variants.csv,user / username,unrelated,not a spelling pair
2026-08-29,variants.csv,chair / chairperson,unrelated,not a spelling pair
2026-08-29,variants.csv,ms / manuscript,unrelated,not a spelling pair
2026-08-29,variants.csv,max / maximum,unrelated,not a spelling pair
2026-08-29,variants.csv,sub / submarine,unrelated,not a spelling pair
2026-08-29,variants.csv,mm / month,unrelated,not a spelling pair
2026-08-29,variants.csv,id / ide,unrelated,not a spelling pair
2026-08-29,variants.csv,prize / price,unrelated,not a spelling pair
2026-08-29,variants.csv,nick / nickname,unrelated,not a spelling pair
2026-08-29,variants.csv,programme / program,variant,the variant column is the nonstandard spelling
2026-08-29,variants.csv,matt / matte,variant,the variant column is the nonstandard spelling
2026-08-29,variants.csv,mate / checkmate,unrelated,not a spelling pair
2026-08-29,variants.csv,wet / wat,unrelated,not a spelling pair
2026-08-29,variants.csv,bike / bicycle,unrelated,not a spelling pair
2026-08-29,variants.csv,peak / peag,unrelated,not a spelling pair
2026-08-29,variants.csv,ft / foot,unrelated,not a spelling pair
2026-08-29,variants.csv,theatre / theater,variant,the variant column is the nonstandard spelling
2026-08-29,variants.csv,brief / briefs,plural,"one side is a plural of the other, not a spelling variant"
2026-08-29,variants.csv,pink / pinko,unrelated,not a spelling pair
2026-08-29,variants.csv,cap / capture,unrelated,not a spelling pair
2026-08-29,variants.csv,colour / color,variant,the variant column is the nonstandard spelling
2026-08-29,variants.csv,grey / gray,variant,the variant column is the nonstandard spelling
2026-08-29,variants.csv,auto / automobile,unrelated,not a spelling pair
2026-08-29,variants.csv,sharp / sharpie,unrelated,not a spelling pair
2026-08-29,variants.csv,bone / trombone,unrelated,not a spelling pair
2026-08-29,variants.csv,pet / petition,unrelated,not a spelling pair
2026-08-29,variants.csv,math / mathematics,unrelated,not a spelling pair
2026-08-29,variants.csv,mac / mackintosh,unrelated,not a spelling pair
2026-08-29,variants.csv,bath / bathroom,unrelated,not a spelling pair
2026-08-29,variants.csv,sand / sandpiper,unrelated,not a spelling pair
2026-08-29,variants.csv,mini / miniskirt,unrelated,not a spelling pair
2026-08-29,variants.csv,plain / plane,unrelated,not a spelling pair
2026-08-29,variants.csv,gym / gymnasium,unrelated,not a spelling pair
2026-08-29,variants.csv,min / minute,unrelated,not a spelling pair
2026-08-29,variants.csv,ghost / ghostwriter,unrelated,not a spelling pair
2026-08-29,variants.csv,sheet / shit,unrelated,not a spelling pair
2026-08-29,variants.csv,desert / dessert,unrelated,not a spelling pair
2026-08-29,variants.csv,crap / craps,unrelated,"craps is the dice game, not a plural"
2026-08-29,variants.csv,pot / potbelly,unrelated,not a spelling pair
2026-08-29,variants.csv,bye / boy,unrelated,not a spelling pair
2026-08-29,variants.csv,mo / moment,unrelated,not a spelling pair
2026-08-29,variants.csv,pope / pop,unrelated,not a spelling pair
2026-08-29,variants.csv,mill / mil,unrelated,not a spelling pair
2026-08-29,variants.csv,spin / spinnaker,unrelated,not a spelling pair
2026-08-29,variants.csv,behaviour / behavior,variant,the variant column is the nonstandard spelling
2026-08-29,variants.csv,doc / doctorate,unrelated,not a spelling pair
2026-08-29,variants.csv,rep / reputation,unrelated,not a spelling pair
2026-08-29,variants.csv,terrorist / tourist,unrelated,not a spelling pair
2026-08-29,variants.csv,principle / principal,unrelated,not a spelling pair
2026-08-29,variants.csv,bang / bhang,unrelated,not a spelling pair
2026-08-29,variants.csv,sec / second,unrelated,not a spelling pair
2026-08-29,variants.csv,favour / favor,variant,the variant column is the nonstandard spelling
2026-08-29,variants.csv,sauce / source,unrelated,not a spelling pair
2026-08-29,variants.csv,bat / baht,unrelated,not a spelling pair
2026-08-29,variants.csv,bow / bough,unrelated,not a spelling pair
2026-08-29,variants.csv,drag / dragon,unrelated,not a spelling pair
2026-08-29,variants.csv,dialogue / dialog,reverse,dialogue is standard everywhere; dialog is the computing/US clipping
2026-08-29,variants.csv,dec / decrement,unrelated,not a spelling pair
2026-08-29,variants.csv,tale / tael,unrelated,not a spelling pair
2026-08-29,variants.csv,slip / sideslip,unrelated,not a spelling pair
2026-08-29,variants.csv,corps / corpse,unrelated,not a spelling pair
2026-08-29,variants.csv,weed / duckweed,unrelated,not a spelling pair
2026-08-29,variants.csv,exam / examination,unrelated,not a spelling pair
2026-08-29,variants.csv,lover / louver,unrelated,not a spelling pair
2026-08-29,variants.csv,alpha / alphabet,unrelated,not a spelling pair
2026-08-29,variants.csv,habit / growth,unrelated,not a spelling pair
2026-08-29,variants.csv,terrorism / tourism,unrelated,not a spelling pair
2026-08-29,variants.csv,pat / patent,unrelated,not a spelling pair
2026-08-29,variants.csv,marshall / marshal,variant,the variant column is the nonstandard spelling
2026-08-29,variants.csv,pub / publication,unrelated,not a spelling pair
2026-08-29,variants.csv,shed / woodshed,unrelated,not a spelling pair
2026-08-29,variants.csv,skip / skipper,unrelated,not a spelling pair
2026-08-29,variants.csv,hr / hour,unrelated,not a spelling pair
2026-08-29,variants.csv,wrap / rap,unrelated,not a spelling pair
2026-08-29,variants.csv,dose / doze,unrelated,not a spelling pair
2026-08-29,variants.csv,lit / literature,unrelated,not a spelling pair
2026-08-29,variants.csv,mar / mere,unrelated,not a spelling pair
2026-08-29,variants.csv,humor / humour,reverse,the canonical column is the nonstandard spelling
2026-08-29,variants.csv,bacteria / bacterium,unrelated,not a spelling pair
2026-08-29,variants.csv,ram / rambo,unrelated,not a spelling pair
2026-08-29,variants.csv,cole / coal,unrelated,not a spelling pair
2026-08-29,variants.csv,lap / laparoscopy,unrelated,not a spelling pair
2026-08-29,variants.csv,jam / jamb,unrelated,not a spelling pair
2026-08-29,variants.csv,rat / muskrat,unrelated,not a spelling pair
2026-08-29,variants.csv,chuck / woodchuck,unrelated,not a spelling pair
2026-08-29,variants.csv,par / paragraph,unrelated,not a spelling pair
2026-08-29,variants.csv,soup / sup,unrelated,not a spelling pair
2026-08-29,variants.csv,lip / lipstick,unrelated,not a spelling pair
2026-08-29,variants.csv,ham / home,unrelated,not a spelling pair
2026-08-29,variants.csv,prof / professor,unrelated,not a spelling pair
2026-08-29,variants.csv,rev / revolution,unrelated,not a spelling pair
2026-08-29,variants.csv,jewelry / jewellery,reverse,the canonical column is the nonstandard spelling
2026-08-29,variants.csv,canon / cannon,unrelated,not a spelling pair
2026-08-29,variants.csv,neighbor / neighbour,reverse,the canonical column is the nonstandard spelling
2026-08-29,variants.csv,freeze / frieze,unrelated,not a spelling pair
2026-08-29,variants.csv,warner / warrener,unrelated,not a spelling pair
2026-08-29,variants.csv,fig / figure,unrelated,not a spelling pair
2026-08-29,variants.csv,ally / alley,unrelated,not a spelling pair
2026-08-29,variants.csv,cliff / clef,unrelated,not a spelling pair
2026-08-29,variants.csv,skull / school,unrelated,not a spelling pair
2026-08-29,variants.csv,meter / metre,reverse,the canonical column is the nonstandard spelling
2026-08-29,variants.csv,freak / fuck,unrelated,not a spelling pair
2026-08-29,variants.csv,burger / burgher,unrelated,not a spelling pair
2026-08-29,variants.csv,cheer / chair,unrelated,not a spelling pair
2026-08-29,variants.csv,chile / chili,variant,the variant column is the nonstandard spelling
2026-08-29,variants.csv,doll / dal,unrelated,not a spelling pair
2026-08-29,variants.csv,cos / coz,unrelated,not a spelling pair
2026-08-29,variants.csv,dot / dotty,unrelated,not a spelling pair
2026-08-29,variants.csv,hart / heart,unrelated,not a spelling pair
2026-08-29,variants.csv,blonde / blond,variant,the variant column is the nonstandard spelling
2026-08-29,variants.csv,marc / mark,unrelated,not a spelling pair
2026-08-29,variants.csv,eager / eagre,reverse,the canonical column is the nonstandard spelling
2026-08-29,variants.csv,cannon / canon,unrelated,not a spelling pair
2026-08-29,variants.csv,tire / tyre,reverse,the canonical column is the nonstandard spelling
2026-08-29,variants.csv,seller / cellar,unrelated,not a spelling pair
2026-08-29,variants.csv,pad / keypad,unrelated,not a spelling pair
2026-08-29,variants.csv,den / denier,unrelated,not a spelling pair
2026-08-29,variants.csv,buck / buckshot,unrelated,not a spelling pair
2026-08-29,variants.csv,flour / flower,unrelated,not a spelling pair
2026-08-29,variants.csv,dash / dashboard,unrelated,not a spelling pair
2026-08-29,variants.csv,feat / feature,unrelated,not a spelling pair
2026-08-29,variants.csv,cluster / clusterfuck,unrelated,not a spelling pair
2026-08-29,variants.csv,harbour / harbor,variant,the variant column is the nonstandard spelling
2026-08-29,variants.csv,cord / chord,unrelated,not a spelling pair
2026-08-29,variants.csv,gig / gigabyte,unrelated,not a spelling pair
2026-08-29,variants.csv,autism / autumn,unrelated,not a spelling pair
2026-08-29,variants.csv,manga / mango,unrelated,not a spelling pair
2026-08-29,variants.csv,curry / quarry,unrelated,not a spelling pair
2026-08-29,variants.csv,canvas / canvass,unrelated,cloth vs soliciting; different words
2026-08-29,variants.csv,melt / milt,unrelated,not a spelling pair
2026-08-29,variants.csv,col / column,unrelated,not a spelling pair
2026-08-29,variants.csv,ref / referee,unrelated,not a spelling pair
2026-08-29,variants.csv,critic / critique,unrelated,not a spelling pair
2026-08-29,variants.csv,chi / chihuahua,unrelated,not a spelling pair
2026-08-29,variants.csv,neighbourhood / neighborhood,variant,the variant column is the nonstandard spelling
2026-08-29,variants.csv,motive / motif,unrelated,not a spelling pair
2026-08-29,variants.csv,prep / preposition,unrelated,not a spelling pair
2026-08-29,variants.csv,lb / pound,unrelated,not a spelling pair
2026-08-29,variants.csv,coloured / colored,variant,the variant column is the nonstandard spelling
2026-08-29,variants.csv,heroin / heroine,unrelated,not a spelling pair
2026-08-29,variants.csv,crane / cran,unrelated,not a spelling pair
2026-08-29,variants.csv,catalog / catalogue,reverse,the canonical column is the nonstandard spelling
2026-08-29,variants.csv,compliment / complement,unrelated,not a spelling pair
2026-08-29,variants.csv,mod / modification,unrelated,not a spelling pair
2026-08-29,variants.csv,sack / sac,unrelated,not a spelling pair
2026-08-29,variants.csv,champ / champion,unrelated,not a spelling pair
2026-08-29,variants.csv,rack / arak,unrelated,not a spelling pair
2026-08-29,variants.csv,ng / newsgroup,unrelated,not a spelling pair
2026-08-29,variants.csv,ana / anna,unrelated,not a spelling pair
2026-08-29,variants.csv,ki / key,unrelated,not a spelling pair
2026-08-29,variants.csv,villain / villein,unrelated,not a spelling pair
2026-08-29,variants.csv,dug / dog,unrelated,not a spelling pair
2026-08-29,variants.csv,judgement / judgment,variant,the variant column is the nonstandard spelling
2026-08-29,variants.csv,coral / corral,unrelated,not a spelling pair
2026-08-29,variants.csv,fatigue / fatigues,plural,"one side is a plural of the other, not a spelling variant"
2026-08-29,variants.csv,dough / doughboy,unrelated,not a spelling pair
2026-08-29,variants.csv,bra / bro,unrelated,not a spelling pair
2026-08-29,variants.csv,para / paragraph,unrelated,not a spelling pair
2026-08-29,variants.csv,builder / bodybuilder,unrelated,not a spelling pair
2026-08-29,variants.csv,proposition / preposition,unrelated,not a spelling pair
2026-08-29,variants.csv,grill / girl,unrelated,not a spelling pair
2026-08-29,variants.csv,mat / material,unrelated,not a spelling pair
2026-08-29,variants.csv,ml / millilitre,unrelated,not a spelling pair
2026-08-29,variants.csv,critique / critic,unrelated,not a spelling pair
2026-08-29,variants.csv,isle / aisle,unrelated,not a spelling pair
2026-08-29,variants.csv,calif / caliph,variant,the variant column is the nonstandard spelling
2026-08-29,variants.csv,dye / die,unrelated,not a spelling pair
2026-08-29,variants.csv,mic / mike,reverse,mic is the modern standard spelling of the microphone sense
2026-08-29,variants.csv,promo / promotion,unrelated,not a spelling pair
2026-08-29,variants.csv,gal / gallon,unrelated,not a spelling pair
2026-08-29,variants.csv,lid / eyelid,unrelated,not a spelling pair
2026-08-29,variants.csv,ribbon / ribband,unrelated,not a spelling pair
2026-08-29,variants.csv,vent / ventilation,unrelated,not a spelling pair
2026-08-29,variants.csv,madame / madam,variant,the variant column is the nonstandard spelling
2026-08-29,variants.csv,lin / linn,variant,the variant column is the nonstandard spelling
2026-08-29,variants.csv,peel / peal,unrelated,not a spelling pair
2026-08-29,variants.csv,amp / ampere,unrelated,not a spelling pair
2026-08-29,variants.csv,yr / year,unrelated,not a spelling pair
2026-08-29,variants.csv,pitcher / picture,unrelated,not a spelling pair
2026-08-29,variants.csv,stab / establishment,unrelated,not a spelling pair
2026-08-29,variants.csv,drawer / drawers,plural,"one side is a plural of the other, not a spelling variant"
2026-08-29,variants.csv,tenant / tenet,unrelated,not a spelling pair
2026-08-29,variants.csv,somerset / somersault,variant,the variant column is the nonstandard spelling
2026-08-29,variants.csv,disco / discotheque,unrelated,not a spelling pair
2026-08-29,variants.csv,prop / propellant,unrelated,not a spelling pair
2026-08-29,variants.csv,literal / littoral,unrelated,not a spelling pair
2026-08-29,variants.csv,foil / hydrofoil,unrelated,not a spelling pair
2026-08-29,variants.csv,temp / temperature,unrelated,not a spelling pair
2026-08-29,variants.csv,maths / mathematics,unrelated,not a spelling pair
2026-08-29,variants.csv,armour / armor,variant,the variant column is the nonstandard spelling
2026-08-29,variants.csv,tray / trey,unrelated,not a spelling pair
2026-08-29,variants.csv,congo / congou,variant,the variant column is the nonstandard spelling
2026-08-29,variants.csv,stud / student,unrelated,not a spelling pair
2026-08-29,variants.csv,boxer / boxers,plural,"one side is a plural of the other, not a spelling variant"
2026-08-29,variants.csv,mil / milliliter,unrelated,not a spelling pair
2026-08-29,variants.csv,flavour / flavor,variant,the variant column is the nonstandard spelling
2026-08-29,variants.csv,stoke / stokes,plural,"one side is a plural of the other, not a spelling variant"
2026-08-29,variants.csv,dis / diss,variant,dis is the shorter spelling of diss
2026-08-29,variants.csv,retro / retrorocket,unrelated,not a spelling pair
2026-08-29,variants.csv,mayo / mayonnaise,unrelated,not a spelling pair
2026-08-29,variants.csv,mag / magazine,unrelated,not a spelling pair
2026-08-29,variants.csv,pod / podcast,unrelated,not a spelling pair
2026-08-29,variants.csv,beck / beak,unrelated,not a spelling pair
2026-08-29,variants.csv,slack / slacks,plural,"one side is a plural of the other, not a spelling variant"
2026-08-29,variants.csv,hooker / hookah,unrelated,not a spelling pair
2026-08-29,variants.csv,macro / macroeconomics,unrelated,not a spelling pair
2026-08-29,variants.csv,tore / torus,variant,the variant column is the nonstandard spelling
2026-08-29,variants.csv,peek / pique,unrelated,not a spelling pair
2026-08-29,variants.csv,grape / grapeshot,unrelated,not a spelling pair
2026-08-29,variants.csv,quad / quadruplet,unrelated,not a spelling pair
2026-08-29,variants.csv,sol / solidarity,unrelated,not a spelling pair
2026-08-29,variants.csv,brent / brant,variant,the variant column is the nonstandard spelling
2026-08-29,variants.csv,piper / pepper,unrelated,not a spelling pair
2026-08-29,variants.csv,pike / turnpike,unrelated,not a spelling pair
2026-08-29,variants.csv,tails / tailcoat,unrelated,not a spelling pair
2026-08-29,variants.csv,scarf / scurf,unrelated,not a spelling pair
2026-08-29,variants.csv,var / variable,unrelated,not a spelling pair
2026-08-29,variants.csv,salvage / savage,unrelated,not a spelling pair
2026-08-29,variants.csv,kin / qin,unrelated,not a spelling pair
2026-08-29,variants.csv,helm / haulm,unrelated,not a spelling pair
2026-08-29,variants.csv,sonny / address,unrelated,not a spelling pair
2026-08-29,variants.csv,cocoa / coco,unrelated,not a spelling pair
2026-08-29,variants.csv,cozy / cosy,reverse,the canonical column is the nonstandard spelling
2026-08-29,variants.csv,kat / khat,unrelated,not a spelling pair
2026-08-29,variants.csv,dread / dreadlock,unrelated,not a spelling pair
2026-08-29,variants.csv,rite / right,unrelated,not a spelling pair
2026-08-29,variants.csv,sis / sister,unrelated,not a spelling pair
2026-08-29,variants.csv,gee / grand,unrelated,not a spelling pair
2026-08-29,variants.csv,whisky / whiskey,variant,the variant column is the nonstandard spelling
2026-08-29,variants.csv,nigga / nigger,variant,the variant column is the nonstandard spelling
2026-08-29,variants.csv,condo / condominium,unrelated,not a spelling pair
2026-08-29,variants.csv,cache / cachet,unrelated,not a spelling pair
2026-08-29,variants.csv,mantle / mantel,unrelated,not a spelling pair
2026-08-29,variants.csv,savannah / savanna,variant,the variant column is the nonstandard spelling
2026-08-29,variants.csv,fuse / fuze,unrelated,not a spelling pair
2026-08-29,variants.csv,chap / chop,unrelated,not a spelling pair
2026-08-29,variants.csv,homo / homosexual,unrelated,not a spelling pair
2026-08-29,variants.csv,spectacle / spectacles,plural,"one side is a plural of the other, not a spelling variant"
2026-08-29,variants.csv,stint / stent,unrelated,not a spelling pair
2026-08-29,variants.csv,crank / crankshaft,unrelated,not a spelling pair
2026-08-29,variants.csv,mare / mayor,unrelated,not a spelling pair
2026-08-29,variants.csv,grad / graduate,unrelated,not a spelling pair
2026-08-29,variants.csv,ordinance / ordnance,unrelated,not a spelling pair
2026-08-29,variants.csv,repost / riposte,unrelated,not a spelling pair
2026-08-29,variants.csv,spec / specification,unrelated,not a spelling pair
2026-08-29,variants.csv,booty / bootee,unrelated,not a spelling pair
2026-08-29,variants.csv,tang / tongue,unrelated,not a spelling pair
2026-08-29,variants.csv,dorm / dormitory,unrelated,not a spelling pair
2026-08-29,variants.csv,traveler / traveller,reverse,the canonical column is the nonstandard spelling
2026-08-29,variants.csv,bun / bunny,unrelated,not a spelling pair
2026-08-29,variants.csv,cory / corey,unrelated,not a spelling pair
2026-08-29,variants.csv,pun / bun,unrelated,not a spelling pair
2026-08-29,variants.csv,meg / megabyte,unrelated,not a spelling pair
2026-08-29,variants.csv,kc / kilocycle,unrelated,not a spelling pair
2026-08-29,variants.csv,specs / spectacles,unrelated,not a spelling pair
2026-08-29,variants.csv,heroine / heroin,unrelated,not a spelling pair
2026-08-29,variants.csv,comb / combination,unrelated,not a spelling pair
2026-08-29,variants.csv,stool / stole,unrelated,not a spelling pair
2026-08-29,variants.csv,chilly / chili,variant,the variant column is the nonstandard spelling
2026-08-29,variants.csv,litre / litter,unrelated,not a spelling pair
2026-08-29,variants.csv,moth / mote,unrelated,not a spelling pair
2026-08-29,variants.csv,fella / fellow,variant,the variant column is the nonstandard spelling
2026-08-29,variants.csv,loot / lieutenant,unrelated,not a spelling pair
2026-08-29,variants.csv,wen / wynn,unrelated,not a spelling pair
2026-08-29,variants.csv,nan / naan,unrelated,not a spelling pair
2026-08-29,variants.csv,paw / pa,unrelated,not a spelling pair
2026-08-29,variants.csv,lama / llama,unrelated,not a spelling pair
2026-08-29,variants.csv,envoy / envoi,unrelated,not a spelling pair
2026-08-29,variants.csv,ox / oxygen,unrelated,not a spelling pair
2026-08-29,variants.csv,char / cha,unrelated,not a spelling pair
2026-08-29,variants.csv,dialog / dialogue,variant,dialogue is standard everywhere
2026-08-29,variants.csv,liter / litre,reverse,the canonical column is the nonstandard spelling
2026-08-29,variants.csv,swat / swot,unrelated,not a spelling pair
2026-08-29,variants.csv,sham / champagne,unrelated,not a spelling pair
2026-08-29,variants.csv,mould / mold,variant,the variant column is the nonstandard spelling
2026-08-29,variants.csv,endeavour / endeavor,variant,the variant column is the nonstandard spelling
2026-08-29,variants.csv,pong / pung,unrelated,not a spelling pair
2026-08-29,variants.csv,fulfillment / fulfilment,reverse,the canonical column is the nonstandard spelling
2026-08-29,variants.csv,saloon / salon,unrelated,not a spelling pair
2026-08-29,variants.csv,psyche / psychology,unrelated,not a spelling pair
2026-08-29,variants.csv,medic / medick,unrelated,not a spelling pair
2026-08-29,variants.csv,enquiry / inquiry,variant,the variant column is the nonstandard spelling
2026-08-29,variants.csv,momma / mama,variant,the variant column is the nonstandard spelling
2026-08-29,variants.csv,deco / decoration,unrelated,not a spelling pair
2026-08-29,variants.csv,mustache / moustache,reverse,the canonical column is the nonstandard spelling
2026-08-29,variants.csv,jacks / jakes,unrelated,not a spelling pair
2026-08-29,variants.csv,amir / emir,variant,the variant column is the nonstandard spelling
2026-08-29,variants.csv,tumour / tumor,variant,the variant column is the nonstandard spelling
2026-08-29,variants.csv,eta / ita,unrelated,not a spelling pair
2026-08-29,variants.csv,otter / attar,unrelated,not a spelling pair
2026-08-29,variants.csv,burr / bur,unrelated,not a spelling pair
2026-08-29,variants.csv,obi / obeah,unrelated,not a spelling pair
2026-08-29,variants.csv,mina / myna,variant,the variant column is the nonstandard spelling
2026-08-29,variants.csv,bog / bug,unrelated,not a spelling pair
2026-08-29,variants.csv,ax / axe,reverse,the canonical column is the nonstandard spelling
2026-08-29,variants.csv,slew / slough,unrelated,not a spelling pair
2026-08-29,variants.csv,mane / man,unrelated,not a spelling pair
2026-08-29,variants.csv,limo / limousine,unrelated,not a spelling pair
2026-08-29,variants.csv,dole / dhole,unrelated,not a spelling pair
2026-08-29,variants.csv,mamma / mama,unrelated,not a spelling pair
2026-08-29,variants.csv,eq / equation,unrelated,not a spelling pair
2026-08-29,variants.csv,counsellor / counselor,variant,the variant column is the nonstandard spelling
2026-08-29,variants.csv,fro / afro,unrelated,not a spelling pair
2026-08-29,variants.csv,melon / mellon,unrelated,not a spelling pair
2026-08-29,variants.csv,acknowledgement / acknowledgment,variant,the variant column is the nonstandard spelling
2026-08-29,variants.csv,crease / kris,unrelated,not a spelling pair
2026-08-29,variants.csv,lac / lakh,unrelated,not a spelling pair
2026-08-29,variants.csv,donut / doughnut,variant,the variant column is the nonstandard spelling
2026-08-29,variants.csv,raja / rajah,variant,the variant column is the nonstandard spelling
2026-08-29,variants.csv,qi / chi,unrelated,both are standard in their own right
2026-08-29,variants.csv,chilli / chili,variant,the variant column is the nonstandard spelling
2026-08-29,variants.csv,tau / taw,unrelated,not a spelling pair
2026-08-29,variants.csv,vantage / advantage,unrelated,not a spelling pair
2026-08-29,variants.csv,analogue / analog,variant,the variant column is the nonstandard spelling
2026-08-29,variants.csv,midget / midge,unrelated,not a spelling pair
2026-08-29,variants.csv,polio / poliomyelitis,unrelated,not a spelling pair
2026-08-29,variants.csv,bane / bone,unrelated,not a spelling pair
2026-08-29,variants.csv,fitch / vetch,unrelated,not a spelling pair
2026-08-29,variants.csv,groin / groyne,unrelated,not a spelling pair
2026-08-29,variants.csv,prod / production,unrelated,not a spelling pair
2026-08-29,variants.csv,hoe / ho,unrelated,not a spelling pair
2026-08-29,variants.csv,leach / leech,unrelated,not a spelling pair
2026-08-29,variants.csv,sens / sensitivity,unrelated,not a spelling pair
2026-08-29,variants.csv,jargon / jargoon,unrelated,not a spelling pair
2026-08-29,variants.csv,tester / testiere,unrelated,not a spelling pair
2026-08-29,variants.csv,lair / layer,unrelated,not a spelling pair
2026-08-29,variants.csv,hoard / horde,unrelated,not a spelling pair
2026-08-29,variants.csv,watercolor / watercolour,reverse,the canonical column is the nonstandard spelling
2026-08-29,variants.csv,valor / valour,reverse,the canonical column is the nonstandard spelling
2026-08-29,variants.csv,clegg / cleg,variant,the variant column is the nonstandard spelling
2026-08-29,variants.csv,gage / gauge,unrelated,not a spelling pair
2026-08-29,variants.csv,armory / armoury,reverse,the canonical column is the nonstandard spelling
2026-08-29,variants.csv,choral / chorale,variant,the variant column is the nonstandard spelling
2026-08-29,variants.csv,flake / fake,unrelated,not a spelling pair
2026-08-29,variants.csv,tic / ticket,unrelated,not a spelling pair
2026-08-29,variants.csv,calibre / caliber,variant,the variant column is the nonstandard spelling
2026-08-29,variants.csv,tramp / trampoline,unrelated,not a spelling pair
2026-08-29,variants.csv,plow / plough,reverse,the canonical column is the nonstandard spelling
2026-08-29,variants.csv,clutter / clowder,unrelated,not a spelling pair
2026-08-29,variants.csv,realisation / realization,variant,the variant column is the nonstandard spelling
2026-08-29,variants.csv,salah / salat,variant,the variant column is the nonstandard spelling
2026-08-29,variants.csv,staunch / stanch,reverse,the canonical column is the nonstandard spelling
2026-08-29,variants.csv,drier / dryer,variant,the variant column is the nonstandard spelling
2026-08-29,variants.csv,kilometer / kilometre,reverse,the canonical column is the nonstandard spelling
2026-08-29,variants.csv,cayman / caiman,variant,the variant column is the nonstandard spelling
2026-08-29,variants.csv,sulphur / sulfur,variant,the variant column is the nonstandard spelling
2026-08-29,variants.csv,nag / knack,unrelated,not a spelling pair
2026-08-29,variants.csv,castor / caster,unrelated,not a spelling pair
2026-08-29,variants.csv,saber / sabre,reverse,the canonical column is the nonstandard spelling
2026-08-29,variants.csv,mol / mole,variant,the variant column is the nonstandard spelling
2026-08-29,variants.csv,camo / camouflage,unrelated,not a spelling pair
2026-08-29,variants.csv,aunty / auntie,variant,the variant column is the nonstandard spelling
2026-08-29,variants.csv,kern / quern,unrelated,not a spelling pair
2026-08-29,variants.csv,lager / laager,unrelated,not a spelling pair
2026-08-29,variants.csv,pct / percent,unrelated,not a spelling pair
2026-08-29,variants.csv,masse / mass,variant,the variant column is the nonstandard spelling
2026-08-29,variants.csv,ply / plywood,unrelated,not a spelling pair
2026-08-29,variants.csv,gent / gentamicin,unrelated,not a spelling pair
2026-08-29,variants.csv,speciality / specialty,variant,the variant column is the nonstandard spelling
2026-08-29,variants.csv,parlour / parlor,variant,the variant column is the nonstandard spelling
2026-08-29,variants.csv,chime / chine,unrelated,not a spelling pair
2026-08-29,variants.csv,louvre / louver,variant,the variant column is the nonstandard spelling
2026-08-29,variants.csv,tung / tongue,variant,the variant column is the nonstandard spelling
2026-08-29,variants.csv,lat / latitude,unrelated,not a spelling pair
2026-08-29,variants.csv,preventative / preventive,variant,the variant column is the nonstandard spelling
2026-08-29,variants.csv,kilo / kilogram,unrelated,not a spelling pair
2026-08-29,variants.csv,wiz / whiz,unrelated,not a spelling pair
2026-08-29,variants.csv,millimeter / millimetre,reverse,the canonical column is the nonstandard spelling
2026-08-29,variants.csv,hippo / hippopotamus,unrelated,not a spelling pair
2026-08-29,variants.csv,pallet / palette,unrelated,not a spelling pair
2026-08-29,variants.csv,revel / reveal,unrelated,not a spelling pair
2026-08-29,variants.csv,organiser / organizer,variant,the variant column is the nonstandard spelling
2026-08-29,variants.csv,dahl / dal,variant,the variant column is the nonstandard spelling
2026-08-29,variants.csv,lister / leister,variant,the variant column is the nonstandard spelling
2026-08-29,variants.csv,counterpoint / counterpane,unrelated,not a spelling pair
2026-08-29,variants.csv,plat / platform,unrelated,not a spelling pair
2026-08-29,variants.csv,grille / grill,variant,the variant column is the nonstandard spelling
2026-08-29,variants.csv,sheik / sheikh,variant,the variant column is the nonstandard spelling
2026-08-29,variants.csv,dork / dirk,unrelated,not a spelling pair
2026-08-29,variants.csv,burrow / barrow,unrelated,not a spelling pair
2026-08-29,variants.csv,privatisation / privatization,variant,the variant column is the nonstandard spelling
2026-08-29,variants.csv,tort / tortoise,unrelated,not a spelling pair
2026-08-29,variants.csv,mow / mew,unrelated,not a spelling pair
2026-08-29,variants.csv,clit / clitoris,unrelated,not a spelling pair
2026-08-29,variants.csv,macintosh / mackintosh,variant,the variant column is the nonstandard spelling
2026-08-29,variants.csv,centerpiece / centrepiece,reverse,the canonical column is the nonstandard spelling
2026-08-29,variants.csv,skunk / skunkweed,unrelated,not a spelling pair
2026-08-29,variants.csv,yoke / yolk,unrelated,not a spelling pair
2026-08-29,variants.csv,pane / peen,unrelated,not a spelling pair
2026-08-29,variants.csv,plough / snowplough,unrelated,not a spelling pair
2026-08-29,variants.csv,tact / tactic,unrelated,not a spelling pair
2026-08-29,variants.csv,medallist / medalist,variant,the variant column is the nonstandard spelling
2026-08-29,variants.csv,marge / margarine,unrelated,not a spelling pair
2026-08-29,variants.csv,rigor / rigour,reverse,the canonical column is the nonstandard spelling
2026-08-29,variants.csv,fuzz / fuss,unrelated,not a spelling pair
2026-08-29,variants.csv,minion / minium,unrelated,not a spelling pair
2026-08-29,variants.csv,fiberglass / fibreglass,variant,the variant column is the nonstandard spelling
2026-08-29,variants.csv,kos / coss,variant,the variant column is the nonstandard spelling
2026-08-29,variants.csv,cob / cobnut,unrelated,not a spelling pair
2026-08-29,variants.csv,toon / town,unrelated,not a spelling pair
2026-08-29,variants.csv,authorisation / authorization,variant,the variant column is the nonstandard spelling
2026-08-29,variants.csv,manoeuvre / maneuver,variant,the variant column is the nonstandard spelling
2026-08-29,variants.csv,puss / pus,unrelated,a cat vs the discharge; unrelated
2026-08-29,variants.csv,vigor / vigour,reverse,the canonical column is the nonstandard spelling
2026-08-29,variants.csv,vapour / vapor,variant,the variant column is the nonstandard spelling
2026-08-29,variants.csv,diarrhoea / diarrhea,variant,the variant column is the nonstandard spelling
2026-08-29,variants.csv,tranquility / tranquillity,reverse,the canonical column is the nonstandard spelling
2026-08-29,variants.csv,yoghurt / yogurt,variant,the variant column is the nonstandard spelling
2026-08-29,variants.csv,gangsta / gangster,variant,the variant column is the nonstandard spelling
2026-08-29,variants.csv,hippy / hippie,variant,the variant column is the nonstandard spelling
2026-08-29,variants.csv,doggie / doggy,variant,the variant column is the nonstandard spelling
2026-08-29,variants.csv,czar / tsar,variant,the variant column is the nonstandard spelling
2026-08-29,variants.csv,looney / loony,variant,the variant column is the nonstandard spelling
2026-08-29,variants.csv,loon / balloon,unrelated,not a spelling pair
2026-08-29,variants.csv,calvary / cavalry,unrelated,not a spelling pair
2026-08-29,variants.csv,lira / lyra,unrelated,not a spelling pair
2026-08-29,variants.csv,grandad / granddad,variant,the variant column is the nonstandard spelling
2026-08-29,variants.csv,cask / casque,unrelated,not a spelling pair
2026-08-29,variants.csv,ley / lea,unrelated,not a spelling pair
2026-08-29,variants.csv,savor / savour,reverse,the canonical column is the nonstandard spelling
2026-08-29,variants.csv,tarp / tarpaulin,unrelated,not a spelling pair
2026-08-29,variants.csv,baritone / barytone,unrelated,not a spelling pair
2026-08-29,variants.csv,modernisation / modernization,variant,the variant column is the nonstandard spelling
2026-08-29,variants.csv,doge / doggy,unrelated,not a spelling pair
2026-08-29,variants.csv,lustre / luster,variant,the variant column is the nonstandard spelling
2026-08-29,variants.csv,caddy / caddie,unrelated,not a spelling pair
2026-08-29,variants.csv,naught / nought,unrelated,not a spelling pair
2026-08-29,variants.csv,luster / lusterware,unrelated,not a spelling pair
2026-08-29,variants.csv,vac / vacation,unrelated,not a spelling pair
2026-08-29,variants.csv,perky / percy,unrelated,perky is an adjective; percy is a name
2026-08-29,variants.csv,llama / lama,unrelated,not a spelling pair
2026-08-29,variants.csv,flack / flak,unrelated,not a spelling pair
2026-08-29,variants.csv,chimp / chimpanzee,unrelated,not a spelling pair
2026-08-29,variants.csv,honk / honky,unrelated,not a spelling pair
2026-08-29,variants.csv,adage / adagio,unrelated,not a spelling pair
2026-08-29,variants.csv,scepticism / skepticism,variant,the variant column is the nonstandard spelling
2026-08-29,variants.csv,dickie / dicky,variant,the variant column is the nonstandard spelling
2026-08-29,variants.csv,ambience / ambiance,variant,the variant column is the nonstandard spelling
2026-08-29,variants.csv,dram / drachm,unrelated,not a spelling pair
2026-08-29,variants.csv,anaesthetic / anesthetic,variant,the variant column is the nonstandard spelling
2026-08-29,variants.csv,pall / pawl,unrelated,not a spelling pair
2026-08-29,variants.csv,flier / flyer,variant,the variant column is the nonstandard spelling
2026-08-29,variants.csv,plumb / plum,unrelated,not a spelling pair
2026-08-29,variants.csv,argyll / argyle,variant,the variant column is the nonstandard spelling
2026-08-29,variants.csv,bogey / bogie,unrelated,not a spelling pair
2026-08-29,variants.csv,mem / memory,unrelated,not a spelling pair
2026-08-29,variants.csv,bannister / banister,variant,the variant column is the nonstandard spelling
2026-08-29,variants.csv,esophagus / oesophagus,reverse,the canonical column is the nonstandard spelling
2026-08-29,variants.csv,nance / nancy,unrelated,"both slang/name, not a spelling pair"
2026-08-29,variants.csv,guerilla / guerrilla,variant,the variant column is the nonstandard spelling
2026-08-29,variants.csv,valence / valance,unrelated,not a spelling pair
2026-08-29,variants.csv,epicenter / epicentre,reverse,the canonical column is the nonstandard spelling
2026-08-29,variants.csv,dag / dog,unrelated,not a spelling pair
2026-08-29,variants.csv,characterisation / characterization,variant,the variant column is the nonstandard spelling
2026-08-29,variants.csv,dickey / dicky,variant,the variant column is the nonstandard spelling
2026-08-29,variants.csv,centimeter / centimetre,reverse,the canonical column is the nonstandard spelling
2026-08-29,variants.csv,putty / puttee,unrelated,not a spelling pair
2026-08-29,variants.csv,reorganisation / reorganization,variant,the variant column is the nonstandard spelling
2026-08-29,variants.csv,imposter / impostor,variant,the variant column is the nonstandard spelling
2026-08-29,variants.csv,dishonor / dishonour,reverse,the canonical column is the nonstandard spelling
2026-08-29,variants.csv,prawn / porn,unrelated,not a spelling pair
2026-08-29,variants.csv,lx / linguistics,unrelated,not a spelling pair
2026-08-29,variants.csv,gopher / gofer,unrelated,not a spelling pair
2026-08-29,variants.csv,fertiliser / fertilizer,variant,the variant column is the nonstandard spelling
2026-08-29,variants.csv,pinkie / pinky,unrelated,not a spelling pair
2026-08-29,variants.csv,equaliser / equalizer,variant,the variant column is the nonstandard spelling
2026-08-29,variants.csv,geezer / geyser,unrelated,not a spelling pair
2026-08-29,variants.csv,dike / dyke,reverse,the canonical column is the nonstandard spelling
2026-08-29,variants.csv,paedophile / pedophile,variant,the variant column is the nonstandard spelling
2026-08-29,variants.csv,pollack / pollock,variant,the variant column is the nonstandard spelling
2026-08-29,variants.csv,hakeem / hakim,variant,the variant column is the nonstandard spelling
2026-08-29,variants.csv,gaol / jail,variant,the variant column is the nonstandard spelling
2026-08-29,variants.csv,holler / hollow,unrelated,not a spelling pair
2026-08-29,variants.csv,hock / hawk,unrelated,not a spelling pair
2026-08-29,variants.csv,buss / bus,unrelated,a kiss vs the vehicle; unrelated
2026-08-29,variants.csv,tux / tuxedo,unrelated,not a spelling pair
2026-08-29,variants.csv,enquirer / inquirer,variant,the variant column is the nonstandard spelling
2026-08-29,variants.csv,juke / jukebox,unrelated,not a spelling pair
2026-08-29,variants.csv,nim / neem,unrelated,not a spelling pair
2026-08-29,variants.csv,gat / khat,unrelated,not a spelling pair
2026-08-29,variants.csv,halter / haltere,unrelated,not a spelling pair
2026-08-29,variants.csv,gripe / grip,unrelated,not a spelling pair
2026-08-29,variants.csv,burg / burger,unrelated,not a spelling pair
2026-08-29,variants.csv,daemon / demon,variant,the variant column is the nonstandard spelling
2026-08-29,variants.csv,canvass / canvas,unrelated,cloth vs soliciting; different words
2026-08-29,variants.csv,encyclopaedia / encyclopedia,variant,the variant column is the nonstandard spelling
2026-08-29,variants.csv,savoury / savory,variant,the variant column is the nonstandard spelling
2026-08-29,variants.csv,brahman / brahmin,variant,the variant column is the nonstandard spelling
2026-08-29,variants.csv,girdle / griddle,unrelated,not a spelling pair
2026-08-29,variants.csv,haji / hajji,variant,the variant column is the nonstandard spelling
2026-08-29,variants.csv,crick / creek,unrelated,not a spelling pair
2026-08-29,variants.csv,cypher / cipher,variant,the variant column is the nonstandard spelling
2026-08-29,variants.csv,hearse / hearst,unrelated,not a spelling pair
2026-08-29,variants.csv,filet / fillet,variant,the variant column is the nonstandard spelling
2026-08-29,variants.csv,amphitheater / amphitheatre,reverse,the canonical column is the nonstandard spelling
2026-08-29,variants.csv,lido / lidocaine,unrelated,not a spelling pair
2026-08-29,variants.csv,wether / weather,unrelated,not a spelling pair
2026-08-29,variants.csv,mediaeval / medieval,variant,the variant column is the nonstandard spelling
2026-08-29,variants.csv,foetus / fetus,variant,the variant column is the nonstandard spelling
2026-08-29,variants.csv,kor / cor,variant,the variant column is the nonstandard spelling
2026-08-29,variants.csv,pamper / pampers,plural,"one side is a plural of the other, not a spelling variant"
2026-08-29,variants.csv,favoritism / favouritism,reverse,the canonical column is the nonstandard spelling
2026-08-29,variants.csv,archeology / archaeology,reverse,the canonical column is the nonstandard spelling
2026-08-29,variants.csv,lino / linoleum,unrelated,not a spelling pair
2026-08-29,variants.csv,neb / nebulizer,unrelated,not a spelling pair
2026-08-29,variants.csv,posit / position,unrelated,not a spelling pair
2026-08-29,variants.csv,leukaemia / leukemia,variant,the variant column is the nonstandard spelling
2026-08-29,variants.csv,ruck / roc,unrelated,not a spelling pair
2026-08-29,variants.csv,guile / gold,unrelated,not a spelling pair
2026-08-29,variants.csv,loin / lion,unrelated,not a spelling pair
2026-08-29,variants.csv,bur / burr,unrelated,not a spelling pair
2026-08-29,variants.csv,homey / homie,variant,the variant column is the nonstandard spelling
2026-08-29,variants.csv,fervour / fervor,variant,the variant column is the nonstandard spelling
2026-08-29,variants.csv,signor / signore,variant,the variant column is the nonstandard spelling
2026-08-29,variants.csv,pix / pyx,unrelated,not a spelling pair
2026-08-29,variants.csv,twit / twitter,unrelated,not a spelling pair
2026-08-29,variants.csv,soya / soy,variant,the variant column is the nonstandard spelling
2026-08-29,variants.csv,aether / ether,variant,the variant column is the nonstandard spelling
2026-08-29,variants.csv,haemorrhage / hemorrhage,variant,the variant column is the nonstandard spelling
2026-08-29,variants.csv,woollen / woolen,variant,the variant column is the nonstandard spelling
2026-08-29,variants.csv,feller / fellow,unrelated,not a spelling pair
2026-08-29,variants.csv,adaption / adaptation,variant,the variant column is the nonstandard spelling
2026-08-29,variants.csv,optimisation / optimization,variant,the variant column is the nonstandard spelling
2026-08-29,variants.csv,bennie / benny,variant,the variant column is the nonstandard spelling
2026-08-29,variants.csv,cay / quay,unrelated,not a spelling pair
2026-08-29,variants.csv,pretence / pretense,variant,the variant column is the nonstandard spelling
2026-08-29,variants.csv,scepter / sceptre,reverse,the canonical column is the nonstandard spelling
2026-08-29,variants.csv,boarder / skateboarder,unrelated,not a spelling pair
2026-08-29,variants.csv,lye / lie,unrelated,not a spelling pair
2026-08-29,variants.csv,mettle / metal,unrelated,not a spelling pair
2026-08-29,variants.csv,faerie / fairy,variant,the variant column is the nonstandard spelling
2026-08-29,variants.csv,colonisation / colonization,variant,the variant column is the nonstandard spelling
2026-08-29,variants.csv,roan / rowan,unrelated,not a spelling pair
2026-08-29,variants.csv,anaesthesia / anesthesia,variant,the variant column is the nonstandard spelling
2026-08-29,variants.csv,faeces / feces,variant,the variant column is the nonstandard spelling
2026-08-29,variants.csv,jak / jack,variant,the variant column is the nonstandard spelling
2026-08-29,variants.csv,barbeque / barbecue,variant,the variant column is the nonstandard spelling
2026-08-29,variants.csv,racquet / racket,variant,the variant column is the nonstandard spelling
2026-08-29,variants.csv,industrialisation / industrialization,variant,the variant column is the nonstandard spelling
2026-08-29,variants.csv,croquet / croquette,unrelated,not a spelling pair
2026-08-29,variants.csv,dateline / deadline,unrelated,not a spelling pair
2026-08-29,variants.csv,despatch / dispatch,variant,the variant column is the nonstandard spelling
2026-08-29,variants.csv,leger / ledger,unrelated,not a spelling pair
2026-08-29,variants.csv,phoney / phony,variant,the variant column is the nonstandard spelling
2026-08-29,variants.csv,stabilisation / stabilization,variant,the variant column is the nonstandard spelling
2026-08-29,variants.csv,dominos / dominoes,unrelated,not a spelling pair
2026-08-29,variants.csv,orang / orangutan,unrelated,not a spelling pair
2026-08-29,variants.csv,ochre / okra,unrelated,not a spelling pair
2026-08-29,variants.csv,liberalisation / liberalization,variant,the variant column is the nonstandard spelling
2026-08-29,variants.csv,ellipse / ellipsis,unrelated,not a spelling pair
2026-08-29,variants.csv,rigour / rigor,variant,the variant column is the nonstandard spelling
2026-08-29,variants.csv,roomy / roomie,variant,the variant column is the nonstandard spelling
2026-08-29,variants.csv,marten / martin,unrelated,not a spelling pair
2026-08-29,variants.csv,urbanisation / urbanization,variant,the variant column is the nonstandard spelling
2026-08-29,variants.csv,sanitarium / sanatorium,variant,the variant column is the nonstandard spelling
2026-08-29,variants.csv,bloomer / bloomers,plural,"one side is a plural of the other, not a spelling variant"
2026-08-29,variants.csv,gipsy / gypsy,variant,the variant column is the nonstandard spelling
2026-08-29,variants.csv,nob / knob,unrelated,not a spelling pair
2026-08-29,variants.csv,clench / clinch,unrelated,not a spelling pair
2026-08-29,variants.csv,jeweller / jeweler,variant,the variant column is the nonstandard spelling
2026-08-29,variants.csv,lah / la,variant,the variant column is the nonstandard spelling
2026-08-29,variants.csv,winder / window,unrelated,not a spelling pair
2026-08-29,variants.csv,gratuity / fee,unrelated,not a spelling pair
2026-08-29,variants.csv,choc / chocolate,unrelated,not a spelling pair
2026-08-29,variants.csv,adaptor / adapter,variant,the variant column is the nonstandard spelling
2026-08-29,variants.csv,aeon / eon,variant,the variant column is the nonstandard spelling
2026-08-29,variants.csv,maneuverability / manoeuvrability,reverse,the canonical column is the nonstandard spelling
2026-08-29,variants.csv,karat / carat,variant,the variant column is the nonstandard spelling
2026-08-29,variants.csv,saree / sari,variant,the variant column is the nonstandard spelling
2026-08-29,variants.csv,verandah / veranda,variant,the variant column is the nonstandard spelling
2026-08-29,variants.csv,omelet / omelette,reverse,the canonical column is the nonstandard spelling
2026-08-29,variants.csv,checkbook / chequebook,variant,the variant column is the nonstandard spelling
2026-08-29,variants.csv,masque / mask,unrelated,not a spelling pair
2026-08-29,variants.csv,broach / brooch,unrelated,not a spelling pair
2026-08-29,variants.csv,nog / noggin,unrelated,not a spelling pair
2026-08-29,variants.csv,glycerin / glycerine,variant,the variant column is the nonstandard spelling
2026-08-29,variants.csv,chamomile / camomile,reverse,the canonical column is the nonstandard spelling
2026-08-29,variants.csv,kerb / curb,variant,the variant column is the nonstandard spelling
2026-08-29,variants.csv,chink / kink,unrelated,not a spelling pair
2026-08-29,variants.csv,etiology / aetiology,reverse,the canonical column is the nonstandard spelling
2026-08-29,variants.csv,narc / nark,unrelated,not a spelling pair
2026-08-29,variants.csv,monger / whoremonger,unrelated,not a spelling pair
2026-08-29,variants.csv,louse / loose,unrelated,not a spelling pair
2026-08-29,variants.csv,cristal / crystal,variant,the variant column is the nonstandard spelling
2026-08-29,variants.csv,aum / om,variant,the variant column is the nonstandard spelling
2026-08-29,variants.csv,caddie / caddy,unrelated,not a spelling pair
2026-08-29,variants.csv,sulphate / sulfate,variant,the variant column is the nonstandard spelling
2026-08-29,variants.csv,confidante / confidant,unrelated,not a spelling pair
2026-08-29,variants.csv,burka / burqa,variant,the variant column is the nonstandard spelling
2026-08-29,variants.csv,jodhpur / jodhpurs,plural,"one side is a plural of the other, not a spelling variant"
2026-08-29,variants.csv,synchro / synchromesh,unrelated,not a spelling pair
2026-08-29,variants.csv,sone / son,unrelated,not a spelling pair
2026-08-29,variants.csv,specialisation / specialization,variant,the variant column is the nonstandard spelling
2026-08-29,variants.csv,bazar / bazaar,variant,the variant column is the nonstandard spelling
2026-08-29,variants.csv,lav / lavatory,unrelated,not a spelling pair
2026-08-29,variants.csv,crozier / crosier,variant,the variant column is the nonstandard spelling
2026-08-29,variants.csv,maxillary / maxilla,unrelated,adjective vs bone; not a spelling pair
2026-08-29,variants.csv,nosey / nosy,variant,the variant column is the nonstandard spelling
2026-08-29,variants.csv,juggler / jugular,unrelated,not a spelling pair
2026-08-29,variants.csv,glazer / glazier,unrelated,not a spelling pair
2026-08-29,variants.csv,kola / cola,unrelated,not a spelling pair
2026-08-29,variants.csv,fertilisation / fertilization,variant,the variant column is the nonstandard spelling
2026-08-29,variants.csv,draftsman / draughtsman,reverse,the canonical column is the nonstandard spelling
2026-08-29,variants.csv,visualisation / visualization,variant,the variant column is the nonstandard spelling
2026-08-29,variants.csv,lasagne / lasagna,unrelated,not a spelling pair
2026-08-29,variants.csv,haj / hajj,variant,the variant column is the nonstandard spelling
2026-08-29,variants.csv,polarisation / polarization,variant,the variant column is the nonstandard spelling
2026-08-29,variants.csv,boogeyman / bogeyman,variant,the variant column is the nonstandard spelling
2026-08-29,variants.csv,mongo / mongoloid,unrelated,not a spelling pair
2026-08-29,variants.csv,travail / travel,unrelated,not a spelling pair
2026-08-29,variants.csv,annexe / annex,variant,the variant column is the nonstandard spelling
2026-08-29,variants.csv,anaemia / anemia,variant,the variant column is the nonstandard spelling
2026-08-29,variants.csv,uke / ukulele,unrelated,not a spelling pair
2026-08-29,variants.csv,rime / rhyme,unrelated,not a spelling pair
2026-08-29,variants.csv,standardisation / standardization,variant,the variant column is the nonstandard spelling
2026-08-29,variants.csv,sceptic / skeptic,variant,the variant column is the nonstandard spelling
2026-08-29,variants.csv,pica / pika,unrelated,not a spelling pair
2026-08-29,variants.csv,canna / cannabis,unrelated,not a spelling pair
2026-08-29,variants.csv,cress / kris,unrelated,not a spelling pair
2026-08-29,variants.csv,minx / mink,unrelated,not a spelling pair
2026-08-29,variants.csv,whizz / whiz,variant,the variant column is the nonstandard spelling
2026-08-29,variants.csv,gynaecology / gynecology,variant,the variant column is the nonstandard spelling
2026-08-29,variants.csv,tricolor / tricolour,reverse,the canonical column is the nonstandard spelling
2026-08-29,variants.csv,torr / tor,unrelated,a pressure unit vs a rocky hill; unrelated
2026-08-29,variants.csv,ameer / emir,variant,the variant column is the nonstandard spelling
2026-08-29,variants.csv,duffle / duffel,variant,the variant column is the nonstandard spelling
2026-08-29,variants.csv,conceptualization / conceptualisation,reverse,the canonical column is the nonstandard spelling
2026-08-29,variants.csv,pud / pood,unrelated,not a spelling pair
2026-08-29,variants.csv,connexion / connection,variant,the variant column is the nonstandard spelling
2026-08-29,variants.csv,soph / sophomore,unrelated,not a spelling pair
2026-08-29,variants.csv,immunisation / immunization,variant,the variant column is the nonstandard spelling
2026-08-29,variants.csv,bogie / bogey,unrelated,not a spelling pair
2026-08-29,variants.csv,candour / candor,variant,the variant column is the nonstandard spelling
2026-08-29,variants.csv,cesium / caesium,reverse,the canonical column is the nonstandard spelling
2026-08-29,variants.csv,horsey / horsy,variant,the variant column is the nonstandard spelling
2026-08-29,variants.csv,localisation / localization,variant,the variant column is the nonstandard spelling
2026-08-29,variants.csv,lacklustre / lackluster,variant,the variant column is the nonstandard spelling
2026-08-29,variants.csv,kiddy / kiddie,unrelated,not a spelling pair
2026-08-29,variants.csv,weft / waif,unrelated,not a spelling pair
2026-08-29,variants.csv,ikon / icon,variant,the variant column is the nonstandard spelling
2026-08-29,variants.csv,paediatrics / pediatrics,variant,the variant column is the nonstandard spelling
2026-08-29,variants.csv,colter / coulter,reverse,the canonical column is the nonstandard spelling
2026-08-29,variants.csv,dray / drey,unrelated,not a spelling pair
2026-08-29,variants.csv,chon / jun,variant,the variant column is the nonstandard spelling
2026-08-29,variants.csv,gild / guild,variant,the variant column is the nonstandard spelling
2026-08-29,variants.csv,decentralisation / decentralization,variant,the variant column is the nonstandard spelling
2026-08-29,variants.csv,fosse / fossa,unrelated,not a spelling pair
2026-08-29,variants.csv,junky / junkie,variant,the variant column is the nonstandard spelling
2026-08-29,variants.csv,archeologist / archaeologist,reverse,the canonical column is the nonstandard spelling
2026-08-29,variants.csv,pitta / pita,variant,the variant column is the nonstandard spelling
2026-08-29,variants.csv,nitroglycerin / nitroglycerine,variant,the variant column is the nonstandard spelling
2026-08-29,variants.csv,fuze / fuse,unrelated,not a spelling pair
2026-08-29,variants.csv,pacha / pasha,variant,the variant column is the nonstandard spelling
2026-08-29,variants.csv,hemophilia / haemophilia,reverse,the canonical column is the nonstandard spelling
2026-08-29,variants.csv,avo / avocado,unrelated,not a spelling pair
2026-08-29,variants.csv,oestrogen / estrogen,variant,the variant column is the nonstandard spelling
2026-08-29,variants.csv,panto / pantomime,unrelated,not a spelling pair
2026-08-29,variants.csv,commercialisation / commercialization,variant,the variant column is the nonstandard spelling
2026-08-29,variants.csv,gynaecologist / gynecologist,variant,the variant column is the nonstandard spelling
2026-08-29,variants.csv,wain / wean,unrelated,not a spelling pair
2026-08-29,variants.csv,bole / boll,unrelated,not a spelling pair
2026-08-29,variants.csv,heckle / hackle,unrelated,heckle is the ordinary verb/noun; hackle is a separate word
2026-08-29,variants.csv,reticle / reticule,unrelated,not a spelling pair
2026-08-29,variants.csv,stile / style,unrelated,not a spelling pair
2026-08-29,variants.csv,serjeant / sergeant,variant,the variant column is the nonstandard spelling
2026-08-29,variants.csv,sedge / siege,unrelated,not a spelling pair
2026-08-29,variants.csv,sterilisation / sterilization,variant,the variant column is the nonstandard spelling
2026-08-29,variants.csv,dietician / dietitian,variant,the variant column is the nonstandard spelling
2026-08-29,variants.csv,miter / mitre,reverse,the canonical column is the nonstandard spelling
2026-08-29,variants.csv,nanometer / nanometre,reverse,the canonical column is the nonstandard spelling
2026-08-29,variants.csv,toilette / toilet,variant,the variant column is the nonstandard spelling
2026-08-29,variants.csv,bicyclist / cyclist,variant,the variant column is the nonstandard spelling
2026-08-29,variants.csv,descendent / descendant,variant,the variant column is the nonstandard spelling
2026-08-29,variants.csv,humus / hummus,unrelated,not a spelling pair
2026-08-29,variants.csv,rationalisation / rationalization,variant,the variant column is the nonstandard spelling
2026-08-29,variants.csv,gargle / gargoyle,unrelated,not a spelling pair
2026-08-29,variants.csv,griffon / griffin,variant,the variant column is the nonstandard spelling
2026-08-29,variants.csv,sulphide / sulfide,variant,the variant column is the nonstandard spelling
2026-08-29,variants.csv,molt / moult,reverse,the canonical column is the nonstandard spelling
2026-08-29,variants.csv,kiley / kylie,variant,the variant column is the nonstandard spelling
2026-08-29,variants.csv,centralisation / centralization,variant,the variant column is the nonstandard spelling
2026-08-29,variants.csv,furore / furor,variant,the variant column is the nonstandard spelling
2026-08-29,variants.csv,phantasy / fantasy,variant,the variant column is the nonstandard spelling
2026-08-29,variants.csv,brier / briar,variant,the variant column is the nonstandard spelling
2026-08-29,variants.csv,moolah / mullah,unrelated,money vs a Muslim cleric; unrelated
2026-08-29,variants.csv,britches / breeches,variant,the variant column is the nonstandard spelling
2026-08-29,variants.csv,softie / softy,unrelated,not a spelling pair
2026-08-29,variants.csv,weeb / weeaboo,unrelated,not a spelling pair
2026-08-29,variants.csv,cassino / casino,variant,the variant column is the nonstandard spelling
2026-08-29,variants.csv,partizan / partisan,variant,the variant column is the nonstandard spelling
2026-08-29,variants.csv,glamor / glamour,reverse,the canonical column is the nonstandard spelling
2026-08-29,variants.csv,tabu / taboo,variant,the variant column is the nonstandard spelling
2026-08-29,variants.csv,gelatine / gelatin,variant,the variant column is the nonstandard spelling
2026-08-29,variants.csv,gramma / grama,unrelated,not a spelling pair
2026-08-29,variants.csv,apse / apsis,unrelated,not a spelling pair
2026-08-29,variants.csv,punky / punkie,variant,the variant column is the nonstandard spelling
2026-08-29,variants.csv,sentience / sentence,unrelated,not a spelling pair
2026-08-29,variants.csv,antic / antique,unrelated,not a spelling pair
2026-08-29,variants.csv,tare / tara,unrelated,not a spelling pair
2026-08-29,variants.csv,eyeglass / eyeglasses,plural,"one side is a plural of the other, not a spelling variant"
2026-08-29,variants.csv,rigger / outrigger,unrelated,not a spelling pair
2026-08-29,variants.csv,bandanna / bandana,variant,the variant column is the nonstandard spelling
2026-08-29,variants.csv,ratan / rattan,variant,the variant column is the nonstandard spelling
2026-08-29,variants.csv,herm / hermaphrodite,unrelated,not a spelling pair
2026-08-29,variants.csv,orthopaedics / orthopedics,variant,the variant column is the nonstandard spelling
2026-08-29,variants.csv,atar / attar,variant,the variant column is the nonstandard spelling
2026-08-29,variants.csv,ern / erne,variant,the variant column is the nonstandard spelling
2026-08-29,variants.csv,micrometer / micrometre,reverse,the canonical column is the nonstandard spelling
2026-08-29,variants.csv,beano / bingo,unrelated,not a spelling pair
2026-08-29,variants.csv,normalisation / normalization,variant,the variant column is the nonstandard spelling
2026-08-29,variants.csv,schtick / shtick,variant,the variant column is the nonstandard spelling
2026-08-29,variants.csv,meany / meanie,variant,the variant column is the nonstandard spelling
2026-08-29,variants.csv,handmaiden / handmaid,variant,the variant column is the nonstandard spelling
2026-08-29,variants.csv,telfer / telpher,variant,the variant column is the nonstandard spelling
2026-08-29,variants.csv,palaeontology / paleontology,variant,the variant column is the nonstandard spelling
2026-08-29,variants.csv,mudder / mother,unrelated,not a spelling pair
2026-08-29,variants.csv,scull / skull,unrelated,not a spelling pair
2026-08-29,variants.csv,synchronisation / synchronization,variant,the variant column is the nonstandard spelling
2026-08-29,variants.csv,swathe / swath,unrelated,not a spelling pair
2026-08-29,variants.csv,arak / arrack,unrelated,not a spelling pair
2026-08-29,variants.csv,caulk / calk,unrelated,not a spelling pair
2026-08-29,variants.csv,thruway / throughway,variant,the variant column is the nonstandard spelling
2026-08-29,variants.csv,lense / lens,variant,the variant column is the nonstandard spelling
2026-08-29,variants.csv,fount / font,unrelated,not a spelling pair
2026-08-29,variants.csv,haemoglobin / hemoglobin,variant,the variant column is the nonstandard spelling
2026-08-29,variants.csv,maharajah / maharaja,variant,the variant column is the nonstandard spelling
2026-08-29,variants.csv,mollusk / mollusc,reverse,the canonical column is the nonstandard spelling
2026-08-29,variants.csv,consignor / consigner,variant,the variant column is the nonstandard spelling
2026-08-29,variants.csv,sett / set,unrelated,not a spelling pair
2026-08-29,variants.csv,manilla / manila,unrelated,not a spelling pair
2026-08-29,variants.csv,challis / chalice,unrelated,not a spelling pair
2026-08-29,variants.csv,waggoner / wagoner,variant,the variant column is the nonstandard spelling
2026-08-29,variants.csv,lats / lat,plural,lats is the plural of the muscle sense
2026-08-29,variants.csv,categorisation / categorization,variant,the variant column is the nonstandard spelling
2026-08-29,variants.csv,umma / ummah,variant,the variant column is the nonstandard spelling
2026-08-29,variants.csv,nuna / noona,variant,the variant column is the nonstandard spelling
2026-08-29,variants.csv,soh / so,variant,the variant column is the nonstandard spelling
2026-08-29,variants.csv,blather / bladder,unrelated,not a spelling pair
2026-08-29,variants.csv,paediatrician / pediatrician,variant,the variant column is the nonstandard spelling
2026-08-29,variants.csv,democratisation / democratization,variant,the variant column is the nonstandard spelling
2026-08-29,variants.csv,ulama / ulema,unrelated,not a spelling pair
2026-08-29,variants.csv,synesthesia / synaesthesia,reverse,the canonical column is the nonstandard spelling
2026-08-29,variants.csv,dolor / dolour,reverse,the canonical column is the nonstandard spelling
2026-08-29,variants.csv,bootie / bootee,variant,the variant column is the nonstandard spelling
2026-08-29,variants.csv,fug / fuck,unrelated,not a spelling pair
2026-08-29,variants.csv,diam / diameter,unrelated,not a spelling pair
2026-08-29,variants.csv,racoon / raccoon,variant,the variant column is the nonstandard spelling
2026-08-29,variants.csv,repellant / repellent,variant,the variant column is the nonstandard spelling
2026-08-29,variants.csv,socialisation / socialization,variant,the variant column is the nonstandard spelling
2026-08-29,variants.csv,hadji / hajji,variant,the variant column is the nonstandard spelling
2026-08-29,variants.csv,anaesthetist / anesthetist,variant,the variant column is the nonstandard spelling
2026-08-29,variants.csv,quire / choir,unrelated,not a spelling pair
2026-08-29,variants.csv,kail / kale,variant,the variant column is the nonstandard spelling
2026-08-29,variants.csv,hospitalisation / hospitalization,variant,the variant column is the nonstandard spelling
2026-08-29,variants.csv,haft / heft,unrelated,not a spelling pair
2026-08-29,variants.csv,affaire / affair,variant,the variant column is the nonstandard spelling
2026-08-29,variants.csv,misdemeanour / misdemeanor,variant,the variant column is the nonstandard spelling
2026-08-29,variants.csv,victimisation / victimization,variant,the variant column is the nonstandard spelling
2026-08-29,variants.csv,eonni / unnie,variant,the variant column is the nonstandard spelling
2026-08-29,variants.csv,khadi / khaddar,variant,the variant column is the nonstandard spelling
2026-08-29,variants.csv,pappa / papa,variant,the variant column is the nonstandard spelling
2026-08-29,variants.csv,gryphon / griffin,variant,the variant column is the nonstandard spelling
2026-08-29,variants.csv,lupine / lupin,unrelated,not a spelling pair
2026-08-29,variants.csv,misbehaviour / misbehavior,variant,the variant column is the nonstandard spelling
2026-08-29,variants.csv,mezcal / mescal,variant,the variant column is the nonstandard spelling
2026-08-29,variants.csv,analyser / analyzer,variant,the variant column is the nonstandard spelling
2026-08-29,variants.csv,confectionary / confectionery,unrelated,not a spelling pair
2026-08-29,variants.csv,marginalisation / marginalization,variant,the variant column is the nonstandard spelling
2026-08-29,variants.csv,digitisation / digitization,variant,the variant column is the nonstandard spelling
2026-08-29,variants.csv,gilder / guilder,unrelated,not a spelling pair
2026-08-29,variants.csv,esthetics / aesthetics,reverse,the canonical column is the nonstandard spelling
2026-08-29,variants.csv,transexual / transsexual,variant,the variant column is the nonstandard spelling
2026-08-29,variants.csv,gonorrhoea / gonorrhea,variant,the variant column is the nonstandard spelling
2026-08-29,variants.csv,equalisation / equalization,variant,the variant column is the nonstandard spelling
2026-08-29,variants.csv,worshiper / worshipper,variant,the variant column is the nonstandard spelling
2026-08-29,variants.csv,brigantine / brigandine,unrelated,not a spelling pair
2026-08-29,variants.csv,encumbrance / incumbrance,reverse,the canonical column is the nonstandard spelling
2026-08-29,variants.csv,marihuana / marijuana,variant,the variant column is the nonstandard spelling
2026-08-29,variants.csv,sunglass / sunglasses,plural,"one side is a plural of the other, not a spelling variant"
2026-08-29,variants.csv,criterium / criterion,unrelated,not a spelling pair
2026-08-29,variants.csv,aneurism / aneurysm,variant,the variant column is the nonstandard spelling
2026-08-29,variants.csv,colouration / coloration,variant,the variant column is the nonstandard spelling
2026-08-29,variants.csv,stabiliser / stabilizer,variant,the variant column is the nonstandard spelling
2026-08-29,variants.csv,aerie / eyrie,reverse,the canonical column is the nonstandard spelling
2026-08-29,variants.csv,tipi / teepee,variant,the variant column is the nonstandard spelling
2026-08-29,variants.csv,buncombe / bunkum,variant,the variant column is the nonstandard spelling
2026-08-29,variants.csv,pasteurization / pasteurisation,reverse,the canonical column is the nonstandard spelling
2026-08-29,variants.csv,bourn / bourne,variant,the variant column is the nonstandard spelling
2026-08-29,variants.csv,oedema / edema,variant,the variant column is the nonstandard spelling
2026-08-29,variants.csv,carburettor / carburetor,variant,the variant column is the nonstandard spelling
2026-08-29,variants.csv,rozelle / roselle,variant,the variant column is the nonstandard spelling
2026-08-29,variants.csv,lath / lat,unrelated,not a spelling pair
2026-08-29,variants.csv,rouble / ruble,variant,the variant column is the nonstandard spelling
2026-08-29,variants.csv,internationalisation / internationalization,variant,the variant column is the nonstandard spelling
2026-08-29,variants.csv,rancour / rancor,variant,the variant column is the nonstandard spelling
2026-08-29,variants.csv,succor / succour,reverse,the canonical column is the nonstandard spelling
2026-08-29,variants.csv,salwar / shalwar,variant,the variant column is the nonstandard spelling
2026-08-29,variants.csv,milliliter / millilitre,reverse,the canonical column is the nonstandard spelling
2026-08-29,variants.csv,hame / home,unrelated,not a spelling pair
2026-08-29,variants.csv,sympathiser / sympathizer,variant,the variant column is the nonstandard spelling
2026-08-29,variants.csv,septicaemia / septicemia,variant,the variant column is the nonstandard spelling
2026-08-29,variants.csv,atheneum / athenaeum,reverse,the canonical column is the nonstandard spelling
2026-08-29,variants.csv,peavey / peavy,variant,the variant column is the nonstandard spelling
2026-08-29,variants.csv,tendonitis / tendinitis,variant,the variant column is the nonstandard spelling
2026-08-29,variants.csv,boule / buhl,unrelated,not a spelling pair
2026-08-29,variants.csv,maser / mazer,unrelated,not a spelling pair
2026-08-29,variants.csv,hooman / human,unrelated,not a spelling pair
2026-08-29,variants.csv,palaeontologist / paleontologist,variant,the variant column is the nonstandard spelling
2026-08-29,variants.csv,tach / tachometer,unrelated,not a spelling pair
2026-08-29,variants.csv,demonetisation / demonetization,variant,the variant column is the nonstandard spelling
2026-08-29,variants.csv,kine / kinescope,unrelated,not a spelling pair
2026-08-29,variants.csv,gamedev / game,unrelated,"a compound clipping, not a spelling of ""game"""
2026-08-29,variants.csv,piquet / picket,unrelated,not a spelling pair
2026-08-29,variants.csv,tawney / tawny,variant,the variant column is the nonstandard spelling
2026-08-29,variants.csv,baulk / balk,variant,the variant column is the nonstandard spelling
2026-08-29,variants.csv,minimisation / minimization,variant,the variant column is the nonstandard spelling
2026-08-29,variants.csv,damascene / damson,unrelated,damascene metalwork vs the plum; unrelated
2026-08-29,variants.csv,flutist / flautist,variant,the variant column is the nonstandard spelling
2026-08-29,variants.csv,saltpeter / saltpetre,reverse,the canonical column is the nonstandard spelling
2026-08-29,variants.csv,chukka / chukker,unrelated,not a spelling pair
2026-08-29,variants.csv,mumma / mama,variant,the variant column is the nonstandard spelling
2026-08-29,variants.csv,waggon / wagon,variant,the variant column is the nonstandard spelling
2026-08-29,variants.csv,riband / ribbon,variant,the variant column is the nonstandard spelling
2026-08-29,variants.csv,sylva / silva,variant,the variant column is the nonstandard spelling
2026-08-29,variants.csv,derma / dermatologist,unrelated,not a spelling pair
2026-08-29,variants.csv,naturalisation / naturalization,variant,the variant column is the nonstandard spelling
2026-08-29,variants.csv,kasbah / casbah,variant,the variant column is the nonstandard spelling
2026-08-29,variants.csv,wog / polliwog,unrelated,not a spelling pair
2026-08-29,variants.csv,pendent / pendant,variant,the variant column is the nonstandard spelling
2026-08-29,variants.csv,revitalisation / revitalization,variant,the variant column is the nonstandard spelling
2026-08-29,variants.csv,decriminalisation / decriminalization,variant,the variant column is the nonstandard spelling
2026-08-29,variants.csv,mechanisation / mechanization,variant,the variant column is the nonstandard spelling
2026-08-29,variants.csv,carrell / carrel,variant,the variant column is the nonstandard spelling
2026-08-29,variants.csv,cyclopedia / cyclopaedia,reverse,the canonical column is the nonstandard spelling
2026-08-29,variants.csv,finalization / finalisation,reverse,the canonical column is the nonstandard spelling
2026-08-29,variants.csv,disfavor / disfavour,reverse,the canonical column is the nonstandard spelling
2026-08-29,variants.csv,discolouration / discoloration,variant,the variant column is the nonstandard spelling
2026-08-29,variants.csv,loonie / loony,unrelated,not a spelling pair
2026-08-29,variants.csv,jailor / jailer,variant,the variant column is the nonstandard spelling
2026-08-29,variants.csv,salable / saleable,variant,the variant column is the nonstandard spelling
2026-08-29,variants.csv,briony / bryony,variant,the variant column is the nonstandard spelling
2026-08-29,variants.csv,goiter / goitre,reverse,the canonical column is the nonstandard spelling
2026-08-29,variants.csv,hullo / hello,variant,the variant column is the nonstandard spelling
2026-08-29,variants.csv,carrel / carol,unrelated,a study desk and a song; not spellings of each other
2026-08-29,variants.csv,amuck / amok,variant,the variant column is the nonstandard spelling
2026-08-29,variants.csv,macaroon / macaron,unrelated,not a spelling pair
2026-08-29,variants.csv,curtsy / curtsey,variant,the variant column is the nonstandard spelling
2026-08-29,variants.csv,darter / daughter,unrelated,not a spelling pair
2026-08-29,variants.csv,syphon / siphon,variant,the variant column is the nonstandard spelling
2026-08-29,variants.csv,ocher / ochre,reverse,the canonical column is the nonstandard spelling
2026-08-29,variants.csv,whir / whirr,variant,the variant column is the nonstandard spelling
2026-08-29,variants.csv,extraversion / extroversion,variant,the variant column is the nonstandard spelling
2026-08-29,variants.csv,faery / fairy,variant,the variant column is the nonstandard spelling
2026-08-29,variants.csv,conveyer / conveyor,variant,the variant column is the nonstandard spelling
2026-08-29,variants.csv,criminalisation / criminalization,variant,the variant column is the nonstandard spelling
2026-08-29,variants.csv,tepee / teepee,variant,the variant column is the nonstandard spelling
2026-08-29,variants.csv,modeller / modeler,variant,the variant column is the nonstandard spelling
2026-08-29,variants.csv,hybridisation / hybridization,variant,the variant column is the nonstandard spelling
2026-08-29,variants.csv,sonography / ultrasonography,unrelated,not a spelling pair
2026-08-29,variants.csv,guilder / gilder,unrelated,not a spelling pair
2026-08-29,variants.csv,cozier / cosier,variant,the variant column is the nonstandard spelling
2026-08-29,variants.csv,pavan / pavane,variant,the variant column is the nonstandard spelling
2026-08-29,variants.csv,chaw / cha,unrelated,not a spelling pair
2026-08-29,variants.csv,saman / zaman,unrelated,not a spelling pair
2026-08-29,variants.csv,tiro / tyro,variant,the variant column is the nonstandard spelling
2026-08-29,variants.csv,forbear / forebear,variant,the variant column is the nonstandard spelling
2026-08-29,variants.csv,estrus / oestrus,reverse,the canonical column is the nonstandard spelling
2026-08-29,variants.csv,floatation / flotation,variant,the variant column is the nonstandard spelling
2026-08-29,variants.csv,ionisation / ionization,variant,the variant column is the nonstandard spelling
2026-08-29,variants.csv,ascendency / ascendancy,variant,the variant column is the nonstandard spelling
2026-08-29,variants.csv,lynchpin / linchpin,variant,the variant column is the nonstandard spelling
2026-08-29,variants.csv,archaeopteryx / archeopteryx,variant,the variant column is the nonstandard spelling
2026-08-29,variants.csv,tole / toll,unrelated,not a spelling pair
2026-08-29,variants.csv,jujutsu / jujitsu,variant,the variant column is the nonstandard spelling
2026-08-29,variants.csv,jessamine / jasmine,variant,the variant column is the nonstandard spelling
2026-08-29,variants.csv,fagot / faggot,variant,the variant column is the nonstandard spelling
2026-08-29,variants.csv,merl / merle,variant,the variant column is the nonstandard spelling
2026-08-29,variants.csv,khalif / caliph,variant,the variant column is the nonstandard spelling
2026-08-29,variants.csv,tatu / tattoo,variant,the variant column is the nonstandard spelling
2026-08-29,variants.csv,khi / chi,variant,the variant column is the nonstandard spelling
2026-08-29,variants.csv,soja / soya,variant,the variant column is the nonstandard spelling
2026-08-29,variants.csv,hypoglycaemia / hypoglycemia,variant,the variant column is the nonstandard spelling
2026-08-29,variants.csv,confab / confabulation,unrelated,not a spelling pair
2026-08-29,variants.csv,baldrick / baldric,variant,the variant column is the nonstandard spelling
2026-08-29,variants.csv,paramedical / paramedic,unrelated,adjective vs person; not a spelling pair
2026-08-29,variants.csv,monetisation / monetization,variant,the variant column is the nonstandard spelling
2026-08-29,variants.csv,sepulcher / sepulchre,reverse,the canonical column is the nonstandard spelling
2026-08-29,variants.csv,rubel / ruble,variant,the variant column is the nonstandard spelling
2026-08-29,variants.csv,cooly / coolie,variant,the variant column is the nonstandard spelling
2026-08-29,variants.csv,flunky / flunkey,unrelated,not a spelling pair
2026-08-29,variants.csv,grannie / granny,variant,the variant column is the nonstandard spelling
2026-08-29,variants.csv,decolonisation / decolonization,variant,the variant column is the nonstandard spelling
2026-08-29,variants.csv,caplin / capelin,variant,the variant column is the nonstandard spelling
2026-08-29,variants.csv,royster / roister,variant,the variant column is the nonstandard spelling
2026-08-29,variants.csv,jemmy / jimmy,unrelated,not a spelling pair
2026-08-29,variants.csv,clime / climb,unrelated,not a spelling pair
2026-08-29,variants.csv,cocoanut / coconut,variant,the variant column is the nonstandard spelling
2026-08-29,variants.csv,carrousel / carousel,variant,the variant column is the nonstandard spelling
2026-08-29,variants.csv,womaniser / womanizer,variant,the variant column is the nonstandard spelling
2026-08-29,variants.csv,camelia / camellia,variant,the variant column is the nonstandard spelling
2026-08-29,variants.csv,dramatisation / dramatization,variant,the variant column is the nonstandard spelling
2026-08-29,variants.csv,caftan / kaftan,variant,the variant column is the nonstandard spelling
2026-08-29,variants.csv,abridgement / abridgment,variant,the variant column is the nonstandard spelling
2026-08-29,variants.csv,kauri / cowrie,unrelated,not a spelling pair
2026-08-29,variants.csv,esthetician / aesthetician,reverse,the canonical column is the nonstandard spelling
2026-08-29,variants.csv,burthen / burden,variant,the variant column is the nonstandard spelling
2026-08-29,variants.csv,cooky / cookie,variant,the variant column is the nonstandard spelling
2026-08-29,variants.csv,pallette / palette,variant,the variant column is the nonstandard spelling
2026-08-29,variants.csv,stanch / staunch,variant,the variant column is the nonstandard spelling
2026-08-29,variants.csv,virtu / vertu,variant,the variant column is the nonstandard spelling
2026-08-29,variants.csv,baptistery / baptistry,variant,the variant column is the nonstandard spelling
2026-08-29,variants.csv,amortisation / amortization,variant,the variant column is the nonstandard spelling
2026-08-29,variants.csv,missis / missus,variant,the variant column is the nonstandard spelling
2026-08-29,variants.csv,canonisation / canonization,variant,the variant column is the nonstandard spelling
2026-08-29,variants.csv,dentine / dentin,variant,the variant column is the nonstandard spelling
2026-08-29,variants.csv,spick / spic,variant,the variant column is the nonstandard spelling
2026-08-29,variants.csv,inflator / inflater,variant,the variant column is the nonstandard spelling
2026-08-29,variants.csv,charr / char,variant,the variant column is the nonstandard spelling
2026-08-29,variants.csv,resister / resistor,variant,the variant column is the nonstandard spelling
2026-08-29,variants.csv,synthesiser / synthesizer,variant,the variant column is the nonstandard spelling
2026-08-29,variants.csv,largess / largesse,variant,the variant column is the nonstandard spelling
2026-08-29,variants.csv,veldt / veld,variant,the variant column is the nonstandard spelling
2026-08-29,variants.csv,coziness / cosiness,reverse,the canonical column is the nonstandard spelling
2026-08-29,variants.csv,taira / tayra,variant,the variant column is the nonstandard spelling
2026-08-29,variants.csv,manikin / mannequin,unrelated,not a spelling pair
2026-08-29,variants.csv,homoeopathy / homeopathy,variant,the variant column is the nonstandard spelling
2026-08-29,variants.csv,mujahedin / mujahideen,variant,the variant column is the nonstandard spelling
2026-08-29,variants.csv,sherbert / sherbet,variant,the variant column is the nonstandard spelling
2026-08-29,variants.csv,matzah / matzo,variant,the variant column is the nonstandard spelling
2026-08-29,variants.csv,leveler / leveller,variant,the variant column is the nonstandard spelling
2026-08-29,variants.csv,klick / click,unrelated,not a spelling pair
2026-08-29,variants.csv,goodby / goodbye,variant,the variant column is the nonstandard spelling
2026-08-29,variants.csv,conk / conch,unrelated,not a spelling pair
2026-08-29,variants.csv,pedlar / peddler,variant,the variant column is the nonstandard spelling
2026-08-29,variants.csv,demobilisation / demobilization,variant,the variant column is the nonstandard spelling
2026-08-29,variants.csv,bosun / boatswain,variant,the variant column is the nonstandard spelling
2026-08-29,variants.csv,pouf / puff,unrelated,not a spelling pair
2026-08-29,variants.csv,kabob / kebab,reverse,the canonical column is the nonstandard spelling
2026-08-29,variants.csv,dowse / douse,variant,the variant column is the nonstandard spelling
2026-08-29,variants.csv,doxy / doxycycline,unrelated,not a spelling pair
2026-08-29,variants.csv,frangipani / frangipane,unrelated,not a spelling pair
2026-08-29,variants.csv,valse / waltz,variant,the variant column is the nonstandard spelling
2026-08-29,variants.csv,hadj / hajj,variant,the variant column is the nonstandard spelling
2026-08-29,variants.csv,fiord / fjord,variant,the variant column is the nonstandard spelling
2026-08-29,variants.csv,fice / feist,variant,the variant column is the nonstandard spelling
2026-08-29,variants.csv,linguini / linguine,variant,the variant column is the nonstandard spelling
2026-08-29,variants.csv,selvedge / selvage,variant,the variant column is the nonstandard spelling
2026-08-29,variants.csv,sampan / jampan,unrelated,not a spelling pair
2026-08-29,variants.csv,vender / vendor,variant,the variant column is the nonstandard spelling
2026-08-29,variants.csv,interne / intern,variant,the variant column is the nonstandard spelling
2026-08-29,variants.csv,catsup / ketchup,variant,the variant column is the nonstandard spelling
2026-08-29,variants.csv,qat / khat,variant,the variant column is the nonstandard spelling
2026-08-29,variants.csv,tympani / timpani,variant,the variant column is the nonstandard spelling
2026-08-29,variants.csv,amenorrhea / amenorrhoea,reverse,the canonical column is the nonstandard spelling
2026-08-29,variants.csv,clew / clue,unrelated,not a spelling pair
2026-08-29,variants.csv,tzar / tsar,variant,the variant column is the nonstandard spelling
2026-08-29,variants.csv,spiff / spliff,unrelated,not a spelling pair
2026-08-29,variants.csv,lodgement / lodgment,variant,the variant column is the nonstandard spelling
2026-08-29,variants.csv,meq / milliequivalent,unrelated,not a spelling pair
2026-08-29,variants.csv,spirt / spurt,variant,the variant column is the nonstandard spelling
2026-08-29,variants.csv,stye / sty,unrelated,not a spelling pair
2026-08-29,variants.csv,litchi / lychee,variant,the variant column is the nonstandard spelling
2026-08-29,variants.csv,jiujitsu / jujitsu,variant,the variant column is the nonstandard spelling
2026-08-29,variants.csv,ploughman / plowman,variant,the variant column is the nonstandard spelling
2026-08-29,variants.csv,darkie / darkey,variant,the variant column is the nonstandard spelling
2026-08-29,variants.csv,nones / noon,unrelated,not a spelling pair
2026-08-29,variants.csv,yack / yak,variant,the variant column is the nonstandard spelling
2026-08-29,variants.csv,valency / valence,variant,the variant column is the nonstandard spelling
2026-08-29,variants.csv,crape / crepe,variant,the variant column is the nonstandard spelling
2026-08-29,variants.csv,thiamin / thiamine,variant,the variant column is the nonstandard spelling
2026-08-29,variants.csv,medivac / medevac,variant,the variant column is the nonstandard spelling
2026-08-29,variants.csv,ghillie / gillie,unrelated,not a spelling pair
2026-08-29,variants.csv,kindergartener / kindergartner,variant,the variant column is the nonstandard spelling
2026-08-29,variants.csv,dhal / dal,variant,the variant column is the nonstandard spelling
2026-08-29,variants.csv,crystallisation / crystallization,variant,the variant column is the nonstandard spelling
2026-08-29,variants.csv,whacko / wacko,variant,the variant column is the nonstandard spelling
2026-08-29,variants.csv,quaff / coif,unrelated,not a spelling pair
2026-08-29,variants.csv,reflexion / reflection,variant,the variant column is the nonstandard spelling
2026-08-29,variants.csv,broncho / bronco,variant,the variant column is the nonstandard spelling
2026-08-29,variants.csv,militarisation / militarization,variant,the variant column is the nonstandard spelling
2026-08-29,variants.csv,straightjacket / straitjacket,variant,the variant column is the nonstandard spelling
2026-08-29,variants.csv,behaviourist / behaviorist,variant,the variant column is the nonstandard spelling
2026-08-29,variants.csv,skullduggery / skulduggery,reverse,the canonical column is the nonstandard spelling
2026-08-29,variants.csv,cecum / caecum,reverse,the canonical column is the nonstandard spelling
2026-08-29,variants.csv,floozy / floozie,variant,the variant column is the nonstandard spelling
2026-08-29,variants.csv,cocain / cocaine,variant,the variant column is the nonstandard spelling
2026-08-29,variants.csv,czarina / tsarina,variant,the variant column is the nonstandard spelling
2026-08-29,variants.csv,pixy / pixie,variant,the variant column is the nonstandard spelling
2026-08-29,variants.csv,quicky / quickie,variant,the variant column is the nonstandard spelling
2026-08-29,variants.csv,destabilisation / destabilization,variant,the variant column is the nonstandard spelling
2026-08-29,variants.csv,secularisation / secularization,variant,the variant column is the nonstandard spelling
2026-08-29,variants.csv,pharmacopeia / pharmacopoeia,reverse,the canonical column is the nonstandard spelling
2026-08-29,variants.csv,rheum / rheumatologist,unrelated,not a spelling pair
2026-08-29,variants.csv,distention / distension,variant,the variant column is the nonstandard spelling
2026-08-29,variants.csv,swop / swap,variant,the variant column is the nonstandard spelling
2026-08-29,variants.csv,chimaera / chimera,variant,the variant column is the nonstandard spelling
2026-08-29,variants.csv,gingko / ginkgo,variant,the variant column is the nonstandard spelling
2026-08-29,variants.csv,hankie / hanky,variant,the variant column is the nonstandard spelling
2026-08-29,variants.csv,mizen / mizzen,variant,the variant column is the nonstandard spelling
2026-08-29,variants.csv,belieber / believer,unrelated,"fandom coinage, not a spelling of believer"
2026-08-29,variants.csv,aerofoil / airfoil,variant,the variant column is the nonstandard spelling
2026-08-29,variants.csv,benni / benne,variant,the variant column is the nonstandard spelling
2026-08-29,variants.csv,disfunction / dysfunction,variant,the variant column is the nonstandard spelling
2026-08-29,variants.csv,caldron / cauldron,variant,the variant column is the nonstandard spelling
2026-08-29,variants.csv,hinderance / hindrance,variant,the variant column is the nonstandard spelling
2026-08-29,variants.csv,frier / fryer,variant,the variant column is the nonstandard spelling
2026-08-29,variants.csv,rhumba / rumba,variant,the variant column is the nonstandard spelling
2026-08-29,variants.csv,frangipane / frangipani,unrelated,not a spelling pair
2026-08-29,variants.csv,bunko / bunco,variant,the variant column is the nonstandard spelling
2026-08-29,variants.csv,yobo / yobbo,variant,the variant column is the nonstandard spelling
2026-08-29,variants.csv,mortgagor / mortgager,variant,the variant column is the nonstandard spelling
2026-08-29,variants.csv,inclosure / enclosure,variant,the variant column is the nonstandard spelling
2026-08-29,variants.csv,carcase / carcass,variant,the variant column is the nonstandard spelling
2026-08-29,variants.csv,serialisation / serialization,variant,the variant column is the nonstandard spelling
2026-08-29,variants.csv,boulle / buhl,variant,the variant column is the nonstandard spelling
2026-08-29,variants.csv,shirtsleeves / shirt,unrelated,not a spelling pair
2026-08-29,variants.csv,distributer / distributor,variant,the variant column is the nonstandard spelling
2026-08-29,variants.csv,scaup / scalp,unrelated,not a spelling pair
2026-08-29,variants.csv,facia / fascia,variant,the variant column is the nonstandard spelling
2026-08-29,variants.csv,signior / signore,variant,the variant column is the nonstandard spelling
2026-08-29,variants.csv,teetotaller / teetotaler,variant,the variant column is the nonstandard spelling
2026-08-29,variants.csv,axilla / axil,unrelated,not a spelling pair
2026-08-29,variants.csv,souse / source,unrelated,not a spelling pair
2026-08-29,variants.csv,milage / mileage,variant,the variant column is the nonstandard spelling
2026-08-29,variants.csv,polymerisation / polymerization,variant,the variant column is the nonstandard spelling
2026-08-29,variants.csv,summerset / somersault,variant,the variant column is the nonstandard spelling
2026-08-29,variants.csv,molder / moulder,reverse,the canonical column is the nonstandard spelling
2026-08-29,variants.csv,papaw / pawpaw,variant,the variant column is the nonstandard spelling
2026-08-29,variants.csv,smoulder / smolder,unrelated,not a spelling pair
2026-08-29,variants.csv,darky / darkey,variant,the variant column is the nonstandard spelling
2026-08-29,variants.csv,zombi / zombie,variant,the variant column is the nonstandard spelling
2026-08-29,variants.csv,dependance / dependence,variant,the variant column is the nonstandard spelling
2026-08-29,variants.csv,propellor / propeller,variant,the variant column is the nonstandard spelling
2026-08-29,variants.csv,pigmy / pygmy,variant,the variant column is the nonstandard spelling
2026-08-29,variants.csv,mujahedeen / mujahideen,variant,the variant column is the nonstandard spelling
2026-08-29,variants.csv,madrasah / madrasa,variant,the variant column is the nonstandard spelling
2026-08-29,variants.csv,aggrandisement / aggrandizement,variant,the variant column is the nonstandard spelling
2026-08-29,variants.csv,armourer / armorer,variant,the variant column is the nonstandard spelling
2026-08-29,variants.csv,adz / adze,variant,the variant column is the nonstandard spelling
2026-08-29,variants.csv,fellah / fella,unrelated,not a spelling pair
2026-08-29,variants.csv,baboo / babu,variant,the variant column is the nonstandard spelling
2026-08-29,variants.csv,dreadnaught / dreadnought,variant,the variant column is the nonstandard spelling
2026-08-29,variants.csv,tike / tyke,variant,the variant column is the nonstandard spelling
2026-08-29,variants.csv,widgeon / wigeon,variant,the variant column is the nonstandard spelling
2026-08-29,variants.csv,khalifah / caliph,variant,the variant column is the nonstandard spelling
2026-08-29,variants.csv,yeshivah / yeshiva,variant,the variant column is the nonstandard spelling
2026-08-29,variants.csv,tranquilliser / tranquilizer,unrelated,not a spelling pair
2026-08-29,variants.csv,disorganisation / disorganization,variant,the variant column is the nonstandard spelling
2026-08-29,variants.csv,quat / khat,unrelated,not a spelling pair
2026-08-29,variants.csv,desalinization / desalinisation,reverse,the canonical column is the nonstandard spelling
2026-08-29,variants.csv,polychaete / polychete,variant,the variant column is the nonstandard spelling
2026-08-29,variants.csv,jook / juke,unrelated,not a spelling pair
2026-08-29,variants.csv,sensitisation / sensitization,variant,the variant column is the nonstandard spelling
2026-08-29,variants.csv,moong / mung,variant,the variant column is the nonstandard spelling
2026-08-29,variants.csv,conjuror / conjurer,variant,the variant column is the nonstandard spelling
2026-08-29,variants.csv,digitalisation / digitalization,variant,the variant column is the nonstandard spelling
2026-08-29,variants.csv,professionalisation / professionalization,variant,the variant column is the nonstandard spelling
2026-08-29,variants.csv,chiasm / chiasma,variant,the variant column is the nonstandard spelling
2026-08-29,variants.csv,demonisation / demonization,variant,the variant column is the nonstandard spelling
2026-08-29,variants.csv,crocket / croquette,unrelated,not a spelling pair
2026-08-29,variants.csv,stockinette / stockinet,variant,the variant column is the nonstandard spelling
2026-08-29,variants.csv,plier / pliers,plural,"one side is a plural of the other, not a spelling variant"
2026-08-29,variants.csv,mavin / maven,variant,the variant column is the nonstandard spelling
2026-08-29,variants.csv,maximisation / maximization,variant,the variant column is the nonstandard spelling
2026-08-29,variants.csv,internalisation / internalization,variant,the variant column is the nonstandard spelling
2026-08-29,variants.csv,collectivisation / collectivization,variant,the variant column is the nonstandard spelling
2026-08-29,variants.csv,nonsuch / nonesuch,variant,the variant column is the nonstandard spelling
2026-08-29,variants.csv,inflexion / inflection,variant,the variant column is the nonstandard spelling
2026-08-29,variants.csv,gaoler / jailer,variant,the variant column is the nonstandard spelling
2026-08-29,variants.csv,nark / narc,unrelated,not a spelling pair
2026-08-29,variants.csv,stigmatisation / stigmatization,variant,the variant column is the nonstandard spelling
2026-08-29,variants.csv,familiarisation / familiarization,variant,the variant column is the nonstandard spelling
2026-08-29,variants.csv,tercel / tiercel,variant,the variant column is the nonstandard spelling
2026-08-29,variants.csv,gramme / gram,variant,the variant column is the nonstandard spelling
2026-08-29,variants.csv,convertor / converter,variant,the variant column is the nonstandard spelling
2026-08-29,variants.csv,mynah / myna,variant,the variant column is the nonstandard spelling
2026-08-29,variants.csv,salade / sallet,variant,the variant column is the nonstandard spelling
2026-08-29,variants.csv,deciliter / decilitre,reverse,the canonical column is the nonstandard spelling
2026-08-29,variants.csv,conservativism / conservatism,variant,the variant column is the nonstandard spelling
2026-08-29,variants.csv,letch / leach,unrelated,not a spelling pair
2026-08-29,variants.csv,chequer / checker,unrelated,not a spelling pair
2026-08-29,variants.csv,memorisation / memorization,variant,the variant column is the nonstandard spelling
2026-08-29,variants.csv,tamal / tamale,variant,the variant column is the nonstandard spelling
2026-08-29,variants.csv,arrack / arak,unrelated,not a spelling pair
2026-08-29,variants.csv,immobilisation / immobilization,variant,the variant column is the nonstandard spelling
2026-08-29,variants.csv,popularisation / popularization,variant,the variant column is the nonstandard spelling
2026-08-29,variants.csv,numberplate / plate,unrelated,not a spelling pair
2026-08-29,variants.csv,hyaena / hyena,variant,the variant column is the nonstandard spelling
2026-08-29,variants.csv,delf / delft,unrelated,not a spelling pair
2026-08-29,variants.csv,hotchpotch / hodgepodge,unrelated,not a spelling pair
2026-08-29,variants.csv,calk / caulk,unrelated,not a spelling pair
2026-08-29,variants.csv,hoagy / hoagie,variant,the variant column is the nonstandard spelling
2026-08-29,variants.csv,willfulness / wilfulness,variant,the variant column is the nonstandard spelling
2026-08-29,variants.csv,halm / haulm,variant,the variant column is the nonstandard spelling
2026-08-29,variants.csv,cannister / canister,variant,the variant column is the nonstandard spelling
2026-08-29,variants.csv,appetiser / appetizer,variant,the variant column is the nonstandard spelling
2026-08-29,variants.csv,actualisation / actualization,variant,the variant column is the nonstandard spelling
2026-08-29,variants.csv,borsch / borscht,variant,the variant column is the nonstandard spelling
2026-08-29,variants.csv,ampule / ampoule,variant,the variant column is the nonstandard spelling
2026-08-29,variants.csv,centerboard / centreboard,variant,the variant column is the nonstandard spelling
2026-08-29,variants.csv,brasier / brazier,variant,the variant column is the nonstandard spelling
2026-08-29,variants.csv,breathalyser / breathalyzer,variant,the variant column is the nonstandard spelling
2026-08-29,variants.csv,shaytan / shaitan,variant,the variant column is the nonstandard spelling
2026-08-29,variants.csv,marabout / marabou,unrelated,not a spelling pair
2026-08-29,variants.csv,enology / oenology,reverse,the canonical column is the nonstandard spelling
2026-08-29,variants.csv,quartette / quartet,variant,the variant column is the nonstandard spelling
2026-08-29,variants.csv,jehad / jihad,variant,the variant column is the nonstandard spelling
2026-08-29,variants.csv,ischaemia / ischemia,variant,the variant column is the nonstandard spelling
2026-08-29,variants.csv,smoothy / smoothie,variant,the variant column is the nonstandard spelling
2026-08-29,variants.csv,ameba / amoeba,reverse,the canonical column is the nonstandard spelling
2026-08-29,variants.csv,ignitor / igniter,variant,the variant column is the nonstandard spelling
2026-08-29,variants.csv,pilau / pilaf,variant,the variant column is the nonstandard spelling
2026-08-29,variants.csv,spiraea / spirea,variant,the variant column is the nonstandard spelling
2026-08-29,variants.csv,praetorium / pretorium,variant,the variant column is the nonstandard spelling
2026-08-29,variants.csv,gelly / jelly,variant,the variant column is the nonstandard spelling
2026-08-29,variants.csv,scrummage / scrimmage,unrelated,not a spelling pair
2026-08-29,variants.csv,chitlins / chitterlings,variant,the variant column is the nonstandard spelling
2026-08-29,variants.csv,sweetbriar / sweetbrier,variant,the variant column is the nonstandard spelling
2026-08-29,variants.csv,resistent / resistant,variant,the variant column is the nonstandard spelling
2026-08-29,variants.csv,ranee / rani,variant,the variant column is the nonstandard spelling
2026-08-29,variants.csv,pantie / panty,variant,the variant column is the nonstandard spelling
2026-08-29,variants.csv,honkey / honky,variant,the variant column is the nonstandard spelling
2026-08-29,variants.csv,shmuck / schmuck,variant,the variant column is the nonstandard spelling
2026-08-29,variants.csv,vaporiser / vaporizer,variant,the variant column is the nonstandard spelling
2026-08-29,variants.csv,dehumanisation / dehumanization,variant,the variant column is the nonstandard spelling
2026-08-29,variants.csv,regularisation / regularization,variant,the variant column is the nonstandard spelling
2026-08-29,variants.csv,cognisance / cognizance,variant,the variant column is the nonstandard spelling
2026-08-29,variants.csv,dyspnoea / dyspnea,variant,the variant column is the nonstandard spelling
2026-08-29,variants.csv,arcsec / arcsecond,unrelated,not a spelling pair
2026-08-29,variants.csv,aegir / eagre,variant,the variant column is the nonstandard spelling
2026-08-29,variants.csv,humourist / humorist,variant,the variant column is the nonstandard spelling
2026-08-29,variants.csv,pickax / pickaxe,variant,the variant column is the nonstandard spelling
2026-08-29,variants.csv,ninjitsu / ninjutsu,variant,the variant column is the nonstandard spelling
2026-08-29,variants.csv,clarinettist / clarinetist,variant,the variant column is the nonstandard spelling
2026-08-29,variants.csv,skag / skeg,variant,the variant column is the nonstandard spelling
2026-08-29,variants.csv,homogenisation / homogenization,variant,the variant column is the nonstandard spelling
2026-08-29,variants.csv,matzoh / matzo,variant,the variant column is the nonstandard spelling
2026-08-29,variants.csv,formalisation / formalization,variant,the variant column is the nonstandard spelling
2026-08-29,variants.csv,malarky / malarkey,variant,the variant column is the nonstandard spelling
2026-08-29,variants.csv,smidgeon / smidgen,variant,the variant column is the nonstandard spelling
2026-08-29,variants.csv,minah / myna,variant,the variant column is the nonstandard spelling
2026-08-29,variants.csv,palestra / palaestra,reverse,the canonical column is the nonstandard spelling
2026-08-29,variants.csv,diagonalization / diagonalisation,reverse,the canonical column is the nonstandard spelling
2026-08-29,variants.csv,leukocytosis / leucocytosis,variant,the variant column is the nonstandard spelling
2026-08-29,variants.csv,unionisation / unionization,variant,the variant column is the nonstandard spelling
2026-08-29,variants.csv,initialisation / initialization,variant,the variant column is the nonstandard spelling
2026-08-29,variants.csv,mantlepiece / mantelpiece,variant,the variant column is the nonstandard spelling
2026-08-29,variants.csv,monocot / monocotyledon,variant,the variant column is the nonstandard spelling
2026-08-29,variants.csv,resid / resident,unrelated,not a spelling pair
2026-08-29,variants.csv,airdrome / aerodrome,variant,the variant column is the nonstandard spelling
2026-08-29,variants.csv,haematite / hematite,variant,the variant column is the nonstandard spelling
2026-08-29,variants.csv,djinni / djinn,variant,the variant column is the nonstandard spelling
2026-08-29,variants.csv,atomiser / atomizer,variant,the variant column is the nonstandard spelling
2026-08-29,variants.csv,feminisation / feminization,variant,the variant column is the nonstandard spelling
2026-08-29,variants.csv,coloniser / colonizer,variant,the variant column is the nonstandard spelling
2026-08-29,variants.csv,premie / preemie,variant,the variant column is the nonstandard spelling
2026-08-29,variants.csv,tricorne / tricorn,variant,the variant column is the nonstandard spelling
2026-08-29,variants.csv,rachet / ratchet,variant,the variant column is the nonstandard spelling
2026-08-29,variants.csv,cyme / senna,unrelated,not a spelling pair
2026-08-29,variants.csv,energiser / energizer,variant,the variant column is the nonstandard spelling
2026-08-29,variants.csv,miniaturisation / miniaturization,variant,the variant column is the nonstandard spelling
2026-08-29,variants.csv,schmalz / schmaltz,variant,the variant column is the nonstandard spelling
2026-08-29,variants.csv,novelisation / novelization,variant,the variant column is the nonstandard spelling
2026-08-29,variants.csv,idealisation / idealization,variant,the variant column is the nonstandard spelling
2026-08-29,variants.csv,gunnel / gunwale,variant,the variant column is the nonstandard spelling
2026-08-29,variants.csv,vocalisation / vocalization,variant,the variant column is the nonstandard spelling
2026-08-29,variants.csv,thalassaemia / thalassemia,variant,the variant column is the nonstandard spelling
2026-08-29,variants.csv,salaah / salat,variant,the variant column is the nonstandard spelling
2026-08-29,variants.csv,demoralisation / demoralization,variant,the variant column is the nonstandard spelling
2026-08-29,variants.csv,mimeo / mimeograph,unrelated,not a spelling pair
2026-08-29,variants.csv,appanage / apanage,variant,the variant column is the nonstandard spelling
2026-08-29,variants.csv,arquebus / harquebus,variant,the variant column is the nonstandard spelling
2026-08-29,variants.csv,embassador / ambassador,variant,the variant column is the nonstandard spelling
2026-08-29,variants.csv,praesidium / presidium,variant,the variant column is the nonstandard spelling
2026-08-29,variants.csv,paleogeography / palaeogeography,reverse,the canonical column is the nonstandard spelling
2026-08-29,variants.csv,randomisation / randomization,variant,the variant column is the nonstandard spelling
2026-08-29,variants.csv,centrefold / centerfold,variant,the variant column is the nonstandard spelling
2026-08-29,variants.csv,loofa / loofah,variant,the variant column is the nonstandard spelling
2026-08-29,variants.csv,tenia / taenia,reverse,the canonical column is the nonstandard spelling
2026-08-29,variants.csv,plowshare / ploughshare,variant,the variant column is the nonstandard spelling
2026-08-29,variants.csv,reveler / reveller,variant,the variant column is the nonstandard spelling
2026-08-29,variants.csv,extravert / extrovert,variant,the variant column is the nonstandard spelling
2026-08-29,variants.csv,viremia / viraemia,reverse,the canonical column is the nonstandard spelling
2026-08-29,variants.csv,creese / kris,variant,the variant column is the nonstandard spelling
2026-08-29,variants.csv,pastille / pastel,unrelated,not a spelling pair
2026-08-29,variants.csv,creatin / creatine,variant,the variant column is the nonstandard spelling
2026-08-29,variants.csv,perve / perv,variant,the variant column is the nonstandard spelling
2026-08-29,variants.csv,titbit / tidbit,variant,the variant column is the nonstandard spelling
2026-08-29,variants.csv,pean / paean,reverse,the canonical column is the nonstandard spelling
2026-08-29,variants.csv,cornelian / carnelian,variant,the variant column is the nonstandard spelling
2026-08-29,variants.csv,tappa / tapa,variant,the variant column is the nonstandard spelling
2026-08-29,variants.csv,soubriquet / sobriquet,variant,the variant column is the nonstandard spelling
2026-08-29,variants.csv,radicle / radical,unrelated,not a spelling pair
2026-08-29,variants.csv,maffia / mafia,variant,the variant column is the nonstandard spelling
2026-08-29,variants.csv,clon / clone,variant,the variant column is the nonstandard spelling
2026-08-29,variants.csv,sherd / shard,variant,the variant column is the nonstandard spelling
2026-08-29,variants.csv,cardamon / cardamom,variant,the variant column is the nonstandard spelling
2026-08-29,variants.csv,hyperglycaemia / hyperglycemia,variant,the variant column is the nonstandard spelling
2026-08-29,variants.csv,mortice / mortise,variant,the variant column is the nonstandard spelling
2026-08-29,variants.csv,duellist / duelist,variant,the variant column is the nonstandard spelling
2026-08-29,variants.csv,cowry / cowrie,variant,the variant column is the nonstandard spelling
2026-08-29,variants.csv,epilog / epilogue,reverse,the canonical column is the nonstandard spelling
2026-08-29,variants.csv,kalif / caliph,variant,the variant column is the nonstandard spelling
2026-08-29,variants.csv,adjustor / adjuster,variant,the variant column is the nonstandard spelling
2026-08-29,variants.csv,tippler / tipple,unrelated,not a spelling pair
2026-08-29,variants.csv,aery / eyrie,variant,the variant column is the nonstandard spelling
2026-08-29,variants.csv,kinsfolk / kinfolk,variant,the variant column is the nonstandard spelling
2026-08-29,variants.csv,federalisation / federalization,variant,the variant column is the nonstandard spelling
2026-08-29,variants.csv,fontanel / fontanelle,variant,the variant column is the nonstandard spelling
2026-08-29,variants.csv,ascendent / ascendant,variant,the variant column is the nonstandard spelling
2026-08-29,variants.csv,scaley / scaly,variant,the variant column is the nonstandard spelling
2026-08-29,variants.csv,cupper / cuppa,unrelated,not a spelling pair
2026-08-29,variants.csv,behaviourism / behaviorism,variant,the variant column is the nonstandard spelling
2026-08-29,variants.csv,luffa / loofah,variant,the variant column is the nonstandard spelling
2026-08-29,variants.csv,subsidisation / subsidization,variant,the variant column is the nonstandard spelling
2026-08-29,variants.csv,mackle / macule,variant,the variant column is the nonstandard spelling
2026-08-29,variants.csv,belligerency / belligerence,variant,the variant column is the nonstandard spelling
2026-08-29,variants.csv,kopeck / kopek,variant,the variant column is the nonstandard spelling
2026-08-29,variants.csv,goony / gooney,unrelated,not a spelling pair
2026-08-29,variants.csv,barcarolle / barcarole,variant,the variant column is the nonstandard spelling
2026-08-29,variants.csv,curbstone / kerbstone,reverse,the canonical column is the nonstandard spelling
2026-08-29,variants.csv,chyle / chile,unrelated,not a spelling pair
2026-08-29,variants.csv,cigaret / cigarette,variant,the variant column is the nonstandard spelling
2026-08-29,variants.csv,rabbet / rabbit,unrelated,not a spelling pair
2026-08-29,variants.csv,linage / lineage,variant,the variant column is the nonstandard spelling
2026-08-29,variants.csv,wannabee / wannabe,variant,the variant column is the nonstandard spelling
2026-08-29,variants.csv,highjack / hijack,variant,the variant column is the nonstandard spelling
2026-08-29,variants.csv,faqir / fakir,variant,the variant column is the nonstandard spelling
2026-08-29,variants.csv,snowplough / snowplow,variant,the variant column is the nonstandard spelling
2026-08-29,variants.csv,manakin / manikin,unrelated,not a spelling pair
2026-08-29,variants.csv,grayness / greyness,variant,the variant column is the nonstandard spelling
2026-08-29,variants.csv,bolshy / bolshie,variant,the variant column is the nonstandard spelling
2026-08-29,variants.csv,sanyasi / sannyasi,variant,the variant column is the nonstandard spelling
2026-08-29,variants.csv,blether / blather,variant,the variant column is the nonstandard spelling
2026-08-29,variants.csv,epaulet / epaulette,variant,the variant column is the nonstandard spelling
2026-08-29,variants.csv,cyder / cider,variant,the variant column is the nonstandard spelling
2026-08-29,variants.csv,litoral / littoral,variant,the variant column is the nonstandard spelling
2026-08-29,variants.csv,sheesha / shisha,variant,the variant column is the nonstandard spelling
2026-08-29,variants.csv,cataloger / cataloguer,variant,the variant column is the nonstandard spelling
2026-08-29,variants.csv,arctan / arctangent,unrelated,not a spelling pair
2026-08-29,variants.csv,chanty / shanty,variant,the variant column is the nonstandard spelling
2026-08-29,variants.csv,sharpy / sharpie,variant,the variant column is the nonstandard spelling
2026-08-29,variants.csv,idyl / idyll,variant,the variant column is the nonstandard spelling
2026-08-29,variants.csv,towny / townie,variant,the variant column is the nonstandard spelling
2026-08-29,variants.csv,leitmotiv / leitmotif,variant,the variant column is the nonstandard spelling
2026-08-29,variants.csv,beldam / beldame,variant,the variant column is the nonstandard spelling
2026-08-29,variants.csv,theorization / theorisation,reverse,the canonical column is the nonstandard spelling
2026-08-29,variants.csv,hareem / harem,variant,the variant column is the nonstandard spelling
2026-08-29,variants.csv,magnetisation / magnetization,variant,the variant column is the nonstandard spelling
2026-08-29,variants.csv,sanitisation / sanitization,variant,the variant column is the nonstandard spelling
2026-08-29,variants.csv,pipal / peepul,variant,the variant column is the nonstandard spelling
2026-08-29,variants.csv,paleoclimatology / palaeoclimatology,reverse,the canonical column is the nonstandard spelling
2026-08-29,variants.csv,prevue / preview,variant,the variant column is the nonstandard spelling
2026-08-29,variants.csv,caffein / caffeine,variant,the variant column is the nonstandard spelling
2026-08-29,variants.csv,bogy / bogey,variant,the variant column is the nonstandard spelling
2026-08-29,variants.csv,mujahadeen / mujahideen,variant,the variant column is the nonstandard spelling
2026-08-29,variants.csv,chadar / chador,variant,the variant column is the nonstandard spelling
2026-08-29,variants.csv,congeneric / congener,unrelated,adjective vs noun; not a spelling pair
2026-08-29,variants.csv,encrustation / incrustation,variant,the variant column is the nonstandard spelling
2026-08-29,variants.csv,autogiro / autogyro,variant,the variant column is the nonstandard spelling
2026-08-29,variants.csv,fitspo / fitspiration,unrelated,not a spelling pair
2026-08-29,variants.csv,bocci / bocce,variant,the variant column is the nonstandard spelling
2026-08-29,variants.csv,atomisation / atomization,variant,the variant column is the nonstandard spelling
2026-08-29,variants.csv,materialisation / materialization,variant,the variant column is the nonstandard spelling
2026-08-29,variants.csv,syph / syphilis,unrelated,not a spelling pair
2026-08-29,variants.csv,factorisation / factorization,variant,the variant column is the nonstandard spelling
2026-08-29,variants.csv,vaporisation / vaporization,variant,the variant column is the nonstandard spelling
2026-08-29,variants.csv,garrotte / garrote,variant,the variant column is the nonstandard spelling
2026-08-29,variants.csv,caravansary / caravanserai,variant,the variant column is the nonstandard spelling
2026-08-29,variants.csv,beigel / bagel,variant,the variant column is the nonstandard spelling
2026-08-29,variants.csv,gantlet / gauntlet,variant,the variant column is the nonstandard spelling
2026-08-29,variants.csv,egis / aegis,reverse,the canonical column is the nonstandard spelling
2026-08-29,variants.csv,kerosine / kerosene,variant,the variant column is the nonstandard spelling
2026-08-29,variants.csv,visualiser / visualizer,variant,the variant column is the nonstandard spelling
2026-08-29,variants.csv,canalization / canalisation,reverse,the canonical column is the nonstandard spelling
2026-08-29,variants.csv,aglet / aiglet,variant,the variant column is the nonstandard spelling
2026-08-29,variants.csv,billhook / bill,unrelated,not a spelling pair
2026-08-29,variants.csv,freebee / freebie,variant,the variant column is the nonstandard spelling
2026-08-29,variants.csv,phantasma / phantasm,variant,the variant column is the nonstandard spelling
2026-08-29,variants.csv,chapatti / chapati,variant,the variant column is the nonstandard spelling
2026-08-29,variants.csv,sirup / syrup,variant,the variant column is the nonstandard spelling
2026-08-29,variants.csv,propellent / propellant,variant,the variant column is the nonstandard spelling
2026-08-29,variants.csv,fraternisation / fraternization,variant,the variant column is the nonstandard spelling
2026-08-29,variants.csv,glister / clyster,unrelated,not a spelling pair
2026-08-29,variants.csv,gismo / gizmo,variant,the variant column is the nonstandard spelling
2026-08-29,variants.csv,fondu / fondue,unrelated,not a spelling pair
2026-08-29,variants.csv,compartmentalisation / compartmentalization,variant,the variant column is the nonstandard spelling
2026-08-29,variants.csv,haemostasis / hemostasis,variant,the variant column is the nonstandard spelling
2026-08-29,variants.csv,monopolisation / monopolization,variant,the variant column is the nonstandard spelling
2026-08-29,variants.csv,bastardisation / bastardization,variant,the variant column is the nonstandard spelling
2026-08-29,variants.csv,salpa / salp,variant,the variant column is the nonstandard spelling
2026-08-29,variants.csv,cyanamid / cyanamide,variant,the variant column is the nonstandard spelling
2026-08-29,variants.csv,styrax / storax,variant,the variant column is the nonstandard spelling
2026-08-29,variants.csv,archil / orchil,variant,the variant column is the nonstandard spelling
2026-08-29,variants.csv,calliper / caliper,variant,the variant column is the nonstandard spelling
2026-08-29,variants.csv,tormenter / tormentor,variant,the variant column is the nonstandard spelling
2026-08-29,variants.csv,rigamarole / rigmarole,variant,the variant column is the nonstandard spelling
2026-08-29,variants.csv,hemianopia / hemianopsia,variant,the variant column is the nonstandard spelling
2026-08-29,variants.csv,bicorne / bicorn,variant,the variant column is the nonstandard spelling
2026-08-29,variants.csv,fesse / fess,variant,the variant column is the nonstandard spelling
2026-08-29,variants.csv,karabiner / carabiner,variant,the variant column is the nonstandard spelling
2026-08-29,variants.csv,individualisation / individualization,variant,the variant column is the nonstandard spelling
2026-08-29,variants.csv,sallet / salad,unrelated,not a spelling pair
2026-08-29,variants.csv,absinth / absinthe,variant,the variant column is the nonstandard spelling
2026-08-29,variants.csv,catheterisation / catheterization,variant,the variant column is the nonstandard spelling
2026-08-29,variants.csv,oxidiser / oxidizer,variant,the variant column is the nonstandard spelling
2026-08-29,variants.csv,sahuaro / saguaro,variant,the variant column is the nonstandard spelling
2026-08-29,variants.csv,maiolica / majolica,variant,the variant column is the nonstandard spelling
2026-08-29,variants.csv,ramee / ramie,variant,the variant column is the nonstandard spelling
2026-08-29,variants.csv,coprophagia / coprophagy,variant,the variant column is the nonstandard spelling
2026-08-29,variants.csv,synapsis / synapse,unrelated,not a spelling pair
2026-08-29,variants.csv,hootch / hooch,variant,the variant column is the nonstandard spelling
2026-08-29,variants.csv,hyperlipidaemia / hyperlipidemia,variant,the variant column is the nonstandard spelling
2026-08-29,variants.csv,dissimilation / dissimulation,unrelated,not a spelling pair
2026-08-29,variants.csv,ichthyosaurus / ichthyosaur,variant,the variant column is the nonstandard spelling
2026-08-29,variants.csv,doura / durra,variant,the variant column is the nonstandard spelling
2026-08-29,variants.csv,siliqua / silique,variant,the variant column is the nonstandard spelling
2026-08-29,variants.csv,haemorrhoid / hemorrhoid,variant,the variant column is the nonstandard spelling
2026-08-29,variants.csv,schnaps / schnapps,variant,the variant column is the nonstandard spelling
2026-08-29,variants.csv,steriliser / sterilizer,variant,the variant column is the nonstandard spelling
2026-08-29,variants.csv,fogy / fogey,variant,the variant column is the nonstandard spelling
2026-08-29,variants.csv,ottar / attar,variant,the variant column is the nonstandard spelling
2026-08-29,variants.csv,depersonalisation / depersonalization,variant,the variant column is the nonstandard spelling
2026-08-29,variants.csv,raphia / raffia,variant,the variant column is the nonstandard spelling
2026-08-29,variants.csv,guestimate / guesstimate,variant,the variant column is the nonstandard spelling
2026-08-29,variants.csv,stylisation / stylization,variant,the variant column is the nonstandard spelling
2026-08-29,variants.csv,connecter / connector,variant,the variant column is the nonstandard spelling
2026-08-29,variants.csv,damozel / damsel,variant,the variant column is the nonstandard spelling
2026-08-29,variants.csv,whimsey / whimsy,variant,the variant column is the nonstandard spelling
2026-08-29,variants.csv,recognisance / recognizance,variant,the variant column is the nonstandard spelling
2026-08-29,variants.csv,nebuliser / nebulizer,variant,the variant column is the nonstandard spelling
2026-08-29,variants.csv,summersault / somersault,variant,the variant column is the nonstandard spelling
2026-08-29,variants.csv,chequerboard / checkerboard,variant,the variant column is the nonstandard spelling
2026-08-29,variants.csv,narwal / narwhal,variant,the variant column is the nonstandard spelling
2026-08-29,variants.csv,mannikin / manikin,unrelated,not a spelling pair
2026-08-29,variants.csv,panoche / panocha,variant,the variant column is the nonstandard spelling
2026-08-29,variants.csv,decimeter / decimetre,reverse,the canonical column is the nonstandard spelling
2026-08-29,variants.csv,haler / heller,variant,the variant column is the nonstandard spelling
2026-08-29,variants.csv,premiss / premise,variant,the variant column is the nonstandard spelling
2026-08-29,variants.csv,oxidisation / oxidization,variant,the variant column is the nonstandard spelling
2026-08-29,variants.csv,abetter / abettor,variant,the variant column is the nonstandard spelling
2026-08-29,variants.csv,clangor / clangour,reverse,the canonical column is the nonstandard spelling
2026-08-29,variants.csv,arccos / arccosine,unrelated,not a spelling pair
2026-08-29,variants.csv,shivah / shiva,variant,the variant column is the nonstandard spelling
2026-08-29,variants.csv,callisthenics / calisthenics,variant,the variant column is the nonstandard spelling
2026-08-29,variants.csv,leucocyte / leukocyte,variant,the variant column is the nonstandard spelling
2026-08-29,variants.csv,spik / spic,variant,the variant column is the nonstandard spelling
2026-08-29,variants.csv,claxon / klaxon,variant,the variant column is the nonstandard spelling
2026-08-29,variants.csv,melioration / amelioration,variant,the variant column is the nonstandard spelling
2026-08-29,variants.csv,loadstar / lodestar,variant,the variant column is the nonstandard spelling
2026-08-29,variants.csv,pouffe / pouf,variant,the variant column is the nonstandard spelling
2026-08-29,variants.csv,bandoleer / bandolier,variant,the variant column is the nonstandard spelling
2026-08-29,variants.csv,superstrate / superstratum,unrelated,not a spelling pair
2026-08-29,variants.csv,hasheesh / hashish,variant,the variant column is the nonstandard spelling
2026-08-29,variants.csv,informercial / infomercial,variant,the variant column is the nonstandard spelling
2026-08-29,variants.csv,tranquillizer / tranquilizer,variant,the variant column is the nonstandard spelling
2026-08-29,variants.csv,pipet / pipette,variant,the variant column is the nonstandard spelling
2026-08-29,variants.csv,shoveller / shoveler,variant,the variant column is the nonstandard spelling
2026-08-29,variants.csv,highflyer / highflier,variant,the variant column is the nonstandard spelling
2026-08-29,variants.csv,subtractor / subtracter,variant,the variant column is the nonstandard spelling
2026-08-29,variants.csv,tompion / tampion,variant,the variant column is the nonstandard spelling
2026-08-29,variants.csv,vizor / visor,variant,the variant column is the nonstandard spelling
2026-08-29,variants.csv,felafel / falafel,variant,the variant column is the nonstandard spelling
2026-08-29,variants.csv,doyley / doily,variant,the variant column is the nonstandard spelling
2026-08-29,variants.csv,loadstone / lodestone,variant,the variant column is the nonstandard spelling
2026-08-29,variants.csv,autarchy / autarky,unrelated,not a spelling pair
2026-08-29,variants.csv,paraesthesia / paresthesia,variant,the variant column is the nonstandard spelling
2026-08-29,variants.csv,asafetida / asafoetida,reverse,the canonical column is the nonstandard spelling
2026-08-29,variants.csv,koppie / kopje,variant,the variant column is the nonstandard spelling
2026-08-29,variants.csv,choky / chokey,variant,the variant column is the nonstandard spelling
2026-08-29,variants.csv,arcsin / arcsine,unrelated,not a spelling pair
2026-08-29,variants.csv,haemolysis / hemolysis,variant,the variant column is the nonstandard spelling
2026-08-29,variants.csv,berretta / biretta,variant,the variant column is the nonstandard spelling
2026-08-29,variants.csv,philtre / philter,variant,the variant column is the nonstandard spelling
2026-08-29,variants.csv,buret / burette,variant,the variant column is the nonstandard spelling
2026-08-29,variants.csv,syneresis / synaeresis,reverse,the canonical column is the nonstandard spelling
2026-08-29,variants.csv,merlon / merlin,unrelated,not a spelling pair
2026-08-29,variants.csv,hiccough / hiccup,variant,the variant column is the nonstandard spelling
2026-08-29,variants.csv,quantisation / quantization,variant,the variant column is the nonstandard spelling
2026-08-29,variants.csv,cive / chive,variant,the variant column is the nonstandard spelling
2026-08-29,variants.csv,twirp / twerp,variant,the variant column is the nonstandard spelling
2026-08-29,variants.csv,fascicule / fascicle,unrelated,not a spelling pair
2026-08-29,variants.csv,obligato / obbligato,variant,the variant column is the nonstandard spelling
2026-08-29,variants.csv,turnround / turnaround,variant,the variant column is the nonstandard spelling
2026-08-29,variants.csv,kismat / kismet,variant,the variant column is the nonstandard spelling
2026-08-29,variants.csv,motorisation / motorization,variant,the variant column is the nonstandard spelling
2026-08-29,variants.csv,czardas / csardas,variant,the variant column is the nonstandard spelling
2026-08-29,variants.csv,centile / percentile,unrelated,not a spelling pair
2026-08-29,variants.csv,scarabaeus / scarab,variant,the variant column is the nonstandard spelling
2026-08-29,variants.csv,gaberdine / gabardine,variant,the variant column is the nonstandard spelling
2026-08-29,variants.csv,hudood / hudud,variant,the variant column is the nonstandard spelling
2026-08-29,variants.csv,hejira / hegira,variant,the variant column is the nonstandard spelling
2026-08-29,variants.csv,plowboy / ploughboy,variant,the variant column is the nonstandard spelling
2026-08-29,variants.csv,oxyhemoglobin / oxyhaemoglobin,reverse,the canonical column is the nonstandard spelling
2026-08-29,variants.csv,chantey / shanty,variant,the variant column is the nonstandard spelling
2026-08-29,variants.csv,sumach / sumac,variant,the variant column is the nonstandard spelling
2026-08-29,variants.csv,haematocrit / hematocrit,variant,the variant column is the nonstandard spelling
2026-08-29,variants.csv,curet / curette,variant,the variant column is the nonstandard spelling
2026-08-29,variants.csv,solemnisation / solemnization,variant,the variant column is the nonstandard spelling
2026-08-29,variants.csv,shivaree / charivari,variant,the variant column is the nonstandard spelling
2026-08-29,variants.csv,garotte / garrotte,variant,the variant column is the nonstandard spelling
2026-08-29,variants.csv,revery / reverie,variant,the variant column is the nonstandard spelling
2026-08-29,variants.csv,shwa / schwa,variant,the variant column is the nonstandard spelling
2026-08-29,variants.csv,decimalization / decimalisation,reverse,the canonical column is the nonstandard spelling
2026-08-29,variants.csv,ribband / ribbon,unrelated,not a spelling pair
2026-08-29,variants.csv,plyers / pliers,unrelated,not a spelling pair
2026-08-29,variants.csv,digitiser / digitizer,variant,the variant column is the nonstandard spelling
2026-08-29,variants.csv,shlock / schlock,variant,the variant column is the nonstandard spelling
2026-08-29,variants.csv,nooky / nookie,variant,the variant column is the nonstandard spelling
2026-08-29,variants.csv,sheika / sheikha,variant,the variant column is the nonstandard spelling
2026-08-29,variants.csv,lavaliere / lavalier,unrelated,not a spelling pair
2026-08-29,variants.csv,oestradiol / estradiol,variant,the variant column is the nonstandard spelling
2026-08-29,variants.csv,iglu / igloo,variant,the variant column is the nonstandard spelling
2026-08-29,variants.csv,filagree / filigree,variant,the variant column is the nonstandard spelling
2026-08-29,variants.csv,miaou / miaow,variant,the variant column is the nonstandard spelling
2026-08-29,variants.csv,bullrush / bulrush,variant,the variant column is the nonstandard spelling
2026-08-29,variants.csv,graybeard / greybeard,variant,the variant column is the nonstandard spelling
2026-08-29,variants.csv,palaeobotany / paleobotany,variant,the variant column is the nonstandard spelling
2026-08-29,variants.csv,diffusor / diffuser,variant,the variant column is the nonstandard spelling
2026-08-29,variants.csv,pretor / praetor,reverse,the canonical column is the nonstandard spelling
2026-08-29,variants.csv,depolarisation / depolarization,variant,the variant column is the nonstandard spelling
2026-08-29,variants.csv,amebiasis / amoebiasis,reverse,the canonical column is the nonstandard spelling
2026-08-29,variants.csv,vacuolization / vacuolation,variant,the variant column is the nonstandard spelling
2026-08-29,variants.csv,hectoliter / hectolitre,reverse,the canonical column is the nonstandard spelling
2026-08-29,variants.csv,sepulture / sepulchre,unrelated,not a spelling pair
2026-08-29,variants.csv,katharsis / catharsis,variant,the variant column is the nonstandard spelling
2026-08-29,variants.csv,kelter / kilter,variant,the variant column is the nonstandard spelling
2026-08-29,variants.csv,stigmatism / astigmatism,unrelated,not a spelling pair
2026-08-29,variants.csv,civies / civvies,unrelated,not a spelling pair
2026-08-29,variants.csv,externalisation / externalization,variant,the variant column is the nonstandard spelling
2026-08-29,variants.csv,theatregoer / theatergoer,variant,the variant column is the nonstandard spelling
2026-08-29,variants.csv,romanticisation / romanticization,variant,the variant column is the nonstandard spelling
2026-08-29,variants.csv,dyarchy / diarchy,variant,the variant column is the nonstandard spelling
2026-08-29,variants.csv,lagune / lagoon,variant,the variant column is the nonstandard spelling
2026-08-29,variants.csv,banian / banyan,variant,the variant column is the nonstandard spelling
2026-08-29,variants.csv,travelog / travelogue,reverse,the canonical column is the nonstandard spelling
2026-08-29,variants.csv,haemoptysis / hemoptysis,variant,the variant column is the nonstandard spelling
2026-08-29,variants.csv,lazarette / lazaret,variant,the variant column is the nonstandard spelling
2026-08-29,variants.csv,thyroxin / thyroxine,variant,the variant column is the nonstandard spelling
2026-08-29,variants.csv,hypercalcaemia / hypercalcemia,variant,the variant column is the nonstandard spelling
2026-08-29,variants.csv,tramontane / tramontana,unrelated,not a spelling pair
2026-08-29,variants.csv,kumis / koumiss,variant,the variant column is the nonstandard spelling
2026-08-29,variants.csv,muzhik / mujik,variant,the variant column is the nonstandard spelling
2026-08-29,variants.csv,sheikhdom / sheikdom,variant,the variant column is the nonstandard spelling
2026-08-29,variants.csv,barytone / baritone,unrelated,not a spelling pair
2026-08-29,variants.csv,fatwah / fatwa,variant,the variant column is the nonstandard spelling
2026-08-29,variants.csv,preterit / preterite,variant,the variant column is the nonstandard spelling
2026-08-29,variants.csv,discant / descant,variant,the variant column is the nonstandard spelling
2026-08-29,variants.csv,mandril / mandrel,variant,the variant column is the nonstandard spelling
2026-08-29,variants.csv,ascendence / ascendance,variant,the variant column is the nonstandard spelling
2026-08-29,variants.csv,carbonisation / carbonization,variant,the variant column is the nonstandard spelling
2026-08-29,variants.csv,akvavit / aquavit,variant,the variant column is the nonstandard spelling
2026-08-29,variants.csv,sacculus / saccule,unrelated,not a spelling pair
2026-08-29,variants.csv,weirdy / weirdie,variant,the variant column is the nonstandard spelling
2026-08-29,variants.csv,chapiter / chapter,unrelated,the capital of a column; a distinct architectural noun
2026-08-29,variants.csv,rente / rent,unrelated,not a spelling pair
2026-08-29,variants.csv,algorism / algorithm,variant,the variant column is the nonstandard spelling
2026-08-29,variants.csv,launce / lance,variant,the variant column is the nonstandard spelling
2026-08-29,variants.csv,sacque / sack,variant,the variant column is the nonstandard spelling
2026-08-29,variants.csv,drouth / drought,variant,the variant column is the nonstandard spelling
2026-08-29,variants.csv,gasolene / gasoline,variant,the variant column is the nonstandard spelling
2026-08-29,variants.csv,advertizement / advertisement,reverse,the canonical column is the nonstandard spelling
2026-08-29,variants.csv,alinement / alignment,variant,the variant column is the nonstandard spelling
2026-08-29,variants.csv,indorsement / endorsement,variant,the variant column is the nonstandard spelling
2026-08-29,variants.csv,cholesterin / cholesterol,variant,the variant column is the nonstandard spelling
2026-08-29,variants.csv,bowlder / boulder,variant,the variant column is the nonstandard spelling
2026-08-29,variants.csv,templet / template,variant,the variant column is the nonstandard spelling
2026-08-29,variants.csv,yoghourt / yogurt,variant,the variant column is the nonstandard spelling
2026-08-29,variants.csv,fetich / fetish,variant,the variant column is the nonstandard spelling
2026-08-29,variants.csv,turbulency / turbulence,variant,the variant column is the nonstandard spelling
2026-08-29,variants.csv,bilingualist / bilingual,unrelated,"bilingual is an adjective, not the same word"
2026-08-29,variants.csv,imaum / imam,variant,the variant column is the nonstandard spelling
2026-08-29,variants.csv,convergency / convergence,variant,the variant column is the nonstandard spelling
2026-08-29,variants.csv,leucaemia / leukemia,variant,the variant column is the nonstandard spelling
2026-08-29,variants.csv,dossal / dorsal,unrelated,an altar cloth vs the anatomical adjective
2026-08-29,variants.csv,dossel / dorsal,unrelated,same as dossal; not a spelling of dorsal
2026-08-29,variants.csv,secretariate / secretariat,variant,the variant column is the nonstandard spelling
2026-08-29,variants.csv,reenforcement / reinforcement,variant,the variant column is the nonstandard spelling
2026-08-29,variants.csv,vodoun / voodoo,variant,the variant column is the nonstandard spelling
2026-08-29,variants.csv,shibah / shiva,variant,the variant column is the nonstandard spelling
2026-08-29,variants.csv,lipide / lipid,variant,the variant column is the nonstandard spelling
2026-08-29,variants.csv,boloney / bologna,variant,the variant column is the nonstandard spelling
2026-08-29,variants.csv,deflexion / deflection,variant,the variant column is the nonstandard spelling
2026-08-29,variants.csv,chetah / cheetah,variant,the variant column is the nonstandard spelling
2026-08-29,variants.csv,disforestation / deforestation,variant,the variant column is the nonstandard spelling
2026-08-29,variants.csv,puttee / patti,unrelated,not a spelling pair
2026-08-29,variants.csv,iodin / iodine,variant,the variant column is the nonstandard spelling
2026-08-29,variants.csv,caviare / caviar,variant,the variant column is the nonstandard spelling
2026-08-29,variants.csv,pyxie / pixie,variant,the variant column is the nonstandard spelling
2026-08-29,variants.csv,preventible / preventable,variant,the variant column is the nonstandard spelling
2026-08-29,variants.csv,dowery / dowry,variant,the variant column is the nonstandard spelling
2026-08-29,variants.csv,cadency / cadence,variant,the variant column is the nonstandard spelling
2026-08-29,variants.csv,deodourant / deodorant,variant,the variant column is the nonstandard spelling
2026-08-29,variants.csv,chamaeleon / chameleon,variant,the variant column is the nonstandard spelling
2026-08-29,variants.csv,pacificist / pacifist,variant,the variant column is the nonstandard spelling
2026-08-29,variants.csv,aquiculture / aquaculture,variant,the variant column is the nonstandard spelling
2026-08-29,variants.csv,emeer / emir,variant,the variant column is the nonstandard spelling
2026-08-29,variants.csv,narcism / narcissism,variant,the variant column is the nonstandard spelling
2026-08-29,variants.csv,gaolbreak / jailbreak,variant,the variant column is the nonstandard spelling
2026-08-29,variants.csv,hommos / hummus,variant,the variant column is the nonstandard spelling
2026-08-29,variants.csv,hoummos / hummus,variant,the variant column is the nonstandard spelling
2026-08-29,variants.csv,tannia / tania,variant,the variant column is the nonstandard spelling
2026-08-29,variants.csv,methadon / methadone,variant,the variant column is the nonstandard spelling
2026-08-29,variants.csv,pollenation / pollination,variant,the variant column is the nonstandard spelling
2026-08-29,variants.csv,suppresser / suppressor,variant,the variant column is the nonstandard spelling
2026-08-29,variants.csv,tunnage / tonnage,variant,the variant column is the nonstandard spelling
2026-08-29,variants.csv,euphuism / euphemism,unrelated,not a spelling pair
2026-08-29,variants.csv,kaliph / caliph,variant,the variant column is the nonstandard spelling
2026-08-29,variants.csv,musjid / masjid,variant,the variant column is the nonstandard spelling
2026-08-29,variants.csv,damoiselle / damsel,variant,the variant column is the nonstandard spelling
2026-08-29,variants.csv,damosel / damsel,variant,the variant column is the nonstandard spelling
2026-08-29,variants.csv,tampion / tampon,unrelated,not a spelling pair
2026-08-29,variants.csv,toffy / toffee,variant,the variant column is the nonstandard spelling
2026-08-29,variants.csv,theine / thane,unrelated,not a spelling pair
2026-08-29,variants.csv,mitsvah / mitzvah,variant,the variant column is the nonstandard spelling
2026-08-29,variants.csv,nybble / nibble,variant,the variant column is the nonstandard spelling
2026-08-29,variants.csv,ricksha / rickshaw,variant,the variant column is the nonstandard spelling
2026-08-29,variants.csv,margarin / margarine,variant,the variant column is the nonstandard spelling
2026-08-29,variants.csv,swob / swab,variant,the variant column is the nonstandard spelling
2026-08-29,variants.csv,baguet / baguette,variant,the variant column is the nonstandard spelling
2026-08-29,variants.csv,banshie / banshee,variant,the variant column is the nonstandard spelling
2026-08-29,variants.csv,jumbal / jumble,variant,the variant column is the nonstandard spelling
2026-08-29,variants.csv,casava / cassava,variant,the variant column is the nonstandard spelling
2026-08-29,variants.csv,orangutang / orangutan,variant,the variant column is the nonstandard spelling
2026-08-29,variants.csv,cottar / cotter,variant,the variant column is the nonstandard spelling
2026-08-29,variants.csv,honkie / honky,variant,the variant column is the nonstandard spelling
2026-08-29,variants.csv,tabour / tabor,variant,the variant column is the nonstandard spelling
2026-08-29,variants.csv,kidnaper / kidnapper,variant,the variant column is the nonstandard spelling
2026-08-29,variants.csv,punchayet / panchayat,variant,the variant column is the nonstandard spelling
2026-08-29,variants.csv,chlorophyl / chlorophyll,variant,the variant column is the nonstandard spelling
2026-08-29,variants.csv,mandibula / mandible,variant,the variant column is the nonstandard spelling
2026-08-29,variants.csv,pirana / piranha,variant,the variant column is the nonstandard spelling
2026-08-29,variants.csv,scollop / scallop,variant,the variant column is the nonstandard spelling
2026-08-29,variants.csv,mesquit / mesquite,variant,the variant column is the nonstandard spelling
2026-08-29,variants.csv,cardamum / cardamom,variant,the variant column is the nonstandard spelling
2026-08-29,variants.csv,epinephrin / epinephrine,variant,the variant column is the nonstandard spelling
2026-08-29,variants.csv,holibut / halibut,variant,the variant column is the nonstandard spelling
2026-08-29,variants.csv,gildhall / guildhall,variant,the variant column is the nonstandard spelling
2026-08-29,variants.csv,intifadah / intifada,variant,the variant column is the nonstandard spelling
2026-08-29,variants.csv,polypropene / polypropylene,variant,the variant column is the nonstandard spelling
2026-08-29,variants.csv,schnorkel / snorkel,variant,the variant column is the nonstandard spelling
2026-08-29,variants.csv,phrenetic / frenetic,variant,the variant column is the nonstandard spelling
2026-08-29,variants.csv,axone / axon,variant,the variant column is the nonstandard spelling
2026-08-29,variants.csv,sanatarium / sanitarium,unrelated,not a spelling pair
2026-08-29,variants.csv,barbacan / barbican,variant,the variant column is the nonstandard spelling
2026-08-29,variants.csv,cirrhus / cirrus,variant,the variant column is the nonstandard spelling
2026-08-29,variants.csv,laniard / lanyard,variant,the variant column is the nonstandard spelling
2026-08-29,variants.csv,seriph / serif,variant,the variant column is the nonstandard spelling
2026-08-29,variants.csv,gauntry / gantry,variant,the variant column is the nonstandard spelling
2026-08-29,variants.csv,haschisch / hashish,variant,the variant column is the nonstandard spelling
2026-08-29,variants.csv,effecter / effector,variant,the variant column is the nonstandard spelling
2026-08-29,variants.csv,virulency / virulence,variant,the variant column is the nonstandard spelling
2026-08-29,variants.csv,cutlas / cutlass,variant,cutlass is the usual spelling
2026-08-29,variants.csv,flection / flexion,variant,the variant column is the nonstandard spelling
2026-08-29,variants.csv,tryptophane / tryptophan,variant,the variant column is the nonstandard spelling
2026-08-29,variants.csv,ceratin / keratin,variant,the variant column is the nonstandard spelling
2026-08-29,variants.csv,durion / durian,variant,the variant column is the nonstandard spelling
2026-08-29,variants.csv,paeony / peony,variant,the variant column is the nonstandard spelling
2026-08-29,variants.csv,wistaria / wisteria,variant,the variant column is the nonstandard spelling
2026-08-29,variants.csv,cattie / catty,variant,the variant column is the nonstandard spelling
2026-08-29,variants.csv,fillagree / filigree,variant,the variant column is the nonstandard spelling
2026-08-29,variants.csv,highjacker / hijacker,variant,the variant column is the nonstandard spelling
2026-08-29,variants.csv,mensh / mensch,variant,the variant column is the nonstandard spelling
2026-08-29,variants.csv,springbuck / springbok,variant,the variant column is the nonstandard spelling
2026-08-29,variants.csv,mastodont / mastodon,variant,the variant column is the nonstandard spelling
2026-08-29,variants.csv,prolapsus / prolapse,variant,the variant column is the nonstandard spelling
2026-08-29,variants.csv,cantaloup / cantaloupe,variant,the variant column is the nonstandard spelling
2026-08-29,variants.csv,zamang / zaman,variant,the variant column is the nonstandard spelling
2026-08-29,variants.csv,schtik / shtick,variant,the variant column is the nonstandard spelling
2026-08-29,variants.csv,shtik / shtick,variant,the variant column is the nonstandard spelling
2026-08-29,variants.csv,myeline / myelin,variant,the variant column is the nonstandard spelling
2026-08-29,variants.csv,biriani / biryani,variant,the variant column is the nonstandard spelling
2026-08-29,variants.csv,fellation / fellatio,variant,the variant column is the nonstandard spelling
2026-08-29,variants.csv,mierkat / meerkat,variant,the variant column is the nonstandard spelling
2026-08-29,variants.csv,demagog / demagogue,reverse,the canonical column is the nonstandard spelling
2026-08-29,variants.csv,paraquet / parakeet,variant,the variant column is the nonstandard spelling
2026-08-29,variants.csv,paroquet / parakeet,variant,the variant column is the nonstandard spelling
2026-08-29,variants.csv,parrakeet / parakeet,variant,the variant column is the nonstandard spelling
2026-08-29,variants.csv,parroket / parakeet,variant,the variant column is the nonstandard spelling
2026-08-29,variants.csv,parroquet / parakeet,variant,the variant column is the nonstandard spelling
2026-08-29,variants.csv,marchpane / marzipan,variant,the variant column is the nonstandard spelling
2026-08-29,variants.csv,felspar / feldspar,variant,the variant column is the nonstandard spelling
2026-08-29,variants.csv,hodometer / odometer,variant,the variant column is the nonstandard spelling
2026-08-29,variants.csv,gerbille / gerbil,variant,the variant column is the nonstandard spelling
2026-08-29,variants.csv,pachouli / patchouli,variant,the variant column is the nonstandard spelling
2026-08-29,variants.csv,patchouly / patchouli,variant,the variant column is the nonstandard spelling
2026-08-29,variants.csv,fetichism / fetishism,variant,the variant column is the nonstandard spelling
2026-08-29,variants.csv,isomorphy / isomorphism,variant,the variant column is the nonstandard spelling
2026-08-29,variants.csv,gendarmery / gendarmerie,variant,the variant column is the nonstandard spelling
2026-08-29,variants.csv,kaoline / kaolin,variant,the variant column is the nonstandard spelling
2026-08-29,variants.csv,cullender / colander,variant,the variant column is the nonstandard spelling
2026-08-29,variants.csv,botulinus / botulinum,variant,the variant column is the nonstandard spelling
2026-08-29,variants.csv,eschalot / shallot,variant,the variant column is the nonstandard spelling
2026-08-29,variants.csv,cohoe / coho,variant,the variant column is the nonstandard spelling
2026-08-29,variants.csv,comeupance / comeuppance,variant,the variant column is the nonstandard spelling
2026-08-29,variants.csv,indorser / endorser,variant,the variant column is the nonstandard spelling
2026-08-29,variants.csv,shumac / sumac,variant,the variant column is the nonstandard spelling
2026-08-29,variants.csv,chutzpa / chutzpah,variant,the variant column is the nonstandard spelling
2026-08-29,variants.csv,fantasm / phantasm,variant,the variant column is the nonstandard spelling
2026-08-29,variants.csv,hutzpah / chutzpah,variant,the variant column is the nonstandard spelling
2026-08-29,variants.csv,impermanency / impermanence,variant,the variant column is the nonstandard spelling
2026-08-29,variants.csv,caffer / kaffir,variant,the variant column is the nonstandard spelling
2026-08-29,variants.csv,caffre / kaffir,variant,the variant column is the nonstandard spelling
2026-08-29,variants.csv,wivern / wyvern,variant,the variant column is the nonstandard spelling
2026-08-29,variants.csv,accompanyist / accompanist,variant,the variant column is the nonstandard spelling
2026-08-29,variants.csv,baisa / paisa,variant,the variant column is the nonstandard spelling
2026-08-29,variants.csv,baiza / paisa,variant,the variant column is the nonstandard spelling
2026-08-29,variants.csv,buckeroo / buckaroo,variant,the variant column is the nonstandard spelling
2026-08-29,variants.csv,cunnilinctus / cunnilingus,variant,the variant column is the nonstandard spelling
2026-08-29,variants.csv,mocassin / moccasin,variant,the variant column is the nonstandard spelling
2026-08-29,variants.csv,neuralgy / neuralgia,variant,the variant column is the nonstandard spelling
2026-08-29,variants.csv,smidgin / smidgen,variant,the variant column is the nonstandard spelling
2026-08-29,variants.csv,escarp / scarp,variant,the variant column is the nonstandard spelling
2026-08-29,variants.csv,narwhale / narwhal,variant,the variant column is the nonstandard spelling
2026-08-29,variants.csv,phenylamine / aniline,unrelated,not a spelling pair
2026-08-29,variants.csv,androgeny / androgyny,unrelated,not a spelling pair
2026-08-29,variants.csv,sextette / sextet,variant,the variant column is the nonstandard spelling
2026-08-29,variants.csv,boccie / bocce,variant,the variant column is the nonstandard spelling
2026-08-29,variants.csv,borsh / borscht,variant,the variant column is the nonstandard spelling
2026-08-29,variants.csv,borshch / borscht,variant,the variant column is the nonstandard spelling
2026-08-29,variants.csv,borsht / borscht,variant,the variant column is the nonstandard spelling
2026-08-29,variants.csv,bortsch / borscht,variant,the variant column is the nonstandard spelling
2026-08-29,variants.csv,tzetze / tsetse,variant,the variant column is the nonstandard spelling
2026-08-29,variants.csv,eyry / eyrie,variant,the variant column is the nonstandard spelling
2026-08-29,variants.csv,hyalin / hyaline,variant,the variant column is the nonstandard spelling
2026-08-29,variants.csv,lichee / lychee,variant,the variant column is the nonstandard spelling
2026-08-29,variants.csv,lichi / lychee,variant,the variant column is the nonstandard spelling
2026-08-29,variants.csv,litchee / lychee,variant,the variant column is the nonstandard spelling
2026-08-29,variants.csv,manticora / manticore,variant,the variant column is the nonstandard spelling
2026-08-29,variants.csv,cartouch / cartouche,variant,the variant column is the nonstandard spelling
2026-08-29,variants.csv,octette / octet,variant,the variant column is the nonstandard spelling
2026-08-29,variants.csv,thrombopenia / thrombocytopenia,variant,the variant column is the nonstandard spelling
2026-08-29,variants.csv,croupe / croup,variant,the variant column is the nonstandard spelling
2026-08-29,variants.csv,groundkeeper / groundskeeper,variant,the variant column is the nonstandard spelling
2026-08-29,variants.csv,cytol / cytology,unrelated,not a spelling pair
2026-08-29,variants.csv,recission / rescission,variant,the variant column is the nonstandard spelling
2026-08-29,variants.csv,spawl / spall,unrelated,not a spelling pair
2026-08-29,variants.csv,saddhu / sadhu,variant,the variant column is the nonstandard spelling
2026-08-29,variants.csv,shmaltz / schmaltz,variant,the variant column is the nonstandard spelling
2026-08-29,variants.csv,townee / townie,variant,the variant column is the nonstandard spelling
2026-08-29,variants.csv,ablism / ableism,variant,the variant column is the nonstandard spelling
2026-08-29,variants.csv,undiscipline / indiscipline,variant,the variant column is the nonstandard spelling
2026-08-29,variants.csv,incumbrance / encumbrance,variant,the variant column is the nonstandard spelling
2026-08-29,variants.csv,fakeer / fakir,variant,the variant column is the nonstandard spelling
2026-08-29,variants.csv,faquir / fakir,variant,the variant column is the nonstandard spelling
2026-08-29,variants.csv,pilaff / pilaf,variant,the variant column is the nonstandard spelling
2026-08-29,variants.csv,pilaw / pilaf,variant,the variant column is the nonstandard spelling
2026-08-29,variants.csv,scampo / scampi,variant,the variant column is the nonstandard spelling
2026-08-29,variants.csv,kotow / kowtow,variant,the variant column is the nonstandard spelling
2026-08-29,variants.csv,olefine / olefin,variant,the variant column is the nonstandard spelling
2026-08-29,variants.csv,stymy / stymie,variant,the variant column is the nonstandard spelling
2026-08-29,variants.csv,capibara / capybara,variant,the variant column is the nonstandard spelling
2026-08-29,variants.csv,coalescency / coalescence,variant,the variant column is the nonstandard spelling
2026-08-29,variants.csv,varment / varmint,variant,the variant column is the nonstandard spelling
2026-08-29,variants.csv,camass / camas,variant,camas is the usual spelling
2026-08-29,variants.csv,jaggary / jaggery,variant,the variant column is the nonstandard spelling
2026-08-29,variants.csv,jagghery / jaggery,variant,the variant column is the nonstandard spelling
2026-08-29,variants.csv,lagend / lagan,variant,the variant column is the nonstandard spelling
2026-08-29,variants.csv,ligan / lagan,variant,the variant column is the nonstandard spelling
2026-08-29,variants.csv,quamash / camas,variant,the variant column is the nonstandard spelling
2026-08-29,variants.csv,shovelboard / shuffleboard,variant,the variant column is the nonstandard spelling
2026-08-29,variants.csv,intrenchment / entrenchment,variant,the variant column is the nonstandard spelling
2026-08-29,variants.csv,koodoo / kudu,variant,the variant column is the nonstandard spelling
2026-08-29,variants.csv,koudou / kudu,variant,the variant column is the nonstandard spelling
2026-08-29,variants.csv,noviciate / novitiate,variant,the variant column is the nonstandard spelling
2026-08-29,variants.csv,palankeen / palanquin,variant,the variant column is the nonstandard spelling
2026-08-29,variants.csv,doyly / doily,variant,the variant column is the nonstandard spelling
2026-08-29,variants.csv,continency / continence,variant,the variant column is the nonstandard spelling
2026-08-29,variants.csv,eurhythmics / eurythmics,variant,the variant column is the nonstandard spelling
2026-08-29,variants.csv,grummet / grommet,variant,the variant column is the nonstandard spelling
2026-08-29,variants.csv,calcedony / chalcedony,variant,the variant column is the nonstandard spelling
2026-08-29,variants.csv,rivetter / riveter,variant,the variant column is the nonstandard spelling
2026-08-29,variants.csv,sambur / sambar,variant,the variant column is the nonstandard spelling
2026-08-29,variants.csv,shophar / shofar,variant,the variant column is the nonstandard spelling
2026-08-29,variants.csv,trebucket / trebuchet,variant,the variant column is the nonstandard spelling
2026-08-29,variants.csv,pappoose / papoose,variant,the variant column is the nonstandard spelling
2026-08-29,variants.csv,hallah / challah,variant,the variant column is the nonstandard spelling
2026-08-29,variants.csv,katabolism / catabolism,variant,the variant column is the nonstandard spelling
2026-08-29,variants.csv,mandioc / manioc,variant,the variant column is the nonstandard spelling
2026-08-29,variants.csv,manioca / manioc,variant,the variant column is the nonstandard spelling
2026-08-29,variants.csv,marqueterie / marquetry,variant,the variant column is the nonstandard spelling
2026-08-29,variants.csv,ampul / ampoule,variant,the variant column is the nonstandard spelling
2026-08-29,variants.csv,summarisation / summarization,variant,the variant column is the nonstandard spelling
2026-08-29,variants.csv,zikkurat / ziggurat,variant,the variant column is the nonstandard spelling
2026-08-29,variants.csv,zikurat / ziggurat,variant,the variant column is the nonstandard spelling
2026-08-29,variants.csv,fluoresceine / fluorescein,variant,the variant column is the nonstandard spelling
2026-08-29,variants.csv,pedagog / pedagogue,reverse,the canonical column is the nonstandard spelling
2026-08-29,variants.csv,bulghur / bulgur,variant,the variant column is the nonstandard spelling
2026-08-29,variants.csv,carack / carrack,variant,the variant column is the nonstandard spelling
2026-08-29,variants.csv,clearstory / clerestory,variant,the variant column is the nonstandard spelling
2026-08-29,variants.csv,cazique / cacique,variant,the variant column is the nonstandard spelling
2026-08-29,variants.csv,gaolbird / jailbird,variant,the variant column is the nonstandard spelling
2026-08-29,variants.csv,halliard / halyard,variant,the variant column is the nonstandard spelling
2026-08-29,variants.csv,dammar / damar,variant,the variant column is the nonstandard spelling
2026-08-29,variants.csv,orthopaedist / orthopedist,variant,the variant column is the nonstandard spelling
2026-08-29,variants.csv,paederasty / pederasty,variant,the variant column is the nonstandard spelling
2026-08-29,variants.csv,quahaug / quahog,variant,the variant column is the nonstandard spelling
2026-08-29,variants.csv,esthete / aesthete,reverse,the canonical column is the nonstandard spelling
2026-08-29,variants.csv,hyperlipemia / hyperlipidemia,variant,the variant column is the nonstandard spelling
2026-08-29,variants.csv,maisonnette / maisonette,variant,the variant column is the nonstandard spelling
2026-08-29,variants.csv,ragee / ragi,variant,the variant column is the nonstandard spelling
2026-08-29,variants.csv,shlep / schlep,variant,the variant column is the nonstandard spelling
2026-08-29,variants.csv,anomy / anomie,variant,the variant column is the nonstandard spelling
2026-08-29,variants.csv,kelpy / kelpie,variant,the variant column is the nonstandard spelling
2026-08-29,variants.csv,souvlakia / souvlaki,variant,the variant column is the nonstandard spelling
2026-08-29,variants.csv,tzarina / tsarina,variant,the variant column is the nonstandard spelling
2026-08-29,variants.csv,lungyi / lungi,variant,the variant column is the nonstandard spelling
2026-08-29,variants.csv,immanency / immanence,variant,the variant column is the nonstandard spelling
2026-08-29,variants.csv,malemute / malamute,variant,the variant column is the nonstandard spelling
2026-08-29,variants.csv,cyanite / kyanite,variant,the variant column is the nonstandard spelling
2026-08-29,variants.csv,entoderm / endoderm,variant,the variant column is the nonstandard spelling
2026-08-29,variants.csv,maharanee / maharani,variant,the variant column is the nonstandard spelling
2026-08-29,variants.csv,cheloid / keloid,variant,the variant column is the nonstandard spelling
2026-08-29,variants.csv,cockateel / cockatiel,variant,the variant column is the nonstandard spelling
2026-08-29,variants.csv,yarmelke / yarmulke,variant,the variant column is the nonstandard spelling
2026-08-29,variants.csv,yarmulka / yarmulke,variant,the variant column is the nonstandard spelling
2026-08-29,variants.csv,plasticiser / plasticizer,variant,the variant column is the nonstandard spelling
2026-08-29,variants.csv,wolfbane / wolfsbane,variant,the variant column is the nonstandard spelling
2026-08-29,variants.csv,cadaster / cadastre,reverse,the canonical column is the nonstandard spelling
2026-08-29,variants.csv,cumfrey / comfrey,variant,the variant column is the nonstandard spelling
2026-08-29,variants.csv,dosemeter / dosimeter,variant,the variant column is the nonstandard spelling
2026-08-29,variants.csv,frangipanni / frangipani,variant,the variant column is the nonstandard spelling
2026-08-29,variants.csv,hyperidrosis / hyperhidrosis,variant,the variant column is the nonstandard spelling
2026-08-29,variants.csv,millepede / millipede,variant,the variant column is the nonstandard spelling
2026-08-29,variants.csv,milliped / millipede,variant,the variant column is the nonstandard spelling
2026-08-29,variants.csv,thyrocalcitonin / calcitonin,variant,the variant column is the nonstandard spelling
2026-08-29,variants.csv,carrageenin / carrageenan,variant,the variant column is the nonstandard spelling
2026-08-29,variants.csv,iminazole / imidazole,variant,the variant column is the nonstandard spelling
2026-08-29,variants.csv,plectron / plectrum,variant,the variant column is the nonstandard spelling
2026-08-29,variants.csv,chinchona / cinchona,variant,the variant column is the nonstandard spelling
2026-08-29,variants.csv,cumquat / kumquat,variant,the variant column is the nonstandard spelling
2026-08-29,variants.csv,muazzin / muezzin,variant,the variant column is the nonstandard spelling
2026-08-29,variants.csv,oestrone / estrone,variant,the variant column is the nonstandard spelling
2026-08-29,variants.csv,shillalah / shillelagh,variant,the variant column is the nonstandard spelling
2026-08-29,variants.csv,systematisation / systematization,variant,the variant column is the nonstandard spelling
2026-08-29,variants.csv,gondoliere / gondolier,variant,the variant column is the nonstandard spelling
2026-08-29,variants.csv,leechee / litchi,variant,the variant column is the nonstandard spelling
2026-08-29,variants.csv,lingenberry / lingonberry,variant,the variant column is the nonstandard spelling
2026-08-29,variants.csv,oesophagitis / esophagitis,variant,the variant column is the nonstandard spelling
2026-08-29,variants.csv,razmataz / razzmatazz,variant,the variant column is the nonstandard spelling
2026-08-29,variants.csv,synchroniser / synchronizer,variant,the variant column is the nonstandard spelling
2026-08-29,variants.csv,syntagm / syntagma,variant,the variant column is the nonstandard spelling
2026-08-29,variants.csv,acromegalia / acromegaly,variant,the variant column is the nonstandard spelling
2026-08-29,variants.csv,humanisation / humanization,variant,the variant column is the nonstandard spelling
2026-08-29,variants.csv,rhaphe / raphe,variant,the variant column is the nonstandard spelling
2026-08-29,variants.csv,vulcanisation / vulcanization,variant,the variant column is the nonstandard spelling
2026-08-29,variants.csv,lathee / lathi,variant,the variant column is the nonstandard spelling
2026-08-29,variants.csv,nucleole / nucleolus,variant,the variant column is the nonstandard spelling
2026-08-29,variants.csv,phaeochromocytoma / pheochromocytoma,variant,the variant column is the nonstandard spelling
2026-08-29,variants.csv,vaccina / vaccinia,variant,the variant column is the nonstandard spelling
2026-08-29,variants.csv,eucaryote / eukaryote,variant,the variant column is the nonstandard spelling
2026-08-29,variants.csv,itemisation / itemization,variant,the variant column is the nonstandard spelling
2026-08-29,variants.csv,shmo / schmo,variant,the variant column is the nonstandard spelling
2026-08-29,variants.csv,ballock / bollock,variant,the variant column is the nonstandard spelling
2026-08-29,variants.csv,dioptre / diopter,variant,the variant column is the nonstandard spelling
2026-08-29,variants.csv,pummelo / pomelo,variant,the variant column is the nonstandard spelling
2026-08-29,variants.csv,tularaemia / tularemia,variant,the variant column is the nonstandard spelling
2026-08-29,variants.csv,astringence / astringency,unrelated,not a spelling pair
2026-08-29,variants.csv,biodefence / biodefense,variant,the variant column is the nonstandard spelling
2026-08-29,variants.csv,chantarelle / chanterelle,variant,the variant column is the nonstandard spelling
2026-08-29,variants.csv,haemangioma / hemangioma,variant,the variant column is the nonstandard spelling
2026-08-29,variants.csv,hawkbill / hawksbill,variant,the variant column is the nonstandard spelling
2026-08-29,variants.csv,complin / compline,variant,the variant column is the nonstandard spelling
2026-08-29,variants.csv,pemican / pemmican,variant,the variant column is the nonstandard spelling
2026-08-29,variants.csv,rambotan / rambutan,variant,the variant column is the nonstandard spelling
2026-08-29,variants.csv,seedman / seedsman,variant,the variant column is the nonstandard spelling
2026-08-29,variants.csv,furane / furan,variant,the variant column is the nonstandard spelling
2026-08-29,variants.csv,grossbeak / grosbeak,variant,the variant column is the nonstandard spelling
2026-08-29,variants.csv,daishiki / dashiki,variant,the variant column is the nonstandard spelling
2026-08-29,variants.csv,eosinophile / eosinophil,variant,the variant column is the nonstandard spelling
2026-08-29,variants.csv,vascularisation / vascularization,variant,the variant column is the nonstandard spelling
2026-08-29,variants.csv,generalisability / generalizability,unrelated,not a spelling pair
2026-08-29,variants.csv,haematopoiesis / hematopoiesis,variant,the variant column is the nonstandard spelling
2026-08-29,variants.csv,hemopoiesis / hematopoiesis,variant,the variant column is the nonstandard spelling
2026-08-29,variants.csv,homoeopath / homeopath,variant,the variant column is the nonstandard spelling
2026-08-29,variants.csv,hoopoo / hoopoe,variant,the variant column is the nonstandard spelling
2026-08-29,variants.csv,melaena / melena,variant,the variant column is the nonstandard spelling
2026-08-29,variants.csv,incasement / encasement,variant,the variant column is the nonstandard spelling
2026-08-29,variants.csv,anthelminthic / anthelmintic,variant,the variant column is the nonstandard spelling
2026-08-29,variants.csv,crewet / cruet,variant,the variant column is the nonstandard spelling
2026-08-29,variants.csv,dakoit / dacoit,variant,the variant column is the nonstandard spelling
2026-08-29,variants.csv,dibbuk / dybbuk,variant,the variant column is the nonstandard spelling
2026-08-29,variants.csv,capercailzie / capercaillie,variant,the variant column is the nonstandard spelling
2026-08-29,variants.csv,cauterisation / cauterization,variant,the variant column is the nonstandard spelling
2026-08-29,variants.csv,galingale / galangal,variant,the variant column is the nonstandard spelling
2026-08-29,variants.csv,holloa / hollo,variant,the variant column is the nonstandard spelling
2026-08-29,variants.csv,kildeer / killdeer,variant,the variant column is the nonstandard spelling
2026-08-29,variants.csv,lamedh / lamed,variant,the variant column is the nonstandard spelling
2026-08-29,variants.csv,masculinisation / masculinization,variant,the variant column is the nonstandard spelling
2026-08-29,variants.csv,samisen / shamisen,variant,the variant column is the nonstandard spelling
2026-08-29,variants.csv,spoondrift / spindrift,variant,the variant column is the nonstandard spelling
2026-08-29,variants.csv,chaddar / chador,variant,the variant column is the nonstandard spelling
2026-08-29,variants.csv,chuddar / chador,variant,the variant column is the nonstandard spelling
2026-08-29,variants.csv,poenology / penology,variant,the variant column is the nonstandard spelling
2026-08-29,variants.csv,spandril / spandrel,variant,the variant column is the nonstandard spelling
2026-08-29,variants.csv,stogy / stogie,variant,the variant column is the nonstandard spelling
2026-08-29,variants.csv,fluegelhorn / flugelhorn,variant,the variant column is the nonstandard spelling
2026-08-29,variants.csv,oxalacetate / oxaloacetate,variant,the variant column is the nonstandard spelling
2026-08-29,variants.csv,penuchle / pinochle,variant,the variant column is the nonstandard spelling
2026-08-29,variants.csv,pinocle / pinochle,variant,the variant column is the nonstandard spelling
2026-08-29,variants.csv,pneumonoconiosis / pneumoconiosis,variant,the variant column is the nonstandard spelling
2026-08-29,variants.csv,uraemia / uremia,variant,the variant column is the nonstandard spelling
2026-08-29,variants.csv,jinnee / jinni,variant,the variant column is the nonstandard spelling
2026-08-29,variants.csv,plyer / plier,unrelated,not a spelling pair
2026-08-29,variants.csv,backsheesh / baksheesh,variant,the variant column is the nonstandard spelling
2026-08-29,variants.csv,bakshish / baksheesh,variant,the variant column is the nonstandard spelling
2026-08-29,variants.csv,ramequin / ramekin,variant,the variant column is the nonstandard spelling
2026-08-29,variants.csv,aphaeresis / apheresis,variant,the variant column is the nonstandard spelling
2026-08-29,variants.csv,hermaphrodism / hermaphroditism,variant,the variant column is the nonstandard spelling
2026-08-29,variants.csv,thingmajig / thingamajig,variant,the variant column is the nonstandard spelling
2026-08-29,variants.csv,thingumajig / thingamajig,variant,the variant column is the nonstandard spelling
2026-08-29,variants.csv,leucopenia / leukopenia,variant,the variant column is the nonstandard spelling
2026-08-29,variants.csv,lutfisk / lutefisk,variant,the variant column is the nonstandard spelling
2026-08-29,variants.csv,mezuza / mezuzah,variant,the variant column is the nonstandard spelling
2026-08-29,variants.csv,oestriol / estriol,variant,the variant column is the nonstandard spelling
2026-08-29,variants.csv,tabooli / tabbouleh,variant,the variant column is the nonstandard spelling
2026-08-29,variants.csv,welsher / welcher,variant,the variant column is the nonstandard spelling
2026-08-29,variants.csv,corticotrophin / corticotropin,variant,the variant column is the nonstandard spelling
2026-08-29,variants.csv,lateralisation / lateralization,variant,the variant column is the nonstandard spelling
2026-08-29,variants.csv,haemothorax / hemothorax,variant,the variant column is the nonstandard spelling
2026-08-29,variants.csv,memorialisation / memorialization,variant,the variant column is the nonstandard spelling
2026-08-29,variants.csv,accouterment / accoutrement,reverse,the canonical column is the nonstandard spelling
2026-08-29,variants.csv,akee / ackee,variant,the variant column is the nonstandard spelling
2026-08-29,variants.csv,demineralisation / demineralization,variant,the variant column is the nonstandard spelling
2026-08-29,variants.csv,diethylstilbesterol / diethylstilbestrol,variant,the variant column is the nonstandard spelling
2026-08-29,variants.csv,alizarine / alizarin,variant,the variant column is the nonstandard spelling
2026-08-29,variants.csv,populariser / popularizer,variant,the variant column is the nonstandard spelling
2026-08-29,variants.csv,prejudgement / prejudgment,variant,the variant column is the nonstandard spelling
2026-08-29,variants.csv,astheny / asthenia,variant,the variant column is the nonstandard spelling
2026-08-29,variants.csv,capelan / capelin,variant,the variant column is the nonstandard spelling
2026-08-29,variants.csv,psilocyn / psilocin,variant,the variant column is the nonstandard spelling
2026-08-29,variants.csv,tenderiser / tenderizer,variant,the variant column is the nonstandard spelling
2026-08-29,variants.csv,gothite / goethite,variant,the variant column is the nonstandard spelling
2026-08-29,variants.csv,pluralisation / pluralization,variant,the variant column is the nonstandard spelling
2026-08-29,variants.csv,soochong / souchong,variant,the variant column is the nonstandard spelling
2026-08-29,variants.csv,brutalisation / brutalization,variant,the variant column is the nonstandard spelling
2026-08-29,variants.csv,revetement / revetment,variant,the variant column is the nonstandard spelling
2026-08-29,variants.csv,sarape / serape,variant,the variant column is the nonstandard spelling
2026-08-29,variants.csv,solarisation / solarization,variant,the variant column is the nonstandard spelling
2026-08-29,variants.csv,chammy / shammy,variant,the variant column is the nonstandard spelling
2026-08-29,variants.csv,hypovolaemia / hypovolemia,variant,the variant column is the nonstandard spelling
2026-08-29,variants.csv,sensitiser / sensitizer,variant,the variant column is the nonstandard spelling
2026-08-29,variants.csv,spirochaete / spirochete,variant,the variant column is the nonstandard spelling
2026-08-29,variants.csv,hypocalcaemia / hypocalcemia,variant,the variant column is the nonstandard spelling
2026-08-29,variants.csv,bliny / blini,variant,the variant column is the nonstandard spelling
2026-08-29,variants.csv,canulation / cannulation,variant,the variant column is the nonstandard spelling
2026-08-29,variants.csv,succulency / succulence,variant,the variant column is the nonstandard spelling
2026-08-29,variants.csv,djinny / djinni,variant,the variant column is the nonstandard spelling
2026-08-29,variants.csv,marlinespike / marlinspike,variant,the variant column is the nonstandard spelling
2026-08-29,variants.csv,marlingspike / marlinspike,variant,the variant column is the nonstandard spelling
2026-08-29,variants.csv,symbolisation / symbolization,variant,the variant column is the nonstandard spelling
2026-08-29,variants.csv,corpulency / corpulence,variant,the variant column is the nonstandard spelling
2026-08-29,variants.csv,channelisation / channelization,variant,the variant column is the nonstandard spelling
2026-08-29,variants.csv,golliwogg / golliwog,variant,the variant column is the nonstandard spelling
2026-08-29,variants.csv,hackbut / arquebus,variant,the variant column is the nonstandard spelling
2026-08-29,variants.csv,haick / haik,variant,the variant column is the nonstandard spelling
2026-08-29,variants.csv,penalisation / penalization,variant,the variant column is the nonstandard spelling
2026-08-29,variants.csv,pipistrel / pipistrelle,variant,the variant column is the nonstandard spelling
2026-08-29,variants.csv,archaicism / archaism,variant,the variant column is the nonstandard spelling
2026-08-29,variants.csv,fohn / foehn,variant,the variant column is the nonstandard spelling
2026-08-29,variants.csv,fuzee / fusee,variant,the variant column is the nonstandard spelling
2026-08-29,variants.csv,momot / motmot,variant,the variant column is the nonstandard spelling
2026-08-29,variants.csv,protology / proctology,unrelated,not a spelling pair
2026-08-29,variants.csv,basophile / basophil,variant,the variant column is the nonstandard spelling
2026-08-29,variants.csv,budgereegah / budgerigar,variant,the variant column is the nonstandard spelling
2026-08-29,variants.csv,economiser / economizer,variant,the variant column is the nonstandard spelling
2026-08-29,variants.csv,idolisation / idolization,variant,the variant column is the nonstandard spelling
2026-08-29,variants.csv,mantelet / mantlet,variant,the variant column is the nonstandard spelling
2026-08-29,variants.csv,ousel / ouzel,variant,the variant column is the nonstandard spelling
2026-08-29,variants.csv,warragal / warrigal,variant,the variant column is the nonstandard spelling
2026-08-29,variants.csv,organdie / organdy,variant,the variant column is the nonstandard spelling
2026-08-29,variants.csv,pastil / pastille,variant,the variant column is the nonstandard spelling
2026-08-29,variants.csv,peneplane / peneplain,variant,the variant column is the nonstandard spelling
2026-08-29,variants.csv,procaryote / prokaryote,variant,the variant column is the nonstandard spelling
2026-08-29,variants.csv,epha / ephah,variant,the variant column is the nonstandard spelling
2026-08-29,variants.csv,muscadel / muscatel,variant,the variant column is the nonstandard spelling
2026-08-29,variants.csv,omphalus / omphalos,variant,the variant column is the nonstandard spelling
2026-08-29,variants.csv,parallelopiped / parallelepiped,variant,the variant column is the nonstandard spelling
2026-08-29,variants.csv,verbalisation / verbalization,variant,the variant column is the nonstandard spelling
2026-08-29,variants.csv,victimiser / victimizer,variant,the variant column is the nonstandard spelling
2026-08-29,variants.csv,chitlings / chitterlings,variant,the variant column is the nonstandard spelling
2026-08-29,variants.csv,crampoon / crampon,variant,the variant column is the nonstandard spelling
2026-08-29,variants.csv,protoactinium / protactinium,variant,the variant column is the nonstandard spelling
2026-08-29,variants.csv,shikse / shiksa,variant,the variant column is the nonstandard spelling
2026-08-29,variants.csv,videodisk / videodisc,variant,the variant column is the nonstandard spelling
2026-08-29,variants.csv,celom / coelom,reverse,the canonical column is the nonstandard spelling
2026-08-29,variants.csv,chincapin / chinquapin,variant,the variant column is the nonstandard spelling
2026-08-29,variants.csv,chinkapin / chinquapin,variant,the variant column is the nonstandard spelling
2026-08-29,variants.csv,houdah / howdah,variant,the variant column is the nonstandard spelling
2026-08-29,variants.csv,normaliser / normalizer,variant,the variant column is the nonstandard spelling
2026-08-29,variants.csv,thyrotrophin / thyrotropin,variant,the variant column is the nonstandard spelling
2026-08-29,variants.csv,copeck / kopek,variant,the variant column is the nonstandard spelling
2026-08-29,variants.csv,haemagglutination / hemagglutination,variant,the variant column is the nonstandard spelling
2026-08-29,variants.csv,lutecium / lutetium,variant,the variant column is the nonstandard spelling
2026-08-29,variants.csv,pulverisation / pulverization,variant,the variant column is the nonstandard spelling
2026-08-29,variants.csv,nasalisation / nasalization,variant,the variant column is the nonstandard spelling
2026-08-29,variants.csv,caracul / karakul,variant,the variant column is the nonstandard spelling
2026-08-29,variants.csv,teasle / teasel,variant,the variant column is the nonstandard spelling
2026-08-29,variants.csv,teazel / teasel,variant,the variant column is the nonstandard spelling
2026-08-29,variants.csv,virilisation / virilization,variant,the variant column is the nonstandard spelling
2026-08-29,variants.csv,whidah / whydah,variant,the variant column is the nonstandard spelling
2026-08-29,variants.csv,birretta / biretta,variant,the variant column is the nonstandard spelling
2026-08-29,variants.csv,gemsbuck / gemsbok,variant,the variant column is the nonstandard spelling
2026-08-29,variants.csv,genuflexion / genuflection,variant,the variant column is the nonstandard spelling
2026-08-29,variants.csv,grayback / greyback,variant,the variant column is the nonstandard spelling
2026-08-29,variants.csv,denationalisation / denationalization,variant,the variant column is the nonstandard spelling
2026-08-29,variants.csv,gerfalcon / gyrfalcon,variant,the variant column is the nonstandard spelling
2026-08-29,variants.csv,graylag / greylag,variant,the variant column is the nonstandard spelling
2026-08-29,variants.csv,haemoglobinuria / hemoglobinuria,variant,the variant column is the nonstandard spelling
2026-08-29,variants.csv,demagnetisation / demagnetization,variant,the variant column is the nonstandard spelling
2026-08-29,variants.csv,ladanum / labdanum,variant,the variant column is the nonstandard spelling
2026-08-29,variants.csv,prodroma / prodrome,variant,the variant column is the nonstandard spelling
2026-08-29,variants.csv,remilitarisation / remilitarization,variant,the variant column is the nonstandard spelling
2026-08-29,variants.csv,dakoity / dacoity,variant,the variant column is the nonstandard spelling
2026-08-29,variants.csv,utriculus / utricle,variant,the variant column is the nonstandard spelling
2026-08-29,variants.csv,victualer / victualler,variant,the variant column is the nonstandard spelling
2026-08-29,variants.csv,desynchronisation / desynchronization,variant,the variant column is the nonstandard spelling
2026-08-29,variants.csv,hyperaemia / hyperemia,variant,the variant column is the nonstandard spelling
2026-08-29,variants.csv,myosis / miosis,variant,the variant column is the nonstandard spelling
2026-08-29,variants.csv,ptomain / ptomaine,variant,the variant column is the nonstandard spelling
2026-08-29,variants.csv,ruggelach / rugelach,variant,the variant column is the nonstandard spelling
2026-08-29,variants.csv,abattis / abatis,variant,the variant column is the nonstandard spelling
2026-08-29,variants.csv,anchylosis / ankylosis,variant,the variant column is the nonstandard spelling
2026-08-29,variants.csv,coenobite / cenobite,variant,the variant column is the nonstandard spelling
2026-08-29,variants.csv,gymel / gimel,variant,the variant column is the nonstandard spelling
2026-08-29,variants.csv,lyophilisation / lyophilization,variant,the variant column is the nonstandard spelling
2026-08-29,variants.csv,arytaenoid / arytenoid,variant,the variant column is the nonstandard spelling
2026-08-29,variants.csv,coccidiomycosis / coccidioidomycosis,variant,the variant column is the nonstandard spelling
2026-08-29,variants.csv,foetoprotein / fetoprotein,variant,the variant column is the nonstandard spelling
2026-08-29,variants.csv,grotesquery / grotesquerie,variant,the variant column is the nonstandard spelling
2026-08-29,variants.csv,mastabah / mastaba,variant,the variant column is the nonstandard spelling
2026-08-29,variants.csv,piperin / piperine,variant,the variant column is the nonstandard spelling
2026-08-29,variants.csv,arborvirus / arbovirus,variant,the variant column is the nonstandard spelling
2026-08-29,variants.csv,kanaf / kenaf,variant,the variant column is the nonstandard spelling
2026-08-29,variants.csv,markhoor / markhor,variant,the variant column is the nonstandard spelling
2026-08-29,variants.csv,picaninny / pickaninny,variant,the variant column is the nonstandard spelling
2026-08-29,variants.csv,piccaninny / pickaninny,variant,the variant column is the nonstandard spelling
2026-08-29,variants.csv,schmeer / schmear,variant,the variant column is the nonstandard spelling
2026-08-29,variants.csv,shmear / schmear,variant,the variant column is the nonstandard spelling
2026-08-29,variants.csv,tetrachlorethylene / tetrachloroethylene,reverse,the canonical column is the nonstandard spelling
2026-08-29,variants.csv,assagai / assegai,variant,the variant column is the nonstandard spelling
2026-08-29,variants.csv,galvanisation / galvanization,variant,the variant column is the nonstandard spelling
2026-08-29,variants.csv,academism / academicism,variant,the variant column is the nonstandard spelling
2026-08-29,variants.csv,cylix / kylix,variant,the variant column is the nonstandard spelling
2026-08-29,variants.csv,fictionalisation / fictionalization,variant,the variant column is the nonstandard spelling
2026-08-29,variants.csv,moufflon / mouflon,variant,the variant column is the nonstandard spelling
2026-08-29,variants.csv,palaeopathology / paleopathology,variant,the variant column is the nonstandard spelling
2026-08-29,variants.csv,sequella / sequela,variant,the variant column is the nonstandard spelling
2026-08-29,variants.csv,vitalisation / vitalization,variant,the variant column is the nonstandard spelling
2026-08-29,variants.csv,bacteriacide / bactericide,variant,the variant column is the nonstandard spelling
2026-08-29,variants.csv,larvacide / larvicide,variant,the variant column is the nonstandard spelling
2026-08-29,variants.csv,circularisation / circularization,variant,the variant column is the nonstandard spelling
2026-08-29,variants.csv,currajong / kurrajong,variant,the variant column is the nonstandard spelling
2026-08-29,variants.csv,lutanist / lutenist,variant,the variant column is the nonstandard spelling
2026-08-29,variants.csv,monaul / monal,variant,the variant column is the nonstandard spelling
2026-08-29,variants.csv,piaster / piastre,reverse,the canonical column is the nonstandard spelling
2026-08-29,variants.csv,myxoedema / myxedema,variant,the variant column is the nonstandard spelling
2026-08-29,variants.csv,toxaemia / toxemia,variant,the variant column is the nonstandard spelling
2026-08-29,variants.csv,falderol / folderol,variant,the variant column is the nonstandard spelling
2026-08-29,variants.csv,folderal / folderol,variant,the variant column is the nonstandard spelling
2026-08-29,variants.csv,padouk / padauk,variant,the variant column is the nonstandard spelling
2026-08-29,variants.csv,shlemiel / schlemiel,variant,the variant column is the nonstandard spelling
2026-08-29,variants.csv,tendosynovitis / tenosynovitis,variant,the variant column is the nonstandard spelling
2026-08-29,variants.csv,communisation / communization,variant,the variant column is the nonstandard spelling
2026-08-29,variants.csv,dieresis / diaeresis,reverse,the canonical column is the nonstandard spelling
2026-08-29,variants.csv,glamorisation / glamorization,variant,the variant column is the nonstandard spelling
2026-08-29,variants.csv,glamourisation / glamorization,variant,the variant column is the nonstandard spelling
2026-08-29,variants.csv,glamourization / glamorization,variant,the variant column is the nonstandard spelling
2026-08-29,variants.csv,parasitaemia / parasitemia,variant,the variant column is the nonstandard spelling
2026-08-29,variants.csv,toponomy / toponymy,variant,the variant column is the nonstandard spelling
2026-08-29,variants.csv,corslet / corselet,variant,the variant column is the nonstandard spelling
2026-08-29,variants.csv,simoon / simoom,variant,the variant column is the nonstandard spelling
2026-08-29,variants.csv,tamandu / tamandua,variant,the variant column is the nonstandard spelling
2026-08-29,variants.csv,estivation / aestivation,reverse,the canonical column is the nonstandard spelling
2026-08-29,variants.csv,haemosiderin / hemosiderin,variant,the variant column is the nonstandard spelling
2026-08-29,variants.csv,lachrymation / lacrimation,variant,the variant column is the nonstandard spelling
2026-08-29,variants.csv,mizenmast / mizzenmast,variant,the variant column is the nonstandard spelling
2026-08-29,variants.csv,piroshki / pirozhki,variant,the variant column is the nonstandard spelling
2026-08-29,variants.csv,bumph / bumf,variant,the variant column is the nonstandard spelling
2026-08-29,variants.csv,dislodgment / dislodgement,variant,the variant column is the nonstandard spelling
2026-08-29,variants.csv,eurhythmy / eurythmy,variant,the variant column is the nonstandard spelling
2026-08-29,variants.csv,hoactzin / hoatzin,variant,the variant column is the nonstandard spelling
2026-08-29,variants.csv,kerugma / kerygma,variant,the variant column is the nonstandard spelling
2026-08-29,variants.csv,thoracocentesis / thoracentesis,variant,the variant column is the nonstandard spelling
2026-08-29,variants.csv,dideoxyinosine / didanosine,variant,the variant column is the nonstandard spelling
2026-08-29,variants.csv,keratinisation / keratinization,variant,the variant column is the nonstandard spelling
2026-08-29,variants.csv,bathyscape / bathyscaphe,variant,the variant column is the nonstandard spelling
2026-08-29,variants.csv,bathyscaph / bathyscaphe,variant,the variant column is the nonstandard spelling
2026-08-29,variants.csv,signalisation / signalization,variant,the variant column is the nonstandard spelling
2026-08-29,variants.csv,tacheometer / tachymeter,variant,the variant column is the nonstandard spelling
2026-08-29,variants.csv,chachka / tchotchke,variant,the variant column is the nonstandard spelling
2026-08-29,variants.csv,dourah / durra,variant,the variant column is the nonstandard spelling
2026-08-29,variants.csv,enjambement / enjambment,variant,the variant column is the nonstandard spelling
2026-08-29,variants.csv,haematemesis / hematemesis,variant,the variant column is the nonstandard spelling
2026-08-29,variants.csv,harbourage / harborage,variant,the variant column is the nonstandard spelling
2026-08-29,variants.csv,tsatske / tchotchke,variant,the variant column is the nonstandard spelling
2026-08-29,variants.csv,tshatshke / tchotchke,variant,the variant column is the nonstandard spelling
2026-08-29,variants.csv,haemolysin / hemolysin,variant,the variant column is the nonstandard spelling
2026-08-29,variants.csv,pipul / peepul,variant,the variant column is the nonstandard spelling
2026-08-29,variants.csv,thingmabob / thingamabob,variant,the variant column is the nonstandard spelling
2026-08-29,variants.csv,thingumabob / thingamabob,variant,the variant column is the nonstandard spelling
2026-08-29,variants.csv,schrod / scrod,variant,the variant column is the nonstandard spelling
2026-08-29,variants.csv,tympanist / timpanist,variant,the variant column is the nonstandard spelling
2026-08-29,variants.csv,wikiup / wickiup,variant,the variant column is the nonstandard spelling
2026-08-29,variants.csv,orache / orach,variant,the variant column is the nonstandard spelling
2026-08-29,variants.csv,secreter / secretor,variant,the variant column is the nonstandard spelling
2026-08-29,variants.csv,whizzbang / whizbang,variant,the variant column is the nonstandard spelling
2026-08-29,variants.csv,alphabetisation / alphabetization,variant,the variant column is the nonstandard spelling
2026-08-29,variants.csv,blintze / blintz,variant,the variant column is the nonstandard spelling
2026-08-29,variants.csv,czaritza / tsaritsa,variant,the variant column is the nonstandard spelling
2026-08-29,variants.csv,enophile / oenophile,reverse,the canonical column is the nonstandard spelling
2026-08-29,variants.csv,hoosgow / hoosegow,variant,the variant column is the nonstandard spelling
2026-08-29,variants.csv,leukotomy / leucotomy,variant,the variant column is the nonstandard spelling
2026-08-29,variants.csv,moustachio / mustachio,variant,the variant column is the nonstandard spelling
2026-08-29,variants.csv,pavise / pavis,variant,the variant column is the nonstandard spelling
2026-08-29,variants.csv,poleax / poleaxe,variant,the variant column is the nonstandard spelling
2026-08-29,variants.csv,sanfoin / sainfoin,variant,the variant column is the nonstandard spelling
2026-08-29,variants.csv,sillabub / syllabub,variant,the variant column is the nonstandard spelling
2026-08-29,variants.csv,arbalist / arbalest,variant,the variant column is the nonstandard spelling
2026-08-29,variants.csv,celebrater / celebrator,variant,the variant column is the nonstandard spelling
2026-08-29,variants.csv,overutilisation / overutilization,variant,the variant column is the nonstandard spelling
2026-08-29,variants.csv,anhydrosis / anhidrosis,variant,the variant column is the nonstandard spelling
2026-08-29,variants.csv,cither / cittern,variant,the variant column is the nonstandard spelling
2026-08-29,variants.csv,cithern / cittern,variant,the variant column is the nonstandard spelling
2026-08-29,variants.csv,dogy / dogie,variant,the variant column is the nonstandard spelling
2026-08-29,variants.csv,polliwog / pollywog,variant,the variant column is the nonstandard spelling
2026-08-29,variants.csv,spelaeology / speleology,variant,the variant column is the nonstandard spelling
2026-08-29,variants.csv,chivaree / shivaree,variant,the variant column is the nonstandard spelling
2026-08-29,variants.csv,xanthophyl / xanthophyll,variant,the variant column is the nonstandard spelling
2026-08-29,variants.csv,bister / bistre,reverse,the canonical column is the nonstandard spelling
2026-08-29,variants.csv,enologist / oenologist,reverse,the canonical column is the nonstandard spelling
2026-08-29,variants.csv,lammergeyer / lammergeier,variant,the variant column is the nonstandard spelling
2026-08-29,variants.csv,particularisation / particularization,variant,the variant column is the nonstandard spelling
2026-08-29,variants.csv,shote / shoat,variant,the variant column is the nonstandard spelling
2026-08-29,variants.csv,azotaemia / azotemia,variant,the variant column is the nonstandard spelling
2026-08-29,variants.csv,lavalliere / lavaliere,variant,the variant column is the nonstandard spelling
2026-08-29,variants.csv,neuropile / neuropil,variant,the variant column is the nonstandard spelling
2026-08-29,variants.csv,peripetia / peripeteia,variant,the variant column is the nonstandard spelling
2026-08-29,variants.csv,peripety / peripeteia,variant,the variant column is the nonstandard spelling
2026-08-29,variants.csv,podsol / podzol,variant,the variant column is the nonstandard spelling
2026-08-29,variants.csv,alidad / alidade,variant,the variant column is the nonstandard spelling
2026-08-29,variants.csv,noreaster / northeaster,variant,the variant column is the nonstandard spelling
2026-08-29,variants.csv,rigourousness / rigorousness,variant,the variant column is the nonstandard spelling
2026-08-29,variants.csv,moulter / molter,variant,the variant column is the nonstandard spelling
2026-08-29,variants.csv,somatotrophin / somatotropin,variant,the variant column is the nonstandard spelling
2026-08-29,variants.csv,vacuolisation / vacuolization,variant,the variant column is the nonstandard spelling
2026-08-29,variants.csv,vulgarisation / vulgarization,variant,the variant column is the nonstandard spelling
2026-08-29,variants.csv,alcahest / alkahest,variant,the variant column is the nonstandard spelling
2026-08-29,variants.csv,dueller / dueler,variant,the variant column is the nonstandard spelling
2026-08-29,variants.csv,postillion / postilion,variant,the variant column is the nonstandard spelling
2026-08-29,variants.csv,schematisation / schematization,variant,the variant column is the nonstandard spelling
2026-08-29,variants.csv,babiroussa / babirusa,variant,the variant column is the nonstandard spelling
2026-08-29,variants.csv,pauperisation / pauperization,variant,the variant column is the nonstandard spelling
2026-08-29,variants.csv,sombreness / somberness,variant,the variant column is the nonstandard spelling
2026-08-29,variants.csv,thralldom / thraldom,variant,the variant column is the nonstandard spelling
2026-08-29,variants.csv,aigret / aigrette,variant,the variant column is the nonstandard spelling
2026-08-29,variants.csv,cicatrice / cicatrix,variant,the variant column is the nonstandard spelling
2026-08-29,variants.csv,crepuscle / crepuscule,variant,the variant column is the nonstandard spelling
2026-08-29,variants.csv,shnook / schnook,variant,the variant column is the nonstandard spelling
2026-08-29,variants.csv,encyclopaedist / encyclopedist,variant,the variant column is the nonstandard spelling
2026-08-29,variants.csv,haemorrhoidectomy / hemorrhoidectomy,variant,the variant column is the nonstandard spelling
2026-08-29,variants.csv,abamp / abampere,variant,the variant column is the nonstandard spelling
2026-08-29,variants.csv,aboulia / abulia,variant,the variant column is the nonstandard spelling
2026-08-29,variants.csv,absolutisation / absolutization,variant,the variant column is the nonstandard spelling
2026-08-29,variants.csv,abstractor / abstracter,variant,the variant column is the nonstandard spelling
2026-08-29,variants.csv,acariosis / acariasis,variant,the variant column is the nonstandard spelling
2026-08-29,variants.csv,acetanilid / acetanilide,variant,the variant column is the nonstandard spelling
2026-08-29,variants.csv,acroanesthesia / acroanaesthesia,reverse,the canonical column is the nonstandard spelling
2026-08-29,variants.csv,acromikria / acromicria,variant,the variant column is the nonstandard spelling
2026-08-29,variants.csv,adactylia / adactyly,variant,the variant column is the nonstandard spelling
2026-08-29,variants.csv,aerogramme / aerogram,variant,the variant column is the nonstandard spelling
2026-08-29,variants.csv,aesthesis / esthesis,variant,the variant column is the nonstandard spelling
2026-08-29,variants.csv,aiguillette / aiglet,unrelated,not a spelling pair
2026-08-29,variants.csv,alcapton / alkapton,variant,the variant column is the nonstandard spelling
2026-08-29,variants.csv,alcaptonuria / alkaptonuria,variant,the variant column is the nonstandard spelling
2026-08-29,variants.csv,alfileria / alfilaria,variant,the variant column is the nonstandard spelling
2026-08-29,variants.csv,allegoriser / allegorizer,variant,the variant column is the nonstandard spelling
2026-08-29,variants.csv,alphabetiser / alphabetizer,variant,the variant column is the nonstandard spelling
2026-08-29,variants.csv,amyotrophia / amyotrophy,variant,the variant column is the nonstandard spelling
2026-08-29,variants.csv,anapaest / anapest,variant,the variant column is the nonstandard spelling
2026-08-29,variants.csv,anathematisation / anathematization,variant,the variant column is the nonstandard spelling
2026-08-29,variants.csv,animalisation / animalization,variant,the variant column is the nonstandard spelling
2026-08-29,variants.csv,anoestrus / anestrus,variant,the variant column is the nonstandard spelling
2026-08-29,variants.csv,apophthegm / apothegm,variant,the variant column is the nonstandard spelling
2026-08-29,variants.csv,arbitrement / arbitrament,variant,the variant column is the nonstandard spelling
2026-08-29,variants.csv,ateleiosis / ateliosis,variant,the variant column is the nonstandard spelling
2026-08-29,variants.csv,audad / aoudad,variant,the variant column is the nonstandard spelling
2026-08-29,variants.csv,authoriser / authorizer,variant,the variant column is the nonstandard spelling
2026-08-29,variants.csv,autocoid / autacoid,variant,the variant column is the nonstandard spelling
2026-08-29,variants.csv,azederach / azedarach,variant,the variant column is the nonstandard spelling
2026-08-29,variants.csv,babirussa / babiroussa,variant,the variant column is the nonstandard spelling
2026-08-29,variants.csv,bandlet / bandelet,variant,the variant column is the nonstandard spelling
2026-08-29,variants.csv,barbarization / barbarisation,reverse,the canonical column is the nonstandard spelling
2026-08-29,variants.csv,barrater / barrator,variant,the variant column is the nonstandard spelling
2026-08-29,variants.csv,basonym / basionym,variant,the variant column is the nonstandard spelling
2026-08-29,variants.csv,bastnasite / bastnaesite,variant,the variant column is the nonstandard spelling
2026-08-29,variants.csv,bathymeter / bathometer,variant,the variant column is the nonstandard spelling
2026-08-29,variants.csv,bedesman / beadsman,variant,the variant column is the nonstandard spelling
2026-08-29,variants.csv,bedeswoman / beadswoman,variant,the variant column is the nonstandard spelling
2026-08-29,variants.csv,bezzant / bezant,variant,the variant column is the nonstandard spelling
2026-08-29,variants.csv,blastocele / blastocoele,reverse,the canonical column is the nonstandard spelling
2026-08-29,variants.csv,blastocoele / blastocoel,variant,the variant column is the nonstandard spelling
2026-08-29,variants.csv,bonyness / boniness,variant,the variant column is the nonstandard spelling
2026-08-29,variants.csv,bowdleriser / bowdlerizer,variant,the variant column is the nonstandard spelling
2026-08-29,variants.csv,brachycephalism / brachycephaly,variant,the variant column is the nonstandard spelling
2026-08-29,variants.csv,broadax / broadaxe,variant,the variant column is the nonstandard spelling
2026-08-29,variants.csv,burnous / burnoose,variant,the variant column is the nonstandard spelling
2026-08-29,variants.csv,burnouse / burnoose,variant,the variant column is the nonstandard spelling
2026-08-29,variants.csv,byzant / bezant,variant,the variant column is the nonstandard spelling
2026-08-29,variants.csv,cainogenesis / caenogenesis,variant,the variant column is the nonstandard spelling
2026-08-29,variants.csv,caliculus / calyculus,variant,the variant column is the nonstandard spelling
2026-08-29,variants.csv,callathump / callithump,variant,the variant column is the nonstandard spelling
2026-08-29,variants.csv,calorizator / calorisator,variant,the variant column is the nonstandard spelling
2026-08-29,variants.csv,calpac / calpack,variant,the variant column is the nonstandard spelling
2026-08-29,variants.csv,carabinier / carabineer,variant,the variant column is the nonstandard spelling
2026-08-29,variants.csv,carageen / carrageen,variant,the variant column is the nonstandard spelling
2026-08-29,variants.csv,carragheen / carrageen,variant,the variant column is the nonstandard spelling
2026-08-29,variants.csv,caviller / caviler,variant,the variant column is the nonstandard spelling
2026-08-29,variants.csv,cenogenesis / caenogenesis,reverse,the canonical column is the nonstandard spelling
2026-08-29,variants.csv,centiliter / centilitre,reverse,the canonical column is the nonstandard spelling
2026-08-29,variants.csv,cephalhematoma / cephalohematoma,variant,the variant column is the nonstandard spelling
2026-08-29,variants.csv,chabasite / chabazite,variant,the variant column is the nonstandard spelling
2026-08-29,variants.csv,chanfron / chamfron,variant,the variant column is the nonstandard spelling
2026-08-29,variants.csv,chaulmugra / chaulmoogra,variant,the variant column is the nonstandard spelling
2026-08-29,variants.csv,cheewink / chewink,variant,the variant column is the nonstandard spelling
2026-08-29,variants.csv,chigetai / dziggetai,variant,the variant column is the nonstandard spelling
2026-08-29,variants.csv,chiseller / chiseler,variant,the variant column is the nonstandard spelling
2026-08-29,variants.csv,chromaesthesia / chromesthesia,variant,the variant column is the nonstandard spelling
2026-08-29,variants.csv,cirripede / cirriped,variant,the variant column is the nonstandard spelling
2026-08-29,variants.csv,clayiness / clayeyness,variant,the variant column is the nonstandard spelling
2026-08-29,variants.csv,cockleburr / cocklebur,variant,the variant column is the nonstandard spelling
2026-08-29,variants.csv,cocoswood / cocuswood,variant,the variant column is the nonstandard spelling
2026-08-29,variants.csv,coigne / coign,variant,the variant column is the nonstandard spelling
2026-08-29,variants.csv,colorlessness / colourlessness,reverse,the canonical column is the nonstandard spelling
2026-08-29,variants.csv,colourcast / colorcast,variant,the variant column is the nonstandard spelling
2026-08-29,variants.csv,conventionalisation / conventionalization,variant,the variant column is the nonstandard spelling
2026-08-29,variants.csv,councilorship / councillorship,variant,the variant column is the nonstandard spelling
2026-08-29,variants.csv,counsellorship / counselorship,variant,the variant column is the nonstandard spelling
2026-08-29,variants.csv,covalency / covalence,variant,the variant column is the nonstandard spelling
2026-08-29,variants.csv,crenelation / crenellation,variant,the variant column is the nonstandard spelling
2026-08-29,variants.csv,crenelle / crenel,variant,the variant column is the nonstandard spelling
2026-08-29,variants.csv,crotal / crottle,unrelated,not a spelling pair
2026-08-29,variants.csv,cryoanaesthesia / cryoanesthesia,variant,the variant column is the nonstandard spelling
2026-08-29,variants.csv,decaliter / decalitre,reverse,the canonical column is the nonstandard spelling
2026-08-29,variants.csv,decameter / decametre,reverse,the canonical column is the nonstandard spelling
2026-08-29,variants.csv,dekagram / decagram,variant,the variant column is the nonstandard spelling
2026-08-29,variants.csv,dekaliter / decalitre,variant,the variant column is the nonstandard spelling
2026-08-29,variants.csv,dekalitre / decalitre,variant,the variant column is the nonstandard spelling
2026-08-29,variants.csv,dekameter / decametre,variant,the variant column is the nonstandard spelling
2026-08-29,variants.csv,dekametre / decametre,variant,the variant column is the nonstandard spelling
2026-08-29,variants.csv,demythologisation / demythologization,variant,the variant column is the nonstandard spelling
2026-08-29,variants.csv,detribalisation / detribalization,variant,the variant column is the nonstandard spelling
2026-08-29,variants.csv,devitalisation / devitalization,variant,the variant column is the nonstandard spelling
2026-08-29,variants.csv,dichotomisation / dichotomization,variant,the variant column is the nonstandard spelling
2026-08-29,variants.csv,dichromasy / dichromacy,variant,the variant column is the nonstandard spelling
2026-08-29,variants.csv,dicumarol / dicoumarol,variant,the variant column is the nonstandard spelling
2026-08-29,variants.csv,dissyllable / disyllable,variant,the variant column is the nonstandard spelling
2026-08-29,variants.csv,dkg / dekagram,unrelated,not a spelling pair
2026-08-29,variants.csv,draughtswoman / draftswoman,variant,the variant column is the nonstandard spelling
2026-08-29,variants.csv,drosky / droshky,variant,the variant column is the nonstandard spelling
2026-08-29,variants.csv,enanthema / enanthem,variant,the variant column is the nonstandard spelling
2026-08-29,variants.csv,encyclopaedism / encyclopedism,variant,the variant column is the nonstandard spelling
2026-08-29,variants.csv,entoparasite / endoparasite,variant,the variant column is the nonstandard spelling
2026-08-29,variants.csv,epigon / epigone,variant,the variant column is the nonstandard spelling
2026-08-29,variants.csv,eringo / eryngo,variant,the variant column is the nonstandard spelling
2026-08-29,variants.csv,essonite / hessonite,variant,the variant column is the nonstandard spelling
2026-08-29,variants.csv,esthesia / aesthesia,reverse,the canonical column is the nonstandard spelling
2026-08-29,variants.csv,etamin / etamine,variant,the variant column is the nonstandard spelling
2026-08-29,variants.csv,eudemon / eudaemon,reverse,the canonical column is the nonstandard spelling
2026-08-29,variants.csv,euglenoid / euglenid,variant,the variant column is the nonstandard spelling
2026-08-29,variants.csv,eupnoea / eupnea,variant,the variant column is the nonstandard spelling
2026-08-29,variants.csv,exanthema / exanthem,variant,the variant column is the nonstandard spelling
2026-08-29,variants.csv,extemporisation / extemporization,variant,the variant column is the nonstandard spelling
2026-08-29,variants.csv,fasciolosis / fascioliasis,variant,the variant column is the nonstandard spelling
2026-08-29,variants.csv,fatism / fattism,variant,the variant column is the nonstandard spelling
2026-08-29,variants.csv,favorableness / favourableness,reverse,the canonical column is the nonstandard spelling
2026-08-29,variants.csv,femtometer / femtometre,reverse,the canonical column is the nonstandard spelling
2026-08-29,variants.csv,fizgig / fishgig,unrelated,not a spelling pair
2026-08-29,variants.csv,flavourer / flavorer,variant,the variant column is the nonstandard spelling
2026-08-29,variants.csv,flavourlessness / flavorlessness,variant,the variant column is the nonstandard spelling
2026-08-29,variants.csv,flavoursomeness / flavorsomeness,variant,the variant column is the nonstandard spelling
2026-08-29,variants.csv,flindosa / flindosy,variant,the variant column is the nonstandard spelling
2026-08-29,variants.csv,focalisation / focalization,variant,the variant column is the nonstandard spelling
2026-08-29,variants.csv,foetology / fetology,variant,the variant column is the nonstandard spelling
2026-08-29,variants.csv,foetometry / fetometry,variant,the variant column is the nonstandard spelling
2026-08-29,variants.csv,foetoscope / fetoscope,variant,the variant column is the nonstandard spelling
2026-08-29,variants.csv,foetoscopy / fetoscopy,variant,the variant column is the nonstandard spelling
2026-08-29,variants.csv,foulmart / foumart,variant,the variant column is the nonstandard spelling
2026-08-29,variants.csv,framboesia / frambesia,variant,the variant column is the nonstandard spelling
2026-08-29,variants.csv,frijole / frijol,variant,the variant column is the nonstandard spelling
2026-08-29,variants.csv,galvaniser / galvanizer,variant,the variant column is the nonstandard spelling
2026-08-29,variants.csv,ganof / ganef,variant,the variant column is the nonstandard spelling
2026-08-29,variants.csv,ganoin / ganoine,variant,the variant column is the nonstandard spelling
2026-08-29,variants.csv,garrotter / garroter,variant,the variant column is the nonstandard spelling
2026-08-29,variants.csv,girandola / girandole,variant,the variant column is the nonstandard spelling
2026-08-29,variants.csv,gluiness / glueyness,variant,the variant column is the nonstandard spelling
2026-08-29,variants.csv,golosh / galosh,variant,the variant column is the nonstandard spelling
2026-08-29,variants.csv,gonif / ganef,variant,the variant column is the nonstandard spelling
2026-08-29,variants.csv,goniff / ganef,variant,the variant column is the nonstandard spelling
2026-08-29,variants.csv,gospeller / gospeler,variant,the variant column is the nonstandard spelling
2026-08-29,variants.csv,groveller / groveler,variant,the variant column is the nonstandard spelling
2026-08-29,variants.csv,gyrostabiliser / gyrostabilizer,variant,the variant column is the nonstandard spelling
2026-08-29,variants.csv,haematin / hematin,variant,the variant column is the nonstandard spelling
2026-08-29,variants.csv,haematinic / hematinic,variant,the variant column is the nonstandard spelling
2026-08-29,variants.csv,haematocele / hematocele,variant,the variant column is the nonstandard spelling
2026-08-29,variants.csv,haematochezia / hematochezia,variant,the variant column is the nonstandard spelling
2026-08-29,variants.csv,haematocolpos / hematocolpos,variant,the variant column is the nonstandard spelling
2026-08-29,variants.csv,haematoidin / hematoidin,variant,the variant column is the nonstandard spelling
2026-08-29,variants.csv,haemoprotein / hemoprotein,variant,the variant column is the nonstandard spelling
2026-08-29,variants.csv,haemosiderosis / hemosiderosis,variant,the variant column is the nonstandard spelling
2026-08-29,variants.csv,haemostasia / hemostasia,variant,the variant column is the nonstandard spelling
2026-08-29,variants.csv,hectometer / hectometre,reverse,the canonical column is the nonstandard spelling
2026-08-29,variants.csv,hemipteron / hemipteran,variant,the variant column is the nonstandard spelling
2026-08-29,variants.csv,hesitator / hesitater,variant,the variant column is the nonstandard spelling
2026-08-29,variants.csv,hierarchisation / hierarchization,variant,the variant column is the nonstandard spelling
2026-08-29,variants.csv,holloware / hollowware,variant,the variant column is the nonstandard spelling
2026-08-29,variants.csv,homoiotherm / homeotherm,variant,the variant column is the nonstandard spelling
2026-08-29,variants.csv,homotherm / homeotherm,variant,the variant column is the nonstandard spelling
2026-08-29,variants.csv,honourableness / honorableness,variant,the variant column is the nonstandard spelling
2026-08-29,variants.csv,hoodmold / hoodmould,reverse,the canonical column is the nonstandard spelling
2026-08-29,variants.csv,hyalinisation / hyalinization,variant,the variant column is the nonstandard spelling
2026-08-29,variants.csv,hypercalciuria / hypercalcinuria,variant,the variant column is the nonstandard spelling
2026-08-29,variants.csv,hyperlipaemia / hyperlipemia,variant,the variant column is the nonstandard spelling
2026-08-29,variants.csv,hyperlipoidaemia / hyperlipoidemia,variant,the variant column is the nonstandard spelling
2026-08-29,variants.csv,hypermetropy / hypermetropia,variant,the variant column is the nonstandard spelling
2026-08-29,variants.csv,hypervolaemia / hypervolemia,variant,the variant column is the nonstandard spelling
2026-08-29,variants.csv,hypesthesia / hypoesthesia,reverse,the canonical column is the nonstandard spelling
2026-08-29,variants.csv,hypnotiser / hypnotizer,variant,the variant column is the nonstandard spelling
2026-08-29,variants.csv,hypostatisation / hypostatization,variant,the variant column is the nonstandard spelling
2026-08-29,variants.csv,idoliser / idolizer,variant,the variant column is the nonstandard spelling
2026-08-29,variants.csv,impendence / impendency,variant,the variant column is the nonstandard spelling
2026-08-29,variants.csv,impenitency / impenitence,variant,the variant column is the nonstandard spelling
2026-08-29,variants.csv,jaguarondi / jaguarundi,variant,the variant column is the nonstandard spelling
2026-08-29,variants.csv,kabbalism / cabalism,variant,the variant column is the nonstandard spelling
2026-08-29,variants.csv,kainogenesis / caenogenesis,variant,the variant column is the nonstandard spelling
2026-08-29,variants.csv,kaluresis / kaliuresis,variant,the variant column is the nonstandard spelling
2026-08-29,variants.csv,kenogenesis / caenogenesis,variant,the variant column is the nonstandard spelling
2026-08-29,variants.csv,kinaesthesia / kinesthesia,variant,the variant column is the nonstandard spelling
2026-08-29,variants.csv,kinaesthesis / kinesthesis,variant,the variant column is the nonstandard spelling
2026-08-29,variants.csv,kitambilla / ketembilla,variant,the variant column is the nonstandard spelling
2026-08-29,variants.csv,knobkerrie / knobkerry,variant,the variant column is the nonstandard spelling
2026-08-29,variants.csv,knockwurst / knackwurst,variant,the variant column is the nonstandard spelling
2026-08-29,variants.csv,laconicism / laconism,variant,the variant column is the nonstandard spelling
2026-08-29,variants.csv,lacrimator / lachrymator,variant,the variant column is the nonstandard spelling
2026-08-29,variants.csv,laevulose / levulose,variant,the variant column is the nonstandard spelling
2026-08-29,variants.csv,lansat / langsat,variant,the variant column is the nonstandard spelling
2026-08-29,variants.csv,lanseh / langsat,variant,the variant column is the nonstandard spelling
2026-08-29,variants.csv,leucorrhea / leukorrhea,variant,the variant column is the nonstandard spelling
2026-08-29,variants.csv,leukoma / leucoma,variant,the variant column is the nonstandard spelling
2026-08-29,variants.csv,lexicalisation / lexicalization,variant,the variant column is the nonstandard spelling
2026-08-29,variants.csv,lipaemia / lipemia,variant,the variant column is the nonstandard spelling
2026-08-29,variants.csv,lipidaemia / lipidemia,variant,the variant column is the nonstandard spelling
2026-08-29,variants.csv,liquidiser / liquidizer,variant,the variant column is the nonstandard spelling
2026-08-29,variants.csv,logginess / loginess,variant,the variant column is the nonstandard spelling
2026-08-29,variants.csv,lymphangiectasis / lymphangiectasia,variant,the variant column is the nonstandard spelling
2026-08-29,variants.csv,lysogenisation / lysogenization,variant,the variant column is the nonstandard spelling
2026-08-29,variants.csv,magilp / megilp,variant,the variant column is the nonstandard spelling
2026-08-29,variants.csv,mahlstick / maulstick,variant,the variant column is the nonstandard spelling
2026-08-29,variants.csv,malodour / malodor,variant,the variant column is the nonstandard spelling
2026-08-29,variants.csv,manoeuvrer / maneuverer,variant,the variant column is the nonstandard spelling
2026-08-29,variants.csv,memoriser / memorizer,variant,the variant column is the nonstandard spelling
2026-08-29,variants.csv,meshugaas / mishegoss,variant,the variant column is the nonstandard spelling
2026-08-29,variants.csv,meshuggeneh / meshuggener,variant,the variant column is the nonstandard spelling
2026-08-29,variants.csv,metacenter / metacentre,reverse,the canonical column is the nonstandard spelling
2026-08-29,variants.csv,metronymic / matronymic,variant,the variant column is the nonstandard spelling
2026-08-29,variants.csv,micromillimeter / micromillimetre,reverse,the canonical column is the nonstandard spelling
2026-08-29,variants.csv,mileometer / milometer,variant,the variant column is the nonstandard spelling
2026-08-29,variants.csv,mishegaas / mishegoss,variant,the variant column is the nonstandard spelling
2026-08-29,variants.csv,mishpachah / mishpocha,variant,the variant column is the nonstandard spelling
2026-08-29,variants.csv,mitrewort / miterwort,variant,the variant column is the nonstandard spelling
2026-08-29,variants.csv,moneron / moneran,variant,the variant column is the nonstandard spelling
2026-08-29,variants.csv,monochromasy / monochromacy,variant,the variant column is the nonstandard spelling
2026-08-29,variants.csv,monopoliser / monopolizer,variant,the variant column is the nonstandard spelling
2026-08-29,variants.csv,moujik / mujik,variant,the variant column is the nonstandard spelling
2026-08-29,variants.csv,munj / munja,variant,the variant column is the nonstandard spelling
2026-08-29,variants.csv,muzjik / mujik,variant,the variant column is the nonstandard spelling
2026-08-29,variants.csv,myelinisation / myelinization,variant,the variant column is the nonstandard spelling
2026-08-29,variants.csv,myotic / miotic,variant,the variant column is the nonstandard spelling
2026-08-29,variants.csv,myriameter / myriametre,reverse,the canonical column is the nonstandard spelling
2026-08-29,variants.csv,mythologisation / mythologization,variant,the variant column is the nonstandard spelling
2026-08-29,variants.csv,nargileh / narghile,variant,the variant column is the nonstandard spelling
2026-08-29,variants.csv,nudnick / nudnik,variant,the variant column is the nonstandard spelling
2026-08-29,variants.csv,obstructor / obstructer,variant,the variant column is the nonstandard spelling
2026-08-29,variants.csv,oesophagoscope / esophagoscope,variant,the variant column is the nonstandard spelling
2026-08-29,variants.csv,opsonisation / opsonization,variant,the variant column is the nonstandard spelling
2026-08-29,variants.csv,oreide / oroide,variant,the variant column is the nonstandard spelling
2026-08-29,variants.csv,orpin / orpine,variant,the variant column is the nonstandard spelling
2026-08-29,variants.csv,orthopteron / orthopteran,variant,the variant column is the nonstandard spelling
2026-08-29,variants.csv,overcapitalisation / overcapitalization,variant,the variant column is the nonstandard spelling
2026-08-29,variants.csv,ozokerite / ozocerite,variant,the variant column is the nonstandard spelling
2026-08-29,variants.csv,paddymelon / pademelon,unrelated,not a spelling pair
2026-08-29,variants.csv,pademelon / paddymelon,unrelated,not a spelling pair
2026-08-29,variants.csv,palaeogeology / paleogeology,variant,the variant column is the nonstandard spelling
2026-08-29,variants.csv,palaeology / paleology,variant,the variant column is the nonstandard spelling
2026-08-29,variants.csv,palaeozoology / paleozoology,variant,the variant column is the nonstandard spelling
2026-08-29,variants.csv,paleencephalon / paleoencephalon,reverse,the canonical column is the nonstandard spelling
2026-08-29,variants.csv,panetela / panatela,variant,the variant column is the nonstandard spelling
2026-08-29,variants.csv,paraleipsis / paralipsis,variant,the variant column is the nonstandard spelling
2026-08-29,variants.csv,paralepsis / paraleipsis,variant,the variant column is the nonstandard spelling
2026-08-29,variants.csv,parchesi / pachisi,variant,the variant column is the nonstandard spelling
2026-08-29,variants.csv,parchisi / pachisi,variant,the variant column is the nonstandard spelling
2026-08-29,variants.csv,pasteuriser / pasteurizer,variant,the variant column is the nonstandard spelling
2026-08-29,variants.csv,paviour / pavior,variant,the variant column is the nonstandard spelling
2026-08-29,variants.csv,pedaler / pedaller,reverse,the canonical column is the nonstandard spelling
2026-08-29,variants.csv,pennoncelle / pennoncel,variant,the variant column is the nonstandard spelling
2026-08-29,variants.csv,penoche / penuche,variant,the variant column is the nonstandard spelling
2026-08-29,variants.csv,penoncel / pennoncel,variant,the variant column is the nonstandard spelling
2026-08-29,variants.csv,peptisation / peptization,variant,the variant column is the nonstandard spelling
2026-08-29,variants.csv,perigon / perigone,unrelated,not a spelling pair
2026-08-29,variants.csv,pewit / peewit,variant,the variant column is the nonstandard spelling
2026-08-29,variants.csv,philosophiser / philosophizer,variant,the variant column is the nonstandard spelling
2026-08-29,variants.csv,pichiciago / pichiciego,variant,the variant column is the nonstandard spelling
2026-08-29,variants.csv,picknicker / picnicker,variant,the variant column is the nonstandard spelling
2026-08-29,variants.csv,picometer / picometre,reverse,the canonical column is the nonstandard spelling
2026-08-29,variants.csv,plagiarisation / plagiarization,variant,the variant column is the nonstandard spelling
2026-08-29,variants.csv,plagiariser / plagiarizer,variant,the variant column is the nonstandard spelling
2026-08-29,variants.csv,plessimeter / pleximeter,variant,the variant column is the nonstandard spelling
2026-08-29,variants.csv,ploughwoman / plowwoman,variant,the variant column is the nonstandard spelling
2026-08-29,variants.csv,ploughwright / plowwright,variant,the variant column is the nonstandard spelling
2026-08-29,variants.csv,plowland / ploughland,variant,the variant column is the nonstandard spelling
2026-08-29,variants.csv,poetiser / poetizer,variant,the variant column is the nonstandard spelling
2026-08-29,variants.csv,predaceousness / predaciousness,variant,the variant column is the nonstandard spelling
2026-08-29,variants.csv,proboscidian / proboscidean,variant,the variant column is the nonstandard spelling
2026-08-29,variants.csv,prothalamium / prothalamion,variant,the variant column is the nonstandard spelling
2026-08-29,variants.csv,punkey / punkie,variant,the variant column is the nonstandard spelling
2026-08-29,variants.csv,pussly / pussley,variant,the variant column is the nonstandard spelling
2026-08-29,variants.csv,pycnosis / pyknosis,variant,the variant column is the nonstandard spelling
2026-08-29,variants.csv,pyemia / pyaemia,reverse,the canonical column is the nonstandard spelling
2026-08-29,variants.csv,pyroxyline / pyroxylin,variant,the variant column is the nonstandard spelling
2026-08-29,variants.csv,quandang / quandong,variant,the variant column is the nonstandard spelling
2026-08-29,variants.csv,quantong / quandong,variant,the variant column is the nonstandard spelling
2026-08-29,variants.csv,quarreller / quarreler,variant,the variant column is the nonstandard spelling
2026-08-29,variants.csv,quatercentennial / quatercentenary,variant,the variant column is the nonstandard spelling
2026-08-29,variants.csv,raetam / retem,variant,the variant column is the nonstandard spelling
2026-08-29,variants.csv,ratafee / ratafia,variant,the variant column is the nonstandard spelling
2026-08-29,variants.csv,rateability / ratability,variant,the variant column is the nonstandard spelling
2026-08-29,variants.csv,ratlin / ratline,variant,the variant column is the nonstandard spelling
2026-08-29,variants.csv,rebato / rabato,variant,the variant column is the nonstandard spelling
2026-08-29,variants.csv,relativisation / relativization,variant,the variant column is the nonstandard spelling
2026-08-29,variants.csv,rhodomontade / rodomontade,variant,the variant column is the nonstandard spelling
2026-08-29,variants.csv,ricrac / rickrack,variant,the variant column is the nonstandard spelling
2026-08-29,variants.csv,ridgil / ridgel,variant,the variant column is the nonstandard spelling
2026-08-29,variants.csv,rijstafel / rijsttafel,variant,the variant column is the nonstandard spelling
2026-08-29,variants.csv,ringhals / rinkhals,variant,the variant column is the nonstandard spelling
2026-08-29,variants.csv,ruggedisation / ruggedization,variant,the variant column is the nonstandard spelling
2026-08-29,variants.csv,rumourmonger / rumormonger,variant,the variant column is the nonstandard spelling
2026-08-29,variants.csv,saffranine / safranin,variant,the variant column is the nonstandard spelling
2026-08-29,variants.csv,sandarach / sandarac,variant,the variant column is the nonstandard spelling
2026-08-29,variants.csv,sapremia / sapraemia,reverse,the canonical column is the nonstandard spelling
2026-08-29,variants.csv,sarcenet / sarsenet,variant,the variant column is the nonstandard spelling
2026-08-29,variants.csv,sarcodinian / sarcodine,variant,the variant column is the nonstandard spelling
2026-08-29,variants.csv,savorlessness / savourlessness,reverse,the canonical column is the nonstandard spelling
2026-08-29,variants.csv,scandalisation / scandalization,variant,the variant column is the nonstandard spelling
2026-08-29,variants.csv,schemozzle / shemozzle,variant,the variant column is the nonstandard spelling
2026-08-29,variants.csv,scorper / scauper,variant,the variant column is the nonstandard spelling
2026-08-29,variants.csv,scramaseax / scramasax,variant,the variant column is the nonstandard spelling
2026-08-29,variants.csv,scrutiniser / scrutinizer,variant,the variant column is the nonstandard spelling
2026-08-29,variants.csv,sectionalisation / sectionalization,variant,the variant column is the nonstandard spelling
2026-08-29,variants.csv,sentimentalisation / sentimentalization,variant,the variant column is the nonstandard spelling
2026-08-29,variants.csv,sermoniser / sermonizer,variant,the variant column is the nonstandard spelling
2026-08-29,variants.csv,shlepper / schlepper,variant,the variant column is the nonstandard spelling
2026-08-29,variants.csv,shlimazel / schlimazel,variant,the variant column is the nonstandard spelling
2026-08-29,variants.csv,shlockmeister / schlockmeister,variant,the variant column is the nonstandard spelling
2026-08-29,variants.csv,sniveller / sniveler,variant,the variant column is the nonstandard spelling
2026-08-29,variants.csv,socialiser / socializer,variant,the variant column is the nonstandard spelling
2026-08-29,variants.csv,solmization / solmisation,reverse,the canonical column is the nonstandard spelling
2026-08-29,variants.csv,souslik / suslik,variant,the variant column is the nonstandard spelling
2026-08-29,variants.csv,specialiser / specializer,variant,the variant column is the nonstandard spelling
2026-08-29,variants.csv,spelaeologist / speleologist,variant,the variant column is the nonstandard spelling
2026-08-29,variants.csv,spiritualisation / spiritualization,variant,the variant column is the nonstandard spelling
2026-08-29,variants.csv,sporophyl / sporophyll,variant,the variant column is the nonstandard spelling
2026-08-29,variants.csv,standardiser / standardizer,variant,the variant column is the nonstandard spelling
2026-08-29,variants.csv,steinbok / steenbok,variant,the variant column is the nonstandard spelling
2026-08-29,variants.csv,subsidiser / subsidizer,variant,the variant column is the nonstandard spelling
2026-08-29,variants.csv,succourer / succorer,variant,the variant column is the nonstandard spelling
2026-08-29,variants.csv,syllogiser / syllogizer,variant,the variant column is the nonstandard spelling
2026-08-29,variants.csv,symboliser / symbolizer,variant,the variant column is the nonstandard spelling
2026-08-29,variants.csv,synezesis / synizesis,variant,the variant column is the nonstandard spelling
2026-08-29,variants.csv,systematiser / systematizer,variant,the variant column is the nonstandard spelling
2026-08-29,variants.csv,systemiser / systemizer,variant,the variant column is the nonstandard spelling
2026-08-29,variants.csv,tabouret / taboret,variant,the variant column is the nonstandard spelling
2026-08-29,variants.csv,tambac / tombak,variant,the variant column is the nonstandard spelling
2026-08-29,variants.csv,tantaliser / tantalizer,variant,the variant column is the nonstandard spelling
2026-08-29,variants.csv,taradiddle / tarradiddle,variant,the variant column is the nonstandard spelling
2026-08-29,variants.csv,telferage / telpherage,variant,the variant column is the nonstandard spelling
2026-08-29,variants.csv,temporiser / temporizer,variant,the variant column is the nonstandard spelling
2026-08-29,variants.csv,tenderisation / tenderization,variant,the variant column is the nonstandard spelling
2026-08-29,variants.csv,tendrac / tenrec,variant,the variant column is the nonstandard spelling
2026-08-29,variants.csv,territorialisation / territorialization,variant,the variant column is the nonstandard spelling
2026-08-29,variants.csv,terrorisation / terrorization,variant,the variant column is the nonstandard spelling
2026-08-29,variants.csv,tetraskele / tetraskelion,variant,the variant column is the nonstandard spelling
2026-08-29,variants.csv,theologiser / theologizer,variant,the variant column is the nonstandard spelling
2026-08-29,variants.csv,theoriser / theorizer,variant,the variant column is the nonstandard spelling
2026-08-29,variants.csv,tittivation / titivation,variant,the variant column is the nonstandard spelling
2026-08-29,variants.csv,toitoi / toetoe,variant,the variant column is the nonstandard spelling
2026-08-29,variants.csv,tombac / tombak,variant,the variant column is the nonstandard spelling
2026-08-29,variants.csv,totaliser / totalizer,variant,the variant column is the nonstandard spelling
2026-08-29,variants.csv,touraco / turaco,variant,the variant column is the nonstandard spelling
2026-08-29,variants.csv,trenail / treenail,variant,the variant column is the nonstandard spelling
2026-08-29,variants.csv,tribalisation / tribalization,variant,the variant column is the nonstandard spelling
2026-08-29,variants.csv,troponomy / troponymy,variant,the variant column is the nonstandard spelling
2026-08-29,variants.csv,trunnel / treenail,variant,the variant column is the nonstandard spelling
2026-08-29,variants.csv,tsoris / tsuris,variant,the variant column is the nonstandard spelling
2026-08-29,variants.csv,tughrik / tugrik,variant,the variant column is the nonstandard spelling
2026-08-29,variants.csv,tumbrel / tumbril,variant,the variant column is the nonstandard spelling
2026-08-29,variants.csv,tupek / tupik,variant,the variant column is the nonstandard spelling
2026-08-29,variants.csv,turacou / turaco,variant,the variant column is the nonstandard spelling
2026-08-29,variants.csv,turakoo / turaco,variant,the variant column is the nonstandard spelling
2026-08-29,variants.csv,tyrocidin / tyrocidine,variant,the variant column is the nonstandard spelling
2026-08-29,variants.csv,unfavourableness / unfavorableness,variant,the variant column is the nonstandard spelling
2026-08-29,variants.csv,unitisation / unitization,variant,the variant column is the nonstandard spelling
2026-08-29,variants.csv,unraveller / unraveler,variant,the variant column is the nonstandard spelling
2026-08-29,variants.csv,useableness / usableness,variant,the variant column is the nonstandard spelling
2026-08-29,variants.csv,vapourousness / vaporousness,variant,the variant column is the nonstandard spelling
2026-08-29,variants.csv,verbaliser / verbalizer,variant,the variant column is the nonstandard spelling
2026-08-29,variants.csv,villainage / villeinage,variant,the variant column is the nonstandard spelling
2026-08-29,variants.csv,virucide / viricide,variant,the variant column is the nonstandard spelling
2026-08-29,variants.csv,viscosimetry / viscometry,variant,the variant column is the nonstandard spelling
2026-08-29,variants.csv,vitaliser / vitalizer,variant,the variant column is the nonstandard spelling
2026-08-29,variants.csv,vocaliser / vocalizer,variant,the variant column is the nonstandard spelling
2026-08-29,variants.csv,vulcaniser / vulcanizer,variant,the variant column is the nonstandard spelling
2026-08-29,variants.csv,vulgariser / vulgarizer,variant,the variant column is the nonstandard spelling
2026-08-29,variants.csv,waggonwright / wagonwright,variant,the variant column is the nonstandard spelling
2026-08-29,variants.csv,weisenheimer / wisenheimer,variant,the variant column is the nonstandard spelling
2026-08-29,variants.csv,xerophthalmus / xerophthalmia,variant,the variant column is the nonstandard spelling
2026-08-29,variants.csv,yashmac / yashmak,variant,the variant column is the nonstandard spelling
2026-08-29,variants.csv,zumbooruck / zamburak,variant,the variant column is the nonstandard spelling
2026-08-29,variants.csv,zumbooruk / zamburak,variant,the variant column is the nonstandard spelling
2026-08-29,variants.csv (side ruling),at,noise,"a letter name or abbreviation, not a playable common noun"
2026-08-29,variants.csv (side ruling),chilly,adj,an adjective; any noun sense is a nominalisation
2026-08-29,variants.csv (side ruling),congeneric,adj,an adjective; any noun sense is a nominalisation
2026-08-29,variants.csv (side ruling),corey,name,"a personal name, not a common noun"
2026-08-29,variants.csv (side ruling),cory,name,"a personal name, not a common noun"
2026-08-29,variants.csv (side ruling),cosier,adj,an adjective; any noun sense is a nominalisation
2026-08-29,variants.csv (side ruling),cozier,adj,an adjective; any noun sense is a nominalisation
2026-08-29,variants.csv (side ruling),dec,noise,"a letter name or abbreviation, not a playable common noun"
2026-08-29,variants.csv (side ruling),eager,adj,an adjective; any noun sense is a nominalisation
2026-08-29,variants.csv (side ruling),eq,noise,"a letter name or abbreviation, not a playable common noun"
2026-08-29,variants.csv (side ruling),ex,noise,"a letter name or abbreviation, not a playable common noun"
2026-08-29,variants.csv (side ruling),f,noise,"a letter name or abbreviation, not a playable common noun"
2026-08-29,variants.csv (side ruling),frenetic,adj,an adjective; any noun sense is a nominalisation
2026-08-29,variants.csv (side ruling),ft,noise,"a letter name or abbreviation, not a playable common noun"
2026-08-29,variants.csv (side ruling),g,noise,"a letter name or abbreviation, not a playable common noun"
2026-08-29,variants.csv (side ruling),h,noise,"a letter name or abbreviation, not a playable common noun"
2026-08-29,variants.csv (side ruling),horsey,adj,an adjective; any noun sense is a nominalisation
2026-08-29,variants.csv (side ruling),horsy,adj,an adjective; any noun sense is a nominalisation
2026-08-29,variants.csv (side ruling),hr,noise,"a letter name or abbreviation, not a playable common noun"
2026-08-29,variants.csv (side ruling),in,noise,"a letter name or abbreviation, not a playable common noun"
2026-08-29,variants.csv (side ruling),kc,noise,"a letter name or abbreviation, not a playable common noun"
2026-08-29,variants.csv (side ruling),lb,noise,"a letter name or abbreviation, not a playable common noun"
2026-08-29,variants.csv (side ruling),litoral,adj,an adjective; any noun sense is a nominalisation
2026-08-29,variants.csv (side ruling),littoral,adj,an adjective; any noun sense is a nominalisation
2026-08-29,variants.csv (side ruling),m,noise,"a letter name or abbreviation, not a playable common noun"
2026-08-29,variants.csv (side ruling),maxillary,adj,an adjective; any noun sense is a nominalisation
2026-08-29,variants.csv (side ruling),mediaeval,adj,an adjective; any noun sense is a nominalisation
2026-08-29,variants.csv (side ruling),medieval,adj,an adjective; any noun sense is a nominalisation
2026-08-29,variants.csv (side ruling),min,noise,"a letter name or abbreviation, not a playable common noun"
2026-08-29,variants.csv (side ruling),ml,noise,"a letter name or abbreviation, not a playable common noun"
2026-08-29,variants.csv (side ruling),mm,noise,"a letter name or abbreviation, not a playable common noun"
2026-08-29,variants.csv (side ruling),mo,noise,"a letter name or abbreviation, not a playable common noun"
2026-08-29,variants.csv (side ruling),ms,noise,"a letter name or abbreviation, not a playable common noun"
2026-08-29,variants.csv (side ruling),n,noise,"a letter name or abbreviation, not a playable common noun"
2026-08-29,variants.csv (side ruling),nancy,name,"a personal name, not a common noun"
2026-08-29,variants.csv (side ruling),ng,noise,"a letter name or abbreviation, not a playable common noun"
2026-08-29,variants.csv (side ruling),nosey,adj,an adjective; any noun sense is a nominalisation
2026-08-29,variants.csv (side ruling),nosy,adj,an adjective; any noun sense is a nominalisation
2026-08-29,variants.csv (side ruling),p,noise,"a letter name or abbreviation, not a playable common noun"
2026-08-29,variants.csv (side ruling),paramedical,adj,an adjective; any noun sense is a nominalisation
2026-08-29,variants.csv (side ruling),pct,noise,"a letter name or abbreviation, not a playable common noun"
2026-08-29,variants.csv (side ruling),percy,name,"a personal name, not a common noun"
2026-08-29,variants.csv (side ruling),perky,adj,an adjective; any noun sense is a nominalisation
2026-08-29,variants.csv (side ruling),phrenetic,adj,an adjective; any noun sense is a nominalisation
2026-08-29,variants.csv (side ruling),preventable,adj,an adjective; any noun sense is a nominalisation
2026-08-29,variants.csv (side ruling),preventible,adj,an adjective; any noun sense is a nominalisation
2026-08-29,variants.csv (side ruling),resistent,adj,an adjective; any noun sense is a nominalisation
2026-08-29,variants.csv (side ruling),s,noise,"a letter name or abbreviation, not a playable common noun"
2026-08-29,variants.csv (side ruling),salable,adj,an adjective; any noun sense is a nominalisation
2026-08-29,variants.csv (side ruling),saleable,adj,an adjective; any noun sense is a nominalisation
2026-08-29,variants.csv (side ruling),sec,noise,"a letter name or abbreviation, not a playable common noun"
2026-08-29,variants.csv (side ruling),so,noise,"a letter name or abbreviation, not a playable common noun"
2026-08-29,variants.csv (side ruling),staunch,adj,an adjective; any noun sense is a nominalisation
2026-08-29,variants.csv (side ruling),t,noise,"a letter name or abbreviation, not a playable common noun"
2026-08-29,variants.csv (side ruling),tawney,adj,an adjective; any noun sense is a nominalisation
2026-08-29,variants.csv (side ruling),tawny,adj,an adjective; any noun sense is a nominalisation
2026-08-29,variants.csv (side ruling),v,noise,"a letter name or abbreviation, not a playable common noun"
2026-08-29,variants.csv (side ruling),var,noise,"a letter name or abbreviation, not a playable common noun"
2026-08-29,variants.csv (side ruling),w,noise,"a letter name or abbreviation, not a playable common noun"
2026-08-29,variants.csv (side ruling),wynn,name,"a personal name, not a common noun"
2026-08-29,variants.csv (side ruling),y,noise,"a letter name or abbreviation, not a playable common noun"
2026-08-29,variants.csv (side ruling),yr,noise,"a letter name or abbreviation, not a playable common noun"
2026-08-31,domains/medical_imaging.csv,aliasing,noun,the artifact produced when a signal is sampled too coarsely to represent it
2026-08-31,domains/medical_imaging.csv,anechoicity,noun,the property of returning no ultrasound echo
2026-08-31,domains/medical_imaging.csv,backprojection,noun,the reconstruction of an image by smearing each projection back across the image plane
2026-08-31,domains/medical_imaging.csv,cholangiogram,noun,
2026-08-31,domains/medical_imaging.csv,cystogram,noun,
2026-08-31,domains/medical_imaging.csv,cystography,noun,
2026-08-31,domains/medical_imaging.csv,dephasing,noun,the loss of phase coherence among precessing spins
2026-08-31,domains/medical_imaging.csv,dosimetrist,noun,
2026-08-31,domains/medical_imaging.csv,echogenicity,noun,
2026-08-31,domains/medical_imaging.csv,elastography,noun,
2026-08-31,domains/medical_imaging.csv,fluence,noun,the number of particles or amount of radiant energy crossing unit area
2026-08-31,domains/medical_imaging.csv,fluorodeoxyglucose,noun,
2026-08-31,domains/medical_imaging.csv,hyperdensity,noun,a region appearing brighter than its surroundings on a computed tomography image
2026-08-31,domains/medical_imaging.csv,hyperintensity,noun,a region appearing brighter than its surroundings on a magnetic resonance image
2026-08-31,domains/medical_imaging.csv,hypodensity,noun,a region appearing darker than its surroundings on a computed tomography image
2026-08-31,domains/medical_imaging.csv,hypointensity,noun,a region appearing darker than its surroundings on a magnetic resonance image
2026-08-31,domains/medical_imaging.csv,hysterosalpingography,noun,
2026-08-31,domains/medical_imaging.csv,insonation,noun,the exposure of tissue to an ultrasound beam
2026-08-31,domains/medical_imaging.csv,isocenter,noun,the fixed point about which a scanner's gantry rotates
2026-08-31,domains/medical_imaging.csv,isosurface,noun,
2026-08-31,domains/medical_imaging.csv,kerma,noun,the kinetic energy released per unit mass in matter by ionising radiation
2026-08-31,domains/medical_imaging.csv,microbubble,noun,
2026-08-31,domains/medical_imaging.csv,nephrogram,noun,
2026-08-31,domains/medical_imaging.csv,photopeak,noun,
2026-08-31,domains/medical_imaging.csv,quench,noun,"the sudden loss of superconductivity in a magnet, boiling off its cryogen"
2026-08-31,domains/medical_imaging.csv,radiolucency,noun,
2026-08-31,domains/medical_imaging.csv,radiolucent,adj,"letting X-rays pass, so appearing dark on a radiograph"
2026-08-31,domains/medical_imaging.csv,radiopaque,adj,"blocking X-rays, so appearing bright on a radiograph"
2026-08-31,domains/medical_imaging.csv,radiopharmacy,noun,the preparation and dispensing of radioactive drugs for diagnosis and treatment
2026-08-31,domains/medical_imaging.csv,radiotracer,noun,
2026-08-31,domains/medical_imaging.csv,rephasing,noun,the restoration of phase coherence among precessing spins
2026-08-31,domains/medical_imaging.csv,scintigraphy,noun,imaging that maps the gamma rays emitted by a radiotracer taken up by the body
2026-08-31,domains/medical_imaging.csv,sensitometry,noun,
2026-08-31,domains/medical_imaging.csv,shimming,noun,the adjustment of a magnet's field to make it uniform
2026-08-31,domains/medical_imaging.csv,sialography,noun,
2026-08-31,domains/medical_imaging.csv,sinogram,noun,the raw projection data of a scan plotted against angle and position
2026-08-31,domains/medical_imaging.csv,sonographer,noun,a person trained to perform ultrasound examinations
2026-08-31,domains/medical_imaging.csv,thresholding,noun,the separation of an image into regions by comparing each value with a threshold
2026-08-31,domains/medical_imaging.csv,tomosynthesis,noun,
2026-08-31,domains/medical_imaging.csv,urogram,noun,
2026-08-31,domains/medical_imaging.csv,urography,noun,
2026-08-31,domains/medical_imaging.csv,ventriculography,noun,
2026-08-31,domains/medical_imaging.csv,volumetry,noun,the measurement of the volume of a structure from an image
2026-08-31,domains/medical_imaging.csv,voxel,noun,
2026-08-31,domains/medical_imaging.csv,windowing,noun,the range of values mapped to the displayed grey scale
2026-08-31,domains/everyday.csv,afterparty,noun,a party held after a main event
2026-08-31,domains/everyday.csv,aircon,noun,"air conditioning, or the equipment that provides it"
2026-08-31,domains/everyday.csv,allover,adj,covering the whole surface of something
2026-08-31,domains/everyday.csv,autotune,name,a trade name for pitch-correction software
2026-08-31,domains/everyday.csv,bellend,noun,the glans of the penis; in British slang a contemptible person
2026-08-31,domains/everyday.csv,booboo,noun,"a minor injury, or a foolish mistake"
2026-08-31,domains/everyday.csv,braindead,adj,having irreversibly lost all brain function
2026-08-31,domains/everyday.csv,byelection,noun,an election held between general elections to fill a single seat
2026-08-31,domains/everyday.csv,crossdresser,noun,a person who wears clothing typical of another gender
2026-08-31,domains/everyday.csv,crossdressing,noun,the wearing of clothing typical of another gender
2026-08-31,domains/everyday.csv,diecast,adj,made by forcing molten metal into a mould under pressure
2026-08-31,domains/everyday.csv,dropoff,noun,"a steep descent, or a sharp decline in amount"
2026-08-31,domains/everyday.csv,ezine,noun,a magazine published in electronic form
2026-08-31,domains/everyday.csv,facedown,adj,lying with the face towards the ground
2026-08-31,domains/everyday.csv,faceoff,noun,a confrontation; in ice hockey the drop of the puck that starts play
2026-08-31,domains/everyday.csv,failsafe,noun,a device or design that returns to a safe state when it fails
2026-08-31,domains/everyday.csv,fatass,noun,a fat person
2026-08-31,domains/everyday.csv,freeform,adj,not following a regular shape or a set structure
2026-08-31,domains/everyday.csv,froyo,noun,frozen yogurt
2026-08-31,domains/everyday.csv,gaga,adj,"foolishly enthusiastic, or senile"
2026-08-31,domains/everyday.csv,halfpipe,noun,a U-shaped ramp used in skateboarding and snowboarding
2026-08-31,domains/everyday.csv,hawkeye,noun,a person with very keen eyesight
2026-08-31,domains/everyday.csv,hifi,noun,equipment for high-quality sound reproduction
2026-08-31,domains/everyday.csv,hiphop,noun,"a musical genre and culture built on rapping, DJing and breakdancing"
2026-08-31,domains/everyday.csv,howto,noun,a set of instructions for performing a task
2026-08-31,domains/everyday.csv,kickstarter,noun,the pedal lever that starts a motorcycle engine
2026-08-31,domains/everyday.csv,kneejerk,adj,made automatically and without thought
2026-08-31,domains/everyday.csv,knowhow,noun,practical knowledge of how to do something
2026-08-31,domains/everyday.csv,layin,noun,a close-range shot in basketball played off the backboard
2026-08-31,domains/everyday.csv,midsize,adj,of medium size
2026-08-31,domains/everyday.csv,nonbinary,adj,not identifying as exclusively male or female
2026-08-31,domains/everyday.csv,nonlethal,adj,not capable of causing death
2026-08-31,domains/everyday.csv,nono,noun,something that is not allowed
2026-08-31,domains/everyday.csv,offseason,noun,the part of the year outside a sport's or a trade's busy season
2026-08-31,domains/everyday.csv,peepee,noun,a childish word for the penis
2026-08-31,domains/everyday.csv,popo,noun,a slang name for the police
2026-08-31,domains/everyday.csv,powerup,noun,an item in a video game giving a player a temporary advantage
2026-08-31,domains/everyday.csv,preamp,noun,an amplifier that boosts a weak signal before the main amplifier
2026-08-31,domains/everyday.csv,readymade,noun,an everyday manufactured object presented as a work of art
2026-08-31,domains/everyday.csv,scifi,noun,science fiction
2026-08-31,domains/everyday.csv,seaview,noun,a view of the sea from a building
2026-08-31,domains/everyday.csv,shoutout,noun,a brief public mention of someone in appreciation
2026-08-31,domains/everyday.csv,signup,noun,the act of registering for something
2026-08-31,domains/everyday.csv,standalone,adj,"working on its own, without needing anything else"
2026-08-31,domains/everyday.csv,strapon,noun,a dildo worn in a harness
2026-08-31,domains/everyday.csv,tata,noise,a childish or informal way of saying goodbye
2026-08-31,domains/everyday.csv,thankyou,noun,an expression of gratitude
2026-08-31,domains/everyday.csv,timelapse,noun,a film made from frames captured at long intervals and played at normal speed
2026-08-31,domains/everyday.csv,tipoff,noun,a piece of warning information; in basketball the jump ball that starts play
2026-08-31,domains/everyday.csv,todo,noun,a task still to be done
2026-08-31,domains/everyday.csv,tomtom,noun,a drum beaten with the hands
2026-08-31,domains/everyday.csv,warmup,noun,light exercise done in preparation for activity
2026-08-31,domains/everyday.csv,widowmaker,noun,"something notoriously likely to kill, such as a hanging branch or a blocked artery"
2026-08-31,domains/everyday.csv,writeup,noun,a written account or review
2026-08-31,domains/everyday.csv,yoyo,noun,a toy spool wound with string that rises and falls as the string unwinds
2026-08-31,domains/everyday.csv,yule,noun,the historical midwinter festival of the Germanic peoples
2026-09-01,domains/x_words.csv,xanthan,noun,a polysaccharide made by bacterial fermentation and used as a thickener and stabiliser
2026-09-01,domains/x_words.csv,xanthone,noun,an organic compound used in dyes and pharmaceuticals
2026-09-01,domains/x_words.csv,xenobiotic,noun,a chemical compound foreign to a living organism or an ecosystem
2026-09-01,domains/x_words.csv,xenoblast,noun,a crystal grown within a metamorphic rock without developed external faces
2026-09-01,domains/x_words.csv,xenocide,noun,the extermination of an entire alien species or foreign population
2026-09-01,domains/x_words.csv,xenodiagnosis,noun,diagnosis of a parasitic infection by feeding uninfected vector organisms on the patient
2026-09-01,domains/x_words.csv,xenoglossy,noun,the claimed ability to speak or write a language the speaker has never learnt
2026-09-01,domains/x_words.csv,xenology,noun,"the study of extraterrestrial life, biology and materials"
2026-09-01,domains/x_words.csv,xenomorph,noun,"a form or entity that is abnormal, foreign or unlike its surroundings"
2026-09-01,domains/x_words.csv,xenophile,noun,"a person who is drawn to foreign peoples, cultures or things"
2026-09-01,domains/x_words.csv,xenophilia,noun,"a liking for foreign peoples, cultures or customs"
2026-09-01,domains/x_words.csv,xeriscape,noun,a garden or landscape planned to need very little water
2026-09-01,domains/x_words.csv,xerogel,noun,"a solid gel formed by drying with unhindered shrinkage, such as silica gel"
2026-09-01,domains/x_words.csv,xerophily,noun,the capacity of an organism to thrive in very dry conditions
2026-09-01,domains/x_words.csv,xiphoid,noun,the cartilaginous lower portion of the human sternum
2026-09-01,domains/x_words.csv,xiphosuran,noun,an aquatic arthropod of the order that contains the horseshoe crabs
2026-09-01,domains/x_words.csv,xylan,noun,a carbohydrate polymer found in the cell walls of plants
2026-09-01,domains/x_words.csv,xylitol,noun,"a sugar alcohol used as a low-calorie sweetener in food, chewing gum and dental products"
2026-09-01,domains/x_words.csv,xylocarp,noun,"a hard woody fruit, such as a coconut"
2026-09-01,domains/x_words.csv,xyloidin,noun,an explosive made by treating starch or wood with nitric acid
2026-09-01,domains/x_words.csv,xylology,noun,"the study of the structure, growth and properties of wood"
2026-09-01,domains/x_words.csv,xylonite,noun,an early celluloid plastic used as a substitute for ivory
2026-09-01,domains/x_words.csv,xylophagy,noun,"the eating of wood, as by termites"
2026-09-01,domains/x_words.csv,xylorimba,noun,a percussion instrument combining the ranges of a xylophone and a marimba
2026-09-01,domains/x_words.csv,xylulose,noun,a ketose sugar taking part in carbohydrate metabolism
2026-09-01,domains/x_words.csv,xystus,noun,a covered portico or garden walk in classical Greek and Roman architecture
2026-09-01,domains/x_words.csv,xanthocone,noun,"a rare mineral of silver, arsenic and sulfur"
2026-09-01,domains/x_words.csv,xanthophore,noun,a yellow pigment-bearing cell in the skin of some cold-blooded animals
2026-09-01,domains/x_words.csv,xanthoprotein,noun,the yellow substance formed when a protein reacts with nitric acid
2026-09-01,domains/x_words.csv,xanthopterin,noun,a yellow crystalline pigment found in butterfly wings and in mammal urine
2026-09-01,domains/x_words.csv,xenobiology,noun,the study of alien or non-terrestrial biological systems
2026-09-01,domains/x_words.csv,xenocentrism,noun,"a preference for the products, styles and ideas of another culture over one's own"
2026-09-01,domains/x_words.csv,xenocrypt,noun,a cryptogram written in a language other than the solver's own
2026-09-01,domains/x_words.csv,xenocurrency,noun,money deposited in a bank outside the country that issued it
2026-09-01,domains/x_words.csv,xenoestrogen,noun,a compound that mimics the effects of estrogen in the body
2026-09-01,domains/x_words.csv,xenomania,noun,"an extreme enthusiasm for foreign customs, people or objects"
2026-09-01,domains/x_words.csv,xerocopy,noun,a copy of printed matter made by xerography
2026-09-01,domains/x_words.csv,xeromorphism,noun,the structural adaptation of a plant to withstand drought
2026-09-01,domains/x_words.csv,xiphodynia,noun,pain in the region of the xiphoid process
2026-09-01,domains/x_words.csv,xiphopagus,noun,conjoined twins joined at the xiphoid cartilage
2026-09-01,domains/x_words.csv,xylographist,noun,an artist or printmaker who engraves on wood
2026-09-01,domains/x_words.csv,xylotomist,noun,a person who cuts thin sections of wood for study under a microscope
