name,in_namenet,in_wikipedia,also_oewn_noun
aachen,True,True,False
aalborg,True,True,False
aalst,True,False,False
aalto,True,True,False
aar,True,False,False
aare,True,True,False
aarhus,True,True,False
aaron,True,True,False
abadan,True,False,False
abdias,True,False,False
abecedarian,False,True,True
abel,True,True,False
abelard,True,False,False
abelmoschus,True,True,False
abenaki,False,True,False
aberdare,True,True,False
aberdeen,True,True,False
abidjan,True,True,False
abies,True,False,False
abila,True,False,False
abilene,True,False,False
abkhazia,True,True,False
abraham,True,True,False
abramis,True,False,False
abrocoma,True,True,False
abronia,True,False,False
abruzzi,True,False,False
abruzzo,True,False,False
abudefduf,True,True,False
abuja,True,True,False
abukir,True,False,False
abutilon,True,True,False
abydos,True,False,False
abyla,True,True,False
abyssinia,True,True,False
abzu,True,False,False
acadia,True,True,False
acalypha,True,True,False
acanthaceae,True,True,False
acanthisitta,True,False,False
acanthisittidae,True,False,False
acanthocephala,True,True,False
acanthocereus,True,True,False
acanthocybium,True,False,False
acanthophis,True,True,False
acanthopterygii,True,True,False
acanthoscelides,True,True,False
acanthuridae,True,True,False
acanthurus,True,True,False
acapulco,True,True,False
acaridae,True,True,False
acarina,True,False,False
accho,True,False,False
accipiter,True,True,False
accipitridae,True,True,False
accipitriformes,False,True,False
accra,True,True,False
acer,True,False,False
aceraceae,True,True,False
achaea,True,True,False
acheron,True,True,False
acherontia,True,False,False
acheson,True,False,False
acheta,True,True,False
achilles,True,True,False
achoerodus,True,False,False
achomawi,False,True,False
achras,True,True,False
acinonyx,True,True,False
acinos,True,False,False
acipenser,True,True,False
acipenseridae,True,False,False
acnidosporidia,True,False,False
acocanthera,True,False,False
acokanthera,True,True,False
aconcagua,True,True,False
aconitum,True,True,False
acoraceae,True,False,False
acores,True,False,False
acorus,True,True,False
acragas,True,False,False
acrasiomycetes,True,False,False
acre,True,True,True
acrididae,True,True,False
acridotheres,True,True,False
acris,True,False,False
acrobates,True,False,False
acrocarpus,True,True,False
acrocephalus,True,False,False
acroclinium,True,False,False
acrocomia,True,True,False
acropora,True,True,False
acrostichum,True,True,False
actaea,True,False,False
actias,True,True,False
actifed,False,True,False
actinaria,True,False,False
actinia,True,True,True
actiniaria,True,False,False
actinidia,True,True,False
actinidiaceae,True,True,False
actiniopteris,True,True,False
actinomeris,True,False,False
actinomycetaceae,True,True,False
actinomycetales,True,True,False
actinomyxidia,True,False,False
actinopoda,True,False,False
actinozoa,True,True,False
actitis,True,True,False
actium,True,True,False
acts,True,False,False
adad,True,False,False
adalia,True,False,False
adam,False,True,False
adams,True,False,False
adana,True,True,False
adansonia,True,True,False
adapa,True,True,False
adapid,True,False,False
adar,False,True,False
addressograph,False,True,False
adelaide,True,True,False
adelges,True,True,False
adelgidae,True,True,False
aden,True,True,False
adenanthera,True,True,False
adenauer,True,False,False
adenium,True,True,False
adenota,True,True,False
adiantaceae,True,False,False
adiantum,True,True,False
adige,True,True,False
adirondacks,True,False,False
aditi,True,True,False
adjara,True,False,False
adlumia,True,True,False
adonic,False,True,False
adonis,False,True,True
adrian,True,True,False
adrianople,True,False,False
adrianopolis,True,False,False
adriatic,True,False,False
advent,False,True,True
adventism,False,True,False
adzhar,True,False,False
adzharia,True,False,False
aedes,True,True,False
aegates,True,False,False
aegean,True,False,False
aegiceras,True,True,False
aegilops,True,True,False
aegina,False,True,False
aegisthus,True,True,False
aegospotami,True,True,False
aegospotamos,True,False,False
aegypius,True,True,False
aegyptopithecus,False,True,False
aeneas,True,True,False
aeneid,True,True,False
aengus,True,True,False
aeolia,True,False,False
aeolis,True,True,False
aeolus,True,True,False
aeonium,True,True,False
aepyceros,True,True,False
aepyornidae,True,False,False
aepyorniformes,True,False,False
aerobacter,True,False,False
aertex,False,True,False
aeschylus,True,True,False
aesculapius,True,False,False
aesculus,True,True,False
aesop,True,True,False
aethionema,True,True,False
aethusa,True,True,False
aetobatus,True,True,False
affirmed,True,True,False
afghanistan,True,True,False
aframomum,True,True,False
africa,True,True,False
afrikaans,False,True,False
afro,False,True,False
afrocarpus,True,True,False
afroeurasia,True,False,False
agalinis,True,True,False
agamemnon,True,True,False
agamidae,True,True,False
agapornis,True,False,False
agaricaceae,True,True,False
agaricales,True,True,False
agaricus,True,True,False
agassiz,True,False,False
agastache,True,True,False
agathis,True,True,False
agavaceae,True,False,False
agdestis,True,True,False
agdistis,True,True,False
agee,True,False,False
agelaius,True,True,False
ageratina,True,True,False
aggeus,True,False,False
aghan,False,True,False
agincourt,True,False,False
agkistrodon,True,True,False
aglaia,False,True,False
aglaomorpha,True,False,False
aglaonema,True,True,False
agnatha,True,True,False
agni,True,True,False
agonidae,True,True,False
agonus,True,True,False
agra,True,True,False
agricola,True,False,False
agriculture,False,True,True
agrigento,True,True,False
agriocharis,True,False,False
agrippa,True,False,False
agrippina,True,True,False
agrobacterium,True,True,False
agropyron,True,True,False
agrostemma,True,True,False
agrostis,True,True,False
ahab,True,True,False
ahriman,True,True,False
ahura,False,True,False
ahvenanmaa,True,False,False
aides,True,False,False
aidoneus,True,True,False
aigina,True,False,False
aiken,True,False,False
ailey,True,False,False
ailuropoda,True,True,False
ailuropodidae,True,False,False
ailurus,True,False,False
aire,True,False,False
airedale,False,True,False
aix,True,False,False
aizoaceae,True,True,False
ajaia,True,False,False
ajax,True,False,False
ajuga,True,True,False
akaba,True,False,False
aken,True,False,False
akeridae,True,True,False
akhbari,False,True,False
akhenaten,True,True,False
akhenaton,True,False,False
akka,True,False,False
akko,True,False,False
akmola,True,False,False
akron,True,False,False
alabama,False,True,False
aladdin,True,True,False
alamo,True,False,False
alaric,True,False,False
alaska,True,True,False
alauda,True,True,False
alaudidae,True,False,False
albania,True,True,False
albany,True,False,False
albatrellus,True,True,False
albee,True,False,False
albers,True,True,False
albert,True,False,False
alberta,True,True,False
alberti,True,False,False
albion,True,True,False
alborg,True,False,False
albuginaceae,True,True,False
albugo,True,True,False
albula,True,False,False
albulidae,True,False,False
albuquerque,True,False,False
alca,True,False,False
alcaeus,True,False,False
alcea,True,True,False
alcedinidae,True,False,False
alcedo,True,True,False
alcelaphus,True,False,False
alces,True,False,False
alcibiades,True,True,False
alcidae,True,False,False
alcides,True,True,False
alcott,True,True,False
alcyonacea,True,True,False
alcyonaria,True,False,False
alcyone,True,False,False
aldebaran,True,True,False
aldrovanda,True,True,False
alectis,True,True,False
alecto,True,True,False
alectoria,True,False,False
alectoris,True,True,False
alectura,True,False,False
alep,True,False,False
alepisaurus,True,False,False
aleppo,True,True,False
aletris,True,True,False
aleurites,True,True,False
aleutians,True,False,False
alexander,True,True,True
alexandria,True,True,False
alexandrine,False,True,False
aleyrodes,True,False,False
aleyrodidae,True,False,False
alfred,True,False,False
alger,True,False,False
algeria,True,True,False
algerie,True,False,False
algeripithecus,True,True,False
algiers,True,True,False
algol,True,True,False
algren,True,False,False
alhacen,True,False,False
alhambra,True,True,False
alhazen,True,False,False
ali,True,True,False
alisma,True,True,False
alismales,True,False,False
alismataceae,True,True,False
alismatidae,True,True,False
allah,True,True,False
alleghenies,True,False,False
allegheny,True,False,False
allen,True,False,False
allentown,True,False,False
allhallowtide,False,True,False
alliaceae,True,False,False
alliaria,True,True,False
alligatoridae,True,True,False
allionia,True,True,False
allioniaceae,True,False,False
allium,True,True,False
almaty,True,True,False
almighty,True,False,False
alnico,False,True,False
alnus,True,False,False
aloeaceae,True,False,False
alonso,True,True,False
alopecurus,True,True,False
alopex,True,False,False
alopiidae,True,False,False
alopius,True,True,False
alosa,True,True,False
alouatta,True,False,False
alpena,True,False,False
alpinia,True,True,False
alps,True,True,False
alsace,True,True,False
alsatia,True,False,False
alsobia,True,True,False
alsophila,True,False,False
alstonia,True,True,False
alstroemeriaceae,True,True,False
altair,True,True,False
alternanthera,True,True,False
altoona,True,False,False
alyssum,True,True,True
alytes,True,False,False
amaethon,True,True,False
amanita,True,True,False
amaranthaceae,True,True,False
amaranthus,True,False,False
amarillo,True,False,False
amaryllidaceae,True,True,False
amaterasu,True,True,False
amati,False,True,False
amauropelta,True,True,False
amazona,True,False,False
amberboa,True,True,False
ambloplites,True,True,False
amblyrhynchus,True,False,False
ambrose,True,True,False
ambrosiaceae,True,False,False
ambystoma,True,False,False
ambystomatidae,True,True,False
ameiuridae,True,False,False
ameiurus,True,True,False
amelanchier,True,True,False
amen,True,True,False
amentiferae,True,False,False
america,True,False,False
americanization,False,True,False
amharic,False,True,False
amia,True,False,False
amianthum,True,False,False
amiidae,True,True,False
amish,False,True,False
amman,True,True,False
ammodytes,True,True,False
ammodytidae,True,False,False
ammotragus,True,False,False
amoebida,True,False,False
amoebina,True,False,False
amon,True,False,False
amontillado,False,True,False
amor,True,False,False
amos,True,False,False
amphibolips,True,True,False
amphicarpa,True,False,False
amphicarpaea,True,True,False
amphineura,True,False,False
amphioxidae,True,False,False
amphipoda,True,True,False
amphiprion,True,True,False
amphisbaena,True,True,True
amphisbaenia,True,True,False
amphisbaenidae,True,True,False
amphiumidae,True,False,False
amsinckia,True,True,False
amsonia,True,True,False
amsterdam,True,True,False
amun,True,True,False
amundsen,True,False,False
amur,True,True,False
amygdalaceae,True,False,False
amygdalus,True,False,False
ana,True,False,True
anabantidae,True,False,False
anabaptism,False,True,False
anabas,True,True,False
anabrus,True,True,False
anacanthini,True,False,False
anacardiaceae,True,True,False
anacardium,True,True,False
anacyclus,True,True,False
anadenanthera,True,True,False
anagallis,True,True,False
anagasta,True,False,False
anagyris,True,True,False
anaheim,True,False,False
ananas,True,True,True
ananias,True,False,False
anaphalis,True,True,False
anapsida,True,False,False
anapurna,True,False,False
anarhichadidae,True,True,False
anarhichas,True,True,False
anas,True,True,False
anasa,True,True,False
anaspida,True,True,False
anastatica,True,True,False
anastomus,True,False,False
anatidae,True,True,False
anatolia,True,True,False
anaxagoras,True,True,False
anaximander,True,True,False
anaximenes,True,False,False
anchorage,True,False,True
ancistrodon,True,False,False
ancohuma,True,True,False
ancylidae,True,False,False
ancylostomatidae,True,True,False
ancylus,True,True,False
andalucia,True,False,False
andalusia,True,True,False
andersen,True,True,False
anderson,True,False,False
andes,True,True,False
andira,True,True,False
andorra,True,True,False
andreaea,True,True,False
andreaeales,True,False,False
andrenidae,True,True,False
andrew,True,True,False
andrews,True,False,False
andricus,True,True,False
andromeda,True,False,True
andropogon,True,True,False
andvari,False,True,False
aneides,True,False,False
anemia,True,True,True
anemonella,True,False,False
anemopsis,True,True,False
anethum,True,True,False
angara,True,True,False
angel,True,True,True
angelus,True,True,True
angiospermae,True,False,False
angle,False,True,True
anglesea,True,False,False
anglesey,True,True,False
anglia,True,False,False
anglicanism,False,True,False
anglicisation,False,True,False
anglicism,False,True,False
angola,True,True,False
angraecum,True,True,False
anguidae,True,True,False
anguilla,True,True,False
anguillidae,True,True,False
anguilliformes,True,False,False
anguillula,True,False,False
anguis,True,True,False
anhima,True,False,False
anhimidae,True,False,False
anhingidae,True,False,False
anigozanthus,True,False,False
animalia,True,False,False
anisoptera,True,False,False
anisotremus,True,True,False
anjou,True,False,True
ankara,True,True,False
annaba,True,True,False
annam,True,False,False
annapolis,True,False,False
annapurna,True,True,False
anne,True,True,False
annelida,True,False,False
anniellidae,True,False,False
annona,True,True,True
annonaceae,True,True,False
annunciation,False,True,True
annwn,False,True,False
anobiidae,True,False,False
anodonta,True,True,False
anoectochilus,True,True,False
anogramma,True,True,False
anolis,True,True,False
anomala,True,True,False
anomalopidae,True,True,False
anomia,True,False,True
anomiidae,True,True,False
anopheles,True,True,False
anoplura,True,False,False
anostraca,True,True,False
anouilh,True,False,False
anpu,True,False,False
anselm,True,False,False
anser,True,False,False
anseres,True,False,False
anseriformes,True,True,False
anserinae,True,True,False
anshar,True,True,False
antakiya,True,False,False
antakya,True,True,False
antalya,True,True,False
antananarivo,True,True,False
antarctic,True,True,False
antarctica,True,True,False
antares,True,True,False
antedon,True,True,False
antedonidae,True,True,False
antennaria,True,True,False
antennariidae,True,False,False
anthemis,True,True,False
antheraea,True,True,False
anthericum,True,True,False
antheropeas,True,False,False
anthidium,True,True,False
anthoceropsida,True,False,False
anthoceros,True,True,False
anthocerotaceae,True,True,False
anthocerotales,True,False,False
anthonomus,True,True,False
anthony,True,True,False
anthophyta,True,True,False
anthozoa,True,True,False
anthriscus,True,True,False
anthropoidea,True,False,False
anthus,True,False,False
anthyllis,True,True,False
antichrist,True,True,False
antidorcas,True,True,False
antigone,True,True,False
antigonia,True,False,False
antigonus,True,False,False
antigua,True,True,False
antilles,True,True,False
antilocapra,True,True,False
antilocapridae,True,True,False
antilope,True,True,False
antioch,True,True,False
antirrhinum,True,True,False
antlia,True,True,False
antofagasta,True,True,False
antoninus,True,False,False
antonius,True,True,False
antony,True,False,False
antrozous,True,False,False
antum,True,False,False
antwerp,True,True,False
antwerpen,True,False,False
anu,True,True,False
anubis,True,True,False
anunnaki,False,True,False
anura,True,False,False
anvers,True,False,False
anzio,True,True,False
anzu,True,False,False
aotus,True,False,False
apache,False,True,True
apalachicola,True,False,False
apatura,True,True,False
apeldoorn,True,True,False
apennines,True,False,False
aphasmidia,True,False,False
aphididae,True,True,False
aphidoidea,True,False,False
aphis,True,True,False
aphriza,True,False,False
aphrodite,True,True,False
aphrophora,True,True,False
aphyllanthaceae,True,False,False
aphyllanthes,True,True,False
aphyllophorales,True,True,False
apia,True,True,False
apiaceae,True,True,False
apidae,True,True,False
apios,True,True,False
apis,True,False,False
apium,True,True,False
aplacophora,True,True,False
aplectrum,True,True,False
aplodontia,True,False,False
aplodontiidae,True,True,False
aplysia,True,True,False
aplysiidae,True,True,False
apocalypse,True,True,True
apocrypha,False,True,False
apocynaceae,True,True,False
apocynum,True,True,False
apodemus,True,True,False
apodidae,True,False,False
apodiformes,True,True,False
apogon,True,True,False
apogonidae,True,True,False
apoidea,True,True,False
apollinaire,True,False,False
apollo,True,True,False
aporocactus,True,True,False
apostle,False,True,True
appalachia,True,True,False
appalachians,True,False,False
appaloosa,False,True,False
appleton,True,False,False
april,False,True,False
apsu,True,False,False
aptenodytes,True,True,False
apterygidae,True,False,False
apterygiformes,True,False,False
apulia,True,True,False
apus,True,True,False
aqaba,True,True,False
aquifoliaceae,True,False,False
aquila,True,False,False
aquinas,True,False,False
aquitaine,True,True,False
aquitania,True,False,False
ara,True,False,False
arabia,True,False,False
arabic,False,True,False
arabidopsis,True,True,False
arabis,True,True,False
arabist,False,True,False
araceae,True,True,False
arachis,True,True,False
arachnida,True,False,False
arafat,True,False,False
aragon,True,True,False
araguaia,True,False,False
araguaya,True,False,False
arales,True,True,False
araliaceae,True,True,False
aram,True,False,False
aramaic,False,True,False
aramus,True,False,False
aranea,True,False,False
araneae,True,False,False
araneida,True,True,False
araneus,True,True,False
aranyaka,True,True,False
arapaho,False,True,False
ararat,True,False,False
aras,True,False,False
arauca,True,False,False
araucariaceae,True,True,False
araujia,True,True,False
arawak,False,True,False
arawn,True,True,False
araxes,True,False,False
arca,True,False,False
arcadia,True,False,False
arcellidae,True,False,False
arceuthobium,True,True,False
archaeornithes,True,True,False
archaeozoic,True,False,False
archean,True,True,False
archeozoic,True,False,False
archiannelida,True,False,False
archidiskidon,True,False,False
archilochus,True,True,False
archimedes,True,True,False
archosargus,True,True,False
archosauria,True,False,False
arcidae,True,False,False
arctic,True,True,True
arctictis,True,False,False
arctiidae,True,False,False
arctium,True,True,False
arctocebus,True,False,False
arctocephalus,True,True,False
arctonyx,True,False,False
arctostaphylos,True,True,False
arctotis,True,True,False
arcturus,True,True,False
ardea,True,False,False
ardeidae,True,False,False
ardennes,True,True,False
ardisia,True,True,False
arecaceae,True,True,False
arecidae,True,True,False
arenaria,True,False,False
arendt,True,False,False
arenga,True,True,False
areopagus,False,True,False
arequipa,True,True,False
ares,True,True,False
argasidae,True,True,False
argentina,True,True,False
argentinidae,True,True,False
argiope,True,False,False
argiopidae,True,False,False
argo,True,True,False
argonaut,True,False,True
argonauta,True,False,False
argonautidae,True,True,False
argonauts,True,False,False
argonne,True,False,False
argos,True,False,False
argun,True,False,False
argusianus,True,False,False
argynnis,True,True,False
argyranthemum,True,True,False
argyreia,True,True,False
argyrol,False,True,False
argyrotaenia,True,True,False
argyroxiphium,True,True,False
arhat,False,True,False
arhus,True,False,False
ariadne,True,True,False
ariana,True,True,False
arianism,False,True,False
arianrhod,True,True,False
arianrod,True,False,False
ariidae,True,True,False
arikara,False,True,False
arilus,True,True,False
ariocarpus,True,True,False
ariomma,True,True,False
arisaema,True,True,False
arisarum,True,True,False
aristarchus,True,False,False
aristolochia,True,True,False
aristolochiaceae,True,True,False
aristolochiales,True,True,False
aristophanes,True,True,False
aristotelia,True,False,False
aristotelianism,False,True,False
aristotle,True,True,False
arius,True,True,False
arizona,True,True,False
arjuna,True,True,False
ark,True,False,True
arkansas,True,True,False
arlington,True,False,False
armadillidiidae,True,True,False
armadillidium,True,True,False
armageddon,True,True,True
armagnac,False,True,False
armenia,True,True,False
armeria,True,True,False
armillaria,True,True,False
armillariella,True,False,False
armin,True,True,False
arminianism,False,True,False
arminius,True,True,False
armoracia,True,True,False
armstrong,True,False,False
army,False,True,True
arnhem,True,True,False
arno,True,True,False
arnold,True,False,False
arnoseris,True,True,False
arouet,True,False,False
arp,True,False,False
arrhenatherum,True,True,False
arrhenius,True,False,False
artamidae,True,True,False
artamus,True,False,False
artaxerxes,True,False,False
artemia,True,False,False
artemis,True,True,False
arthropoda,True,False,False
arthropteris,True,True,False
arthur,True,True,False
artiodactyla,True,False,False
artocarpus,True,True,False
artois,True,True,False
artsakh,True,False,False
aruba,True,True,False
arundinaria,True,True,False
arundo,True,True,False
aruru,True,False,False
arvicola,True,True,False
aryan,False,True,False
asahikawa,True,True,False
asama,True,False,False
asanga,True,True,False
asarum,True,True,False
ascaphidae,True,False,False
ascaphus,True,False,False
ascaridae,True,False,False
ascaridia,True,True,False
ascaris,True,True,False
asch,True,False,False
aschelminthes,True,False,False
ascidiaceae,True,False,False
asclepiadaceae,True,False,False
asclepias,True,True,False
asclepius,True,True,False
ascomycetes,True,False,False
ascomycota,True,True,False
ascomycotina,True,False,False
ascophyllum,True,True,False
asgard,False,True,False
ashe,True,False,False
asheville,True,False,False
ashgabat,True,False,False
ashir,True,True,False
ashkhabad,True,False,False
ashton,True,False,False
ashtoreth,True,False,False
ashur,True,False,False
ashurbanipal,True,True,False
asia,False,True,False
asilidae,True,True,False
asimina,True,True,False
asimov,True,False,False
asin,False,True,False
asio,True,True,False
asklepios,True,False,False
asmara,True,True,False
asmera,True,False,False
aspadana,True,False,False
aspalathus,True,True,False
asparagaceae,True,True,False
aspergillaceae,True,True,False
aspergillales,True,False,False
aspergillus,True,True,False
asperula,True,True,False
asphodelaceae,True,True,False
asphodeline,True,True,False
asphodelus,True,True,False
aspidelaps,True,True,False
aspidiotus,True,True,False
aspidophoroides,True,True,False
aspinwall,True,False,False
aspis,True,True,False
aspleniaceae,True,True,False
asplenium,True,True,False
assam,True,True,False
assault,True,True,True
assouan,True,False,False
assuan,True,False,False
assur,True,True,False
assurbanipal,True,False,False
assyria,True,True,False
assyriology,False,True,False
astacidae,True,True,False
astacura,True,False,False
astacus,True,True,False
astaire,True,False,False
astana,True,True,False
astarte,True,True,False
asteraceae,True,True,False
asteridae,True,True,False
asteroidea,True,False,False
astor,True,False,False
astragalus,True,False,True
astrakhan,True,True,True
astreus,True,False,False
astroloma,True,True,False
astronium,True,True,False
astrophyton,True,True,False
astropogon,True,False,False
asuncion,True,False,False
asur,True,False,False
asura,True,True,False
asurbanipal,True,False,False
aswan,True,True,False
atakapa,False,True,False
ataturk,True,False,False
ate,True,False,False
ateles,True,False,False
aten,True,True,False
athanasius,True,False,False
atharvaveda,True,False,False
athelstan,True,False,False
athena,True,True,False
athene,True,False,False
athens,True,True,False
atherinidae,True,False,False
atherinopsis,True,False,False
atherurus,True,False,False
athinai,True,False,False
athiorhodaceae,True,False,False
athos,True,False,False
athrotaxis,True,True,False
athyriaceae,True,True,False
athyrium,True,True,False
atlanta,True,True,False
atlantic,True,False,False
atlantis,False,True,False
atlas,True,True,True
aton,True,False,False
atreus,True,True,False
atrichornis,True,False,False
atrichornithidae,True,False,False
atriplex,True,True,False
atropa,True,True,False
atropidae,True,False,False
atropos,True,True,False
atsugewi,False,True,False
attalea,True,False,False
attic,False,True,True
attica,True,True,False
atticus,True,False,False
attila,True,True,False
attilio,False,True,False
attlee,True,False,False
auchincloss,True,True,False
auckland,True,True,False
aucuba,True,True,False
auden,True,False,False
audubon,True,True,False
augeas,True,True,False
august,False,True,False
augusta,True,False,False
augustine,True,False,False
augustus,True,True,False
aulacorhyncus,True,False,False
aulostomidae,True,False,False
aulostomus,True,False,False
aum,True,False,False
aurelius,True,False,False
aureolaria,True,True,False
auricularia,True,True,False
auriculariaceae,True,True,False
auriculariales,True,True,False
auriga,True,False,False
auriparus,True,False,False
aurora,True,True,True
auschwitz,True,False,False
aussie,False,True,False
austen,True,False,False
austerlitz,True,False,False
austin,True,False,False
australasia,True,True,False
australia,True,True,False
australopithecus,True,True,False
austria,True,True,False
austrocedrus,True,True,False
austronesia,True,False,False
austrotaxus,True,True,False
automeris,True,True,False
auvergne,True,True,False
avahi,True,False,False
avalokiteshvara,True,False,False
avalokitesvara,True,False,False
avena,True,True,False
averrhoa,True,True,False
averroes,True,True,False
aves,True,False,False
avesta,True,True,False
avestan,False,True,False
avicenna,True,True,False
avicennia,True,True,False
avicenniaceae,True,False,False
avignon,True,True,False
avogadro,True,False,False
avon,True,False,False
ayr,True,True,False
ayrshire,False,True,False
aythya,True,True,False
ayurveda,True,True,False
azadirachta,True,True,False
azaleastrum,True,False,False
azerbaijan,True,True,False
azerbajdzhan,True,False,False
azolla,True,True,False
azollaceae,True,False,False
azores,True,True,False
baal,True,True,False
babar,True,True,False
babel,True,False,True
babesiidae,True,True,False
babylon,True,True,False
babylonia,True,True,False
babyrousa,True,False,False
bacchanalia,False,True,True
baccharis,True,True,False
bacchus,True,False,False
bacillaceae,True,True,False
bacillariophyceae,True,False,False
bacon,True,True,True
bacteroidaceae,True,True,False
bacteroides,True,True,False
badger,False,True,True
badlands,True,True,True
baeda,True,False,False
baedeker,True,True,True
bagdad,True,False,False
baghdad,True,True,False
bahamas,True,False,False
bahrain,True,True,False
bahrein,True,False,False
baikal,True,False,False
bailey,True,False,True
baiomys,True,True,False
bairava,True,False,False
bairdiella,True,True,False
bairiki,True,True,False
bakelite,False,True,False
bakersfield,True,False,False
baku,True,True,False
bakunin,True,False,False
balaena,True,True,False
balaeniceps,True,False,False
balaenicipitidae,True,True,False
balaenidae,True,True,False
balaenoptera,True,True,False
balaenopteridae,True,False,False
balanchine,True,False,False
balanidae,True,True,False
balanus,True,True,False
balarama,True,True,False
balaton,True,False,False
balboa,True,False,True
balder,True,False,False
baldr,True,True,False
bale,True,False,True
balenciaga,True,True,False
balfour,True,False,False
bali,True,True,False
balistes,True,True,False
balistidae,True,False,False
balkans,True,True,False
ball,True,True,True
ballistite,False,True,False
ballota,True,True,False
balsaminaceae,True,True,False
balsamorhiza,True,True,False
balthasar,True,False,False
balthazar,True,False,False
baltimore,True,True,False
balzac,True,False,False
bam,True,False,True
bamako,True,True,False
bambusa,True,True,False
bambuseae,True,True,False
bandung,True,True,False
banff,True,False,False
bangalore,True,True,False
bangiaceae,True,True,False
bangkok,True,True,False
bangladesh,True,True,False
bangor,True,False,False
bangui,True,True,False
banjul,True,True,False
bankhead,True,False,False
bankia,True,True,False
banks,True,False,False
bannister,True,False,True
bannockburn,True,True,False
banting,True,True,True
baphia,True,True,False
baptisia,True,True,False
baptists,False,True,False
baraka,True,False,False
barany,True,False,False
barbados,True,True,False
barbarea,True,True,False
barbarossa,True,False,False
barbary,True,False,False
barber,True,True,True
barbuda,True,True,False
barcelona,True,True,False
bardeen,True,True,False
bari,True,True,False
barish,False,True,False
barkley,True,False,False
barnum,True,False,False
baroque,True,True,True
barranquilla,True,True,False
barrie,True,True,False
barrymore,True,True,False
barstow,True,False,False
bart,False,True,False
barth,True,False,False
barthelme,True,True,False
bartholdi,True,True,False
bartholin,True,False,False
bartlesville,True,False,False
bartlett,True,False,True
bartok,True,False,False
bartramia,True,False,False
baruch,True,False,False
baryshnikov,True,True,False
base,True,False,True
basel,True,True,False
basia,True,True,False
basidiomycetes,True,False,False
basidiomycota,True,True,False
basidiomycotina,True,False,False
basil,True,True,True
basilicata,True,True,False
basiliscus,True,True,False
basle,True,False,False
basra,True,True,False
bassariscidae,True,False,False
bassariscus,True,True,False
basseterre,True,True,False
bassia,True,True,False
bast,True,False,True
bastet,True,False,False
bastille,True,True,True
basutoland,True,True,False
bataan,True,True,False
bath,True,False,True
bathsheba,True,True,False
bathyergidae,True,False,False
bathyergus,True,True,False
batidaceae,True,False,False
batis,True,False,False
batna,True,False,False
batoidei,True,False,False
batrachia,True,True,False
batrachoididae,True,True,False
batrachoseps,True,False,False
baudelaire,True,False,False
bauhaus,False,True,False
bauhinia,True,True,False
baum,True,True,False
bavaria,True,True,False
bayard,True,False,False
bayer,False,True,False
bayes,True,True,False
baykal,True,False,False
bayonne,True,True,False
bayrut,True,False,False
beadle,True,True,True
beantown,True,False,False
beatles,True,False,False
beatrice,True,False,False
beaujolais,False,True,False
beaumont,True,False,False
beaumontia,True,True,False
beauvoir,True,False,False
beaver,False,True,True
beaverbrook,True,False,False
becket,True,True,True
beckett,True,True,False
beckley,True,False,False
becquerel,True,True,False
beda,True,False,False
bede,True,True,False
bedouin,False,True,False
beecher,True,False,False
beelzebub,True,True,False
beerbohm,True,True,False
begin,True,False,False
begoniaceae,True,True,False
behmen,True,False,False
behrens,True,True,False
behring,True,False,False
beijing,True,True,False
beira,True,False,False
beirut,True,True,False
belamcanda,True,False,False
belarus,True,True,False
belau,True,False,False
belem,True,False,False
belemnitidae,True,False,False
belemnoidea,True,True,False
belfast,True,True,False
belgique,True,False,False
belgium,True,True,False
belgrade,True,True,False
belisarius,True,True,False
belize,True,True,False
bell,True,True,True
bellarmine,True,False,True
bellarmino,True,True,False
bellerophon,True,True,False
bellingham,True,False,False
bellini,True,True,False
bellis,True,True,False
belloc,True,True,False
bellow,True,False,True
belmont,True,False,False
belonidae,True,False,False
belorussia,True,False,False
belostomatidae,True,True,False
belsen,True,False,False
belshazzar,True,True,False
bemidji,True,False,False
bemisia,True,True,False
benadryl,False,True,False
benchley,True,True,False
bend,True,False,True
benedict,True,False,True
benelux,False,True,False
benet,True,False,False
bengal,True,True,False
benghazi,True,True,False
benin,True,True,False
benjamin,True,True,True
bennett,True,False,False
bennettitaceae,True,False,False
bennettitales,True,True,False
bennettitis,True,False,False
bennington,True,False,False
benny,True,True,True
bentham,True,False,False
benton,True,False,False
benzoin,True,False,True
beograd,True,False,False
beowulf,True,True,False
berberidaceae,True,True,False
berberis,True,True,False
berbers,False,True,False
berbery,True,False,False
bercy,False,True,False
berg,True,False,True
bergen,True,True,False
bergman,True,True,False
bergson,True,False,False
beria,True,False,False
bering,True,False,False
berkeley,True,False,False
berkshire,True,True,False
berkshires,True,True,False
berlage,True,False,False
berlin,True,True,True
berlioz,True,False,False
bermuda,True,True,False
bermudas,True,False,False
bern,True,True,False
bernard,True,True,False
berne,True,False,False
bernhardt,True,True,False
bernini,True,False,False
bernoulli,True,False,False
bernstein,True,True,False
berra,True,True,False
berry,True,True,True
berteroa,True,True,False
bertholletia,True,False,False
bertillon,True,True,False
bertolucci,True,False,False
berycomorphi,True,False,False
berzelius,True,False,False
bessel,True,False,False
bessemer,True,False,False
bessera,True,True,False
besseya,True,False,False
best,True,False,True
beta,True,True,True
betelgeuse,True,True,False
bethe,True,True,False
bethlehem,True,True,False
bethune,True,False,False
bettongia,True,False,False
betula,True,False,False
betulaceae,True,True,False
beveridge,True,True,False
bevin,True,False,False
bhadon,False,True,False
bhaga,True,True,False
bhagavadgita,True,False,False
bharat,True,False,False
bhutan,True,True,False
bible,False,True,True
bibos,True,False,False
bida,True,True,False
bidens,True,True,False
bierce,True,True,False
bigfoot,True,True,False
bighorn,True,False,True
bignonia,True,True,False
bignoniaceae,True,True,False
bihar,True,True,False
bikini,True,True,True
billings,True,False,False
binet,True,True,False
binghamton,True,False,False
bioko,True,True,False
birmingham,True,True,False
bisayas,True,False,False
biscutella,True,True,False
bishkek,True,True,False
biskek,True,False,False
bismarck,True,False,False
bissau,True,True,False
bithynia,True,True,False
bitis,True,True,False
bittacidae,True,False,False
bivalvia,True,True,False
bizet,True,False,False
blaberus,True,True,False
black,False,True,True
blackbeard,True,True,False
blackburn,False,True,False
blackpool,True,True,False
blacksburg,True,False,False
blair,True,True,False
blake,True,False,False
blandfordia,True,True,False
blantyre,True,True,False
blarina,True,True,False
blastocladia,True,True,False
blastocladiales,True,False,False
blastodiaceae,True,False,False
blastomyces,True,True,False
blatta,True,True,False
blattaria,True,False,False
blattella,True,True,False
blattidae,True,True,False
blattodea,True,True,False
blechnaceae,True,True,False
blechnum,True,True,False
blenheim,True,False,False
blenniidae,True,False,False
blennioidea,True,False,False
blennius,True,True,False
blephilia,True,True,False
bleriot,True,False,False
bletilla,True,True,False
blida,True,True,False
bligh,True,False,False
blighia,True,True,False
blighty,True,True,False
blimp,False,True,True
blissus,True,True,False
blitzstein,True,True,False
blixen,True,False,False
bloch,True,True,False
bloemfontein,True,True,False
blok,True,False,False
bloomeria,True,True,False
bloomfield,True,False,False
bloomington,True,False,False
bloomsbury,True,True,False
bluebeard,True,True,False
bluegrass,True,False,True
boann,True,True,False
boccaccio,True,False,False
boddhisatva,True,False,False
bodensee,True,False,False
bodhisattva,True,True,False
bodoni,False,True,False
boehm,True,True,False
boehme,True,False,False
boehmeria,True,True,False
boell,True,False,False
boeotia,True,True,False
boethius,True,True,False
bogart,True,False,False
bogota,True,False,False
bohemia,True,True,True
bohme,True,False,False
bohr,True,False,False
boidae,True,True,False
boise,True,False,False
bokkos,False,True,False
bolbitis,True,True,False
boletaceae,True,True,False
boletellus,True,True,False
boletus,True,True,False
boleyn,True,True,False
bolingbroke,True,False,False
bolivar,True,False,True
bolivia,True,True,True
bologna,True,True,True
bolshevism,False,True,False
boltonia,True,True,False
boltzmann,True,False,False
bolzano,True,True,False
bomarea,True,True,False
bombacaceae,True,True,False
bombax,True,True,False
bombay,True,False,False
bombina,True,False,False
bombus,True,False,False
bombycidae,True,True,False
bombycilla,True,False,False
bombycillidae,True,False,False
bombyliidae,True,True,False
bombyx,True,True,False
bonaire,True,True,False
bonaparte,True,False,False
bonasa,True,False,False
bond,True,False,True
bonete,True,True,False
bonhoeffer,True,False,False
boniface,True,False,True
bonn,True,True,False
bonney,True,False,False
bontemps,True,True,False
book,False,True,True
boole,True,False,False
boone,True,False,False
bootes,True,False,False
booth,True,False,True
boraginaceae,True,True,False
borago,True,True,False
borassus,True,True,False
bordeaux,False,True,False
boreas,True,False,True
borges,True,False,False
borgia,True,False,False
born,True,False,False
borneo,True,True,False
borodin,True,False,False
borodino,True,False,False
bos,True,True,False
bosch,True,False,False
bose,True,False,False
boselaphus,True,True,False
bosnia,True,False,False
bosphorus,True,False,False
bosporus,True,True,False
boston,True,True,False
boswellia,True,True,False
botaurus,True,True,False
bothidae,True,True,False
bothrops,True,True,False
botrychium,True,True,False
botswana,True,True,False
botticelli,True,False,False
bougainvillaea,True,False,False
bougainville,True,False,False
boulder,True,True,True
boulez,True,False,False
bounty,True,False,True
bourgogne,True,False,False
bourse,True,False,False
bouteloua,True,True,False
bouvines,True,True,False
bovidae,True,True,False
bovinae,True,True,False
bovini,True,True,False
bovril,False,True,False
bowditch,True,False,False
bowdler,True,True,False
bowery,True,True,False
bowie,True,False,False
bowiea,True,True,False
boykinia,True,True,False
boyle,True,True,False
boyne,True,False,False
bozeman,True,False,False
brachinus,True,True,False
brachiopoda,True,False,False
brachychiton,True,True,False
brachycome,True,False,False
brachystegia,True,True,False
brachyura,True,False,False
bradbury,True,False,False
bradford,True,True,False
bradley,True,False,False
bradstreet,True,True,False
brady,True,False,False
bradypodidae,True,False,False
bradypus,True,False,False
braga,True,True,False
brage,True,False,False
bragg,True,False,False
bragi,True,True,False
brahe,True,True,False
brahma,False,True,False
brahman,False,True,True
brahmana,True,True,False
brahmaputra,True,False,False
brahmin,False,True,True
braille,True,True,True
brama,True,False,False
bramante,True,False,False
bramidae,True,False,False
branchiobdella,True,True,False
branchiobdellidae,True,True,False
branchiopoda,True,True,False
branchiostegidae,True,False,False
branchiostomidae,True,False,False
branchiura,True,False,False
brancusi,True,False,False
brandenburg,True,True,False
brandt,True,False,False
branta,True,True,False
braque,True,False,False
brasenia,True,True,False
brasil,True,False,False
brasilia,True,False,False
brasov,True,False,False
brassia,True,True,False
brassica,True,True,False
brassicaceae,True,True,False
bratislava,True,True,False
brattleboro,True,False,False
braun,True,True,False
braunschweig,True,True,False
brazil,True,True,True
brazos,True,False,False
brazzaville,True,True,False
brecht,True,False,False
breiz,True,False,False
bremen,True,True,False
bremerhaven,True,True,False
brescia,True,True,False
breslau,True,False,False
brest,True,False,False
bretagne,True,False,False
breuer,True,True,False
breughel,True,False,False
brevicipitidae,True,True,False
brevoortia,True,True,False
brezhnev,True,False,False
brickellia,True,True,False
bride,True,True,True
bridgeport,True,False,False
bridges,True,False,False
bridget,True,True,False
bridgetown,True,True,False
brie,False,True,False
brighton,True,True,False
brigid,True,True,False
brigit,True,False,False
brihaspati,True,True,False
brindisi,True,True,False
brinton,True,False,False
brisbane,True,True,False
bristol,True,True,False
britain,True,False,False
brittany,True,True,False
britten,True,False,False
brno,True,True,False
broadway,True,False,False
brobdingnag,False,True,False
broca,True,False,False
brockhouse,True,False,False
broglie,True,False,False
bromberg,True,False,False
bromelia,True,True,False
bromeliaceae,True,True,False
bromus,True,True,False
bronte,True,False,False
bronx,True,False,False
brooke,True,False,False
brooklyn,True,True,False
brooks,True,False,False
brosmius,True,False,False
brother,False,True,True
brotulidae,True,False,False
broussonetia,True,True,False
brown,True,True,True
browne,True,True,False
browning,True,False,True
brownsville,True,False,False
bruce,True,True,False
brucella,False,True,False
bruch,True,False,False
bruchidae,True,False,False
bruchus,True,True,False
bruckenthalia,True,False,False
bruckner,True,False,False
bruegel,True,False,False
brueghel,True,False,False
bruges,True,True,False
brugmansia,True,True,False
brumaire,False,True,False
brummagem,True,True,False
brummell,True,False,False
brunanburh,True,False,False
brunei,True,True,False
brunelleschi,True,False,False
brunfelsia,True,True,False
brunhild,True,True,False
brunn,True,False,False
brunnhilde,True,False,False
bruno,True,False,False
brunswick,True,False,False
brusa,True,False,False
brussels,True,True,False
brutus,True,False,False
bruxelles,True,False,False
brya,True,True,False
bryaceae,True,True,False
bryales,True,True,False
bryan,True,False,False
brynhild,True,False,False
brynhildr,True,False,False
bryophyta,True,False,False
bryopsida,True,True,False
bryozoa,True,True,False
bryum,True,True,False
bubalus,True,True,False
buber,True,True,False
bubo,True,True,True
bubulcus,True,False,False
buccinidae,True,True,False
bucconidae,True,False,False
bucephala,True,False,False
buceros,True,True,False
bucerotidae,True,False,False
buchanan,True,False,False
bucharest,True,True,False
bucharesti,True,False,False
buchenwald,True,False,False
buchloe,True,True,False
buchner,True,True,False
buck,True,False,True
bucuresti,True,False,False
budai,True,False,False
budapest,True,True,False
buddhism,False,True,False
budge,True,False,False
budorcas,True,True,False
buffalo,True,False,True
bufonidae,True,False,False
buganda,True,True,False
bujumbura,True,True,False
bukharin,True,False,False
bulawayo,True,True,False
bulgaria,True,True,False
bull,False,True,True
bullfinch,True,True,True
bulnesia,True,True,False
bultmann,True,False,False
bumelia,True,False,False
bunche,True,True,False
bungarus,True,True,False
bunsen,True,True,True
bunuel,True,False,False
bunyan,True,False,False
buphthalmum,True,True,False
burbage,True,False,False
burbank,True,False,False
burberry,False,True,False
burger,True,False,True
burgess,True,False,True
burgoyne,True,True,False
burgundy,False,True,True
burhinidae,True,False,False
burhinus,True,True,False
burk,True,False,False
burke,True,True,False
burlington,True,False,False
burma,True,False,False
burmannia,True,False,False
burmanniaceae,True,True,False
burmeisteria,True,True,False
burnett,True,False,False
burnham,True,False,False
burns,True,False,False
burnside,True,False,True
burr,True,False,True
burroughs,True,False,False
bursa,True,True,True
bursera,True,True,False
burseraceae,True,True,False
burt,True,True,False
burundi,True,True,False
busan,True,False,False
bush,True,False,True
bushido,False,True,False
bushnell,True,False,False
butea,True,True,False
buteo,True,True,False
butler,True,True,True
butte,True,True,True
butterfield,True,False,False
buxaceae,True,True,False
buxus,True,True,False
byblos,True,True,False
bydgoszcz,True,True,False
byelarus,True,False,False
byelorussia,True,False,False
byrd,True,False,False
byron,True,False,False
byzantinism,False,True,False
byzantium,True,True,False
caaba,True,False,False
cabell,True,True,False
cabomba,True,True,False
cabombaceae,True,True,False
cabot,True,False,False
cacajao,True,False,False
cacalia,True,True,False
cacatua,True,True,False
cachi,True,False,False
cacicus,True,False,False
cactaceae,True,False,False
caddo,False,True,False
cadiz,True,False,False
cadmus,False,True,False
cadra,True,True,False
caeciliadae,True,False,False
caeciliidae,True,True,False
caelum,True,True,False
caenolestes,True,True,False
caenolestidae,True,False,False
caesalpinia,True,True,False
caesalpiniaceae,True,False,False
caesalpinioideae,True,True,False
caesar,True,False,False
caesarea,True,False,False
caesarism,False,True,False
caesaropapism,False,True,False
cage,True,True,True
cagliostro,True,False,False
cagney,True,True,False
cain,True,True,False
cairina,True,False,False
cairo,True,True,False
caitra,False,True,False
cajanus,True,True,False
cakile,True,True,False
calabria,True,True,False
calais,True,True,False
calamagrostis,True,True,False
calamintha,True,False,False
calamus,True,False,True
calandrinia,True,True,False
calcutta,True,False,False
calder,True,False,False
calderon,True,False,False
caldwell,True,False,False
caledonia,True,True,False
calgary,True,True,False
cali,True,True,False
calidris,True,True,False
california,True,True,False
caligula,True,True,False
caliphate,True,True,True
calla,True,True,True
callas,True,False,False
callicebus,True,True,False
callimorpha,True,True,False
callinectes,True,True,False
callionymidae,True,False,False
calliope,True,True,True
calliophis,True,True,False
calliphora,True,True,False
calliphoridae,True,True,False
callirhoe,True,False,False
callisaurus,True,False,False
callistephus,True,True,False
callisto,True,False,False
callithricidae,True,False,False
callithrix,True,True,False
callitrichaceae,True,False,False
callitriche,True,True,False
callitris,True,True,False
callophis,True,False,False
callorhinus,True,True,False
calluna,True,True,False
calocarpum,True,False,False
calocedrus,True,True,False
calochortus,True,True,False
caloocan,True,True,False
caloosahatchee,True,False,False
calophyllum,True,True,False
calopogon,True,True,False
calorie,False,True,True
calostomataceae,True,False,False
calpe,True,True,False
caltha,True,True,False
calvados,False,True,False
calvary,True,True,True
calvatia,True,True,False
calvin,True,False,False
calvinism,False,True,False
calvino,True,False,False
calycanthaceae,True,True,False
calycanthus,True,True,False
calycophyllum,True,True,False
calystegia,True,True,False
cam,True,False,True
camassia,True,True,False
cambarus,True,True,False
cambodia,True,True,False
cambria,True,True,False
cambrian,False,True,False
cambridge,True,True,False
camden,True,False,False
camelidae,True,True,False
camelina,True,True,False
camelot,True,True,False
camelus,True,False,False
camembert,False,True,False
cameroon,True,True,False
cameroun,True,False,False
camlan,True,False,False
camorra,False,True,False
campania,True,True,False
campanulaceae,True,True,False
campanulales,True,True,False
campbell,True,False,False
campeche,True,True,False
campephilus,True,True,False
camponotus,True,False,False
camptosorus,True,False,False
campyloneurum,True,True,False
campylorhynchus,True,True,False
camus,True,False,False
canaan,True,True,False
canachites,True,False,False
canada,True,True,False
cananga,True,True,False
canangium,True,False,False
canara,True,False,False
canaries,True,False,False
canavalia,True,True,False
canberra,True,True,False
cancer,False,True,True
cancridae,True,True,False
cancun,True,False,False
candlemas,False,True,False
canellaceae,True,True,False
canetti,True,True,False
canicula,True,False,False
canidae,True,True,False
canis,True,True,False
cannabidaceae,True,False,False
cannaceae,True,False,False
cannae,True,True,False
cannes,True,True,False
canopus,True,True,False
cantabrigian,False,True,False
canterbury,True,True,False
cantharellus,True,True,False
canticles,True,False,False
canton,True,False,True
cantonese,False,True,False
canuck,False,True,False
canute,True,False,False
capek,True,False,False
capella,True,True,False
capet,True,False,False
capital,True,False,True
capitol,True,False,True
capitonidae,True,False,False
capone,True,False,False
caporetto,True,False,False
cappadocia,True,True,False
capparidaceae,True,False,False
capparis,True,True,False
capra,True,False,False
caprella,True,True,False
capreolus,True,True,False
capri,True,True,False
capricornis,True,False,False
capricornus,True,True,False
caprifoliaceae,True,True,False
caprimulgidae,True,False,False
caprimulgiformes,True,False,False
caprimulgus,True,True,False
caproidae,True,True,False
capromyidae,True,False,False
capros,True,False,False
capsella,True,False,False
capsicum,True,True,True
capsidae,True,False,False
carabidae,True,False,False
caracas,True,True,False
carangidae,True,True,False
caranx,True,True,False
carapidae,True,False,False
carassius,True,True,False
caravaggio,True,True,False
carbondale,True,False,False
carboniferous,True,True,False
carcharhinidae,True,False,False
carcharhinus,True,True,False
carcharias,True,True,False
carchariidae,True,False,False
carcharodon,True,True,False
cardamine,True,True,False
cardiff,True,True,False
cardiidae,True,False,False
cardiospermum,True,True,False
cardium,True,False,False
carducci,True,True,False
carduelinae,True,True,False
carduelis,True,True,False
carduus,True,True,False
caretta,True,False,False
carew,True,False,False
carex,True,True,False
cariama,True,False,False
cariamidae,True,False,False
caribbean,True,True,False
caribees,True,False,False
carica,True,True,False
caricaceae,True,True,False
carina,True,False,True
carioca,False,True,True
carlina,True,True,False
carlos,True,False,False
carlsbad,True,False,False
carlyle,True,False,False
carmichael,True,False,False
carnegie,True,False,False
carnegiea,True,False,False
carnivora,True,True,False
carnosaura,True,False,False
carnot,True,False,False
carolina,True,False,False
carolinas,True,True,False
carolus,True,False,False
carothers,True,True,False
carpathians,True,False,False
carpentaria,True,True,False
carphophis,True,True,False
carpinaceae,True,False,False
carpinus,True,False,False
carpobrotus,True,True,False
carpocapsa,True,False,False
carpodacus,True,False,False
carrel,True,True,True
carrere,True,False,False
carroll,True,False,False
carson,True,False,False
cartagena,True,False,False
carter,True,False,True
carthage,True,True,False
carthamus,True,True,False
cartier,True,False,False
cartwright,True,False,True
carum,True,True,False
caruso,True,False,False
carver,True,False,True
carya,True,False,False
caryocar,True,True,False
caryocaraceae,True,True,False
caryophyllaceae,True,True,False
caryophyllales,True,True,False
caryophyllidae,True,True,False
caryota,True,True,False
casablanca,True,True,False
casals,True,False,False
cascades,True,False,False
cash,True,True,True
cashmere,True,False,True
casmerodius,True,False,False
caspar,True,True,False
casper,True,False,False
caspian,True,False,False
cassandra,True,True,False
cassia,True,False,True
cassiope,True,True,False
cassiopeia,True,False,False
cassirer,True,True,False
cassius,True,False,False
castanea,True,False,False
castanopsis,True,True,False
castanospermum,True,True,False
castile,True,False,False
castilla,True,False,False
castilleia,True,False,False
castilleja,True,True,False
castor,True,False,True
castoridae,True,True,False
castoroides,True,True,False
castries,True,True,False
castro,True,False,False
casuaridae,True,False,False
casuariiformes,True,True,False
casuarinaceae,True,True,False
casuarinales,True,False,False
casuarius,True,False,False
catacala,True,False,False
catalonia,True,True,False
catasetum,True,True,False
caterpillar,False,True,True
catha,True,False,False
catharacta,True,False,False
catharanthus,True,True,False
catharism,False,True,False
cathartes,True,True,False
cathartidae,True,False,False
cathay,True,True,False
cathaya,False,True,False
cather,True,True,False
catherine,True,False,False
catholicity,False,True,True
catholicos,False,True,False
catoptrophorus,True,False,False
catostomidae,True,True,False
catostomus,True,True,False
catskills,True,False,False
cattell,True,False,False
catullus,True,True,False
caucasia,True,False,False
caucasus,True,True,False
caudata,True,True,False
caulophyllum,True,True,False
cavalier,False,True,True
cavell,True,False,False
cavendish,True,False,False
cavia,True,True,False
caviidae,True,True,False
caxton,True,False,False
cebidae,True,True,False
cebu,True,True,False
cebuella,True,False,False
cebus,True,False,False
cecidomyidae,True,False,False
cecropia,True,True,True
cecropiaceae,True,False,False
cedrela,True,True,False
cedrus,True,True,False
ceiba,True,True,False
celastraceae,True,True,False
celastrus,True,True,False
celebes,True,False,False
cellini,True,False,False
celosia,True,True,False
celsius,True,True,False
celtis,True,True,False
cenchrus,True,True,False
cenozoic,True,True,False
centaur,True,True,True
centaurea,True,True,False
centaurium,True,True,False
centaurus,True,True,False
centranthus,True,True,False
centrarchidae,True,True,False
centre,True,False,True
centriscidae,True,True,False
centrocercus,True,True,False
centrolobium,True,True,False
centropomidae,True,False,False
centropomus,True,True,False
centropristis,True,True,False
centropus,True,False,False
centrosema,True,True,False
centrospermae,True,True,False
centunculus,True,False,False
cephalanthera,True,True,False
cephalaspida,True,False,False
cephalobidae,True,True,False
cephalochordata,True,False,False
cephalopoda,True,False,False
cephalopterus,True,False,False
cephalotaceae,True,False,False
cephalotaxaceae,True,False,False
cephalotaxus,True,True,False
cephalotus,True,True,False
cepheus,True,False,False
cepphus,True,True,False
cerambycidae,True,False,False
cerapteryx,True,True,False
cerastium,True,True,False
ceratitis,True,True,False
ceratodontidae,True,True,False
ceratonia,True,True,False
ceratopetalum,True,True,False
ceratophyllaceae,True,True,False
ceratophyllum,True,True,False
ceratopogon,True,True,False
ceratopogonidae,True,True,False
ceratopsia,True,True,False
ceratopsidae,True,True,False
ceratopteris,True,True,False
ceratostomataceae,True,True,False
ceratostomella,True,True,False
ceratotherium,True,True,False
cerberus,False,True,False
cercidiphyllaceae,True,False,False
cercidiphyllum,True,True,False
cercidium,True,False,False
cercis,True,True,False
cercocebus,True,False,False
cercopidae,True,True,False
cercopithecidae,True,False,False
cercopithecus,True,False,False
cercospora,True,True,False
cercosporella,True,True,False
ceres,True,False,False
cereus,True,False,False
ceroxylon,True,True,False
certhia,True,True,False
certhiidae,True,False,False
cervantes,True,False,False
cervidae,True,False,False
cervus,True,True,False
ceryle,True,False,False
cestida,True,False,False
cestidae,True,True,False
cestoda,True,True,False
cestrum,True,True,False
cestum,True,False,False
cetacea,True,True,False
ceterach,True,False,False
cetonia,True,True,False
cetoniidae,True,False,False
cetorhinidae,True,True,False
cetorhinus,True,False,False
cetraria,True,True,False
cetus,True,True,False
ceylon,True,False,False
ceylonite,False,True,True
cezanne,True,False,False
chabad,False,True,False
chablis,False,True,False
chad,False,True,True
chaenomeles,True,True,False
chaenopsis,True,True,False
chaeronea,True,True,False
chaetodipterus,True,True,False
chaetodontidae,True,False,False
chaetognatha,True,True,False
chagall,True,False,False
chain,True,True,True
chait,False,True,False
chalcedon,False,True,False
chalcidae,True,False,False
chalcididae,True,True,False
chalcis,True,True,False
chalcostigma,True,True,False
chaldaea,True,False,False
chaldea,True,True,False
chalons,True,False,False
chamaea,True,False,False
chamaecrista,True,True,False
chamaecyparis,True,True,False
chamaecytisus,True,True,False
chamaedaphne,True,True,False
chamaeleo,True,True,False
chamaeleon,True,True,True
chamaeleonidae,True,False,False
chamaeleontidae,True,False,False
chamaemelum,True,True,False
chamberlain,True,False,True
chambers,True,False,False
chameleon,True,True,True
champagne,True,True,True
champaign,True,False,True
champlain,True,False,False
champollion,True,False,False
chancellor,False,True,True
chancellorsville,True,False,False
chandi,True,True,False
chandler,True,False,True
chang,True,False,False
changan,True,False,False
changjiang,True,False,False
changtzu,True,False,False
channidae,True,False,False
chaos,True,False,True
chaplin,True,False,False
chapman,True,False,True
chapultepec,True,True,False
chara,True,False,False
characeae,True,True,False
characidae,True,True,False
characinidae,True,False,False
charadrii,True,False,False
charadriidae,True,True,False
charadriiformes,True,True,False
charadrius,True,True,False
charales,True,True,False
charcot,True,False,False
chardonnay,False,True,False
chari,True,False,False
charina,True,True,False
charioteer,True,False,True
charlemagne,True,True,False
charleroi,True,True,False
charles,True,True,False
charlestown,True,False,False
charlotte,True,False,True
charlottetown,True,True,False
charon,False,True,False
charophyceae,True,True,False
charronia,True,False,False
chartism,False,True,False
chartres,True,True,False
charybdis,False,True,False
chase,True,False,True
chateura,True,False,False
chattahoochee,True,False,False
chattanooga,True,False,False
chaucer,True,False,False
chauna,True,True,False
chavez,True,False,False
chechenia,True,False,False
chechnya,True,True,False
cheddar,True,False,True
cheever,True,True,False
cheilanthes,True,True,False
cheiranthus,True,False,False
chekhov,True,False,False
chekov,True,False,False
chelicerata,True,True,False
chelidonium,True,True,False
chelifer,True,False,False
chelone,True,False,False
chelonethida,True,False,False
chelonia,True,False,False
chelonidae,True,False,False
cheloniidae,True,True,False
chelyabinsk,True,True,False
chelydra,True,True,False
chelydridae,True,True,False
chemnitz,True,True,False
chemulpo,True,False,False
chen,True,False,False
chennai,True,True,False
chenopodiaceae,True,False,False
chenopodiales,True,False,False
chenopodium,True,True,False
cherbourg,True,True,False
cherepovets,True,True,False
chermidae,True,False,False
chernobyl,True,True,False
cherokee,False,True,False
cherubini,True,True,False
chester,True,True,False
chesterfield,True,False,True
chesterton,True,False,False
chevalier,True,False,True
cheviots,True,False,False
cheyenne,False,True,False
chianti,False,True,False
chicago,False,True,False
chicano,False,True,False
chickamauga,True,False,False
chickasaw,False,True,False
chico,True,False,False
chile,True,True,True
chiloe,True,False,False
chilomastix,True,True,False
chilomeniscus,True,False,False
chilomycterus,True,True,False
chilopoda,True,False,False
chilopsis,True,True,False
chimaera,False,True,True
chimaeridae,True,True,False
chimakum,False,True,False
chimaphila,True,True,False
chimborazo,True,True,False
chimonanthus,True,True,False
chin,False,True,True
china,True,True,True
chinaman,False,True,False
chinchillidae,True,True,False
chiococca,True,True,False
chionanthus,True,True,False
chios,True,True,False
chipewyan,False,True,False
chippendale,True,False,False
chirico,True,False,False
chirocephalus,True,True,False
chiron,False,True,False
chironomidae,True,True,False
chironomus,True,True,False
chiroptera,True,False,False
chisinau,True,False,False
chittagong,True,True,False
chlamydera,True,True,False
chlamydiaceae,True,True,False
chlamydomonadaceae,True,True,False
chlamydomonas,True,True,False
chlamydosaurus,True,False,False
chlamyphorus,True,False,False
chloranthaceae,True,True,False
chloranthus,True,True,False
chloris,True,True,False
chlorococcales,True,True,False
chlorococcum,True,True,False
chlorophis,True,False,False
chlorophoneus,True,True,False
chlorophthalmidae,True,False,False
chlorophyceae,True,True,False
chlorophyta,False,True,False
chloroxylon,True,True,False
chlorura,True,False,False
choctaw,False,True,False
choeronycteris,True,False,False
choloepus,True,False,False
chomsky,True,False,False
chondrichthyes,True,True,False
chondrus,True,True,False
chongqing,True,True,False
chordata,True,False,False
chordeiles,True,True,False
chordospartium,True,False,False
choriotis,True,False,False
chorizagrotis,True,True,False
chorizema,True,True,False
chosen,True,False,True
christ,True,False,True
christchurch,True,True,False
christendom,False,True,False
christiania,True,False,False
christianity,False,True,False
christianization,False,True,False
christie,True,False,False
christmas,False,True,False
christmasberry,False,True,False
christmastide,False,True,False
christology,False,True,False
christopher,True,True,False
chronoperates,True,True,False
chrysaora,True,True,False
chrysemys,True,True,False
chrysobalanus,True,True,False
chrysochloridae,True,False,False
chrysochloris,True,True,False
chrysolepis,True,True,False
chrysolophus,True,True,False
chrysomelidae,True,False,False
chrysophrys,True,False,False
chrysophyceae,True,False,False
chrysophyllum,True,True,False
chrysophyta,False,True,False
chrysopidae,True,True,False
chrysopsis,True,True,False
chrysosplenium,True,True,False
chrysothamnus,True,True,False
chungking,True,False,False
churchill,True,False,False
chytridiaceae,True,True,False
chytridiales,True,True,False
chytridiomycetes,True,True,False
ciardi,True,True,False
cibotium,True,True,False
cicadellidae,True,False,False
cicadidae,True,True,False
cicer,True,True,False
cicero,True,True,True
cichlidae,True,False,False
cichorium,True,True,False
cicindelidae,True,False,False
ciconia,True,True,False
ciconiidae,True,False,False
ciconiiformes,True,False,False
cicuta,True,True,False
ciliata,True,False,False
cilioflagellata,True,False,False
ciliophora,True,False,False
cimabue,True,True,False
cimarron,True,False,True
cimex,True,True,False
cimicidae,True,True,False
cimicifuga,True,False,False
cincinnati,True,True,False
cincinnatus,True,False,False
cinclidae,True,False,False
cinclus,True,False,False
cinderella,False,True,False
cinnamomum,True,True,False
circaea,True,True,False
circaetus,True,True,False
circe,False,True,False
circinus,True,True,False
circumcision,False,True,True
circus,True,True,True
cirripedia,True,False,False
cirsium,True,True,False
cistaceae,True,True,False
cistothorus,True,True,False
cistus,True,True,False
citation,True,True,True
citellus,True,False,False
citharichthys,True,True,False
citlaltepetl,True,False,False
citroncirus,True,False,False
citrullus,True,True,False
cladonia,True,True,False
cladoniaceae,True,True,False
cladorhyncus,True,False,False
cladrastis,True,True,False
clamatores,True,False,False
clangula,True,False,False
clark,True,True,False
clarksburg,True,False,False
clathraceae,True,False,False
clathrus,True,True,False
claudius,True,True,False
clausewitz,True,False,False
clavariaceae,True,True,False
claviceps,True,False,False
clavicipitaceae,False,True,False
clay,True,True,True
claytonia,True,True,False
cleanthes,True,True,False
cleistes,True,True,False
clemenceau,True,False,False
clemens,True,True,False
cleome,True,True,True
cleopatra,True,True,False
cleridae,True,True,False
clethra,True,True,False
clethraceae,True,True,False
clethrionomys,True,True,False
cleveland,True,True,False
clichy,True,False,False
cliftonia,True,True,False
cline,True,False,False
clinidae,True,True,False
clinopodium,True,True,False
clinton,True,True,False
clio,True,True,False
clioquinol,False,True,False
clitocybe,True,True,False
clitoria,True,True,False
clive,True,True,False
clorox,False,True,False
clotho,True,True,False
clovis,True,False,False
clupea,True,True,False
clupeidae,True,True,False
clusiaceae,True,True,False
clyde,True,False,False
clytemnestra,True,True,False
cnemidophorus,True,True,False
cnicus,True,False,False
cnidaria,True,True,False
cnidoscolus,True,True,False
cnidosporidia,True,False,False
cnossos,True,False,False
cnossus,True,False,False
cnut,True,True,False
coahuila,True,True,False
cobitidae,True,True,False
coca,True,True,True
coccidae,True,True,False
coccidia,True,True,False
coccinellidae,True,True,False
coccoidea,True,False,False
coccothraustes,True,False,False
cocculus,True,True,False
coccyzus,True,True,False
cochise,True,True,False
cochlearia,True,True,False
cochlearius,True,False,False
cochran,True,True,False
cockaigne,False,True,False
cockcroft,True,True,False
cockney,False,True,True
cocopah,False,True,False
cocos,True,False,False
cocteau,True,False,False
cocus,True,False,False
cocytus,True,True,False
codariocalyx,True,True,False
codiaeum,True,True,False
cody,True,False,False
coelenterata,True,True,False
coeloglossum,True,False,False
coereba,True,False,False
coerebidae,True,False,False
coffea,True,True,False
cognac,False,True,False
cohan,True,True,False
cohn,True,True,False
cola,True,True,True
colaptes,True,True,False
colchicaceae,True,True,False
colchicum,True,True,False
colchis,True,True,False
coleonyx,True,True,False
coleoptera,True,False,False
coleridge,True,False,False
colette,True,True,False
colima,True,True,False
colinus,True,True,False
collembola,True,False,False
collins,True,False,True
collinsia,True,True,False
collinsonia,True,True,False
collocalia,True,True,False
colocasia,True,True,False
cologne,True,True,True
colombia,True,True,False
colombo,True,True,False
colon,True,False,True
colony,False,True,True
colorado,True,True,False
colossae,True,True,False
colosseum,True,True,False
colossians,True,False,False
coluber,True,False,False
colubridae,True,True,False
colubrina,True,True,False
columba,True,True,False
columbia,True,False,False
columbidae,True,True,False
columbiformes,True,False,False
columbus,True,False,False
colutea,True,True,False
colymbiformes,True,True,False
comanche,False,True,False
comandra,True,True,False
comatula,True,False,False
comatulidae,True,True,False
combretaceae,True,True,False
comenius,True,False,False
commelinaceae,True,True,False
commelinales,True,True,False
commelinidae,True,False,False
commerce,False,True,True
commiphora,True,True,False
commons,False,True,True
comoros,True,True,False
compositae,True,False,False
compton,True,False,False
comptonia,True,False,False
comrade,False,True,True
comstock,True,False,False
comte,True,False,False
conakry,True,True,False
concepcion,True,False,False
concord,True,False,True
condorcet,True,False,False
condylura,True,True,False
conepatus,True,False,False
confederacy,True,False,True
confucianism,False,True,False
confucius,True,True,False
congo,True,False,True
congress,False,True,True
congreve,True,False,False
congridae,True,True,False
coniferales,True,False,False
coniferophyta,True,False,False
coniferophytina,True,False,False
coniferopsida,True,False,False
conilurus,True,True,False
coniogramme,True,True,False
conium,True,True,False
connaraceae,True,True,False
connarus,True,True,False
connecticut,True,True,False
connochaetes,True,False,False
connolly,True,False,False
connors,True,False,False
conocarpus,True,True,False
conoclinium,True,True,False
conodonta,True,False,False
conodontophorida,True,False,False
conopodium,True,True,False
conospermum,True,True,False
conrad,True,False,False
conradina,True,True,False
consolida,True,True,False
constable,True,True,True
constanta,True,False,False
constantina,True,True,False
constantine,True,False,False
constantinople,False,True,False
constitution,True,True,True
continent,True,True,True
contopus,True,False,False
contras,True,True,False
conuropsis,True,False,False
convallaria,True,True,False
convallariaceae,True,False,False
converso,False,True,False
convolvulaceae,True,True,False
conyza,True,True,False
cook,True,False,True
cooke,True,True,False
coolidge,True,False,False
cooper,True,False,True
cooperstown,True,False,False
coosa,True,False,False
copenhagen,True,True,False
copepoda,True,False,False
copernicia,True,True,False
copernicus,True,False,False
copland,True,False,False
copley,True,False,False
coppola,True,False,False
coprinaceae,True,False,False
coprinus,True,True,False
coptis,True,True,False
cora,True,False,False
coracias,True,True,False
coraciidae,True,True,False
coraciiformes,True,True,False
coragyps,True,True,False
corallorhiza,True,True,False
corbett,True,False,False
corchorus,True,True,True
cordaitaceae,True,True,False
cordaitales,True,True,False
cordaites,True,True,False
corday,True,True,False
cordia,True,True,False
cordoba,True,False,True
cordova,True,False,False
cordylidae,True,True,False
cordyline,True,True,False
cordylus,True,True,False
coregonidae,True,False,False
coregonus,True,True,False
coreidae,True,True,False
corelli,True,False,False
coriandrum,True,True,False
coricidin,False,True,False
corinth,True,True,False
corixa,True,True,False
corixidae,True,True,False
cork,True,False,True
cornaceae,True,True,False
corneille,True,False,False
cornell,True,False,False
cornus,True,True,False
cornwall,True,True,False
cornwallis,True,False,False
corokia,True,True,False
coropuna,True,True,False
corot,True,False,False
correggio,True,False,False
corregidor,True,True,False
corrodentia,True,False,False
corse,True,False,False
corsica,True,True,False
cortaderia,True,True,False
cortes,True,False,False
cortez,True,False,False
corticium,True,False,False
cortinariaceae,True,True,False
cortinarius,True,True,False
corvidae,True,True,False
corvus,True,True,False
coryanthes,True,True,False
corydalidae,True,True,False
corydalis,True,True,True
corydalus,True,True,False
corylaceae,True,False,False
corylopsis,True,True,False
corylus,True,False,False
corynebacteriaceae,True,False,False
corypha,True,True,False
coryphaenidae,True,False,False
cosmocampus,True,True,False
cotacachi,True,False,False
cotingidae,True,False,False
cotinus,True,True,False
cotonou,True,True,False
cotopaxi,True,True,False
cotswolds,True,True,False
cottidae,True,True,False
cottus,True,False,False
cotula,True,True,False
coturnix,True,True,False
coulomb,True,True,True
coumarouna,True,False,False
couperin,True,False,False
courbet,True,False,False
court,True,True,True
cousteau,True,False,False
coventry,False,True,False
coward,True,False,True
cowpens,True,False,False
cowper,True,False,False
crab,False,True,True
cracidae,True,True,False
cracow,True,False,False
cracticidae,True,False,False
cracticus,True,True,False
craigie,True,False,False
crambe,True,True,False
crane,True,False,True
crangon,True,True,False
crangonidae,True,True,False
craniata,True,False,False
craspedia,True,False,False
crassostrea,True,True,False
crassula,True,True,False
crassulaceae,True,True,False
crataegus,True,True,False
crater,True,True,True
crateva,True,True,False
crawford,True,False,False
crax,True,True,False
creation,True,False,True
creator,True,False,True
crecy,True,False,False
cree,False,True,False
cremona,True,True,False
creon,True,False,False
crepis,True,True,False
crescentia,True,True,False
cretaceous,True,True,False
crete,True,True,False
crex,True,False,False
cricetidae,True,True,False
cricetus,True,False,False
crichton,True,False,False
crick,True,False,True
crimea,True,True,False
crinoidea,True,False,False
crispin,True,False,False
crius,True,True,False
croatia,True,True,False
crocethia,True,False,False
crockett,True,False,False
crocodilia,True,True,False
crocodilus,True,False,False
crocodylia,True,False,False
crocodylidae,True,False,False
crocodylus,True,True,False
crocuta,True,True,False
croesus,False,True,False
crohn,True,False,False
cromwell,True,False,False
cronartium,True,True,False
cronus,True,True,False
cronyn,True,True,False
crookes,True,True,False
crosby,True,False,False
cross,False,True,True
crossopterygii,True,False,False
crotalidae,True,False,False
crotalus,True,True,False
crotaphytus,True,True,False
crotophaga,True,False,False
crouse,True,True,False
crow,False,True,True
crown,False,True,True
cruciferae,True,False,False
crucifixion,True,True,True
crustacea,True,False,False
crux,True,True,True
cryptacanthodes,True,True,False
cryptobranchidae,True,False,False
cryptobranchus,True,False,False
cryptocercidae,True,False,False
cryptocercus,True,True,False
cryptogamia,True,False,False
cryptogramma,True,True,False
cryptogrammataceae,True,False,False
cryptomeria,True,True,False
cryptophyceae,True,True,False
cryptophyta,True,False,False
cryptoprocta,False,True,False
cryptotermes,True,True,False
cryptotis,True,True,False
ctenizidae,True,True,False
ctenocephalides,True,True,False
ctenocephalus,True,False,False
ctenophora,True,True,False
cuba,True,True,False
cuculidae,True,False,False
cuculiformes,True,False,False
cuculus,True,True,False
cucumis,True,True,False
cucurbita,True,True,False
cucurbitaceae,True,True,False
culbertson,True,False,False
culcita,True,False,False
culebra,True,False,False
culex,True,True,False
culiacan,True,False,False
culicidae,True,False,False
cumana,True,False,False
cumberland,True,True,False
cumbria,True,True,False
cuminum,True,True,False
cunaxa,True,False,False
cuniculus,True,False,False
cunningham,True,True,False
cunoniaceae,True,True,False
cuon,True,False,False
cupid,True,True,True
cupressaceae,True,True,False
cupressus,True,True,False
cuquenan,True,False,False
curacao,True,False,True
curb,True,True,True
curculionidae,True,True,False
curcuma,True,True,False
curia,False,True,False
curie,True,False,True
curitiba,True,True,False
curl,True,False,True
currier,True,True,True
cursorius,True,True,False
curtis,True,True,False
curtisia,True,True,False
curtiss,True,False,False
cusco,True,True,False
cuscuta,True,True,False
cushing,True,False,False
custer,True,False,False
cuterebra,True,True,False
cuterebridae,True,False,False
cuvier,True,False,False
cuzco,True,False,False
cyamopsis,True,True,False
cyamus,True,False,False
cyanocitta,True,True,False
cyanophyceae,True,False,False
cyathea,True,True,False
cyatheaceae,True,True,False
cybele,True,True,False
cycadaceae,True,False,False
cycadales,True,False,False
cycadofilicales,True,False,False
cycadophyta,True,False,False
cycadophytina,True,False,False
cycadopsida,True,False,False
cycas,True,True,False
cyclades,False,True,False
cycliophora,True,False,False
cycloloma,True,True,False
cyclopes,True,True,False
cyclophorus,True,False,False
cyclopteridae,True,True,False
cyclopterus,True,True,False
cyclosorus,True,True,False
cyclosporeae,True,False,False
cyclostomata,True,False,False
cycnoches,True,True,False
cydippea,True,False,False
cydippida,True,True,False
cydippidea,True,False,False
cydonia,True,False,False
cygnus,True,False,False
cymatiidae,True,True,False
cymru,True,True,False
cynara,True,True,False
cynewulf,True,True,False
cynipidae,True,False,False
cynips,True,True,False
cynocephalidae,True,False,False
cynocephalus,True,False,False
cynodon,True,True,False
cynoglossidae,True,False,False
cynoglossum,True,True,False
cynomys,True,False,False
cynopterus,True,True,False
cynoscephalae,True,False,False
cynoscion,True,True,False
cynthia,True,True,False
cynwulf,True,False,False
cyon,True,False,False
cyperaceae,True,True,False
cyperus,True,True,False
cyphomandra,True,True,False
cypraea,True,True,False
cypraeidae,True,True,False
cyprian,False,True,True
cyprinidae,True,True,False
cypriniformes,True,True,False
cyprinodontidae,True,False,False
cyprinus,True,True,False
cypripedium,True,True,False
cyprus,True,True,False
cyril,False,True,False
cyrtomium,True,True,False
cyrus,True,True,False
cystophora,True,False,False
cystopteris,True,True,False
cytherea,True,False,False
cytisus,True,True,False
czechoslovakia,True,True,False
czerny,True,True,False
czestochowa,True,False,False
daboecia,True,True,False
dacca,True,False,False
dacelo,True,False,False
dachau,True,False,False
dacninae,True,False,False
dacrycarpus,True,True,False
dacrydium,True,True,False
dacrymyces,True,True,False
dacrymycetaceae,True,True,False
dactylis,True,True,False
dactyloctenium,True,True,False
dactylopiidae,True,False,False
dactylopius,True,True,False
dactylopteridae,True,True,False
dactylopterus,True,False,False
dactylorhiza,True,True,False
dactyloscopidae,True,False,False
daedal,True,False,False
daedalus,True,True,False
daegu,True,False,False
dagan,True,False,False
dagda,True,False,False
dagon,True,True,False
daguerre,True,False,False
dahna,True,False,False
dahomey,True,True,False
daimler,True,False,False
dairen,True,False,False
dakar,True,True,False
dalbergia,True,True,False
dalea,True,True,False
dali,True,False,False
dalian,True,True,False
dallas,True,True,False
dalmatia,True,True,False
dalton,True,False,False
dama,True,False,False
damaliscus,True,True,False
damascus,True,True,False
damavand,True,False,False
damgalnuna,True,False,False
damgalnunna,True,False,False
damkina,True,False,False
damocles,True,True,False
damon,True,False,False
dana,True,False,False
danaea,True,True,False
danaidae,True,False,False
danau,True,False,False
danaus,True,True,False
danmark,True,False,False
dante,True,False,False
danton,True,False,False
danu,True,False,False
danube,True,True,False
danzig,True,False,False
daphne,False,True,True
dapsang,True,False,False
dardanelles,True,True,False
dardanus,True,False,False
darfur,True,True,False
dari,False,True,False
darjeeling,False,True,False
darling,True,False,True
darlingtonia,True,False,False
darmera,True,True,False
darrow,True,True,False
dartmouth,True,False,False
darwin,True,False,False
darwinism,False,True,False
dasyatidae,True,False,False
dasyatis,True,True,False
dasypodidae,True,True,False
dasyprocta,True,False,False
dasyproctidae,True,True,False
dasypus,True,True,False
dasyuridae,True,True,False
dasyurus,True,False,False
datura,True,True,False
daubentonia,True,True,False
daubentoniidae,True,False,False
daucus,True,True,False
daugavpils,True,True,False
daumier,True,False,False
davalliaceae,True,False,False
davenport,True,False,True
david,True,True,False
daviesia,True,True,False
davis,True,False,False
davy,True,False,False
davys,True,True,False
dawes,True,False,False
dawson,True,False,False
day,True,True,True
dayan,True,False,False
dayton,True,False,False
dean,True,False,True
death,True,True,True
debs,True,False,False
debussy,True,False,False
decalogue,True,False,False
decapoda,True,True,False
decapterus,True,True,False
decatur,True,False,False
december,False,True,False
decius,True,True,False
decker,True,False,True
decumaria,True,True,False
deere,True,True,False
defoe,True,False,False
degas,True,False,False
deimos,True,False,False
dekker,True,True,False
delacroix,True,False,False
delairea,True,True,False
delaware,False,True,False
delbruck,True,False,False
delhi,True,True,False
delibes,True,False,False
delichon,True,True,False
delilah,False,True,False
delius,True,False,False
deliverer,True,False,True
delonix,True,True,False
delorme,True,False,False
delphi,True,True,False
delphinapterus,True,False,False
delphinidae,True,False,False
delphinus,True,True,False
dematiaceae,True,False,False
demavend,True,False,False
demerara,True,True,True
demeter,True,True,False
demetrius,True,True,False
democritus,True,True,False
demogorgon,True,True,False
demosthenes,True,True,False
dempsey,True,True,False
denali,True,True,False
dendranthema,True,False,False
dendraspis,True,False,False
dendroaspis,True,False,False
dendrocalamus,True,True,False
dendrocolaptes,True,True,False
dendrocolaptidae,True,False,False
dendroctonus,True,True,False
dendroica,True,False,False
dendrolagus,True,False,False
dendromecon,True,True,False
deneb,True,True,False
denebola,True,True,False
denisonia,True,True,False
denmark,True,True,False
dennstaedtia,True,True,False
dennstaedtiaceae,True,True,False
dentaria,True,False,False
denver,True,True,False
depardieu,True,False,False
deparia,True,True,False
depression,True,False,True
derain,True,False,False
dermacentor,True,True,False
dermaptera,True,False,False
dermatobia,True,False,False
dermestidae,True,True,False
dermochelyidae,True,True,False
dermochelys,True,False,False
dermoptera,True,False,False
derrida,True,False,False
descartes,True,False,False
descurainia,True,True,False
desmanthus,True,True,False
desmidiaceae,True,True,False
desmidium,True,True,False
desmodium,True,True,False
desmodontidae,True,False,False
desmodus,True,True,False
desmognathus,True,False,False
desmograthus,True,False,False
despoina,True,True,False
detroit,True,True,False
deuteromycetes,True,False,False
deuteromycota,True,False,False
deuteromycotina,True,False,False
deuteronomy,True,False,False
deutschland,True,False,False
devanagari,False,True,False
devi,True,True,False
devil,True,True,True
devon,False,True,False
devonian,True,True,False
devonshire,True,False,False
dewey,True,False,False
dhahran,True,True,False
dhaka,True,True,False
dharma,False,True,False
dhaulagiri,True,True,False
dhodhekanisos,True,False,False
diacalpa,True,False,False
diadophis,True,False,False
diaghilev,True,False,False
dialeurodes,True,True,False
diana,True,False,False
dianthus,True,True,False
diapensiaceae,True,True,False
diapensiales,True,False,False
dias,True,False,False
diaspididae,True,True,False
diaspora,False,True,True
diatomophyceae,True,False,False
diaz,True,False,False
dibranchia,True,False,False
dibranchiata,True,False,False
dicamptodontidae,True,False,False
dicentra,True,True,False
diceros,True,True,False
dickens,True,False,True
dickinson,True,False,False
dicksonia,True,True,False
dicksoniaceae,True,True,False
dicotyledonae,True,False,False
dicotyledones,True,False,False
dicranaceae,True,True,False
dicranales,True,True,False
dicranopteris,True,True,False
dicranum,True,True,False
dicrostonyx,True,False,False
dictamnus,True,True,False
dictaphone,False,True,False
dictyophera,True,False,False
dictyoptera,True,True,False
dictyostelium,True,False,True
didelphidae,True,False,False
didelphis,True,True,False
diderot,True,False,False
didion,True,True,False
dido,True,True,False
didrikson,True,False,False
dieffenbachia,True,True,False
diervilla,True,True,False
diesel,True,False,True
dietrich,True,False,False
digitaria,True,True,False
dijon,True,True,False
dilleniaceae,True,True,False
dilleniidae,True,True,False
dimash,True,False,False
dimetapp,False,True,False
dimocarpus,True,True,False
dimorphotheca,True,True,False
dindymene,True,True,False
dinesen,True,True,False
dinocerata,True,True,False
dinoflagellata,True,False,False
dinornis,True,True,False
dinornithidae,True,False,False
dinornithiformes,True,False,False
diocletian,True,True,False
diodon,True,True,False
diodontidae,True,False,False
diogenes,True,True,False
diomedeidae,True,False,False
dionaea,True,False,False
dionysia,False,True,False
dionysius,True,True,False
dionysus,True,True,False
diophantus,True,True,False
dior,True,True,False
dioscorea,True,True,False
dioscoreaceae,True,True,False
diospyros,True,True,False
diphylla,True,False,False
dipladenia,True,True,False
diplopoda,True,False,False
diplopterygium,True,True,False
diplotaxis,True,False,False
dipnoi,True,False,False
dipodidae,True,False,False
dipodomys,True,False,False
dipogon,True,False,False
dipper,True,True,True
dipsacaceae,True,True,False
dipsacus,True,True,False
dipsosaurus,True,True,False
diptera,True,False,False
dipterocarpaceae,True,True,False
dipteronia,True,True,False
dipteryx,True,True,False
dipus,True,True,False
dipylon,True,True,False
dirac,True,False,False
dirca,True,True,False
dis,True,False,False
discocephali,True,False,False
discoglossidae,True,False,False
discomycetes,True,True,False
disney,True,False,False
disneyland,True,True,False
disraeli,True,False,False
divine,True,False,True
dix,True,False,False
dixie,True,True,True
dixieland,True,False,False
djakarta,True,False,False
djanet,True,True,False
djibouti,True,True,False
dneprodzerzhinsk,True,False,False
dnieper,True,True,False
dniprodzerzhynsk,True,False,False
dnipropetrovsk,True,False,False
dobrich,True,True,False
docetism,False,True,False
doctorow,True,True,False
dodecanese,True,True,False
dodgem,False,True,False
dodgson,True,True,False
dodoma,True,True,False
dodonaea,True,True,False
doha,True,True,False
dolby,True,True,False
dolichonyx,True,False,False
dolichos,True,False,False
dolichotis,True,True,False
doliolidae,True,True,False
dolomites,True,False,False
domingo,True,False,False
dominic,True,True,False
dominica,True,True,False
dominion,False,True,True
dominique,False,True,False
domino,True,False,True
domitian,True,True,False
donar,True,False,False
donatello,True,True,False
donatism,False,True,False
donatus,True,False,False
donbas,True,True,False
donbass,True,False,False
donetsk,True,True,False
donetske,True,True,False
donizetti,True,False,False
donkin,True,False,False
donne,True,False,False
doodia,True,True,True
doolittle,True,False,False
doppler,True,False,False
dorado,True,True,False
doris,True,False,False
dorking,False,True,False
doronicum,True,True,False
dorotheanthus,True,False,False
dortmund,True,True,False
dorylinae,True,True,False
doryopteris,True,True,False
dostoevski,True,False,False
dostoevsky,True,False,False
dostoyevsky,True,False,False
douala,True,True,False
douglas,True,False,False
douglass,True,False,False
dove,True,False,True
dover,True,True,False
dovyalis,True,True,False
dowding,True,False,False
dowdy,True,True,True
dowland,True,False,False
down,True,False,True
downing,True,False,False
dracaenaceae,True,False,False
dracenaceae,True,False,False
draco,True,False,False
dracocephalum,True,True,False
dracula,True,True,False
dracunculidae,True,True,False
dracunculus,True,False,False
dragon,True,True,True
drake,True,False,True
drambuie,False,True,False
dreiser,True,False,False
dreissena,True,True,False
drepanididae,True,False,False
drepanis,True,True,False
dresden,True,True,False
drew,True,False,False
dreyfus,True,False,False
drimys,True,True,False
drogheda,True,True,False
dromaeosauridae,True,True,False
dromaius,True,True,False
drosera,True,True,False
droseraceae,True,True,False
drosophilidae,True,True,False
drosophyllum,True,True,False
druid,False,True,False
druze,False,True,False
dryadella,True,True,False
dryas,True,False,False
dryden,True,False,False
drymarchon,True,True,False
drymoglossum,True,False,False
drynaria,True,False,False
dryopithecus,True,True,False
dryopteridaceae,True,True,False
dryopteris,True,True,False
dubai,True,True,False
dublin,True,True,False
dubonnet,False,True,False
dubrovnik,True,True,False
dubuque,True,False,False
dubya,True,False,False
dubyuh,True,False,False
duchamp,True,False,False
dufy,True,True,False
dugongidae,True,True,False
dukas,True,False,False
dulles,True,False,False
duluth,True,False,False
duma,False,True,False
dumas,True,False,False
dumetella,True,False,False
dumpster,False,True,True
dumuzi,True,False,False
duncan,True,False,False
dunker,False,True,True
dunkerque,True,False,False
dunkirk,False,True,False
duralumin,False,True,False
durango,True,True,False
durant,True,False,False
durante,True,True,False
durazzo,True,False,False
durban,True,True,False
durer,True,False,False
durga,True,True,False
durio,True,False,False
durkheim,True,False,False
durrell,True,True,False
durres,True,False,False
dusanbe,True,False,False
duse,True,False,False
dushanbe,True,True,False
dusicyon,True,True,False
dusseldorf,True,False,False
duvalier,True,True,False
dvorak,True,False,False
dyaus,True,True,False
dylan,True,False,False
dysdercus,True,True,False
dytiscidae,True,True,False
dyushambe,True,False,False
ea,True,False,False
eacles,True,True,False
eadwig,True,True,False
eames,True,True,False
earhart,True,False,False
earth,False,True,True
east,True,True,True
easter,False,True,True
eastertide,False,True,False
eastman,True,False,False
ebenaceae,True,True,False
ebenales,True,True,False
ebola,False,True,False
ebro,True,True,False
eburophyton,True,False,False
ecballium,True,True,False
eccles,True,False,False
ecclesiastes,True,True,False
ecclesiasticus,True,False,False
echeneididae,True,False,False
echeneis,True,True,False
echidnophaga,True,True,False
echinacea,True,True,False
echinocereus,True,True,False
echinochloa,True,True,False
echinodermata,True,False,False
echinoidea,True,False,False
echinops,True,True,False
echium,True,True,False
echo,False,True,True
eck,True,False,False
eckhart,True,False,False
ectopistes,True,False,False
ectoprocta,True,False,False
ecuador,True,True,False
edaphosauridae,True,True,False
edda,False,True,True
eddington,True,False,False
eddy,True,False,True
edentata,True,False,False
ederle,True,True,False
edgar,True,True,False
edinburgh,True,True,False
edirne,True,True,False
edison,True,False,False
edmonton,True,True,False
edmontonia,False,True,False
edo,False,True,False
education,False,True,True
edward,True,True,False
edwards,True,False,False
edwin,True,True,False
edwy,True,False,False
eelam,True,True,False
egbert,True,True,False
egeria,True,False,False
eglevsky,True,False,False
egretta,True,True,False
egypt,True,True,False
egyptology,False,True,False
ehadhamen,True,False,False
ehrenberg,True,False,False
ehrlich,True,True,False
eichhornia,True,True,False
eichmann,True,False,False
eiffel,True,False,False
eigen,True,False,False
eijkman,True,False,False
eimeriidae,True,True,False
eindhoven,True,True,False
einthoven,True,False,False
eira,True,True,False
eire,True,False,False
eisenhower,True,False,False
eisenstaedt,True,False,False
eisenstein,True,False,False
ekman,True,True,False
elaeagnaceae,True,True,False
elaeagnus,True,True,False
elaeis,True,True,False
elaeocarpaceae,True,True,False
elaeocarpus,True,True,False
elagatis,True,False,False
elam,True,True,False
elanoides,True,False,False
elanus,True,True,False
elaphe,True,True,False
elaphurus,True,True,False
elapidae,True,True,False
elasmobranchii,True,True,False
elastoplast,False,True,False
elateridae,True,False,False
elbe,True,True,False
electra,True,True,False
electrophoridae,True,False,False
electrophorus,True,True,True
eleocharis,True,True,False
eleotridae,True,True,False
elephantidae,True,True,False
elephantopus,True,True,False
elephas,True,True,False
elettaria,True,True,False
eleusine,True,True,False
eleutherodactylus,True,True,False
elgar,True,False,False
elia,True,False,False
elijah,True,True,False
elinvar,False,True,False
eliomys,True,True,False
eliot,True,False,False
elisabethville,True,False,False
elizabeth,True,False,False
ellas,True,False,False
elli,True,True,False
ellington,True,False,False
ellison,True,True,False
ellsworth,True,False,False
ellul,False,True,False
elmont,True,False,False
elodea,True,True,False
elopidae,True,True,False
elops,True,False,False
elsass,True,False,False
elul,False,True,False
elymus,True,False,False
elysium,False,True,False
emberiza,True,False,False
emberizidae,True,False,False
embiodea,True,False,False
embioptera,True,True,False
embiotocidae,True,False,False
embothrium,True,True,False
emerson,True,False,False
emile,True,False,False
emilia,True,False,False
emmanthe,True,False,False
emmental,False,True,False
empedocles,True,True,False
empetraceae,True,False,False
empetrum,True,True,False
empire,False,True,True
emydidae,True,True,False
encelia,True,True,False
enceliopsis,True,True,False
encyclia,True,True,False
endamoeba,True,True,False
endamoebidae,True,False,False
endecott,True,False,False
endicott,True,False,False
endomycetales,True,False,False
endoprocta,True,False,False
energy,False,True,True
enesco,True,True,False
enets,False,True,False
engels,True,False,False
england,True,True,False
engraulidae,True,False,False
engraulis,True,True,False
enhydra,True,True,False
enid,True,False,False
eniwetok,True,False,False
enki,True,True,False
enkidu,True,True,False
enlightenment,True,False,True
enlil,True,True,False
ensete,True,True,False
ensis,True,True,False
entandrophragma,True,True,False
entebbe,True,True,False
entelea,True,True,False
enterobacteriaceae,True,True,False
enterobius,True,False,False
enterolobium,True,True,False
entoloma,True,True,False
entolomataceae,True,True,False
entomophthora,True,True,False
entomophthoraceae,True,True,False
entomophthorales,True,True,False
entomostraca,True,True,False
entoprocta,True,True,False
eocene,True,True,False
eolithic,True,False,False
eos,True,True,False
epacridaceae,True,False,False
ephedraceae,True,True,False
ephemerida,True,False,False
ephemeridae,True,True,False
ephemeroptera,True,False,False
ephesians,True,False,False
ephestia,True,True,False
ephesus,False,True,False
ephippidae,True,True,False
ephippiorhynchus,True,True,False
epictetus,True,True,False
epicurus,True,True,False
epidendrum,True,True,False
epigaea,True,True,False
epilachna,True,True,False
epilobium,True,True,False
epimedium,True,True,False
epimetheus,False,True,False
epinephelus,True,True,False
epipactis,True,True,False
epipaleolithic,True,False,False
epipremnum,True,True,False
epirus,True,True,False
epistle,False,True,True
epona,True,True,False
epstein,True,True,False
eptesicus,True,True,False
equetus,True,False,False
equidae,True,True,False
equisetaceae,True,True,False
equisetales,True,True,False
equisetatae,True,False,False
equisetum,True,True,False
equus,True,False,False
eragrostis,True,True,False
eranthis,True,True,False
erasmus,True,True,False
erato,True,True,False
eratosthenes,True,True,False
ercilla,True,False,False
erebus,True,True,False
ereshkigal,True,True,False
ereshkigel,True,False,False
erethizon,True,True,False
erethizontidae,True,False,False
eretmochelys,True,False,False
erewhon,True,True,False
erianthus,True,False,False
ericaceae,True,True,False
ericales,True,True,False
eridanus,True,False,False
erigeron,True,True,False
erignathus,True,False,False
erin,True,True,False
erinaceidae,True,True,False
erinaceus,True,True,False
erinyes,False,True,False
eriobotrya,True,True,False
eriocaulaceae,True,True,False
eriocaulon,True,True,False
eriodictyon,True,True,False
eriophorum,True,True,False
eriophyllum,True,True,False
eriosoma,True,False,False
eris,True,False,False
erithacus,True,True,False
eritrea,True,True,False
erivan,True,False,False
erlenmeyer,True,False,False
ernst,True,True,False
erodium,True,True,False
erolia,True,False,False
eros,True,True,True
eruca,True,True,False
erving,True,False,False
eryngium,True,True,False
erysimum,True,True,False
erysiphaceae,True,False,False
erysiphales,True,True,False
erysiphe,True,True,False
erythrocebus,True,True,False
erythronium,True,True,False
erythroxylaceae,True,True,False
erythroxylon,True,False,False
erythroxylum,True,True,False
esaki,True,True,False
esau,True,True,False
eschrichtiidae,True,True,False
eschrichtius,True,True,False
eschscholtzia,True,False,False
esfahan,True,False,False
eskimo,False,True,False
esocidae,True,True,False
esox,True,True,False
espana,True,False,False
esperantido,False,True,False
esperanto,False,True,False
espoo,True,True,False
esquire,False,True,True
esselen,False,True,False
essen,True,True,False
essex,True,True,False
esther,True,True,False
esthonia,True,False,False
estonia,True,True,False
estrilda,True,True,False
ethelbert,True,False,False
ethelred,True,False,False
ethiopia,True,True,False
etna,True,False,True
etropus,True,True,False
etruria,True,True,False
euarctos,True,False,False
euascomycetes,True,False,False
eubacteriales,True,True,False
eubryales,True,False,False
eucarya,True,False,False
eucharist,False,True,False
eucinostomus,True,True,False
euclid,True,True,False
euderma,True,False,False
eudyptes,True,False,False
eugene,True,False,False
eugenia,True,True,False
euglenaceae,True,True,False
euglenophyceae,True,False,False
euler,True,False,False
eumeces,True,True,False
eumenes,True,True,False
eumetopias,True,False,False
eumops,True,True,False
eumycetes,True,False,False
eumycota,True,False,False
eunectes,True,True,False
euonymus,True,True,False
euornithopoda,True,False,False
eupatorium,True,True,False
euphagus,True,True,False
euphausiacea,True,False,False
euphorbia,True,True,False
euphorbiaceae,True,True,False
euphractus,True,False,False
euphrates,True,True,False
euphrosyne,False,True,False
euplectella,True,True,False
euproctis,True,True,False
eurafrasia,True,False,False
eurasia,True,True,False
euripides,True,True,False
eurocentrism,False,True,False
eurocurrency,False,True,False
eurodollar,False,True,False
euronithopoda,True,False,False
europa,True,False,False
europan,False,True,False
europe,False,True,False
europeanisation,False,True,False
europol,False,True,False
eurotiales,True,True,False
eurotium,True,True,False
euryale,False,True,False
euryalida,True,False,False
eurydice,True,True,False
eurylaimi,True,False,False
eurylaimidae,True,True,False
eurypterida,True,False,False
eusebius,True,True,False
eustachio,True,False,False
eustoma,True,True,False
eutamias,True,True,False
euterpe,True,True,False
eutheria,True,True,False
euthynnus,True,True,False
evans,True,False,False
evansville,True,False,False
eve,True,True,True
everest,True,False,False
everglades,True,True,False
evernia,True,True,False
evers,True,True,False
evert,True,True,False
exacum,True,True,False
exaeretodon,True,True,False
excalibur,True,True,False
excellency,False,True,True
exmoor,False,True,False
exocet,False,True,False
exocoetidae,True,False,False
exocycloida,True,False,False
exodus,True,False,True
exopterygota,True,True,False
explorer,True,False,True
eyck,True,True,False
eyeish,False,True,False
eyre,True,False,False
eysenck,True,True,False
ezechiel,True,False,False
ezekias,True,False,False
ezekiel,True,True,False
ezo,True,True,False
ezra,True,True,False
fabaceae,True,True,False
faberge,True,False,False
fabiana,True,False,False
faeroes,True,False,False
fafnir,True,False,False
fagaceae,True,True,False
fagales,True,True,False
fagin,True,True,False
fagopyrum,True,True,False
fagus,True,False,False
fahd,True,False,False
fahrenheit,True,True,False
fairbanks,True,False,False
faisal,True,False,False
faisalabad,True,True,False
falcatifolium,True,True,False
falco,True,False,False
falconidae,True,True,False
falconiformes,True,True,False
falkner,True,False,False
fall,True,False,True
falla,True,False,False
fallopio,True,False,False
fallopius,True,False,False
fallot,True,False,False
falstaff,True,False,False
fang,False,True,True
faraday,True,False,False
fargo,True,False,False
farmer,True,True,True
farmington,True,False,False
faroes,True,False,False
farragut,True,False,False
farrell,True,False,False
fasciola,True,True,False
fasciolidae,True,True,False
fasciolopsis,True,True,False
fatah,True,True,False
father,False,True,True
fatherhood,True,False,True
fatiha,True,False,False
fatihah,True,False,False
fatima,True,True,False
fatimah,True,False,False
faulkner,True,False,False
faunus,True,True,False
faust,True,True,False
faustus,True,False,False
fawkes,True,True,False
fayetteville,True,False,False
february,False,True,False
fechner,True,True,False
federalist,False,True,True
feiffer,True,False,False
felicia,True,True,False
felidae,True,True,False
felis,True,True,False
fellini,True,False,False
fengtien,True,False,False
fenrir,True,True,False
fentanyl,False,True,False
fenusa,True,True,False
ferber,True,True,False
ferdinand,True,True,False
fermat,True,False,False
fermi,True,False,True
ferocactus,True,True,False
ferrara,True,True,False
fes,True,False,False
festuca,True,True,False
feynman,True,False,False
fez,True,False,True
ficus,True,True,False
fiedler,True,True,False
fielding,True,False,True
fields,True,False,False
fiji,True,True,False
fijis,True,False,False
filariidae,True,True,False
filicales,True,False,False
filicinae,True,False,False
filicopsida,True,False,False
fillmore,True,False,False
filoviridae,True,True,False
finland,True,True,False
finnbogadottir,True,False,False
firenze,True,False,False
firmiana,True,True,False
firth,True,True,True
fischer,True,True,False
fish,False,True,True
fissipedia,False,True,False
fissurella,True,True,False
fissurellidae,True,True,False
fistularia,True,False,False
fistulariidae,True,False,False
fistulina,True,True,False
fistulinaceae,True,True,False
fitzgerald,True,False,False
flacourtia,True,True,False
flacourtiaceae,True,True,False
flagellata,True,False,False
flagstaff,True,False,True
flaminius,True,False,False
flammulina,True,True,False
flanders,True,True,False
flaubert,True,False,False
flaviviridae,False,True,False
fletcher,True,False,False
flinders,True,False,True
flindersia,True,True,False
flint,True,True,True
flodden,True,False,False
floreal,False,True,False
florence,True,True,False
florey,True,False,False
florida,True,True,False
florio,True,False,False
flory,True,False,False
foeniculum,True,True,False
fomes,True,True,False
fonda,True,False,False
fontanne,True,False,False
fontenoy,True,False,False
fonteyn,True,True,False
foraminifera,True,True,False
ford,True,False,True
forester,True,True,True
forficula,True,True,False
forficulidae,True,True,False
formica,False,True,False
formicariidae,True,True,False
formicarius,True,True,False
formicidae,True,False,False
formosa,True,False,False
fornax,True,True,False
forseti,True,True,False
forth,True,False,False
fortuna,True,True,False
fortunella,True,False,False
fosbury,True,True,False
fossa,True,False,True
foster,True,False,False
fothergilla,True,True,True
foucault,True,False,False
fouquieria,True,True,False
fouquieriaceae,True,False,False
fourier,True,False,False
fowler,True,False,True
fox,False,True,True
fragaria,True,True,False
fragonard,True,True,False
france,True,True,False
francisella,False,True,False
franck,True,False,False
franco,True,False,False
francoa,True,True,False
francophile,False,True,False
frankenstein,False,True,False
frankfort,True,False,False
frankfurt,True,True,False
franklin,True,False,True
frankliniella,True,True,False
frasera,True,True,False
fratercula,True,False,False
fraxinus,True,True,False
frazer,True,False,False
frederick,True,False,False
fredericksburg,True,False,False
fredericton,True,True,False
freemasonry,False,True,True
freetown,True,True,False
fregata,True,False,False
fregatidae,True,False,False
fremont,True,False,False
fremontia,True,False,False
fremontodendron,True,True,False
freon,False,True,False
fresnel,True,False,False
fresno,True,False,False
freud,True,False,False
frey,True,False,False
freya,True,False,False
freyja,True,True,False
freyr,True,True,False
frick,True,False,False
friday,False,True,False
friedan,True,False,False
friedman,True,True,False
friesland,True,True,False
frigg,True,True,False
frigga,True,False,False
frimaire,False,True,False
fringilla,True,True,False
fringillidae,True,False,False
frisbee,False,True,False
frisch,True,True,False
frisia,True,True,False
fritillaria,True,True,False
friuli,False,True,False
frobisher,True,False,False
froebel,True,False,False
froelichia,True,True,False
frost,True,True,True
fructidor,False,True,False
frunze,True,False,False
fry,True,False,True
frye,True,True,False
fucaceae,True,True,False
fucales,True,True,False
fuchs,True,False,False
fuego,True,False,False
fuentes,True,False,False
fugard,True,True,False
fuji,True,False,True
fujinoyama,True,False,False
fujiyama,True,False,False
fukuoka,True,True,False
fulbright,True,False,False
fulgoridae,True,True,False
fulica,True,False,False
fuller,True,False,True
fulmarus,True,False,False
fulton,True,False,False
fumaria,True,True,False
fumariaceae,True,False,False
funafuti,True,True,False
fundulus,True,True,False
fungi,True,False,False
fungia,True,True,False
funk,True,True,True
funka,True,True,False
funkaceae,True,False,False
fuqra,True,False,False
furnariidae,True,False,False
furnarius,True,False,False
furnivall,True,True,False
fusanus,True,False,False
fuscoboletinus,True,False,False
gable,True,True,True
gabon,True,True,False
gabor,True,False,False
gaboriau,True,False,False
gaborone,True,True,False
gabriel,False,True,False
gabun,True,False,False
gaddafi,True,False,False
gadidae,True,True,False
gadiformes,True,True,False
gadsden,True,False,False
gadus,True,True,False
gaea,True,False,False
gafsa,True,True,False
gagarin,True,False,False
gaia,True,True,False
gainesville,True,False,False
gainsborough,True,False,False
gaiseric,True,True,False
gaius,True,True,False
galahad,True,True,False
galan,True,False,False
galapagos,True,False,False
galatea,True,False,False
galatia,True,True,False
galatians,True,False,False
galbraith,True,True,False
galbulidae,True,False,False
galega,True,True,False
galen,True,True,False
galeocerdo,True,True,False
galeopsis,True,True,False
galeorhinus,True,False,False
galeras,True,True,False
galicia,True,False,False
galilean,False,True,False
galilee,True,True,False
galileo,True,False,False
galium,True,True,False
gallaudet,True,False,False
galleria,True,False,False
gallia,True,False,False
gallicanism,False,True,False
gallicism,False,True,False
galliformes,True,True,False
gallinago,True,True,False
gallinula,True,False,False
gallirallus,True,True,False
galloway,False,True,False
gallup,True,False,False
gallus,True,False,True
galois,True,False,False
galsworthy,True,False,False
galton,True,False,False
galvani,True,False,False
galveston,True,False,False
galway,True,True,False
gambelia,True,True,False
gambia,True,False,False
gambusia,True,True,False
gamma,True,True,True
gamow,True,False,False
ganapati,True,False,False
gand,True,False,False
gandhi,True,False,False
ganesa,True,False,False
ganesh,True,False,False
ganesha,True,True,False
ganges,True,True,False
ganoidei,True,False,False
gansu,True,True,False
ganymede,True,False,False
garbo,True,False,False
garcinia,True,True,False
gardiner,True,False,False
gardner,True,False,False
garfield,True,True,False
gargantua,True,False,False
garibaldi,True,False,True
garland,True,True,True
garnier,True,True,False
garonne,True,True,False
garrick,True,False,False
garrison,True,True,True
garrulinae,True,False,False
garrulus,True,True,False
garuda,False,True,False
gary,True,False,False
gascogne,True,False,False
gascony,True,True,False
gasherbrum,True,True,False
gaskell,True,True,False
gaspar,True,True,False
gasteromycetes,True,False,False
gasterophilidae,True,False,False
gasterophilus,True,True,False
gasteropoda,True,False,False
gasterosteidae,True,False,False
gasterosteus,True,True,False
gastroboletus,True,True,False
gastrocybe,True,False,False
gastromycetes,True,False,False
gastrophryne,True,True,False
gastropoda,True,True,False
gates,True,False,False
gatling,True,False,False
gaudi,True,False,False
gauguin,True,False,False
gaul,False,True,False
gaultheria,True,True,False
gauri,True,False,False
gauss,True,False,True
gautama,True,False,False
gavia,True,False,False
gavialidae,True,True,False
gavialis,True,True,False
gavidae,True,False,False
gaviiformes,True,True,False
gawain,True,True,False
gaylussacia,True,True,False
gaza,True,False,False
gazella,True,False,False
gdansk,True,False,False
geastraceae,True,False,False
geastrum,True,True,False
geb,True,True,False
gehenna,False,True,False
gehrig,True,False,False
geiger,True,False,False
geisel,True,False,False
gekkonidae,True,True,False
gelechia,True,True,False
gelechiidae,True,True,False
gelsemium,True,True,False
gemara,True,True,False
gempylidae,True,True,False
gempylus,True,False,False
genesis,True,False,True
genet,True,False,True
genetta,True,False,False
geneva,True,True,True
geneve,True,False,False
genf,True,False,False
genista,True,True,False
genoa,True,True,False
genova,True,False,False
genseric,True,False,False
gent,True,False,True
gentiana,True,True,False
gentianaceae,True,True,False
gentianales,True,True,False
gentianella,True,True,True
gentianopsis,True,True,False
genyonemus,True,False,False
geochelone,True,True,False
geococcyx,True,False,False
geoffroea,True,True,False
geoglossaceae,True,True,False
geoglossum,True,True,False
geometridae,True,False,False
geomyidae,True,False,False
geomys,True,True,False
geophilidae,True,True,False
geophilomorpha,True,True,False
geophilus,True,True,False
geordie,False,True,True
george,True,False,False
georgetown,True,False,False
georgia,True,False,False
geothlypis,True,False,False
geraint,True,True,False
geraniaceae,True,True,False
geraniales,True,True,False
gerbera,True,True,False
gerbert,True,False,False
gerbillinae,True,True,False
gerbillus,True,True,False
gerea,True,False,False
germany,True,True,False
geronimo,True,True,False
gerreidae,True,False,False
gerres,True,True,False
gerrhonotus,True,True,False
gerridae,True,True,False
gerrididae,True,False,False
gerris,True,True,False
gershwin,True,False,False
geryon,False,True,False
gesell,True,False,False
gesner,True,True,False
gesneriaceae,True,True,False
gestapo,False,True,False
gettysburg,True,False,False
geum,True,True,False
ghana,True,True,False
ghent,True,True,False
giacometti,True,False,False
gibbon,True,True,True
gibbs,True,False,False
gibraltar,True,True,False
gibran,True,False,False
gibson,True,False,False
gide,True,True,False
gielgud,True,True,False
gigartinaceae,True,True,False
gila,True,False,False
gilbert,True,False,True
gilgamesh,True,True,False
gilgamish,True,False,False
gillespie,True,False,False
gillette,True,True,False
gilman,True,False,False
gilmer,True,False,False
ginglymostoma,True,True,False
ginkgoaceae,True,True,False
ginkgoales,True,True,False
ginkgophytina,True,False,False
ginkgopsida,True,False,False
ginsberg,True,False,False
giotto,True,True,False
giraffa,True,False,False
giraffidae,True,True,False
girard,True,False,False
giraudoux,True,False,False
gironde,False,True,False
girru,True,False,False
gish,True,True,False
gita,True,False,False
giza,True,True,False
gizeh,True,False,False
gjellerup,True,False,False
glareola,True,True,False
glareolidae,True,True,False
glaser,True,True,False
glasgow,True,True,False
glaucium,True,True,False
glaucomys,True,False,False
glaux,True,False,False
glechoma,True,True,False
gleditsia,True,True,False
gleichenia,True,True,False
gleicheniaceae,True,True,False
glendower,True,False,False
glengarry,False,True,False
glenn,True,False,False
glinka,True,False,False
gliridae,True,False,False
glis,True,True,False
globicephala,True,False,False
globigerinidae,True,False,False
glossinidae,True,False,False
glossodia,True,True,False
glossopsitta,True,False,False
gloucester,True,True,False
gloucestershire,True,True,False
gluck,True,False,False
glyceria,True,True,False
glycine,True,True,True
glycyrrhiza,True,True,False
gnaphalium,True,True,False
gnathostomata,True,True,False
gnetaceae,True,False,False
gnetales,True,False,False
gnetophyta,True,True,False
gnetophytina,True,False,False
gnetopsida,True,False,False
gnosticism,False,True,False
goa,True,True,False
goat,False,True,True
gobi,True,False,False
gobiesocidae,True,True,False
gobiesox,True,True,False
gobiidae,True,True,False
gobio,True,True,False
god,True,True,True
godard,True,False,False
goddard,True,False,False
godel,True,False,False
godhead,True,False,False
godiva,True,False,False
godunov,True,True,False
goebbels,True,False,False
goering,True,False,False
goeteborg,True,False,False
goethals,True,True,False
goethe,True,False,False
gogh,True,False,False
gogol,True,False,False
golan,True,True,False
golconda,False,True,False
goldberg,True,False,False
golding,True,True,False
goldman,True,True,False
goldmark,True,False,False
goldoni,True,False,False
goldsboro,True,False,False
goldsmith,True,True,True
goldwyn,True,True,False
golgi,True,False,False
golgotha,True,False,False
goliath,True,True,True
goma,True,True,False
gombrowicz,True,False,False
gomel,True,True,False
gomorrah,True,False,False
gomorrha,True,False,False
gompers,True,True,False
gomphotheriidae,True,False,False
gomphotherium,True,True,False
gomphrena,True,True,False
goncourt,True,False,False
gondwanaland,True,False,False
gongora,True,True,False
goniopteris,True,True,False
gonne,True,False,False
gonorhynchidae,True,False,False
gonorhynchus,True,False,False
goodall,True,False,False
goodenia,True,True,False
goodeniaceae,True,True,False
goodman,True,False,False
goodyear,True,False,False
goodyera,True,True,False
goofy,True,True,False
google,True,True,False
gopher,False,True,True
gopherus,True,True,False
gorbachev,True,False,False
gordimer,True,False,False
gordius,True,False,False
gore,True,False,True
gorgas,True,False,False
gorgonacea,True,False,False
gorgoniacea,True,False,False
gorgonocephalus,True,True,False
goring,True,False,False
gorki,True,False,False
gorkiy,True,False,False
gorky,True,False,False
gosainthan,True,False,False
gospel,False,True,True
gossypium,True,True,False
goteborg,True,False,False
gothenburg,True,True,False
goudy,True,False,False
gould,True,False,False
gounod,True,False,False
goya,True,False,False
gracie,True,False,False
gracilariidae,True,False,False
gracillariidae,True,True,False
gracula,True,True,False
graf,True,True,False
graham,True,False,True
grahame,True,True,False
grainger,True,False,False
gram,True,True,True
graminaceae,True,False,False
graminales,True,False,False
gramineae,True,False,False
grammatophyllum,True,True,False
granada,True,True,False
granicus,True,False,False
grant,True,False,True
granth,True,False,False
grappelli,True,False,False
graptophyllum,True,True,False
grass,True,False,True
graves,True,False,False
graz,True,True,False
greco,True,False,False
greece,False,True,False
greeley,True,False,False
green,True,True,True
greenberg,True,True,False
greene,True,False,False
greenland,True,True,False
greenpeace,True,True,False
greensboro,True,False,False
greenville,True,False,False
greenwich,True,True,False
gregarinida,True,False,False
gregory,True,False,False
grenada,True,True,False
grenoble,True,True,False
gresham,True,False,False
gretzky,True,False,False
grewia,True,True,False
grey,True,True,True
grias,True,True,False
grieg,True,False,False
griffith,True,False,False
grimm,True,False,False
grindelia,True,True,False
gris,True,True,False
griselinia,True,True,False
groenlandia,True,True,False
gromyko,True,False,False
gronland,True,False,False
gropius,True,True,False
grossulariaceae,True,False,False
grotius,True,False,False
groucho,True,False,False
groves,True,False,False
grozny,True,True,False
groznyy,True,False,False
gruidae,True,False,False
gruiformes,True,True,False
grus,True,False,False
gryllidae,True,True,False
guadalajara,True,True,False
guadalcanal,True,True,False
guadeloupe,True,True,False
guaiacum,True,True,True
guaira,True,False,False
guallatiri,True,True,False
guam,True,True,False
guangdong,True,True,False
guangzhou,True,True,False
guantanamo,True,False,False
guanyin,True,False,False
guarneri,True,True,False
guarnieri,True,True,False
guatemala,True,True,False
guayaquil,True,True,False
guaíra,True,False,False
guenevere,True,False,False
guernsey,False,True,False
guest,True,False,True
guevara,True,True,False
guevina,True,False,False
guggenheim,True,False,False
guiana,True,False,False
guinea,False,True,True
guinevere,True,True,False
guinness,False,True,False
gujarat,True,True,False
gujerat,True,False,False
gula,True,False,True
gulliver,True,False,False
gulo,True,True,False
gulu,True,True,False
gurkha,False,True,False
guru,False,True,True
gustavus,True,False,False
gutenberg,True,False,False
guthrie,True,False,False
gutierrezia,True,True,False
guttiferae,True,False,False
guttiferales,True,True,False
guyana,True,True,False
gwangju,True,False,False
gwydion,True,True,False
gwyn,True,False,False
gwynn,True,False,False
gymnadenia,True,True,False
gymnadeniopsis,True,False,False
gymnelus,True,False,False
gymnocalycium,True,True,False
gymnocarpium,True,True,False
gymnocladus,True,True,False
gymnogyps,True,True,False
gymnomycota,True,False,False
gymnophiona,True,False,False
gymnopilus,True,True,False
gymnorhina,True,False,False
gymnospermae,True,False,False
gymnospermophyta,True,False,False
gymnosporangium,True,True,False
gymnura,True,False,False
gynne,True,False,False
gynura,True,True,False
gypaetus,True,False,False
gyps,True,True,False
gypsophila,True,True,False
gyrinidae,True,False,False
gywn,True,False,False
haastia,True,True,False
habacuc,True,False,False
habakkuk,True,True,False
habenaria,True,True,False
haber,True,True,False
hachiman,True,True,False
hackelia,True,True,False
hadean,True,True,False
hades,False,True,False
hadith,False,True,True
hadrian,True,True,False
hadrosauridae,True,True,False
haeckel,True,False,False
haemanthus,True,True,False
haematobia,True,True,False
haematopodidae,True,False,False
haematopus,True,False,False
haematoxylon,True,False,False
haematoxylum,True,True,False
haemodoraceae,True,True,False
haemodorum,True,True,False
haemopis,True,True,False
haemoproteidae,True,True,False
haemoproteus,True,True,False
haemosporidia,True,False,False
haemulidae,True,True,False
haemulon,True,True,False
haftarah,True,False,False
haftorah,True,False,False
haganah,False,True,False
hagerstown,True,False,False
haggadah,False,True,False
haggai,True,True,False
haggard,True,False,False
hagiographa,True,False,False
hahn,True,False,False
haifa,True,True,False
haiphong,True,True,False
haiti,True,True,False
hakea,True,True,False
hakham,False,True,False
halab,True,False,False
halchidhoma,False,True,False
halcyon,True,False,True
haldane,True,True,False
haldea,False,True,False
hale,True,False,False
halenia,True,True,False
halesia,True,True,False
halevy,True,False,False
haley,True,False,False
haliaeetus,True,True,False
halicarnassus,True,True,False
halicoeres,True,False,False
halictidae,True,True,False
halifax,True,False,False
halimodendron,True,False,False
haliotidae,True,False,False
haliotis,True,True,False
hall,True,True,True
halle,True,False,False
hallel,True,True,False
halley,True,False,False
halloween,False,True,False
halocarpus,True,True,False
haloragaceae,True,True,False
haloragidaceae,True,False,False
hals,True,False,False
ham,True,True,True
hamamelidaceae,True,True,False
hamamelidae,True,False,False
hamamelidanthum,True,False,False
hamamelidoxylon,True,False,False
hamamelis,True,False,False
hamamelites,True,False,False
haman,True,True,False
hamas,True,True,False
hamburg,True,True,False
hamelin,True,True,False
hameln,True,False,False
hamilton,True,False,False
haminoea,True,True,False
hamlet,True,True,True
hammarskjold,True,True,False
hammerstein,True,True,False
hammett,True,True,False
hammurabi,True,True,False
hammurapi,True,False,False
hampshire,False,True,False
hampton,True,False,False
hamsun,True,False,False
hancock,True,False,False
handy,True,False,False
hangchow,True,False,False
hangzhou,True,True,False
hanks,True,True,False
hannibal,True,True,False
hannover,True,False,False
hanoi,True,True,False
hanover,False,True,False
hansard,False,True,False
hanukkah,False,True,False
hanuman,True,True,True
haphtarah,True,False,False
haphtorah,True,False,False
haplopappus,True,True,False
haplosporidia,True,False,False
harare,True,True,False
hardenbergia,True,True,False
harding,True,False,False
hardy,True,False,False
harefoot,True,False,False
hargeisa,True,True,False
hargreaves,True,True,False
harlem,True,True,False
harlow,True,True,False
harmsworth,True,False,False
harpia,True,False,False
harpo,True,False,False
harpy,False,True,True
harriman,True,False,False
harris,True,False,False
harrisburg,True,False,False
harrisia,True,False,False
harrison,True,False,False
harrod,True,False,False
harte,True,True,False
hartford,True,False,False
hartley,True,False,True
harvard,True,False,False
harvey,True,False,False
hasdrubal,True,True,False
hasek,True,False,False
hasid,False,True,False
hassam,True,False,False
hassel,True,False,False
hastinapur,True,False,False
hastinapura,True,False,False
hastings,True,True,False
hathaway,True,False,False
hatiora,True,True,False
hattiesburg,True,False,False
havana,True,True,False
havasupai,False,True,False
havel,True,True,False
hawaii,True,True,False
hawking,True,False,True
hawkins,True,False,False
hawkyns,True,False,False
haworth,True,True,False
hawthorne,True,False,False
hayastan,True,False,False
hayek,True,True,False
hayes,True,False,False
hays,True,False,False
hayti,True,False,False
haywood,True,False,False
hazardia,True,False,False
hazlitt,True,False,False
hearst,True,False,False
heaven,False,True,True
heaviside,True,False,False
hebbel,True,False,False
hebe,True,False,False
hebei,True,True,False
hebraism,False,True,False
hebraist,False,True,False
hebrews,False,True,False
hebrides,True,True,False
hecate,True,True,False
hecht,True,False,False
hector,True,True,False
hedeoma,True,True,False
hedera,True,True,False
hedjaz,True,False,False
hedysarum,True,True,False
hefa,True,False,False
hegel,True,False,False
hegira,True,False,True
heidegger,True,False,False
heilong,True,False,False
heimdal,True,True,False
heimdall,True,True,False
heimdallr,True,False,False
heinlein,True,True,False
heinz,True,True,False
heisenberg,True,False,False
hejaz,True,True,False
hejira,True,False,True
hel,True,False,False
hela,True,False,False
helen,True,False,False
helena,True,False,False
helenium,True,True,False
heleodytes,True,False,False
heliamphora,True,True,False
helichrysum,True,True,False
helicidae,True,True,False
helicobacter,True,False,False
helicteres,True,True,False
helios,True,True,False
heliothis,True,True,False
heliozoa,True,True,False
helipterum,True,False,False
helix,True,True,True
hell,False,True,True
helleborus,True,False,False
heller,True,False,True
hellespont,True,False,False
hellman,True,True,False
helmholtz,True,False,False
helminthostachys,True,True,False
heloderma,True,True,False
helodermatidae,True,True,False
heloise,True,False,False
helotiaceae,True,True,False
helotiales,True,True,False
helotium,True,False,False
helsingfors,True,False,False
helsinki,True,True,False
helvellaceae,True,True,False
helvetia,True,False,False
helvetica,False,True,False
helwingia,True,True,False
helxine,True,False,False
hemachatus,True,False,False
hemerobiidae,True,True,False
hemerocallidaceae,True,False,False
hemerocallis,True,False,False
hemiascomycetes,True,False,False
hemigalus,True,False,False
hemigrammus,True,True,False
hemimetabola,True,False,False
heming,True,False,False
hemingway,True,False,False
hemiprocnidae,True,False,False
hemiptera,True,True,False
hemipteronatus,True,False,False
hemiramphidae,True,False,False
hemitripterus,True,True,False
hemminge,True,False,False
hendrix,True,False,False
henry,True,False,True
henson,True,False,False
hepaticae,True,False,False
hepaticopsida,True,False,False
hepburn,True,False,False
hephaestus,True,True,False
hephaistos,True,False,False
hepworth,True,False,False
hera,True,True,False
heracles,True,True,False
heracleum,True,False,False
heraclitus,True,True,False
herakles,True,False,False
herat,True,True,False
herbart,True,False,False
herbert,True,False,False
herculaneum,True,True,False
hercules,True,True,False
herculius,True,False,False
herder,True,True,True
here,True,False,True
hereford,False,True,False
heritiera,True,True,False
herman,True,False,False
hermann,True,False,False
hermannia,True,True,False
hermaphroditus,True,True,False
hermes,True,True,False
hermissenda,True,True,False
hermosillo,True,True,False
hernaria,True,False,False
herniaria,True,False,False
hero,True,True,True
herod,True,False,False
herodotus,True,True,False
heron,True,True,True
herpestes,True,True,False
herrick,True,False,False
herschel,True,False,False
hershey,True,False,False
hertfordshire,True,True,False
hertha,True,False,False
hertz,True,True,True
herzberg,True,False,False
hesiod,True,True,False
hesperides,False,True,False
hesperiphona,True,True,False
hesperis,True,True,False
hesperus,True,True,False
hess,True,False,False
hesse,True,True,False
hestia,True,True,False
heteranthera,True,True,False
heterobasidiomycetes,True,True,False
heterocephalus,True,False,False
heterodon,True,True,False
heterokontae,True,False,False
heteromeles,True,True,False
heteromyidae,True,True,False
heteroptera,True,True,False
heteroscelus,True,False,False
heterosomata,True,False,False
heterostraci,True,True,False
heterotheca,True,True,False
heterotrichales,True,False,False
heuchera,True,True,False
hevea,True,True,False
hevesy,True,False,False
hexagrammidae,True,True,False
hexagrammos,True,True,False
hexalectris,True,True,False
hexamita,True,True,False
hexanchidae,True,False,False
hexanchus,True,True,False
hexapoda,True,True,False
heyerdahl,True,True,False
heyrovsky,True,False,False
heyse,True,True,False
heyward,True,True,False
hezbollah,True,True,False
hezekiah,True,True,False
hiawatha,True,True,False
hibbertia,True,True,False
hibbing,True,False,False
hibernia,True,True,False
hickock,True,False,False
hidatsa,False,True,False
hieracium,True,True,False
hieronymus,True,True,False
higginson,True,False,False
highlands,True,False,False
highness,False,True,True
higi,False,True,False
hijaz,True,False,False
hilbert,True,False,False
hildebrand,True,True,False
hill,True,True,True
hillary,True,False,False
hillel,True,True,False
hilo,True,False,False
himalaya,True,False,False
himalayas,True,True,False
himantoglossum,True,True,False
himantopus,True,False,False
himmler,True,False,False
hinault,True,True,False
hinayana,False,True,False
hindemith,True,False,False
hindenburg,True,False,False
hindi,False,True,False
hinduism,False,True,False
hindustan,True,True,False
hipparchus,True,True,False
hippo,True,False,True
hippobosca,True,True,False
hippoboscidae,True,True,False
hippocampus,True,True,True
hippocastanaceae,True,False,False
hippocrates,True,True,False
hippocrepis,True,True,False
hippodamia,True,False,False
hippoglossoides,True,True,False
hippoglossus,True,True,False
hippopotamidae,True,True,False
hipposideridae,True,True,False
hipposideros,True,True,False
hippotragus,True,True,False
hipsurus,True,False,False
hirohito,True,True,False
hiroshima,True,True,False
hirschfeld,True,False,False
hirschsprung,True,False,False
hirudinea,True,False,False
hirudinidae,True,True,False
hirudo,True,True,False
hirundinidae,True,False,False
hirundo,True,True,False
hispanic,False,True,False
hispaniola,True,True,False
hitchcock,True,False,False
hitchings,True,True,False
hitchiti,False,True,False
hitler,True,False,False
hizballah,True,False,False
hizbollah,True,False,False
hizbullah,True,False,False
hoagland,True,True,False
hobart,True,True,False
hobbes,True,False,False
hobbs,True,False,False
hodeida,True,False,False
hoder,True,False,False
hodgkin,True,True,False
hodr,True,False,False
hodur,True,False,False
hoenir,True,False,False
hoffa,True,False,False
hoffman,True,True,False
hoffmann,True,True,False
hoffmannsthal,True,False,False
hofmann,True,False,False
hogan,True,True,True
hogarth,True,False,False
hogg,True,False,True
hogmanay,False,True,False
hohenlinden,True,True,False
hoheria,True,True,False
hohhot,True,True,False
hokkaido,True,True,False
hokusai,True,True,False
holarrhena,True,True,False
holbein,True,False,False
holbrookia,True,True,False
holcus,True,True,False
holland,True,True,False
hollander,False,True,False
hollerith,True,False,False
holly,True,True,True
holmes,True,False,False
holocaust,True,False,True
holocene,True,True,False
holocentridae,True,True,False
holocentrus,True,True,False
holocephali,True,True,False
holofernes,True,True,False
holothuria,True,True,False
holothuridae,True,False,False
holothuroidea,True,False,False
holstein,False,True,False
homaridae,True,False,False
homarus,True,True,False
homel,True,False,False
homer,True,True,True
hominidae,True,True,False
hominoidea,True,False,False
homobasidiomycetes,True,False,False
homogyne,True,True,False
homona,True,False,False
homoptera,True,True,False
homyel,True,False,False
hondo,True,False,False
honduras,True,True,False
honegger,True,False,False
honiara,True,True,False
honolulu,True,True,False
honshu,True,True,False
hooke,True,False,False
hooker,True,False,True
hoosier,False,True,False
hope,True,True,True
hopeh,True,False,False
hopei,True,False,False
hopi,False,True,False
hopkins,True,True,False
hopkinson,True,True,False
horace,True,True,False
hordeum,True,True,False
horne,True,False,False
horneophyton,True,True,False
horney,True,True,False
horowitz,True,True,False
horta,True,False,False
horus,True,True,False
hosea,True,True,False
hosta,True,True,False
hostaceae,True,False,False
hotei,True,False,False
hoth,True,True,False
hothr,True,False,False
hotspur,True,False,True
hottonia,True,True,False
houdini,True,False,False
houghton,True,False,False
housatonic,True,False,False
housman,True,False,False
houston,True,True,False
houttuynia,True,True,False
houyhnhnm,True,True,False
howard,True,True,False
howe,True,False,False
howells,True,False,False
hoyle,True,True,False
hrolf,True,False,False
hrvatska,True,False,False
hsian,True,False,False
huainaputina,True,False,False
hualapai,False,True,False
huambo,True,True,False
huascaran,True,False,False
huaynaputina,True,False,False
hubbard,True,False,False
hubble,True,False,False
hubel,True,True,False
hudson,True,False,False
hudsonia,True,True,False
huggins,True,False,False
hughes,True,False,False
hugo,True,False,False
hugueninia,True,False,False
hull,True,False,True
hulsea,True,True,False
humber,True,True,False
humboldt,True,False,False
hume,True,False,False
humperdinck,True,True,False
humulus,True,True,False
humvee,False,True,False
hunan,True,True,False
hungary,True,True,False
hunkpapa,False,True,False
hunnemannia,True,True,False
hunt,True,False,True
hunter,True,False,True
huntington,True,False,False
huntsville,True,False,False
hupa,False,True,False
hurok,True,False,False
huron,True,False,False
hus,True,False,False
husain,True,True,False
husayn,True,False,False
huss,True,False,False
hussein,True,True,False
husserl,True,False,False
huston,True,False,False
hutchins,True,False,False
hutchinson,True,False,False
hutton,True,False,False
hutu,False,True,False
huxley,True,False,False
huygens,True,True,False
hyacinthaceae,True,False,False
hyacinthoides,True,True,False
hyaenidae,True,False,False
hyalophora,True,True,False
hyalosperma,True,True,False
hyalospongiae,True,False,False
hybanthus,True,True,False
hyderabad,True,True,False
hydnaceae,True,True,False
hydnocarpus,True,True,False
hydnoraceae,True,False,False
hydnum,True,True,False
hydrangeaceae,True,True,False
hydrastis,True,False,False
hydrobates,True,False,False
hydrobatidae,True,False,False
hydrocharidaceae,True,False,False
hydrocharis,True,True,False
hydrocharitaceae,True,True,False
hydrochoeridae,True,False,False
hydrochoerus,True,True,False
hydrodamalis,True,True,False
hydromantes,True,True,False
hydromyinae,True,False,False
hydromys,True,True,False
hydrophidae,True,False,False
hydrophyllaceae,True,False,False
hydrophyllum,True,True,False
hydrozoa,True,True,False
hydrus,True,True,False
hyemoschus,True,False,False
hygeia,True,False,False
hygieia,True,False,False
hygrocybe,True,True,False
hygrophoraceae,True,True,False
hygrophorus,True,True,False
hygrotrama,True,False,False
hyla,True,True,False
hylactophryne,True,False,False
hylidae,True,True,False
hylobates,True,True,False
hylobatidae,True,False,False
hylocereus,True,True,False
hylocichla,True,False,False
hylophylax,True,True,False
hymen,True,True,True
hymenaea,True,True,False
hymenanthera,True,False,False
hymenogastrales,True,False,False
hymenomycetes,True,False,False
hymenophyllaceae,True,True,False
hymenophyllum,True,True,False
hymenoptera,True,True,False
hynerpeton,True,True,False
hyoscyamus,True,True,False
hypatia,True,True,False
hypentelium,True,True,False
hyperborean,True,False,False
hypericaceae,True,True,False
hypericales,True,False,False
hypericum,True,True,False
hyperion,True,False,False
hypermastigina,True,False,False
hyperoartia,True,False,False
hyperodontidae,True,False,False
hyperoglyphe,True,True,False
hyperoodon,True,False,False
hyperotreta,True,False,False
hyphantria,True,True,False
hypnos,True,True,False
hypochaeris,True,True,False
hypochoeris,True,False,False
hypocreaceae,True,True,False
hypocreales,True,True,False
hypoderma,True,False,False
hypodermatidae,True,False,False
hypopachus,True,True,False
hypopitys,True,False,False
hypoxidaceae,True,True,False
hypoxis,True,True,False
hypsiglena,True,True,False
hypsiprymnodon,True,True,False
hyracoidea,True,False,False
hyracotherium,True,True,False
hyssopus,True,False,False
hystricidae,True,False,False
hystricomorpha,True,True,False
iago,True,True,False
iapetus,True,True,False
ibadan,True,True,False
iberia,True,False,False
iberis,True,True,False
ibert,True,False,False
ibrahim,True,False,False
ibsen,True,False,False
icarus,True,True,False
iceland,True,True,False
ichneumonidae,True,True,False
ichthyosauria,True,True,False
ichthyosauridae,True,True,False
ictalurus,True,True,False
icteria,True,False,False
icteridae,True,False,False
icterus,True,False,True
ictiobus,True,True,False
ictodosauria,True,False,False
ictonyx,True,True,False
idaho,True,True,False
ido,False,True,False
idun,True,False,False
igigi,True,True,False
iglesias,True,False,False
ignatius,True,True,False
iguania,True,False,False
iguanidae,True,True,False
iguanodontidae,True,True,False
iguassu,True,False,False
iguazu,True,False,False
ike,True,False,False
ikhanaton,True,False,False
ilex,True,False,False
iliad,True,True,False
iliamna,True,False,False
ilion,True,False,False
ilium,True,False,True
illampu,True,True,False
illecebrum,True,True,False
illicium,True,True,False
illimani,True,True,False
illinois,False,True,False
illyria,True,True,False
ilmen,True,False,False
impressionism,False,True,False
inachis,True,False,False
inanna,True,True,False
incarnation,False,True,True
incheon,True,True,False
inchon,True,False,False
inconel,False,True,False
independence,True,True,True
india,True,True,False
indiana,False,True,False
indianapolis,True,True,False
indicatoridae,True,False,False
indigirka,True,True,False
indigofera,True,True,False
indochina,True,False,False
indonesia,True,True,False
indra,True,True,False
indriidae,True,True,False
indus,True,False,False
infusoria,True,True,False
inge,True,True,False
ingres,True,False,False
innsbruck,True,True,False
inquisition,False,True,True
inquisitor,False,True,True
insecta,True,False,False
insectivora,True,True,False
insessores,True,False,False
instagram,True,False,False
interahamwe,True,True,False
interlaken,True,True,False
interlingua,False,True,False
internationale,True,False,False
interpol,False,True,False
inuit,False,True,False
invar,False,True,False
io,True,False,False
ionesco,True,False,False
ionia,True,True,False
iowa,False,True,False
iphigenia,True,True,False
ipidae,True,False,False
ipomoea,True,True,False
ipsus,True,True,False
irak,True,False,False
iran,True,True,False
iraq,True,True,False
ireland,True,True,False
irena,True,False,False
irenaeus,True,True,False
irenidae,True,False,False
iresine,True,True,False
iridaceae,True,True,False
iridoprocne,True,False,False
ironsides,True,False,False
iroquois,False,True,False
irrawaddy,True,False,False
irtish,True,False,False
irtysh,True,True,False
irving,True,False,False
irvingia,True,True,False
isaac,True,True,False
isabella,True,False,False
isaiah,True,True,False
isatis,True,True,False
ischia,True,True,False
ischigualastia,True,True,False
isere,True,False,False
iseult,True,True,False
isfahan,True,True,False
isherwood,True,False,False
ishmael,False,True,False
ishtar,True,False,False
isis,True,True,False
islam,False,True,False
islamabad,True,True,False
islamism,False,True,False
islamophobia,False,True,False
islay,True,True,True
isocrates,True,True,False
isoetaceae,True,True,False
isoetales,True,True,False
isoetes,True,True,False
isolde,True,False,False
isopoda,True,True,False
isoptera,True,False,False
isopyrum,True,True,False
isospondyli,True,False,False
israel,True,True,False
israelites,False,True,False
issachar,True,True,False
issus,True,False,False
istanbul,True,True,False
istiophoridae,True,False,False
istiophorus,True,False,False
isuridae,True,False,False
isurus,True,True,False
italia,True,False,False
italy,True,True,False
ithaca,True,False,False
ithaki,True,False,False
ithunn,True,False,False
ivanov,True,True,False
ives,True,True,False
ivry,True,False,False
iwo,True,False,False
ixia,True,True,False
ixobrychus,True,True,False
ixodes,True,True,False
ixodidae,True,True,False
iyar,False,True,False
izanagi,True,True,False
izanami,True,True,False
izmir,True,False,False
jabalpur,True,True,False
jackson,True,False,False
jacksonia,True,False,False
jacksonville,True,False,False
jacob,False,True,False
jacobi,True,False,False
jacobs,True,False,False
jacquinia,True,True,False
jaculus,True,True,False
jafar,True,False,False
jaffa,True,True,False
jaffar,True,False,False
jagannath,True,True,False
jagannatha,True,False,False
jagganath,True,False,False
jagger,True,True,False
jahvey,True,False,False
jahweh,True,False,False
jainism,False,True,False
jakarta,True,True,False
jakobson,True,False,False
jalalabad,True,True,False
jamaica,True,True,False
jambos,True,False,False
james,True,False,False
jamesonia,True,True,False
jamestown,True,False,False
jamison,True,False,False
janissary,False,True,True
jansen,True,False,False
jansenism,False,True,False
january,False,True,False
janus,True,True,False
jap,False,True,False
japan,True,True,True
japheth,True,True,False
jarrell,True,False,False
jasminum,True,False,False
jason,True,True,False
jaspers,True,True,False
jassidae,True,False,False
jatropha,True,True,False
java,False,True,True
javan,False,True,False
jay,True,True,True
jayshullah,True,False,False
jeddah,True,True,False
jeffers,True,True,False
jefferson,True,False,False
jehovah,True,True,False
jena,True,True,False
jenner,True,False,False
jenny,True,False,True
jensen,True,False,False
jeremiah,True,True,False
jerevan,True,False,False
jerez,True,False,False
jericho,True,True,False
jeroboam,True,True,True
jerome,True,True,False
jersey,False,True,True
jerusalem,True,True,False
jespersen,True,True,False
jesus,True,True,False
jeth,False,True,False
jevons,True,True,False
jewison,True,False,False
jezebel,True,True,True
jidda,True,False,False
jiddah,True,False,False
jimenez,True,False,False
jinja,True,False,False
jinnah,True,False,False
jirga,False,True,False
joachim,True,True,False
jocasta,True,True,False
joel,True,False,False
joffre,True,False,False
joffrey,True,False,False
johannesburg,True,True,False
john,True,False,True
johnny,False,True,False
johns,True,False,False
johnson,True,True,False
johnston,True,False,False
johor,True,False,False
johore,True,False,False
joliet,True,False,False
joliot,True,True,False
jolliet,True,False,False
jolson,True,True,False
jonah,True,True,True
jones,True,False,False
jonesboro,True,False,False
jong,True,False,False
jonson,True,True,False
joplin,True,False,False
joppa,True,False,False
jordan,True,True,False
jordanella,True,False,False
joseon,True,False,False
joseph,True,True,False
josephus,True,True,False
joshua,True,True,False
josue,True,True,False
joule,True,True,True
jove,True,False,False
jowett,True,False,False
joyce,True,False,False
juarez,True,False,False
jubbulpore,True,False,False
juda,True,False,False
judaea,True,False,False
judah,True,False,False
judaism,False,True,False
jude,True,False,False
judea,True,True,False
judges,True,False,False
judith,True,False,False
juggernaut,False,True,True
juglandaceae,True,True,False
juglandales,True,True,False
juglans,True,True,False
jugoslavija,True,False,False
julian,True,False,False
july,False,True,False
juncaceae,True,True,False
juncaginaceae,True,True,False
juncus,True,True,False
june,False,True,False
juneau,True,False,False
jung,True,False,False
jungermanniaceae,True,True,False
jungermanniales,True,True,False
juniperus,True,False,False
junker,False,True,False
junkers,True,True,False
juno,True,False,False
jupiter,True,True,False
jurassic,True,True,False
jussieu,True,False,False
justice,False,True,True
justinian,True,False,False
jute,False,True,True
jutland,True,True,False
juvenal,True,True,False
jylland,True,False,False
jynx,True,True,False
ka,True,False,False
kaaba,True,True,False
kabbalah,False,True,True
kabul,True,True,False
kach,True,False,False
kadikoy,True,False,False
kafir,False,True,True
kafka,True,False,False
kahn,True,True,False
kahoolawe,True,False,False
kaiser,False,True,False
kakatoe,True,False,False
kakemono,False,True,True
kalahari,True,False,False
kalamazoo,True,False,False
kalapuya,False,True,False
kali,True,True,True
kalimantan,True,True,False
kalinin,True,False,False
kalka,False,True,False
kalki,True,True,False
kalotermes,True,True,False
kalotermitidae,True,True,False
kaluga,True,True,False
kama,True,True,False
kamasutra,True,False,False
kamet,True,True,False
kami,False,True,False
kampala,True,True,False
kampuchea,True,False,False
kananga,True,True,False
kanara,True,True,False
kanawha,True,False,False
kanchanjanga,True,False,False
kanchenjunga,True,False,False
kandahar,True,True,False
kandinski,True,False,False
kandinsky,True,False,False
kandy,True,True,False
kangchenjunga,True,False,False
kannada,False,True,False
kansas,False,True,False
kansu,True,False,False
kant,True,False,False
kaopectate,False,True,False
karachi,True,True,False
karakoram,True,True,False
karbala,True,True,False
karelia,True,True,False
karlfeldt,True,False,False
karloff,True,False,False
karnataka,True,True,False
karpov,True,True,False
karsavina,True,False,False
kartikeya,True,True,False
karttikeya,True,False,False
kasai,True,False,False
kashag,False,True,False
kashmir,True,True,False
kasparov,True,False,False
kastler,True,True,False
katar,True,False,False
kathmandu,True,True,False
katmandu,True,False,False
katowice,True,True,False
katsina,True,True,False
katsuwonidae,True,False,False
katsuwonus,True,False,False
kattegatt,True,False,False
kauai,True,True,False
kaufman,True,False,False
kaunas,True,True,False
kaunda,True,True,False
kazakhstan,True,True,False
kazakstan,True,False,False
kazan,True,True,False
kean,True,False,False
keaton,True,False,False
keats,True,False,False
keb,True,False,False
keble,True,True,False
kedah,True,False,False
kekule,True,False,False
kelantan,True,False,False
keller,True,False,False
kellogg,True,False,False
kelly,True,False,False
kelvin,True,True,True
kendal,False,True,False
kendall,True,False,False
kendrew,True,True,False
kennedia,True,True,False
kennedy,True,False,False
kennedya,True,False,False
kennelly,True,True,False
kennewick,True,False,False
kent,True,True,False
kentucky,True,True,False
kenya,True,True,False
kenyapithecus,True,True,False
kenyata,True,False,False
keokuk,True,False,False
kepler,True,False,False
kerbala,True,False,False
kerbela,True,False,False
kerensky,True,False,False
kern,True,False,True
kerouac,True,False,False
kesey,True,False,False
kettering,True,True,False
ketubim,True,False,False
ketuvim,True,False,False
key,True,False,True
keynes,True,False,False
khabarovsk,True,True,False
khachaturian,True,True,False
khadafy,True,False,False
khalsa,False,True,False
khama,True,False,False
khanty,False,True,False
kharkiv,True,True,False
kharkov,True,False,False
khartoum,True,True,False
khaya,True,True,False
khedive,False,True,False
khepera,True,False,False
khepri,True,False,False
khios,True,False,False
khoisan,False,True,False
khomeini,True,False,False
khowar,False,True,False
khrushchev,True,False,False
khufu,False,True,False
ki,True,False,True
kid,True,False,True
kidd,True,False,False
kierkegaard,True,False,False
kieslowski,True,False,False
kiev,True,False,False
kigali,True,True,False
kiggelaria,True,True,False
kikladhes,True,False,False
kilimanjaro,True,False,False
kilroy,True,False,False
kimberley,True,False,False
kinchinjunga,True,False,False
kinetoscope,False,True,False
king,True,True,True
kingmaker,True,True,True
kingston,True,False,False
kingstown,True,True,False
kinosternidae,True,True,False
kinosternon,True,True,False
kinsey,True,False,False
kinshasa,True,True,False
kinyarwanda,False,True,False
kiowa,False,True,False
kipling,True,False,False
kirchhoff,True,True,False
kirchner,True,True,False
kirghizia,True,False,False
kirghizstan,True,False,False
kirgizia,True,False,False
kirgizstan,True,False,False
kiribati,True,True,False
kirkia,True,True,False
kirkuk,True,True,False
kishar,True,True,False
kishinev,True,False,False
kislev,False,True,False
kissimmee,True,False,False
kissinger,True,False,False
kisumu,True,True,False
kitakyushu,True,True,False
kitchener,True,False,False
kivu,True,True,False
klaipeda,True,False,False
klamath,True,False,False
klan,True,False,False
klaproth,True,True,False
klee,True,False,False
kleenex,False,True,False
klein,True,False,False
kleist,True,True,False
klimt,True,False,False
kline,True,False,False
klinefelter,True,True,False
klondike,True,False,True
klopstock,True,False,False
klotho,True,False,False
klyuchevskaya,True,False,False
knesset,False,True,False
knightia,True,True,False
knossos,True,True,False
knox,True,False,False
knoxville,True,False,False
knut,True,True,False
kobe,True,True,False
kobenhavn,True,False,False
kobus,True,False,False
koch,True,False,False
kochia,True,True,False
koellia,True,False,False
koestler,True,False,False
kogia,True,True,False
kokka,False,True,False
kolam,False,True,False
kolkata,True,True,False
kolkwitzia,True,False,False
koln,True,False,False
kolonia,True,True,False
konakri,True,False,False
kongfuze,True,False,False
konoe,True,True,False
konoye,True,False,False
konqueror,True,True,False
koopmans,True,True,False
koran,True,False,False
korbut,True,False,False
korchnoi,True,False,False
korda,True,True,False
kordofan,True,True,False
kore,True,False,False
korea,True,True,False
korinthos,True,False,False
korzybski,True,False,False
kosciusko,True,False,False
kosciuszko,True,False,False
kosovo,True,True,False
kosteletzya,True,False,False
kotex,False,True,False
koussevitzky,True,True,False
kovna,True,False,False
kovno,True,False,False
koweit,True,False,False
krakatao,True,False,False
krakatau,True,False,False
krakatoa,True,True,False
krakau,True,True,False
krakow,True,False,False
krasner,True,True,False
kraut,False,True,False
krebs,True,True,False
kreisler,True,True,False
kremlin,True,True,True
krishna,True,True,False
krishnaism,False,True,False
kriti,True,False,False
kroeber,True,False,False
kronecker,True,True,False
kropotkin,True,False,False
kroto,True,False,False
kruger,True,True,False
krupp,True,True,False
krypterophaneron,True,False,False
kshatriya,False,True,False
kuangchou,True,False,False
kubrick,True,False,False
kuenlun,True,False,False
kuhn,True,True,False
kuiper,True,True,False
kukenaam,True,False,False
kulun,True,False,False
kumasi,True,True,False
kunlun,True,False,False
kuomintang,False,True,False
kura,True,False,False
kurdistan,False,True,False
kurdufan,True,False,False
kurosawa,True,False,False
kursk,True,True,False
kutuzov,True,False,False
kuwait,True,True,False
kuznets,True,True,False
kwajalein,True,False,False
kwangchow,True,False,False
kwangju,True,False,False
kwangtung,True,False,False
kwannon,True,False,False
kwanzaa,False,True,False
kyd,True,True,False
kyoto,True,True,False
kyphosidae,True,False,False
kyphosus,True,True,False
kyrgyzstan,True,True,False
kyushu,True,True,False
kyyiv,True,False,False
laayoune,True,False,False
laban,True,False,False
labanotation,False,True,False
labiatae,True,False,False
lablab,True,True,False
labrador,True,True,False
labridae,True,False,False
labrouste,True,False,False
laburnum,True,True,False
labyrinthodonta,True,False,False
labyrinthodontia,True,True,False
laccopetalum,True,True,False
lacerta,True,True,False
lacertidae,True,True,False
lacertilia,True,False,False
lachaise,True,True,False
lachesis,True,True,False
lachnolaimus,True,False,False
laconia,True,True,False
lactarius,True,True,False
lactobacillaceae,True,True,False
lactobacteriaceae,True,False,False
lactophrys,True,True,False
lactuca,True,True,False
ladoga,True,False,False
lady,False,True,True
laertes,True,True,False
lafayette,True,False,False
laffer,True,False,False
laffite,True,False,False
lafitte,True,False,False
lagarostrobus,True,False,False
lagenaria,True,True,False
lagenophera,True,False,False
lagerstroemia,True,True,False
lagidium,True,True,False
lagodon,True,True,False
lagomorpha,True,True,False
lagopus,True,True,False
lagorchestes,True,True,False
lagos,True,True,False
lagostomus,True,True,False
lagothrix,True,False,False
laguncularia,True,True,False
lahore,True,True,False
laius,True,True,False
lakeland,True,False,False
lakshmi,True,True,False
lallans,False,True,False
lama,True,True,True
lamarck,True,False,False
lamarckism,False,True,False
lamb,True,False,True
lambert,True,False,True
lambertia,True,True,False
lambis,True,True,False
lamellibranchia,True,False,False
lamellicornia,True,False,False
lamentations,True,False,False
lamiaceae,True,True,False
laminaria,True,True,False
laminariaceae,True,True,False
laminariales,True,False,False
lamium,True,True,False
lammas,False,True,False
lamna,True,True,False
lamnidae,True,True,False
lampridae,True,False,False
lampris,True,False,False
lampropeltis,True,False,False
lampyridae,True,False,False
lanai,True,True,True
lancashire,True,True,False
lancelot,True,True,False
lanchou,True,False,False
lanchow,True,False,False
land,True,True,True
landau,True,True,True
lander,True,False,True
landowska,True,False,False
landsteiner,True,True,False
laney,True,False,False
lange,True,False,False
langley,True,False,True
langmuir,True,False,False
langside,True,True,False
langtry,True,False,False
laniidae,True,False,False
lanius,True,True,False
lansing,True,False,False
lanthanotidae,True,False,False
lanthanotus,True,False,False
lanzhou,True,True,False
laocoon,True,False,False
laos,True,True,False
laozi,True,False,False
laplace,True,False,False
lapland,True,False,False
laportea,True,True,False
lappland,True,False,False
lappula,True,True,False
laputa,False,True,False
laramie,True,False,False
lardizabala,True,True,False
lardizabalaceae,True,True,False
lardner,True,True,False
laredo,True,False,False
lari,True,False,True
laricariidae,True,False,False
laridae,True,True,False
larix,True,False,False
larousse,True,False,False
larrea,True,True,False
larus,True,True,False
larvacea,True,False,False
lascar,True,True,True
lascaux,True,True,False
lasiocampa,True,True,False
lasiocampidae,True,True,False
lasiurus,True,True,False
lassa,True,False,False
lasso,True,True,True
lastex,False,True,False
lasthenia,True,True,False
lastreopsis,True,True,False
latakia,True,True,True
lateran,True,True,False
lates,True,True,False
lathyrus,True,True,False
latimeria,True,True,False
latimeridae,True,False,False
latin,False,True,False
latinae,True,False,False
latinism,False,True,False
latium,True,True,False
latrobe,True,False,False
latrodectus,True,True,False
latvia,True,True,False
lauder,True,True,True
laudo,True,False,False
laughton,True,False,False
lauraceae,True,True,False
laurasia,True,True,False
laurel,True,False,True
laurens,True,False,False
laurentius,True,True,False
laurus,True,True,False
lausanne,True,True,False
lavandula,True,True,False
lavatera,True,False,False
laver,True,False,True
lavoisier,True,False,False
lawrence,True,False,False
laws,True,False,False
lawton,True,False,False
layia,True,True,False
lazarus,True,False,False
lazio,True,True,False
leacock,True,False,False
leadbelly,True,False,False
leakey,True,False,False
leander,True,False,False
lear,True,False,False
leary,True,False,False
lebanon,True,True,False
lebistes,True,False,False
lecanoraceae,True,True,False
leccinum,True,True,False
lechanorales,True,False,False
lecythidaceae,True,True,False
leda,True,False,False
ledbetter,True,False,False
ledum,True,False,False
lee,True,False,True
leeds,True,True,False
leeuwenhoek,True,False,False
leger,True,False,True
lego,False,True,False
leguminosae,True,False,False
lehar,True,False,False
leibnitz,True,True,False
leibniz,True,False,False
leicester,True,True,False
leicestershire,True,True,False
leiden,True,True,False
leigh,True,False,False
leiopelma,True,True,False
leiopelmatidae,True,False,False
leiophyllum,True,False,False
leipzig,True,True,False
leishmania,False,True,False
leitneria,True,True,False
leitneriaceae,True,False,False
lemaireocereus,True,False,False
lemaitre,True,False,False
lemmon,True,False,False
lemmus,True,False,False
lemna,True,True,False
lemnaceae,True,False,False
lemnos,True,True,False
lemuridae,True,True,False
lemuroidea,True,False,False
lena,True,False,False
lenard,True,True,False
lendl,True,False,False
lenin,True,False,False
leningrad,True,False,False
leninism,False,True,False
lennoaceae,True,False,False
lennon,True,False,False
lens,True,True,True
lent,False,True,False
lentia,True,False,False
lentibulariaceae,True,True,False
lentinus,True,True,False
leon,True,False,False
leonard,True,True,False
leonardo,True,False,False
leonberg,False,True,False
leonidas,True,False,False
leonotis,True,True,False
leontief,True,False,False
leontocebus,True,False,False
leontodon,True,True,False
leontopodium,True,True,False
leonurus,True,True,False
leopoldville,True,False,False
lepadidae,True,True,False
lepanto,True,False,False
lepas,True,True,False
lepechinia,True,True,False
lepidium,True,True,False
lepidobotryaceae,True,True,False
lepidochelys,True,False,False
lepidocybium,True,False,False
lepidodendraceae,True,False,False
lepidodendrales,True,True,False
lepidoptera,True,True,False
lepidosauria,True,True,False
lepidothamnus,True,True,False
lepiotaceae,True,False,False
lepisma,True,True,False
lepismatidae,True,True,False
lepisosteidae,True,False,False
lepisosteus,True,True,False
lepomis,True,True,False
leporidae,True,True,False
leptarrhena,True,True,False
leptinotarsa,True,True,False
leptodactylidae,True,True,False
leptodactylus,True,True,False
leptoglossus,True,True,False
leptopteris,True,True,False
leptoptilus,True,False,False
leptotyphlopidae,True,True,False
leptotyphlops,True,True,False
lepus,True,False,False
lermontov,True,False,False
lerner,True,False,False
lesbian,False,True,True
lesbos,True,True,False
lesotho,True,True,False
lesquerella,True,True,False
lesseps,True,False,False
lessing,True,True,False
lesvos,True,False,False
lethe,True,True,False
leto,False,True,False
leucadendron,True,True,False
leucaena,True,True,False
leucanthemum,True,True,False
leuciscus,True,True,False
leucogenes,True,True,False
leuctra,True,True,False
leuwenhoek,True,False,False
levant,False,True,False
levi,True,True,False
levisticum,True,False,False
levite,False,True,False
leviticus,True,False,False
lewis,True,False,False
lewisia,True,True,False
lewiston,True,False,False
lexington,True,False,False
leycesteria,True,True,False
leyden,True,False,False
leymus,True,True,False
leyte,True,True,False
lhasa,False,True,False
lhotse,True,True,False
liakoura,True,False,False
liatris,True,True,False
libby,True,True,False
liberia,True,True,False
libocedrus,True,True,False
libreville,True,True,False
libya,True,True,False
lichanura,True,True,False
lichenales,True,False,False
lichenes,True,False,False
lichtenstein,True,False,False
lidocaine,False,True,False
lie,True,True,True
liechtenstein,True,True,False
liege,True,False,True
liepaja,True,False,False
lietuva,True,False,False
light,False,True,True
ligularia,True,True,False
liguria,True,True,False
ligustrum,True,False,False
liliaceae,True,True,False
liliales,True,True,False
liliidae,True,True,False
liliopsida,True,True,False
lilith,False,True,False
lilium,True,True,False
liliuokalani,True,False,False
lille,True,True,False
lillie,True,False,False
lilliputian,True,False,True
lilongwe,True,True,False
lima,True,True,False
limacidae,True,True,False
limanda,True,True,False
limax,True,True,False
limburger,False,True,False
limeira,True,True,False
limenitis,True,True,False
limerick,True,True,True
limicolae,True,False,False
limnobium,True,True,False
limnocryptes,True,False,False
limnodromus,True,False,False
limnos,True,False,False
limonium,True,True,False
limosa,True,False,False
limousin,True,True,False
limpopo,True,True,False
limulidae,True,False,False
limulus,True,True,False
lin,True,False,False
linaceae,True,True,False
linanthus,True,True,False
linaria,True,True,False
lincolnshire,True,True,False
lind,True,True,False
lindbergh,True,False,False
lindera,True,True,False
lindesnes,True,True,False
lindheimera,True,True,False
lindsay,True,False,False
linnaea,True,True,False
linnaeus,True,False,False
linum,True,True,False
linux,True,True,False
linz,True,True,False
liomys,True,False,False
lion,False,True,True
liopelma,True,False,False
liopelmidae,True,False,False
liparidae,True,False,False
liparididae,True,False,False
liparis,True,False,True
lipchitz,True,False,False
lipizzan,False,True,False
lipmann,True,True,False
liposcelis,True,True,False
lipotyphla,True,True,False
lippi,True,True,False
lippmann,True,True,False
lipscomb,True,False,False
liquidambar,True,True,True
lir,False,True,False
liriodendron,True,True,False
liriope,True,False,False
lisboa,True,False,False
lisbon,True,True,False
lister,True,False,True
listera,True,False,False
liston,True,False,False
liszt,True,False,False
litany,True,True,True
lithocarpus,True,True,False
lithodidae,True,False,False
lithophragma,True,True,False
lithospermum,True,True,False
lithuania,True,True,False
litocranius,True,False,False
littorina,True,True,False
littorinidae,True,True,False
littre,True,False,False
liturgy,False,True,True
livermore,True,False,False
liverpool,True,True,False
livingston,True,False,False
livingstone,True,False,False
livistona,True,True,False
livonia,True,True,False
livy,True,True,False
ljubljana,True,True,False
lloyd,True,False,False
llud,True,False,False
llullaillaco,True,True,False
llyr,True,False,False
loasaceae,True,True,False
lobachevsky,True,False,False
lobata,True,True,False
lobeliaceae,True,False,False
lobipes,True,False,False
lobito,True,True,False
lobotes,True,True,False
lobotidae,True,True,False
lobularia,True,False,False
locke,True,False,False
locusta,True,True,False
locustidae,True,False,False
lodge,True,False,True
lodine,False,True,False
lodz,True,False,False
loeb,True,False,False
loewe,True,False,False
loewi,True,True,False
lofortyx,True,False,False
lofoten,True,True,False
logan,True,False,False
logania,True,True,False
loganiaceae,True,True,False
logos,True,True,False
logrono,True,False,False
loire,True,True,False
loiseleuria,True,False,False
loki,True,True,False
lolita,False,True,False
lolium,True,True,False
lomariopsidaceae,True,True,False
lombardia,True,False,False
lombardy,True,True,False
lome,True,False,False
lomogramma,True,False,False
lonas,True,True,False
lonchocarpus,True,True,False
london,True,True,False
longfellow,True,False,False
lonicera,True,False,False
loos,True,False,False
lophiidae,True,False,False
lophius,True,True,False
lophodytes,True,False,False
lopholatilus,True,True,False
lophophora,True,True,False
lophophorus,True,False,False
lophosoria,True,True,False
lophosoriaceae,True,False,False
loranthaceae,True,True,False
loranthus,True,True,False
lorca,True,False,False
lord,True,True,True
lordship,False,True,True
lorelei,True,True,False
loren,True,True,False
lorentz,True,True,False
lorenz,True,True,False
loricata,True,True,False
loriinae,True,True,False
lorisidae,True,True,False
lorraine,True,True,False
lorre,True,False,False
lot,True,False,True
lota,True,False,True
lothario,False,True,False
lothringen,True,False,False
lotus,True,False,True
louis,True,False,False
louisiana,True,True,False
louisville,True,False,False
louvre,True,True,True
lovelace,True,False,False
lovell,True,False,False
lovoa,True,True,False
low,True,False,True
lowell,True,False,False
lowlands,True,False,False
lowry,True,False,False
loxia,True,False,False
loxodonta,True,False,False
loxoma,True,False,False
loxomataceae,True,False,False
loxostege,True,True,False
loyang,True,False,False
loyola,True,False,False
lozier,True,True,False
luanda,True,True,False
lubbock,True,False,False
lubeck,True,False,False
lubitsch,True,False,False
lublin,True,True,False
lubumbashi,True,True,False
lucania,True,True,False
lucanidae,True,False,False
lucas,True,False,False
luce,True,False,False
lucifer,False,True,True
lucilia,True,False,False
lucknow,True,True,False
lucretius,True,True,False
lucullus,True,True,False
lucy,True,True,False
luda,True,False,False
luddite,False,True,False
lufengpithecus,True,True,False
lufkin,True,False,False
luftwaffe,False,True,False
lug,True,False,True
lugh,True,True,False
lugosi,True,False,False
luik,True,True,False
luke,True,False,False
lulli,True,False,False
lully,True,False,False
luluabourg,True,False,False
lumpenus,True,True,False
luna,True,False,False
lunaria,True,True,False
lund,True,True,False
lunda,True,False,False
lunt,True,True,False
luoyang,True,True,False
lupinus,True,True,False
lupus,True,True,True
lusaka,True,True,False
luscinia,True,True,False
lushun,True,False,False
lusitania,True,True,False
luta,True,False,False
luther,True,False,False
lutheranism,False,True,False
lutjanidae,True,True,False
lutjanus,True,True,False
lutra,True,True,False
lutrinae,True,False,False
lutyens,True,False,False
lutzen,True,False,False
luvaridae,True,True,False
luvarus,True,True,False
luxembourg,True,True,False
luxemburg,True,False,False
luxor,True,True,False
luzon,True,True,False
lyallpur,True,False,False
lycaena,True,True,False
lycaenidae,True,True,False
lycaeon,True,False,False
lycia,True,True,False
lycium,True,True,False
lycoperdaceae,True,False,False
lycoperdales,True,True,False
lycoperdon,True,True,False
lycopersicon,True,True,False
lycopersicum,True,False,False
lycophyta,True,False,False
lycopodiaceae,True,True,False
lycopodiales,True,False,False
lycopodiate,True,False,False
lycopodineae,True,False,False
lycopodium,True,True,False
lycopsida,True,False,False
lycopus,True,True,False
lycosa,True,True,False
lycosidae,True,False,False
lydia,True,True,False
lygaeidae,True,True,False
lyginopteridales,True,True,False
lyginopteris,True,True,False
lygodium,True,True,False
lygus,True,True,False
lyly,True,False,False
lymantria,True,True,False
lymantriidae,True,False,False
lynchburg,True,False,False
lyon,True,True,False
lyonia,True,False,False
lyonnais,True,True,False
lyra,True,True,False
lyrurus,True,True,False
lysander,True,True,False
lysenko,True,True,False
lysichiton,True,True,False
lysichitum,True,False,False
lysiloma,True,True,False
lysimachia,True,True,False
lysimachus,True,True,False
lysippos,True,False,False
lysippus,True,False,False
lysol,False,True,False
lythraceae,True,True,False
lythrum,True,True,False
lytton,True,False,False
lyubavichi,True,False,False
maalox,False,True,False
maarianhamina,True,False,False
macaca,True,False,False
macao,True,False,False
macau,True,True,False
macaulay,True,False,False
macbeth,True,True,False
macedon,True,False,False
macedonia,True,False,False
mach,True,False,False
machaeranthera,True,True,False
machiavelli,True,False,False
machilidae,True,True,False
mackem,False,True,False
mackenzie,True,False,False
macleaya,True,True,False
macleod,True,False,False
maclura,True,True,False
macon,True,False,True
macowanites,True,False,False
macrocephalon,True,False,False
macrocheira,True,False,False
macroclemys,True,False,False
macrodactylus,True,True,False
macronectes,True,False,False
macropodidae,True,True,False
macropus,True,True,False
macrorhamphosidae,True,False,False
macrothelypteris,True,True,False
macrotis,True,True,False
macrotyloma,True,True,False
macrouridae,True,True,False
macrozoarces,True,False,False
macruridae,True,False,False
madagascar,True,True,False
madeira,False,True,False
madeiras,True,False,False
madia,True,True,False
madison,True,False,False
madonna,True,True,False
madoqua,True,False,False
madras,True,False,True
madreporaria,True,False,False
madrid,True,True,False
maeandra,True,False,False
maeterlinck,True,False,False
mafa,False,True,False
maffia,False,True,True
mafia,False,True,True
magdalena,True,False,False
magellan,True,False,False
magenta,True,True,True
maghreb,True,True,False
magi,True,True,False
magicicada,True,False,False
maginot,True,False,False
magnificat,True,True,False
magnoliaceae,True,True,False
magnoliidae,True,False,False
magnoliophyta,True,False,False
magnoliopsida,True,True,False
magritte,True,False,False
magyarorszag,True,False,False
mahabharata,False,True,False
mahabharatam,True,False,False
mahabharatum,True,False,False
mahagauri,True,False,False
mahan,True,False,False
maharashtra,True,True,False
mahayana,False,True,False
mahdi,True,True,False
mahdism,False,True,False
mahgrib,True,False,False
mahler,True,False,False
mahomet,True,False,False
mahonia,True,True,False
mahound,True,True,False
maia,True,True,False
maianthemum,True,True,False
maidu,False,True,False
maiduguri,True,True,False
mailer,True,False,True
maillol,True,False,False
maimonides,True,True,False
maine,True,True,False
maintenon,True,True,False
maitland,True,False,False
maitreya,True,True,False
maja,True,False,False
majidae,True,True,False
major,True,False,True
majorana,True,False,False
majorca,True,False,False
makaira,True,True,False
makalu,True,True,False
makataimeshekiakiak,True,False,False
makedonija,True,False,False
maker,True,False,True
makin,True,False,False
malabo,True,True,False
malacanthidae,True,False,False
malacca,True,False,True
malachi,True,True,False
malachias,True,False,False
malaclemys,True,False,False
malaconotinae,True,False,False
malacopterygii,True,False,False
malacosoma,True,True,False
malacostraca,True,True,False
malacothamnus,True,True,False
malaga,True,False,False
malamud,True,True,False
malathion,False,True,True
malawi,True,True,False
malaxis,True,True,False
malaya,True,False,False
malayalam,False,True,False
malaysia,True,True,False
malcolmia,True,True,False
maldives,True,True,False
maldon,True,True,False
male,True,True,True
malebranche,True,False,False
malevich,True,True,False
mali,True,True,False
malinowski,True,True,False
mallarme,True,False,False
mallon,True,True,False
mallophaga,True,True,False
mallotus,True,False,False
malmo,True,False,False
malone,True,True,False
malopterurus,True,False,False
malory,True,False,False
malosma,True,True,False
malpighi,True,False,False
malpighia,True,True,False
malpighiaceae,True,True,False
malraux,True,False,False
malta,True,True,False
malthus,True,False,False
malthusianism,False,True,False
malus,True,True,False
malva,True,True,False
malvaceae,True,True,False
malvales,True,True,False
malvastrum,True,True,False
malvaviscus,True,True,False
mama,True,False,True
mamet,True,True,False
mami,True,False,False
mammalia,True,False,False
mammea,True,True,False
mammon,True,True,True
mammut,True,False,False
mammuthus,True,False,False
mammutidae,True,True,False
man,True,True,True
managua,True,True,False
manama,True,True,False
manannan,True,False,False
manawydan,True,True,False
manawyddan,True,False,False
manchester,True,True,False
manchuria,True,True,False
mandalay,True,True,False
mandela,True,False,False
mandelbrot,True,False,False
mandelshtam,True,False,False
mandelstam,True,True,False
mandevilla,True,True,False
mandragora,True,False,False
mandrillus,True,True,False
manduca,True,True,False
manes,True,True,False
manet,True,False,False
mangifera,True,True,False
manhattan,True,True,True
mani,True,False,False
manichaeism,False,True,False
manidae,True,True,False
manihot,True,True,False
manila,True,True,True
manilkara,True,True,False
manipur,True,True,False
maniraptora,True,True,False
manis,True,True,False
manitoba,True,True,False
mankato,True,False,False
mann,True,False,False
mannheim,True,True,False
mansart,True,False,False
mansfield,True,True,False
manson,True,True,False
mantegna,True,True,False
manteidae,True,False,False
mantell,True,True,False
manteodea,True,False,False
mantidae,True,True,False
mantinea,True,False,False
mantineia,True,True,False
mantispidae,True,True,False
mantle,True,False,True
mantophasmatodea,True,False,False
manzoni,True,False,False
mao,True,False,False
maoism,False,True,False
maputo,True,True,False
mara,True,False,True
maracaibo,True,True,False
maracay,True,True,False
marantaceae,True,True,False
marasmius,True,True,False
marat,True,False,False
marathon,True,True,True
marattia,True,True,False
marattiaceae,True,True,False
marattiales,True,False,False
marceau,True,False,False
march,False,True,True
marchantia,True,True,False
marchantiaceae,True,True,False
marchantiales,True,True,False
marche,True,True,False
marches,True,False,False
marciano,True,True,False
marcionism,False,True,False
marconi,True,False,False
marcuse,True,False,False
marduk,True,True,False
marengo,True,False,False
marginocephalia,True,True,False
marianas,True,False,False
mariehamn,True,True,False
marineland,True,False,False
marines,False,True,True
marini,True,True,False
marino,True,False,False
maritimes,True,False,False
mark,True,False,True
markoff,True,False,False
markov,True,True,False
markova,True,False,False
marks,True,False,False
marley,True,False,False
marlowe,True,False,False
marmara,True,False,False
marmora,True,False,False
marmota,True,False,False
maroc,True,False,False
marquand,True,False,False
marquette,True,False,False
marquis,True,False,True
marrakech,True,False,False
marrakesh,True,True,False
marrano,False,True,False
marrubium,True,True,False
marruecos,True,False,False
mars,True,True,False
marsala,False,True,False
marseillaise,True,False,False
marseille,True,True,True
marseilles,True,False,False
marsh,True,True,True
marshall,True,False,True
marsilea,True,True,False
marsileaceae,True,True,False
marston,True,False,False
marsupialia,True,False,False
martes,True,False,False
marti,True,False,False
martial,True,True,False
martin,True,False,True
martinique,True,True,False
martyniaceae,True,True,False
marvell,True,False,False
marx,True,False,False
marxism,False,True,False
mary,True,False,False
maryland,True,True,False
masa,False,True,False
masefield,True,False,False
maseru,True,True,False
mashhad,True,True,False
mashi,False,True,False
mashriq,True,True,False
masonite,False,True,False
masonry,False,True,True
masoud,True,True,False
masqat,True,False,False
mass,False,True,True
massachusetts,False,True,False
massasoit,True,True,False
massawa,True,True,False
massenet,True,False,False
massine,True,False,False
masters,True,False,False
masticophis,True,True,False
mastigomycota,True,False,False
mastigomycotina,True,True,False
mastigophora,True,False,False
mastigoproctus,True,True,False
mastotermes,True,True,False
mastotermitidae,True,True,False
matamoros,True,False,False
mathias,True,False,False
matisse,True,False,False
matoaka,True,False,False
matricaria,True,True,False
matterhorn,True,True,False
matteuccia,True,True,False
matthew,True,False,False
matthiola,True,True,False
mattole,False,True,False
maugham,True,True,False
maui,True,True,False
mauldin,True,False,False
maupassant,True,False,False
mauriac,True,False,False
mauritania,True,True,False
mauritanie,True,False,False
mauritius,True,True,False
maurois,True,True,False
mauser,False,True,False
mawlamyine,True,True,False
maxim,True,False,True
maximian,True,True,False
maxostoma,True,False,False
maxwell,True,False,True
may,False,True,True
mayaca,True,True,False
mayacaceae,True,False,False
mayakovski,True,False,False
mayday,False,True,True
mayenne,True,True,False
mayer,True,False,False
mayetiola,True,True,False
mayflower,True,True,True
mays,True,True,False
mazama,True,False,False
mazatlan,True,False,False
mazzini,True,False,False
mbabane,True,True,False
mbeya,True,True,False
mead,True,True,True
meade,True,False,False
meany,True,True,True
mecca,True,True,True
meccano,False,True,False
meconopsis,True,True,False
mecoptera,True,True,False
medan,True,True,False
medawar,True,False,False
medea,True,True,False
medellin,True,False,False
medford,True,False,False
medicago,True,True,False
medicaid,False,True,False
medina,True,True,True
medinilla,True,True,False
mediterranean,True,False,False
medusa,False,True,True
megachile,True,True,False
megachilidae,True,True,False
megachiroptera,True,False,False
megaderma,True,True,False
megadermatidae,True,True,False
megaera,True,True,False
megalobatrachus,True,False,False
megalonychidae,True,True,False
megaloptera,True,True,False
megalosauridae,True,True,False
megapodiidae,True,False,False
megapodius,True,False,False
megaptera,True,False,False
megatheriidae,True,True,False
megatherium,True,True,False
meir,True,True,False
meissner,True,True,False
meitner,True,False,False
mekong,True,True,False
melampodium,True,True,False
melampsora,True,True,False
melampsoraceae,True,True,False
melanchthon,True,False,False
melanerpes,True,True,False
melanesia,True,True,False
melanitta,True,False,False
melanogrammus,True,False,False
melanoplus,True,True,False
melanotis,True,True,False
melanthiaceae,True,True,False
melastoma,True,True,False
melastomaceae,True,False,False
melastomataceae,True,True,False
melba,True,False,False
melbourne,True,True,False
melchior,True,True,False
meleagrididae,True,False,False
meleagris,True,False,False
meles,True,False,False
melia,True,False,False
meliaceae,True,True,False
melicocca,True,False,False
melicoccus,True,True,False
melicytus,True,True,False
melinae,True,False,False
meliphagidae,True,False,False
melissa,True,True,False
melkite,False,True,False
mellivora,True,True,False
mellon,True,False,False
melocactus,True,True,False
melogale,True,False,False
meloidae,True,False,False
melolontha,True,True,False
melolonthidae,True,False,False
melophagus,True,True,False
melopsittacus,True,False,False
melospiza,True,True,False
melpomene,True,True,False
melursus,True,False,False
melville,True,False,False
membracidae,True,False,False
memel,True,False,False
memphis,True,False,False
menander,True,True,False
mencken,True,False,False
mendel,True,False,False
mendeleev,True,False,False
mendeleyev,True,False,False
mendelsohn,True,False,False
mendelssohn,True,False,False
menelaus,True,True,False
meniere,True,False,False
menippe,True,False,False
meniscium,True,False,False
menispermaceae,True,True,False
menispermum,True,True,False
menninger,True,False,False
menominee,False,True,False
menopon,True,True,False
menotti,True,True,False
menotyphla,True,False,False
mensa,True,False,False
mentha,True,True,False
menticirrhus,True,True,False
mentzelia,True,True,False
menuhin,True,True,False
menura,True,False,False
menurae,True,False,False
menuridae,True,False,False
menyanthaceae,True,True,False
menyanthes,True,True,False
menziesia,True,True,False
mephistopheles,True,True,False
mephitinae,True,False,False
mephitis,True,False,True
mercator,True,False,False
mercedario,True,True,False
mercenaria,True,True,False
mercer,True,False,True
merckx,True,True,False
mercouri,True,False,False
mercurialis,True,False,False
mercury,True,False,True
meredith,True,False,False
mergenthaler,True,True,False
merginae,True,False,False
mergus,True,True,False
merida,True,False,False
meridian,True,False,True
meriones,True,False,False
merlangus,True,False,False
merlin,True,True,True
merlot,False,True,False
merluccius,True,True,False
merman,True,True,True
merodach,True,False,False
meropidae,True,False,False
merops,True,False,False
merostomata,False,True,False
merrimac,True,False,False
merrimack,True,False,False
mertensia,True,True,False
merton,True,False,False
meryta,True,True,False
mesa,True,True,True
mesembryanthemum,True,True,False
meshed,True,False,False
mesmer,True,False,False
mesoamerica,True,True,False
mesocricetus,True,True,False
mesolithic,True,True,False
mesopotamia,True,True,False
mesozoic,True,True,False
mespilus,True,True,False
messiah,True,True,True
messidor,False,True,False
messina,True,True,False
mesua,True,True,False
metatheria,True,True,False
metazoa,True,False,False
metchnikoff,True,False,False
metchnikov,True,False,False
methodism,False,True,False
methuselah,False,True,False
metroxylon,True,True,False
metternich,True,False,False
meuse,True,True,False
mexicali,True,True,False
mexico,True,True,False
meyerbeer,True,False,False
meyerhof,True,False,False
miami,False,True,False
micah,True,True,False
micawber,True,False,False
michaelmas,False,True,False
micheas,True,False,False
michelangelo,True,True,False
michelson,True,False,False
michener,True,False,False
michigan,False,True,False
michigander,False,True,False
mick,False,True,False
mickey,False,True,False
microcentrum,True,True,False
microchiroptera,True,False,False
micrococcaceae,True,True,False
micrococcus,True,True,False
microdesmidae,True,True,False
microdipodops,True,False,False
microgramma,True,False,False
microhylidae,True,True,False
micromeria,True,True,False
micromys,True,False,False
micronesia,True,True,False
micropogonias,True,True,False
micropterus,True,True,False
microscopium,True,True,False
microsorium,True,False,False
microsporidia,True,False,False
microsporum,True,True,False
microstomus,True,True,False
microstrobos,True,False,False
microtus,True,True,False
micruroides,True,True,False
micrurus,True,True,False
midas,True,True,False
middleton,True,False,False
mideast,True,False,False
midgard,False,True,False
midi,True,False,False
midland,True,False,True
midrash,False,True,False
midway,True,False,True
midwest,True,False,False
mikania,True,True,False
milan,True,True,False
milano,True,False,False
milhaud,True,False,False
milk,True,True,True
mill,True,False,True
millais,True,False,False
millay,True,False,False
miller,True,True,True
millet,True,True,True
millikan,True,False,False
mills,True,False,False
milne,True,False,False
miltiades,True,True,False
milton,True,False,False
miltonia,True,True,False
milvus,True,True,False
milwaukee,True,True,False
mimidae,True,False,False
mimosaceae,True,False,False
mimosoideae,True,True,False
mimus,True,True,False
mindanao,True,True,False
minden,True,True,False
mindoro,True,True,False
minerva,True,True,False
minkowski,True,True,False
minneapolis,True,True,False
minnesota,True,True,False
minnesotan,False,True,False
minnewit,True,False,False
minos,True,True,False
minotaur,False,True,False
minsk,True,True,False
minuartia,True,True,False
minuit,True,False,False
miocene,True,True,False
mirabeau,True,False,False
mirabilis,True,False,False
miri,False,True,False
miridae,True,True,False
miro,True,False,True
mirounga,True,False,False
mishna,True,False,False
mishnah,True,True,False
miss,False,True,True
mississippi,True,True,False
missoula,True,False,False
missouri,False,True,False
mitchell,True,False,False
mitchella,True,True,False
mitchum,True,True,False
mitella,True,True,False
mitford,True,False,False
mithra,True,True,False
mithraism,False,True,False
mithras,True,False,False
mithridates,True,False,False
mitra,True,True,False
mitterrand,True,False,False
miwok,False,True,False
mnemosyne,True,True,False
mniaceae,True,True,False
mnium,True,True,False
mobile,True,False,True
mobius,True,False,False
mobula,True,True,False
mobulidae,True,True,False
mocambique,True,False,False
modigliani,True,False,False
moehringia,True,True,False
mogadiscio,True,False,False
mogadishu,True,True,False
mohammad,True,False,False
mohammed,True,False,False
mohammedan,False,True,False
moho,True,False,False
mohorovicic,True,False,False
mohria,True,False,False
moirai,False,True,False
moldavia,True,True,False
moldova,True,True,False
molech,True,False,False
molidae,True,True,False
moliere,True,False,False
moline,True,False,False
molise,True,True,False
mollienesia,True,False,False
molluga,True,False,False
mollusca,True,True,False
molnar,True,False,False
moloch,False,True,True
molokai,True,True,False
molossidae,True,False,False
molothrus,True,False,False
molotov,True,False,False
moluccas,True,False,False
molucella,True,False,False
molva,True,True,False
mombasa,True,True,False
mommsen,True,True,False
momordica,True,True,False
momos,True,False,False
momotidae,True,False,False
momotus,True,True,False
momus,True,True,False
mona,True,False,False
monaco,True,True,False
monardella,True,True,False
monday,False,True,False
mondrian,True,False,False
monera,True,True,False
moneses,True,True,False
monet,True,False,False
mongolia,True,True,False
mongoloid,False,True,True
moniliaceae,True,False,False
moniliales,True,False,False
monitor,True,False,True
monk,True,True,True
monnet,True,False,False
monocanthidae,True,False,False
monocanthus,True,False,False
monochamus,True,True,False
monocotyledonae,True,False,False
monocotyledones,True,False,False
monod,True,True,False
monodon,True,False,False
monodontidae,True,True,False
monomorium,True,True,False
monongahela,True,False,False
monophthalmos,True,False,False
monophysitism,False,True,False
monopoly,False,True,True
monothelitism,False,True,False
monotremata,True,False,False
monotropa,True,True,False
monotropaceae,True,False,False
monroe,True,False,False
monrovia,True,True,False
monsieur,False,True,False
monsignor,False,True,False
montagu,True,False,False
montaigne,True,False,False
montana,True,True,False
montenegro,False,True,False
monterey,True,False,False
monterrey,True,True,False
montespan,True,True,False
montesquieu,True,True,False
montessori,True,False,False
monteverdi,True,False,False
montevideo,True,True,False
montez,True,True,False
montfort,True,False,False
montgolfier,True,False,False
montgomery,True,False,False
montia,True,True,False
montmartre,True,True,False
montpelier,True,False,False
montrachet,False,True,False
montreal,True,True,False
montserrat,True,True,False
moody,True,False,False
moon,False,True,True
moore,True,False,False
moraceae,True,True,False
moravia,True,True,False
morchella,True,True,False
morchellaceae,True,True,False
more,True,False,False
morgantown,True,False,False
morley,True,False,False
mormonism,False,True,False
mormons,False,True,False
morocco,True,True,True
moron,True,False,True
morone,True,True,False
morpheus,True,True,False
morrigan,True,False,False
morrigu,True,False,False
morris,True,False,False
morrison,True,False,False
morristown,True,False,False
mors,True,False,False
mortimer,True,True,False
morton,True,False,False
morus,True,False,False
mosaic,True,True,True
mosander,True,True,False
moschus,True,True,False
moscow,True,True,False
moselle,False,True,False
moses,True,True,False
mossad,False,True,False
mossbauer,True,False,False
mosul,True,True,False
motacilla,True,False,False
motacillidae,True,True,False
motherwell,True,True,False
motown,True,True,False
mott,True,True,False
moukden,True,False,False
moulmein,True,False,False
moussorgsky,True,False,False
moxostoma,True,False,False
moynihan,True,True,False
mozambique,True,True,False
mubarak,True,False,False
mucoraceae,True,True,False
mucorales,True,True,False
muenchen,True,False,False
mugil,True,True,False
mugilidae,True,False,False
mugiloidea,True,False,False
muhammad,True,True,False
muharram,False,True,False
muhlenbergia,True,True,False
muir,True,False,False
mukalla,True,True,False
mukden,True,False,False
mull,True,False,True
mullah,False,True,False
muller,True,True,True
mullidae,True,False,False
mulloidichthys,True,True,False
mullus,True,True,False
mumbai,True,True,False
munch,True,False,True
munchausen,True,False,False
munchhausen,True,False,False
muncie,True,False,False
munich,True,True,False
munro,True,True,False
muntiacus,True,False,False
muntingia,True,True,False
muraenidae,True,False,False
murdoch,True,True,False
muridae,True,True,False
murillo,True,False,False
muritaniya,True,False,False
murmansk,True,True,False
muroidea,True,True,False
murray,True,False,False
murrow,True,False,False
murrumbidgee,True,False,False
mus,True,False,False
musa,True,False,False
musaceae,True,True,False
musales,True,False,False
musca,True,True,False
muscadet,False,True,False
muscardinus,True,False,False
muscari,True,True,False
muscat,True,True,True
musci,True,False,False
muscicapa,True,True,False
muscicapidae,True,False,False
muscidae,True,True,False
muscivora,True,False,False
muscoidea,True,True,False
muscovite,False,True,True
muscovy,True,False,False
musial,True,False,False
musophaga,True,False,False
musophagidae,True,False,False
musset,True,False,False
mussolini,True,False,False
mussorgsky,True,False,False
mustagh,True,False,False
mustela,True,False,False
mustelidae,True,True,False
mustelus,True,False,False
mutillidae,False,True,False
mutinus,True,True,False
mutsuhito,True,False,False
muybridge,True,False,False
muztag,True,False,False
muztagh,True,False,False
mwanza,True,True,False
mya,True,False,False
myaceae,True,False,False
myacidae,True,False,False
myadestes,True,True,False
myanmar,True,True,False
mycenae,True,True,False
mycetophilidae,True,True,False
mycobacteriaceae,True,True,False
mycoplasmataceae,True,True,False
mycoplasmatales,True,False,False
mycrosporidia,True,False,False
mycteria,True,True,False
mycteroperca,True,True,False
myctophidae,True,False,False
myida,True,False,False
mylanta,False,True,False
myliobatidae,True,False,False
mylitta,True,False,False
mylodontidae,True,True,False
myocastor,True,True,False
myomorpha,True,True,False
myopus,True,False,False
myosotis,True,True,False
myotis,True,False,False
myrcia,True,True,False
myrciaria,True,True,False
myrdal,True,True,False
myriapoda,True,True,False
myrica,True,True,False
myricaceae,True,True,False
myricales,True,False,False
myricaria,True,True,False
myriophyllum,True,True,False
myristica,True,True,False
myristicaceae,True,True,False
myrmecia,True,False,False
myrmecobius,True,False,False
myrmecophaga,True,False,False
myrmecophagidae,True,True,False
myrmeleon,True,True,False
myrmeleontidae,True,False,False
myrmidon,True,False,True
myroxylon,True,True,False
myrrhis,True,False,False
myrsinaceae,True,False,False
myrsine,True,True,False
myrtaceae,True,True,False
myrtales,True,True,False
myrtillocactus,True,True,False
myrtus,True,True,False
mysidacea,True,True,False
mysidae,True,True,False
mysis,True,True,False
mysore,True,True,False
mysticeti,True,False,False
mytilene,True,True,False
mytilidae,True,True,False
mytilus,True,False,False
myxine,True,True,False
myxinidae,True,False,False
myxiniformes,True,False,False
myxinikela,True,True,False
myxinoidea,True,False,False
myxinoidei,True,False,False
myxobacterales,True,False,False
myxobacteriaceae,True,False,False
myxobacteriales,True,False,False
myxocephalus,True,False,False
myxomycetes,True,False,False
myxomycota,True,False,False
myxophyceae,True,False,False
myxosporidia,True,False,False
nabalus,True,True,False
nablus,True,True,False
nabokov,True,False,False
nabu,True,True,False
nacimiento,True,False,False
naemorhedus,True,False,False
nafud,True,False,False
nagano,True,False,False
nagasaki,True,True,False
nageia,True,True,False
nagoya,True,True,False
nahuatl,False,True,False
nahum,True,True,False
naiadaceae,True,False,False
naiadales,True,False,False
naias,True,False,False
nairobi,True,True,False
naismith,True,False,False
naja,True,True,False
najadaceae,True,False,False
najas,True,True,False
najd,True,True,False
nakuru,True,True,False
nalchik,True,True,False
namibia,True,True,False
nammu,True,True,False
namoi,True,False,False
nampa,True,False,False
namtar,True,True,False
namtaru,True,False,False
namur,True,True,False
nan,True,False,True
nanaimo,True,True,False
nanak,True,False,False
nanchang,True,True,False
nancy,True,False,False
nanjing,True,True,False
nanking,True,False,False
nanning,True,True,False
nansen,True,False,False
nantes,True,True,False
nantua,False,True,False
nantucket,True,True,False
naomi,True,False,False
napaea,True,False,False
napier,True,False,False
naples,True,True,False
napoleon,False,True,True
napoli,True,False,False
narcissus,True,False,True
narthecium,True,True,False
nasalis,True,False,False
naseby,True,True,False
nash,True,False,False
nashville,True,False,False
nassau,True,False,False
nasser,True,False,False
nast,True,False,False
nasturtium,True,False,True
nasua,True,True,False
natal,True,False,False
natantia,True,True,False
natchez,True,False,False
naticidae,True,True,False
nation,True,True,True
natrix,True,True,False
natta,True,True,False
nauclea,True,True,False
naucrates,True,False,False
nauru,True,True,False
nautilidae,True,False,False
navajo,False,True,False
navarino,True,False,False
navratilova,True,False,False
navy,False,True,True
nazareth,True,True,False
naze,True,False,False
nazimova,True,False,False
nazism,False,True,False
ndjamena,True,False,False
neanderthal,False,True,False
nebiim,True,False,False
nebo,True,False,False
nebraska,True,True,False
nebuchadnezzar,True,False,True
nebuchadrezzar,True,False,False
neckar,True,True,False
necturus,True,True,False
nederland,True,False,False
neel,True,False,False
nefertiti,True,True,False
nefud,True,False,False
negaprion,True,True,False
negev,True,True,False
negro,False,True,False
negroid,False,True,False
nehemiah,True,True,False
nehru,True,False,False
nejd,True,False,False
nelson,True,False,True
nelumbo,True,True,False
nelumbonaceae,True,True,False
nematocera,True,True,False
nematoda,True,False,False
nemea,True,True,False
nemertea,True,True,False
nemertina,True,False,False
nemesis,True,True,True
nenets,False,True,False
neoceratodus,True,True,False
neofiber,True,False,False
neohygrophorus,True,False,False
neolentinus,True,True,False
neolithic,True,True,False
neomys,True,True,False
neophron,True,True,False
neoplatonism,False,True,False
neosho,True,False,False
neotoma,True,False,False
nepa,True,False,False
nepal,True,True,False
nepenthaceae,True,False,False
nepenthes,True,True,False
nepeta,True,True,False
nephelium,True,True,False
nephrolepis,True,True,False
nephrops,True,True,False
nephropsidae,True,False,False
nephthys,True,True,False
nepidae,True,True,False
neptune,True,True,False
nereus,True,True,False
nergal,True,True,False
neritidae,True,True,False
nerium,True,True,False
nernst,True,False,False
nero,True,True,False
nerodia,True,True,False
nerthus,True,True,False
neruda,True,False,False
nerva,True,True,False
nervi,True,True,False
nesokia,True,True,False
nesselrode,False,True,False
nessie,True,False,False
nestor,True,False,False
nestorianism,False,True,False
nestorius,True,True,False
netherlands,True,True,False
netscape,True,True,False
neumann,True,True,False
neuroptera,True,True,False
neurospora,True,True,False
neurotrichus,True,True,False
neva,True,True,False
nevada,True,True,False
nevelson,True,True,False
nevis,True,True,False
newark,True,False,False
newburgh,True,False,False
newcastle,True,False,False
newcomb,True,False,False
newgate,True,True,False
newman,True,True,False
newport,True,False,False
newton,True,False,True
ney,True,True,False
niagara,True,False,False
niamey,True,True,False
nibelung,False,True,False
nibelungenlied,True,True,False
nicaea,False,True,False
nicandra,True,True,False
nicaragua,True,True,False
nice,True,True,False
nicholas,True,True,False
nichrome,False,True,False
nicklaus,True,False,False
nicolson,True,True,False
nicosia,True,True,False
nicotiana,True,True,False
nidaros,True,True,False
nidularia,True,True,False
nidulariaceae,True,True,False
nidulariales,True,False,False
niebuhr,True,True,False
nielsen,True,False,False
nietzsche,True,False,False
niger,True,True,False
nigeria,True,True,False
night,True,True,True
nightingale,True,False,True
nigroporus,True,True,False
nihon,True,False,False
niihau,True,False,False
nijinsky,True,False,False
nijmegen,True,True,False
nike,True,False,False
nile,True,True,False
nilsson,True,True,False
nimitz,True,False,False
nimravus,True,True,False
nimrod,True,True,False
nina,True,False,False
nineveh,True,True,False
ningal,True,True,False
ningirsu,True,False,False
ningishzida,True,True,False
ninhursag,True,True,False
ninib,True,False,False
ninigi,True,False,False
ninkharsag,True,False,False
ninkhursag,True,False,False
nintinugga,True,False,False
nintoo,True,False,False
nintu,True,False,False
ninurta,True,True,False
niobe,True,True,False
niobrara,True,False,False
nip,False,True,True
nipa,True,False,True
nippon,True,False,False
nisan,False,True,False
nisei,False,True,False
nissan,False,True,False
nitella,True,True,False
nitrobacter,True,True,False
nitrobacteriaceae,True,False,False
nitrosomonas,True,True,False
nixon,True,False,False
njord,True,False,False
njorth,True,False,False
noah,True,True,False
nobel,True,False,False
noctua,True,False,False
noctuidae,True,True,False
noemi,True,False,False
noether,True,True,False
nogales,True,False,False
noguchi,True,True,False
nolina,True,True,False
nome,True,False,False
nopalea,True,False,False
noreg,True,False,False
norfolk,True,True,False
norge,True,False,False
norma,True,False,False
normandie,True,False,False
normandy,True,True,False
norris,True,False,False
norrish,True,True,False
north,True,True,True
northampton,True,True,False
northamptonshire,True,True,False
northeast,True,False,True
northrop,True,False,False
northumberland,True,True,False
northumbria,True,True,False
northwest,True,False,True
norway,True,True,False
nostocaceae,True,True,False
nostradamus,True,True,False
notechis,True,False,False
notemigonus,True,False,False
nothofagus,True,True,False
nothosauria,True,False,False
notomys,True,False,False
notonecta,True,True,False
notonectidae,True,True,False
notophthalmus,True,True,False
notoryctidae,True,True,False
notoryctus,True,False,False
notostraca,True,True,False
notropis,True,True,False
nouakchott,True,True,False
november,False,True,False
novgorod,True,False,False
novial,False,True,False
novosibirsk,True,True,False
nowruz,False,True,False
nox,True,False,False
noyes,True,True,False
nubia,True,True,False
nucifraga,True,False,False
nuda,True,False,False
nudibranchia,True,False,False
nuffield,True,False,False
numbers,True,False,True
numenius,True,False,False
numida,True,False,False
numidia,True,True,False
numididae,True,False,False
numidinae,True,False,False
nummulitidae,True,False,False
nunavut,True,True,False
nuphar,True,True,False
nuptse,True,True,False
nuremberg,True,True,False
nureyev,True,True,False
nurnberg,True,False,False
nusku,True,False,False
nut,True,False,True
nuytsia,True,True,False
nyala,True,True,True
nyamuragira,True,True,False
nyasaland,True,True,False
nyctaginaceae,True,True,False
nyctaginia,True,True,False
nyctanassa,True,True,False
nyctereutes,True,True,False
nycticebus,True,False,False
nycticorax,True,True,False
nyctimene,True,False,False
nyiragongo,True,False,False
nymphaea,True,True,False
nymphaeaceae,True,True,False
nymphalidae,True,True,False
nymphalis,True,True,False
nymphicus,True,False,False
nynorsk,False,True,False
nypa,True,False,False
nyssa,True,False,False
nyssaceae,True,True,False
nyx,True,True,False
oahu,True,True,False
oakland,True,False,False
oakley,True,False,False
oates,True,False,False
oaxaca,True,True,False
ob,True,False,False
obadiah,True,True,False
obama,True,False,False
oberson,False,True,False
oblation,False,True,True
occam,True,False,False
occident,True,True,True
occidentalism,False,True,True
oceania,True,True,False
oceanica,True,False,False
oceanites,True,True,False
oceanus,True,True,False
ochna,True,True,False
ochnaceae,True,True,False
ochoa,True,True,False
ochotona,True,False,False
ochotonidae,True,False,False
ochroma,True,True,False
ochs,True,False,False
ocimum,True,True,False
ockham,True,False,False
octans,True,True,False
octavian,True,False,False
october,False,True,False
octopoda,True,False,False
octopodidae,True,True,False
ocyurus,True,False,False
oder,True,True,False
odesa,True,True,False
odessa,True,False,False
odets,True,True,False
odin,True,True,False
odisha,True,False,False
odo,True,True,False
odoacer,True,True,False
odobenidae,True,True,False
odobenus,True,False,False
odocoileus,True,True,False
odonata,True,True,False
odontaspididae,True,False,False
odontaspis,True,True,False
odontoceti,True,False,False
odontophorus,True,False,False
odovacar,True,False,False
odovakar,True,False,False
odysseus,True,True,False
odyssey,True,True,True
oecanthus,True,True,False
oedipus,True,True,False
oedogoniaceae,True,True,False
oedogoniales,True,False,False
oedogonium,True,True,False
oenanthe,True,False,False
oengus,True,False,False
oenothera,True,True,False
oersted,True,True,True
oesterreich,True,False,False
oestridae,True,False,False
oestrus,True,False,True
offenbach,True,False,False
offertory,False,True,True
ogcocephalidae,True,True,False
ogden,True,False,False
oglala,False,True,False
ohio,True,True,False
ohm,True,True,True
oireachtas,False,True,False
okapia,True,False,False
okeechobee,True,False,False
oken,True,True,False
okenfuss,True,False,False
okinawa,True,False,False
oklahoma,True,True,False
oktoberfest,False,True,False
oldenburg,True,False,False
oldfield,True,False,False
olea,True,True,False
oleaceae,True,True,False
oleales,True,False,False
oleandra,True,True,False
oleandraceae,True,False,False
olearia,True,True,False
olfersia,True,False,False
oligocene,True,True,False
oligochaeta,True,True,False
oligoplites,True,True,False
oligoporus,True,True,False
olimbos,True,False,False
oliver,True,False,False
olivier,True,False,False
olmsted,True,False,False
olympia,True,False,False
olympiad,False,True,False
olympus,True,False,False
oman,True,True,False
omdurman,True,True,False
omiya,True,False,False
omomyid,True,False,False
omphalotus,True,True,False
omsk,True,True,False
onagraceae,True,True,False
oncorhynchus,True,True,False
ondaatje,True,True,False
ondatra,True,False,False
onega,True,False,False
oniscidae,True,True,False
oniscus,True,True,False
ono,True,False,False
onobrychis,True,True,False
onoclea,True,True,False
ononis,True,True,False
onopordon,True,False,False
onopordum,True,True,False
onosmodium,True,False,False
onsager,True,True,False
ontario,True,True,False
onychium,True,False,False
onychogalea,True,False,False
onychomys,True,False,False
onychophora,True,True,False
oomycetes,True,False,False
oort,True,False,False
opel,True,True,False
opera,True,True,True
opheodrys,True,True,False
ophidia,True,True,False
ophidiidae,True,False,False
ophiodon,True,True,False
ophiodontidae,True,False,False
ophioglossaceae,True,True,False
ophioglossales,True,False,False
ophioglossum,True,True,False
ophiophagus,True,False,False
ophisaurus,True,True,False
ophiuchus,True,True,False
ophiurida,True,True,False
ophiuroidea,True,False,False
ophrys,True,True,False
opiliones,True,True,False
opisthobranchia,True,True,False
opisthocomidae,True,True,False
opisthocomus,True,False,False
opisthognathidae,True,False,False
oporto,True,False,False
oppenheimer,True,False,False
ops,True,True,False
opuntia,True,True,False
opuntiales,True,False,False
oran,True,True,False
orange,True,False,True
orbignya,True,False,False
orbison,True,False,False
orchestia,True,True,False
orchestiidae,True,False,False
orchidaceae,True,False,False
orchidales,True,True,False
orcinus,True,True,False
orcus,True,True,False
orczy,True,False,False
ordovician,True,True,False
oread,False,True,False
oreamnos,True,True,False
orectolobidae,True,False,False
orectolobus,True,True,False
oregon,True,True,False
oreopteris,True,True,False
oreortyx,True,False,False
orestes,True,True,False
orff,True,False,False
orient,True,True,True
orientalism,False,True,True
origen,True,True,False
orinoco,True,True,False
oriolidae,True,False,False
oriolus,True,True,False
orion,True,False,False
orissa,True,False,False
orites,True,True,False
orizaba,True,True,False
orlando,True,False,False
orleanais,True,False,False
orleans,True,False,False
orly,True,True,False
ormandy,True,True,False
ormazd,True,False,False
ormosia,True,True,False
ormuzd,True,False,False
ornithischia,True,True,False
ornithogalum,True,True,False
ornithomimida,True,False,False
ornithopoda,True,True,False
ornithorhynchidae,True,True,False
ornithorhynchus,True,False,False
orobanchaceae,True,True,False
orono,True,False,False
orontium,True,True,False
orozco,True,True,False
orpheus,True,True,False
orpington,False,True,False
orr,True,False,False
ortalis,True,False,False
ortega,True,True,False
orthilia,True,True,False
orthopristis,True,True,False
orthoptera,True,True,False
orthotomus,True,False,False
orumiyeh,True,False,False
orwell,True,False,False
orycteropodidae,True,True,False
orycteropus,True,True,False
oryctolagus,True,True,False
oryza,True,True,False
oryzomys,True,True,False
oryzopsis,True,True,False
osaka,True,True,False
osasco,True,True,False
osborne,True,False,False
oscillatoriaceae,True,True,False
oscines,True,False,False
osiris,True,True,False
oslo,True,True,False
osmanthus,True,True,False
osmeridae,True,False,False
osmerus,True,True,False
osmundaceae,True,True,False
ostariophysi,False,True,False
osteichthyes,True,True,False
osteoglossidae,True,True,False
osteoglossiformes,True,True,False
osteostraci,True,True,False
ostraciidae,True,True,False
ostracoda,True,False,False
ostracodermi,True,False,False
ostrava,True,True,False
ostrea,True,True,False
ostreidae,True,True,False
ostrya,True,True,False
ostryopsis,True,True,False
ostwald,True,False,False
ostyak,False,True,False
oswald,True,False,False
otaria,True,False,False
otariidae,True,False,False
othello,True,True,False
otho,True,True,False
otides,True,False,False
otididae,True,False,False
otis,True,False,False
otoe,False,True,False
ottawa,False,True,False
ottumwa,True,False,False
otus,True,False,False
ouachita,True,False,False
ouija,False,True,False
oujda,True,True,False
ouranopithecus,True,True,False
ouranos,True,False,False
ouse,True,False,False
outaouais,True,True,False
ovalipes,True,True,False
ovibos,True,False,False
ovid,True,True,False
oviedo,True,True,False
ovimbundu,False,True,False
ovis,True,True,False
owen,True,False,False
owens,True,False,False
owensboro,True,False,False
oxalidaceae,True,True,False
oxandra,True,True,False
oxbridge,False,True,False
oxford,True,True,True
oxybelis,True,True,False
oxydendrum,True,True,False
oxylebius,True,False,False
oxytropis,True,True,False
oxyura,True,False,False
oxyuranus,True,False,False
oxyuridae,True,True,False
ozarks,True,True,False
ozawa,True,True,False
ozonium,True,False,False
ozothamnus,True,True,False
pablum,False,True,True
pachycephala,True,True,False
pachyrhizus,True,True,False
pacific,True,False,False
packera,True,True,False
padda,True,True,False
paderewski,True,False,False
padova,True,False,False
padua,True,True,False
paducah,True,False,False
paeonia,True,False,False
paeoniaceae,True,False,False
paganini,True,False,False
page,True,False,True
pagellus,True,True,False
paget,True,False,False
pagophila,True,False,False
pagophilus,True,False,False
pagrus,True,True,False
paguridae,True,True,False
pagurus,True,True,False
pahang,True,False,False
pahlevi,True,False,False
paige,True,False,False
paine,True,False,False
paiute,False,True,False
pakistan,True,True,False
palaemon,True,False,False
palaemonidae,True,True,False
palaeolithic,True,False,False
palaquium,True,True,False
palatinate,True,False,True
palatine,True,True,True
palau,True,True,False
paleacrita,True,True,False
paleocene,True,True,False
paleolithic,True,True,False
paleozoic,True,True,False
palermo,True,True,False
palestine,True,False,False
palestrina,True,True,False
palgrave,True,False,False
pali,False,True,False
palinuridae,True,False,False
palinurus,True,True,False
paliurus,True,True,False
palladio,True,False,False
pallas,True,False,False
palmaceae,True,False,False
palmae,True,False,False
palmales,True,False,False
palmer,True,False,False
pamlico,False,True,False
pampas,True,False,False
pan,True,False,True
panacea,True,True,True
panama,False,True,False
panax,True,True,False
pandanaceae,True,True,False
pandanales,True,True,False
pandion,True,False,False
pandionidae,True,False,False
pandora,True,True,False
pangaea,True,True,False
pangea,True,False,False
pangloss,True,False,False
panicum,True,True,False
panini,True,False,False
panipat,True,True,False
panofsky,True,False,False
panonychus,True,True,False
panorpidae,True,True,False
pantalone,True,False,False
pantaloon,True,False,True
panthera,True,True,False
pantotheria,True,True,False
papaver,True,True,False
papaveraceae,True,True,False
papaverales,True,False,False
papeete,True,True,False
paphiopedilum,True,True,False
papilionaceae,True,False,False
papilionoideae,True,False,False
papio,True,False,False
para,True,False,True
paracelsus,True,True,False
paracheirodon,True,True,False
paraclete,True,True,False
paradisaeidae,True,False,False
paradise,False,True,True
paradoxurus,True,True,False
paraguay,True,True,False
paralichthys,True,True,False
paralithodes,True,True,False
paramaribo,True,True,False
parana,True,False,False
paranthias,True,True,False
paranthropus,False,True,False
parascalops,True,False,False
parashurama,True,True,False
parasitaxus,True,True,False
parathelypteris,True,True,False
parazoa,True,True,False
parcae,False,True,False
parcheesi,False,True,False
pareto,True,False,False
paridae,True,False,False
parietales,True,True,False
parietaria,True,True,False
paris,True,True,False
parjanya,True,True,False
park,True,True,True
parker,True,False,False
parkeriaceae,True,False,False
parkersburg,True,False,False
parkia,True,True,False
parkinson,True,False,False
parkinsonia,True,True,False
parkinsonism,False,True,False
parks,True,False,False
parmelia,True,False,False
parmeliaceae,True,True,False
parmenides,True,True,False
parmesan,False,True,False
parnahiba,True,False,False
parnaiba,True,False,False
parnassus,True,False,False
parnell,True,False,False
parochetus,True,True,False
paronychia,True,True,True
parophrys,True,False,False
parousia,True,False,False
parr,True,False,True
parrish,True,False,False
parrotia,True,False,False
parrotiopsis,True,True,False
parsons,True,False,False
parthenium,True,True,False
parthenocissus,True,True,False
parthenon,True,True,False
parthia,True,True,False
parula,True,True,False
parulidae,True,False,False
parus,True,True,False
parvati,True,True,False
pasadena,True,False,False
pashto,False,True,False
pasigraphy,False,True,False
pasiphae,True,False,False
passer,True,True,True
passeres,True,False,False
passeridae,True,False,False
passeriformes,True,False,False
passerina,True,True,False
passero,True,False,False
passiflora,True,True,False
passifloraceae,True,True,False
passover,False,True,False
pasternak,True,True,False
pasteur,True,False,False
pastinaca,True,True,False
pasto,True,False,False
pastor,True,True,True
patagonia,True,True,False
patavium,True,False,False
patella,True,True,True
patellidae,True,True,False
paternoster,True,False,True
paterson,True,False,False
paton,True,False,False
patrai,True,False,False
patras,True,True,False
patrick,True,False,False
patroclus,True,True,False
patwin,False,True,False
paul,True,False,False
pauli,True,True,False
pauling,True,True,False
pauropoda,True,True,False
pavarotti,True,False,False
pavlov,True,False,False
pavlova,True,False,True
pavo,True,False,False
paxton,True,False,False
payena,True,True,False
peabody,True,False,False
pearmain,False,True,False
peary,True,False,False
pecos,True,False,False
pectinibranchia,True,False,False
pectinidae,True,False,False
pedaliaceae,True,True,False
pediculati,True,False,False
pediculidae,True,False,False
pediculus,True,True,False
pedilanthus,True,False,False
pediocactus,True,True,False
pedioecetes,True,False,False
pedionomus,True,False,False
pedipalpi,True,False,False
peel,True,False,True
pegasus,True,True,False
pei,True,False,False
peiping,True,False,False
peirce,True,False,False
peireskia,True,False,False
peking,True,False,False
pekingese,False,True,False
pelagianism,False,True,False
pelagius,True,True,False
pelargonium,True,True,False
pelecanidae,True,True,False
pelecaniformes,True,True,False
pelecanoididae,True,False,False
pelecanus,True,False,False
peleus,True,True,False
pelew,True,False,False
pellaea,True,False,False
pellicularia,True,False,False
pelobatidae,True,False,False
peloponnese,True,True,False
peloponnesus,True,False,False
peltandra,True,True,False
peltiphyllum,True,False,False
pelycosauria,True,False,False
pempheridae,True,False,False
penang,True,False,False
peneidae,True,False,False
penelope,True,True,False
peneus,True,True,False
penicillium,True,True,False
penn,True,False,False
pennatula,True,True,False
pennatulidae,True,True,False
pennines,True,True,False
pennisetum,True,True,False
pennsylvania,True,True,False
penobscot,False,True,False
pensacola,True,False,False
penstemon,True,True,False
pentagon,False,True,True
pentastomida,True,True,False
pentateuch,True,False,False
pentecost,False,True,False
peoria,True,False,False
pepin,True,False,False
peprilus,True,False,False
pepsi,False,True,False
pepys,True,False,False
perak,True,False,False
peramelidae,True,True,False
perca,True,False,False
percheron,False,True,False
percidae,True,True,False
perciformes,True,True,False
percina,True,True,False
percoidea,True,True,False
percomorphi,True,False,False
percophidae,True,True,False
percy,True,True,False
perdicidae,True,False,False
perdicinae,True,True,False
perdix,True,True,False
perejil,True,False,False
pereskia,True,True,False
pergamon,True,False,False
pergamum,True,False,False
pericallis,True,True,False
pericles,True,True,False
peridiniidae,True,False,False
peridinium,True,True,False
perilla,True,True,False
periophthalmus,True,True,False
peripatidae,True,True,False
peripatopsidae,True,True,False
peripatopsis,True,True,False
periplaneta,True,True,False
periploca,True,False,False
perisoreus,True,True,False
perissodactyla,True,True,False
peristediinae,True,False,False
peristedion,True,True,False
perlis,True,False,False
perm,True,False,True
permalloy,False,True,False
permian,True,True,False
pernambuco,True,True,False
pernis,True,False,False
perodicticus,True,False,False
perognathus,True,True,False
peromyscus,True,True,False
peron,True,False,False
peronospora,True,True,False
peronosporaceae,True,True,False
peronosporales,True,True,False
perry,True,True,True
persea,True,True,False
persephone,True,True,False
persepolis,True,True,False
perseus,True,True,False
pershing,True,False,False
persia,True,False,False
persoonia,True,True,False
perth,True,True,False
pertusaria,True,True,False
pertusariaceae,True,True,False
peru,True,True,False
perutz,True,True,False
peshawar,True,True,False
peshmerga,True,False,True
petasites,True,True,False
petaurista,True,True,False
petauristidae,True,False,False
petaurus,True,True,False
peter,True,False,False
peterburg,True,False,False
petersburg,True,False,False
petrarca,True,False,False
petrarch,True,True,False
petrocoptis,True,True,False
petrogale,True,False,False
petrograd,True,False,False
petromyzon,True,False,False
petromyzoniformes,True,False,False
petromyzontidae,True,True,False
petronius,True,True,False
petroselinum,True,True,False
petteria,True,True,False
petunia,True,True,True
peziza,True,True,False
pezizaceae,True,True,False
pezizales,True,True,False
pezophaps,True,False,False
pfalz,True,False,False
phacochoerus,True,False,False
phaeophyceae,True,False,False
phaethon,True,True,False
phaethontidae,True,False,False
phalacrocoracidae,True,False,False
phalacrocorax,True,True,False
phalaenopsis,True,True,False
phalaenoptilus,True,False,False
phalangeridae,True,True,False
phalangida,True,False,False
phalangiidae,True,True,False
phalangium,True,True,False
phalaris,True,True,False
phalaropidae,True,False,False
phalaropus,True,False,False
phalguna,False,True,False
phallaceae,True,True,False
phallales,True,True,False
phallus,True,True,True
phanerogamae,True,False,False
phanerozoic,True,True,False
pharaoh,False,True,True
pharomacrus,True,False,False
pharsalus,True,False,False
phascogale,True,True,False
phascolarctos,True,True,False
phaseolus,True,True,False
phasianidae,True,True,False
phasianus,True,True,False
phasmatidae,True,True,False
phasmatodea,True,True,False
phasmida,True,False,False
phasmidae,True,False,False
phasmidia,True,False,False
phegopteris,True,True,False
pheidias,True,False,False
phellodendron,True,True,False
phenicia,True,False,False
phidias,True,True,False
philadelphaceae,True,False,False
philadelphia,True,True,False
philaenus,True,True,False
philemon,True,False,False
philip,True,True,False
philippi,True,True,False
philippians,True,False,False
philippines,True,True,False
philippopolis,True,False,False
philistia,True,True,False
phillidae,True,False,False
phillyrea,True,True,False
philohela,True,False,False
philomachus,True,False,False
philophylla,True,True,False
phintias,True,False,False
phiz,True,False,True
phlebodium,True,True,False
phlebotomus,True,True,True
phleum,True,True,False
phobos,True,False,False
phoca,True,True,False
phocidae,True,False,False
phocoena,True,True,False
phoebus,True,False,False
phoenicia,True,True,False
phoenicopteridae,True,False,False
phoeniculidae,True,False,False
phoeniculus,True,True,False
phoenicurus,True,True,False
phoenix,True,False,True
pholadidae,True,True,False
pholas,True,True,False
pholidae,True,True,False
pholidota,True,False,False
pholiota,True,True,False
pholis,True,True,False
pholistoma,True,True,False
phoradendron,True,True,False
phoronida,True,False,False
phoronidea,True,False,False
phosphorus,False,True,True
photinia,True,True,False
photius,True,False,False
photoblepharon,True,True,False
phoxinus,True,True,False
phragmipedium,True,True,False
phragmites,True,True,False
phrygia,True,True,False
phrynosoma,True,False,False
phthiriidae,True,False,False
phthirius,True,False,False
phthirus,True,False,False
phthorimaea,True,True,False
phycomycetes,True,True,False
phyllidae,True,False,False
phyllitis,True,False,False
phyllium,True,True,False
phyllocladaceae,True,False,False
phyllocladus,True,True,False
phyllodoce,True,False,False
phylloporus,True,True,False
phyllorhynchus,True,True,False
phylloscopus,True,False,False
phyllostachys,True,True,False
phyllostomatidae,True,False,False
phyllostomidae,True,False,False
phyllostomus,True,True,False
phylloxera,True,True,False
phylloxeridae,True,True,False
physalia,True,True,False
physalis,True,True,False
physaria,True,True,False
physeter,True,True,False
physeteridae,True,False,False
physidae,True,True,False
physostigma,True,True,False
phytolacca,True,True,False
phytolaccaceae,True,True,False
phytomastigina,True,False,False
phytophthora,True,True,False
piaf,True,False,False
piaget,True,False,False
pica,True,False,True
picardie,True,False,False
picardy,True,True,False
picariae,True,False,False
picasso,True,False,False
picea,True,False,False
picidae,True,False,False
piciformes,True,True,False
pickeringia,True,True,False
pickett,True,True,False
pickford,True,True,False
picoides,True,True,False
picrasma,True,True,False
picris,True,True,False
pictor,True,True,False
picumnus,True,False,False
picus,True,True,False
piedmont,True,True,True
piemonte,True,False,False
pierce,True,False,False
pieridae,True,True,False
pieris,True,False,False
pierre,True,True,False
pierrot,True,True,False
pietism,False,True,True
pilea,True,True,False
pilgrim,False,True,True
pilosella,True,True,False
pilsen,True,False,False
pilsner,False,True,False
pilularia,True,True,False
pimenta,True,False,False
pimlico,True,True,False
pimpinella,True,True,False
pinaceae,True,True,False
pinatubo,True,False,False
pinckneya,True,True,False
pinctada,True,True,False
pincus,True,False,False
pindar,True,True,False
pineus,True,False,False
ping,True,False,True
pinguicula,True,True,False
pinguinus,True,False,False
pinicola,True,False,False
pinnipedia,True,False,False
pinnotheres,True,True,False
pinnotheridae,True,True,False
pinophytina,True,False,False
pinopsida,True,False,False
pinsk,True,True,False
pinter,True,False,False
pinus,True,False,False
pipa,True,True,False
piper,True,False,True
piperaceae,True,True,False
piperales,True,True,False
pipidae,True,True,False
pipile,True,False,False
pipilo,True,True,False
pipistrellus,True,True,False
pipra,True,True,False
pipridae,True,False,False
piptadenia,True,True,False
pipturus,True,True,False
piqueria,True,True,False
pirandello,True,True,False
piranga,True,True,False
pisa,True,True,False
piscidia,True,True,False
pisonia,True,True,False
pissis,True,True,False
pistacia,True,True,False
piston,True,True,True
pisum,True,False,False
pithecellobium,True,True,False
pithecia,True,False,False
pithecolobium,True,False,False
pitman,True,False,True
pitot,False,True,False
pitt,True,False,False
pittidae,True,False,False
pittsburgh,True,True,False
pittsfield,True,False,False
pituophis,True,True,False
pitymys,True,True,False
pityrogramma,True,True,False
pizarro,True,False,False
placodermi,True,True,False
placuna,True,False,False
plagianthus,True,True,False
planck,True,False,False
planera,True,True,False
plano,True,False,False
planococcus,True,False,False
plantae,True,False,False
plantaginaceae,True,True,False
plantaginales,True,False,False
plantago,True,True,False
plantation,False,True,True
plasmodiidae,True,True,False
plasmodiophora,True,True,False
plasmodiophoraceae,True,False,False
plassey,True,False,False
plasticine,False,True,False
plataea,True,True,False
platalea,True,False,False
plataleidae,True,False,False
platanaceae,True,True,False
platanistidae,True,True,False
platanthera,True,True,False
platanus,True,True,False
plath,True,False,False
platichthys,True,True,False
plato,True,True,False
platonism,False,True,False
platte,True,False,False
plattensee,True,False,False
platycephalidae,True,True,False
platycerium,True,True,False
platyctenea,True,False,False
platyhelminthes,True,False,False
platylobium,True,True,False
platymiscium,True,True,False
platypoecilus,True,False,False
platyrrhini,True,False,False
platystemon,True,True,False
plautus,True,True,False
plecoptera,True,True,False
plecotus,True,True,False
plectania,True,True,False
plectognathi,True,False,False
plectomycetes,True,False,False
plectorrhiza,True,True,False
plectrophenax,True,True,False
pleiades,False,True,False
pleione,True,False,False
pleiospilos,True,True,False
pleistocene,True,True,False
plesianthropus,True,False,False
plesiosauria,True,False,False
plethodon,True,True,False
plethodontidae,True,True,False
pleurobrachia,True,True,False
pleurobrachiidae,True,True,False
pleuronectes,True,True,False
pleuronectidae,True,True,False
pleurosorus,True,False,False
pleurotus,True,True,False
pleven,True,True,False
plevna,True,False,False
plicatoperipatus,True,True,False
pliny,True,False,False
pliocene,True,True,False
ploceidae,True,True,False
ploceus,True,True,False
plotinus,True,True,False
plough,True,True,True
plovdiv,True,True,False
plumbaginaceae,True,True,False
plumbaginales,True,True,False
plumeria,True,True,False
plumiera,True,False,False
plutarch,True,True,False
pluteaceae,True,True,False
pluteus,True,True,False
pluto,True,True,False
pluvialis,True,True,False
pluvianus,True,False,False
plymouth,True,True,False
plzen,True,False,False
poa,True,True,False
poaceae,True,True,False
pocahontas,True,True,False
pocatello,True,False,False
podalyria,True,True,False
podargidae,True,False,False
podargus,True,True,False
podiceps,True,True,False
podicipedidae,True,False,False
podicipediformes,True,False,False
podicipitiformes,True,False,False
podilymbus,True,True,False
podocarpaceae,True,True,False
podocarpus,True,True,False
podophyllum,True,True,False
poe,True,False,False
poeciliidae,True,True,False
poecilocapsus,True,True,False
poecilogale,True,False,False
poephila,True,True,False
pogonophora,True,False,False
pogostemon,True,True,False
poinciana,True,False,True
poitier,True,True,False
poitiers,True,True,False
poitou,True,True,False
poland,True,True,False
polanisia,True,True,False
polaris,True,True,False
polemoniaceae,True,True,False
polemoniales,True,False,False
polianthes,True,True,False
polioptila,True,True,False
polistes,True,True,False
polk,True,False,False
pollachius,True,False,False
pollack,True,False,True
pollock,True,True,True
pollux,True,False,False
polo,True,True,True
polska,True,False,False
polyangiaceae,True,False,False
polyangium,True,False,False
polyborus,True,False,False
polybotria,True,False,False
polybotrya,True,True,False
polycarp,False,True,False
polychaeta,True,False,False
polycirrus,True,False,False
polydactylus,True,True,False
polyergus,True,True,False
polygala,True,True,False
polygalaceae,True,True,False
polygonaceae,True,True,False
polygonales,True,True,False
polygonatum,True,True,False
polygonia,True,True,False
polygonum,True,True,False
polyhymnia,True,True,False
polymastigina,True,False,False
polynemidae,True,False,False
polynesia,True,True,False
polyodon,True,False,False
polyodontidae,True,False,False
polypedates,True,True,False
polypedatidae,True,False,False
polyplacophora,True,False,False
polypodiaceae,True,True,False
polypodiales,True,True,False
polypodium,True,True,False
polyporaceae,True,True,False
polyporus,True,True,False
polyprion,True,True,False
polystichum,True,True,False
pomacanthus,True,True,False
pomacentridae,True,True,False
pomacentrus,True,True,False
pomaderris,True,True,False
pomatomidae,True,False,False
pomatomus,True,False,False
pomo,False,True,False
pomolobus,True,False,False
pomoxis,True,False,False
pompadour,True,False,True
pompeii,True,True,False
pompey,True,True,False
ponca,False,True,False
poncirus,True,False,False
pongamia,True,True,False
pongidae,True,True,False
pongo,True,False,False
pons,True,True,True
ponselle,True,False,False
pontederia,True,True,False
pontederiaceae,True,True,False
pontiac,True,False,False
pooecetes,True,False,False
pope,True,True,True
popillia,True,True,False
populus,True,True,False
porcellio,True,True,False
porcellionidae,True,True,False
porifera,True,False,False
porphyra,True,True,False
porphyrio,True,False,False
porphyrula,True,False,False
porter,True,False,True
portland,True,False,False
porto,True,True,False
portsmouth,True,True,False
portugal,True,True,False
portulacaceae,True,True,False
portunidae,True,True,False
portunus,True,True,False
porzana,True,True,False
poseidon,True,True,False
post,True,False,True
postum,False,True,False
potamogalidae,True,True,False
potamogeton,True,True,False
potamogetonaceae,True,True,False
potamophis,True,False,False
potawatomi,False,True,False
potentilla,True,True,False
poterium,True,False,False
potomac,True,False,False
potoroinae,True,False,False
potorous,True,False,False
potos,True,False,False
potsdam,True,True,False
poulenc,True,False,False
pound,True,False,True
poussin,True,False,False
pouteria,True,True,False
powell,True,False,False
powhatan,False,True,False
powys,True,True,False
poyang,True,False,False
pozsony,True,False,False
prag,True,False,False
prague,True,True,False
praha,True,False,False
praia,True,True,False
prairial,False,True,False
prajapati,True,True,False
prakrit,False,True,False
praunus,True,True,False
praxiteles,True,True,False
precambrian,True,True,False
prenanthes,True,True,False
presbyterianism,False,True,False
presbytes,True,False,False
prescott,True,False,False
presley,True,True,False
pressburg,True,False,False
pretender,False,True,True
pretoria,True,True,False
preussen,True,False,False
priacanthidae,True,True,False
priacanthus,True,True,False
priam,True,True,False
priapus,True,True,False
price,True,True,True
pridnestrovia,True,False,False
pridnestrovie,True,False,False
priestley,True,False,False
primates,True,False,False
primulaceae,True,True,False
primulales,True,True,False
princeton,True,False,False
principe,True,False,False
prinia,True,True,False
priodontes,True,False,False
prionace,True,False,False
prionotus,True,True,False
priscoan,True,False,False
pristidae,True,False,False
pristis,True,True,False
pritzelago,True,False,False
proboscidea,True,True,False
procavia,True,True,False
procaviidae,True,False,False
procellaria,True,True,False
procellariidae,True,True,False
procellariiformes,True,True,False
prociphilus,True,True,False
procnias,True,False,False
procrustes,True,True,False
procyon,True,True,False
procyonidae,True,True,False
progne,True,True,False
prokayotae,True,False,False
prokhorov,True,True,False
prokofiev,True,False,False
prolog,False,True,False
prometheus,True,True,False
prophets,True,False,False
prosauropoda,True,False,False
proserpina,True,True,False
proserpine,True,False,False
prosimii,True,False,False
prosopis,True,True,False
prosopium,True,True,False
proteaceae,True,True,False
proteales,True,True,False
proteidae,True,True,False
proteles,True,True,False
proterochampsa,True,True,False
proterozoic,True,True,False
protestantism,False,True,False
proteus,True,True,False
protista,True,False,False
protium,True,False,False
protoctista,True,False,False
prototheria,True,True,False
protozoa,True,True,False
protura,True,True,False
proudhon,True,False,False
proust,True,False,False
provence,True,True,False
provera,False,True,False
proverbs,True,False,False
providence,True,False,True
provo,True,False,False
provos,True,False,False
proxima,True,False,False
prumnopitys,True,True,False
prunella,True,False,False
prunellidae,True,False,False
prunus,True,True,False
prussia,True,True,False
psalm,True,False,True
psalms,True,True,False
psalter,False,True,False
psaltriparus,True,False,False
psenes,True,True,False
psephurus,True,False,False
psetta,True,False,False
psettichthys,True,False,False
pseudacris,True,False,False
pseudaletia,True,False,False
pseudechis,True,True,False
pseudemys,True,True,False
pseudepigrapha,False,True,False
pseudobombax,True,True,False
pseudococcidae,True,False,False
pseudococcus,True,True,False
pseudocolus,True,True,False
pseudolarix,True,True,False
pseudomonadales,True,True,False
pseudomonas,True,True,False
pseudomonodaceae,True,False,False
pseudopleuronectes,True,True,False
pseudoryx,True,False,False
pseudoscorpiones,True,False,False
pseudoscorpionida,True,False,False
pseudotaxus,True,True,False
pseudotsuga,True,True,False
pseudowintera,True,True,False
psidium,True,True,False
psilophytaceae,True,False,False
psilophytales,True,False,False
psilopsida,True,False,False
psilotaceae,True,True,False
psilotales,True,False,False
psilotatae,True,False,False
psilotum,True,True,False
psithyrus,True,True,False
psittacidae,True,True,False
psittaciformes,True,False,False
psittacula,True,True,False
psittacus,True,True,False
psocidae,True,True,False
psocoptera,True,True,False
psophia,True,True,False
psophiidae,True,False,False
psophocarpus,True,True,False
psoralea,True,True,False
psyche,True,False,True
psychodidae,True,True,False
psychopsis,True,True,False
psychotria,True,True,False
psyllidae,True,True,False
ptah,True,True,False
pteretis,True,False,False
pteridaceae,True,True,False
pteridium,True,False,False
pteridophyta,True,False,False
pteridospermae,True,False,False
pteridospermaphyta,True,False,False
pteridospermopsida,True,False,False
pteriidae,True,True,False
pteris,True,True,False
pternohyla,True,False,False
pterocarpus,True,True,False
pterocarya,True,True,False
pterocles,True,True,False
pteroclididae,True,False,False
pterocnemia,True,False,False
pterodactylidae,True,True,False
pterodactylus,True,True,False
pterois,True,True,False
pteropsida,True,True,False
pteropus,True,True,False
pterosauria,True,False,False
pterospermum,True,True,False
pterostylis,True,True,False
ptilocercus,True,True,False
ptilocrinus,True,False,False
ptilonorhynchidae,True,False,False
ptilonorhynchus,True,False,False
ptiloris,True,False,False
ptolemy,False,True,False
ptyas,True,True,False
ptychozoon,True,True,False
puccini,True,False,False
puccinia,True,True,False
pucciniaceae,True,True,False
puebla,True,True,False
pueblo,False,True,True
pueraria,True,True,False
puffinus,True,True,False
pugin,True,False,False
puglia,True,False,False
pulex,True,True,False
pulicaria,True,True,False
pulicidae,True,True,False
pulitzer,True,False,False
pulmonata,True,True,False
pulsatilla,True,True,False
punica,True,True,False
punicaceae,True,False,False
punjab,True,True,False
puppis,True,True,False
purace,True,False,False
purcell,True,False,False
purim,False,True,False
purkinje,True,False,False
purus,True,False,False
pus,False,True,True
pusan,True,False,False
pusey,True,False,False
pushan,True,True,False
pushkin,True,False,False
putin,True,False,False
putrajaya,True,True,False
pycnanthemum,True,True,False
pycnogonida,True,False,False
pydna,True,True,False
pygmalion,True,False,False
pygopodidae,True,True,False
pygopus,True,True,False
pygoscelis,True,True,False
pyle,True,True,False
pylodictus,True,False,False
pynchon,True,True,False
pyongyang,True,True,False
pyracantha,False,True,False
pyralidae,True,True,False
pyralididae,True,False,False
pyralis,True,True,False
pyramid,True,True,True
pyrausta,True,True,False
pyrenees,True,True,False
pyrenomycetes,True,False,False
pyrethrum,True,True,True
pyrex,False,True,False
pyrocephalus,True,True,False
pyrolaceae,True,False,False
pyrophorus,True,False,False
pyrrhocoridae,True,True,False
pyrrhula,True,True,False
pyrrhus,True,False,False
pyrrophyta,True,False,False
pyrrosia,True,True,False
pyrularia,True,True,False
pyrus,True,False,False
pythagoras,True,True,False
pythia,True,True,False
pythiaceae,True,True,False
pythias,True,True,False
pythius,True,True,False
pythoness,True,False,True
pythonidae,True,True,False
pythoninae,True,False,False
pyxidanthera,True,True,False
pyxis,True,True,True
qaanaaq,True,False,False
qaddafi,True,False,False
qadhafi,True,False,False
qaeda,True,False,False
qandahar,True,False,False
qatar,True,True,False
qibla,True,True,True
qom,True,False,False
quakers,False,True,False
quamassia,True,False,False
quaoar,True,False,False
quapaw,False,True,False
quaternary,True,True,True
quebec,True,True,False
queens,True,True,False
queensland,True,True,False
quercus,True,False,False
quetzalcoatl,True,True,False
quiche,False,True,True
quincy,True,False,False
quine,True,False,False
quinquagesima,False,True,False
quiscalus,True,True,False
quito,True,True,False
qum,True,False,False
quran,True,True,False
ra,False,True,False
rabat,True,True,False
rabbi,False,True,True
rabelais,True,False,False
rachel,True,True,False
rachmaninoff,True,False,False
rachmaninov,True,False,False
rachycentridae,True,False,False
rachycentron,True,True,False
racine,True,False,False
radhakrishnan,True,False,False
radiigera,True,True,False
radiolaria,True,True,False
radyera,True,True,False
raffia,True,False,True
raffles,True,False,False
rafflesiaceae,True,True,False
ragusa,True,False,False
rahu,True,True,False
rainier,True,False,False
raja,True,True,True
rajab,False,True,False
rajidae,True,False,False
rajiformes,True,True,False
rajput,False,True,False
rakaposhi,True,True,False
ralegh,True,False,False
raleigh,True,False,False
rallidae,True,False,False
rama,True,True,False
ramachandra,True,False,False
ramadan,False,True,False
ramalina,True,True,False
ramayana,True,True,False
rambouillet,False,True,False
rameau,True,False,False
rameses,True,False,False
ramesses,True,False,False
ramman,True,False,False
ramphastidae,True,False,False
ramphomicron,True,True,False
ramses,True,False,False
rana,True,False,False
ranales,True,True,False
ranatra,True,True,False
rand,True,False,True
rangifer,True,False,False
rangoon,True,False,False
ranidae,True,False,False
rankin,True,False,False
rankine,False,True,False
ranunculaceae,True,True,False
ranunculales,True,True,False
ranunculus,True,True,False
raoulia,True,True,False
rapateaceae,True,True,False
raphael,False,True,False
raphanus,True,True,False
raphia,True,False,True
raphicerus,True,True,False
raphidae,True,False,False
raphidiidae,True,True,False
raphus,True,False,False
rappahannock,True,False,False
raptores,True,False,False
rasht,True,True,False
rask,True,False,False
raskolnikov,True,False,False
rasmussen,True,True,False
rasputin,True,False,False
rastafari,False,True,False
ratibida,True,True,False
ratitae,True,False,False
rattigan,True,True,False
rattus,True,True,False
ravel,True,False,True
ravenna,True,True,False
rawalpindi,True,True,False
rayleigh,True,False,False
reading,True,True,True
reagan,True,False,False
reaper,True,True,True
reaumur,True,False,False
rebecca,True,True,False
rebekah,True,False,False
recent,True,False,False
recife,True,True,False
reconstruction,True,False,True
recurvirostra,True,False,False
recurvirostridae,True,True,False
red,True,True,True
redding,True,False,False
redeemer,True,False,True
redford,True,False,False
rediffusion,False,True,False
redonda,True,True,False
redskin,False,True,False
reduviidae,True,True,False
reed,True,False,True
reef,True,True,True
reformation,False,True,True
regalecidae,True,False,False
regalecus,True,False,False
regency,True,False,True
reggane,True,True,False
regina,True,False,False
regiomontanus,True,True,False
regulus,True,True,False
rehnquist,True,False,False
reich,False,True,False
reichstein,True,False,False
reid,True,True,False
reims,True,True,False
reiter,True,True,False
reithrodontomys,True,True,False
rembrandt,True,True,False
remilegia,True,False,False
remus,True,False,False
renaissance,False,True,False
reno,True,False,False
renoir,True,False,False
reptantia,True,True,False
reptilia,True,False,False
requiem,False,True,True
resedaceae,True,True,False
resht,True,False,False
respighi,True,False,False
restoration,True,False,True
resurrection,True,True,True
retama,True,True,False
reticulitermes,True,True,False
reticulum,True,True,True
retrophyllum,True,True,False
reuben,False,True,False
revelation,True,True,True
revere,True,False,True
reyes,True,False,False
reykjavik,True,False,False
reynolds,True,False,False
rhabdoviridae,False,True,False
rhadamanthus,False,True,False
rhagoletis,True,True,False
rhamnaceae,True,True,False
rhamnales,True,True,False
rhamnus,True,False,False
rhapis,True,True,False
rhea,True,False,True
rheidae,True,True,False
rheiformes,True,True,False
rheims,True,False,False
rhein,True,False,False
rheinland,True,False,False
rheum,True,True,True
rhexia,True,True,False
rhincodon,True,False,False
rhincodontidae,True,True,False
rhine,True,True,False
rhineland,True,True,False
rhinobatidae,True,False,False
rhinocerotidae,True,False,False
rhinolophidae,True,False,False
rhinonicteris,True,True,False
rhinoptera,True,True,False
rhinotermitidae,True,True,False
rhipsalis,True,True,False
rhiptoglossa,True,False,False
rhizobiaceae,True,True,False
rhizobium,True,True,False
rhizophora,True,True,False
rhizophoraceae,True,True,False
rhizopoda,True,False,False
rhizopogon,True,True,False
rhizopogonaceae,True,True,False
rhodes,True,True,False
rhodesia,True,True,False
rhodophyceae,True,False,False
rhodosphaera,True,True,False
rhodymenia,True,True,False
rhodymeniaceae,True,False,False
rhoeadales,True,False,False
rhone,True,False,False
rhus,True,False,False
rhyacotriton,True,False,False
rhynchocephalia,True,True,False
rhynchoelaps,True,False,False
rhyncostylis,True,False,False
rhynia,True,True,False
rhyniaceae,True,False,False
ribes,True,True,False
ribhus,False,True,False
ricardo,True,True,False
rice,True,True,True
richards,True,False,False
richardson,True,False,False
richea,True,True,False
richelieu,True,False,False
richler,True,True,False
richmond,True,False,False
richmondena,True,False,False
ricinus,True,True,False
rickenbacker,True,True,False
rickettsiaceae,True,True,False
rickettsiales,True,True,False
rickover,True,False,False
riemann,True,False,False
riesling,False,True,False
riesman,True,True,False
riff,False,True,True
riga,True,True,False
rigel,True,True,False
rigil,True,False,False
rigveda,True,False,False
riley,True,False,False
rilke,True,False,False
rimbaud,True,False,False
ringling,True,False,False
rio,True,False,False
riparia,True,True,False
rissa,True,False,False
rittenhouse,True,False,False
rivera,True,True,False
riverside,True,False,True
riviera,True,True,False
rivina,True,True,False
riyadh,True,True,False
roanoke,True,False,False
robbins,True,False,False
robert,True,True,False
roberts,True,False,False
robertson,True,False,False
robeson,True,False,False
robespierre,True,False,False
robinia,True,True,False
robinson,True,False,False
roccellaceae,True,True,False
roccus,True,False,False
rochambeau,True,False,False
rochester,True,False,False
rock,True,False,True
rockefeller,True,True,False
rockford,True,False,False
rockies,True,False,False
rockingham,True,False,False
rockwell,True,False,False
rocroi,True,True,False
rodentia,True,False,False
rodgers,True,True,False
rodhos,True,False,False
rodin,True,False,False
rodolia,True,False,False
roebling,True,False,False
roentgen,True,False,True
rogers,True,False,False
roget,True,False,False
rolaids,False,True,False
rolf,True,True,False
rollerblade,False,True,False
rollo,True,True,False
rolodex,False,True,False
romania,True,True,False
romanism,False,True,False
romans,True,False,False
romanticism,False,True,True
romberg,True,True,False
rome,False,True,False
romeo,False,True,False
rommel,True,False,False
romneya,True,True,False
romulus,True,True,False
rontgen,True,False,False
roosevelt,True,False,False
roquefort,False,True,False
roridulaceae,True,False,False
rorippa,True,True,False
rosa,True,False,False
rosaceae,True,True,False
rosales,True,True,False
rosario,True,True,False
roseau,True,True,False
rosellinia,True,True,False
rosicrucianism,False,True,False
rosidae,True,True,False
rosmarinus,True,True,False
ross,True,False,False
rossbach,True,False,False
rossetti,True,False,False
rossini,True,False,False
rostand,True,False,False
rostock,True,True,False
rostov,True,False,False
roswell,True,False,False
roth,True,False,False
rothko,True,False,False
rothschild,True,True,False
rotifera,True,False,False
rotterdam,True,True,False
rottweiler,False,True,False
roumania,True,False,False
roundhead,False,True,True
rous,True,False,False
rousseau,True,False,False
royalist,False,True,True
roystonea,True,True,False
ruanda,True,False,False
rubens,True,False,False
rubia,True,True,False
rubiaceae,True,True,False
rubiales,True,False,False
rubicon,False,True,False
rubinstein,True,True,False
rubus,True,True,False
rudbeckia,True,True,False
rudra,True,True,False
ruhr,True,True,False
rumania,True,False,False
rumex,True,True,False
ruminantia,True,False,False
rumohra,True,True,False
rumpelstiltskin,True,True,False
rundstedt,True,False,False
runyon,True,False,False
rupert,True,False,False
rupicapra,True,True,False
rupicola,True,True,False
ruptiliocarpon,True,True,False
ruritania,False,True,False
ruritanian,True,False,False
rus,True,False,False
ruscaceae,True,False,False
ruscus,True,True,False
rush,True,False,True
rushdie,True,False,False
rushmore,True,False,False
ruskin,True,False,False
russell,True,False,False
russia,True,True,False
russula,True,True,False
russulaceae,True,True,False
rustbelt,True,False,False
ruta,True,True,False
rutaceae,True,True,False
ruth,True,False,True
rutherford,True,False,True
rutilus,True,True,False
rutland,True,True,False
rutledge,True,False,False
rwanda,True,True,False
rynchopidae,True,False,False
rynchops,True,True,False
rypticus,True,True,False
saale,True,True,False
saarinen,True,True,False
saba,True,False,False
sabah,True,True,False
sabal,True,True,False
sabbath,False,True,False
sabin,True,False,True
sabinea,True,False,False
sacagawea,True,True,False
sacajawea,True,False,False
saccharomyces,True,True,False
saccharomycetaceae,True,True,False
saccharum,True,True,False
sacco,True,False,False
sachsen,True,False,False
sacramento,True,False,False
sadat,True,True,False
saddam,True,False,False
sade,True,False,False
sadleria,True,True,False
safaqis,True,False,False
safar,False,True,False
sagina,True,True,False
saginaw,True,False,False
sagitta,True,True,True
sagittaria,True,True,False
sagittariidae,True,True,False
sahaptin,False,True,False
sahara,True,True,False
saida,True,False,False
saigon,True,False,False
saimiri,True,False,False
saintpaulia,True,False,False
saipan,True,True,False
sajama,True,False,False
sakartvelo,True,False,False
sakharov,True,True,False
saki,True,True,True
sakkara,True,False,False
sakti,True,False,False
saladin,True,True,False
salamandra,True,True,False
salamandridae,True,True,False
salem,True,False,False
salerno,True,True,False
salicaceae,True,True,False
salicales,True,False,False
salicornia,True,True,False
salientia,True,True,False
salim,True,False,False
salina,True,False,False
salinger,True,True,False
salisbury,True,True,False
salix,True,False,False
salk,True,False,False
salmacis,False,True,False
salmo,True,True,False
salmon,True,True,True
salmonidae,True,True,False
salome,True,True,False
salomon,True,False,False
salonica,True,False,False
salonika,True,False,False
salpichroa,True,True,False
salpidae,True,False,False
salpinctes,True,False,False
salsola,True,True,False
saluki,False,True,False
salvador,True,False,False
salvadora,True,False,False
salvadoraceae,True,True,False
salvelinus,True,True,False
salvinia,True,True,False
salviniaceae,True,True,False
salyut,True,False,False
salzburg,True,True,False
samanala,True,False,False
samarang,True,False,False
samarcand,True,False,False
samaria,True,True,False
samarkand,True,True,False
samaveda,True,False,False
sambre,True,True,False
sambucus,True,True,False
samhita,True,True,False
samia,True,False,False
samoa,True,True,False
samolus,True,True,False
samson,False,True,False
samuel,True,True,False
sana,True,False,False
sanaa,True,True,False
sanchez,True,False,False
sand,True,True,True
sandburg,True,False,False
sangay,True,True,False
sanger,True,False,False
sangraal,True,False,False
sanguinaria,True,True,False
sanhedrin,False,True,False
sanicula,True,True,False
sanskrit,False,True,False
santa,True,False,False
santalaceae,True,True,False
santalales,True,True,False
santalum,True,True,False
santiago,True,True,False
santolina,True,True,False
santos,True,False,False
sanvitalia,True,True,False
saone,True,False,False
sapindaceae,True,True,False
sapindales,True,True,False
sapindus,True,True,False
sapir,True,False,False
saponaria,True,True,False
sapotaceae,True,True,False
sappho,True,True,False
sapporo,True,True,False
saprolegnia,True,True,False
saprolegniales,True,True,False
saqqara,True,True,False
saqqarah,True,False,False
saracen,False,True,False
saragossa,True,False,False
sarah,True,True,False
sarajevo,True,True,False
sarasota,True,False,False
sarasvati,True,False,False
saraswati,True,False,False
saratoga,True,False,False
saratov,True,True,False
sarawak,True,True,False
sarazen,True,True,False
sarcobatus,True,True,False
sarcocephalus,True,False,False
sarcochilus,True,True,False
sarcocystis,True,True,False
sarcodes,True,True,False
sarcodina,True,False,False
sarcophaga,True,True,False
sarcophilus,True,True,False
sarcoptes,True,True,False
sarcoptidae,True,True,False
sarcorhamphus,True,False,False
sarcoscyphaceae,True,True,False
sarcosomataceae,False,True,False
sarcosporidia,True,False,False
sarcostemma,True,True,False
sarda,True,False,False
sardegna,True,False,False
sardina,True,False,False
sardinia,True,True,False
sardinops,True,True,False
sardis,True,True,False
sargent,True,False,False
sarnoff,True,True,False
saroyan,True,True,False
sarpanitu,True,False,False
sarpedon,True,True,False
sarracenia,True,True,False
sarraceniaceae,True,True,False
sarraceniales,True,False,False
sartre,True,False,False
saskatchewan,True,True,False
saskatoon,True,True,True
sasquatch,True,False,False
satan,True,True,False
satanism,False,True,False
satchmo,True,False,False
satie,True,False,False
saturday,False,True,False
satureia,True,False,False
satureja,True,True,False
saturn,True,True,False
saturnalia,False,True,True
saturnia,True,True,False
saturniidae,True,True,False
satyagraha,False,True,False
satyridae,True,False,False
saul,True,True,False
sauria,True,True,False
saurischia,True,True,False
sauromalus,True,False,False
sauropoda,True,True,False
sauropodomorpha,True,True,False
sauropterygia,True,True,False
saurosuchus,True,True,False
saururaceae,True,True,False
saururus,True,True,False
saussure,True,False,False
saussurea,True,True,False
savannah,True,False,True
savior,True,False,True
saviour,True,False,True
savitar,True,False,False
savitr,True,False,False
savonarola,True,False,False
savoy,True,True,True
sawan,False,True,False
sax,True,False,True
saxe,True,False,False
saxegothea,True,False,False
saxicola,True,True,False
saxifraga,True,True,False
saxifragaceae,True,True,False
saxony,True,True,False
sayda,True,False,False
sayers,True,False,False
sayornis,True,False,False
sazerac,False,True,False
scandentia,True,False,False
scandinavia,True,True,False
scaphiopus,True,True,False
scaphopoda,True,False,False
scaphosepalum,True,True,False
scarabaeidae,True,True,False
scaramouch,True,False,False
scaramouche,True,True,False
scardinius,True,True,False
scarface,True,False,False
scaridae,True,False,False
scartella,True,True,False
sceliphron,True,True,False
sceloglaux,True,False,False
sceloporus,True,False,False
schadenfreude,False,True,False
schaffneria,True,False,False
scheele,True,True,False
schefflera,True,True,False
scheldt,True,True,False
schenectady,True,False,False
scheuchzeriaceae,True,False,False
schiaparelli,True,False,False
schiller,True,False,False
schinus,True,True,False
schistosoma,True,True,False
schistosomatidae,True,True,False
schizachyrium,True,True,False
schizaea,True,True,False
schizaeaceae,True,True,False
schizomycetes,True,False,False
schizophragma,True,False,False
schizophyceae,True,False,False
schizopoda,True,True,False
schizosaccharomyces,True,True,False
schizosaccharomycetaceae,True,True,False
schleiden,True,True,False
schlesien,True,False,False
schlesinger,True,True,False
schliemann,True,False,False
schlumbergera,True,True,False
schmidt,True,False,False
schnabel,True,True,False
schoenberg,True,False,False
scholasticism,False,True,True
schomburgkia,True,True,False
schonbein,True,False,False
schonberg,True,False,False
schoolcraft,True,False,False
schopenhauer,True,False,False
schrodinger,True,False,False
schubert,True,False,False
schulz,True,True,False
schumann,True,False,False
schumpeter,True,False,False
schutzstaffel,False,True,False
schwann,True,False,False
schwarzwald,True,False,False
schweitzer,True,True,False
schweiz,True,False,False
sciadopityaceae,True,True,False
sciadopitys,True,True,False
sciaena,True,True,False
sciaenidae,True,True,False
sciaenops,True,False,False
sciaridae,True,True,False
scientology,False,True,False
scincella,True,True,False
scincidae,True,False,False
scincus,True,True,False
scindapsus,True,True,False
scipio,True,False,False
scirpus,True,True,False
sciuridae,True,False,False
sciuromorpha,True,True,False
sciurus,True,True,False
scleranthus,True,True,False
scleroderma,True,True,True
sclerodermataceae,True,True,False
sclerodermatales,True,False,False
scleropages,True,True,False
scleroparei,True,False,False
sclerotiniaceae,True,True,False
sclerotium,True,True,True
scolopacidae,True,False,False
scolopax,True,False,False
scolymus,True,True,False
scolytidae,True,False,False
scolytus,True,True,False
scomber,True,True,False
scomberesocidae,True,True,False
scomberesox,True,True,False
scomberomorus,True,True,False
scombresocidae,True,False,False
scombresox,True,False,False
scombridae,True,True,False
scombroidea,True,False,False
scopes,True,False,False
scophthalmus,True,True,False
scopolia,True,True,False
scorpaena,True,True,False
scorpaenidae,True,True,False
scorpaenoidea,True,False,False
scorpion,False,True,True
scorpionida,True,False,False
scorpius,True,True,False
scorsese,True,False,False
scotland,True,True,False
scott,True,False,False
scrabble,False,True,True
scranton,True,False,False
scriabin,True,False,False
scribe,True,True,True
scripps,True,False,False
scrophularia,True,True,False
scrophulariaceae,True,True,False
scrophulariales,True,False,False
sculptor,True,False,True
scutellaria,True,True,False
scutigera,True,True,False
scutigerella,True,True,False
scutigeridae,True,True,False
scyliorhinidae,True,False,False
scylla,True,True,False
scyphozoa,True,True,False
scythia,True,True,False
seaborg,True,False,False
seaman,True,False,True
seattle,True,True,False
sebastes,True,False,False
sebastiana,True,False,False
sebastopol,True,False,False
secale,True,True,False
secession,True,True,True
secotiaceae,True,False,False
secretariat,True,False,True
sedalia,True,False,False
sedna,True,False,False
seeger,True,True,False
seeland,True,False,False
segal,True,True,False
segovia,True,True,False
segway,False,True,False
seine,True,True,True
seismosaurus,True,False,False
seiurus,True,False,False
sekhet,True,False,False
sekhmet,True,False,False
selachii,True,False,False
selaginella,True,True,False
selaginellaceae,True,False,False
selaginellales,True,False,False
selangor,True,False,False
selar,True,False,False
selcraig,True,False,False
selenarctos,True,False,False
selene,True,True,False
selenicereus,True,True,False
selenipedium,True,True,False
seles,True,False,False
seleucus,True,False,False
selkirk,True,False,False
sellers,True,False,False
sellotape,False,True,False
selma,True,False,False
selznick,True,True,False
semarang,True,True,False
seminole,False,True,False
sempach,True,False,False
senate,False,True,True
senecio,True,True,False
senefelder,True,False,False
senegal,True,True,False
senhor,False,True,False
sennacherib,True,True,False
sennett,True,False,False
seoul,True,True,False
sepia,True,False,True
sepiidae,True,True,False
sept,False,True,True
september,False,True,False
septobasidiaceae,True,False,False
septobasidium,True,True,False
septuagesima,False,True,False
septuagint,True,True,False
sequoiadendron,True,True,False
sequoya,True,False,False
sequoyah,True,True,False
serbia,True,True,False
serdica,True,False,False
serengeti,True,True,False
serenoa,True,True,False
sericocarpus,True,True,False
serinus,True,True,False
seriola,True,True,False
seriphidium,True,False,False
seriphus,True,False,False
serkin,True,True,False
serpens,True,True,False
serpentes,True,False,False
serra,True,False,False
serranidae,True,True,False
serranus,True,True,False
serrasalmus,True,True,False
serratia,True,True,False
serratula,True,True,False
sertularia,True,True,False
service,True,False,True
sesamum,True,True,False
seseli,True,True,False
sessions,True,False,False
set,True,False,True
setaria,True,True,False
seth,True,True,False
seton,True,False,False
setophaga,True,True,False
setubal,True,False,False
seurat,True,False,False
sevastopol,True,True,False
severn,True,False,False
sevilla,True,False,False
seville,True,True,False
seward,True,False,False
sexton,True,False,True
seychelles,True,True,False
seyhan,True,True,False
seymour,True,False,False
sfax,True,True,False
shah,False,True,True
shahn,True,False,False
shakers,False,True,False
shakespeare,True,False,False
shakspere,True,False,False
shakti,True,True,False
shaktism,False,True,False
shamash,True,True,False
shanghai,True,True,False
shankar,True,False,False
shannon,True,False,False
shapley,True,False,False
shari,True,False,False
shavuot,False,True,False
shaw,True,False,False
shawn,True,False,False
shawnee,False,True,False
shawwal,False,True,False
shearer,True,True,True
sheffield,True,True,False
shelley,True,False,False
shem,True,True,False
shema,False,True,False
shenyang,True,True,False
shepard,True,False,False
sheridan,True,False,False
sherman,True,False,False
sherrington,True,True,False
sherwood,True,False,False
shetland,False,True,False
shevat,False,True,False
shevchenko,True,True,False
shikoku,True,True,False
shiloh,True,False,False
shinto,False,True,False
shiraz,True,True,False
shirer,True,True,False
shishapangma,True,False,False
shiva,True,True,True
shockley,True,True,False
shorea,True,True,False
shoshone,False,True,False
shostakovich,True,False,False
shreveport,True,False,False
shrovetide,False,True,False
shua,False,True,False
shudra,False,True,True
shute,True,False,False
shylock,True,True,True
sialia,True,False,False
sialidae,True,False,False
sialis,True,True,False
siam,True,False,False
sian,True,False,False
sibelius,True,False,False
siberia,True,True,False
sichuan,True,True,False
sicilia,True,False,False
sicily,True,True,False
sida,True,False,False
sidalcea,True,True,False
siddhartha,True,False,False
siddons,True,True,False
sideritis,True,True,False
sidney,True,False,False
sidon,True,True,False
siegfried,True,True,False
siemens,True,True,True
sif,True,True,False
sigmodon,True,False,False
sigurd,True,True,False
sigyn,False,True,False
sihasapa,False,True,False
sikhism,False,True,False
sikkim,True,True,False
sikorsky,True,False,False
silenus,True,True,True
silesia,True,True,True
silex,False,True,True
sillaginidae,True,True,False
sillago,True,True,False
sills,True,False,False
silphium,True,True,False
silurian,True,True,False
siluridae,True,True,False
siluriformes,True,False,False
silurus,True,True,False
silvanus,True,False,False
silverstein,True,False,False
silvia,True,True,False
silybum,True,True,False
simarouba,True,True,False
simaroubaceae,True,True,False
simenon,True,False,False
simeon,False,True,False
simon,True,False,False
simoniz,False,True,False
simpson,True,False,False
simuliidae,True,False,False
simulium,True,True,False
sin,True,True,True
sinai,True,False,False
sinanthropus,False,True,False
sinapis,True,True,False
sinatra,True,False,False
sinbad,True,False,False
sinclair,True,False,False
singan,True,False,False
singapore,True,True,False
singer,True,False,True
sinkiang,True,False,False
sinningia,True,True,False
sinology,False,True,False
sinornis,False,True,False
sioux,False,True,False
siphonaptera,True,False,False
siphonophora,True,False,False
sipuncula,True,True,False
siqueiros,True,True,False
sir,False,True,True
sirach,True,False,False
siracusa,True,False,False
sirenia,True,True,False
sirenidae,True,True,False
sirius,True,True,False
sison,True,False,False
sister,False,True,True
sistrurus,True,True,False
sisyphus,True,True,False
sisyridae,True,True,False
sisyrinchium,True,True,False
sita,True,True,False
sitka,True,False,False
sitophylus,True,False,False
sitotroga,True,True,False
sitsang,True,False,False
sitta,True,False,False
sitter,True,False,True
sittidae,True,False,False
sitwell,True,True,False
sium,True,True,False
siva,True,False,False
sivan,False,True,False
sivapithecus,False,True,False
sjaelland,True,False,False
skagerak,True,False,False
skagerrak,True,True,False
skagway,True,False,False
skanda,True,False,False
skaw,True,False,False
skeat,True,True,False
skinner,True,False,True
skopje,True,True,False
skoplje,True,False,False
skuld,True,True,False
skylab,True,True,False
slask,True,False,False
slezsko,True,False,False
sloanea,True,True,False
slovakia,True,True,False
slovenia,True,True,False
slovenija,True,False,False
smalley,True,False,False
smetana,True,False,False
smilacaceae,True,True,False
smilax,True,True,True
smilodon,True,False,False
smith,True,False,True
smolensk,True,True,False
smollett,True,True,False
smuts,True,True,False
smyrna,True,True,False
smyrnium,True,True,False
snake,True,True,True
snead,True,False,False
snellen,True,True,False
snoopy,True,True,False
snow,True,True,True
socinus,True,False,False
socrates,True,True,False
soddy,True,False,True
sodom,True,False,True
sofia,True,True,False
soho,True,True,False
soissons,True,True,False
sokoro,False,True,False
sol,True,False,True
solanaceae,True,True,False
solandra,True,True,False
solanopteris,True,False,False
solanum,True,True,False
solea,True,False,False
soledad,True,False,False
soleidae,True,True,False
soleirolia,True,True,False
solenichthyes,True,False,False
solenidae,True,True,False
solenogastres,True,True,False
solenopsis,True,False,False
solenostemon,True,True,False
solent,True,False,False
solferino,True,True,True
solidago,True,True,False
solingen,True,True,False
solomon,True,True,False
solomons,True,False,False
solresol,False,True,False
solvay,True,False,False
solzhenitsyn,True,False,False
somalia,True,True,False
somaliland,True,False,False
somateria,True,False,False
sombrero,True,True,True
somerset,True,True,True
somme,True,False,False
son,True,True,True
sonchus,True,True,False
sondheim,True,False,False
song,False,True,True
sonora,True,True,False
sontag,True,True,False
sophist,False,True,True
sophocles,True,True,False
sophonias,True,False,False
sophora,True,True,False
sorbonne,True,False,False
sorbus,True,True,False
sorensen,True,True,False
sorex,True,True,False
sorghum,True,True,True
soricidae,True,False,False
sothis,True,False,False
soudan,True,False,False
soufflot,True,False,False
sousa,True,False,False
sousse,True,True,False
south,True,True,True
southeast,True,False,True
southey,True,False,False
southwest,True,False,True
soutine,True,False,False
soweto,True,True,False
spain,True,True,False
spalacidae,True,True,False
spalax,True,True,False
spallanzani,True,False,False
spandau,False,True,False
sparaxis,True,True,False
sparganiaceae,True,True,False
sparganium,True,True,False
sparidae,True,True,False
spark,True,False,True
sparmannia,True,False,False
sparta,True,True,False
spartina,True,True,False
spartium,True,True,False
spassky,True,False,False
spatangoida,True,True,False
speer,True,True,False
speke,True,True,False
spencer,True,False,False
spender,True,True,True
spengler,True,True,False
spenser,True,False,False
spergula,True,True,False
spergularia,True,True,False
spermatophyta,True,False,False
spermophilus,True,True,False
sperry,True,False,False
sphacele,True,False,False
sphaeralcea,True,True,False
sphaeriaceae,True,False,False
sphaeriales,True,False,False
sphaerobolaceae,True,False,False
sphaerocarpaceae,True,True,False
sphaerocarpales,True,True,False
sphaerocarpos,True,True,False
sphaerocarpus,True,False,False
sphagnales,True,True,False
sphecidae,True,True,False
sphecius,True,True,False
sphecoidea,True,False,False
sphecotheres,True,False,False
spheniscidae,True,False,False
sphenisciformes,True,False,False
spheniscus,True,False,False
sphenodon,True,False,False
sphenopsida,True,False,False
sphingidae,True,True,False
sphinx,False,True,True
sphyraena,True,False,False
sphyraenidae,True,False,False
sphyrapicus,True,False,False
sphyrna,True,True,False
sphyrnidae,True,False,False
spica,True,True,False
spielberg,True,False,False
spillane,True,False,False
spilogale,True,False,False
spinacia,True,True,False
spinoza,True,False,False
spinus,True,False,False
spiraea,True,True,True
spiranthes,True,True,False
spirillaceae,True,True,False
spirochaeta,True,True,False
spirochaetaceae,True,True,False
spirochaetales,True,True,False
spirodela,True,True,False
spirulidae,True,False,False
spitsbergen,True,True,False
spitzbergen,True,False,False
spizella,True,True,False
split,True,False,True
spock,True,True,False
spode,False,True,False
spodoptera,True,True,False
spokane,True,False,False
spondias,True,True,False
spork,False,True,False
sporobolus,True,True,False
sporozoa,True,False,False
spotsylvania,True,False,False
spraguea,True,False,False
springfield,True,False,False
spyeria,True,False,False
squalidae,True,True,False
squalus,True,False,False
squamata,True,True,False
squatina,True,False,False
squatinidae,True,False,False
squillidae,True,True,False
srbija,True,False,False
stabroek,True,True,False
stachys,True,True,False
stael,True,False,False
staffa,True,True,False
stagira,True,False,False
stagirus,True,False,False
stalin,True,False,False
stalinabad,True,False,False
stalingrad,True,False,False
stalinism,False,True,False
stalino,True,False,False
stamboul,True,False,False
stambul,True,False,False
standish,True,False,False
stanford,True,False,False
stanislavsky,True,False,False
stanley,True,False,False
stanleya,True,False,False
stanton,True,False,False
staphylaceae,True,False,False
staphylea,True,True,False
staphylinidae,True,False,False
starkey,True,False,False
starr,True,False,False
stavanger,True,True,False
steatornis,True,False,False
steatornithidae,True,False,False
steele,True,False,False
steen,True,False,False
steffens,True,False,False
steganopus,True,False,False
stegocephalia,True,False,False
steichen,True,True,False
stein,True,False,True
steinbeck,True,False,False
steinberg,True,True,False
steinem,True,False,False
steiner,True,False,False
steinman,True,True,False
steinmetz,True,False,False
steinway,True,False,False
stella,True,False,False
stellaria,True,True,False
steller,True,False,False
stellite,False,True,False
stendhal,True,True,False
stengel,True,True,False
stenocarpus,True,True,False
stenochlaena,True,True,False
stenopelmatidae,True,True,False
stenopelmatus,True,True,False
stenotaphrum,True,True,False
stenotomus,True,False,False
stenotus,True,False,False
stentor,True,True,True
stephanomeria,True,True,False
stephen,True,True,False
stephenson,True,True,False
stercorariidae,True,False,False
stercorarius,True,False,False
sterculiaceae,True,True,False
stereospondyli,True,True,False
stern,True,True,True
sterna,True,True,False
sterne,True,False,False
sterninae,True,False,False
sternotherus,True,True,False
sterope,False,True,False
stetson,False,True,False
steuben,True,False,False
stevens,True,False,False
stevenson,True,True,False
stewart,True,False,False
stichaeidae,True,True,False
sticherus,True,True,False
stictomys,True,False,False
stictopelia,True,False,False
stieglitz,True,False,False
stilton,False,True,False
stilwell,True,False,False
stinger,False,True,True
stizidae,True,False,False
stizolobium,True,False,False
stizostedion,True,False,False
stockholm,True,True,False
stockton,True,False,False
stoicism,False,True,True
stoker,True,False,True
stokesia,True,False,False
stokowski,True,True,False
stomatopoda,True,False,False
stone,True,False,True
stonehenge,True,True,False
stopes,True,False,False
stoppard,True,False,False
storeria,True,True,False
stowe,True,False,False
strachey,True,True,False
stradivari,True,False,False
stradivarius,True,True,False
strand,True,False,True
strasberg,True,True,False
strasbourg,True,True,False
strassburg,True,False,False
strauss,True,True,False
streep,True,False,False
streisand,True,False,False
strekelia,True,False,False
strelitzia,True,True,False
strelitziaceae,True,True,False
strepera,True,False,False
strepsiceros,True,False,False
strepsirhini,True,False,False
streptomycetaceae,True,True,False
streptopelia,True,True,False
streptosolen,True,True,False
strickland,True,False,False
strigidae,True,False,False
strigiformes,True,False,False
strindberg,True,False,False
strix,True,False,False
strobilomyces,True,True,False
stroheim,True,True,False
stromateidae,True,True,False
strombidae,True,True,False
strombus,True,True,False
strongylodon,True,True,False
stropharia,True,True,False
strophariaceae,True,True,False
struthio,True,False,False
struthionidae,True,True,False
struthioniformes,True,True,False
strymon,True,False,False
stubbs,True,False,False
sturmabteilung,False,True,False
sturnella,True,True,False
sturnidae,True,False,False
sturnus,True,True,False
stuttgart,True,True,False
stuyvesant,True,False,False
stylomecon,True,False,False
stylophorum,True,True,False
styphelia,True,True,False
styracaceae,True,True,False
styrofoam,False,True,False
styron,True,False,False
styx,True,True,False
subularia,True,True,False
suckling,True,False,True
sucre,True,True,True
sudan,True,True,False
sudbury,True,False,False
sue,True,False,False
suez,True,True,False
sufism,False,True,False
suharto,True,True,False
suidae,True,True,False
suillus,True,True,False
suisse,True,False,False
sukarno,True,True,False
sukur,False,True,False
sula,True,False,False
sulawesi,True,True,False
sulidae,True,True,False
sulla,True,True,True
sullivan,True,False,False
sully,True,False,False
sumatra,True,True,False
sumer,True,True,False
sumner,True,False,False
sun,False,True,True
sunbelt,True,False,False
sundacarpus,True,True,False
sunday,False,True,False
sunderland,True,True,False
sunnah,False,True,False
superfund,False,True,False
superior,True,False,True
supermex,True,False,False
sur,True,False,False
suricata,True,True,False
surinam,True,False,False
suriname,True,True,False
surnia,True,True,False
surrey,True,True,True
surya,True,True,False
sus,True,False,False
susa,True,True,False
susah,True,False,False
susanna,True,False,False
susiana,True,False,False
susquehanna,True,False,False
sussex,True,True,False
sutherland,True,True,False
suva,True,True,False
svalbard,True,True,False
svedberg,True,True,False
svengali,False,True,False
sverdrup,True,True,False
sverige,True,False,False
svizzera,True,False,False
swainsona,True,True,False
swammerdam,True,False,False
swansea,True,True,False
swanson,True,True,False
swaziland,True,False,False
sweden,True,True,False
swedenborg,True,False,False
sweet,True,False,True
swertia,True,True,False
swietinia,True,False,False
swift,True,False,True
swinburne,True,False,False
switzerland,True,True,False
sydenham,True,False,False
sydney,True,True,False
sylvanus,True,False,False
sylviidae,True,True,False
sylviinae,True,False,False
sylvilagus,True,False,False
symonds,True,True,False
symons,True,True,False
symphalangus,True,False,False
symphoricarpos,True,True,False
symphyla,True,True,False
symphytum,True,True,False
symplocaceae,True,True,False
symplocarpus,True,True,False
symplocus,True,False,False
synagrops,True,True,False
synanceja,True,False,False
synapsida,True,False,False
synaptomys,True,False,False
syncerus,True,False,False
synchytriaceae,True,True,False
synchytrium,True,True,False
synentognathi,True,False,False
synercus,True,False,False
synge,True,True,False
syngnathidae,True,True,False
syngnathus,True,True,False
syngonium,True,True,False
synodontidae,True,True,False
syracuse,True,False,False
syria,True,True,False
syringa,True,True,True
syrrhaptes,True,True,False
syzygium,True,True,False
szechuan,True,False,False
szechwan,True,False,False
szell,True,False,False
szilard,True,False,False
tabanidae,True,True,False
tabasco,False,True,True
tabernacle,False,True,True
tabernaemontana,True,True,False
tabora,True,True,False
tabriz,True,True,False
tabuk,True,False,False
tacca,True,True,False
taccaceae,True,False,False
tachinidae,True,True,False
tachyglossidae,True,False,False
tachyglossus,True,False,False
tachypleus,True,True,False
tacitus,True,True,False
tacoma,True,False,False
tadarida,True,True,False
tadjik,True,False,False
tadorna,True,True,False
tadzhikistan,True,False,False
taegu,True,False,False
taeniidae,True,True,False
taft,True,False,False
tagetes,True,False,False
tagore,True,False,False
tagus,True,True,False
tahiti,True,True,False
taichung,True,True,False
taif,True,True,False
taipeh,True,False,False
taipei,True,True,False
taiwan,True,True,False
taiyuan,True,True,False
tajikistan,True,True,False
takakkaw,True,False,False
takelma,False,True,False
talbot,True,True,False
taliban,False,True,False
talien,True,False,False
talinum,True,True,False
tallahassee,True,False,False
tallapoosa,True,False,False
tallchief,True,True,False
talleyrand,True,False,False
tallin,True,False,False
tallinn,True,True,False
tallis,True,False,True
talmud,True,True,False
talpidae,True,True,False
tamale,True,True,True
tamaricaceae,True,True,False
tamarindus,True,False,False
tamarix,True,True,False
tamburlaine,True,True,False
tamerlane,True,False,False
tamias,True,True,False
tamiasciurus,True,False,False
tamm,True,True,False
tammerfors,True,False,False
tampa,True,False,False
tampax,False,True,False
tampere,True,True,False
tampico,True,True,False
tamus,True,False,False
tanacetum,True,True,False
tanach,True,False,False
tanakh,True,False,False
tancred,True,True,False
tandy,True,False,False
taney,True,False,False
tanga,True,False,True
tanganyika,True,False,False
tange,True,False,False
tangier,True,True,False
tangiers,True,False,False
tangshan,True,True,False
tanguy,True,False,False
tannenberg,True,False,False
tantalus,True,True,False
tantilla,True,True,False
tantra,False,True,True
tanzania,True,True,False
tanzim,True,True,False
tao,False,True,False
taoism,False,True,False
tapiridae,True,False,False
tapirus,True,True,False
tappan,True,False,False
tara,True,False,False
tarabulus,True,False,False
taraktagenos,True,False,False
taraktogenos,True,False,False
tarantino,True,False,False
tarawa,True,True,False
taraxacum,True,True,False
tarbell,True,False,False
tardigrada,True,False,False
taricha,True,True,False
tarkovsky,True,False,False
tarquin,True,False,False
tarquinius,True,False,False
tarrietia,True,False,False
tarsiidae,True,False,False
tarsioidea,True,False,False
tarsius,True,True,False
tartarus,False,True,False
tartary,True,True,False
tartu,True,True,False
tartuffe,False,True,False
tarzan,False,True,False
tashkent,True,True,False
tashmetum,True,False,False
tashmit,True,False,False
tashmitum,True,False,False
taskent,True,False,False
tasman,True,False,False
tasmania,True,True,False
tasso,True,False,False
tatary,True,False,False
tate,True,True,False
tati,True,False,False
tatum,True,False,False
taurotragus,True,True,False
tautoga,True,True,False
tautogolabrus,True,False,False
tawney,True,True,False
taxaceae,True,True,False
taxales,True,True,False
taxidea,True,False,False
taxodiaceae,True,True,False
taxodium,True,True,False
taxophytina,True,False,False
taxopsida,True,False,False
taxus,True,True,False
tayassu,True,False,False
tayassuidae,True,False,False
taylor,True,False,False
tbilisi,True,True,False
tchad,True,False,False
tchaikovsky,True,False,False
teach,True,False,False
teasdale,True,True,False
tebaldi,True,True,False
tecophilaeacea,True,False,False
tectaria,True,True,False
tectona,True,True,False
tecumseh,True,True,False
tecumtha,True,False,False
tegu,True,True,False
tegucigalpa,True,True,False
teheran,True,False,False
tehran,True,True,False
teiidae,True,True,False
telanthera,True,False,False
telemann,True,False,False
teleostei,True,False,False
teleprompter,False,True,True
telescopium,True,True,False
tell,True,False,False
teller,True,False,True
tellima,True,True,False
tellus,True,False,False
telopea,True,False,False
telosporidia,True,False,False
temnospondyli,True,True,False
templetonia,True,True,False
temuco,True,True,False
temujin,True,False,False
tenebrionidae,True,False,False
tenerife,True,True,False
tennessee,True,True,False
tenniel,True,False,False
tennyson,True,False,False
tenrecidae,True,False,False
tentaculata,True,True,False
tenthredinidae,True,True,False
tephritidae,True,False,False
tephrosia,True,True,False
tepic,True,True,False
terebella,True,True,False
terebellidae,True,True,False
teredinidae,True,False,False
terence,True,True,False
terengganu,True,False,False
teresa,True,True,False
tereshkova,True,False,False
termes,True,False,False
termitidae,True,True,False
terpsichore,True,True,True
terra,True,False,False
terrapene,True,False,False
terrietia,True,False,False
terry,True,True,True
tertiary,True,True,False
tertry,True,True,False
tertullian,True,True,False
tesla,True,False,True
tessin,True,False,False
testacea,True,True,False
testudinata,True,True,False
testudines,True,False,False
testudinidae,True,False,False
testudo,True,False,True
tethyidae,True,True,False
tethys,True,False,False
tetraclinis,True,True,False
tetragonia,True,True,False
tetragoniaceae,True,False,False
tetragonurus,True,False,False
tetragrammaton,False,True,False
tetraneuris,True,True,False
tetranychidae,True,False,False
tetrao,True,True,False
tetraodontidae,True,True,False
tetraonidae,True,False,False
tetrapturus,True,True,False
tetrazzini,False,True,False
tettigoniidae,True,True,False
teucrium,True,True,False
tevere,True,False,False
tevet,False,True,False
tewkesbury,True,True,False
texarkana,True,False,False
texas,True,True,False
thackeray,True,False,False
thaddaeus,True,False,False
thailand,True,True,False
thalarctos,True,False,False
thalassoma,True,True,False
thales,True,False,False
thaliacea,True,True,False
thalictrum,True,True,False
thallophyta,True,False,False
thames,True,False,False
thamnophilus,True,True,False
thamnophis,True,False,False
thanatos,False,True,False
thanksgiving,False,True,True
tharp,True,True,False
thatch,True,False,True
thatcher,True,False,True
thatcherism,False,True,False
thea,True,False,False
theaceae,True,True,False
thebes,True,False,False
thecodontia,True,True,False
theia,True,True,False
thelephoraceae,True,True,False
thelypteridaceae,True,True,False
thelypteris,True,True,False
themis,True,True,False
themistocles,True,True,False
theobroma,True,True,False
theodosius,True,True,False
theophrastaceae,True,False,False
theophrastus,True,True,False
theraphosidae,True,False,False
therapsida,True,False,False
theravada,False,True,False
theresa,True,False,False
theridiidae,True,True,False
thermidor,False,True,False
thermobia,True,True,False
thermopsis,True,True,False
thermopylae,True,True,False
theropoda,True,True,False
theseus,True,True,False
thespesia,True,True,False
thespis,True,True,False
thessalia,True,False,False
thessalonica,True,False,False
thessaloniki,True,True,False
thessaly,True,True,False
thetis,False,True,False
thevetia,True,True,False
thibet,True,False,False
thielavia,True,True,False
thiobacteriaceae,True,False,False
thiry,True,False,False
thlaspi,True,True,False
thomas,True,False,False
thomism,False,True,False
thomomys,True,False,False
thompson,True,False,False
thomson,True,False,False
thor,True,True,False
thoreau,True,False,False
thorndike,True,False,False
thornton,True,False,False
thorpe,True,False,False
thorshavn,True,False,False
thoth,True,True,False
thrace,True,True,False
thraupidae,True,False,False
threskiornis,True,True,False
threskiornithidae,True,True,False
thrinax,True,True,False
thripidae,True,True,False
thryothorus,True,False,False
thucydides,True,True,False
thuja,True,True,False
thujopsis,True,True,False
thule,True,True,False
thunbergia,True,True,False
thunderer,True,False,True
thunnus,True,True,False
thurber,True,False,False
thuringia,True,True,False
thursday,False,True,False
thylacinus,True,True,False
thylogale,True,False,False
thymelaeaceae,True,True,False
thymelaeales,True,False,False
thymus,True,True,True
thyreophora,True,True,False
thysanocarpus,True,True,False
thysanoptera,True,False,False
thysanura,True,True,False
tiamat,True,True,False
tianjin,True,True,False
tiarella,True,True,False
tiber,True,True,False
tiberius,True,True,False
tibet,True,True,False
tibicen,True,True,False
tibur,True,False,False
tichodroma,True,True,False
ticino,True,True,False
ticonderoga,True,False,False
tidewater,True,False,True
tientsin,True,False,False
tiepolo,True,False,False
tiffany,True,False,False
tiflis,True,False,False
tigers,True,False,False
tigris,True,True,False
tijuana,True,True,False
tilapia,True,True,False
tilden,True,False,False
tilia,True,True,False
tiliaceae,True,True,False
tiliomycetes,True,False,False
tillandsia,True,True,False
tilletia,True,True,False
tilletiaceae,True,False,False
tillich,True,True,False
timalia,True,False,False
timaliidae,True,False,False
timbuktu,True,True,False
timgad,True,True,False
timimoun,True,True,False
timor,True,True,False
timothy,True,False,True
timur,True,True,False
tinamidae,True,False,False
tinamiformes,True,False,False
tinbergen,True,True,False
tinca,True,True,False
tindal,True,False,False
tindale,True,False,False
tinea,True,False,True
tineidae,True,True,False
tineoidea,True,True,False
tineola,True,True,False
tingidae,True,True,False
tintoretto,True,True,False
tipuana,True,True,False
tipulidae,True,True,False
tirana,True,True,False
tiresias,True,True,False
tirol,True,False,False
tisiphone,True,True,False
titaness,True,False,False
titanosauridae,True,False,False
titanosaurus,True,True,False
titian,True,True,False
tito,True,False,False
titus,True,True,False
tiu,True,False,False
tivoli,True,False,False
tlingit,False,True,False
tobago,True,True,False
tobey,True,True,False
tobin,True,False,False
tobit,True,False,False
tocantins,True,True,False
tocqueville,True,False,False
todd,True,False,False
todea,True,True,False
todidae,True,False,False
todus,True,True,False
tofieldia,True,True,False
togo,True,True,False
tojo,True,False,False
tokio,True,False,False
toklas,True,False,False
tokyo,True,True,False
tolbukhin,True,False,False
toledo,True,False,False
tolkien,True,False,False
tolmiea,True,True,False
tolstoy,True,False,False
toltec,False,True,False
tolypeutes,True,True,False
tombaugh,True,False,False
tombigbee,True,False,False
tomistoma,True,True,False
tonga,False,True,False
toona,True,True,False
topeka,True,False,False
torah,False,True,False
torino,True,False,False
toronto,True,True,False
torpedinidae,True,True,False
torpediniformes,True,False,False
torquemada,True,False,False
torreon,True,False,False
torreya,True,True,False
torricelli,True,False,False
tortricidae,True,True,False
tory,False,True,False
toscana,True,False,False
toscanini,True,False,False
toulon,True,True,False
toulouse,True,True,False
tourette,True,False,False
tours,True,True,False
town,False,True,True
townsend,True,False,False
townsendia,True,False,False
toxicodendron,True,True,False
toxostoma,True,True,False
toxotes,True,False,False
toxotidae,True,False,False
toynbee,True,True,False
toyohashi,True,True,False
toyonaka,True,False,False
toyota,True,True,False
trablous,True,False,False
trachelospermum,True,True,False
tracheophyta,True,False,False
trachinotus,True,False,False
trachipteridae,True,False,False
trachipterus,True,True,False
trachurus,True,True,False
tracy,True,False,False
tradescant,True,False,False
tradescantia,True,True,False
trafalgar,True,False,False
tragelaphus,True,True,False
tragopogon,True,True,False
tragulidae,True,False,False
tragulus,True,True,False
trajan,True,True,False
transcaucasia,True,False,False
transdniester,True,False,False
transnistria,True,False,False
transvaal,True,False,False
transylvania,True,True,False
trapa,True,False,False
trapaceae,True,False,False
trasimeno,True,False,False
traubel,True,False,False
trautvetteria,True,True,False
treasury,False,True,True
tree,True,True,True
trema,True,False,False
trematoda,True,True,False
tremella,True,True,False
tremellaceae,True,True,False
tremellales,True,True,False
trent,True,False,False
trento,True,True,False
trenton,True,False,False
trephritidae,True,False,False
treponemataceae,True,True,False
trevelyan,True,False,False
trevino,True,False,False
trevithick,True,True,False
triaenodon,True,False,False
triakidae,True,False,False
trialeurodes,True,True,False
triangle,True,True,True
triangulum,True,True,False
triassic,True,True,False
triatoma,True,True,False
tribolium,True,False,False
tribonema,True,True,False
tribonemaceae,True,False,False
tribulus,True,True,False
trichechidae,True,True,False
trichechus,True,False,False
trichiuridae,True,False,False
trichoceros,True,True,False
trichodontidae,True,True,False
trichoglossus,True,True,False
tricholoma,True,True,False
tricholomataceae,True,True,False
trichomanes,True,True,False
trichophaga,True,True,False
trichophyton,True,True,False
trichoptera,True,False,False
trichostema,True,True,False
trichostigma,True,True,False
trichosurus,True,False,False
trichys,True,False,False
tridacna,True,True,False
tridacnidae,True,False,False
trifolium,True,False,False
triga,True,False,False
triglidae,True,True,False
triglinae,True,True,False
triglochin,True,True,False
trigonella,True,True,False
trilby,True,True,True
trilisa,True,True,False
trilliaceae,True,True,False
trilling,True,True,False
trimorphodon,True,True,False
trimurti,True,True,False
trinectes,True,True,False
tringa,True,True,False
trinidad,True,True,False
trinity,True,True,True
trionychidae,True,True,False
trionyx,True,True,False
triops,True,True,False
triopsidae,True,False,False
triosteum,True,False,False
triostium,True,False,False
tripleurospermum,True,True,False
triplochiton,True,True,False
tripoli,True,False,True
tristan,True,True,False
tristram,True,False,False
triticum,True,False,False
triton,True,False,True
triturus,True,True,False
trochilidae,True,False,False
trogium,True,True,False
troglodytes,True,False,False
troglodytidae,True,False,False
trogonidae,True,False,False
trogoniformes,True,False,False
trollius,True,True,False
trollope,True,True,False
trombicula,True,True,False
trombiculidae,True,True,False
trombidiidae,True,True,False
trondheim,True,True,False
trondheimsfjord,True,False,False
tropaeolaceae,True,False,False
tropaeolum,True,True,False
tropidoclonion,True,True,False
trot,False,True,True
trotsky,True,False,False
trotskyism,False,True,False
troy,True,True,True
truffaut,True,False,False
truman,True,False,False
trumbo,True,False,False
trumbull,True,False,False
truncocolumella,True,True,False
truth,True,True,True
trypetidae,True,False,False
tsaritsyn,True,False,False
tsimshian,False,True,False
tsuga,True,True,False
tsushima,True,False,False
tuamotus,True,False,False
tuber,True,True,True
tuberaceae,True,True,False
tuberales,True,False,False
tubercularia,True,True,False
tuberculariaceae,True,False,False
tubman,True,False,False
tubulidentata,True,False,False
tucana,True,True,False
tuchman,True,True,False
tucker,True,False,True
tucson,True,False,False
tuesday,False,True,False
tugela,True,False,False
tuileries,True,False,False
tulipa,True,False,False
tully,True,False,False
tulostoma,True,True,False
tulostomaceae,True,False,False
tulostomataceae,True,False,False
tulsa,True,False,False
tums,False,True,False
tunga,True,False,False
tunguska,True,False,False
tunicata,True,False,False
tunis,True,True,False
tunisia,True,True,False
tunney,True,False,False
tupaia,True,False,False
tupaiidae,True,True,False
tupelo,True,True,True
tupinambis,True,True,False
tupungatito,True,True,False
tupungato,True,True,False
turbatrix,True,True,False
turbellaria,True,True,False
turdidae,True,False,False
turdinae,True,True,False
turdus,True,False,False
turgenev,True,False,False
turgot,True,True,False
turin,True,True,False
turing,True,False,False
turkestan,True,True,False
turkey,True,True,True
turkistan,True,False,False
turkmenia,True,False,False
turkmenistan,True,True,False
turkomen,True,False,False
turner,True,False,True
turnicidae,True,False,False
turnix,True,False,False
turpin,True,False,False
turritis,True,True,False
tursiops,True,False,False
tuscaloosa,True,False,False
tuscany,True,True,False
tuskegee,True,False,False
tussaud,True,False,False
tussilago,True,True,False
tutankhamen,True,False,False
tutankhamun,True,False,False
tutelo,False,True,False
tutsi,False,True,False
tutu,True,False,True
tuvalu,True,True,False
twin,False,True,True
twinkie,False,True,False
twins,True,False,True
tyche,True,True,False
tylenchidae,True,True,False
tylenchus,True,True,False
tyler,True,False,False
tympanuchus,True,True,False
tyndale,True,False,False
tyndall,True,True,False
tyne,True,False,False
typha,True,True,False
typhaceae,True,True,False
typhlopidae,True,True,False
typhon,False,True,False
tyr,True,False,False
tyranni,True,True,False
tyrannidae,True,False,False
tyrannus,True,False,False
tyre,True,False,True
tyrol,True,True,False
tyrr,True,False,False
tyson,True,True,False
tyto,True,True,False
tytonidae,True,False,False
tzara,True,False,False
uca,True,False,False
ufa,True,True,False
uganda,True,True,False
ugaritic,False,True,False
uhland,True,False,False
uintatheriidae,True,False,False
uintatherium,True,True,False
ukraine,True,True,False
ukrayina,True,False,False
ulaanbaatar,True,True,False
ulanova,True,False,False
ulex,True,True,False
ulfila,True,False,False
ulfilas,True,True,False
ullr,False,True,False
ulmaceae,True,True,False
ulmus,True,False,False
ulster,True,True,True
ultrasuede,False,True,False
ulva,True,True,False
ulvaceae,True,True,False
ulvales,True,True,False
ulvophyceae,True,True,False
ulysses,True,False,False
uma,True,False,False
umbellales,True,False,False
umbelliferae,True,False,False
umbellularia,True,True,False
umbria,True,True,False
umbrina,True,True,False
umbundu,False,True,False
umma,False,True,False
ummah,False,True,False
undset,True,False,False
unio,True,False,False
union,True,False,True
unionidae,True,True,False
unitarianism,False,True,False
untermeyer,True,True,False
upanishad,True,False,False
upanishads,True,False,False
updike,True,True,False
upjohn,True,True,False
uppsala,True,True,False
upsala,True,False,False
upupa,True,False,False
upupidae,True,False,False
ur,True,True,False
urals,True,False,False
urania,True,True,False
uranoscopidae,True,False,False
uranus,True,True,False
urbana,True,False,False
urd,True,False,False
urdu,False,True,False
uredinales,True,False,False
urey,True,False,False
urga,True,False,False
urginea,True,False,False
uria,True,True,False
urmia,True,True,False
urochorda,True,False,False
urochordata,True,False,False
urocyon,True,True,False
urocystis,True,True,False
urodella,True,False,False
urophycis,True,True,False
uropsilus,True,True,False
uropygi,True,True,False
urosaurus,True,True,False
ursidae,True,False,False
ursus,True,False,False
urth,True,False,False
urtica,True,True,False
urticaceae,True,True,False
urticales,True,True,False
urubupunga,True,False,False
urubupungá,True,False,False
uruguay,True,True,False
ushas,True,True,False
usher,True,False,True
uskub,True,False,False
usnea,True,True,False
usneaceae,True,False,False
ussher,True,False,False
ustilaginaceae,True,True,False
ustilaginales,True,True,False
ustilaginoidea,True,True,False
ustilago,True,True,False
ustinov,True,True,False
usuli,False,True,False
usumbura,True,False,False
uta,True,False,False
utah,True,True,False
utica,True,False,False
utnapishtim,True,True,False
utopia,False,True,True
utrecht,True,True,False
utricularia,True,True,False
utrillo,True,False,False
utu,True,False,False
utug,True,False,False
uvularia,True,True,False
uvulariaceae,True,True,False
uzbekistan,True,True,False
uzi,False,True,False
vaccaria,True,False,False
vaccinium,True,True,False
vaduz,True,True,False
vaisakha,False,True,False
vaishnavism,False,True,False
vajra,False,True,False
valdez,True,False,False
valdosta,True,False,False
valencia,True,True,False
valenciennes,False,True,False
valeriana,True,True,False
valerianaceae,True,True,False
valerianella,True,True,False
valetta,True,False,False
valhalla,False,True,False
valkyrie,False,True,False
valletta,True,True,False
vallisneria,True,True,False
valmy,True,True,False
valparaiso,True,False,False
vanbrugh,True,False,False
vancouver,True,True,False
vanderbilt,True,False,False
vandyke,True,False,True
vanellus,True,True,False
vanern,True,False,False
vanessa,True,False,False
vangueria,True,True,False
vanir,False,True,False
vanuatu,True,True,False
vanzetti,True,True,False
varanidae,True,True,False
varanus,True,False,False
varese,True,True,False
vargas,True,False,False
varna,True,False,True
varro,True,False,False
varuna,True,True,False
vasarely,True,False,False
vasari,True,False,False
vaseline,False,True,False
vatican,True,False,False
vaughan,True,True,False
vaux,True,False,False
vayu,True,True,False
veblen,True,False,False
vedanga,True,True,False
vedanta,False,True,False
vega,True,True,False
vela,True,False,False
velazquez,True,True,False
velcro,False,True,False
velveeta,False,True,False
veneridae,True,True,False
venetia,True,False,False
veneto,True,True,False
venezia,True,False,False
venezuela,True,True,False
venice,True,True,False
venn,True,True,False
ventner,True,False,False
venturi,True,False,True
venus,True,True,False
veracruz,True,True,False
veratrum,True,True,False
verbascum,True,True,False
verbenaceae,True,True,False
verbesina,True,True,False
verdandi,True,False,False
verdi,True,False,False
verdicchio,False,True,False
verdun,True,True,False
vergil,True,False,False
verlaine,True,True,False
vermeer,True,False,False
vermont,True,True,False
verne,True,False,False
verner,True,False,False
vernier,True,False,True
verona,True,True,False
veronese,True,False,False
verpa,False,True,False
verrazano,True,False,False
verrazzano,True,False,False
versace,True,True,False
versailles,True,False,False
vertebrata,True,False,False
verthandi,True,False,False
verwoerd,True,True,False
vesalius,True,False,False
vesey,True,True,False
vesicaria,True,False,False
vespa,True,True,False
vespasian,True,True,False
vesper,True,False,True
vespertilio,True,True,False
vespertilionidae,True,True,False
vespidae,True,True,False
vespucci,True,False,False
vespula,True,True,False
vesta,True,False,False
vestris,True,False,False
vesuvius,True,False,False
vetluga,True,True,False
viborg,True,False,False
viburnum,True,True,False
vichy,True,True,False
vicia,True,True,False
vicksburg,True,False,False
victoria,True,False,False
victoriana,False,True,False
vicugna,True,False,False
vidal,True,True,False
vidalia,True,False,False
vidua,True,True,False
vienna,True,True,False
vienne,False,True,False
vientiane,True,True,False
vieques,True,False,False
vietnam,True,True,False
vigna,True,True,False
vila,True,False,False
villa,True,True,True
village,True,True,True
villahermosa,True,True,False
villard,True,False,False
villon,True,False,False
vilna,True,False,False
vilnius,True,True,False
vilno,True,False,False
viminaria,True,True,False
vinca,True,True,False
vincetoxicum,True,True,False
vinogradoff,True,False,False
vinson,True,False,False
viola,True,True,True
violaceae,True,True,False
vipera,True,True,False
viperidae,True,True,False
virchow,True,False,False
vireonidae,True,False,False
virgil,True,True,False
virgilia,True,True,False
virginia,True,True,False
visayas,True,False,False
viscaceae,True,True,False
visconti,True,True,False
viscum,True,True,False
vishnu,True,True,False
vistula,True,True,False
vitaceae,True,True,False
vitidaceae,True,False,False
vitis,True,True,False
vittaria,True,True,False
vittariaceae,True,False,False
vitus,True,False,False
vivaldi,True,False,False
viverra,True,True,False
viverricula,True,False,False
viverridae,True,True,False
viverrinae,True,True,False
viyella,False,True,False
vizcaino,True,False,False
vladivostok,True,True,False
vlaminck,True,False,False
volans,True,True,False
volga,True,True,False
volgograd,True,True,False
volkhov,True,True,False
volta,True,False,False
voltaire,True,True,False
volund,True,False,False
volvaria,True,False,False
volvariaceae,True,False,False
volvariella,True,True,False
volvocaceae,True,True,False
volvocales,True,False,False
volvox,True,True,False
vombatidae,True,False,False
vonnegut,True,False,False
vouvray,False,True,False
voznesenski,True,False,False
vuillard,True,False,False
vulcan,True,False,False
vulgate,True,True,False
vulpecula,True,True,False
vulpes,True,True,False
vultur,True,False,False
wabash,True,False,False
waco,True,False,False
wade,True,False,False
wagon,True,True,True
wagram,True,False,False
wahhabism,False,True,False
wahunsonacock,True,False,False
wahvey,True,False,False
waikiki,True,True,False
wain,True,False,True
waite,True,False,False
wajda,True,False,False
wake,True,False,True
waldheim,True,False,False
wales,True,True,False
walesa,True,False,False
walker,True,False,True
walkman,False,True,False
wallace,True,False,False
wallenstein,True,False,False
waller,True,False,False
walloons,False,True,False
walpole,True,False,False
walter,True,False,False
walton,True,False,False
wampanoag,False,True,False
wanamaker,True,False,False
warburg,True,True,False
ward,True,False,True
warhol,True,False,False
warji,False,True,False
warner,True,False,True
warren,True,False,True
warsaw,True,True,False
warszawa,True,False,False
warwick,True,True,False
washington,True,False,False
waterbury,True,False,False
waterford,True,True,False
watergate,True,False,False
waterloo,True,False,True
waters,True,False,True
watertown,True,False,False
watson,True,False,False
watt,True,True,True
watteau,True,False,False
watts,True,False,False
waugh,True,True,False
wausau,True,False,False
wave,False,True,True
wavell,True,False,False
wayland,True,False,False
wayne,True,False,False
webb,True,False,False
weber,True,True,True
webster,True,False,False
wedgwood,False,True,False
wednesday,False,True,False
wegener,True,False,False
weil,True,False,False
weill,True,False,False
weimar,True,True,False
weimaraner,False,True,False
weinberg,True,False,False
weismann,True,False,False
weisshorn,True,True,False
weizmann,True,True,False
weld,True,False,True
welles,True,False,False
wellington,False,True,False
wells,True,False,False
weltschmerz,False,True,False
welty,True,True,False
welwitschiaceae,True,True,False
wembley,True,True,False
werfel,True,True,False
wernicke,True,True,False
weser,True,True,False
wesley,True,False,False
wessex,True,True,False
west,True,True,True
westernization,False,True,False
westinghouse,True,False,False
westminster,True,True,False
weston,True,False,False
wharton,True,False,False
wheatley,True,False,False
wheatstone,True,False,False
wheeler,True,False,True
wheeling,True,False,True
whirlaway,True,True,False
whistler,True,False,True
white,False,True,True
whitehall,False,True,False
whitehead,True,False,True
whitehorse,True,True,False
whitman,True,False,False
whitney,True,False,False
whitsun,False,True,False
whittier,True,False,False
whittle,True,False,False
wicca,False,True,False
wickliffe,True,False,False
wiclif,True,False,False
wieland,True,False,False
wiener,True,False,True
wiesbaden,True,True,False
wiesel,True,False,False
wiesenthal,True,True,False
wight,True,True,True
wigner,True,False,False
wilde,True,True,False
wilder,True,False,False
wilderness,True,True,True
wilkes,True,False,False
wilkins,True,False,False
wilkinson,True,False,False
willamette,True,False,False
willard,True,False,False
willebrand,True,False,False
williams,True,False,False
williamstown,True,False,False
willis,True,False,False
wilmington,True,False,False
wilmut,True,True,False
wilno,True,False,False
wilson,True,False,False
wimbledon,True,False,False
winchester,False,True,False
winckelmann,True,False,False
windaus,True,False,False
windhoek,True,True,False
winesap,False,True,False
winfred,True,False,False
winnipeg,True,True,False
winslow,True,False,False
wintera,True,False,False
winteraceae,True,True,False
wintun,False,True,False
wisconsin,True,True,False
wisdom,True,True,True
wise,True,False,True
wister,True,False,False
witherspoon,True,False,False
wittgenstein,True,False,False
witwatersrand,True,True,False
wodan,True,False,False
wodehouse,True,False,False
woden,True,False,False
wolf,True,True,True
wolfe,True,False,False
wolff,True,True,False
wolffia,True,True,False
wolffiella,True,True,False
wollaston,True,False,False
wollstonecraft,True,False,False
wolverine,False,True,True
wood,True,True,True
woodbury,True,False,False
woodhull,True,False,False
woodward,True,False,False
woodwardia,True,True,False
woolf,True,False,False
woollcott,True,False,False
woolley,True,False,False
woolworth,True,False,False
worcester,True,False,False
worcestershire,False,True,False
word,False,True,True
wordsworth,True,False,False
worth,True,False,True
wotan,True,False,False
wouk,True,True,False
wren,True,True,True
wright,True,True,True
writings,True,False,False
wroclaw,True,False,False
wuerzburg,True,False,False
wuhan,True,True,False
wulfila,True,False,False
wurlitzer,True,True,False
wurzburg,True,False,False
wyat,True,False,False
wyatt,True,False,False
wycherley,True,True,False
wyclif,True,False,False
wycliffe,True,False,False
wyeth,True,True,False
wykeham,True,False,False
wyler,True,False,False
wylie,True,False,False
wynette,True,False,False
wynfrith,True,False,False
wynnea,True,True,False
wyoming,True,True,False
wyomingite,False,True,False
wyrd,False,True,False
wyszynski,True,False,False
xanthium,True,True,False
xanthomonas,True,True,False
xanthophyceae,True,False,False
xanthorrhoeaceae,True,False,False
xanthorroea,True,False,False
xanthosoma,True,True,False
xantusiidae,True,False,False
xavier,True,False,False
xenarthra,True,True,False
xenicidae,True,False,False
xenicus,True,True,False
xenophanes,True,True,False
xenophon,True,True,False
xenopodidae,True,False,False
xenopus,True,True,False
xenorhyncus,True,False,False
xenosauridae,True,True,False
xenosaurus,True,True,False
xerobates,True,False,False
xerophyllum,True,False,False
xerox,False,True,True
xian,True,False,False
xinjiang,True,True,False
xiphias,True,False,False
xiphiidae,True,False,False
xiphosura,True,True,False
xizang,True,False,False
xmas,False,True,False
xylaria,True,True,False
xylariaceae,True,True,False
xylocopa,True,False,False
xylomelum,True,True,False
xylopia,True,True,False
xyphophorus,True,False,False
xyridaceae,True,True,False
xyridales,True,False,False
xyris,True,True,False
yafo,True,False,False
yahoo,True,False,True
yahve,True,False,False
yahveh,True,False,False
yahwe,True,False,False
yahweh,True,True,False
yajurveda,True,False,False
yakima,True,False,False
yale,True,False,False
yalta,True,True,False
yaltopya,True,False,False
yalu,True,False,False
yama,True,True,False
yamamoto,True,True,False
yamani,True,False,False
yamoussoukro,True,False,False
yamoussukro,True,False,False
yangon,True,True,False
yangtze,True,True,False
yankee,False,True,False
yaounde,True,False,False
yastrzemski,True,False,False
yavapai,False,True,False
yazoo,True,False,False
yeats,True,False,False
yeddo,True,False,False
yedo,True,False,False
yekaterinoslav,True,False,False
yellowknife,True,True,False
yellowstone,True,False,False
yemen,True,True,False
yenisey,True,True,False
yerevan,True,True,False
yerkes,True,False,False
yersin,True,False,False
yerupaja,True,False,False
yevtushenko,True,True,False
yezo,True,False,False
ygdrasil,True,False,False
yggdrasil,True,True,False
yiddish,False,True,False
yisrael,True,False,False
ymir,True,True,False
yogi,True,True,True
yokohama,True,True,False
yokuts,False,True,False
york,False,True,False
yorkshire,True,True,False
yorktown,True,False,False
yosemite,True,False,False
young,True,False,True
youngstown,True,False,False
ypres,True,True,False
yucatan,True,False,False
yugoslavia,True,True,False
yukawa,True,False,False
yukon,True,True,False
yule,False,True,False
yunnan,True,True,False
zabrze,True,True,False
zacharias,True,False,False
zaglossus,True,False,False
zagreb,True,True,False
zaharias,True,True,False
zaire,True,True,True
zalophus,True,True,False
zama,True,False,False
zambezi,True,True,False
zambia,True,True,False
zamiaceae,True,True,False
zangwill,True,True,False
zannichellia,True,True,False
zannichelliaceae,True,False,False
zantedeschia,True,True,False
zanthoxylum,True,True,False
zanuck,True,False,False
zanzibar,True,True,False
zapata,True,False,False
zapodidae,True,True,False
zapus,True,True,False
zaragoza,True,True,False
zarathustra,True,False,False
zaria,True,True,False
zarpanit,True,False,False
zarqa,True,True,False
zea,True,False,False
zealand,True,True,False
zechariah,True,False,False
zeeman,True,False,False
zeidae,True,True,False
zeitgeist,False,True,False
zen,False,True,False
zenaidura,True,False,False
zend,False,True,False
zeno,True,False,False
zeomorphi,True,False,False
zephaniah,True,True,False
zephyr,True,False,True
zeppelin,True,True,True
zeppo,True,False,False
zetland,True,False,False
zeus,True,True,False
zhukov,True,False,False
ziegfeld,True,False,False
ziegler,True,True,False
zigadenus,True,True,False
zimbabwe,True,True,False
zimbalist,True,True,False
zinfandel,False,True,True
zingiber,True,True,False
zingiberaceae,True,True,False
zinnemann,True,True,False
zinsser,True,True,False
zinzendorf,True,False,False
zion,False,True,False
zionism,False,True,False
ziphiidae,True,False,False
zirbanit,True,False,False
zizania,True,False,False
ziziphus,True,True,False
zoarces,True,True,False
zoarcidae,True,False,False
zoisia,True,False,False
zola,True,False,False
zomba,True,False,False
zonotrichia,True,True,False
zoomastigina,True,False,False
zoroaster,True,True,False
zoroastrianism,False,True,False
zostera,True,True,False
zosteraceae,True,True,False
zsigmondy,True,True,False
zu,True,False,False
zubird,True,False,False
zuiderzee,True,False,False
zukerman,True,True,False
zurich,True,False,False
zurvan,True,False,False
zurvanism,False,True,False
zweig,True,True,False
zwingli,True,False,False
zworykin,True,False,False
zygnema,True,True,False
zygnemales,True,False,False
zygnemataceae,True,True,False
zygnematales,True,True,False
zygocactus,True,False,False
zygomycetes,True,False,False
zygomycota,True,True,False
zygomycotina,True,False,False
zygophyllaceae,True,True,False
zygophyllum,True,True,False
zygoptera,True,False,False
