name,wikipedia
AARP,"AARP, formerly the American Association of Retired Persons, is an interest group in the United States focusing on issues affecting those over the age of fifty."
ABB,ABB Ltd.
ALGOL,"ALGOL (; short for ""Algorithmic Language"") is a family of imperative computer programming languages originally developed in 1958."
ALS,"Amyotrophic lateral sclerosis (ALS), also known as motor neurone disease (MND) or Lou Gehrig's disease, is a rare and terminal neurodegenerative disease that results in the progressive loss of motor neurons that control voluntary muscles."
AMD,"Advanced Micro Devices, Inc."
ASCII,"ASCII (  ASS-kee),: 6  abbreviated from American Standard Code for Information Interchange, is a character encoding standard for electronic communication."
ASEAN,"ASEAN, an abbreviation for the Association of Southeast Asian Nations, is a political and economic union of 10 states in Southeast Asia."
Aachen,"Aachen (  AH-khən, German: [ˈaːxn̩] ; French and traditional English: Aix-la-Chapelle; Aachen dialect: Oche [ˈɔːxə]; Latin: Aquae Granni or Aquisgranum) is the 13th-largest city in North Rhine-Westphalia and the 27th-largest city of Germany, with around 252,000 inhabitants."
Aalborg,"Aalborg or Ålborg ( AHL-borg, US also  AWL-, Danish: [ˈʌlˌpɒˀ] ) is Denmark's fourth largest urban settlement (behind Copenhagen, Aarhus, and Odense) with a population of 119,862 (1 July 2022) in the town proper and an urban population of 143,598 (1 July 2022)."
Aalto,"Aalto is a Finnish surname meaning ""wave""."
Aare,"The Aare (Swiss Standard German: [ˈaːrə] ) or Aar (Swiss Standard German: [aːr] ) is a tributary of the High Rhine and the longest river that both rises and ends entirely within Switzerland.Its total length from its source to its junction with the Rhine comprises about 295 kilometres (183 mi), during which distance it descends 1,565 m (5,135 ft), draining an area of 17,779 km2 (6,865 sq mi), almost entirely within Switzerland, and accounting for close to half the area of the country, including all of Central Switzerland.There are more than 40 hydroelectric plants along the course of the Aare.The river's name dates to at least the La Tène period, and it is attested as Nantaror ""Aare valley"" in the Berne zinc tablet."
Aarhus,"Aarhus (, US also , Danish: [ˈɒːˌhuˀs] ; officially spelled Århus from 1948 until 1 January 2011) is the second-largest city in Denmark and the seat of Aarhus Municipality."
Aaron,"According to Abrahamic religions, Aaron ( ARR-ən or  AIR-ən) was a prophet, a high priest, and the elder brother of Moses."
Abecedarian,Abecedarians were a 16th-century German sect of Anabaptists who rejected all human learning.
Abel,Abel is a Biblical figure in the Book of Genesis within Abrahamic religions.
Abelmoschus,"Abelmoschus is a genus of about fifteen species of flowering plants in the mallow family (Malvaceae), native to tropical Africa, Asia and northern Australia."
Abenaki,The Abenaki (Abenaki: Wαpánahki) are Indigenous people of the Northeastern Woodlands of Canada and the United States.
Aberdare,"Aberdare ( ab-ər-DAIR; Welsh: Aberdâr) is a town in the Cynon Valley area of Rhondda Cynon Taf, Wales, at the confluence of the Rivers Dare (Dâr) and Cynon."
Aberdeen,"Aberdeen ( ; Scots: Aiberdeen [ˌeːbərˈdin] ; Scottish Gaelic: Obar Dheathain [ˈopəɾ ˈʝɛ.ɪɲ]; Latin: Aberdonia) is a city in North East Scotland, and is the third most populous Scottish city."
Abidjan,"Abidjan ( AB-ih-JAHN, French: [abidʒɑ̃]; N'ko: ߊߓߌߖߊ߲߬) is the largest city and the economic capital of the Ivory Coast."
Abkhazia,"Abkhazia (  ab-KAH-zee-ə), officially the Republic of Abkhazia, is a partially recognised state in the South Caucasus, on the eastern coast of the Black Sea, at the intersection of Eastern Europe and Western Asia."
Abraham,"Abraham (originally Abram) is the common Hebrew patriarch of the Abrahamic religions, including Judaism, Christianity, and Islam."
Abrocoma,"Abrocoma is a genus of abrocomid rodents found in the Andes of South America, from southern Peru to central Chile."
Abudefduf,"Abudefduf, also known as the sergeant-majors, is a genus of fish in the family Pomacentridae."
Abuja,Abuja () is the capital and eighth most populous city of Nigeria.
Abutilon,"Abutilon  is a large genus of flowering plants in the mallow family, Malvaceae."
Abyla,Abyla  was the pre-Roman name of Ad Septem Fratres (actual Ceuta of Spain).
Abyssinia,"Abyssinia (also known as Abyssinie, Abissinia, Habessinien or Al-Habash) was an ancient region in the Horn of Africa situated in the northern highlands of modern-day Ethiopia and Eritrea."
Acadia,"Acadia (French: Acadie) was a colony of New France in northeastern North America which included parts of what are now the Maritime provinces, the Gaspé Peninsula and Maine to the Kennebec River."
Acalypha,Acalypha is a genus of flowering plants in the family Euphorbiaceae.
Acanthaceae,Acanthaceae () is a family (the acanthus family) of dicotyledonous flowering plants containing almost 250 genera and about 2500 species.
Acanthocephala,"Acanthocephala  (Greek ἄκανθος, akanthos, thorn + κεφαλή, kephale, head) is a group of parasitic worms known as acanthocephalans, thorny-headed worms, or spiny-headed worms, characterized by the presence of an eversible proboscis, armed with spines, which it uses to pierce and hold the gut wall of its host."
Acanthocereus,Acanthocereus is a genus of cacti.
Acanthophis,Acanthophis is a genus of elapid snakes.
Acanthopterygii,"Acanthopterygii (meaning ""spiny finned one"") is a superorder of bony fishes in the class Actinopterygii."
Acanthoscelides,Acanthoscelides is a genus of bean weevils of the subfamily Bruchinae.
Acanthuridae,"Acanthuridae are the family of surgeonfishes, tangs, and unicornfishes."
Acanthurus,"Acanthurus is a genus of marine ray-finned fish belonging to the family Acanthuridae, which includes the surgeonfishes, unicornfishes and tangs, found in the Atlantic, Indian and Pacific Ocean."
Acapulco,"Acapulco de Juárez (Spanish: [akaˈpulko ðe ˈxwaɾes] ), commonly called Acapulco ( AK-ə-PUUL-koh, US also  AHK-; Nahuatl languages: Acapolco), is a city and major seaport in the state of Guerrero on the Pacific Coast of Mexico, 380 kilometres (240 mi) south of Mexico City."
Acaridae,The Acaridae are a family of mites in order Sarcoptiformes.
Accipiter,Accipiter () is a genus  of birds of prey in the family Accipitridae.
Accipitridae,"The Accipitridae () is one of the three families within the order Accipitriformes, and is a family of small to large birds of prey with strongly hooked bills and variable morphology based on diet."
Accipitriformes,"The Accipitriformes (; from Latin accipiter/accipitri- ""hawk"", and Neo-Latin -formes ""having the form of"") are an order of birds that includes most of the diurnal birds of prey, including hawks, eagles, vultures, and kites, but not falcons."
Accra,"Accra (; Ga: Ga or Gaga; Twi: Nkran; Dagbani: Ankara) is the capital and largest city of Ghana, located on the southern coast at the Gulf of Guinea, which is part of the Atlantic Ocean."
Aceraceae,Aceraceae were recognized as a family of flowering plants also called the maple family.
Achaea,"Achaea () or Achaia (), sometimes transliterated from Greek as Akhaia (Αχαΐα, Akhaïa [axaˈia]), is one of the regional units of Greece."
Acheron,The Acheron ( or ; Ancient Greek: Ἀχέρων Acheron or Ἀχερούσιος Acherousios; Greek: Αχέροντας Acherontas) is a river located in the Epirus region of northwest Greece.
Acheta,Acheta is a genus of crickets.
Achilles,"In Greek mythology, Achilles ( ə-KIL-eez) or Achilleus (Greek: Ἀχιλλεύς, translit."
Achomawi,"Achomawi (also Achumawi, Ajumawi and Ahjumawi) are the northerly nine (out of eleven) bands of the Pit River tribe of Palaihnihan Native Americans who live in what is now northeastern California in the United States."
Achras,"Achras is a monotypic genus of Australasian beetles in the tribe Metriorrhynchini, erected by Charles Owen Waterhouse in 1879."
Acinonyx,Acinonyx is a genus within the Felidae family.
Acipenser,Acipenser is a genus of sturgeons.
Acokanthera,Acokanthera is a genus of flowering plants in the family Apocynaceae.
Aconcagua,"Aconcagua (Spanish pronunciation: [akoŋˈkaɣwa]) is a mountain in the Principal Cordillera of the Andes mountain range, in Mendoza Province, Argentina."
Aconitum,"Aconitum (), also known as aconite, monkshood, wolfsbane, leopard's bane, devil's helmet, or blue rocket, is a genus of over 250 species of flowering plants belonging to the family Ranunculaceae."
Acorus,Acorus is a genus of monocot flowering plants.
Acre,The acre ( AY-kər) is a unit of land area used in the British imperial and the United States customary systems.
Acrididae,"Acrididae, commonly called short-horned grasshoppers, are the predominant family of grasshoppers, comprising some 10,000 of the 11,000 species of the entire suborder Caelifera."
Acridotheres,"Acridotheres is a genus of starlings, the ""typical"" mynas, which are tropical members of the family Sturnidae."
Acrocarpus,"Acrocarpus is a genus of trees in the legume family, Fabaceae."
Acrocomia,"Acrocomia is a genus of palms which is native to the Neotropics, ranging from Mexico in the north, through Central America and the Caribbean, and through South America south to Argentina."
Acropora,Acropora is a genus of small polyp stony coral in the phylum Cnidaria.
Acrostichum,Acrostichum is a fern genus in the Parkerioideae subfamily of the Pteridaceae.
Actias,"Actias is a genus of Saturniid moths, which contains the Asian-American moon moths."
Actifed,Actifed is a registered trademark for a combination antihistamine and nasal decongestant medication used for cold and allergy symptoms.
Actinia,Actinia is a genus of sea anemones in the family Actiniidae.
Actinidia,"Actinidia  is a genus of woody and, with a few exceptions, dioecious plants native to temperate eastern Asia, occurring throughout most of China, Taiwan, Korea, and Japan, and extending north to southern areas of Russian Far East and south into Indochina."
Actinidiaceae,The Actinidiaceae are a small family of flowering plants.
Actiniopteris,Actiniopteris is a fern genus in the subfamily Pteridoideae of the family Pteridaceae.
Actinomycetaceae,The Actinomycetaceae (often called actinomycetes or mycelial bacteria) are a family of bacteria in the order Actinomycetales that contains the medically important genus Actinomyces.
Actinomycetales,The Actinomycetales is an order of Actinomycetota.
Actinozoa,"Actinozoa is an obsolescent term in systematic zoology, first used by Henri Marie Ducrotay de Blainville in his Manuel d'Actinologie (1834) to designate animals the organs of which were disposed radially about a centre."
Actitis,"Actitis is a small genus of waders, comprising just two very similar bird species."
Actium,"Actium or Aktion (Ancient Greek: Ἄκτιον) was a town on a promontory in ancient Acarnania at the entrance of the Ambraciot Gulf, off which Octavian gained his celebrated victory, the Battle of Actium, over Antony and Cleopatra, on September 2, 31 BCE.


== History ==
Actium belonged originally to the Corinthian colonists of Anactorium, who probably founded the sanctuary of Apollo Actius."
Adam,"Adam is a mythological being conceptualized as the first human-being aware of God, and features as such in various belief systems (including Judaism, Gnosticism, Christianity, and Islam)."
Adana,Adana (Turkish pronunciation: [aˈda.na] ; Armenian: Ադանա; Greek: Άδανα) is a  large city in southern Turkey.
Adansonia,Adansonia is a genus made up of eight species of medium-to-large deciduous trees known as baobabs ( or ).
Adapa,Adapa was a Mesopotamian mythical figure who unknowingly refused the gift of immortality.
Adar,"Adar (Hebrew: אֲדָר‎, Standard ʾAdār; from Akkadian adaru) is the sixth month of the civil year and the twelfth month of the religious year on the Hebrew calendar, roughly corresponding to the month of March in the Gregorian calendar."
Addressograph,An addressograph is an address labeler and labeling system.
Adelaide,"Adelaide (  AD-il-ayd, locally [ˈædɜlæɪ̯d]; Kaurna: Tarntanya, pronounced [ˈd̪̥aɳɖaɲa]) is the capital city of South Australia, the state's largest city and the fifth-most populous city in Australia."
Adelges,Adelges is a genus of insects which feed on conifers.
Adelgidae,"The Adelgidae are a small family of the Hemiptera closely related to the aphids, and often included in the Aphidoidea with the Phylloxeridae or placed within the superfamily Phylloxeroidea as a sister of the Aphidoidea within the infraorder Aphidomorpha."
Aden,"Aden (Arabic: عَدَنْ, romanized: ʿAdan,  Old South Arabian: 𐩲𐩵𐩬) is a port city located in Yemen in the southern part of the Arabian peninsula, positioned near the eastern approach to the Red Sea."
Adenanthera,Adenanthera is a genus of flowering plants in the family Fabaceae.
Adenium,Adenium is a genus of flowering plants in the family Apocynaceae first described as a genus in 1819.
Adenota,"Adenota is an alternative genus or sub-genus within the Reduncinae sub-family of family Bovidae, composed of the species Kobus kob (Kob) and Kobus vardonii (Puku)."
Adiantum,"Adiantum (), the maidenhair fern (not to be confused with the similar-looking maidenhair spleenwort fern), is a genus of about 250 species of ferns in the subfamily Vittarioideae of the family Pteridaceae, though some researchers place it in its own family, Adiantaceae."
Adige,"The Adige (Italian: [ˈaːdidʒe]; German: Etsch [ɛtʃ] ; Venetian: Àdexe [ˈadeze]; Romansh: Adisch [ɐˈdiːʃ] ; Ladin: Adesc; Latin: Athesis; Ancient Greek: Ἄθεσις, romanized: Áthesis, or Ἄταγις, Átagis) is the second-longest river in Italy, after the Po."
Aditi,"Aditi  (Sanskrit: अदिति, lit."
Adlumia,Adlumia is a genus of two species in the family Papaveraceae.
Adonic,"An adonic (Latin: adoneus) is a unit of Aeolic verse, a five-syllable metrical foot consisting of a dactyl followed by a trochee."
Adonis,"In Greek mythology, Adonis (Ancient Greek: Ἄδωνις, romanized: Adōnis; Phoenician: 𐤀𐤃𐤍, romanized: Adón) was the mortal lover of the goddess Aphrodite and Persephone, who was famous for having achieved immortality."
Adrian,Adrian is a form of the Latin given name Adrianus or Hadrianus.
Advent,Advent is a season observed in most Christian denominations as a time of expectant waiting and preparation for both the celebration of the Nativity of Christ at Christmas and the return of Christ at the Second Coming.
Adventism,"Adventism is a branch of Protestant Christianity that believes in the imminent Second Coming (or the ""Second Advent"") of Jesus Christ."
Aedes,"Aedes (also known as the tiger mosquito) is a genus of mosquitoes originally found in tropical and subtropical zones, but now found on all continents except Antarctica."
Aegiceras,"Aegiceras  is a genus of trees and shrubs from Southeast Asia, Malesia, Australia and the Pacific Island,."
Aegilops,"Aegilops is a genus of Eurasian and North American plants in the grass family, Poaceae."
Aegina,"Aegina (; Greek: Αίγινα, Aígina; Ancient Greek: Αἴγῑνα) is one of the Saronic Islands of Greece in the Saronic Gulf, 27 km (17 mi) from Athens."
Aegisthus,"Aegisthus (; Ancient Greek: Αἴγισθος; also transliterated as Aigisthos, [ǎi̯ɡistʰos]) was a figure in Greek mythology."
Aegospotami,"Aegospotami (Ancient Greek: Αἰγὸς Ποταμοί, Aigos Potamoi) or Aegospotamos (i.e."
Aegypius,Aegypius is a genus of Old World vultures found in the subfamily Gypinae.
Aegyptopithecus,"Aegyptopithecus (""Egyptian ape"", from Greek Αίγυπτος ""Egypt"" and πίθηκος ""ape"") is an early fossil catarrhine that predates the divergence between hominoids (apes) and cercopithecids (Old World monkeys)."
Aeneas,"In Greco-Roman mythology, Aeneas ( ih-NEE-əs, Latin: [äe̯ˈneːäːs̠]; from Ancient Greek: Αἰνείας, romanized: Aineíās) was a Trojan hero, the son of the Trojan prince Anchises and the Greek goddess Aphrodite (equivalent to the Roman Venus)."
Aeneid,"The Aeneid ( ih-NEE-id; Latin: Aenē̆is [ae̯ˈneːɪs] or [ˈae̯neɪs]) is a Latin epic poem that tells the legendary story of Aeneas, a Trojan who fled the fall of Troy and travelled to Italy, where he became the ancestor of the Romans."
Aengus,"In Irish mythology, Aengus or Óengus is one of the Tuatha Dé Danann and probably originally a god associated with youth, love, summer and poetic inspiration."
Aeolis,"Aeolis (; Ancient Greek: Αἰολίς, romanized: Aiolís), or Aeolia (; Ancient Greek: Αἰολία, romanized: Aiolía), was an area that comprised the west and northwestern region of Asia Minor (modern-day Turkey), mostly along the coast, and also several offshore islands (particularly Lesbos), where the Aeolian Greek city-states were located."
Aeolus,"In Greek mythology, Aeolus or Aiolos (; Ancient Greek: Αἴολος [ǎi̯.o.los], Greek: [ˈe.o.los] ) is a name shared by three mythical characters."
Aeonium,"Aeonium, the tree houseleeks, is a genus of about 35 species of succulent, subtropical plants of the family Crassulaceae."
Aepyceros,"Aepyceros is a genus of African antelope that contains a single living species, the impala."
Aertex,"Aertex was a British clothing company based in Manchester, established in 1888, and also the name of the fabric manufactured by the company."
Aeschylus,"Aeschylus (UK: , US: ; Greek: Αἰσχύλος Aiskhýlos; c. 525/524 – c. 456/455 BC) was an ancient Greek tragedian often described as the father of tragedy."
Aesculus,"The genus Aesculus ( or ), with species called buckeye and horse chestnut, comprises 13–19 species of flowering plants in the family Sapindaceae."
Aesop,"Aesop ( EE-sop or  AY-sop; Greek: Αἴσωπος, Aísōpos; c."
Aethionema,Aethionema is a genus of flowering plants within the family Brassicaceae.
Aethusa,"In Greek mythology, Aethusa (Ancient Greek: Αἵθουσα) was a daughter of Poseidon and the Pleiad Alcyone, daughter of Atlas."
Aetobatus,"Aetobatus is a genus of eagle rays native to the Atlantic, Pacific and Indian Oceans."
Affirmed,"Affirmed (February 21, 1975 – January 12, 2001) was a champion American Thoroughbred racehorse who is the eleventh winner of the American Triple Crown."
Afghanistan,"Afghanistan, officially the Islamic Emirate of Afghanistan, is a landlocked country located at the crossroads of Central Asia and South Asia."
Aframomum,"Aframomum is a genus in the ginger family, Zingiberaceae."
Africa,Africa is the world's second-largest and second-most populous continent after Asia.
Afrikaans,"Afrikaans ( AF-rih-KAHNSS,  AHF-, -⁠KAHNZ) is a West Germanic language that evolved in the Dutch Cape Colony from the Dutch vernacular of Holland proper (i.e."
Afro,"The afro is a hair style created by combing out natural growth of afro-textured hair, or specifically styled with chemical curling products by individuals with naturally curly or straight hair."
Afrocarpus,Afrocarpus is a genus of conifers of the family Podocarpaceae.
Agalinis,"Agalinis (false foxglove) is a genus of about 70 species in North, Central, and South America that until recently was aligned with members of the family Scrophulariaceae."
Agamemnon,"In Greek mythology, Agamemnon (; Greek: Ἀγαμέμνων Agamémnōn) was a king of Mycenae who commanded the Acheans during the Trojan War."
Agamidae,"Agamidae is a family of over 550 species of iguanian lizards indigenous to Africa, Asia, Australia, and a few in Southern Europe."
Agaricaceae,"The Agaricaceae are a family of basidiomycete fungi and include the genus Agaricus, as well as basidiomycetes previously classified in the families Tulostomataceae, Lepiotaceae, and Lycoperdaceae."
Agaricales,The Agaricales are an order of fungi in the division Basidiomycota.
Agaricus,"Agaricus is a genus of mushroom-forming fungi containing both edible and poisonous species, with over 400 members worldwide and possibly again as many disputed or newly-discovered species."
Agastache,Agastache () is a genus of aromatic flowering herbaceous perennial plants in the family Lamiaceae.
Agathis,"Agathis, commonly known as kauri or dammara, is a genus of evergreen coniferous trees, native to Australasia and Southeast Asia."
Agdestis,"Agdestis is a genus of flowering plants containing a single species Agdestis clematidea, a vine native to Florida, Texas, Mexico, and Central America."
Agdistis,"Agdistis (Ancient Greek: Ἄγδιστις) is a deity of Greek, Roman, and Anatolian mythology who has both male and female reproductive organs."
Agelaius,Agelaius is a genus of blackbirds in the New World family Icteridae.
Ageratina,"Ageratina, commonly known as snakeroot, is a genus of more than 330 perennials and rounded shrubs in the family Asteraceae."
Aghan,"Aghan (Persian: اغان, also Romanized as Āghān; also known as Āghūn) is a village in Pol Beh Pain Rural District, Simakan District, Jahrom County, Fars Province, Iran."
Agkistrodon,Agkistrodon is a genus of venomous pit vipers commonly known as American moccasins.
Aglaia,Aglaia is a genus of 117 species of woody dioecious trees belonging to the Mahogany family (Meliaceae).
Aglaonema,"Aglaonema is a genus of flowering plants in the arum family, Araceae."
Agnatha,"Agnatha (; from Ancient Greek  ἀ- (a-) 'without', and  γνάθος (gnáthos) 'jaws') is an infraphylum of jawless fish in the phylum Chordata, subphylum Vertebrata, consisting of both living (cyclostomes) and extinct (conodonts, anaspids, and ostracoderms) species."
Agni,"Agni (Sanskrit: अग्नि, romanized: Agni, Sanskrit pronunciation: [ˈɐgni]) is a Sanskrit word meaning fire and connotes the Vedic fire deity of Hinduism."
Agonidae,"Agonidae is a family of small, bottom-dwelling, cold-water marine fish."
Agonus,Agonus is a monospecific genus of ray-finned fish belonging to the subfamily Agoninae in the family Agonidae.
Agra,"Agra (, Hindustani: [ˈaːgraː] ) is a city on the banks of the Yamuna river in the Indian state of Uttar Pradesh, about 230 kilometres (140 mi) south-east of the national capital Delhi and 330 km west of the state capital Lucknow."
Agriculture,"Agriculture encompasses crop and livestock production, aquaculture, fisheries, and forestry for food and non-food products."
Agrigento,"Agrigento (Italian: [aɡriˈdʒɛnto] ; Sicilian: Girgenti [dʒɪɾˈdʒɛndɪ] or Giurgenti [dʒʊɾˈdʒɛndɪ]; Ancient Greek: Ἀκράγας, romanized: Akrágas; Latin: Agrigentum or Acragas; Punic: ’GRGNT; Arabic: كركنت, romanized: Kirkant, or جرجنت Jirjant) is a city on the southern coast of Sicily, Italy and capital of the province of Agrigento."
Agrippina,Agrippina is an ancient Roman cognomen and a feminine given name.
Agrobacterium,Agrobacterium is a genus of Gram-negative bacteria established by H. J. Conn that uses horizontal gene transfer to cause tumors in plants.
Agropyron,"Agropyron is a genus of Eurasian plants in the grass family), native to Europe and Asia but widely naturalized in North America.Species in the genus are commonly referred to as wheatgrass."
Agrostemma,"Agrostemma is a genus of annual plants in the family Caryophyllaceae, containing the species known as corncockles."
Agrostis,"Agrostis (bent or bentgrass) is a large and very nearly cosmopolitan genus of plants in the grass family, found in nearly all the countries in the world."
Ahab,"Ahab (; Hebrew: אַחְאָב, Modern: ʾAḥʾav, Tiberian: ʾAḥʾāḇ; Akkadian: 𒀀𒄩𒀊𒁍 Aḫâbbu; Koinē Greek: Ἀχαάβ Achaáb; Latin: Achab) was the seventh king of Israel, the son and successor of King Omri and the husband of Jezebel of Sidon, according to the Hebrew Bible."
Ahriman,"Angra Mainyu (; Avestan: 𐬀𐬢𐬭𐬀⸱𐬨𐬀𐬌𐬥𐬌𐬌𐬎 Aŋra Mainiiu) or Ahreman (Persian: اهرِمن) is the Avestan name of Zoroastrianism's hypostasis of the ""destructive/evil spirit"" and the main adversary in Zoroastrianism either of the Spenta Mainyu, the ""holy/creative spirits/mentality"", or directly of Ahura Mazda, the highest deity of Zoroastrianism."
Ahura,Ahura (Avestan: 𐬀𐬵𐬎𐬭𐬀) is an Avestan language designation for a particular class of Zoroastrian divinities.
Aidoneus,"Aidoneus (Ancient Greek: Ἀїδωνεύς) was a mythical king of the Molossians in Epirus, who is represented as the husband of Persephone."
Ailuropoda,Ailuropoda is the only extant genus in the ursid (bear) subfamily Ailuropodinae.
Airedale,"Airedale is a valley, or dale, in North Yorkshire and West Yorkshire, England."
Aizoaceae,"The Aizoaceae (), or fig-marigold family, is a large family of dicotyledonous flowering plants containing 135 genera and about 1800 species."
Ajuga,"Ajuga , also known as bugleweed, ground pine, carpet bugle, or just bugle, is a genus of flowering plants in the Ajugeae tribe of the mint family Lamiaceae."
Akeridae,"Akeridae is a small taxonomic family of sea snails, marine gastropod molluscs belonging to the superfamily Akeroidea, the sea hares."
Akhbari,"The Akhbārīs (Arabic: أخباریون, Persian: اخباریان) are a minority school of Twelver Shia Islam."
Akhenaten,"Akhenaten (pronounced ), also spelled Akhenaton or Echnaton (Ancient Egyptian: ꜣḫ-n-jtn ʾŪḫə-nə-yātəy, pronounced [ˈʔuːχəʔ nə ˈjaːtəj], meaning 'Effective for the Aten'), was an ancient Egyptian pharaoh reigning c. 1353–1336 or 1351–1334 BC, the tenth ruler of the Eighteenth Dynasty."
Alabama,"Alabama () is a state in the Southeastern region of the United States, bordered by Tennessee to the north; Georgia to the east; Florida and the Gulf of Mexico to the south; and Mississippi to the west."
Aladdin,"Aladdin ( ə-LAD-in; Arabic: علاء الدين ʻAlāʼu d-Dīn or ʻAlāʼ ad-Dīn [ʕalaːʔ adˈdiːn]; ATU 561, 'Aladdin') is a Middle Eastern folktale."
Alaska,Alaska (  ə-LAS-kə) is a non-contiguous U.S. state on the northwest extremity of North America.
Alauda,"Alauda is a genus of larks found across much of Europe, Asia and in the mountains of north Africa, and one of the species (the Raso lark) endemic to the islet of Raso in the Cape Verde Islands."
Albania,"Albania (  a(w)l-BAY-nee-ə; Albanian: Shqipëri or Shqipëria), officially the Republic of Albania (Albanian: Republika e Shqipërisë), is a country in Southeast Europe."
Albatrellus,Albatrellus is a genus of 19 species of mushroom-producing fungi in the family Albatrellaceae.
Albers,"Albers is a Dutch and Low German patronymic surname, meaning ""Albert's son""."
Alberta,Alberta ( al-BUR-tə) is one of the thirteen provinces and territories of Canada.
Albion,Albion is an alternative name for Great Britain.
Albuginaceae,Albuginaceae is a family of oomycetes.
Albugo,Albugo is a genus of plant-parasitic oomycetes.
Alcea,"Alcea is a genus of over 80 species of flowering plants in the mallow family Malvaceae, commonly known as the hollyhocks."
Alcedo,Alcedo is a genus of birds in the kingfisher subfamily Alcedininae.
Alcibiades,Alcibiades ( AL-sib-EYE-ə-deez; Greek: Ἀλκιβιάδης; c.
Alcides,"Alcides is a genus of uraniid moths from northern Australia, New Guinea, and other islands in the region."
Alcott,Alcott is a surname of English origin.
Alcyonacea,"Alcyonacea are a species of sessile colonial cnidarians that are found throughout the oceans of the world, especially in the deep sea, polar waters, tropics and subtropics."
Aldebaran,"Aldebaran (Arabic: الدَّبَران, lit. 'The Follower') is a star located in the zodiac constellation of Taurus."
Aldrovanda,"Aldrovanda  is a genus of carnivorous plants encompassing one extant species (Aldrovanda vesiculosa, the waterwheel plant) and numerous extinct taxa."
Alectis,"Alectis is a genus of fish in the family Carangidae containing three extant species, all of which are large marine fishes."
Alecto,"Alecto (Ancient Greek: Ἀληκτώ, romanized: Alēktṓ, lit. 'the implacable or unceasing anger') is one of the Erinyes (Furies) in Greek mythology."
Alectoris,"Alectoris is a genus of partridges in the family Phasianidae, closely related to Old World quail (Coturnix and relatives), snowcocks (Tetraogallus), partridge-francolins (Pternistis), bush quail (Perdicula), and sand and see-see partridges (Ammoperdix)."
Aleppo,"Aleppo ( ə-LEP-oh; Arabic: ﺣَﻠَﺐ, ALA-LC: Ḥalab, IPA: [ˈħalab]) is a city in Syria, which serves as the capital of the Aleppo Governorate, the most populous governorate of Syria."
Aletris,"Aletris, the colicroot, colicweed, crow corn, or unicorn root, is a genus of flowering plants in the family Nartheciaceae, native to North America and to eastern and southeastern Asia, especially China."
Aleurites,"Aleurites is a small genus of arborescent flowering plants in the Euphorbiaceae, first described as a genus in 1776."
Alexander,Alexander is a male given name of Greek origin.
Alexandria,"Alexandria ( AL-ig-ZA(H)N-dree-ə; Arabic: الإسكندرية; Greek: Ἀλεξάνδρεια, Coptic: Ⲣⲁⲕⲟϯ - Rakoti or ⲁⲗⲉⲝⲁⲛⲇⲣⲓⲁ) is the second largest city in Egypt and the largest city on the Mediterranean coast."
Alexandrine,"Alexandrine is a name used for several distinct types of verse line with related metrical structures, most of which are ultimately derived from the classical French alexandrine."
Algeria,"Algeria, officially the People's Democratic Republic of Algeria, is a country in North Africa."
Algeripithecus,"Algeripithecus is an extinct genus of early fossil primate, weighing approximately 65 to 85 grams (2.3 to 3.0 oz)."
Algiers,"Algiers ( al-JEERZ; Arabic: الجزائر, romanized: al-Jazāʾir; French: Alger, [alʒe]) is the capital and largest city of Algeria."
Algol,"Algol , designated Beta Persei (β Persei, abbreviated Beta Per, β Per), known colloquially as the Demon Star, is a bright multiple star in the constellation of Perseus and one of the first non-nova variable stars to be discovered."
Alhambra,"The Alhambra (, Spanish: [aˈlambɾa]; Arabic: الْحَمْرَاء, romanized: al-ḥamrāʼ ) is a palace and fortress complex located in Granada, Andalusia, Spain."
Ali,"Ali ibn Abi Talib (Arabic: عَلِيّ بْن أَبِي طَالِب; c. 600–661) was the cousin and son-in-law of the Islamic prophet Muhammad, the fourth Rashidun caliph and the first Shia Imam, who ruled from 656 to 661."
Alisma,"Alisma is a genus of flowering plants in the family Alismataceae, members of which are commonly known as water-plantains."
Alismataceae,"The water-plantains (Alismataceae) are a family of flowering plants, comprising 20 genera (17 extant and 3 fossil) and 119 species."
Alismatidae,Alismatidae is a botanical name at the rank of subclass.
Allah,"Allah (; Arabic: الله‎‎, Allāh, IPA: [ʔaɫ.ɫaːh] ) is the common Arabic word for God."
Allhallowtide,"Allhallowtide, Hallowtide, Allsaintstide, or the Hallowmas season, is the Western Christian season encompassing the triduum of All Saints' Eve (Halloween), All Saints' Day (All Hallows') and All Souls' Day, as well as the International Day of Prayer for the Persecuted Church (observed on the first Sunday of November) and Remembrance Sunday (observed on the second Sunday in November) in some traditions."
Alliaria,"Alliaria is a genus of flowering plants in the family Brassicaceae.Species include:

Alliaria petiolata (M.Bieb.) Cavara & Grande
Alliaria taurica (Adam) V.I.Dorof."
Alligatoridae,"The family Alligatoridae of crocodylians includes alligators, caimans and their extinct relatives."
Allionia,"Allionia, commonly known as windmills or trailing four o'clock, is a genus of two plant species widespread in the Western Hemisphere."
Allium,"Allium is a genus of monocotyledonous flowering plants with hundreds of species, including the cultivated onion, garlic, scallion, shallot, leek, and chives."
Almaty,"Almaty ( or ; Kazakh: Алматы / Almaty, IPA: [ɑlmɑˈtə] ; Russian: Алматы, IPA: [ɐlmɐˈtɨ]), formerly known as Alma-Ata (Russian: Алма-Ата), is the largest city in Kazakhstan, with a population of over two million."
Alnico,"Alnico is a family of iron alloys which in addition to iron are composed primarily of aluminium (Al), nickel (Ni), and cobalt (Co), hence the acronym al-ni-co."
Alonso,Alonso is a Spanish name of Germanic origin that is a Castilian variant of Adalfuns.
Alopecurus,"Alopecurus, or foxtail grass, is a common and widespread genus of plants in the grass family."
Alopius,"In Greek mythology, Alopius (Ancient Greek: Ἀλόπιος) was the Thespian son of Heracles and Antiope, daughter of King Thespius of Thespiae."
Alosa,"Alosa is a genus of fish,  the river herrings, in the  family Clupeidae."
Alpinia,"Alpinia is a genus of flowering plants in the ginger family, Zingiberaceae."
Alps,"The Alps () are the highest and most extensive mountain range that is entirely in Europe, stretching approximately 1,200 km (750 mi) across eight Alpine countries (from west to east): Monaco, France, Switzerland, Italy, Liechtenstein, Germany, Austria and Slovenia.The Alpine arch extends from Nice on the western Mediterranean to Trieste on the Adriatic and Vienna at the beginning of the Pannonian Basin."
Alsace,"Alsace (, US also ; French: [alzas] ) is a cultural region and a territorial collectivity in eastern France, on the west bank of the upper Rhine next to Germany and Switzerland."
Alsobia,"Alsobia is a genus of flowering plants in the family Gesneriaceae, native to Mexico, Guatemala, and Costa Rica."
Alstonia,"Alstonia is a widespread genus of evergreen trees and shrubs, of the family Apocynaceae."
Alstroemeriaceae,"Alstroemeriaceae is a family of flowering plants, with 254 known species in four genera, almost entirely native to the Americas, from Central America to southern South America."
Altair,Altair is the brightest star in the constellation of Aquila and the twelfth-brightest star in the night sky.
Alternanthera,Alternanthera is a genus of flowering plants in the family Amaranthaceae.
Alyssum,"Alyssum is a genus of over a hundred species of flowering plants in the family Brassicaceae, native to Europe, Asia, and northern Africa, with the highest species diversity in the Mediterranean region."
Amaethon,"In Welsh mythology, Amaethon (Welsh: Amaethon fab Dôn (Welsh pronunciation: [aˈmɛɨ̞θɔn ˈvaːb ˈdoːn]), meaning ""Amaethon son of Dôn"") was the god of agriculture, and the son of the goddess Dôn."
Amanita,"The genus Amanita contains about 600 species of agarics, including some of the most toxic known mushrooms found worldwide, as well as some well-regarded edible species (and many species of unknown edibility)."
Amaranthaceae,"Amaranthaceae ( AM-ər-an-THAY-see-e(y)e) is a family of flowering plants commonly known as the amaranth family, in reference to its type genus Amaranthus."
Amaryllidaceae,"The Amaryllidaceae are a family of herbaceous, mainly perennial and bulbous (rarely rhizomatous) flowering plants in the monocot order Asparagales."
Amaterasu,"Amaterasu, also known as Amaterasu Ōmikami (天照大御神, 天照大神) or Ōhirume no Muchi no Kami (大日孁貴神), is the goddess of the sun in Japanese mythology."
Amati,"Amati (, Italian: [aˈmaːti]) is the last name of a family of Italian violin makers who lived at Cremona from about 1538 to 1740."
Amauropelta,"Amauropelta is a genus of ferns in the family Thelypteridaceae, subfamily Thelypteridoideae, in the Pteridophyte Phylogeny Group classification of 2016 (PPG I)."
Amberboa,"Amberboa is a genus of flowering plants in the family Asteraceae, described as a genus in 1832.Species in this genus are native to central and southwestern Asia.Species
Amberboa amberboi (L.) Tzvelev - Turkmenistan, Kazakhstan, Uzbekistan, Iran, Armenia
Amberboa bucharica Iljin - Turkmenistan, Kazakhstan, Uzbekistan, Tajikistan, Kyrgyzstan, Afghanistan, Iran
Amberboa glauca (Puschk."
Ambloplites,Ambloplites is a genus of North American freshwater fish in the sunfish family (Centrarchidae) of order Perciformes.
Ambrose,"Ambrose of Milan (Latin: Aurelius Ambrosius; c. 339 – 4 April 397), venerated as Saint Ambrose, was a theologian and statesman who served as Bishop of Milan from 374 to 397."
Ambystomatidae,Ambystomatidae is a family of salamanders belonging to the Suborder Salamandroidea in the class Amphibia.
Ameiurus,Ameiurus is a genus of catfishes in the family Ictaluridae.
Amelanchier,"Amelanchier ( am-ə-LAN-sheer), also known as shadbush, shadwood or shadblow, serviceberry or sarvisberry (or just sarvis), juneberry, saskatoon, sugarplum, wild-plum or chuckley pear, is a genus of about 20 species of deciduous-leaved shrubs and small trees in the rose family (Rosaceae)."
Amen,"Amen (Hebrew: אָמֵן, ʾāmēn; Ancient Greek: ἀμήν, amḗn; Classical Syriac: ܐܡܝܢ, 'amīn; Arabic: آمين, ʾāmīn) is an Abrahamic declaration of affirmation which is first found in the Hebrew Bible, and subsequently found in the New Testament."
Americanization,"Americanization or Americanisation (see spelling differences) is the influence of American culture and business on other countries outside the United States, including their media, cuisine, business practices, popular culture, technology or political techniques."
Amharic,"Amharic ( am-HARR-ik or  ahm-HAR-ik; native name: አማርኛ, romanized: Amarəñña, IPA: [amarɨɲːa] ) is an Ethiopian Semitic language, which is a subgrouping within the Semitic branch of the Afroasiatic languages."
Amiidae,The Amiidae are a family of basal ray-finned fishes.
Amish,"The Amish (; Pennsylvania German: Amisch; German: Amische), formally the Old Order Amish, are an ethnoreligious group with Swiss German and Alsatian origins."
Amman,"Amman (English:  ; Arabic: عَمَّان, ʿAmmān pronounced [ʕamːaːn]) is the capital and the largest city of Jordan, and the country's economic, political, and cultural center."
Ammodytes,Ammodytes is a genus of sand lances native to the northern oceans.
Amontillado,"Amontillado (Spanish pronunciation: [amontiˈʎaðo] ah-MON-tee-AH-doe) is a variety of sherry wine characterised by being darker than fino sherry, but lighter than oloroso sherry."
Amphibolips,Amphibolips is an American genus of gall wasps in the family Cynipidae.
Amphicarpaea,"Amphicarpaea, commonly known as hogpeanut, is a genus of flowering plants in the legume family, Fabaceae."
Amphipoda,Amphipoda () is an order of malacostracan crustaceans with no carapace and generally with laterally compressed bodies.
Amphiprion,Amphiprion is a genus of ray-finned fish which comprises all but one of the species of clownfish or anemonefish in the subfamily Amphiprioninae of the family Pomacentridae.
Amphisbaena,"The amphisbaena (, , or , plural: amphisbaenae; Ancient Greek: ἀμφίσβαινα) is a mythological, ant-eating serpent with a head at each end."
Amphisbaenia,"Amphisbaenia  (called amphisbaenians or worm lizards) is a group of typically legless lizards, comprising over 200 extant species."
Amphisbaenidae,"The Amphisbaenidae (common name: worm lizards) are a family of amphisbaenians, a group of limbless vertebrates."
Amsinckia,Amsinckia is a genus of flowering plants commonly known as fiddlenecks.
Amsonia,"Amsonia is a genus of flowering plants in the dogbane family, Apocynaceae, first described as a genus in 1788."
Amsterdam,"Amsterdam ( AM-stər-dam, UK also  AM-stər-DAM, Dutch: [ˌɑmstərˈdɑm] ; literally, ""The Dam on the River Amstel"") is the capital and most populated city of the Netherlands."
Amun,"Amun (US: ; also Amon, Ammon, Amen, Amana; Ancient Egyptian: jmn, reconstructed as /jaˈmaːnuw/ (Old Egyptian and early Middle Egyptian) → /ʔaˈmaːnəʔ/ (later Middle Egyptian) → /ʔaˈmoːn/ (Late Egyptian), Coptic: Ⲁⲙⲟⲩⲛ, romanized: Amoun; Greek Ἄμμων Ámmōn, Ἅμμων Hámmōn; Phoenician: 𐤀𐤌𐤍, romanized: ʾmn) was a major ancient Egyptian deity who appears as a member of the Hermopolitan Ogdoad."
Amur,"The Amur River (Russian: река Амур) or Heilong River (Chinese: 黑龙江) is a perennial river in Northeast Asia, forming the natural border between the Russian Far East and Northeast China (historically the Outer and Inner Manchuria)."
Anabaptism,"Anabaptism (from Neo-Latin anabaptista, from the Greek ἀναβαπτισμός: ἀνά- 're-' and βαπτισμός 'baptism', German: Täufer, earlier also Wiedertäufer) is a Christian movement which traces its origins to the Radical Reformation."
Anabas,Anabas is a genus of climbing gouramies native to southern and eastern Asia.
Anabrus,Anabrus is a genus of insects in the family Tettigoniidae that includes the Mormon cricket.
Anacardiaceae,"The Anacardiaceae, commonly known as the cashew family or sumac family, are a family of flowering plants, including about 83 genera with about 860 known species."
Anacardium,"Anacardium, the cashews, are a genus of flowering plants in the family Anacardiaceae, native to tropical regions of the Americas."
Anacyclus,Anacyclus is a genus of plants in the family Asteraceae described by Linnaeus in 1753.
Anadenanthera,"Anadenanthera is a genus of South American trees in the Legume family, Fabaceae."
Anagallis,"Anagallis is a genus of about 20–25 species of flowering plants in the family Primulaceae, commonly called pimpernel."
Anagyris,Anagyris (Spanish: oro de risco) is a genus of flowering plants in the family Fabaceae.
Ananas,Ananas is a plant genus in the family Bromeliaceae.
Anaphalis,"Anaphalis is a genus of herbaceous and woody flowering plants within the family Asteraceae, whose members are commonly known by the name pearl or pearly everlasting."
Anarhichadidae,"Anarhichadidae, the wolffishes, sea wolves or wolf eels, is a family of marine ray finned fishes belonging to the order Scorpaeniformes."
Anarhichas,"Anarhichas is a genus of marine ray-finned fishes belonging to the family Anarhichadidae, the wolffishes or sea wolves."
Anas,Anas is a genus of dabbling ducks.
Anasa,Anasa is a genus of leaf-footed bug in the Coreinae subfamily.
Anaspida,"Anaspida (""shieldless ones"") is an extinct group of jawless fish that existed from the early Silurian period to the late Devonian period."
Anastatica,Anastatica is a monotypic genus of plants in the family Brassicaceae containing the single species Anastatica hierochuntica.
Anatidae,"The Anatidae are the biological family of water birds that includes ducks, geese, and swans."
Anatolia,"Anatolia, also known as Asia Minor, is a large peninsula in West Asia and is the western-most extension of continental Asia as it borders European Turkey."
Anaxagoras,"Anaxagoras (; Greek: Ἀναξαγόρας, Anaxagóras, ""lord of the assembly""; c."
Anaximander,"Anaximander ( AN-ak-sih-MAN-dər; Greek: Ἀναξίμανδρος Anaximandros; c. 610 – c. 546 BC) was a pre-Socratic Greek philosopher who lived in Miletus, a city of Ionia (in modern-day Turkey)."
Ancohuma,"Ancohuma or Janq'u Uma (Aymara janq'u white, uma water, ""white water"", also spelled Janq'uma, other spellings, Jankho Uma, Jankhouma)  is the third highest mountain in Bolivia (after Sajama and Illimani)."
Ancylostomatidae,The Ancylostomatidae are a family of worms that includes the hookworms.
Ancylus,"Ancylus is a genus of very small, freshwater, air-breathing limpets."
Andalusia,"Andalusia (UK: , US: ; Spanish: Andalucía [andaluˈθi.a] ) is the southernmost autonomous community in Peninsular Spain."
Andersen,"Andersen (Danish pronunciation: [ˈɑnɐsn̩]) is a Danish-Norwegian patronymic surname meaning ""son of Anders"" (itself derived from the Greek name ""Ανδρέας/Andreas"", cf."
Andes,"The Andes ( AN-deez), Andes Mountains or Andean Mountain Range (Spanish: Cordillera de los Andes; Quechua: Anti) are the longest continental mountain range in the world, forming a continuous highland along the western edge of South America."
Andira,"Andira is a genus of flowering plants in the legume family, Fabaceae."
Andorra,"Andorra, officially the Principality of Andorra, is a sovereign landlocked country on the Iberian Peninsula, in the eastern Pyrenees, bordered by France to the north and Spain to the south."
Andreaea,"Andreaea is a genus of rock mosses described by Johann Hedwig in 1801.They are small, delicate acrocarpous mosses (meaning that the capsules are formed at the tips of vertical branches) that form dark brown or reddish cushions on wet siliceous rocks in mountainous areas."
Andrenidae,"The Andrenidae (commonly known as mining bees) are a large, nearly cosmopolitan family of solitary, ground-nesting bees."
Andrew,"Andrew is the English form of the given name, common in many countries."
Andricus,Andricus is a genus of oak gall wasps in the family Cynipidae.
Andropogon,"Andropogon (common names: beard grass, bluestem grass, broomsedge) is a widespread genus of plants in the grass family, native to much of Asia, Africa, and the Americas, as well as Southern Europe and various oceanic islands.Over 100 species have been described."
Andvari,"In Norse mythology, Andvari (12th c."
Anemia,"Anemia or anaemia (British English) is a blood disorder in which the blood has a reduced ability to carry oxygen due to a lower than normal number of red blood cells, a reduction in the amount of hemoglobin or hemoglobin abnormalities."
Anemopsis,"The monotypic genus Anemopsis has only one species, Anemopsis californica, with the common names yerba mansa or lizard tail."
Anethum,"Anethum is a flowering plant genus in the family Apiaceae, native to the Middle East and the Sahara in northern Africa."
Angara,"The Angara (Russian: Ангара́, [ənɡɐˈra]; Buryat: Ангар, Angar, lit."
Angel,"In various theistic religious traditions, an angel is a supernatural spiritual being who serves God."
Angelus,"The Angelus (; Latin for ""angel"") is a Catholic devotion commemorating the Incarnation of Christ."
Angle,"In Euclidean geometry, an angle is the figure formed by two rays, called the sides of the angle, sharing a common endpoint, called the vertex of the angle."
Anglesey,The Isle of Anglesey (; Welsh: Ynys Môn [ˈənɨs ˈmoːn]) is a county off the north-west coast of Wales.
Anglicanism,"Anglicanism is a Western Christian tradition which developed from the practices, liturgy, and identity of the Church of England following the English Reformation, in the context of the Protestant Reformation in Europe."
Anglicisation,"Anglicisation is a form of cultural assimilation whereby something non-English becomes assimilated into, influenced by or dominated by the culture of England or of the United Kingdom."
Anglicism,An anglicism is a word or construction borrowed from English by another language.
Angola,"Angola (  an-GOH-lə; Portuguese: [ɐ̃ˈɡɔlɐ]; Kongo: Ngola, pronounced [ŋɔla]), officially the Republic of Angola (Portuguese: República de Angola), is a country on the west-central coast of Southern Africa."
Angraecum,"Angraecum, also known as comet orchid, is a genus of the family Orchidaceae native to tropical and South Africa, as well as Sri Lanka."
Anguidae,Anguidae refers to a large and diverse family of lizards native to the Northern Hemisphere.
Anguilla,Anguilla ( ang-GWIL-ə) is a British Overseas Territory in the Caribbean.
Anguillidae,The Anguillidae are a family of ray-finned fish that contains the freshwater eels.
Anguis,Slowworms (also called blindworms and hazelworms) are a small genus (Anguis) of snake-like legless lizards in the family Anguidae.
Anisotremus,Anisotremus is a genus of grunts native to the eastern Pacific and western Atlantic Oceans.
Ankara,"Ankara ( ANG-kər-ə, US also  AHNG-kər-ə; Turkish: [ˈaŋkaɾa] ), historically known as Ancyra and Angora, is the capital of Turkey."
Annaba,"Annaba (Arabic: عنّابة, lit ""Place of the Jujubes""; Berber languages: Aânavaen), formerly known as Bon, Bona and Bône, is a seaport city in the northeastern corner of Algeria, close to the border with Tunisia."
Annapurna,"Annapurna (; Nepali: अन्नपूर्ण) is a mountain situated in the Annapurna mountain range of Gandaki Province, north-central Nepal."
Anne,"Anne, alternatively spelled Ann, is a form of the Latin female given name Anna."
Annona,"Annona (from Taíno annon) is a genus of flowering plants in the pawpaw/sugar apple family, Annonaceae."
Annonaceae,"The Annonaceae are a family of flowering plants consisting of trees, shrubs, or rarely lianas commonly known as the custard apple family or soursop family."
Annunciation,"The Annunciation (from the Latin annuntiatio; Ancient Greek: Ο Ευαγγελισμός της Θεοτόκου; also referred to as the Annunciation to the Blessed Virgin Mary, the Annunciation of Our Lady, or the Annunciation of the Lord) is, according to the Gospel of Luke, the announcement by the archangel Gabriel to Mary that she would conceive and bear a son through a virgin birth and become the mother of Jesus Christ, the Christian Messiah and Son of God, marking the Incarnation."
Annwn,"Annwn, Annwfn, or Annwfyn ([ˈanʊn]) Annwvn, Annwyn, Annwyfn, Annwvyn, or Annwfyn) is the Otherworld in Welsh mythology."
Anodonta,"Anodonta is a genus of freshwater mussels in the family Unionidae, the river mussels."
Anoectochilus,"Anoectochilus, commonly known as marbled jewel orchids or filigree orchids, is a genus of about fifty species in the orchid family Orchidaceae."
Anogramma,Anogramma is a genus of ferns in the subfamily Pteridoideae of the family Pteridaceae.
Anolis,"Anolis is a genus of anoles (US:  ), iguanian lizards in the family Dactyloidae, native to the Americas."
Anomala,Anomala is a genus of shining leaf chafers in the family of beetles known as Scarabaeidae.
Anomalopidae,"Anomalopidae (lanterneye fishes or flashlight fishes) are a family of fish distinguished by bioluminescent organs located underneath their eyes, for which they are named."
Anomiidae,"Anomiidae is a family of saltwater clams, marine bivalve molluscs related to scallops and oysters, and known as anomiids."
Anopheles,Anopheles () is a genus of mosquito first described by J. W. Meigen in 1818.
Anostraca,Anostraca is one of the four orders of crustaceans in the class Branchiopoda; its members are referred to as fairy shrimp.
Anseriformes,"Anseriformes is an order of birds   also known as waterfowl that comprises about 180 living species of birds in three families: Anhimidae (three species of screamers), Anseranatidae (the magpie goose), and Anatidae, the largest family, which includes over 170 species of waterfowl, among them the ducks, geese, and swans."
Anserinae,The Anserinae are a subfamily in the waterfowl family Anatidae.
Anshar,"Anshar ( 𒀭𒊹 AN.ŠAR₂, Neo-Assyrian: ) was a Mesopotamian god regarded as a primordial king of the gods."
Antakya,"Antakya (Turkish pronunciation: [ɑnˈtɑkjɑ]; Local Turkish: Anteke), modern form of Antioch (Ancient Greek: Ἀντιόχεια, romanized: Antiókheia; Armenian: Անտիոք, romanized: Andiok; Latin: Antiochia), is a municipality and the capital district of Hatay Province, Turkey."
Antalya,Antalya (Turkish pronunciation: [anˈtalja] ) is the fifth-most populous city in Turkey as well as the capital of Antalya Province.
Antananarivo,"Antananarivo (French: Tananarive, pronounced [tananaʁiv]), also known by its colonial shorthand form Tana (pronounced [tana]), is the capital and largest city of Madagascar."
Antarctic,"The Antarctic ( or , American English also  or ; commonly ) is a polar region around Earth's South Pole, opposite the Arctic region around the North Pole."
Antarctica,Antarctica ( ) is Earth's southernmost and least-populated continent.
Antares,Antares is the brightest star in the constellation of Scorpius.
Antedon,"Antedon is a genus of sessile, stemless crinoids."
Antedonidae,Antedonidae is a family of crinoids or feather stars in the phylum Echinodermata.
Antennaria,"Antennaria is a genus of dioecious perennial herbs in the family Asteraceae, native to temperate regions of the Northern Hemisphere, with a few species (A. chilensis, A. linearifolia, A. sleumeri) in temperate southern South America; the highest species diversity is in North America."
Anthemis,"Anthemis is a genus of aromatic flowering plants in the family Asteraceae, closely related to Chamaemelum, and like that genus, known by the common name chamomile; some species are also called dog-fennel or mayweed."
Antheraea,Antheraea is a moth genus belonging to the family Saturniidae.
Anthericum,"Anthericum is a genus of about 65 species, rhizomatous perennial plants in the family Asparagaceae, subfamily Agavoideae."
Anthidium,"Anthidium is a genus of bees often called carder or potter bees, who use conifer resin, plant hairs, mud, or a mix of them to build nests."
Anthoceros,Anthoceros is a genus of hornworts in the family Anthocerotaceae.
Anthocerotaceae,The Anthocerotaceae is the only family of hornworts in the order Anthocerotales.
Anthonomus,Anthonomus is a genus of weevils.
Anthony,"Anthony, also spelled Antony, is a masculine given name derived from the Antonii, a gens (Roman family name) to which Mark Antony (Marcus Antonius) belonged."
Anthophyta,The anthophytes are a paraphyletic grouping of plant taxa bearing flower-like reproductive structures.
Anthozoa,"Anthozoa is a class of marine invertebrates which includes the sea anemones, stony corals and soft corals."
Anthriscus,"Anthriscus (chervils) is a common plant genus of the family Apiaceae, growing in Europe and temperate parts of Asia."
Anthyllis,Anthyllis is a genus of flowering plants in the family Fabaceae.
Antichrist,"In Christian eschatology, the Antichrist refers to people prophesied by the Bible to oppose Jesus Christ and substitute themselves in Christ's place before the Second Coming."
Antidorcas,Antidorcas is a genus of antelope that includes the living springbok and several fossil species.
Antigone,"In Greek mythology, Antigone ( ann-TIG-ə-nee; Ancient Greek: Ἀντιγόνη, romanized: Antigónē) is a Theban princess, and a character in several ancient Greek tragedies."
Antigua,"Antigua ( ann-TEE-gə), also known as Waladli or Wadadli by the native population, is an island in the Lesser Antilles."
Antilles,"The Antilles is an archipelago bordered by the Caribbean Sea to the south and west, the Gulf of Mexico to the northwest, and the Atlantic Ocean to the north and east."
Antilocapra,"Antilocapra is a genus of the family Antilocapridae, which contains only a single living species, the pronghorn (Antilocapra americana)."
Antilocapridae,The Antilocapridae are a family of artiodactyls endemic to North America.
Antilope,"Antilope is a genus of twisted-horn bovid that contains a single living species, the blackbuck of South Asia."
Antioch,"Antioch on the Orontes (; Ancient Greek: Ἀντιόχεια ἡ ἐπὶ Ὀρόντου, romanized: Antiókheia hē epì Oróntou, pronounced [anti.ó.kʰeː.a]) was a Hellenistic Greek city founded by Seleucus I Nicator in 300 BC. It was one of the greatest and most important Greek cities of the Hellenistic period."
Antirrhinum,Antirrhinum is a genus of plants commonly known as dragon flowers or snapdragons because of the flowers' fancied resemblance to the face of a dragon that opens and closes its mouth when laterally squeezed.
Antlia,Antlia (; from Ancient Greek ἀντλία) is a constellation in the Southern Celestial Hemisphere.
Antofagasta,"Antofagasta (Spanish pronunciation: [antofaˈɣasta] ) is a port city in northern Chile, about 1,100 kilometres (700 mi) north of Santiago."
Antonius,"Antonius is a masculine given name, as well as a surname."
Antwerp,Antwerp ( ; Dutch: Antwerpen [ˈɑntʋɛrpə(n)] ; French: Anvers [ɑ̃vɛʁs] ) is a city and a municipality in the Flemish Region of Belgium.
Anu,"Anu (Akkadian: 𒀭𒀭 ANU, from 𒀭 an ""Sky"", ""Heaven"") or Anum, originally An (Sumerian: 𒀭 An), was the divine personification of the sky, king of the gods, and ancestor of many of the deities in ancient Mesopotamian religion."
Anubis,"Anubis (; Ancient Greek: Ἄνουβις), also known as Inpu, Inpw, Jnpw, or Anpu in Ancient Egyptian (Coptic: ⲁⲛⲟⲩⲡ, romanized: Anoup), is the god of funerary rites, protector of graves, and guide to the underworld, in ancient Egyptian religion, usually depicted as a canine or a man with a canine head.Like many ancient Egyptian deities, Anubis assumed different roles in various contexts."
Anunnaki,"The Anunnaki (Sumerian: 𒀭𒀀𒉣𒈾, also transcribed as Anunaki, Annunaki, Anunna, Ananaki and other variations) are a group of deities of the ancient Sumerians, Akkadians, Assyrians and Babylonians."
Anzio,"Anzio (, also US: , Italian: [ˈantsjo]) is a town and comune on the coast of the Lazio region of Italy, about 51 kilometres (32 mi) south of Rome."
Apache,The Apache ( ə-PATCH-ee) are several Southern Athabaskan language–speaking peoples of the Southwest and the Southern Plains.
Apatura,Apatura is a genus of butterflies commonly known as the emperors.
Apeldoorn,Apeldoorn (Dutch pronunciation: [ˈaːpəldoːr(ə)n] ; Dutch Low Saxon: Apeldoorne) is a municipality and city in the province of Gelderland in the centre of the Netherlands.
Aphididae,"The Aphididae are a very large insect family in the aphid superfamily (Aphidoidea), of the order Hemiptera."
Aphis,Aphis is a genus of insects in the family Aphididae containing at least 600 species of aphids.
Aphrodite,"Aphrodite ( , AF-rə-DY-tee) is an ancient Greek goddess associated with love, lust, beauty, pleasure, passion, procreation, and as her syncretized Roman goddess counterpart Venus, desire, sex, fertility, prosperity, and victory."
Aphrophora,Aphrophora is a genus of spittlebugs in the family Aphrophoridae.
Aphyllanthes,"Aphyllanthes is a genus of flowering plants  with only one species, Aphyllanthes  monspeliensis, endemic to the western Mediterranean region."
Aphyllophorales,The Aphyllophorales is an obsolete order of fungi in the Basidiomycota.
Apia,Apia (Samoan: [a.pi.a]) is the capital and only city of Samoa.
Apiaceae,"Apiaceae () or Umbelliferae is a family of mostly aromatic flowering plants named after the type genus Apium and commonly known as the celery, carrot or parsley family, or simply as umbellifers."
Apidae,"Apidae is the largest family within the superfamily Apoidea, containing at least 5700 species of bees."
Apios,Apios is a genus of flowering plants in the family Fabaceae.
Apium,"Apium (including celery and the marshworts) is a genus of about 20 species of flowering plants in the family Apiaceae, with a subcosmopolitan distribution in Europe, Asia, Africa, South America and Australia."
Aplacophora,Aplacophora  is a presumably paraphyletic taxon.
Aplectrum,"Aplectrum hyemale is a species of orchid native to the eastern United States and Canada, from Oklahoma east to the Carolinas and north to Minnesota, Ontario, Quebec and Massachusetts."
Aplodontiidae,"The family Aplodontiidae also known as Aplodontidae, Haplodontiidae or Haploodontini is traditionally classified as the sole extant family of the suborder Protrogomorpha."
Aplysia,"Aplysia () is a genus of medium-sized to extremely large sea slugs, specifically sea hares, which are a kind of marine gastropod mollusk."
Aplysiidae,"Aplysiidae is the only family in the superfamily Aplysioidea, within the clade Anaspidea."
Apocalypse,"Apocalypse (from Ancient Greek  ἀποκάλυψις (apokálupsis) 'revelation, disclosure') is a literary genre in which a supernatural being reveals cosmic mysteries or the future to a human intermediary."
Apocrypha,Apocrypha are biblical or related writings not forming part of the accepted canon of Scripture.
Apocynaceae,"Apocynaceae (, from Apocynum, Greek for ""dog-away"") is a family of flowering plants that includes trees, shrubs, herbs, stem succulents, and vines, commonly known as the dogbane family, because some taxa were used as dog poison."
Apocynum,"Apocynum, commonly known as dogbane or Indian hemp, is a small genus of the flowering plant family Apocynaceae."
Apodemus,Apodemus is a genus of Muridae (true mice and rats).
Apodiformes,"Traditionally, the bird order Apodiformes  contained three living families: the swifts (Apodidae), the treeswifts (Hemiprocnidae), and the  hummingbirds (Trochilidae)."
Apogon,"Apogon is a large genus of fish in the family Apogonidae, the cardinalfishes."
Apogonidae,"Cardinalfishes are a family, Apogonidae, of ray-finned fishes found in the Atlantic, Indian, and Pacific Oceans; they are chiefly marine, but some species are found in brackish water and a few (notably Glossamia) are found in fresh water."
Apoidea,"The superfamily Apoidea is a major group within the Hymenoptera, which includes two traditionally recognized lineages, the ""sphecoid"" wasps, and the bees."
Apollo,Apollo is one of the  Olympian deities in classical Greek and Roman religion and Greek and Roman mythology.
Aporocactus,Aporocactus is a genus of cacti in the tribe Hylocereeae native to Mexico.
Apostle,"An apostle (), in its literal sense, is an emissary."
Appalachia,Appalachia () is a socio-economic region located in the central and southern sections of the Appalachian Mountains of the eastern United States.
Appaloosa,The Appaloosa is an American horse breed best known for its colorful spotted coat pattern.
April,April is the fourth month of the year in the Gregorian and Julian calendars.
Aptenodytes,"The genus Aptenodytes contains two extant species of penguins collectively known as ""the great penguins""."
Apulia,"Apulia ( ə-POO-lee-ə), also known by its Italian name Puglia (pronounced [ˈpuʎʎa]), is a region of Italy, located in the southern peninsular section of the country, bordering the Adriatic Sea to the east, the Strait of Otranto and Ionian Sea to the southeast and the Gulf of Taranto to the south."
Apus,Apus is a small constellation in the southern sky.
Aqaba,"Aqaba (English:  , also US: ; Arabic: الْعَقَبَة, romanized: al-ʿAqaba, al-ʿAgaba, pronounced [æl ˈʕæqaba, alˈʕagaba]) is the only coastal city in Jordan and the largest and most populous city on the Gulf of Aqaba."
Aquitaine,"Aquitaine (UK: , US: , French: [akitɛn] ; Occitan: Aquitània [akiˈtanjɔ]; Basque: Akitania; Poitevin-Saintongeais: Aguiéne), archaic Guyenne or Guienne (Occitan: Guiana), is a historical region of Southwestern France and a former administrative region."
Arabic,"Arabic (اَلْعَرَبِيَّة, al-ʿarabiyyah [alʕaraˈbijːah] ; عَرَبِيّ, ʿarabī [ˈʕarabiː]  or [ʕaraˈbij]) is a Semitic language spoken primarily across the Arab world."
Arabidopsis,Arabidopsis (rockcress) is a genus in the family Brassicaceae.
Arabis,"Arabis , or rockcress, is a genus of flowering plants, within the family Brassicaceae."
Arabist,"An Arabist is someone, often but not always from outside the Arab world, who specialises in the study of the Arabic language and culture (usually including Arabic literature)."
Araceae,The Araceae are a family of monocotyledonous flowering plants in which flowers are borne on a type of inflorescence called a spadix.
Arachis,"Arachis is a genus of about 70 species of annual and perennial flowering plants in the family (Fabaceae), native to South America, and was recently assigned to the informal monophyletic Pterocarpus clade of the Dalbergieae."
Aragon,"Aragon ( ARR-ə-gən, US also  -⁠gon, -⁠gohn; Spanish and Aragonese: Aragón [aɾaˈɣon] ; Catalan: Aragó [əɾəˈɣo]) is an autonomous community in Spain, coextensive with the medieval Kingdom of Aragon."
Arales,Arales is an order of flowering plants.
Araliaceae,The Araliaceae are a family of flowering plants composed of about 43 genera and around 1500 species consisting of primarily woody plants and some herbaceous plants commonly called the ginseng family.
Aramaic,"Aramaic (Jewish Babylonian Aramaic: ארמית, romanized: ˀərāmiṯ; Classical Syriac: ܐܪܡܐܝܬ, romanized: arāmāˀiṯ) is a Northwest Semitic language that originated in the ancient region of Syria and quickly spread to Mesopotamia, the southern Levant, southeastern Anatolia, Eastern Arabia and Sinai Peninsula, where it has been continually written and spoken in different varieties for over three thousand years."
Araneida,Araneida is a subgroup of Tetrapulmonata.
Araneus,Araneus is a genus of common orb-weaving spiders.
Aranyaka,The Aranyakas (; Sanskrit: आरण्यक; IAST: āraṇyaka) are a part of the ancient Indian Vedas concerned with the meaning of ritual sacrifice.
Arapaho,"The Arapaho ( ə-RAP-ə-hoh; French: Arapahos, Gens de Vache) are a Native American people historically living on the plains of Colorado and Wyoming."
Araucariaceae,"Araucariaceae – also known as araucarians – is  a family of coniferous trees, with three living genera, Araucaria, Agathis, and Wollemia."
Araujia,Araujia is a small genus of perennial vines in the dogbane family first described as a genus in 1817.
Arawak,The Arawak are a group of indigenous peoples of northern South America and of the Caribbean.
Arawn,"In Welsh mythology, Arawn (Welsh pronunciation: [ˈarau̯n]) was the king of the otherworld realm of Annwn who appears prominently in the first branch of the Mabinogi, and alluded to in the fourth."
Arceuthobium,"The genus Arceuthobium, commonly called dwarf mistletoes, is a genus of 26 species of parasitic plants that parasitize members of Pinaceae and Cupressaceae in North America, Central America, Asia, Europe, and Africa."
Archaeornithes,"The Archaeornithes, classically Archæornithes, is an extinct group of the first primitive, reptile-like birds."
Archean,"The Archean Eon (IPA:  ar-KEE-ən, also spelled Archaean or Archæan), in older sources sometimes called the Archaeozoic, is the second of the four geologic eons of Earth's history, preceded by the Hadean Eon and followed by the Proterozoic."
Archilochus,Archilochus (; Greek: Ἀρχίλοχος Arkhílokhos; c.
Archimedes,"Archimedes of Syracuse (, ARK-ihm-EE-deez; c. 287 – c. 212 BC) was an Ancient Greek mathematician, physicist, engineer, astronomer, and inventor from the ancient city of Syracuse in Sicily."
Archosargus,"Archosargus is a genus of marine ray-finned fishes belonging to the family Sparidae, the sea breams and porgies."
Arctic,The Arctic ( or ) is a polar region located at the northernmost part of Earth.
Arctium,"Arctium is a genus of biennial plants commonly known as burdock, family Asteraceae."
Arctocephalus,The genus Arctocephalus consists of the southern fur seals.
Arctostaphylos,"Arctostaphylos (; from ἄρκτος árktos ""bear"" and σταφυλή staphulḗ ""bunch of grapes"") is a genus of plants comprising the manzanitas () and bearberries."
Arctotis,Arctotis is a genus of annual and perennial plants in the family Asteraceae.Arctotis is native to dry stony slopes in southern Africa.
Arcturus,Arcturus is the brightest star in the northern constellation of Boötes.
Ardennes,"The Ardennes (French: Ardenne [aʁdɛn] ; Dutch: Ardennen [ɑrˈdɛnə(n)] ; German: Ardennen; Walloon: Årdene [ɑːʀdɛn]; Luxembourgish: Ardennen [ɑʁˈdænən]), also known as the Ardennes Forest or Forest of Ardennes, is a region of extensive forests, rough terrain, rolling hills and ridges primarily in Belgium and Luxembourg, extending into Germany and France."
Ardisia,Ardisia (coralberry or marlberry) is a genus of flowering plants in the family Primulaceae.
Arecaceae,"The Arecaceae () is a family of perennial, flowering plants in the monocot order Arecales."
Arecidae,Arecidae is a botanical name at the rank of subclass.
Arenga,"Arenga is a genus of palms, native to Southeast Asia, southern China, New Guinea, and northern Australia."
Areopagus,"The Areopagus () is a prominent rock outcropping located northwest of the Acropolis in Athens, Greece."
Arequipa,Arequipa (Spanish pronunciation: [aɾeˈkipa]; Aymara and Quechua: Ariqipa) is a city in Peru and the capital of the eponymous province and department.
Ares,"Ares (; Ancient Greek: Ἄρης, Árēs [árɛːs]) is the Greek god of war and courage."
Argasidae,"The Argasidae are the family of soft ticks, one of the three families of ticks."
Argentina,"Argentina (Spanish pronunciation: [aɾxenˈtina] ), officially the Argentine Republic (Spanish: República Argentina),  is a country in the southern half of South America."
Argentinidae,"The herring smelts or argentines are a family, Argentinidae, of marine smelts."
Argo,In Greek mythology the Argo (; in Greek: Ἀργώ) was a ship built with the help of the gods that Jason and the Argonauts sailed from Iolcos to Colchis to retrieve the Golden Fleece.
Argonautidae,The Argonautidae are a family of pelagic cephalopods  that inhabit tropical and temperate oceans of the world.
Argynnis,"Argynnis is a genus of butterflies in the family Nymphalidae, one of several groups known as ""fritillaries""."
Argyranthemum,"Argyranthemum (marguerite, marguerite daisy, dill daisy) is a genus of flowering plants belonging to the family Asteraceae."
Argyreia,Argyreia is a genus of plants in the family Convolvulaceae.
Argyrol,Argyrol is the trade name for an antiseptic for mucous membranes which consists of compounded solutions of mild silver protein.
Argyrotaenia,Argyrotaenia is a genus of moths in the tribe Archipini within the family Tortricidae.
Argyroxiphium,Argyroxiphium is a small genus of plants in the family Asteraceae.
Arhat,"In Buddhism, an arhat (Sanskrit: अर्हत्) or arahant (Pali: अरहन्त्, 𑀅𑀭𑀳𑀦𑁆𑀢𑁆) is one who has gained insight into the true nature of existence and has achieved Nirvana and liberated from the  endless cycle of rebirth (One who has no spirit or anattā and ended all of their own suffering)."
Ariadne,"In Greek mythology, Ariadne (; Greek: Ἀριάδνη; Latin: Ariadne) was a Cretan princess and the daughter of King Minos of Crete."
Ariana,"Ariana was a general geographical term used by some Greek and Roman authors of the ancient period for a district of wide extent between Central Asia and the Indus River, comprising the eastern provinces of the Achaemenid Empire that covered the whole of modern-day Afghanistan, as well as the easternmost part of Iran and up to the Indus River in Pakistan."
Arianism,"Arianism (Koine Greek: Ἀρειανισμός, Areianismós) is a Christological doctrine considered heretical by all mainstream branches of Christianity."
Arianrhod,Arianrhod (Welsh pronunciation: [arˈjanr̥ɔd]) is a figure in Welsh mythology who plays her most important role in the Fourth Branch of the Mabinogi.
Ariidae,The Ariidae or ariid catfish are a family of catfish that mainly live in marine waters with many freshwater and brackish water species.
Arikara,"Arikara (English:  ), also known as Sahnish, Arikaree, Ree, or Hundi, are a tribe of Native Americans in North Dakota."
Arilus,"Arilus, or wheel bugs, is a genus of true bugs in the family Reduviidae, subfamily Harpactorinae and tribe Harpactorini."
Ariocarpus,"Ariocarpus is a small genus of succulent, subtropical plants of the family Cactaceae."
Ariomma,"Ariomma is a genus of deepwater, marine ray-finned fishes belonging to the family Ariommatidae."
Arisaema,Arisaema is a large and diverse genus of the flowering plant family Araceae.
Arisarum,Arisarum is a genus of flowering plants in the family Araceae.
Aristolochia,Aristolochia (English: ) is a large plant genus with over 500 species that is the type genus of the family Aristolochiaceae.
Aristolochiaceae,"The Aristolochiaceae (English: ) are a family, the birthwort family, of flowering plants with seven genera and about 400 known species belonging to the order Piperales."
Aristolochiales,Aristolochiales is an order of flowering plants.
Aristophanes,"Aristophanes (; Ancient Greek: Ἀριστοφάνης, pronounced [aristopʰánɛːs]; c. 446 – c. 386 BC), son of Philippus and Zenodora, of the deme Kydathenaion (Latin: Cydathenaeum), was a comic playwright or comedy-writer of ancient Athens and a poet of Old Attic Comedy."
Aristotelianism,"Aristotelianism ( ARR-i-stə-TEE-lee-ə-niz-əm) is a philosophical tradition inspired by the work of Aristotle, usually characterized by deductive logic and an analytic inductive method in the study of natural philosophy and metaphysics."
Aristotle,"Aristotle (; Greek: Ἀριστοτέλης Aristotélēs, pronounced [aristotélɛːs]; 384–322 BCE) was an Ancient Greek philosopher and polymath."
Arius,"Arius (; Koinē Greek: Ἄρειος, Áreios; 250 or 256 – 336) was a Cyrenaic presbyter, ascetic, and priest."
Arizona,Arizona (  AIR-ih-ZOH-nə; Navajo: Hoozdo Hahoodzo [hoː˥z̥to˩ ha˩hoː˩tso˩]; O'odham: Alĭ ṣonak [ˈaɭi̥ ˈʂɔnak]) is a state in the Southwestern United States.
Arjuna,"Arjuna (Sanskrit: अर्जुन, IAST: Arjuna), also known as Partha and Dhananjaya, a protagonist of the Hindu epic Mahabharata."
Arkansas,Arkansas (  AR-kən-saw) is a landlocked state in the south-central region of the Southern United States.
Armadillidiidae,"Armadillidiidae is a family of woodlice, a terrestrial crustacean group in the order Isopoda."
Armadillidium,Armadillidium () is a genus of the small terrestrial crustacean known as the woodlouse.
Armageddon,"According to the Book of Revelation in the New Testament of the Christian Bible, Armageddon (; Ancient Greek: Ἁρμαγεδών Harmagedṓn; Late Latin: Armagedōn; from Hebrew: הַר מְגִדּוֹ‎ Har Məgīddō) is the prophesied location of a gathering of armies for a battle during the end times, which is variously interpreted as either a literal or a symbolic location."
Armagnac,"Armagnac (, French: [aʁmaɲak]) is a distinctive kind of brandy produced in the Armagnac region in Gascony, southwest France."
Armenia,"Armenia (  ar-MEE-nee-ə), officially the Republic of Armenia, is a landlocked country in the Armenian Highlands of West Asia."
Armeria,Armeria is a genus of flowering plants.
Armillaria,Armillaria is a genus of fungi that includes the A. mellea species known as honey fungi that live on trees and woody shrubs.
Armin,Armin is an ancient Indo-European forename.
Arminianism,"Arminianism is a movement of Protestantism initiated in the early 17th century, based on the theological ideas of the Dutch Reformed theologian Jacobus Arminius and his historic supporters known as Remonstrants."
Arminius,"Arminius (; 18/17 BC–AD 21) was a chieftain of the Germanic Cherusci tribe who is best known for commanding an alliance of Germanic tribes at the Battle of the Teutoburg Forest in AD 9, in which three Roman legions under the command of general Publius Quinctilius Varus were destroyed."
Armoracia,"Armoracia is a genus of flowering plants of the family Brassicaceae, native to the Palaearctic."
Army,"An army, ground force or land force is an armed force that fights primarily on land."
Arnhem,Arnhem (Dutch: [ˈɑrnɛm]  or [ˈɑr(ə)nɦɛm] ; German: Arnheim; Kleverlandish: Èrnem) is a city and municipality situated in the eastern part of the Netherlands.
Arno,The Arno is a river in the Tuscany region of Italy.
Arnoseris,"Arnoseris is a monotypic genus of flowering plants in the family Asteraceae.The only known species is  Arnoseris minima, native to Europe, Morocco, and the Middle East; naturalized in parts of northeastern North America (Nova Scotia, New Brunswick, Prince Edward Island, Maine, New Hampshire, Pennsylvania, Ohio, Michigan)."
Arrhenatherum,"Arrhenatherum, commonly called oatgrass or button-grass, is a genus of Eurasian and North African plants in the grass family."
Artamidae,"Artamidae is a family of passerine birds found in Australia, the Indo-Pacific region, and Southern Asia."
Artemis,"In ancient Greek religion and mythology, Artemis (; Greek: Ἄρτεμις) is the goddess of the hunt, the wilderness, wild animals, nature, vegetation, childbirth, care of children, and chastity."
Arthropteris,"Arthropteris is a small genus of ferns in family Tectariaceae, according to the Pteridophyte Phylogeny Group classification of 2016 (PPG I)."
Arthur,Arthur is a male given name possibly of Brythonic Celtic origin.
Artocarpus,"Artocarpus is a genus of approximately 60 trees and shrubs of Southeast Asian and Pacific origin, belonging to the mulberry family, Moraceae."
Artois,"Artois ( ar-TWAH, French: [aʁtwɑ]; Dutch: Artesië; Picard: Artoé; English adjective: Artesian) is a region of northern France."
Aruba,"Aruba ( ə-ROO-bə, Dutch: [aːˈrubaː] or [aːˈrybaː] , Papiamento: [aˈruba]), officially known as the Country of Aruba (Dutch: Land Aruba; Papiamento: Pais Aruba), is a constituent country within the Kingdom of the Netherlands, situated in the south of the Caribbean Sea."
Arundinaria,Arundinaria is a genus of bamboo in the grass family the members of which are referred to generally as cane.
Arundo,"Arundo is a genus of stout, perennial plants in the grass family."
Arvicola,The water voles are large voles in the genus Arvicola.
Aryan,"Aryan or Arya (; Indo-Iranian *arya) is a term originally used as an ethnocultural self-designation by Indo-Iranians in ancient times, in contrast to the nearby outsiders known as 'non-Aryan' (*an-arya)."
Asahikawa,"Asahikawa (旭川市, Asahikawa-shi) is a city in Kamikawa Subprefecture, Hokkaido, Japan."
Asanga,"Asaṅga (Sanskrit: असङ्ग, Tibetan: ཐོགས་མེད།, Wylie: thogs med, traditional Chinese: 無著; ; pinyin: Wúzhuó; Romaji: Mujaku) (fl."
Asarum,"Asarum is a genus of plants in the birthwort family Aristolochiaceae, commonly known as wild ginger."
Ascaridia,Ascaridia  is a genus of parasitic nematodes.
Ascaris,"Ascaris is a nematode genus of parasitic worms known as the ""small intestinal roundworms"", which is a type of parasitic worm."
Asclepias,"Asclepias is a genus of herbaceous, perennial, flowering plants known as milkweeds, named for their latex, a milky substance containing cardiac glycosides termed cardenolides, exuded where cells are damaged."
Asclepius,Asclepius (; Greek: Ἀσκληπιός Asklēpiós [asklɛːpiós]; Latin: Aesculapius) is a hero and god of medicine in ancient Greek religion and mythology.
Ascomycota,"Ascomycota is a phylum of the kingdom Fungi that, together with the Basidiomycota, forms the subkingdom Dikarya."
Ascophyllum,"Ascophyllum nodosum is a large, common cold water seaweed or brown alga (Phaeophyceae) in the family Fucaceae."
Asgard,"In Nordic mythology, Asgard (Old Norse: Ásgarðr [ˈɑːsˌɡɑrðz̠]; ""enclosure of the Æsir"") is a location associated with the gods."
Ashir,"Ashir (Persian: اشير, also Romanized as Āshīr) is a village in Kuhestan Rural District, Kelardasht District, Chalus County, Mazandaran Province, Iran."
Ashurbanipal,"Ashurbanipal (Neo-Assyrian cuneiform:  Aššur-bāni-apli, meaning ""Ashur is the creator of the heir"") was the king of the Neo-Assyrian Empire from 669 BC to his death in 631."
Asia,"Asia (  AY-zhə, UK also  AY-shə) is the largest continent in the world by both land area and population."
Asilidae,"The Asilidae are the robber fly family, also called assassin flies."
Asimina,Asimina is a genus of small trees or shrubs described as a genus in 1763.
Asin,"Asin Thottumkal (born 26 October 1985), known mononymously as Asin, is an Indian former actress who appeared predominantly in Tamil, Hindi and Telugu films."
Asio,"Asio is a genus of typical owls, or true owls, in the family Strigidae."
Asmara,"Asmara ( əs-MAHR-ə), or Asmera, is the capital and most populous city of Eritrea, in the country's Central Region."
Aspalathus,Aspalathus is a genus of flowering plants in the family Fabaceae.
Asparagaceae,"Asparagaceae (), known as the asparagus family, is a family of flowering plants, placed in the order Asparagales of the monocots."
Aspergillaceae,The Aspergillaceae are a family of fungi in the order Eurotiales which are commonly known as the blue and green molds.
Aspergillus,Aspergillus () is a genus consisting of several hundred mould species found in various climates worldwide.
Asperula,"Asperula, commonly known as woodruff, is a genus of flowering plants in the family Rubiaceae."
Asphodelaceae,Asphodelaceae is a family of flowering plants in the order Asparagales.
Asphodeline,"Asphodeline is a genus of perennial plants in the family Asphodelaceae, first described as a genus in 1830."
Asphodelus,Asphodelus is a genus of mainly perennial flowering plants in the asphodel family Asphodelaceae that was first described by Carl Linnaeus in 1753.
Aspidelaps,Aspidelaps is a genus of venomous elapid snakes endemic to Africa.
Aspidiotus,Aspidiotus is a genus of armoured scale insects.
Aspidophoroides,Aspidophoroides is a genus of poachers native to the northern Pacific and Atlantic oceans.
Aspis,"An aspis (Ancient Greek: ἀσπίς; pl.: aspides, ἀσπίδες) or porpax shield was the heavy wooden shield used by the infantry in various periods of ancient Greece."
Aspleniaceae,"The Aspleniaceae (spleenworts) are a family of ferns, included in the order Polypodiales."
Asplenium,"Asplenium is a genus of about 700 species of ferns, often treated as the only genus in the family Aspleniaceae, though other authors consider Hymenasplenium separate, based on molecular phylogenetic analysis of DNA sequences, a different chromosome count, and structural differences in the rhizomes."
Assam,"Assam (; Assamese: [ˈɔxɔm] ) is a state in northeastern India, south of the eastern Himalayas along the Brahmaputra and Barak River valleys."
Assault,"An assault is the illegal act of causing physical harm or unwanted physical contact to another person, or, in some legal definitions, the threat or attempt to do so."
Assur,"Aššur (; Sumerian: 𒀭𒊹𒆠 AN.ŠAR2KI, Assyrian cuneiform:  Aš-šurKI, ""City of God Aššur""; Syriac: ܐܫܘܪ Āšūr; Old Persian: 𐎠𐎰𐎢𐎼 Aθur, Persian: آشور Āšūr; Hebrew: אַשּׁוּר ʾAššūr, Arabic: اشور), also known as Ashur and Qal'at Sherqat, was the capital of the Old Assyrian city-state (2025–1364 BC), the Middle Assyrian Empire (1363–912 BC), and for a time, of the Neo-Assyrian Empire (911–609 BC)."
Assyria,"Assyria (Neo-Assyrian cuneiform: , romanized:māt Aššur) was a major ancient Mesopotamian civilization which existed as a city-state from the 21st century BC to the 14th century BC, then to a territorial state, and eventually an empire from the 14th century BC to the 7th century BC.Spanning from the early Bronze Age to the late Iron Age, modern historians typically divide ancient Assyrian history into the Early Assyrian (c."
Assyriology,"Assyriology (from Greek Ἀσσυρίᾱ, Assyriā; and -λογία, -logia), also known as Cuneiform studies or Ancient Near East studies, is the archaeological, anthropological, historical, and linguistic study of the cultures that used cuneiform writing."
Astacidae,"Astacidae is a family of freshwater crayfish native to Europe, western Asia and western North America."
Astacus,"Astacus (from the Greek αστακός, astacós, meaning ""lobster"" or ""crayfish"") is a genus of crayfish found in Europe, comprising three extant (living) species and three extinct fossil species.Due to the crayfish plague, crayfish of this genus have declined in many European regions, being replaced by the invasive North American signal crayfish, which carries the plague but is unaffected by it."
Astana,"Astana (Kazakh: Астана, romanized: Astana, Kazakh pronunciation: [ɑ̝s.tɑ̝.nɑ̝] ), previously known as Akmolinsk, Tselinograd, Akmola, and most recently Nur-Sultan, is the capital city of Kazakhstan."
Astarte,"Astarte (; Ἀστάρτη, Astartē) is the Hellenized form of the Ancient Near Eastern goddess ʿAṯtart."
Asteraceae,"The family Asteraceae (), with the original name Compositae, consists of over 32,000 known species of flowering plants in over 1,900 genera within the order Asterales."
Asteridae,Asteridae is an obsolete botanical name at the rank of subclass.
Astrakhan,"Astrakhan (Russian: Астрахань, IPA: [ˈastrəxənʲ]) is the largest city and administrative centre of Astrakhan Oblast in southern Russia."
Astroloma,Astroloma is a historically recognised genus of about 25 species of flowering plants in the family Ericaceae and endemic to Australia.
Astronium,"Astronium is a genus of flowering plants in the cashew family, Anacardiaceae."
Astrophyton,"Astrophyton muricatum, the giant basket star, is an echinoderm found in shallow parts of the tropical western Atlantic and throughout the Caribbean Sea and the Gulf of Mexico."
Asura,Asuras (Sanskrit: असुर) are a class of beings in Indic religions.
Aswan,"Aswan (, also US: ; Arabic: أسوان, romanized: ʾAswān [ʔɑsˈwɑːn]; Coptic: Ⲥⲟⲩⲁⲛ Souan [swɑn]) is a city in Southern Egypt, and is the capital of the Aswan Governorate."
Atakapa,"The Atakapa  or Atacapa were an Indigenous people of the Southeastern Woodlands, who spoke the Atakapa language and historically lived along the Gulf of Mexico in what is now Texas and Louisiana."
Aten,"Aten also Aton, Atonu, or Itn (Ancient Egyptian: jtn, reconstructed [ˈjaːtin]) was the focus of Atenism, the religious system formally established in ancient Egypt by the late Eighteenth Dynasty pharaoh Akhenaten."
Athena,"Athena or Athene, often given the epithet Pallas, is an ancient Greek goddess associated with wisdom, warfare, and handicraft who was later syncretized with the Roman goddess Minerva."
Athens,"Athens ( ATH-inz; Greek: Αθήνα, romanized: Athína, pronounced [aˈθina] ; Ancient Greek: Ἀθῆναι, romanized: Athênai, pronounced [atʰɛ̂ːnai̯]) is a major coastal urban area in the Mediterranean, and it is both the capital and the largest city of Greece."
Athrotaxis,"Athrotaxis is a genus of two to three species (depending on taxonomic opinion) of conifers in the cypress family, Cupressaceae."
Athyriaceae,The Athyriaceae (ladyferns and allies) are a family of terrestrial ferns in the order Polypodiales.
Athyrium,"Athyrium (lady-fern) is a genus of about 180 species of terrestrial ferns, with a cosmopolitan distribution."
Atlanta,"Atlanta ( at-LAN-tə, or  at-LAN-ə) is the capital and most populous city in the U.S. state of Georgia."
Atlantis,"Atlantis (Ancient Greek: Ἀτλαντὶς νῆσος, romanized: Atlantìs nêsos, lit. 'island of Atlas') is a fictional island mentioned in Plato's works Timaeus and Critias as part of an allegory on the hubris of nations."
Atlas,An atlas is a collection of maps; it is typically a bundle of maps of Earth or of a region of Earth.
Atreus,"In Greek mythology, Atreus ( AY-tri-əs,  AY-trooss; from ἀ-, ""no"" and τρέω, ""tremble"", ""fearless"", Greek: Ἀτρεύς pronounced [atrěu̯s]) was a king of Mycenae in the Peloponnese, the son of Pelops and Hippodamia, and the father of Agamemnon and Menelaus."
Atriplex,"Atriplex () is a plant genus of about 250 species, known by the common names of saltbush and orache (; also spelled orach)."
Atropa,"Atropa is a genus of flowering plants in the nightshade family, Solanaceae: tall, calcicole, herbaceous perennials (rhizomatous hemicryptophytes), bearing large leaves and glossy berries particularly dangerous to children, due to their combination of an attractive, cherry-like appearance with a high toxicity."
Atropos,"Atropos (; Ancient Greek: Ἄτροπος ""without turn"") , in Greek mythology, was one of the three Moirai, goddesses of fate and destiny."
Atsugewi,"The Atsugewi are Native Americans residing in northeastern California, United States."
Attic,An attic (sometimes referred to as a loft) is a space found directly below the pitched roof of a house or other building.
Attica,"Attica (Greek: Αττική, Ancient Greek Attikḗ or Attikī́, Ancient Greek: [atːikɛ̌ː] or Modern: [atiˈci]), or the Attic Peninsula, is a historical region that encompasses the entire Athens metropolitan area, which consists of the city of Athens, the capital of Greece and the core city of the metropolitan area, as well as its surrounding suburban cities and towns."
Attila,"Attila ( ə-TIL-ə or  AT-il-ə; fl. c. 406–453), frequently called Attila the Hun, was the ruler of the Huns from 434 until his death, in March 453."
Attilio,"Attilio, one of the legendary martyrs of the Theban Legion, is venerated as a saint in the area of Trino Vercellese, in Piedmont, north-west Italy and commemorated on 28 June."
Auchincloss,"Auchincloss is a surname of Scottish origin, derived from an area in Ayrshire known as Auchincloich, which is Scottish Gaelic for ""field of stones"" from achadh (""field"") and clach (""stone"").."
Auckland,Auckland ( AWK-lənd; Māori: Tāmaki Makaurau) is a large metropolitan city in the North Island of New Zealand.
Aucuba,"Aucuba is a genus of three to ten species of flowering plants, now placed in the family Garryaceae, although formerly classified in the Aucubaceae or Cornaceae."
Audubon,The National Audubon Society (Audubon; ) is an American non-profit environmental organization dedicated to conservation of birds and their habitats.
Augeas,"In Greek mythology, Augeas (or Augeias, , Greek: Αὐγείας), whose name means ""bright"", was king of Elis and father of Epicaste."
August,August is the eighth month of the year in the Julian and Gregorian calendars.
Augustus,"Gaius Julius Caesar Augustus (born Gaius Octavius; 23 September 63 BC – 19 August AD 14), also known as Octavian (Latin: Octavianus), was the founder of the Roman Empire; he reigned as the first Roman emperor from 27 BC until his death in AD 14."
Aureolaria,"Aureolaria, with the common name false foxgloves, is a genus of 8 species, native to North America.Aureolaria plants are hemiparasitic, which is a character that in part describes the family Orobanchaceae."
Auricularia,Auricularia is a genus of fungi in the family Auriculariaceae.
Auriculariaceae,The Auriculariaceae are a family of fungi in the order Auriculariales.
Auriculariales,The Auriculariales are an order of fungi in the class Agaricomycetes.
Aurora,An aurora (pl.
Aussie,"Aussie is Australian slang for Australian, both the adjective and the noun, and commonly, Aus is for Australia."
Australasia,"Australasia is a subregion of Oceania, comprising Australia, New Zealand and some neighbouring islands in the Pacific Ocean."
Australia,"Australia, officially the Commonwealth of Australia, is a sovereign country comprising the mainland of the Australian continent, the island of Tasmania, and numerous smaller islands."
Australopithecus,"Australopithecus (, OS-trə-lə-PITH-i-kəs; from Latin  australis 'southern', and Ancient Greek  πίθηκος (pithekos) 'ape') is a genus of early hominins that existed in Africa during the Pliocene and Early Pleistocene."
Austria,"Austria (Austrian German: Österreich), formally the Republic of Austria (Austrian German: Republik Österreich), is a landlocked country in Central Europe, lying in the Eastern Alps."
Austrocedrus,Austrocedrus is a genus of conifer belonging to the cypress family (Cupressaceae).
Austrotaxus,"Austrotaxus spicata, the New Caledonia yew or southern yew, is a species of yew, the sole species in the genus Austrotaxus."
Automeris,Automeris is a genus of moths in the family Saturniidae and the subfamily Hemileucinae.
Auvergne,Auvergne (; French: [ovɛʁɲ] ; Occitan: Auvèrnhe or Auvèrnha) is a cultural region in central France.
Avena,Avena is a genus of Eurasian and African plants in the grass family.
Averrhoa,"Averrhoa is a genus of trees in the family Oxalidaceae, of the order Oxalidales, named after Averroes, a 12th-century astronomer and philosopher from Al-Andalus."
Averroes,"Ibn Rushd (Arabic: ابن رشد; full name in Arabic: أبو الوليد محمد ابن احمد ابن رشد, romanized: Abū l-Walīd Muḥammad Ibn ʾAḥmad Ibn Rušd; 14 April 1126 – 11 December 1198), often Latinized as Averroes (English: ), was an Andalusian polymath and jurist who wrote about many subjects, including philosophy, theology, medicine, astronomy, physics, psychology, mathematics, Islamic jurisprudence and law, and linguistics."
Avesta,"The Avesta () is the primary collection of religious texts of Zoroastrianism, composed in the Avestan language.The Avesta texts fall into several different categories, arranged either by dialect, or by usage."
Avestan,Avestan ( ə-VESS-tən) is an umbrella term for two Old Iranian languages: Old Avestan (spoken in the 2nd to 1st millennium BCE) and Younger Avestan (spoken in the 1st millennium BCE).
Avicenna,"Ibn Sina (Arabic: اِبْن سِینَا, romanized: Ibn Sīnā; 980 – June 1037 CE), commonly known in the West as Avicenna (), was the preeminent philosopher and physician of the Muslim world, flourishing during the Islamic Golden Age, serving in the courts of various Iranian rulers."
Avicennia,"Avicennia is a genus of flowering plants currently placed in the bear's breeches family, Acanthaceae."
Avignon,"Avignon (, US also , French: [aviɲɔ̃] ; Provençal: Avinhon (Classical norm) or Avignoun (Mistralian norm), IPA: [aviˈɲun]; Latin: Avenio) is the prefecture of the Vaucluse department in the Provence-Alpes-Côte d'Azur region of southeastern France."
Ayr,"Ayr ( AIR; Scots: Ayr; Scottish Gaelic: Inbhir Àir, ""Mouth of the River Ayr"") is a town situated on the southwest coast of Scotland."
Ayrshire,"Ayrshire (Scottish Gaelic: Siorrachd Inbhir Àir, pronounced [ˈʃirˠəxk iɲiˈɾʲaːɾʲ]) is a historic county and registration county, in south-west Scotland, located on the shores of the Firth of Clyde."
Aythya,Aythya is a genus of diving ducks.
Ayurveda,Ayurveda () is an alternative medicine system with historical roots in the Indian subcontinent.
Azadirachta,Azadirachta is a genus of two species of trees in the mahogany family Meliaceae.
Azerbaijan,"Azerbaijan (UK:   AZ-ər-by-JAHN, -⁠JAN, US:  AH-zər-by-JAHN, AZ-; Azerbaijani: Azərbaycan, [ɑːzæɾbɑjˈdʒɑn]), officially the Republic of Azerbaijan, is a transcontinental country located at the boundary of Eastern Europe and West Asia."
Azolla,"Azolla (mosquito fern, duckweed fern, fairy moss, water fern) is a genus of seven species of aquatic ferns in the family Salviniaceae."
Azores,"The Azores ( ə-ZORZ, US also , AY-zorz; Portuguese: Açores, Portuguese pronunciation: [ɐˈsoɾɨʃ]), officially the Autonomous Region of the Azores (Região Autónoma dos Açores), is one of the two autonomous regions of Portugal (along with Madeira)."
BASIC,"BASIC (Beginners' All-purpose Symbolic Instruction Code) is a family of general-purpose, high-level programming languages designed for ease of use."
BLT,"A BLT is a type of sandwich, named for the initials of its primary ingredients, bacon, lettuce, and tomato."
BVD,"BVD is a brand of men's underwear, which are commonly referred to as ""BVDs""."
Baal,"Baal (), or Baʻal (Hebrew: בַּעַל baʿal), was a title and honorific meaning 'owner', 'lord' in the Northwest Semitic languages spoken in the Levant during antiquity."
Babar,"Babar (Urdu:  بابر ), also variously spelled as Baber, Babur, and Babor is a male given name of Pashto, and Persian origin, and a popular male given name in Pakistan."
Babesiidae,Babesiidae is a family of protists belonging to the order Piroplasmida.Genera:
Babylon,"Babylon was an ancient city located on the lower Euphrates river in southern Mesopotamia, within modern-day Iraq."
Babylonia,"Babylonia (; Akkadian: 𒆳𒆍𒀭𒊏𒆠, māt Akkadī) was an ancient Akkadian-speaking state and cultural area based in the city of Babylon in central-southern Mesopotamia (present-day Iraq and parts of Syria and Iran)."
Bacchanalia,"The Bacchanalia were unofficial, privately funded popular Roman festivals of Bacchus, based on various ecstatic elements of the Greek Dionysia."
Baccharis,Baccharis  is a genus of perennials and shrubs in the aster family (Asteraceae).
Bacillaceae,"The Bacillaceae are a family of gram-positive, heterotrophic, rod-shaped bacteria that may produce endospores."
Bacon,"Bacon is a type of salt-cured pork made from various cuts, typically the belly or less fatty parts of the back."
Bacteroidaceae,The Bacteroidaceae are a family of environmental gram-negative bacteria commonly found in the human gut microbiota.
Bacteroides,"Bacteroides is a genus of Gram-negative, obligate anaerobic bacteria."
Badger,"Badgers are short-legged omnivores in the family Mustelidae (which also includes the otters, wolverines, martens, minks, polecats, weasels, and ferrets)."
Badlands,Badlands are a type of dry terrain where softer sedimentary rocks and clay-rich soils have been extensively eroded.
Baedeker,"Verlag Karl Baedeker, founded by Karl Baedeker on 1 July 1827, is a German publisher and pioneer in the business of worldwide travel guides."
Baghdad,Baghdad (  BAG-dad or  bəg-DAD; Arabic: بَغدَاد [baɣˈdaːd] ) is the capital of Iraq and the second-largest city in the Arab world after Cairo.
Bahrain,"Bahrain (  bah-RAYN, ; Arabic: البحرين, romanized: al-Baḥrayn, locally [æl baħˈreːn] ), officially the Kingdom of Bahrain, is an island country in West Asia."
Baiomys,Baiomys is the genus of New World pygmy mice.
Bairdiella,"Bairdiella is a genus of marine ray-finned fishes belonging to the family Sciaenidae, the drums and croakers."
Bairiki,"The town of Bairiki, which is located in South Tarawa, Kiribati, is crucial to the country's political and administrative structure."
Bakelite,"Bakelite ( BAY-kə-lyte), formally poly­oxy­benzyl­methylene­glycol­anhydride, is a thermosetting phenol formaldehyde resin, formed from a condensation reaction of phenol with formaldehyde."
Baku,"Baku (US: , UK: ; Azerbaijani: Bakı [bɑˈcɯ] ) is the capital and largest city of Azerbaijan, as well as the largest city on the Caspian Sea and in the Caucasus region."
Balaena,Balaena is a genus of cetacean (whale) in the family Balaenidae.
Balaenicipitidae,"Balaenicipitidae is a family of birds in the order Pelecaniformes, although it was traditionally placed in Ciconiiformes."
Balaenidae,"Balaenidae () is a family of whales of the parvorder Mysticeti (baleen whales) that contains mostly fossil taxa and two living genera: the right whale (genus Eubalaena), and the closely related bowhead whale (genus Balaena)."
Balaenoptera,"Balaenoptera (from Latin  balaena 'whale', and Ancient Greek  πτερά (pterá) 'fin') is a genus of rorquals containing eight extant species."
Balanidae,The Balanidae comprise a family of barnacles of the order Balanomorpha.
Balanus,Balanus is a genus of barnacles in the family Balanidae of the subphylum Crustacea.
Balarama,"Balarama (Sanskrit: बलराम, IAST: Balarāma) is a Hindu god."
Baldr,"Baldr (Old Norse: [ˈbɑldz̠]; also Balder, Baldur) is a god in Germanic mythology."
Balenciaga,"Balenciaga SA ( bə-LEN-see-AH-gə) is luxury fashion house founded in 1919 by the Spanish couturier Cristóbal Balenciaga in San Sebastian, Spain."
Bali,Bali (; Balinese: ᬩᬮᬶ) is a province of Indonesia and the westernmost of the Lesser Sunda Islands.
Balistes,Balistes is a genus of triggerfish.
Balkans,"The Balkans ( BAWL-kənz), corresponding partially with the Balkan Peninsula, is a geographical area in southeastern Europe with various geographical and historical definitions."
Ball,"A ball is a round object (usually spherical, but can sometimes be ovoid) with several uses."
Ballistite,"Ballistite is a smokeless propellant made from two high explosives, nitrocellulose and nitroglycerine."
Ballota,Ballota (horehound) is a genus of flowering evergreen perennial plants and subshrubs in the family Lamiaceae.
Balsaminaceae,"The Balsaminaceae (commonly known as the balsam family) are a family of dicotyledonous plants, comprising two genera: Impatiens, which consists of over 1000 species, and Hydrocera, consisting of 1 species."
Balsamorhiza,Balsamorhiza is a genus of plants in the family Asteraceae known commonly as balsamroots.
Baltimore,"Baltimore ( BAWL-tim-or, locally:  BAWL-dih-MOR or  BAWL-mər) is the most populous city in the U.S. state of Maryland."
Bamako,"Bamako (Bambara: ߓߡߊ߬ߞߐ߬ Bàmakɔ̌, Fula: 𞤄𞤢𞤥𞤢𞤳𞤮 Bamako) is the capital and largest city of Mali, with a 2022 population of 4,227,569."
Bambusa,Bambusa is a large genus of clumping bamboos.
Bambuseae,The Bambuseae are the most diverse tribe of bamboos in the grass family (Poaceae).
Bandung,"Bandung (Sundanese: ᮊᮧᮒ ᮘᮔ᮪ᮓᮥᮀ, romanized: Kota Bandung, pronounced [ˈbandʊŋ]; , Van Ophuijsen Spelling: Bandoeng) is the capital city of the West Java province of Indonesia."
Bangalore,"Bangalore ( BANG-gə-lor, -⁠LOR), officially Bengaluru (Kannada pronunciation: [ˈbeŋgɐɭuːɾu] ), is the capital and largest city of the southern Indian state of Karnataka."
Bangiaceae,Bangiaceae is a family of red algae in the order Bangiales.
Bangkok,"Bangkok, officially known in Thai as Krung Thep Maha Nakhon and colloquially as Krung Thep, is the capital and most populous city of Thailand."
Bangladesh,"Bangladesh (Bengali: বাংলাদেশ [ˈbaŋlaˌdeʃ] ), officially the People's Republic of Bangladesh, is a country in South Asia."
Bangui,"Bangui (French pronunciation: [bɑ̃ɡi]; or Bangî in Sango, formerly written Bangi in English) is the capital and largest city of the Central African Republic."
Banjul,"Banjul (UK: , US: ), officially the City of Banjul, is the capital and fourth largest city of The Gambia."
Bankia,"Bankia (Spanish pronunciation: [ˈbaŋkja]) was a Spanish financial services company that was formed in December 2010, consolidating the operations of seven regional savings banks, and was partially nationalized by the government of Spain in May 2012 due to the near-collapse of the institution."
Bannockburn,Bannockburn (Scottish Gaelic Allt a' Bhonnaich) is an area immediately south of the centre of Stirling in Scotland.
Banting,"Banting is a town and the seat of Kuala Langat District, Selangor, Malaysia."
Baphia,Baphia is a small genus of legumes that bear simple leaves.
Baptisia,"Baptisia (wild indigo, false indigo) is a genus in the legume family, Fabaceae."
Baptists,"Baptists form a major branch of evangelical Protestantism distinguished by baptizing only professing Christian believers (believer's baptism), and doing so by complete immersion."
Barbados,"Barbados (UK:  bar-BAY-doss; US:  bar-BAY-dohss; locally  bər-BAY-dəss) is an island country in the Lesser Antilles of the West Indies, in the Caribbean region of North America, and is the most easterly of the Caribbean islands."
Barbarea,"Barbarea (winter cress or yellow rocket) is a genus of about 22 species of flowering plants in the family Brassicaceae, native to temperate regions of the Northern Hemisphere, with the highest species diversity in southern Europe and southwest Asia."
Barber,"A barber is a person whose occupation is mainly to cut, dress, groom, style and shave hair or beards."
Barbuda,Barbuda () is an island located in the eastern Caribbean forming part of the twin-island state of Antigua and Barbuda as an autonomous entity.
Barcelona,"Barcelona (  BAR-sə-LOH-nə, Catalan: [bəɾsəˈlonə] , Spanish: [baɾθeˈlona] ) is a city on the northeastern coast of Spain."
Bardeen,Bardeen may refer to:
Bari,"Bari ( BAR-ee, Italian: [ˈbaːri] ; Barese: Bare [ˈbæːrə]; Latin: Barium) is the capital city of the Metropolitan City of Bari and of the Apulia region, on the Adriatic Sea, southern Italy."
Barish,"Barish  (Arabic: باريش)  is a local authority in Southern Lebanon, located in Tyre District, Governorate of South Lebanon."
Baroque,"The Baroque (UK: , US: ; French: [baʁɔk]) or Baroquism is a Western style of architecture, music, dance, painting, sculpture, poetry, and other arts that flourished from the early 17th century until the 1750s."
Barranquilla,Barranquilla (Latin American Spanish pronunciation: [baraŋˈkiʝa] ) is the capital district of the Atlántico department in Colombia.
Barrie,"Barrie is a city in Central Ontario, Canada, about 90 kilometres (56 mi) north of Toronto."
Barrymore,Barrymore is a surname.
Bart,"Bart is a masculine given name, usually a diminutive of Bartholomew, but sometimes of Barton, Bartolomeo, etc."
Barthelme,Barthelme is a surname.
Bartholdi,Bartholdi is a surname.
Baryshnikov,"Baryshnikov (masculine, Russian: Барышников) or Baryshnikova (feminine, Russian: Барышниковa) is a Russian surname."
Basel,"Basel ( BAH-zəl, German: [ˈbaːzl̩] ), also known as Basle ( BAHL), is a city in northwestern Switzerland on the river Rhine."
Basia,"Barbara Stanisława Trzetrzelewska (Polish: [ˈbaɕa tʂɛtʂɛˈlɛfska] , born 30 September 1954), better known by the mononym Basia, is a Polish singer-songwriter and recording artist noted for her Latin-inspired jazz-pop music."
Basidiomycota,"Basidiomycota () is one of two large divisions that, together with the Ascomycota, constitute the subkingdom Dikarya (often referred to as the ""higher fungi"") within the kingdom Fungi."
Basil,"Basil (, also US: ; Ocimum basilicum ), also called great basil, is a culinary herb of the family Lamiaceae (mints)."
Basilicata,"Basilicata (UK: , US: , Italian: [baziliˈkaːta]), also known by its ancient name Lucania (, US also , Italian: [luˈkaːnja]), is an administrative region in Southern Italy, bordering on Campania to the west, Apulia to the north and east, and Calabria to the south."
Basiliscus,"Basiliscus (Greek: Βασιλίσκος, translit."
Basra,"Basra (Arabic: ٱلْبَصْرَة, romanized: al-Baṣrah) is a city in southern Iraq located on the Shatt al-Arab."
Bassariscus,Bassariscus is a genus in the family Procyonidae.
Basseterre,"Basseterre (; Saint Kitts Creole: Basterre) is the capital and largest city of Saint Kitts and Nevis with an estimated population of 14,000 in 2018."
Bassia,Bassia is a genus of flowering plants in the family Amaranthaceae.
Bastille,"The Bastille (, French: [bastij] ) was a fortress in Paris, known formally as the Bastille Saint-Antoine."
Basutoland,"Basutoland was a British Crown colony that existed from 1884 to 1966 in present-day Lesotho, bordered with the Cape Colony, Natal Colony and Orange River Colony until 1910 and completely surrounded by South Africa from 1910."
Bataan,"Bataan (, ), officially the Province of Bataan (Filipino: Lalawigan ng Bataan IPA: [bɐtɐˈʔan]), is a province in the Central Luzon region of the Philippines."
Bathsheba,"Bathsheba ( or ; Hebrew: בַּת־שֶׁבַע, Baṯ-šeḇaʿ, Bat-Sheva or Batsheva,  ""daughter of Sheba"" or ""daughter of the oath"") was the wife of Uriah the Hittite and later of David, according to the Hebrew Bible."
Bathyergus,Bathyergus is the genus of dune mole-rats endemic to South Africa.
Batrachia,"The Batrachia  are a clade of amphibians that includes frogs and salamanders, but not caecilians nor the extinct allocaudates."
Batrachoididae,Batrachoididae  is the only family in the ray-finned fish order Batrachoidiformes .
Bauhaus,"The Staatliches Bauhaus (German: [ˈʃtaːtlɪçəs ˈbaʊˌhaʊs] ), commonly known as the Bauhaus (German for 'building house'), was a German art school operational from 1919 to 1933 that combined crafts and the fine arts."
Bauhinia,"Bauhinia () is a large genus of flowering plants in the subfamily Cercidoideae and tribe Bauhinieae, in the large flowering plant family Fabaceae, with a pantropical distribution."
Baum,"Baum is a German surname meaning ""tree"" (not to be confused with the French surname Baume)."
Bavaria,"Bavaria ( bə-VAIR-ee-ə; German: Bayern [ˈbaɪɐn] ), officially the Free State of Bavaria (German: Freistaat Bayern [ˈfʁaɪʃtaːt ˈbaɪɐn] ; Bavarian: Freistoot Bayern), is a state in the south-east of Germany."
Bayer,"Bayer AG (, commonly pronounced ; German: [ˈbaɪɐ]) is a German multinational pharmaceutical and biotechnology company and is one of the largest pharmaceutical companies and biomedical companies in the world."
Bayes,Bayes is the surname of:
Bayonne,Bayonne (French: [bajɔn] ; Basque: Baiona [bai.ona]; Gascon: Baiona [baˈjunɔ]; Spanish: Bayona) is a city in Southwestern France near the Spanish border.
Beadle,"A beadle, sometimes spelled bedel, is an official who may usher, keep order, make reports, and assist in religious functions; or a minor official who carries out various civil, educational or ceremonial duties on the manor."
Beaujolais,"Beaujolais ( BOH-zhə-LAY, French: [boʒɔlɛ]) is a French Appellation d'Origine Contrôlée (AOC) wine generally made of the Gamay grape, which has a thin skin and is low in tannins."
Beaumontia,Beaumontia  is a small genus of evergreen woody vines in the milkweed family.
Beaver,"Beavers (genus Castor) are large, semiaquatic rodents of the Northern Hemisphere."
Becket,"Becket or The Honour of God (French: Becket ou l'honneur de Dieu), often shortened to Becket, is a 1959 stage play written in French by Jean Anouilh."
Beckett,Beckett is an English surname.
Becquerel,The becquerel (; symbol: Bq) is the unit of radioactivity in the International System of Units (SI).
Bede,"Bede (; Old English: Bēda [ˈbeːdɑ]; 672/3 – 26 May 735), also known as Saint Bede, The Venerable Bede, and Bede the Venerable (Latin: Beda Venerabilis), was an English monk and an author and scholar."
Bedouin,"The Bedouin, Beduin, or Bedu (; Arabic: بَدْو, romanized: badū, singular بَدَوِي badawī) are pastorally nomadic Arab tribes who have historically inhabited the desert regions in the Arabian Peninsula, North Africa, the Levant, and Mesopotamia."
Beelzebub,"Baʿal Zebub or Beelzebub ( bee-EL-zə-bub, BEEL-; Hebrew: בַּעַל-זְבוּב‎ Baʿal-zəḇūḇ), also spelled Beelzebul or Belzebuth, and occasionally known as the Lord of the Flies, is a name derived from a Philistine god, formerly worshipped in Ekron, and later adopted by some Abrahamic religions as a major demon."
Beerbohm,Beerbohm is a surname.
Begoniaceae,Begoniaceae is a family of flowering plants with two genera and about 2040 species occurring in the subtropics and tropics of both the New World and Old World.
Behrens,Behrens is a surname of Germanic origin.
Beijing,"Beijing ( bay-JING, Chinese: 北京; pinyin: Běijīng; Mandarin pronunciation: [pèɪ.tɕíŋ] ), alternatively romanized as Peking ( pee-KING), is the capital of the People's Republic of China."
Beirut,"Beirut ( bay-ROOT; Arabic: بيروت, romanized: ) is the capital and largest city of Lebanon."
Belarus,"Belarus, officially the Republic of Belarus, is a landlocked country in Eastern Europe."
Belemnoidea,"Belemnoids are an extinct group of marine cephalopod, very similar in many ways to the modern squid."
Belfast,"Belfast (  BEL-fast,  -⁠fahst; from Irish: Béal Feirste [bʲeːlˠ ˈfʲɛɾˠ(ə)ʃtʲə], meaning ""mouth of the sand-bank ford"") is the capital and largest city of Northern Ireland, standing on the banks of the River Lagan and connected to the open seas through Belfast Lough and the North Channel."
Belgium,"Belgium, officially the Kingdom of Belgium, is a country in Northwestern Europe."
Belgrade,"Belgrade ( bel-GRAYD,  BEL-grayd; Serbian: Београд / Beograd, lit. 'White City', pronounced [beǒɡrad] ; names in other languages) is the capital and largest city of Serbia."
Belisarius,"Belisarius (Latin pronunciation: [bɛ.lɪˈsaː.ri.ʊs]; Greek: Βελισάριος; c. 500 – 565) was a military commander of the Byzantine Empire under the emperor Justinian I. He was instrumental in the reconquest of much of the Mediterranean territory belonging to the former Western Roman Empire, which had been lost less than a century prior."
Belize,"Belize ( , bih-LEEZ, beh-; Belize Kriol English: Bileez) is a country on the north-eastern coast of Central America."
Bell,A bell is a directly struck idiophone percussion instrument.
Bellarmino,Bellarmino is both a surname and a given name.
Bellerophon,Bellerophon or Bellerophontes (Ancient Greek: Βελλεροφόν; Βελλεροφόντης; lit.
Bellini,"Bellini is an Italian surname, formed as a patronymic or plural form of Bellino."
Bellis,"Bellis () is a genus of flowering plants in the family Asteraceae.The group is native to Europe, the Mediterranean and northern Africa."
Belloc,Belloc (French pronunciation: [bɛlɔk]; Occitan: Bèllòc) is a commune in the Ariège department of southwestern France.
Belostomatidae,"Belostomatidae is a family of freshwater hemipteran insects known as giant water bugs or colloquially as toe-biters, Indian toe-biters, electric-light bugs, alligator ticks, or alligator fleas (in Florida)."
Belshazzar,"Belshazzar (Babylonian cuneiform:   Bēl-šar-uṣur, meaning ""Bel, protect the king""; Hebrew: בֵּלְשַׁאצַּר‎ Bēlšaʾṣṣar) was the son and crown prince of Nabonidus (r. 556–539 BC), the last king of the Neo-Babylonian Empire."
Bemisia,Bemisia is a genus of whitefly in the family Aleyrodidae.
Benadryl,"Benadryl is a brand of various antihistamine medications used to stop allergies, whose content varies in different countries, but which includes some combination of diphenhydramine, acrivastine, and/or cetirizine."
Benchley,Benchley is a surname.
Benelux,"The Benelux Union (Dutch: Benelux Unie; French: Union Benelux; Luxembourgish: Benelux-Unioun) or Benelux is a politico-economic union and formal international intergovernmental cooperation of three neighbouring states in western Europe: Belgium, the Netherlands, and Luxembourg."
Bengal,"Bengal ( ben-GAWL; Bengali: বাংলা/বঙ্গ, romanized: Bangla/Bôngô, pronounced [ˈbɔŋgo] ) is a historical geographical, ethnolinguistic and cultural term referring to a region in the eastern part of the Indian subcontinent at the apex of the Bay of Bengal."
Benghazi,Benghazi () (lit.
Benin,"Benin (  ben-EEN,  bin-EEN; French: Bénin [benɛ̃] , Fon: Benɛ, Fula: Benen), officially the Republic of Benin (French: République du Bénin), and formerly Dahomey, is a country in West Africa."
Benjamin,"Benjamin (Hebrew: בִּנְיָמִין‎ Bīnyāmīn; ""Son of (the) right"") was the last of the two sons of Jacob and Rachel (i.e., Jacob's thirteenth child and twelfth and youngest son) in Jewish, Christian and Islamic tradition."
Bennettitales,Bennettitales (also known as cycadeoids) is an extinct order of seed plants that first appeared in the Permian period and became extinct in most areas toward the end of the Cretaceous.
Benny,"Benny or Bennie is a given name or a shortened version of the given name Benjamin or, less commonly, Benedict, Bennett, Benito, Benson, Bernice, Ebenezer or Bernard."
Beowulf,"Beowulf (; Old English: Bēowulf [ˈbeːowuɫf]) is an Old English epic poem in the tradition of Germanic heroic legend consisting of 3,182 alliterative lines."
Berberidaceae,The Berberidaceae are a family of 18 genera of flowering plants commonly called the barberry family.
Berberis,"Berberis (), commonly known as barberry, is a large genus of deciduous and evergreen shrubs from 1–5 m (3.3–16.4 ft) tall, found throughout temperate and subtropical regions of the world (apart from Australia)."
Berbers,"Berbers (Arabic: بربر) or the Berber peoples, also called by their contemporary self-name Amazigh () or Imazighen (Berber languages: ⵉⵎⴰⵣⵉⵖⵏ, ⵎⵣⵗⵏ, romanized: Imaziɣen; singular: Amaziɣ, ⴰⵎⴰⵣⵉⵖ ⵎⵣⵗ; Arabic: أمازيغ), are a diverse grouping of distinct ethnic groups indigenous to North Africa who predate the arrival of Arabs in the Arab migrations to the Maghreb."
Bercy,"Bercy (French pronunciation: [bɛʁsi]) is a neighbourhood in the 12th arrondissement of Paris, France, the city's 47th administrative neighbourhood."
Bergen,"Bergen (Norwegian pronunciation: [ˈbæ̀rɡn̩] ), historically Bjørgvin, is a city and municipality in Vestland county on the west coast of Norway."
Bergman,"Bergman is a surname of German, Swedish, Dutch and Yiddish origin meaning 'mountain man', or sometimes (only in German) 'miner'."
Berkshire,"The Royal County of Berkshire, commonly known as simply Berkshire (  BARK-sheer, -⁠shər; abbreviated Berks.), is a ceremonial county in South East England."
Berkshires,The Berkshires (locally ) are a highland region located in western Massachusetts and northwestern Connecticut in the United States.
Berlin,"Berlin ( bur-LIN, German: [bɛʁˈliːn] ) is the capital and largest city of Germany by both area and population."
Bermuda,Bermuda (; historically known as Las Bermudas or Las Islas Bermudas) is a British Overseas Territory in the North Atlantic Ocean.
Bern,"Bern (Swiss Standard German: [bɛrn] , German: [bɛʁn]), or Berne (French: [bɛʁn] ), is the de facto capital of Switzerland, referred to as the ""federal city""."
Bernard,Bernard (Bernhard) is a French and West Germanic masculine given name.
Bernhardt,"Bernhardt is both a given name and a surname, deriving from multiple languages, such as German."
Bernstein,"Bernstein is a common surname in the German language, meaning ""amber"" (literally ""burn stone"")."
Berra,"Berra (Ferrarese: La Bèra) is a comune (municipality) in the Province of Ferrara in the Italian region Emilia-Romagna, located about 70 kilometres (43 mi) northeast of Bologna and about 30 kilometres (19 mi) northeast of Ferrara."
Berry,"A berry is a small, pulpy, and often edible fruit."
Berteroa,"Berteroa, the false madworts, is a genus of flowering plants of the family Brassicaceae, native to temperate Eurasia."
Bertillon,Bertillon is a French surname.
Bessera,Bessera is a genus of Mexican plants in the cluster lily subfamily within the asparagus family.
Beta,"Beta (UK: , US: ; uppercase Β, lowercase β, or cursive ϐ; Ancient Greek: βῆτα, romanized: bē̂ta or Greek: βήτα, romanized: víta) is the second letter of the Greek alphabet."
Betelgeuse,Betelgeuse is a red supergiant star of spectral type M1-2 and one of the largest visible to the naked eye.
Bethe,"The House of Betha or  Bethe is a cadet branch of the Anjou, and thus descendants of the House of France."
Bethlehem,"Bethlehem (; Arabic: بيت لحم, Bayt Laḥm, ; Hebrew: בֵּית לֶחֶם Bēṯ Leḥem) is a city in the Israeli-occupied West Bank, Palestine, located about 10 kilometres (6.2 mi) south of Jerusalem."
Betulaceae,"Betulaceae, the birch family, includes six genera of deciduous nut-bearing trees and shrubs, including the birches, alders, hazels, hornbeams, hazel-hornbeam, and hop-hornbeams numbering a total of 167 species."
Beveridge,Beveridge is a Scottish surname.
Bhadon,"Bhādõ (Shahmukhi: بھادوں; Gurmukhi: ਭਾਦੋਂ, Punjabi pronunciation: [pàːdːõː]) is the sixth month of the Nanakshahi calendar and Punjabi calendar."
Bhaga,"Bhaga is the Vedic god of wealth, as well as a term for ""lord, patron"" and ""wealth, prosperity""."
Bhutan,"Bhutan (  boo-TAHN; Dzongkha: འབྲུག་ཡུལ་, romanized: Druk Yul [ʈuk̚˩.yː˩]), officially the Kingdom of Bhutan (Dzongkha: འབྲུག་རྒྱལ་ཁབ་, romanized: Druk Gyal Khap), is a landlocked South Asian country situated in the Eastern Himalayas, between China in the north and India in the south."
Bible,"The Bible (from Koine Greek τὰ βιβλία, tà biblía, 'the books') is a collection of religious texts or scriptures, some, all, or a variant of which, are held to be sacred in Christianity, Judaism, Samaritanism, Islam, Baha'i'ism and many other religions."
Bida,"Bida is a Local Government Area in Niger State, Nigeria and a city on the A124 highway which occupies most of the area.The LGA has an area of 51 km2 (20 sq mi) and a population of 188,181 at the 2006 census."
Bidens,"Bidens is a genus of flowering plants in the aster family, Asteraceae."
Bierce,Bierce is a surname.
Bigfoot,"Bigfoot, also commonly referred to as Sasquatch, is a large and hairy human-like mythical creature alleged by some to inhabit forests in North America, particularly in the Pacific Northwest."
Bignonia,Bignonia is a genus of flowering plants in the family Bignoniaceae.
Bignoniaceae,Bignoniaceae () is a family of flowering plants in the order Lamiales commonly known as the bignonias or trumpet vines.
Bihar,Bihar (; Hindi pronunciation: [bɪˈɦaːr] ) is a state in eastern India.
Bikini,"A bikini is a two-piece swimsuit primarily worn by girls and women that features one piece on top that covers the breasts, and a second piece on the bottom: the front covering the pelvis but usually exposing the navel, and the back generally covering the intergluteal cleft and a little, some, or all of the buttocks."
Binet,"Binet is surname of French origin, shared by the following people:

Alfred Binet, a 19th-century French psychologist and inventor of the first usable intelligence test
The Stanford-Binet IQ test is partially named after Alfred Binet
Charles Henri Joseph Binet (1869–1936), Catholic archbishop and Cardinal from France."
Bioko,"Bioko (; historically Fernando Po; Bube: Ëtulá a Ëri) is an island 32 km (20 mi) south of the coast of Cameroon, and 160 km (99 mi) north east of the northernmost part of mainland Equatorial Guinea."
Birmingham,Birmingham (  BUR-ming-əm) is a city and metropolitan borough in the metropolitan county of West Midlands in England.
Biscutella,"Biscutella is a genus of about 46 species of flowering plants in the family Brassicaceae, according to Appel, O. & Al-Shehbaz, I.  2003.It contains the following species:"
Bishkek,"Bishkek (Kyrgyz: Бишкек, IPA: [biʃˈkek]; Russian: Бишкек), formerly Pishpek and Frunze, is the capital and largest city of Kyrgyzstan."
Bissau,Bissau (Portuguese pronunciation: [biˈsaw]) is the capital and largest city of Guinea-Bissau.
Bithynia,"Bithynia (; Koinē Greek: Βιθυνία, romanized: Bithynía) was an ancient region, kingdom and Roman province in the northwest of Asia Minor (present-day Turkey), adjoining the Sea of Marmara, the Bosporus, and the Black Sea."
Bitis,Bitis is a genus of venomous vipers found in Africa and the southern Arabian Peninsula.
Bivalvia,"Bivalvia (), in previous centuries referred to as the Lamellibranchiata and Pelecypoda, is a class of marine and freshwater molluscs that have laterally compressed bodies enclosed by a shell consisting of two hinged parts."
Blaberus,Blaberus is a genus of cockroaches native to the Neotropics found in the Americas.
Black,Black is a color that results from the absence or complete absorption of visible light.
Blackbeard,"Edward Teach (alternatively spelled Edward Thatch, c. 1680 – 22 November 1718), better known as Blackbeard, was an English pirate who operated around the West Indies and the eastern coast of Britain's North American colonies."
Blackburn,"Blackburn ( ) is an industrial town and the administrative centre of the Blackburn with Darwen borough in Lancashire, England."
Blackpool,"Blackpool is a seaside resort town in Lancashire, England."
Blair,Blair is a Scots-English-language name of Scottish Gaelic origin.
Blandfordia,"Blandfordia, commonly known as Christmas bells, is a genus of four species of flowering plants native to eastern Australia."
Blantyre,"Blantyre (UK:  ) is Malawi's centre of finance and commerce, and its second largest city, with an enumerated 800,264 inhabitants as of 2018."
Blarina,"The genus Blarina, commonly called short-tailed shrews, is a genus of relatively large shrews with relatively short tails found in North America."
Blastocladia,Blastocladia is a genus of aquatic fungi.
Blastomyces,Blastomyces is a genus of fungi in the order Onygenales.
Blatta,Blatta is a genus of cockroaches.
Blattella,Blattella is a genus of cosmopolitan and wild cockroaches in the family Ectobiidae.
Blattidae,Blattidae is a cockroach family in the order Blattodea containing several of the most common household cockroaches.
Blattodea,Blattodea is an order of insects that contains cockroaches and termites.
Blechnaceae,"Blechnaceae is a family of ferns in the order Polypodiales, with a cosmopolitan distribution."
Blechnum,"Blechnum, known as hard fern, is a genus of ferns in the family Blechnaceae, subfamily Blechnoideae, according to the Pteridophyte Phylogeny Group classification of 2016 (PPG I)."
Blennius,Blennius is a genus of combtooth blennies in the family Blenniidae.
Blephilia,"Blephilia, the pagoda plant or wood mint, is a genus of four species of flowering plants in the family Lamiaceae."
Bletilla,"Bletilla, common name urn orchid, is a temperate, terrestrial genus of orchids containing five currently recognized species distributed through China, Japan, Taiwan, south to Vietnam, Thailand and Myanmar."
Blida,"Blida (Arabic: البليدة; romanized: al-bulaydah, locally lblida,Tamazight: Leblida) is a city in Algeria."
Blighia,"Blighia is a genus of three species of flowering plants in the soapberry family, Sapindaceae."
Blighty,"""Blighty"" is a British English slang term for Great Britain, or often specifically England."
Blimp,"A blimp, or non-rigid airship, is an airship (dirigible) without an internal structural framework or a keel."
Blissus,"Blissus is a genus in the true bug family Blissidae, commonly called chinch bugs in North America."
Blitzstein,"Blitzstein (German: ""lightning stone"") is an Ashkenazi surname."
Bloch,Bloch is a surname of German origin.
Bloemfontein,"Bloemfontein ( BLOOM-fon-tayn; Afrikaans: [ˈblumfɔntɛin]), also known as Bloem, is the capital and the largest city of the Free State province in South Africa."
Bloomeria,"Bloomeria is a genus of flowering plants with a geophyte lifestyle in the family Asparagaceae, subfamily Brodiaeoideae."
Bloomsbury,"Bloomsbury is a district in the West End of London, part of the London Borough of Camden in England."
Bluebeard,"""Bluebeard"" (French: Barbe bleue, [baʁb(ə) blø]) is a French folktale, the most famous surviving version of which was written by Charles Perrault and first published by Barbin in Paris in 1697 in Histoires ou contes du temps passé."
Boann,"Boann or Boand is the Irish goddess of the River Boyne (Bóinn), an important river in Ireland's historical province of Meath."
Bodhisattva,"In Buddhism, a bodhisattva ( BOH-dee-SUT-və; (Sanskrit: बोधिसत्त्व, romanized: Bodhisattva) or bodhisatva is a person who is on the path towards bodhi ('awakening') or Buddhahood.In the Early Buddhist schools, as well as modern Theravāda Buddhism, bodhisattva (Pāli: bodhisatta) refers to someone who has made a resolution to become a Buddha and has also received a confirmation or prediction from a living Buddha that this will be so.In Mahāyāna Buddhism, a bodhisattva refers to anyone who has generated bodhicitta, a spontaneous wish and compassionate mind to attain Buddhahood for the benefit of all sentient beings."
Bodoni,"Bodoni (, Italian: [boˈdoːni]) is the name given to the serif typefaces first designed by Giambattista Bodoni (1740–1813) in the late eighteenth century and frequently revived since."
Boehm,"Boehm (US: ) is a German surname, transliterated from Böhm (literally: Bohemian, from Bohemia) or reflective of a spelling adopted by a given family before the introduction of the umlaut diacritic."
Boehmeria,Boehmeria is a genus of 47 species of flowering plants in the nettle family Urticaceae.
Boeotia,"Boeotia ( bee-OH-sh(ee-)ə), sometimes Latinized as Boiotia or Beotia (Greek: Βοιωτία; modern: Viotía; ancient: Boiōtía) is one of the regional units of Greece."
Boethius,"Anicius Manlius Severinus Boethius, commonly known simply as Boethius (; Latin: Boetius; c."
Bohemia,Bohemia ( boh-HEE-mee-ə; Czech: Čechy [ˈtʃɛxɪ] ; German: ; Upper Sorbian: Čěska [ˈtʃɪska]; Silesian: Czechy) is the westernmost and largest historical region of the Czech Republic.
Boidae,"The Boidae, commonly known as boas or boids, are a family of nonvenomous snakes primarily found in the Americas, as well as Africa, Europe, Asia, and some Pacific islands."
Bokkos,"Bokkos is a Local Government Area in Plateau State, Nigeria."
Bolbitis,"Bolbitis is a genus of ferns in the family Dryopteridaceae, subfamily Elaphoglossoideae, in the Pteridophyte Phylogeny Group classification of 2016 (PPG I).Two particular members of the genus are often grown as immersed water plants in aquaria, B. heudelotii, and B. heteroclita."
Boletaceae,"The Boletaceae are a family of mushroom-forming fungi, primarily characterised by small pores on the spore-bearing hymenial surface (at the underside of the mushroom), instead of gills as are found in most agarics."
Boletellus,Boletellus is a genus of fungi in the family Boletaceae.
Boletus,"Boletus is a genus of mushroom-producing fungi, comprising over 100 species."
Boleyn,"A Francisation of traditional English ""Bullen"" coming from the French name Boulogne, Boleyn is the surname of a noble English family particularly prominent in the Tudor period."
Bolivia,"Bolivia, officially the Plurinational State of Bolivia, is a landlocked country located in western-central South America."
Bologna,"Bologna (, UK also , Italian: [boˈloɲɲa] ; Emilian: Bulåggna [buˈlʌɲɲa]; Latin: Bononia) is the capital and largest city of the Emilia-Romagna region in Northern Italy."
Bolshevism,"Bolshevism (derived from Bolshevik) is a revolutionary socialist current of Soviet Leninist and later Marxist–Leninist political thought and political regime associated with the formation of a rigidly centralized, cohesive and disciplined party of social revolution, focused on overthrowing the existing capitalist state system, seizing power and establishing the ""dictatorship of the proletariat"".Bolshevism originated at the beginning of the 20th century in Russia and was associated with the activities of the Bolshevik faction within the Russian Social Democratic Labour Party led by Vladimir Lenin, Bolshevism's main theorist."
Boltonia,Boltonia is a genus of plants in the family Asteraceae native primarily to North America with one species in eastern Asia.
Bolzano,"Bolzano (Italian: [bolˈtsaːno]  or [bolˈdzaːno]; German: Bozen [ˈboːtsn̩] , formerly Botzen; Ladin: Balsan or Bulsan) is the capital city of the province of South Tyrol, in Northern Italy."
Bomarea,Bomarea is one of the two major genera in the plant family Alstroemeriaceae.
Bombacaceae,Bombacaceae were long recognised as a family of flowering plants or Angiospermae.
Bombax,Bombax is a genus of  mainly tropical trees in the mallow family.
Bombycidae,The Bombycidae are a family of moths known as silkworm moths.
Bombyliidae,"The Bombyliidae are a family of flies, commonly known as bee flies."
Bombyx,"Bombyx is the genus of true silk moths or mulberry silk moths of the family Bombycidae, also known as silkworms, which are the larvae or caterpillars of silk moths."
Bonaire,"Bonaire ( bon-AIR, Dutch: [boːˈnɛːr(ə)] ; Papiamentu: [bʊˈne̝i̯ru]) is a Caribbean island in the Leeward Antilles, and is a special municipality (officially ""public body"") of the Netherlands."
Bonete,"Bonete is a municipality in Albacete, Castilla-La Mancha, Spain."
Bonn,"Bonn (German pronunciation: [bɔn] ) is a federal city in the German state of North Rhine-Westphalia, located on the banks of the Rhine."
Bontemps,"Bontemps is a surname of French origin, meaning ""good time""."
Book,"A book is a medium for recording information in the form of writing or images, typically composed of many pages (made of papyrus, parchment, vellum, or paper) bound together and protected by a cover."
Boraginaceae,"Boraginaceae, the borage or forget-me-not family, includes about 2,000 species of shrubs, trees, and herbs in 146 to 156 genera with a worldwide distribution.The APG IV system from 2016 classifies the Boraginaceae as single family of the order Boraginales within the asterids."
Borago,"Borago, or borage, is a genus of five species of herbs native to the Mediterranean, with one species, Borago officinalis, cultivated and naturalized throughout the world."
Borassus,"Borassus (palmyra palm) is a genus of five species of fan palms, native to tropical regions of Africa, Asia, and Papua New Guinea."
Bordeaux,"Bordeaux ( bor-DOH, French: [bɔʁdo] ; Gascon Occitan: Bordèu [buɾˈðɛw]; Basque: Bordele) is a city on the river Garonne in the Gironde department, southwestern France."
Borneo,"Borneo (; also known as Kalimantan in the Indonesian language) is the third-largest island in the world, with an area of 748,168 km2 (288,869 sq mi)."
Bos,"Bos (from Latin bōs: cow, ox, bull)  is a genus of wild and domestic cattle."
Boselaphus,Boselaphus is a genus of bovid.
Bosporus,"The Bosporus or Bosphorus Strait ( BOSS-pər-əs, BOSS-fər-əs; Turkish: İstanbul Boğazı, lit. 'Istanbul strait', colloquially Boğaz) is a natural strait and an internationally significant waterway located in Istanbul, Turkey."
Boston,"Boston (US: ), officially the City of Boston, is the capital and most populous city in the Commonwealth of Massachusetts, and the cultural and financial center of the New England region of the Northeastern United States, with an area of 48.4 sq mi (125 km2) and a population of 675,647 in 2020."
Boswellia,"Boswellia is a genus of trees in the order Sapindales, known for its fragrant resin."
Botaurus,"Botaurus is a genus of bitterns, a group of wading bird in the heron family Ardeidae."
Bothidae,Bothidae or lefteye flounders are a family of flounders.
Bothrops,Bothrops is a genus of highly venomous pit vipers endemic to the Neotropics.
Botrychium,"Botrychium is a genus of ferns, seedless vascular plants in the family Ophioglossaceae."
Botswana,"Botswana (English: Land of the Tswana;  , also UK: ), officially the Republic of Botswana (Setswana: Lefatshe la Botswana, [lɪˈfatsʰɪ la bʊˈtswana]), is a landlocked country in Southern Africa."
Boulder,"In geology, a boulder (or rarely bowlder) is a rock fragment with size greater than 25.6 centimetres (10.1 in) in diameter."
Bouteloua,Bouteloua is a genus of plants in the grass family.
Bouvines,Bouvines (French pronunciation: [buvin]; Dutch: Bovingen) is a commune and village in the Nord department in northern France.
Bovidae,"The Bovidae comprise the biological family of cloven-hoofed, ruminant mammals that includes cattle, yaks, bison, buffalo, antelopes (including goat-antelopes), sheep and goats."
Bovinae,"Bovines (subfamily Bovinae) comprise a diverse group of 10 genera of medium to large-sized ungulates, including cattle, bison, African buffalo, water buffalos, and the four-horned and spiral-horned antelopes."
Bovini,"The tribe Bovini, or wild cattle, are medium to massive bovines that are native to Eurasia, North America, and Africa."
Bovril,"Bovril is the trademarked name of a thick and salty meat extract paste, similar to a yeast extract, developed in the 1870s by John Lawson Johnston."
Bowdler,"Bowdler, a prominent Shropshire family descended from Baldwin de Boulers."
Bowery,"The Bowery () is a street and neighborhood in Lower Manhattan in New York City, United States."
Bowiea,"Bowiea is a genus of bulbous, perennial, succulent plants which thrive in dry and desert regions of eastern and southern Africa."
Boykinia,Boykinia is a small genus of plants related to the saxifrages.
Boyle,"Boyle is an Irish, Scottish and English surname of Gaelic or Norman origin."
Brachinus,"Brachinus is a genus of ground beetle native to the Nearctic, Palearctic, the Near East and North Africa."
Brachychiton,"Brachychiton (kurrajong, bottletree) is a genus of 31 species of trees and large shrubs, native to Australia (the centre of diversity, with 30 species) and New Guinea (one species)."
Brachystegia,Brachystegia is a genus of tree of the subfamily Detarioideae that is native to tropical Africa.
Bradford,"Bradford is a city in West Yorkshire, England."
Bradstreet,Bradstreet is a surname.
Braga,"Braga ( BRAH-gə, Portuguese: [ˈbɾaɣɐ] ; Proto-Celtic: *Bracara) is a city and a municipality, capital of the northwestern Portuguese district of Braga and of the historical and cultural Minho Province."
Bragi,Bragi (; Old Norse: [ˈbrɑɣe]) is the skaldic god of poetry in Norse mythology.
Brahe,Brahe (originally Bragde) is the name of two closely related Scanian noble families who were influential in both Danish and Swedish history.
Brahma,"Brahma (Sanskrit: ब्रह्मा, IAST: Brahmā)  is a Hindu god, referred to as ""the Creator"" within the Trimurti, the trinity of supreme divinity that includes Vishnu and Shiva."
Brahman,"In Hinduism, Brahman (Sanskrit: ब्रह्मन्) connotes the highest universal principle, the Ultimate Reality in the universe."
Brahmana,"The Brahmanas (; Sanskrit: ब्राह्मणम्, Brāhmaṇam) are Vedic śruti works attached to the Samhitas (hymns and mantras) of the Rig, Sama, Yajur, and Atharva Vedas."
Brahmin,"Brahmin (; Sanskrit: ब्राह्मण, romanized: brāhmaṇa) is a varna as well as a caste within Hindu society."
Braille,"Braille ( BRAYL, French: [bʁɑj]) is a tactile writing system used by people who are visually impaired."
Branchiobdella,Branchiobdella is a genus of Branchiobdellidae.The genus was described in 1823 by Odier.It has cosmopolitan distribution.Species:
Branchiobdellidae,Branchiobdellidae is the singular family of annelids belonging to the monotypic order Branchiobdellida.
Branchiopoda,Branchiopoda is a class of crustaceans.
Brandenburg,"Brandenburg ([ˈbʁandn̩bʊʁk] ; Low German: Brannenborg; Polabian: Branibor; Lower Sorbian: Bramborska [ˈbrambɔrska]), officially the State of Brandenburg (German: Land Brandenburg; Low German: Land Brannenborg; Lower Sorbian: Kraj Bramborska), is a state in northeastern Germany."
Branta,The black geese of the genus Branta are waterfowl belonging to the true geese and swans subfamily Anserinae.
Brasenia,"Brasenia, commonly known as watershield, is a genus belonging to the family Cabombaceae, consisting of one species, Brasenia schreberi."
Brassia,Brassia is a genus of orchids  classified in the subtribe Oncidiinae.
Brassica,Brassica () is a genus of plants in the cabbage and mustard family (Brassicaceae).
Brassicaceae,"Brassicaceae () or (the older) Cruciferae () is a medium-sized and economically important family of flowering plants commonly known as the mustards, the crucifers, or the cabbage family."
Bratislava,"Bratislava ( BRAT-iss-LAH-və, US also  BRAHT-, Slovak: [ˈbracislaʋa] ; Hungarian: Pozsony [ˈpoʒoɲ] ), historically known as Preßburg (Pressburg) (German pronunciation: [ˈpʁɛsˌbʊʁk] ), is the capital and largest city of Slovakia."
Braun,"Braun is a surname, originating from the German word for the color brown."
Braunschweig,"Braunschweig (German: [ˈbʁaʊnʃvaɪk] ) or Brunswick (English:  BRUN-zwik; from Low German Brunswiek, local dialect: Bronswiek [ˈbrɔˑnsviːk]) is a city in Lower Saxony, Germany, north of the Harz Mountains at the farthest navigable point of the river Oker, which connects it to the North Sea via the rivers Aller and Weser."
Brazil,"Brazil (Portuguese: Brasil; Brazilian Portuguese: [bɾaˈziw] ), officially the Federative Republic of Brazil (Portuguese: ), is the largest country in South America and in Latin America."
Brazzaville,"Brazzaville (French pronunciation: [bʁazavil], Kongo: Ntamo, Ntambo, Kintamo, Kintambo, Tandala, Mavula; Teke: M'fa, Mfaa, Mfa, Mfoa) is the capital and largest city of the Republic of the Congo (Congo Republic)."
Bremen,"Bremen (Low German also: Breem or Bräm), officially the City Municipality of Bremen (German: Stadtgemeinde Bremen, IPA: [ˈʃtatɡəˌmaɪndə ˈbʁeːmən] ), is the capital of the German state Free Hanseatic City of Bremen (Freie Hansestadt Bremen), a two-city-state consisting of the cities of Bremen and Bremerhaven."
Bremerhaven,"Bremerhaven (German pronunciation: [ˌbʁeːmɐˈhaːfn̩] , lit. 'Bremener Harbour'; Low German: Bremerhoben) is a city at the seaport of the Free Hanseatic City of Bremen, a state of the Federal Republic of Germany."
Brescia,"Brescia (Italian pronunciation: [ˈbreʃʃa] , locally [ˈbreːʃa]; Lombard: Brèsa [ˈbrɛsɔ, ˈbrɛhɔ, ˈbrɛsa]; Latin: Brixia; Venetian: Bressa) is a city and comune in the region of Lombardy, in Northern Italy."
Breuer,Breuer is a surname.
Brevicipitidae,Brevicipitidae or rain frogs is a small family of frogs found in eastern and southern Africa.
Brevoortia,"The genus Brevoortia are all species of menhaden and consist of the following species:

Brevoortia aurea (Spix & Agassiz, 1829)  (Brazilian menhaden)
Brevoortia gunteri Hildebrand, 1948  (Finescale menhaden)
Brevoortia patronus Goode, 1878  (Gulf menhaden)
Brevoortia pectinata (Jenyns, 1842)  (Argentine menhaden)
Brevoortia smithi Hildebrand, 1941  (Yellowfin menhaden)
Brevoortia tyrannus (Latrobe, 1802)  (Atlantic menhaden)


== References ==
Froese, Rainer and Pauly, Daniel, eds."
Brickellia,"Brickellia is a North American genus of about 100 to 110 species of plants in the family Asteraceae, known commonly as brickellbushes."
Bride,A bride is a woman who is about to be married or who is a newlywed.
Bridget,"Bridget is an Irish female name derived from the Gaelic noun brígh, meaning ""power, strength, vigor, virtue""."
Bridgetown,Bridgetown (UN/LOCODE: BB BGI) is the capital and largest city of Barbados.
Brie,"Brie ( bree; French: [bʁi]) is a soft cow's-milk cheese named after Brie, the French region from which it originated (roughly corresponding to the modern département of Seine-et-Marne)."
Brighton,"Brighton ( BRY-tən) is a seaside resort and one of the two main areas of the city of Brighton and Hove in the county of East Sussex, England."
Brigid,"Brigid or Brigit ( BRIJ-id, BREE-id, Irish: [ˈbʲɾʲiːdʲ]; meaning 'exalted one'), also Bríg, is a goddess of pre-Christian Ireland."
Brihaspati,"Brihaspati (Sanskrit: बृहस्पति, IAST: Bṛhaspati), also known as Guru, is a Hindu deity."
Brindisi,"Brindisi (US:  BRIN-diz-ee, BREEN-, Italian: [ˈbrindizi] ) is a city in the region of Apulia in southern Italy, the capital of the province of Brindisi, on the coast of the Adriatic Sea."
Brisbane,"Brisbane (  BRIZ-bən) is the capital and most populous city of Queensland and the third-most populous city in Australia and Oceania, with a population of approximately 2.6 million."
Bristol,"Bristol ( ) is a city, ceremonial county and unitary authority in England."
Brittany,"Brittany (; French: Bretagne [bʁətaɲ] ; Breton: Breizh, pronounced [bʁɛjs] or [bʁɛx]; Gallo: Bertaèyn or Bertègn [bəʁtaɛɲ]) is a peninsula, historical country and cultural area in the north-west of modern France, covering the western part of what was known as Armorica during the period of Roman occupation."
Brno,"Brno ( BUR-noh, Czech: [ˈbr̩no] ; German: Brünn [bʁʏn] ) is a city in the South Moravian Region of the Czech Republic."
Brobdingnag,"Brobdingnag is a fictional land, which is occupied by giants, in Jonathan Swift's 1726 satirical novel Gulliver's Travels."
Bromelia,Bromelia is a genus of about 70 plant species widespread across Latin America and the West Indies.
Bromeliaceae,"The Bromeliaceae (the bromeliads) are a family of monocot flowering plants of about 80 genera and 3700 known species, native mainly to the tropical Americas, with several species found in the American subtropics and one in tropical west Africa, Pitcairnia feliciana.It is among the basal families within the Poales and is the only family within the order that has septal nectaries and inferior ovaries."
Bromus,"Bromus is a large genus of grasses, classified in its own tribe Bromeae."
Brooklyn,Brooklyn is a borough of New York City.
Brother,A brother (pl.: brothers or brethren) is a man or boy who shares one or more parents with another; a male sibling.
Broussonetia,"Broussonetia is a genus of four species (including one hybrid species) of trees in the family Moraceae, native to eastern Asia."
Brown,Brown is a color.
Browne,"Browne is a variant of the English surname Brown, meaning ""brown-haired"" or ""brown-skinned""."
Bruce,"The English language name Bruce arrived in Scotland with the Normans, from the place name Brix, Manche in Normandy, France, meaning ""the willowlands""."
Brucella,"Brucella is a genus of Gram-negative bacteria, named after David Bruce (1855–1931)."
Bruchus,"Bruchus is a genus of beetles in the leaf beetle family, Chrysomelidae."
Bruges,"Bruges (  BROOZH, French: [bʁyʒ] ; Dutch: Brugge [ˈbrʏɣə] ; German: Brügge German pronunciation: [ˈbʁʏɡə] ) is the capital and largest city of the province of West Flanders in the Flemish Region of Belgium, in the northwest of the country."
Brugmansia,Brugmansia is a genus of seven species of flowering plants in the nightshade family Solanaceae.
Brumaire,Brumaire (French pronunciation: [bʁymɛʁ]) was the second month in the French Republican calendar.
Brummagem,"Brummagem ( BRUM-ə-jəm, local pronunciation: ['brʊmədʒəm]), and historically also Bromichan, Bremicham and many similar variants, is the local name for the city of Birmingham, England, and the dialect associated with it."
Brunei,"Brunei (  broo-NY, Malay: [brunaɪ] ), formally Brunei Darussalam (Malay: Negara Brunei Darussalam, Jawi: نݢارا بروني دارالسلام‎, lit. 'State of Brunei, the Abode of Peace'), is a country in Southeast Asia, situated on the northern coast of the island of Borneo."
Brunfelsia,Brunfelsia is a genus of flowering plants belonging to subfamily Petunioideae of the nightshade family Solanaceae.
Brunhild,"Brunhild, also known as Brunhilda or Brynhild (Old Norse: Brynhildr [ˈbrynˌhildz̠], Middle High German: Brünhilt, Modern German: Brünhild or Brünhilde), is a female character from Germanic heroic legend."
Brussels,"Brussels (French: Bruxelles [bʁysɛl]  or [bʁyksɛl] ; Dutch: Brussel [ˈbrʏsəl] ), officially the Brussels-Capital Region (French: Région de Bruxelles-Capitale; Dutch: Brussels Hoofdstedelijk Gewest), is a region of Belgium comprising 19 municipalities, including the City of Brussels, which is the capital of Belgium."
Brya,"Brya is a genus of flowering plants in the legume family, Fabaceae."
Bryaceae,Bryaceae is a family of mosses.
Bryales,Bryales is an order of mosses.
Bryopsida,"The Bryopsida constitute the largest class of mosses, containing 95% of all moss species."
Bryozoa,"Bryozoa (also known as the Polyzoa, Ectoprocta or commonly as moss animals) are a phylum of simple, aquatic invertebrate animals, nearly all living in sedentary colonies."
Bryum,Bryum is a genus of mosses in the family Bryaceae.
Bubalus,Bubalus is a genus of Asiatic bovines that was proposed by Charles Hamilton Smith in 1827.
Buber,Buber (Hebrew: בובר) is a Jewish surname.
Bubo,"A bubo (Greek βουβών, boubṓn, 'groin') is adenitis or inflammation of the lymph nodes and is an example of reactive lymphadenopathy."
Buccinidae,"The Buccinidae are a very large and diverse taxonomic family of large sea snails, often known as whelks or true whelks.The family includes more than 1500 species."
Buceros,Buceros is a genus of large Asian hornbills (family Bucerotidae).
Bucharest,"Bucharest (UK:  BOO-kə-REST, US:  -⁠rest; Romanian: București [bukuˈreʃtʲ] ) is the capital and largest city of Romania."
Buchloe,"Buchloe (German pronunciation: [buːxˈloːə]; Swabian: Buechla) is a community raised to town status in 1954, lying in Ostallgäu district in Bavaria."
Buchner,Buchner is a German surname.
Budapest,"Budapest (UK: , US: ; Hungarian pronunciation: [ˈbudɒpɛʃt] ) is the capital and most populous city of Hungary."
Buddhism,"Buddhism ( BUUD-ih-zəm, US also  BOOD-), also known as Buddha Dharma, and Dharmavinaya (transl. ""doctrines and disciplines""), is an Indian religion or philosophical tradition based on teachings attributed to the Buddha."
Budorcas,"Budorcas is a genus of bovid that contains a single living species, the takin (Budorcas taxicolor)."
Buganda,Buganda is a Bantu kingdom within Uganda.
Bujumbura,"Bujumbura (French pronunciation: [buʒumbuʁa]; Kinyarwanda pronunciation: [buʒuᵐbuɾa]), formerly Usumbura, is the economic capital, largest city and main port of Burundi."
Bulawayo,"Bulawayo (, ; Ndebele: Bulawayo) is the second largest city in Zimbabwe, and the largest city in the country's Matabeleland region."
Bulgaria,"Bulgaria ( ; Bulgarian: България, romanized: Bŭlgariya), officially the Republic of Bulgaria, is a country in Southeast Europe."
Bull,"A bull is an intact (i.e., not castrated) adult male of the species Bos taurus (cattle)."
Bullfinch,Bullfinch is a name given to two groups of passerine birds.
Bulnesia,"Bulnesia is a genus of flowering plants in the caltrop family, Zygophyllaceae."
Bunche,Bunche is a surname.
Bungarus,Bungarus (commonly known as kraits ) is a genus of elapids native to Asia.
Bunsen,"Bunsen may refer to:

Christian Charles Josias Bunsen (1791–1860), Prussian diplomat and scholar
Frances Bunsen (1791–1876), or Baroness Bunsen, Welsh painter and author, wife of Christian Charles Josias Bunsen
Robert Bunsen (1811–1899), German chemist, after whom is named:
Bunsen burner
Bunsen cell
Bunsen crater on the Moon
10361 Bunsen, an asteroid
Bunsen Reaction
The Bunsen–Kirchhoff Award, a German award for spectroscopy
Sir Maurice de Bunsen (1852–1932), British diplomat
Dr."
Buphthalmum,"Buphthalmum is a genus of flowering plants in the aster family, Asteraceae."
Burberry,"Burberry Group plc is a British luxury fashion house established in 1856 by Thomas Burberry and headquartered in London, England."
Burgoyne,"Burgoyne is a surname introduced to England following the Norman conquest of 1066, which denoted someone from Burgundy (Bourgogne in French)."
Burgundy,Burgundy (; French: Bourgogne [buʁɡɔɲ] ; Burgundian: Bregogne) is a historical territory and former administrative region and province of east-central France.
Burhinus,Burhinus is a genus of birds in the family Burhinidae.
Burke,"Burke is a Norman-Irish surname, deriving from the ancient Anglo-Norman and Hiberno-Norman noble dynasty, the House of Burgh."
Burmanniaceae,"Burmanniaceae is a family of flowering plants, consisting of 99 species of herbaceous plants in eight genera."
Burmeisteria,Burmeisteria is a genus of trilobites in the order Phacopida (family Homalonotidae) that existed during the lower Devonian in what is now South Africa.
Bursa,Bursa (Turkish pronunciation: [buɾˈsa]) is a city in northwestern Turkey and the administrative center of Bursa Province.
Bursera,Bursera is a genus with about 100 described species of flowering shrubs and trees varying in size up to 25 m (82 ft) high.
Burseraceae,The Burseraceae are a moderate-sized family of 17-19 genera and about 540 species of woody flowering plants.
Burt,"Burt is a given name and also a shortened form of other names, such as Burton and Herbert, or a place name."
Burundi,"Burundi (  bə-RUUN-dee or  bə-RUN-dee), officially the Republic of Burundi (Kirundi: Repuburika y’Uburundi [u.βu.ɾǔː.ndi]; Swahili: Jamuhuri ya Burundi; French: République du Burundi [buʁundi, byʁyndi]), is a landlocked country in the Great Rift Valley at the junction between the African Great Lakes region and East Africa."
Bushido,"Bushidō (武士道, ""the way of the warrior"") is a moral code concerning samurai attitudes, behavior and lifestyle, formalized in the Edo period (1603–1868)."
Butea,"Butea is a genus of flowering plants belonging to the pea family, Fabaceae."
Buteo,"Buteo is a genus of medium to fairly large, wide-ranging raptors with a robust body and broad wings."
Butler,A butler is a person who works in a house serving and is a domestic worker in a large household.
Butte,"In geomorphology, a butte () is an isolated hill with steep, often vertical sides and a small, relatively flat top; buttes are smaller landforms than mesas, plateaus, and tablelands."
Buxaceae,The Buxaceae are a small family of six genera and about 123 known species of flowering plants.
Buxus,Buxus is a genus of about seventy species in the family Buxaceae.
Byblos,"Byblos ( BIB-loss; Greek: Βύβλος), also known as Jebeil, Jbeil or Jubayl (Arabic: جُبَيْل, romanized: Jubayl, locally Jbeil [ʒbeːl]; Phoenician: 𐤂𐤁𐤋, GBL, probably Gebal), is the city in the Keserwan-Jbeil Governorate of Lebanon."
Bydgoszcz,"Bydgoszcz is a city in northern Poland, straddling the confluence of the Vistula River and its left-bank tributary, the Brda."
Byzantinism,"Byzantinism, or Byzantism, is the political system and culture of the Byzantine Empire, and its spiritual successors  the Orthodox Christian Balkan countries of Greece and Bulgaria especially, and to a lesser extent Serbia and some other Orthodox countries in Eastern Europe like Belarus, Georgia, Russia and Ukraine."
Byzantium,Byzantium () or Byzantion (Ancient Greek: Βυζάντιον) was an ancient Greek city in classical antiquity that became known as Constantinople in late antiquity and Istanbul today.
COBOL,"COBOL (; an acronym for ""common business-oriented language"") is a compiled English-like computer programming language designed for business use."
Cabell,Cabell is both a surname and a given name.
Cabomba,"Cabomba is an aquatic plant genus, one of two belonging to the family Cabombaceae."
Cabombaceae,"The Cabombaceae are a family of aquatic, herbaceous flowering plants."
Cacalia,"The genus Cacalia L. is a nomen rejiciendum (rejected name) under the International Code of Nomenclature for algae, fungi, and plants."
Cacatua,Cacatua is a genus of cockatoos found from the Philippines and Wallacea east to the Solomon Islands and south to Australia.
Caddo,"The Caddo people comprise the Caddo Nation of Oklahoma, a federally recognized tribe headquartered in Binger, Oklahoma."
Cadmus,"In Greek mythology, Cadmus (; Greek: Κάδμος, translit."
Cadra,Cadra is a genus of small moths belonging to the family Pyralidae.
Caeciliidae,Caeciliidae is the family of common caecilians.
Caelum,"Caelum  is a faint constellation in the southern sky, introduced in the 1750s by Nicolas Louis de Lacaille and counted among the 88 modern constellations."
Caenolestes,The common shrew opossums (genus Caenolestes) are members of the family Caenolestidae.
Caesalpinia,Caesalpinia is a genus of flowering plants in the family Fabaceae.
Caesalpinioideae,"Caesalpinioideae is a botanical name at the rank of subfamily, placed in the large family Fabaceae or Leguminosae."
Caesarism,"In political science, the term Caesarism identifies and describes an authoritarian and autocratic ideology inspired by Julius Caesar, the dictator of Rome, from 49 BC to 44 BC. In Western politics, the term caesarism usually is a pejorative descriptor of person and policy."
Caesaropapism,"Caesaropapism  is the idea of combining the social and political power of secular government with religious power, or of making secular authority superior to the spiritual authority of the Church; especially concerning the connection of the Church with government."
Cage,"A cage is an enclosure often made of mesh, bars, or wires, used to confine, contain or protect something or someone."
Cagney,Cagney is an Irish patronymic surname of Gaelic origin.
Cain,Cain is a biblical figure in the Book of Genesis within Abrahamic religions.
Cairo,"Cairo (   KY-roh; Arabic: القاهرة, romanized: al-Qāhirah, pronounced [ælqɑ(ː)ˈheɾɑ] ) is the capital of Egypt and the city-state Cairo Governorate, and is the country's largest city, home to 10 million people."
Caitra,"Caitra is a translation Computer Assisted Tool, or CAT, developed by the University of Edinburgh."
Cajanus,The genus Cajanus is a member of the plant family Fabaceae.
Cakile,Cakile is a genus within the flowering plant family Brassicaceae.
Calabria,Calabria is a region in Southern Italy.
Calais,"Calais (UK:  KAL-ay, US:  kal-AY, traditionally  KAL-iss, French: [kalɛ] ) is a port city in the Pas-de-Calais department, of which it is a subprefecture."
Calamagrostis,"Calamagrostis (reed grass or smallweed) is a genus of flowering plants in the grass family Poaceae, with about 260 species that occur mainly in temperate regions of the globe."
Calandrinia,Calandrinia is a large genus of flowering plants known as purslanes and redmaids.
Caledonia,"Caledonia (; Latin: Calēdonia [kaleːˈdonia]) was the Latin name used by the Roman Empire to refer to the part of Great Britain (Latin: Britannia) that lies north of the River Forth,  which includes most of the land area of Scotland."
Calgary,Calgary (  KAL-gər-ee) is a city in the Canadian province of Alberta.
Cali,"Santiago de Cali (Spanish pronunciation: [sanˈtjaɣo ðe ˈkali]), or Cali, is the capital of the Valle del Cauca department, and the most populous city in southwest Colombia, with 2,227,642 residents according to the 2018 census."
Calidris,"Calidris is a genus of Arctic-breeding, strongly migratory wading birds in the family Scolopacidae."
California,California is a state in the Western United States.
Caligula,"Gaius Caesar Augustus Germanicus (31 August 12 – 24 January 41), better known by his nickname Caligula (), was Roman emperor from AD 37 until his assassination in AD 41."
Caliphate,"A caliphate or khilāfah (Arabic: خِلَافَةْ [xi'laːfah]) is an institution or public office under the leadership of an Islamic steward with the title of caliph (; Arabic: خَلِيفَةْ [xæ'liːfæh], ), a person considered a political-religious successor to the Islamic prophet Muhammad and a leader of the entire Muslim world (ummah)."
Calla,"Calla is a genus of flowering plant in the family Araceae, containing the single species Calla palustris (bog arum, marsh calla, wild calla, squaw claw, and water-arum)."
Callicebus,Callicebus is a genus of monkeys known as titi monkeys.
Callimorpha,Callimorpha is a genus of tiger moths in the family Erebidae.
Callinectes,"Callinectes is a genus of crabs, containing 16 extant species, including the Atlantic blue crab, C. sapidus:


== Extant species ==


== References ==


== External links ==
 Media related to Callinectes at Wikimedia Commons
 Data related to Callinectes at WikispeciesRafael Robles; Christoph D. Schubart; Jesús E. Conde; Carlos Carmona-Suárez; Fernando Alvarez; José L. Villalobos; Darryl L. Felder (2007)."
Calliope,"In Greek mythology, Calliope ( kə-LY-ə-pee; Ancient Greek: Καλλιόπη, romanized: Kalliópē, lit. 'beautiful-voiced') is the Muse who presides over eloquence and epic poetry; so called from the ecstatic harmony of her voice."
Calliophis,"Calliophis is a genus of venomous elapid snakes, one of several known commonly as oriental coral snakes or Asian coral snakes."
Calliphora,"Calliphora is a genus of blow flies, also known as bottle flies, found in most parts of the world, with the highest diversity in Australia."
Calliphoridae,"The Calliphoridae (commonly known as blow flies, blow-flies, carrion flies, bluebottles, or greenbottles) are a family of insects in the order Diptera, with almost 1,900 known species."
Callistephus,"Callistephus  is a monotypic genus of flowering plants in the aster family, Asteraceae, containing the single species Callistephus chinensis."
Callithrix,"Callithrix is a genus of New World monkeys of the family Callitrichidae, the family containing marmosets and tamarins."
Callitriche,Callitriche is a genus of largely aquatic plants known as water-starwort.
Callitris,Callitris is a genus of coniferous trees in the Cupressaceae (cypress family).
Callorhinus,Callorhinus is a genus of sea lion.
Calluna,"Calluna vulgaris, common heather, ling, or simply heather, is the sole species in the genus Calluna in the flowering plant family Ericaceae."
Calocedrus,"Calocedrus, the incense cedar (alternatively spelled incense-cedar), is a genus of coniferous trees in the cypress family Cupressaceae first described as a genus in 1873."
Calochortus,Calochortus  is a genus of flowering plants in the lily family.
Caloocan,"Caloocan, officially the City of Caloocan (Filipino: Lungsod ng Kalookan; IPA: [kalɔˈʔokan]), is a 1st class highly urbanized city in Metro Manila, Philippines."
Calophyllum,Calophyllum is a genus of tropical flowering plants in the family Calophyllaceae.
Calopogon,"Calopogon, grass pink, is a genus of terrestrial orchids (family Orchidaceae)."
Calorie,The calorie is a unit of energy that originated from the caloric theory of heat.
Calpe,"Calpe (Spanish pronunciation: [ˈkalpe]) or Calp (Valencian pronunciation: [ˈkalp]) is a coastal municipality located in the comarca of Marina Alta, in the province of Alicante, Valencian Community, Spain, by the Mediterranean Sea."
Caltha,"Caltha is a genus of rhizomatous perennial flowering plants in the family Ranunculaceae (""buttercup family""), to which ten species have been assigned."
Calvados,"Calvados (UK: , US: , French: [kalvados] ) is a brandy from Normandy in France, made from apples and/or pears."
Calvary,"Calvary (Latin: Calvariae or Calvariae locus) or Golgotha (Greek: Γολγοθᾶ, translit."
Calvatia,Calvatia is a genus of puffball mushrooms that includes the spectacular giant puffball C. gigantea.
Calvinism,"Calvinism, also called Reformed Christianity, is a major branch of Protestantism that follows the theological tradition and forms of Christian practice set down by John Calvin and various other Reformation-era theologians."
Calycanthaceae,The Calycanthaceae (sweetshrubs or spicebushes) are a small family of flowering plants in the order Laurales.
Calycanthus,"Calycanthus, called sweetshrub, is a genus of flowering plants in the family Calycanthaceae."
Calycophyllum,Calycophyllum is a genus of flowering plants in the family Rubiaceae.
Calystegia,"Calystegia (bindweed, false bindweed, or morning glory) is a genus of about 25 species of flowering plants in the bindweed family Convolvulaceae."
Camassia,Camassia is a genus of plants in the asparagus family native to North America.
Cambarus,Cambarus is a large and diverse genus of crayfish from the United States and Canada.
Cambodia,"Cambodia ( ; Khmer: កម្ពុជា; UNGEGN: Kâmpŭchéa), officially the Kingdom of Cambodia (Khmer: ព្រះរាជាណាចក្រកម្ពុជា; UNGEGN: Preăh Réachéanachâkr Kâmpŭchéa), is a country in Mainland Southeast Asia, spanning an area of 181,035 square kilometres (69,898 square miles), bordered by Thailand to the northwest, Laos to the north, Vietnam to the east, and the Gulf of Thailand to the southwest."
Cambria,"Cambria is a name for Wales, being the Latinised form of the Welsh name for the country, Cymru."
Cambrian,"The Cambrian Period (  KAM-bree-ən, KAYM-; sometimes symbolized Ꞓ) is the first geological period of the Paleozoic Era, and of the Phanerozoic Eon."
Cambridge,"Cambridge ( KAYM-brij) is a university city, non-metropolitan district and the county town of Cambridgeshire, England."
Camelidae,"Camelids are members of the biological family Camelidae, the only currently living family in the suborder Tylopoda."
Camelina,Camelina is a genus within the flowering plant family Brassicaceae.
Camelot,Camelot is a legendary castle and court associated with King Arthur.
Camembert,"Camembert (, also UK: ,  French: [kamɑ̃bɛʁ] ) is a moist, soft, creamy, surface-ripened cow's milk cheese."
Cameroon,"Cameroon (  CAM-ə-ROON; French: Cameroun), officially the Republic of Cameroon (French: République du Cameroun), is a country in Central Africa."
Camorra,The Camorra (Italian: [kaˈmɔrra]; Neapolitan: [kaˈmorrə]) is an Italian Mafia-type criminal organization and criminal society originating in the region of Campania.
Campania,"Campania is an administrative region of Italy; most of it is in the south-western portion of the Italian peninsula (with the Tyrrhenian Sea to its west), but it also includes the small Phlegraean Islands and the island of Capri."
Campanulaceae,"The family Campanulaceae (also bellflower family), of the order Asterales, contains nearly 2400 species in 84 genera of herbaceous plants, shrubs, and rarely small trees, often with milky sap."
Campanulales,Campanulales is a valid botanic name for a plant order.
Campeche,"Campeche (Spanish pronunciation: [kamˈpetʃe] ; Yucatec Maya: Kaampech [ˈkàːmpetʃ]), officially Estado Libre y Soberano de Campeche (English: Free and Sovereign State of Campeche), is one of the 31 states which, with Mexico City, make up the 32 Federal Entities of Mexico."
Campephilus,Campephilus is a genus of large American woodpeckers in the family Picidae.
Campyloneurum,"Campyloneurum is a genus of ferns in the family Polypodiaceae, subfamily Polypodioideae, according to the Pteridophyte Phylogeny Group classification of 2016 (PPG I)."
Campylorhynchus,"Campylorhynchus is a genus of wrens, which has at least 15 described species."
Canaan,"Canaan (; Phoenician: 𐤊𐤍𐤏𐤍 – KNʿN; Hebrew: כְּנַעַן – Kənáʿan, in pausa כְּנָעַן‎ – Kənāʿan; Biblical Greek: Χανααν – Khanaan; Arabic: كَنْعَانُ – Kan‘ān) was a Semitic-speaking civilization and region of the Southern Levant in the Ancient Near East during the late 2nd millennium BC. Canaan had significant geopolitical importance in the Late Bronze Age Amarna Period (14th century BC) as the area where the spheres of interest of the Egyptian, Hittite, Mitanni, and Assyrian Empires converged or overlapped."
Canada,Canada is a country in North America.
Cananga,"Cananga (ultimately from Proto-Malayo-Polynesian *kanaŋa) is a small genus of trees in the family Annonaceae, native to Indo-China and Malesia, but introduced elsewhere."
Canavalia,Canavalia is a genus of plants in the legume family (Fabaceae) that comprises approximately 62 species of tropical vines.
Canberra,Canberra (  KAN-bər-ə) is the capital city of Australia.
Cancer,Cancer is a group of diseases involving abnormal cell growth with the potential to invade or spread to other parts of the body.
Cancridae,Cancridae is a family of crabs.
Candlemas,"Candlemas, also known as the Feast of the Presentation of Jesus Christ, the Feast of the Purification of the Blessed Virgin Mary, or the Feast of the Holy Encounter, is a Christian holiday commemorating the presentation of Jesus at the Temple."
Canellaceae,The Canellaceae are a family of flowering plants in the order Canellales.
Canetti,Canetti is a surname.
Canidae,"Canidae (; from Latin, canis, ""dog"") is a biological family of dog-like carnivorans, colloquially referred to as dogs, and constitutes a clade."
Canis,"Canis is a genus of the Caninae which includes multiple extant species, such as wolves, dogs, coyotes, and golden jackals."
Cannae,"Cannae (now Canne della Battaglia, Italian pronunciation: [ˈkanne della batˈtaʎʎa]) is an ancient village of the Apulia region of south east Italy."
Cannes,"Cannes ( KAN, KAHN, French: [kan] , locally [ˈkanə]; Occitan: Canas) is a city located on the French Riviera."
Canopus,Canopus is the brightest star in the southern constellation of Carina and the second-brightest star in the night sky.
Cantabrigian,"Cantabrigian  (often shortened to Cantab) is an adjective that is used in two meanings: 1) to refer to what is of or pertaining to Cambridge University, located in Cambridge, England; or 2) to refer to what is of or pertaining to the cities of Cambridge, England, and Cambridge, Massachusetts, United States."
Canterbury,"Canterbury ( , ) is a city and UNESCO World Heritage Site, in the county of Kent, England; it was until 1974 a county borough."
Cantharellus,"Cantharellus is a genus of mushrooms, commonly known as chanterelles, a name which can also refer to the type species, Cantharellus cibarius."
Cantonese,Cantonese (traditional Chinese: 廣東話; simplified Chinese: 广东话; Jyutping: Gwong2 dung1 waa2; Cantonese Yale: Gwóngdùng wá) is a language within the Chinese (Sinitic) branch of the Sino-Tibetan languages originating from the city of Guangzhou (historically known as Canton) and its surrounding Pearl River Delta.
Canuck,Canuck  is a slang term for a Canadian.
Capella,Capella is the brightest star in the northern constellation of Auriga.
Cappadocia,"Cappadocia (; Turkish: Kapadokya) is a historical region in Central Anatolia, Turkey."
Capparis,Capparis is a genus of flowering plants in the family Capparaceae.
Caprella,Caprella is a large genus of skeleton shrimps belonging to the subfamily Caprellinae of the family Caprellidae.
Capreolus,"Capreolus is a genus of deer, the roe deer."
Capri,"Capri ( KAP-ree, US also  kə-PREE, KAH-pree; Italian: [ˈkaːpri]; adjective Caprese) is an island located in the Tyrrhenian Sea off the Sorrento Peninsula, on the south side of the Gulf of Naples in the Campania region of Italy."
Capricornus,Capricornus  is one of the constellations of the zodiac.
Caprifoliaceae,"The Caprifoliaceae or honeysuckle family is a clade of dicotyledonous flowering plants consisting of about 860 species, in 33, to 42 genera, with a nearly cosmopolitan distribution."
Caprimulgus,"Caprimulgus is a large and very widespread genus of nightjars, medium-sized nocturnal birds with long pointed wings, short legs and short bills."
Caproidae,"Caproidae, or boarfishes, are a small family  of marine fishes comprising two genera and 12 species."
Capsicum,"Capsicum () is a genus of flowering plants in the nightshade family Solanaceae, native to the Americas, cultivated worldwide for their chili pepper or bell pepper fruit."
Caracas,"Caracas (, Spanish: [kaˈɾakas]), officially Santiago de León de Caracas (CCS), is the capital and largest city of Venezuela, and the center of the Metropolitan Region of Caracas (or Greater Caracas)."
Carangidae,"The Carangidae are a family of ray-finned fish that includes the jacks, pompanos, jack mackerels, runners, trevallies, and scads."
Caranx,"Caranx is a genus of tropical to subtropical marine fishes in the jack family Carangidae, commonly known as jacks, trevallies and kingfishes."
Carassius,Carassius is a genus in the ray-finned fish family Cyprinidae.
Caravaggio,"Michelangelo Merisi (Michele Angelo Merigi or Amerighi) da Caravaggio, known as simply Caravaggio (, US: , Italian: [mikeˈlandʒelo meˈriːzi da (k)karaˈvaddʒo]; 29 September 1571 – 18 July 1610), was an Italian painter active in Rome for most of his artistic life."
Carboniferous,"The Carboniferous ( KAR-bə-NIF-ər-əs) is a geologic period and system of the Paleozoic that spans 60 million years from the end of the Devonian Period 358.9 Ma (million years ago), to the beginning of the Permian Period, 298.9 Ma."
Carcharhinus,"Carcharhinus is the type genus of the family Carcharhinidae, the requiem sharks."
Carcharias,Carcharias is a genus of mackerel sharks belonging to the family Odontaspididae (sand sharks).
Carcharodon,"Carcharodon (meaning ""jagged/sharp tooth"") is a genus of sharks within the family Lamnidae, colloquially called the ""white sharks."" The only extant member is the great white shark (Carcharodon carcharias)."
Cardamine,"Cardamine is a large genus of flowering plants in the mustard family, Brassicaceae, known as bittercresses and toothworts."
Cardiff,"Cardiff (; Welsh: Caerdydd [kairˈdiːð, kaːɨrˈdɨːð] ) is the capital and largest city of Wales."
Cardiospermum,"Cardiospermum is a genus of approximately 14 species in the soapberry family, Sapindaceae, which are native to the American, Indian, and African tropics."
Carducci,Carducci is an Italian surname.
Carduelinae,"The cardueline finches are a subfamily, Carduelinae, one of three subfamilies of the finch family Fringillidae, the others being the Fringillinae and the Euphoniinae."
Carduelis,"The genus Carduelis
is a group of birds in the finch family Fringillidae."
Carduus,"Carduus is a genus of flowering plants in the family Asteraceae, and the tribe Cardueae, one of two genera considered to be true thistles, the other being Cirsium."
Carex,"Carex is a vast genus of nearly 2,000 species of grass-like plants in the family Cyperaceae, commonly known as sedges (or seg, in older books)."
Caribbean,"The Caribbean ( KARR-ih-BEE-ən, kə-RIB-ee-ən, locally  KARR-ih-bee-an; Spanish: el Caribe; French: les Caraïbes; Dutch: de Caraïben) is a subregion of the Americas that includes the Caribbean Sea and its islands, some of which are surrounded by the Caribbean Sea and some of which border both the Caribbean Sea and the North Atlantic Ocean; the nearby coastal areas on the mainland are often also included in the region."
Carica,Carica is a genus of flowering plants in the family Caricaceae including the papaya (C. papaya syn.
Caricaceae,"The Caricaceae are a family of flowering plants in the order Brassicales, found primarily in tropical regions of Central and South America and Africa."
Carioca,"Carioca (Portuguese pronunciation: [kaɾiˈɔkɐ]  or [kɐɾiˈɔkɐ]) is a demonym used to refer to anything related to the City of Rio de Janeiro, in Brazil."
Carlina,Carlina is a genus of flowering plants in the family Asteraceae.
Carnivora,"Carnivora  is an order of placental mammals that have specialized in primarily eating flesh, whose members are formally referred to as carnivorans."
Carolinas,"The Carolinas are the U.S. states of North Carolina and South Carolina, considered collectively."
Carothers,Carothers is a surname.
Carpentaria,"Carpentaria acuminata (carpentaria palm), the sole species in the genus Carpentaria, is a palm native to tropical coastal regions in the north of Northern Territory, Australia."
Carphophis,Carphophis (common name worm snakes) is a genus of small colubrid snakes endemic to the United States.
Carpobrotus,"Carpobrotus, commonly known as pigface, ice plant, sour fig, Hottentot fig, and clawberry is a genus of ground-creeping plants with succulent leaves and large daisy-like flowers."
Carrel,Carrel is a surname.
Carthage,Carthage was an ancient city on the eastern side of the Lake of Tunis in what is now Tunisia.
Carthamus,"The genus Carthamus, the distaff thistles, includes plants in the family Asteraceae."
Carum,"Carum is a genus of about 20 species of flowering plants in the family Apiaceae, native to temperate regions of the Old World."
Caryocar,"Caryocar (souari trees) is a genus of flowering plants, in the South American family Caryocaraceae described as a genus by Linnaeus in 1771."
Caryocaraceae,Caryocaraceae (syn.
Caryophyllaceae,"Caryophyllaceae, commonly called the pink family or carnation family, is a family of flowering plants."
Caryophyllales,"Caryophyllales ( KARR-ee-oh-fih-LAY-leez) is a diverse and heterogeneous order of flowering plants that includes the cacti, carnations, amaranths, ice plants, beets, and many carnivorous plants."
Caryophyllidae,Caryophyllidae is a botanical name at the rank of subclass.
Caryota,Caryota is a genus of palm trees.
Casablanca,"Casablanca (Arabic: الدار البيضاء, romanized: ad-Dār al-Bayḍāʾ, [adˈdaːru ɫbajdˤaːʔ], lit. 'White House'; Berber languages: ⵜⴰⴷⴷⴰⵔⵜ ⵜⵓⵎⵍⵉⵍⵜ, romanized: Taddart Tumlilt), is the largest city in Morocco and the country's economic and business center."
Cash,"In economics, cash is money in the physical form of currency, such as banknotes and coins."
Caspar,Caspar is a masculine given name.
Cassandra,"Cassandra or Kassandra (; Ancient Greek: Κασσάνδρα, pronounced [kas:ándra], also Greek: Κασσάνδρα, and sometimes referred to as Alexandra) in Greek mythology was a Trojan priestess dedicated to the god Apollo and fated by him to utter true prophecies but never to be believed."
Cassiope,Cassiope is a genus of 9-12 small shrubby species in the family Ericaceae.
Cassirer,"Cassirer is a surname of Yiddish origin (קאַסירער‎ kasirer, which means Cashier; German: Kassierer)."
Castanopsis,"Castanopsis, commonly called chinquapin or chinkapin, is a genus of evergreen trees belonging to the beech family, Fagaceae."
Castanospermum,Castanospermum is a monotypic genus in the legume family Fabaceae.
Castilleja,"Castilleja, commonly known as paintbrush, Indian paintbrush, or prairie-fire, is a genus of about 200 species of annual and perennial herbaceous plants native to the west of the Americas from Alaska south to the Andes, northern Asia, and one species as far west as the Kola Peninsula in northwestern Russia."
Castoridae,Castoridae is a family of rodents that cointains the two living species of beavers and their fossil relatives.
Castoroides,"Castoroides (Latin: ""beaver"" (castor), ""like"" (oides)), or giant beaver, is an extinct genus of enormous, bear-sized beavers that lived in North America during the Pleistocene."
Castries,"Castries   is the capital and largest city of Saint Lucia, an island country in the Caribbean."
Casuariiformes,"The Casuariiformes  is an order of large flightless birds that has four surviving members: the three species of cassowary, and the only remaining species of emu."
Casuarinaceae,"The Casuarinaceae are a family of dicotyledonous flowering plants placed in the order Fagales, consisting of four genera and 91 species of trees and shrubs native to eastern Africa, Australia, Southeast Asia, Malesia, Papuasia, and the Pacific Islands."
Catalonia,"Catalonia (; Catalan: Catalunya [kətəˈluɲə]; Spanish: Cataluña [kataˈluɲa] ; Occitan: Catalonha [kataˈluɲa]) is an autonomous community of Spain, designated as a nationality by its Statute of Autonomy.Most of its territory (except the Val d'Aran) lies on the northeast of the Iberian Peninsula, to the south of the Pyrenees mountain range."
Catasetum,"Catasetum, abbreviated as Ctsm."
Caterpillar,Caterpillars ( KAT-ər-pil-ər) are the larval stage of members of the order Lepidoptera (the insect order comprising butterflies and moths).
Catharanthus,Catharanthus is a genus of flowering plants in the family Apocynaceae.
Catharism,"Catharism ( KATH-ər-iz-əm; from the Ancient Greek: καθαροί, romanized: katharoi, ""the pure ones"" - καθαροί.) was a Christian dualist or Gnostic movement between the 12th and 14th centuries which thrived in Southern Europe, particularly in northern Italy and southern France."
Cathartes,The genus Cathartes includes medium-sized to large carrion-feeding birds in the New World vulture (Cathartidae) family.
Cathay,Cathay ( ka-THAY) is a historical name for China that was used in Europe.
Cathaya,"Cathaya is a genus in the pine family, Pinaceae, with one known living species, Cathaya argyrophylla."
Cather,Cather may refer to:
Catholicity,"Catholicity (from Ancient Greek: καθολικός, romanized: katholikós, lit. 'general', 'universal', via Latin: catholicus) is a concept of pertaining to beliefs and practices that are widely accepted by numerous Christian denominations, most notably by those Christian denominations that describe themselves as catholic in accordance with the Four Marks of the Church, as expressed in the Nicene Creed formulated at the First Council of Constantinople in 381: ""[I believe] in one, holy, catholic, and apostolic Church."" The English adjective catholic is derived from the Ancient Greek adjective καθολικός (romanized: katholikos), meaning ""general"", ""universal""."
Catholicos,A catholicos (plural: catholicoi) is the head of certain churches in some Eastern Christian traditions.
Catostomidae,"The Catostomidae are the suckers of the order Cypriniformes, with about 78 species in this family  of freshwater fishes."
Catostomus,"Catostomus is a genus of fish belonging to the family Catostomidae, commonly known as suckers."
Catullus,Gaius Valerius Catullus (Classical Latin: [ˈɡaːiʊs waˈɫɛriʊs kaˈtʊːlʊs]; c.
Caucasus,"The Caucasus (), or Caucasia (), is a transcontinental region between the Black Sea and the Caspian Sea, mainly comprising Armenia, Azerbaijan, Georgia, and parts of Southern Russia."
Caudata,The Caudata are a group of amphibians containing the extant salamanders (the order Urodela) and all extinct species of amphibians more closely related to salamanders than to frogs.
Caulophyllum,Caulophyllum is a small genus of perennial herbs belonging to the family Berberidaceae and closely related to the Eurasian genera Leontice and Gymnospermium.
Cavalier,"The term ""Cavalier"" () was first used by Roundheads as a term of abuse for the wealthier royalist supporters of King Charles I and his son Charles II of England during the English Civil War, the Interregnum, and the Restoration (1642 – c. 1679)."
Cavia,Cavia is a genus in the subfamily Caviinae that contains the rodents commonly known as guinea pigs or cavies.
Caviidae,"Caviidae, the cavy family, is composed of rodents native to South America and includes the domestic guinea pig, wild cavies, and the largest living rodent, the capybara."
Cebidae,The Cebidae are one of the five families of New World monkeys now recognised.
Cebu,"Cebu ( seb-OO; Cebuano: Sugbo), officially the Province of Cebu (Cebuano: Lalawigan sa Sugbo; Hiligaynon: Kapuroan sang Cebu; Tagalog: Lalawigan ng Cebu), is a province of the Philippines located in the Central Visayas (Region VII) region, and consists of a main island and 167 surrounding islands and islets."
Cecropia,Cecropia is a Neotropical genus consisting of 61 recognized species with a highly distinctive lineage of dioecious trees.
Cedrela,"Cedrela is a genus of several species in the mahogany family, Meliaceae."
Cedrus,"Cedrus, with the common English name cedar, is a genus of coniferous trees in the plant family Pinaceae (subfamily Abietoideae)."
Ceiba,"Ceiba is a genus of trees in the family Malvaceae, native to tropical and subtropical areas of the Americas (from Mexico and the Caribbean to northern Argentina) and tropical West Africa."
Celastraceae,"The Celastraceae (staff-vine or bittersweet) are a family of 98 genera and 1,350 species of herbs, vines, shrubs and small trees, belonging to the order Celastrales."
Celastrus,"Celastrus, commonly known as staff vine, staff tree or bittersweet, is the type genus of the family Celastraceae; it contains over 40 species of shrubs and vines, which have a wide distribution in East Asia, Australasia, Africa, and the Americas."
Celosia,"Celosia ( see-LOH-shee-ə) is a small genus of edible and ornamental plants in the amaranth family, Amaranthaceae."
Celsius,"The degree Celsius is the unit of temperature on the Celsius scale (originally known as the centigrade scale outside Sweden), one of two temperature scales used in the International System of Units (SI), the other being the closely related Kelvin scale."
Celtis,"Celtis is a genus of about 60–70 species of deciduous trees, commonly known as hackberries or nettle trees, widespread in warm temperate regions of the Northern Hemisphere."
Cenchrus,Cenchrus is a widespread genus of plants in the grass family.
Cenozoic,"The Cenozoic ( SEE-nə-ZOH-ik, SEN-ə-; lit. 'new life') is Earth's current geological era, representing the last 66 million years of Earth's history."
Centaur,"A centaur ( SEN-tor, SEN-tar; Ancient Greek: κένταυρος, romanized: kéntauros; Latin: centaurus), occasionally hippocentaur, also called Ixionidae (Ancient Greek: Ἰξιονίδαι, romanized: Ixionídai, lit. 'sons of Ixion'), is a creature from Greek mythology with the upper body of a human and the lower body and legs of a horse that was said to live in the mountains of Thessaly."
Centaurea,Centaurea () is a genus of over 700 species of herbaceous thistle-like flowering plants in the family Asteraceae.
Centaurium,"Centaurium (centaury) is a genus of 20 species in the gentian family (Gentianaceae), tribe Chironieae, subtribe Chironiinae."
Centaurus,Centaurus  is a bright constellation in the southern sky.
Centranthus,Centranthus is a flowering plant genus comprising herbs and subshrubs native to Southern Europe.
Centrarchidae,"Centrarchidae, better known as sunfishes, is a family of freshwater ray-finned fish belonging to the order Perciformes (formerly belonging to the deprecated order Centrarchiformes), native only to North America."
Centriscidae,"The Centriscidae are a family of fishes from the order Syngnathiformes which includes the snipefishes, shrimpfishes, and bellowfishes."
Centrocercus,Sage-grouse are grouse belonging to the bird genus Centrocercus.
Centrolobium,"Centrolobium is a Neotropical genus of flowering plants in the family Fabaceae, assigned to the informal monophyletic Pterocarpus clade of the Dalbergieae."
Centropomus,Centropomus  is a genus of predominantly marine fish comprising the family Centropomidae.
Centropristis,"Centropristis is a genus of marine ray-finned fishes which is a member of the subfamily Serraninae of the family Serranidae, which includes the groupers and anthias."
Centrosema,"Centrosema, the butterfly peas, is a genus of (mainly tropical) American vines in the legume family (Fabaceae)."
Centrospermae,"Centrospermae is a descriptive botanical name, published in 1878 by Eichler, meaning ""with the seed in the center"", referring to the free (central) placentation."
Cephalanthera,"Cephalanthera, abbreviated Ceph in horticultural trade, is a genus of mostly terrestrial orchids."
Cephalobidae,Cephalobidae is a family of nematodes belonging to the order Rhabditida.
Cephalotaxus,"Cephalotaxus, commonly called plum yew or cowtail pine, is a genus of conifers comprising 11 species, either considered the only member of the family Cephalotaxaceae, or in the Taxaceae when that family is considered in a broad sense."
Cephalotus,"Cephalotus ( or ; Greek: κεφαλή ""head"", and οὔς/ὠτός ""ear"", to describe the head of the anthers) is a genus which contains one species,  Cephalotus follicularis the Albany pitcher plant, a small carnivorous pitcher plant."
Cepphus,"Cepphus is a genus of seabirds in the auk family also referred to as true guillemots or, in North America, simply as guillemots."
Cerapteryx,Cerapteryx is a genus of moths of the family Noctuidae.
Cerastium,"Cerastium is a genus of annual, winter annual, or perennial flowering plants belonging to the family Caryophyllaceae."
Ceratitis,Ceratitis is a genus of tephritid fruit flies with about 80 species.
Ceratodontidae,Ceratodontidae is an extinct family of lungfish with fossils known worldwide from the earliest Triassic to the Eocene.
Ceratonia,"Ceratonia  is small genus of flowering trees in the pea family, Fabaceae, endemic to the Mediterranean region and the Middle East."
Ceratopetalum,Ceratopetalum is a genus of nine species of shrub and tree in the family Cunoniaceae.
Ceratophyllaceae,"Ceratophyllaceae is a cosmopolitan family of flowering plants including one living genus commonly found in ponds, marshes, and quiet streams in tropical and in temperate regions."
Ceratophyllum,"Ceratophyllum is a cosmopolitan genus of flowering plants including four accepted living species in 2016, commonly found in ponds, marshes, and quiet streams in tropical and in temperate regions."
Ceratopogon,Ceratopogon is a genus of flies belonging to the family Ceratopogonidae.The genus was first described by Meigen in 1803.The genus has almost cosmopolitan distribution.Species:
Ceratopogonidae,"Ceratopogonidae is a family of flies commonly known as no-see-ums, or biting midges, generally 1–3 millimetres (1⁄16–1⁄8 in) in length."
Ceratopsia,"Ceratopsia or Ceratopia ( or ; Greek: ""horned faces"") is a group of herbivorous, beaked dinosaurs that thrived in what are now North America, Europe, and Asia, during the Cretaceous Period, although ancestral forms lived earlier, in the Jurassic."
Ceratopsidae,"Ceratopsidae (sometimes spelled Ceratopidae) is a family of ceratopsian dinosaurs including Triceratops, Centrosaurus, and Styracosaurus."
Ceratopteris,Ceratopteris is the only genus among homosporous ferns that is exclusively aquatic.
Ceratostomataceae,"The Ceratostomataceae are a family of fungi in the phylum Ascomycota, class Sordariomycetes, subclass Hypocreomycetidae and order Coronophorales.Species in the family have a widespread distribution, and are found growing on other fungi, on soil, or on rotting vegetation."
Ceratostomella,Ceratostomella is a genus of fungi in the Annulatascaceae family of the Ascomycota.
Ceratotherium,"Ceratotherium (Greek: ""horn"" (keratos), ""beast"" (therion)) is a genus of the family Rhinocerotidae, consisting of a single extant species, the white rhinoceros (Ceratotherium simum), and its extinct relative Ceratotherium mauritanicum, of which Ceratotherium efficax is considered a synonym."
Cerberus,"In Greek mythology, Cerberus ( or ; Greek: Κέρβερος Kérberos [ˈkerberos]), often referred to as the hound of Hades, is a multi-headed dog that guards the gates of the Underworld to prevent the dead from leaving."
Cercidiphyllum,"Cercidiphyllum is a genus containing two species of plants, both commonly called katsura."
Cercis,Cercis  is a genus of about 10 species in the subfamily  Cercidoideae of the pea family Fabaceae.
Cercopidae,"Cercopidae are the largest family of Cercopoidea, a xylem-feeding insect group, commonly called froghoppers or spittlebugs."
Cercospora,Cercospora is a genus of ascomycete fungi.
Cercosporella,Cercosporella is a fungus genus in the family Mycosphaerellaceae.
Ceroxylon,"Ceroxylon is a genus of flowering plants in the family Arecaceae, native to the Andes in Venezuela, Colombia, Ecuador, Peru, and Bolivia, known as Andean wax palms.The species are almost exclusively montane and include the tallest palm (and thus tallest monocotyledon), C. quindiuense, which reaches 61 m (200 ft) in height, and species growing at the highest altitude of the palm family (Arecaceae), at more than 3,000 m (10,000 ft) in elevation."
Certhia,"Certhia  is the  genus of birds containing the typical treecreepers, which together with the African and Indian spotted creepers make up the family Certhiidae."
Cervus,"Cervus is a genus of deer that primarily are native to Eurasia, although one species occurs in northern Africa and another in North America."
Cestidae,Cestidae is a family of comb jellies.
Cestoda,Cestoda is a class of parasitic worms in the flatworm phylum (Platyhelminthes).
Cestrum,Cestrum is a genus of — depending on authority — 150-250 species of flowering plants in the family Solanaceae.
Cetacea,"Cetacea (; from Latin  cetus 'whale', from Ancient Greek  κῆτος (kêtos) 'huge fish, sea monster') is an infraorder of aquatic mammals belonging to the order Artiodactyla that includes whales, dolphins, and porpoises."
Cetonia,Cetonia is a genus of beetles in family Scarabaeidae.
Cetorhinidae,"Cetorhinidae is a family of filter feeding mackerel sharks, whose members are commonly known as basking sharks."
Cetraria,Cetraria is a genus of fruticose lichens that associate with green algae as photobionts.
Cetus,"Cetus () is a constellation, sometimes called 'the whale' in English."
Ceylonite,Ceylonite (first cited 1793) and pleonaste (first cited 1801) or pleonast are  dingy blue or  grey to black varieties of spinel.
Chabad,"Chabad, also known as Lubavitch, Habad and Chabad-Lubavitch (US: ; Hebrew: חב״ד לובביץּ׳; Yiddish: חב״ד ליובאוויטש), is an Orthodox Jewish Hasidic dynasty."
Chablis,Chablis (French pronunciation: [ʃabli] ) is a town and commune in the Yonne department in Bourgogne-Franche-Comté in north-central France.
Chad,"Chad (  chad), officially the Republic of Chad, is a landlocked country at the crossroads of North and Central Africa."
Chaenomeles,"Chaenomeles is a genus of four species of deciduous spiny shrubs, usually 1–3 m tall, in the family Rosaceae."
Chaenopsis,Chaenopsis is a genus of pikeblennies found in the Pacific and Atlantic oceans.
Chaeronea,"Chaeronea (English:  or ; Greek: Χαιρώνεια Chaironeia, Ancient Greek: [kʰai̯rɔ̌ːneːa]) is a village and a former municipality in Boeotia, Greece, located about 35 kilometers east of Delphi."
Chaetodipterus,"Chaetodipterus is a genus of marine ray-finned fishes belonging to the family Ephippidae, the spadefishes."
Chaetognatha,The Chaetognatha  or chaetognaths  (meaning bristle-jaws) are a phylum of predatory marine worms that are a major component of plankton worldwide.
Chain,"A chain is a serial assembly of connected pieces, called links, typically made of metal, with an overall character similar to that of a rope in that it is flexible and curved in compression but linear, rigid, and load-bearing in tension."
Chait,"Chait, also transliterated as Khait, is a Jewish family name, from  Hebrew חייט, “tailor”."
Chalcedon,"Chalcedon (; Ancient Greek: Χαλκηδών, romanized: Khalkēdṓn; sometimes transliterated as Khalqedon) was an ancient maritime town of Bithynia, in Asia Minor."
Chalcididae,"The Chalcididae are a moderate-sized family within the Chalcidoidea, composed mostly of parasitoids and a few hyperparasitoids."
Chalcis,"Chalcis (; Ancient Greek & Katharevousa: Χαλκίς, romanized: Chalkís), also called Chalkida or Halkida (Modern Greek: Χαλκίδα, pronounced [xalˈciða]), is the chief city of the island of Euboea or Evia in Greece, situated on the Euripus Strait at its narrowest point."
Chalcostigma,Chalcostigma is a genus of South American hummingbirds in the family Trochilidae.
Chaldea,"Chaldea () was a small country that existed between the late 10th or early 9th and mid-6th centuries BC, after which the country and its people were absorbed and assimilated into the indigenous population of Babylonia."
Chamaecrista,"Chamaecrista is a genus of flowering plants in the pea family, Fabaceae, subfamily Caesalpinioideae."
Chamaecyparis,"Chamaecyparis, common names cypress or false cypress (to distinguish it from related cypresses), is a genus of conifers in the cypress family Cupressaceae, native to eastern Asia (Japan and Taiwan) and to the western and eastern margins of the United States."
Chamaecytisus,"Chamaecytisus is a genus of flowering plants in the legume family, Fabaceae."
Chamaedaphne,"Chamaedaphne calyculata, known commonly as leatherleaf or cassandra, is a perennial dwarf shrub in the plant family Ericaceae and the only species in the genus Chamaedaphne."
Chamaeleo,Chamaeleo is a genus of chameleons in the family Chamaeleonidae.
Chamaeleon,Chamaeleon () is a small constellation in the deep southern sky.
Chamaemelum,Chamaemelum is a small genus of plants in the daisy family commonly known as chamomiles or dogfennels.
Chameleon,Chameleons or chamaeleons (family Chamaeleonidae) are a distinctive and highly specialized clade of Old World lizards with 200 species described as of June 2015.
Champagne,"Champagne (, French: [ʃɑ̃paɲ]) is a sparkling wine originated and produced in the Champagne wine region of France under the rules of the appellation, which demand specific vineyard practices, sourcing of grapes exclusively from designated places within it, specific grape-pressing methods and secondary fermentation of the wine in the bottle to cause carbonation."
Chancellor,Chancellor (Latin: cancellarius) is a title of various official positions in the governments of many nations.
Chandi,"Chandi (Sanskrit: चण्डी, Caṇḍī) or Chandika (Caṇḍika) is a Hindu deity."
Chapultepec,"Chapultepec, more commonly called the ""Bosque de Chapultepec"" (Chapultepec Forest) in Mexico City, is one of the largest city parks in Mexico, measuring in total just over 686 hectares (1,700 acres)."
Characeae,"Characeae is a family of freshwater green algae in the order Charales, commonly known as stoneworts."
Characidae,"Characidae, the characids or characins is a family of freshwater subtropical and tropical fish, belonging to the order Characiformes."
Charadriidae,"The bird family Charadriidae includes the plovers, dotterels, and lapwings."
Charadriiformes,"Charadriiformes (, from Charadrius, the type genus of family Charadriidae) is a diverse order of small to medium-large birds."
Charadrius,"Charadrius is a genus of plovers, a group of wading birds."
Charales,"Charales is an order of freshwater green algae in the division Charophyta, class Charophyceae, commonly known as stoneworts."
Chardonnay,"Chardonnay (UK: , US: , French: [ʃaʁdɔnɛ] ) is a green-skinned grape variety used in the production of white wine."
Charina,"Charina is a genus of nonvenomous boas, commonly known as rubber boas, found in North America."
Charlemagne,"Charlemagne ( SHAR-lə-mayn, -⁠MAYN; 2 April 748 – 28 January 814) was King of the Franks from 768, King of the Lombards from 774, and the Holy Roman Emperor from 800, all until his death in 814."
Charleroi,"Charleroi (UK: , US: , French: [ʃaʁləʁwa] ; Walloon: Tchålerwè [tʃɑːlɛʀwɛ]) is a city and a municipality of Wallonia, located in the province of Hainaut, Belgium."
Charles,Charles is a masculine given name predominantly found in English and French speaking countries.
Charlottetown,"Charlottetown is the capital and largest city of the Canadian province of Prince Edward Island, and the county seat of Queens County."
Charon,"In Greek mythology, Charon or Kharon ( KAIR-on, -⁠ən; Ancient Greek: Χάρων) is a psychopomp, the ferryman of the Greek underworld."
Charophyceae,Charophyceae is a class of charophyte green algae.
Chartism,"Chartism was a working-class movement for political reform in the United Kingdom that erupted from 1838 to 1857 and was strongest in 1839, 1842 and 1848."
Chartres,Chartres (French pronunciation: [ʃaʁtʁ] ) is the prefecture of the Eure-et-Loir department in the Centre-Val de Loire region in France.
Charybdis,"Charybdis (; Ancient Greek: Χάρυβδις, romanized: Khárybdis, Attic Greek: [kʰá.ryb.dis̠]; Latin: Charybdis, Classical Latin: [kʰäˈrʏb.d̪ɪs]) is a sea monster in Greek mythology."
Chauna,Chauna is a genus of birds in the screamer family.
Chechnya,"Chechnya, officially the Chechen Republic, is a republic of Russia."
Cheever,Cheever is an English surname.
Cheilanthes,"Cheilanthes, commonly known as lip ferns, is a genus of about 180 species of rock-dwelling ferns with a cosmopolitan distribution in warm, dry, rocky regions, often growing in small crevices high up on cliffs."
Chelicerata,"The subphylum Chelicerata (from Neo-Latin, from French  chélicère, from Ancient Greek  χηλή (khēlḗ) 'claw, chela', and  κέρας (kéras) 'horn') constitutes one of the major subdivisions of the phylum Arthropoda."
Chelidonium,"Chelidonium, commonly known as celandines, is a small genus of flowering plants in the poppy family, This genus is native to northern Africa and Eurasia, where they are widespread, ranging from western Europe to east Asia.This genus consists of herbaceous perennials."
Cheloniidae,"Cheloniidae is a family of typically large marine turtles that are characterised by their common traits such as, having a flat streamlined wide and rounded shell and almost paddle-like flippers for their forelimbs."
Chelyabinsk,"Chelyabinsk (Russian: Челя́бинск, IPA: [tɕɪˈlʲæbʲɪnsk] ; Bashkir: Силәбе, romanized: Siläbe) is the administrative center and largest city of Chelyabinsk Oblast, Russia."
Chelydra,"Chelydra  is one of the two extant genera of the snapping turtle family, Chelydridae, the other being Macrochelys, the much larger alligator snapping turtle."
Chelydridae,The Chelydridae is a family of turtles that has seven extinct and two extant genera.
Chemnitz,"Chemnitz (German: [ˈkɛmnɪts] ; from 1953 to 1990: Karl-Marx-Stadt [kaʁlˈmaʁksˌʃtat] , lit. 'Karl Marx City') is the third-largest city in the German state of Saxony after Leipzig and Dresden."
Chennai,"Chennai ( , Tamil: [ˈt͡ɕenːaɪ̯], IAST: Cennaī), formerly known as Madras, is the capital city of Tamil Nadu, the southernmost state of India."
Chenopodium,"Chenopodium is a genus of numerous species of perennial or annual herbaceous flowering plants known as the goosefoot, which occur almost anywhere in the world."
Cherbourg,Cherbourg is a former commune and subprefecture located at the northern end of the Cotentin peninsula in the northwestern French department of Manche.
Cherepovets,"Cherepovets (Russian: Череповец, IPA: [tɕɪrʲɪpɐˈvʲets]) is a city in Vologda Oblast, Russia, located in the west of the oblast on the banks of the Sheksna River (a tributary of the Volga River) and on the shores of the Rybinsk Reservoir."
Chernobyl,"Chernobyl ( chur-NOH-bəl, UK also  chur-NOB-əl; Russian: Чернобыль, IPA: [tɕɪrˈnobɨlʲ]) or Chornobyl (Ukrainian: Чорнобиль, IPA: [tʃorˈnɔbɪlʲ] ) is a partially abandoned city in the Chernobyl Exclusion Zone, situated in the Vyshhorod Raion of northern Kyiv Oblast, Ukraine."
Cherokee,"The Cherokee (; Cherokee: ᎠᏂᏴᏫᏯᎢ, romanized: Aniyvwiyaʔi or Anigiduwagi, or Cherokee: ᏣᎳᎩ, romanized: Tsalagi) are one of the Indigenous peoples of the Southeastern Woodlands of the United States."
Cherubini,Cherubini is an Italian surname.
Chester,"Chester is a cathedral city and the county town of Cheshire, England, on the River Dee, close to the England-Wales border."
Cheyenne,The Cheyenne ( shy-AN) are an Indigenous people of the Great Plains.
Chianti,"Chianti is an Italian red wine produced in the Chianti region of central Tuscany, principally from the Sangiovese grape."
Chicago,"Chicago (  shih-KAH-goh, locally also  shih-KAW-goh; Miami-Illinois: Shikaakwa; Ojibwe: Zhigaagong) is the most populous city in the U.S. state of Illinois and the third-most populous in the United States after New York City and Los Angeles."
Chicano,"Chicano (masculine form) or Chicana (feminine form) is an ethnic identity for Mexican Americans who have a non-Anglo self-image, embracing their Mexican Native ancestry."
Chickasaw,"The Chickasaw ( CHIK-ə-saw) are an Indigenous people of the Southeastern Woodlands, United States."
Chile,"Chile, officially the Republic of Chile, is a country located in western South America."
Chilomastix,"Chilomastix is a genus of pyriform excavates within the family Retortamonadidae All species within this genus are flagellated, structured with three flagella pointing anteriorly and a fourth contained within the feeding groove."
Chilomycterus,"Chilomycterus is a genus of diodontid tetraodontiform fishes commonly called ""burrfish."""
Chilopsis,Chilopsis is a monotypic genus of flowering plants containing the single species Chilopsis linearis.
Chimaera,"Chimaeras are cartilaginous fish in the order Chimaeriformes , known informally as ghost sharks, rat fish, spookfish, or rabbit fish; the last three names are not to be confused with rattails, Opisthoproctidae, or Siganidae, respectively."
Chimaeridae,"The Chimaeridae, or short-nosed chimaeras, are a family of cartilaginous fish."
Chimakum,"The Chimakum, also spelled Chemakum and Chimacum  Native American people (known to themselves as Aqokúlo and sometimes called the Port Townsend Indians), were a group of Native Americans who lived in the northeastern portion of the Olympic Peninsula in Washington state, between Hood Canal and Discovery Bay until their virtual extinction in 1902."
Chimaphila,"Chimaphila (prince's pine or wintergreen; from Greek: cheima 'winter' and philos 'lover', hence 'winter lover') is a genus of five species of small, evergreen, flowering plants native to temperate regions of the Northern Hemisphere."
Chimborazo,Chimborazo (Spanish pronunciation: [tʃimboˈɾaso] ) is an inactive stratovolcano situated in the Cordillera Occidental range of the Andes.
Chimonanthus,"Chimonanthus is a genus of flowering plants in the family Calycanthaceae, native to China, but is also cultivated elsewhere in Asia, including Iran."
Chin,The chin is the forward pointed part of the anterior mandible (mental region) below the lower lip.
China,"China (Chinese: 中国; pinyin: Zhōngguó), officially the People's Republic of China (PRC), is a country in East Asia."
Chinaman,"Chinaman () is a term referring to a Chinese man or person, a Mainland Chinese national or, in some cases, a person native to geographical East Asia or of perceived East Asian race."
Chinchillidae,"The family Chinchillidae is in the order Rodentia and consists of the chinchillas, the viscachas, and their fossil relatives."
Chiococca,Chiococca is a genus of flowering plants in the family Rubiaceae.
Chionanthus,"Chionanthus (), common name: fringetrees, is a genus of about 150 species of flowering plants in the family Oleaceae."
Chios,"Chios (; Greek: Χίος, romanized: Chíos [ˈçi.os] , traditionally known as Scio in English) is the fifth largest Greek island, situated in the northern Aegean Sea, and the tenth largest island in the Mediterranean Sea."
Chipewyan,"The Chipewyan ( CHIP-ə-WY-ən, also called  Denésoliné or Dënesųłı̨né or Dënë Sųłınë́, meaning ""the original/real people"") are a Dene Indigenous Canadian people of the Athabaskan language family, whose ancestors are identified with the Taltheilei Shale archaeological tradition."
Chirocephalus,Chirocephalus is a genus of fairy shrimp in the family Chirocephalidae.
Chiron,"In Greek mythology, Chiron ( KY-rən; also Cheiron or Kheiron; Ancient Greek: Χείρων, romanized: Kheírōn, lit. 'hand') was held to be the superlative centaur amongst his brethren since he was called the ""wisest and justest of all the centaurs""."
Chironomidae,"The Chironomidae (informally known as chironomids, nonbiting midges, or lake flies) comprise a family of nematoceran flies with a global distribution."
Chironomus,"Chironomus is a genus of nonbiting midges in the subfamily Chironominae of the bloodworm family, Chironomidae, containing several cryptic species that can only be distinguished by experts based on the characteristics of their giant chromosomes."
Chittagong,"Chattogram ( CHIT-ə-gong), unofficially Chittagong  (Bengali: চট্টগ্রাম, romanized: Chôṭṭôgrām [ˈtʃɔʈːoɡram]), also known as Chatgaon (Bengali: চাটগাঁ, romanized: Chātgã), is the second-largest city in Bangladesh after Dhaka and the third largest city in the Bengal region after Dhaka and Kolkata."
Chlamydera,Chlamydera is a genus of birds in the family Ptilonorhynchidae.
Chlamydiaceae,"The Chlamydiaceae are a family of gram-negative bacteria that belongs to the phylum Chlamydiota, order Chlamydiales."
Chlamydomonadaceae,Chlamydomonadaceae is a family of algae within the order Chlamydomonadales.
Chlamydomonas,"Chlamydomonas ( KLAM-ih-DOM-ə-nəs, -⁠də-MOH-) is a genus of green algae consisting of about 150 species of unicellular flagellates, found in stagnant water and on damp soil, in freshwater, seawater, and even in snow as ""snow algae""."
Chloranthaceae,"Chloranthaceae  is a family of flowering plants (angiosperms), the only family in the order Chloranthales."
Chloranthus,Chloranthus is a genus of flowering plants in the family Chloranthaceae.
Chloris,"In Greek mythology, the name Chloris (; Greek Χλωρίς Chlōrís, from χλωρός chlōrós, meaning ""greenish-yellow"", ""pale green"", ""pale"", ""pallid"", or ""fresh"") appears in a variety of contexts."
Chlorococcales,Chlorococcales is a formerly recognized order of green algae in the class Chlorophyceae.
Chlorococcum,"Chlorococcum is a genus of green algae, in the family Chlorococcaceae."
Chlorophoneus,"Chlorophoneus is a genus of bird in the bushshrike family, Malaconotidae."
Chlorophyceae,"The Chlorophyceae are one of the classes of green algae, distinguished mainly on the basis of ultrastructural morphology."
Chlorophyta,Chlorophyta is a taxon of green algae informally called chlorophytes.
Chloroxylon,Chloroxylon is a genus of trees in the family Rutaceae.
Choctaw,"The Choctaw (in the Choctaw language, Chahta) are a Native American people originally based in the Southeastern Woodlands, in what is now Alabama and Mississippi."
Chondrichthyes,"Chondrichthyes (; from Ancient Greek  χόνδρος (khóndros) 'cartilage', and  ἰχθύς (ikhthús) 'fish') is a class of jawed fish that contains the cartilaginous fish or chondrichthyians, which all have skeletons primarily composed of cartilage."
Chondrus,Chondrus is a genus of red algae containing 11 accepted species:
Chongqing,"Chongqing ( CHONG-CHING or  chong-CHING; simplified Chinese: 重庆; traditional Chinese: 重慶; pinyin: Chóngqìng; Sichuanese pronunciation: [tsʰoŋ˨˩tɕʰin˨˩˦], Standard Mandarin pronunciation: [ʈʂʰʊ̌ŋ.tɕʰîŋ] ; alternately romanized as Chungking, ) is a major city in the People's Republic of China."
Chordeiles,Chordeiles is a New World genus of nighthawks in the family Caprimulgidae.
Chorizagrotis,Chorizagrotis is a genus of moths of the family Noctuidae.
Chorizema,"Chorizema, commonly known as flame peas, is a genus of flowering plants in the family Fabaceae and is endemic to Australia."
Christchurch,Christchurch (; Māori: Ōtautahi) is the largest city in the South Island of New Zealand and the seat of the Canterbury Region.
Christendom,"Christendom historically refers to the Christian states, Christian empires, Christian-majority countries and the countries in which Christianity dominates, prevails, or that it is culturally or historically intertwined with."
Christianity,Christianity () is an Abrahamic monotheistic religion based on the life and teachings of Jesus.
Christianization,Christianization (or Christianisation) is a term for the specific type of change that occurs when someone or something has been or is being converted to Christianity.
Christmas,"Christmas is an annual festival commemorating the birth of Jesus Christ, observed primarily on December 25 as a religious and cultural celebration among billions of people around the world."
Christmasberry,"Christmasberry (also Christmas berry or Christmas-berry) can refer to any one of several shrubs or small trees, as well as their colorful fruit:"
Christmastide,"Christmastide, also known as Christide, is a season of the liturgical year in most Christian churches."
Christology,"In Christianity, Christology (from the Greek Χριστός, Khristós and -λογία, -logia), translated from Greek as 'the study of Christ', is a branch of theology that concerns Jesus."
Christopher,Christopher is the English version of a Europe-wide name derived from the Greek name Χριστόφορος (Christophoros or Christoforos).
Chronoperates,"Chronoperates (meaning ""time wanderer"" in Greek) is an extinct genus of mammal whose remains have been found in a late Paleocene deposit in Alberta, Canada."
Chrysaora,"Chrysaora () is a genus of jellyfish, commonly called the sea nettles, in the family Pelagiidae."
Chrysemys,Chrysemys is a genus of turtles in the family Emydidae.
Chrysobalanus,"Chrysobalanus is a genus of evergreen perennial shrubs to small trees, described as a genus by Linnaeus in 1753."
Chrysochloris,Chrysochloris is a genus of mammal in the family Chrysochloridae.
Chrysolepis,"Chrysolepis is a small genus of plants in the family Fagaceae, endemic to the western United States."
Chrysolophus,Chrysolophus is a genus of the pheasant family of birds.
Chrysophyllum,"Chrysophyllum is a group of trees in the Sapotaceae described as a genus by Linnaeus in 1753.The genus is native to the tropical Americas, from Mexico to northern Argentina, including the Caribbean."
Chrysophyta,Chrysophyta or golden algae is a term used to refer to certain heterokonts.
Chrysopidae,Green lacewings are insects in the large family Chrysopidae of the order Neuroptera.
Chrysopsis,Chrysopsis (golden asters) are plants in the family Asteraceae native to the southern and eastern United States.
Chrysosplenium,Chrysosplenium (golden saxifrage or golden-saxifrage) is a genus of 57 species of flowering plant in the family Saxifragaceae.
Chrysothamnus,"Chrysothamnus, known as rabbitbrush, rabbitbush, and chamisa, are a genus of shrubs in the family Asteraceae."
Chytridiaceae,The Chytridiaceae are a family of fungi in the order Chytridiales.
Chytridiales,"Fungi of the order Chytridiales, like other members of its division, may either have a monocentric thallus or a polycentric rhizomycelium."
Chytridiomycetes,Chytridiomycetes () is a class of fungi.
Ciardi,Ciardi is an Italian surname.
Cibotium,"Cibotium (from Greek κιβώτιον, kibṓtion, ""little chest"" or ""box""), also known as manfern, is a genus of 11 species of tropical tree ferns."
Cicadidae,"Cicadidae, the true cicadas, is one of two families of cicadas, containing almost all living cicada species with more than 3,200 species worldwide."
Cicer,"Cicer is a genus of the legume family, Fabaceae, and the only genus found in tribe Cicereae."
Cicero,"Marcus Tullius Cicero ( SISS-ə-roh; Latin: [ˈmaːrkʊs ˈtʊlːi.ʊs ˈkɪkɛroː]; 3 January 106 BC – 7 December 43 BC) was a Roman statesman, lawyer, scholar, philosopher, writer and Academic skeptic, who tried to uphold optimate principles during the political crises that led to the establishment of the Roman Empire."
Cichorium,Cichorium is a genus of plants in the tribe Cichorieae within the family Asteraceae.
Ciconia,Ciconia ( sih-KOH-nee-uh; Classical Latin: [kiˈkoː.ni.a]) is a genus of birds in the stork family.
Cicuta,"Cicuta, commonly known as water hemlock, is a genus of four species of highly poisonous plants in the family Apiaceae."
Cimabue,"Cimabue (Italian: [tʃimaˈbuːe]), c. 1240 – 1302,  was an Italian painter and designer of mosaics from Florence."
Cimex,Cimex is a genus of insects in the family Cimicidae.
Cimicidae,The Cimicidae are a family of small parasitic bugs that feed exclusively on the blood of warm-blooded animals.
Cincinnati,"Cincinnati ( SIN-si-NAT-ee, nicknamed Cincy) is a city in and the county seat of Hamilton County, Ohio, United States."
Cinderella,"""Cinderella"", or ""The Little Glass Slipper"", is a folk tale with thousands of variants that are told throughout the world."
Cinnamomum,"Cinnamomum is a genus of evergreen aromatic trees and shrubs belonging to the laurel family, Lauraceae."
Circaea,"The Circaea, or enchanter's nightshades, are a genus of flowering plants in the evening primrose family Onagraceae."
Circaetus,"Circaetus, the snake eagles, is a genus of medium-sized eagles in the bird of prey family Accipitridae."
Circe,"Circe (; Ancient Greek: Κίρκη : Kírkē, pronounced [kírkɛː]) is an enchantress and a minor goddess in ancient Greek mythology and religion."
Circinus,"Circinus is a small, faint constellation in the southern sky, first defined in 1756 by the French astronomer Nicolas-Louis de Lacaille."
Circumcision,Circumcision is a procedure that removes the foreskin from the human penis.
Circus,"A circus is a company of performers who put on diverse entertainment shows that may include clowns, acrobats, trained animals, trapeze acts, musicians, dancers, hoopers, tightrope walkers, jugglers, magicians, ventriloquists, and unicyclists as well as other object manipulation and stunt-oriented artists."
Cirsium,"Cirsium is a genus of perennial and biennial flowering plants in the Asteraceae, one of several genera known commonly as thistles."
Cistaceae,"The Cistaceae  are a small family of plants (rock-rose or  rock rose family) known for their beautiful shrubs, which are profusely covered by flowers at the time of blossom."
Cistothorus,Cistothorus is a genus of small passerine birds in the family Troglodytidae.
Cistus,"Cistus (from the Greek kistos) is a genus of flowering plants in the rockrose family Cistaceae, containing about 20 species (Ellul et al."
Citation,A citation is a reference to a source.
Citharichthys,"Citharichthys is a genus of flatfish in the large-tooth flounder family, Paralichthyidae."
Citrullus,"Citrullus is a genus of seven species of desert vines, among which Citrullus lanatus (the watermelon) is an important crop."
Cladonia,Cladonia is a genus of moss-like lichens in the family Cladoniaceae.
Cladoniaceae,The Cladoniaceae are a family of lichenized fungi in the order Lecanorales.
Cladrastis,Cladrastis (yellowwood) is a genus of flowering plants in the family Fabaceae.
Clark,"Clark is an English language surname, ultimately derived from the Latin with historical links to England, Scotland, and Ireland clericus meaning ""scribe"", ""secretary"" or a scholar within a religious order, referring to someone who was educated."
Clathrus,"Clathrus is a genus of fungi of the family Phallaceae, the stinkhorn fungi."
Claudius,"Tiberius Claudius Caesar Augustus Germanicus (; Latin: [tɪˈbɛriʊs ˈklau̯diʊs ˈkae̯sar au̯ˈɡʊstʊs gɛrˈmaːnɪkʊs]; 1 August 10 BC – 13 October AD 54) was Roman emperor, ruling from AD 41 to 54."
Clavariaceae,The Clavariaceae are a family of fungi in the order Agaricales.
Clavicipitaceae,The Clavicipitaceae are a family of fungi within the order Hypocreales.
Clay,"Clay is a type of fine-grained natural soil  material containing clay minerals (hydrous aluminium phyllosilicates, e.g."
Claytonia,"Claytonia (spring beauty) is a genus of flowering plants native to Asia, North America, and Central America."
Cleanthes,Cleanthes (; Greek: Κλεάνθης; c.
Cleistes,Cleistes is a genus of orchids (family Orchidaceae).
Clemens,"Clemens is a Late Latin, German, and Dutch masculine given name and a surname, meaning ""merciful""."
Cleome,"Cleome  is a genus of flowering plants in the family Cleomaceae, commonly known as spider flowers, spider plants, spider weeds, or bee plants."
Cleopatra,Cleopatra VII Thea Philopator (Koinē Greek: Κλεοπάτρα Θεά Φιλοπάτωρ lit.
Cleridae,Cleridae are a family of beetles of the superfamily Cleroidea.
Clethra,Clethra is a genus of flowering shrubs or small trees described as a genus by Linnaeus in 1753.Clethra is one of two genera in the family Clethraceae (the other being Purdiaea).
Clethraceae,"The Clethraceae are a small family of flowering plants in the order Ericales, composed of two genera, Clethra and Purdiaea, with approximately 75 species."
Clethrionomys,"Clethrionomys is a genus of small, slender voles."
Cleveland,"Cleveland ( KLEEV-lənd), officially the City of Cleveland, is a city in the U.S. state of Ohio and the county seat of Cuyahoga County."
Cliftonia,"Cliftonia monophylla, the buck-wheat tree, buckwheat tree or black titi, is a tree native to the southeastern United States."
Clinidae,"Clinidae is a family of marine fish in the order Blenniiformes within the series Ovalentaria, part of the Percomorpha ."
Clinopodium,Clinopodium is a genus of flowering plants in the family Lamiaceae.
Clinton,"Clinton is an English toponymic surname, indicating one's ancestors came from English places called Glympton or Glinton."
Clio,"In Greek mythology, Clio (traditionally , but now more frequently ; Greek: Κλειώ), also spelled Kleio, is the muse of history, or in a few mythological accounts, the muse of lyre-playing."
Clioquinol,Clioquinol (iodochlorhydroxyquin) is an antifungal drug and antiprotozoal drug.
Clitocybe,"Clitocybe is a genus of mushrooms characterized by white, off-white, buff, cream, pink, or light-yellow spores, gills running down the stem, and pale white to brown or lilac coloration."
Clitoria,"Clitoria is a genus of mainly tropical and subtropical, insect-pollinated flowering pea vines."
Clive,Clive is a name.
Clorox,The Clorox Company (formerly Clorox Chemical Company) is an American global manufacturer and marketer of consumer and professional products.
Clotho,"Clotho (; Greek: Κλωθώ) or Klotho, is a mythological figure."
Clupea,"Clupea is genus of planktivorous bony fish belonging to the family Clupeidae, commonly known as herrings."
Clupeidae,"Clupeidae is a family of clupeiform ray-finned fishes, comprising, for instance, the herrings and sprats."
Clusiaceae,The Clusiaceae or Guttiferae Juss.
Clytemnestra,"Clytemnestra (, UK also ; Greek: Κλυταιμνήστρα, Klytaimnḗstrā, [klytai̯mnɛ̌ːstraː]), in Greek mythology, was the wife of Agamemnon, king of Mycenae, and the half-sister of Helen of Troy."
Cnemidophorus,Cnemidophorus is a genus of lizards in the family Teiidae.
Cnidaria,"Cnidaria () is a phylum under kingdom Animalia containing over 11,000 species of aquatic animals found both in freshwater and marine environments (predominantly the latter), including jellyfish, hydroids, sea anemone, corals and some of the smallest marine parasites."
Cnidoscolus,Cnidoscolus is a plant genus of the family Euphorbiaceae first described as a genus in 1827.
Cnut,Cnut (; Old English: Cnut; Old Norse: Knútr Old Norse pronunciation: [ˈknuːtr]; c.
Coahuila,"Coahuila (Spanish pronunciation: [koaˈwila] ), formally Coahuila de Zaragoza (Latin American Spanish: [koaˈwila ðe saɾaˈɣosa] ; Lipan: Nacika), officially the Free and Sovereign State of Coahuila de Zaragoza (Spanish: Estado Libre y Soberano de Coahuila de Zaragoza), is one of the 32 states of Mexico."
Cobitidae,"Cobitidae, also known as the True loaches, is a family of Old World freshwater fish."
Coca,"Coca is any of the four cultivated plants in the family Erythroxylaceae, native to western South America."
Coccidae,The Coccidae are a family of scale insects belonging to the superfamily Coccoidea.
Coccidia,"Coccidia (Coccidiasina) are a subclass of microscopic, spore-forming, single-celled obligate intracellular parasites belonging to the apicomplexan class Conoidasida."
Coccinellidae,Coccinellidae () is a widespread family of small beetles.
Cocculus,"Cocculus  is a genus of four species of woody vines and shrubs, native to  tropical and subtropical regions of Africa and Asia."
Coccyzus,Coccyzus is a genus of  cuckoos which occur in the Americas.
Cochise,"Cochise ( koh-CHEESS; Apache: Shi-ka-She or A-da-tli-chi, lit. 'having the quality/strength of an oak'; later K'uu-ch'ish or Cheis, lit. 'oak'; c. 1805 – June 8, 1874) was the leader of the Chiricahui local group of the Chokonen and principal nantan of the Chokonen band of a Chiricahua Apache."
Cochlearia,Cochlearia (scurvy-grass or spoonwort) is a genus of about 30 species of annual and perennial herbs in the family Brassicaceae.
Cochran,Cochran is a surname of Scottish (and most likely of Cumbric) origin.
Cockaigne,"Cockaigne or Cockayne () is a land of plenty in medieval myth, an imaginary place of extreme luxury and ease where physical comforts and pleasures are always immediately at hand and where the harshness of medieval peasant life does not exist."
Cockcroft,Cockcroft or Cockroft is a surname.
Cockney,"Cockney is a dialect of the English language, mainly spoken in London and its environs, particularly by Londoners with working-class and lower middle-class roots."
Cocopah,"The Cocopah (Cocopah: Xawiƚƚ Kwñchawaay) are Native Americans who live in Baja California, Mexico, and Arizona, United States."
Cocytus,"Cocytus  or Kokytos  (Ancient Greek: Κωκυτός, literally ""lamentation"") is the river of wailing  in the underworld in Greek mythology."
Codariocalyx,"Codariocalyx is a genus of flowering plants in the legume family, Fabaceae."
Codiaeum,Codiaeum is a genus of plants under the family Euphorbiaceae first described as a genus in 1824.
Coelenterata,"Coelenterata is a term encompassing the animal phyla Cnidaria (coral animals, true jellies, sea anemones, sea pens, and their relatives) and Ctenophora (comb jellies)."
Coffea,Coffea is a genus of flowering plants in the family Rubiaceae.
Cognac,"Cognac ( KON-yak, also US:  KOHN-, KAWN-, French: [kɔɲak] ) is a variety of brandy named after the commune of Cognac, France."
Cohan,Cohan is a surname of Irish origins.
Cohn,Cohn is a Jewish surname (related to the last name Cohen).
Cola,"Cola is a carbonated soft drink flavored with vanilla, cinnamon, citrus oils, and other flavorings."
Colaptes,Colaptes is a genus of birds in the woodpecker family Picidae.
Colchicaceae,Colchicaceae is a family of flowering plants that includes 15 genera with a total of about 285 known species according to Christenhusz and Byng in 2016.
Colchicum,Colchicum ( KOL-chik-əm or  KOL-kik-əm) is a genus of perennial flowering plants containing around 160 species which grow from bulb-like corms.
Colchis,"In classical antiquity and Greco-Roman geography, Colchis (; Ancient Greek: Κολχίς) was an exonym for the Georgian polity of Egrisi (Georgian: ეგრისი) located on the eastern coast of the Black Sea, centered in present-day western Georgia."
Coleonyx,Coleonyx is a genus of terrestrial geckos commonly referred to as banded geckos.
Colette,"Sidonie-Gabrielle Colette (French: [sidɔni ɡabʁijɛl kɔlɛt]; 28 January 1873 – 3 August 1954), known as Colette, was a French author and woman of letters."
Colima,"Colima (Spanish pronunciation: [koˈlima] ), officially the Free and Sovereign State of Colima (Spanish: Estado Libre y Soberano de Colima), is among the 31 states that make up the 32 Federal Entities of Mexico."
Colinus,"Colinus is a genus of birds in the New World quail family, Odontophoridae."
Collinsia,"Collinsia is a genus of about 20 species of annual flowering plants, consisting of the blue eyed Marys and the Chinese houses."
Collinsonia,Collinsonia is a genus of flowering plants in the family Lamiaceae.
Collocalia,"Collocalia is a genus of swifts, containing some of the smaller species termed ""swiftlets""."
Colocasia,"Colocasia is a genus of flowering plants in the family Araceae, native to southeastern Asia and the Indian subcontinent."
Cologne,Cologne (  kə-LOHN; German: Köln [kœln] ; Kölsch: Kölle [ˈkœlə] ) is the largest city of the German state of North Rhine-Westphalia and the fourth-most populous city of Germany with nearly 1.1 million inhabitants in the city proper and over 3.1 million people in the Cologne Bonn urban region.
Colombia,"Colombia ( , ; Spanish: [koˈlombja] ), officially the Republic of Colombia, is a country  mostly in South America with insular regions in North America."
Colombo,"Colombo ( kə-LUM-boh; Sinhala: කොළඹ, romanized: Koḷam̆ba, IPA: [ˈkoləᵐbə]; Tamil: கொழும்பு, romanized: Koḻumpu, IPA: [koɻumbɯ]) is the executive and judicial capital and largest city of Sri Lanka by population."
Colony,A colony is a territory subject to a form of foreign rule.
Colorado,"Colorado ( , other variants) is a state in the Mountain West subregion of the Western United States."
Colossae,"Colossae (; Greek: Κολοσσαί) was an ancient city of Phrygia in Asia Minor, and one of the most celebrated cities of southern Anatolia (modern Turkey)."
Colosseum,"The Colosseum ( KOL-ə-SEE-əm; Italian: Colosseo [kolosˈsɛːo]) is an elliptical amphitheatre in the centre of the city of Rome, Italy, just east of the Roman Forum."
Colubridae,"Colubridae (, commonly known as colubrids , from Latin: coluber, 'snake') is a family of snakes."
Colubrina,"Colubrina is a genus of about 30 species of flowering plants in the family Rhamnaceae, native to warm temperate to tropical regions of Africa, the Americas, southern Asia, northern Australia, and the Indian Ocean islands."
Columba,Columba () or Colmcille (7 December 521 – 9 June 597 AD) was an Irish abbot and missionary evangelist credited with spreading Christianity in what is today Scotland at the start of the Hiberno-Scottish mission.
Columbidae,Columbidae ( kə-LUM-bih-dee) is a bird family consisting of doves and pigeons.
Colutea,"Colutea is a genus of about 28 species of deciduous flowering shrubs in the legume family Fabaceae, growing from 2–5 m tall, native to southern Europe, north Africa and southwest Asia."
Colymbiformes,Colymbiformes is a disused order of birds that was once used to classify grebes and loons.
Comanche,"The Comanche  or Nʉmʉnʉʉ (Comanche: Nʉmʉnʉʉ, ""the people"") is a Native American tribe from the Southern Plains of the present-day United States."
Comandra,Comandra is a monotypic genus containing the single species Comandra umbellata.
Comatulidae,Comatulidae is a family of comatulid crinoids.
Combretaceae,"The Combretaceae, often called the white mangrove family, are a family of flowering plants in the order Myrtales."
Commelinaceae,Commelinaceae is a family of flowering plants.
Commelinales,Commelinales is an order of flowering plants.
Commerce,"Commerce is the large-scale organized system of activities, functions, procedures and institutions that directly or indirectly contribute to the smooth, unhindered distribution and transfer of goods and services on a substantial scale and at the right time, place, quantity, quality and price through various channels from the original producers to the final consumers within local, regional, national or international economies."
Commiphora,"The genus of the myrrhs, Commiphora, is the most species-rich genus of flowering plants in the frankincense and myrrh family, Burseraceae."
Commons,"The commons is the cultural and natural resources accessible to all members of a society, including natural materials such as air, water, and a habitable Earth."
Comoros,"The Comoros, officially the Union of the Comoros, is an archipelagic country made up of three islands in Southeastern Africa, located at the northern end of the Mozambique Channel in the Indian Ocean."
Comrade,"The term comrade (Russian: товарищ, romanized: tovarishch) generally means 'mate', 'colleague', or 'ally', and derives from the Spanish and Portuguese, term camarada, literally meaning 'chamber mate', from Latin camera, meaning 'chamber' or 'room'."
Conakry,"Conakry (; French pronunciation: [kɔnakʁi]; Susu: Kɔnakiri; N'Ko: ߞߐߣߊߞߙߌ߫, Fula: 𞤑𞤮𞤲𞤢𞥄𞤳𞤭𞤪𞤭, romanized: Konaakiri) is the capital and largest city of Guinea."
Condylura,"Condylura is a genus of moles that contains a single extant species, the star-nosed mole (Condylura cristata) endemic to the northern parts of North America."
Confucianism,"Confucianism, also known as Ruism or Ru classicism, is a system of thought and behavior originating in ancient China, and is variously described as a tradition, philosophy, (humanistic or rationalistic) religion, theory of government, or way of life."
Confucius,"Confucius (孔子; pinyin: Kǒngzǐ; lit. 'Master Kong'; c. 551 – c. 479 BCE), born Kong Qiu (孔丘) was a Chinese philosopher of the Spring and Autumn period who is traditionally considered the paragon of Chinese sages."
Congress,"A congress is a formal meeting of the representatives of different countries, constituent states, organizations, trade unions, political parties, or other groups."
Congridae,The Congridae are the family of conger and garden eels.
Conilurus,"The rabbit rats, genus Conilurus represent an unusual genus of Old World rats from Australia, New Guinea, and Melville Island."
Coniogramme,Coniogramme is one of three genera in the subfamily Cryptogrammoideae of the fern family Pteridaceae.
Conium,Conium ( or ) is a genus of flowering plants in the family Apiaceae.
Connaraceae,"Connaraceae is a pan-tropical plant family of 19 genera and more than 180 species of largely evergreen trees, woody shrubs and climbers."
Connarus,Connarus is a genus of plants in the family Connaraceae.
Connecticut,Connecticut (  kə-NET-ik-ət) is the southernmost state in the New England region of the Northeastern United States.
Conocarpus,"Conocarpus is a genus of two species of flowering plants in the family Combretaceae, native to tropical regions of the world."
Conoclinium,"Conoclinium, the mistflowers, is a genus of four species of herbaceous perennial flowering plants, native to North America."
Conopodium,Conopodium is a genus of flowering plants belonging to the family Apiaceae.Its native range is north-western Europe and the Mediterranean.
Conospermum,Conospermum is a genus of about 50 species in the family Proteaceae that are endemic to Australia.
Conradina,"Conradina is a genus of flowering plants in the mint family, Lamiaceae."
Consolida,"Consolida is a genus of about 40 species of annual flowering plants in the family Ranunculaceae, native to western Europe, the Mediterranean and Asia."
Constable,"A constable is a person holding a particular office, most commonly in criminal law enforcement."
Constantina,Flavia Valeria Constantina (also sometimes called Constantia and Constantiana; Greek: Κωνσταντίνα; b.
Constantinople,Constantinople (see other names) became the capital of the Roman Empire during the reign of Constantine the Great in 330.
Constitution,"A constitution is the aggregate of fundamental principles or established precedents that constitute the legal basis of a polity, organization or other type of entity, and commonly determines how that entity is to be governed.When these principles are written down into a single document or set of legal documents, those documents may be said to embody a written constitution; if they are encompassed in a single comprehensive document, it is said to embody a codified constitution."
Continent,A continent is any of several large geographical regions.
Contras,"The Contras (from Spanish: la contrarrevolución, lit. 'the counter-revolution') were the various U.S.-backed and funded right-wing rebel groups that were active from 1979 to 1990 in opposition to the Marxist Sandinista Junta of National Reconstruction Government in Nicaragua, which had come to power in 1979 following the Nicaraguan Revolution."
Convallaria,Convallaria is a genus of flowering plants.
Converso,"A converso (Spanish: [komˈbeɾso]; Portuguese: [kõˈvɛɾsu]; feminine form conversa), ""convert"", (from Latin  conversvs 'converted, turned around') was a Jew who converted to Catholicism in Spain or Portugal, particularly during the 14th and 15th centuries, or one of their descendants."
Convolvulaceae,"Convolvulaceae (US: ), commonly called the bindweeds or morning glories, is a family of about 60 genera and more than 1,650 species."
Conyza,"Conyza (horseweed, butterweed or fleabane) is a genus of flowering plants in the family Asteraceae.They are native to tropical and warm temperate regions throughout the world, and also north into cool temperate regions in North America and eastern Asia."
Cooke,Cooke is a surname of English and Irish origin derived from the occupation of cook and anglicisation of various Gaelic names.
Copenhagen,"Copenhagen ( KOH-pən-HAY-gən, -⁠HAH- or  KOH-pən-hay-gən, -⁠hah-; Danish: København [kʰøpm̩ˈhɑwˀn] ) is the capital and most populous city of Denmark, with a population of around 660,000 in the municipality and 1.4 million in the urban area."
Copernicia,Copernicia is a genus of palms native to South America and the Greater Antilles.
Coprinus,Coprinus is a small genus of mushroom-forming fungi consisting of Coprinus comatus—the shaggy ink cap (British) or shaggy mane (American)—and several of its close relatives.
Coptis,"Coptis (goldthread or canker root) is a genus of between 10 and 15 species of flowering plants in the family Ranunculaceae, native to Asia and North America."
Coracias,"Coracias is a genus of the rollers, an Old World family of near passerine birds related to the kingfishers and bee-eaters."
Coraciidae,"Coraciidae () is a family of Old World birds, which are known as rollers because of the aerial acrobatics some of these birds perform during courtship or territorial flights."
Coraciiformes,"The Coraciiformes  are a group of usually colourful birds including the kingfishers, the bee-eaters, the rollers, the motmots, and the todies."
Coragyps,Coragyps is a genus of New World vulture that contains the black vulture (Coragyps atratus) and two extinct relatives.
Corallorhiza,"Corallorhiza, the coralroot, is a genus of flowering plants in the orchid family."
Corchorus,"Corchorus is a genus of about 40–100 species of flowering plants in the family Malvaceae, native to tropical and subtropical regions throughout the world.Different common names are used in different contexts, with jute applying to the fiber produced from the plant, and jute mallow leaves for the leaves used as a vegetable."
Cordaitaceae,Cordaitaceae is an extinct family of conifers.
Cordaitales,"Cordaitales are an extinct order of gymnosperms, known from the early Carboniferous to the late Permian."
Cordaites,"Cordaites is an important genus of extinct gymnosperms, related to or actually representing the earliest conifers."
Corday,Corday is a surname.
Cordia,"Cordia is a genus of flowering plants in the borage family, Boraginaceae."
Cordylidae,Cordylidae is a family of small- to medium-sized lizards that occur in southern and eastern Africa.
Cordyline,"Cordyline is a genus of about 24 species of woody monocotyledonous flowering plants in family Asparagaceae, subfamily Lomandroideae."
Cordylus,"The genus Cordylus (Sauria: Cordylidae) includes a wide variety of species of small to medium spiny lizards from Africa, collectively called girdle-tailed lizards or girdled lizards."
Coregonus,Coregonus is a diverse genus of fish in the salmon family (Salmonidae).
Coreidae,Coreidae is a large family of predominantly sap-sucking insects in the Hemipteran suborder Heteroptera.
Coriandrum,Coriandrum is a genus of herbs in the family Apiaceae containing the cultivated species Coriandrum sativum (coriander) and the wild species Coriandrum tordylium.
Coricidin,"Coricidin, Coricidin 'D' (decongestant), or Coricidin HBP (for high blood pressure), is the name of an over-the-counter cough and cold drug containing dextromethorphan (a cough suppressant) and chlorpheniramine maleate (an antihistamine)."
Corinth,"Corinth ( KORR-inth; Greek: Κόρινθος, romanized: Kórinthos, Modern Greek pronunciation: [ˈkorinθos]) is the successor to an ancient city, and is a former municipality in Corinthia, Peloponnese, which is located in south-central Greece."
Corixa,Corixa is a genus of aquatic bugs in the family Corixidae.
Corixidae,Corixidae is a family of aquatic insects in the order Hemiptera.
Cornaceae,The Cornaceae are a cosmopolitan family of flowering plants in the order Cornales.
Cornus,"Cornus is a genus of about 30–60 species of woody plants in the family Cornaceae, commonly known as dogwoods, which can generally be distinguished by their blossoms, berries, and distinctive bark."
Cornwall,Cornwall (; Cornish: Kernow [ˈkɛrnɔʊ]) is a ceremonial county and Historic County in South West England.
Corokia,Corokia is a genus in the Argophyllaceae family.
Coropuna,Coropuna is a dormant compound volcano located in the Andes mountains of southeast-central Peru.
Corregidor,"Corregidor ([kɔˈɾɛhidɔr], Tagalog: Pulo ng Corregidor, Spanish: Isla del Corregidor) is an island located at the entrance of Manila Bay in the southwestern part of Luzon in the Philippines, and is considered part of the Province of Cavite."
Corsica,"Corsica ( KOR-sik-ə, Upper Corsican: [ˈkorsiɡa], Southern Corsican: [ˈkɔrsika], Italian: [ˈkɔrsika]; French: Corse [kɔʁs] ; Ligurian: Còrsega) is an island in the Mediterranean Sea and one of the 18 regions of France."
Cortaderia,Cortaderia is a genus of South American and Central American plants in the Poaceae grass family.
Cortinariaceae,"The Cortinariaceae are a large family of gilled mushrooms found worldwide, containing over 2100 species."
Cortinarius,Cortinarius is a globally distributed genus of mushrooms in the family Cortinariaceae.
Corvidae,"Corvidae is a cosmopolitan family of oscine passerine birds that contains the crows, ravens, rooks, magpies, jackdaws, jays, treepies, choughs, and nutcrackers."
Corvus,Corvus is a widely distributed genus of birds ranging from medium-sized to large-sized in the family Corvidae.
Coryanthes,"Coryanthes, commonly known as bucket orchids, is a genus of neotropical epiphytic orchids (family Orchidaceae)."
Corydalidae,The family Corydalidae contains the megalopterous insects known as dobsonflies and fishflies.
Corydalis,"Corydalis (from Greek korydalís ""crested lark"") is a genus of about 540 species of annual and perennial herbaceous plants in the family Papaveraceae, native to the temperate Northern Hemisphere and the high mountains of tropical eastern Africa."
Corydalus,"Corydalus is a genus of large flying insects in the Corydalidae family, commonly known as dobsonflies."
Corylopsis,"Corylopsis is a genus of nearly 30 species of shrubs in the witch hazel family, Hamamelidaceae, native to eastern Asia with the majority of species endemic to China but with some also in Japan, Korea, and the Himalayas."
Corypha,"Corypha or the gebang palm, buri palm or talipot palm  is a genus of palms (family Arecaceae), native to India, Malaysia, Indonesia, the Philippines, New Guinea and northeastern Australia (Cape York Peninsula, Queensland)."
Cosmocampus,Cosmocampus is a genus of pipefishes.
Cotinus,"Cotinus (), the
smoketree or smoke bush, is a genus of seven species of flowering plants in the family Anacardiaceae, closely related to the sumacs (Rhus)."
Cotonou,Cotonou (French pronunciation: [kɔtɔnu]; Fon: Kútɔ̀nú) is the largest city in Benin.
Cotopaxi,"Cotopaxi (Spanish pronunciation: [kotoˈpaksi]) is an active stratovolcano in the Andes Mountains, located near Latacunga city of Cotopaxi Province, about 50 km (31 mi) south of Quito, and 31 km (19 mi) northeast of the city of Latacunga, Ecuador."
Cotswolds,"The Cotswolds ( KOTS-wohldz, KOTS-wəldz) is a region in central, South East, but predominantly South West England, along a range of rolling hills that rise from the meadows of the upper River Thames to an escarpment above the Severn Valley, Bath and Evesham Vale."
Cottidae,"The Cottidae are a family of fish in the superfamily Cottoidea, the sculpins."
Cotula,Cotula is a genus of flowering plant in the sunflower family.
Coturnix,Coturnix is a genus of five extant species and five to eight known extinct species of Old World quail.
Coulomb,The coulomb (symbol: C) is the unit of electric charge in the International System of Units (SI).
Court,"A court is any person or institution, often as a government institution, with the authority to adjudicate legal disputes between parties and carry out the administration of justice in civil, criminal, and administrative matters in accordance with the rule of law."
Coventry,"Coventry (  KOV-ən-tree or  KUV-) is a cathedral city and metropolitan borough in the West Midlands county, in England, on the River Sherbourne."
Crab,"Crabs are decapod crustaceans of the infraorder Brachyura, which typically have a very short projecting ""tail"" (abdomen), usually hidden entirely under the thorax (brachyura means ""short tail"" in Greek)."
Cracidae,"The chachalacas, guans and curassows are birds in the family Cracidae."
Cracticus,Cracticus is a genus of butcherbirds native to Australasia.
Crambe,"Crambe is a genus of annual and perennial flowering plants in the family Brassicaceae, native to a variety of habitats in Europe, Turkey, southwest and central Asia and eastern Africa."
Crangon,Crangon is a genus of shrimp.
Crangonidae,"Crangonidae is a family of shrimp, of the superfamily Crangonoidea, including the commercially important species Crangon crangon."
Crassostrea,Crassostrea is a genus of true oysters (family Ostreidae) containing some of the most important oysters used for food.
Crassula,"Crassula is a genus of succulent plants containing about 200 accepted species, including the popular jade plant (Crassula ovata)."
Crassulaceae,"The Crassulaceae (, from Latin crassus, thick), also known as the stonecrop family or the orpine family, are a diverse family of dicotyledon flowering plants characterized by succulent leaves and a unique form of photosynthesis, known as Crassulacean acid metabolism (CAM)."
Crataegus,"Crataegus (), commonly called hawthorn, quickthorn, thornapple, May-tree, whitethorn, Mayflower or hawberry, is a genus of several hundred species of shrubs and trees in the family Rosaceae, native to temperate regions of the Northern Hemisphere in Europe, Asia, North Africa and North America."
Crater,"A crater is a landform consisting of a hole or depression on a planetary surface, usually caused either by an object hitting the surface, or by geological activity on the planet."
Crateva,"Crateva is a genus of flowering plants in the caper family, Capparaceae."
Crax,"Crax is a genus of curassows in the order Galliformes, a clade of large, heavy-bodied, ground-feeding birds."
Cree,"The Cree (Cree: néhinaw, néhiyaw, nihithaw, etc.; French: Cri) are a North American Indigenous people."
Cremona,"Cremona (, also UK: ; Italian: [kreˈmoːna]; Cremunés: Cremùna; Emilian: Carmona) is a city and comune in northern Italy, situated in Lombardy, on the left bank of the Po river in the middle of the Pianura Padana (Po Valley)."
Crepis,"Crepis, commonly known in some parts of the world as hawksbeard or hawk's-beard (but not to be confused with the related genus Hieracium with a similar common name), is a genus of annual and perennial flowering plants of the family Asteraceae superficially resembling the dandelion, the most conspicuous difference being that Crepis usually has branching scapes with multiple heads (though solitary heads can occur)."
Crescentia,"Crescentia (calabash tree, huingo, krabasi, or kalebas) is a genus of six species of flowering plants in the family Bignoniaceae, native to southern North America, the Caribbean, Central America northern South America."
Cretaceous,The Cretaceous (IPA:  krih-TAY-shəs) is a geological period that lasted from about 145 to 66 million years ago (Mya).
Crete,"Crete ( KREET; Greek: Κρήτη, Modern: Kríti [ˈkriti], Ancient: Krḗtē [krɛ̌ːtεː]) is the largest and most populous of the Greek islands, the 88th largest island in the world and the fifth largest island in the Mediterranean Sea, after Sicily, Sardinia, Cyprus, and Corsica."
Cricetidae,The Cricetidae are a family of rodents in the large and complex superfamily Muroidea.
Crimea,"Crimea (  kry-MEE-ə) is a peninsula in Eastern Europe, on the northern coast of the Black Sea, almost entirely surrounded by the Black Sea and the smaller Sea of Azov."
Crius,"In Greek mythology, Crius (; Ancient Greek: Κρεῖος or Κριός, Kreios/Krios) was one of the Titans, children of Uranus and Gaia."
Croatia,"Croatia ( , kroh-AY-shə; Croatian: Hrvatska, pronounced [xř̩ʋaːtskaː]), officially the Republic of Croatia (Croatian: Republika Hrvatska ()), is a country located at the crossroads of Central and  Southeast Europe."
Crocodilia,"Crocodilia (or Crocodylia, both ) is an order of mostly large, predatory, semiaquatic reptiles known as crocodilians."
Crocodylus,Crocodylus is a genus of true crocodiles in the family Crocodylidae.
Crocuta,"Crocuta is a genus of hyena containing the largest extant member of the family, the spotted hyena (Crocuta crocuta)."
Croesus,"Croesus ( KREE-səs; Lydian: 𐤨𐤭𐤬𐤥𐤦𐤮𐤠𐤮 Krowiśaś; Phrygian: Akriaewais; Ancient Greek: Κροῖσος, romanized: Kroisos; Latin: Croesus; reigned: c. 585 – c. 546 BC) was the king of Lydia, who reigned from 585 BC until his defeat by the Persian king Cyrus the Great in 547 or 546 BC. According to Herodotus, he reigned 14 years."
Cronartium,Cronartium is a genus of rust fungi in the family Cronartiaceae.
Cronus,"In Ancient Greek religion and mythology, Cronus, Cronos, or Kronos ( or , from Greek: Κρόνος, Krónos) was the leader and youngest of the first generation of Titans, the divine descendants of the primordial Gaia (Mother Earth) and Uranus (Father Sky)."
Cronyn,Cronyn is a surname.
Crookes,"Crookes is a suburb of the City of Sheffield, England, about 1.5 miles (2.4 km) west of the city centre."
Cross,"A cross is a geometrical figure consisting of two intersecting lines or bars, usually perpendicular to each other."
Crotalus,"Crotalus is a genus of venomous pit vipers in the family Viperidae, commonly known as rattlesnakes or rattlers."
Crotaphytus,"Crotaphytus is a genus of lizards, commonly known as collared lizards, in the family Crotaphytidae."
Crouse,Crouse is a surname.
Crow,"A crow (pronounced ) is a bird of the genus Corvus, or more broadly a synonym for all of Corvus."
Crown,"A crown is a traditional form of head adornment, or hat, worn by monarchs as a symbol of their power and dignity."
Crucifixion,"Crucifixion is a method of capital punishment in which the condemned is tied or nailed to a large wooden cross, beam or stake and left to hang until eventual death."
Crux,Crux () is a constellation of the southern sky that is centred on four bright stars in a cross-shaped asterism commonly known as the Southern Cross.
Cryptacanthodes,"Cryptacanthodes is a genus of marine ray-finned fishes belonging to the monogeneric family Cryptacanthodidae, commonly referred to as wrymouths."
Cryptocercus,Cryptocercus is a genus of Dictyoptera (cockroaches and allies) and the sole member of its own family Cryptocercidae.
Cryptogramma,Cryptogramma is a genus of ferns known commonly as rockbrakes or parsley ferns.
Cryptomeria,"Cryptomeria (literally ""hidden parts"") is a monotypic genus of conifer in the cypress family Cupressaceae, formerly belonging to the family Taxodiaceae."
Cryptophyceae,"The cryptophyceae are a class of algae, most of which have plastids."
Cryptoprocta,Cryptoprocta is a genus of carnivoran endemic to Madagascar.
Cryptotermes,Cryptotermes is a genus of termites in the family Kalotermitidae.
Cryptotis,"The genus Cryptotis is a group of relatively small shrews with short ears, which are usually not visible, and short tails, commonly called small-eared shrews."
Ctenizidae,"Ctenizidae is a small family of mygalomorph spiders that construct burrows with a cork-like trapdoor made of soil, vegetation, and silk."
Ctenocephalides,"Ctenocephalides is a flea genus in the tribe Archaeopsyllini which includes the cat flea, Ctenocephalides felis and the dog flea, C canis."
Ctenophora,"Ctenophora (; SG: ctenophore ; from Ancient Greek  κτείς (kteis) 'comb', and  φέρω (pherō) 'to carry') comprise a phylum of marine invertebrates, commonly known as comb jellies, that inhabit sea waters worldwide."
Cuba,"Cuba (  KEW-bə, Spanish: [ˈkuβa] ), officially the Republic of Cuba (Spanish: República de Cuba [reˈpuβlika ðe ˈkuβa] ), is an island country, comprising the island of Cuba, Isla de la Juventud, archipelagos, 4,195 islands and cays surrounding the main island."
Cuculus,"Cuculus is a genus of cuckoos which has representatives in most of the Old World, although the greatest diversity is in tropical southern and southeastern Asia."
Cucumis,"Cucumis is a genus of twining, tendril-bearing plants in the family Cucurbitaceae which includes the cucumber (Cucumis sativus), true melons (Cucumis melo, including cantaloupe and  honeydew), the horned melon (Cucumis metuliferus), and the West Indian gherkin (Cucumis anguria)."
Cucurbita,"Cucurbita (Latin for 'gourd') is a genus of herbaceous fruits in the gourd family, Cucurbitaceae (also known as cucurbits or cucurbi), native to the Andes and Mesoamerica."
Cucurbitaceae,"The Cucurbitaceae (), also called cucurbits or the gourd family, are a plant family consisting of about 965 species in around 95 genera."
Culex,"Culex or typical mosquitoes are a genus of mosquitoes, several species of which serve as vectors of one or more important diseases of birds, humans, and other animals."
Cumberland,"Cumberland ( KUM-bər-lənd) is a historic county in North West England, covering part of the Lake District as well as the northern Pennines and the coast of Solway Firth."
Cumbria,Cumbria ( KUM-bree-ə) is a ceremonial county in North West England.
Cuminum,Cuminum is a genus of four flowering plants in the family Apiaceae.
Cunningham,"Cunningham is a surname of Scottish origin, see Clan Cunningham."
Cunoniaceae,"Cunoniaceae is a family of 27 genera and about 335 species of woody plants in the order Oxalidales, mostly found in the tropical and wet temperate regions of the Southern Hemisphere."
Cupid,"In classical mythology, Cupid  (Latin: Cupīdō [kʊˈpiːdoː], meaning ""passionate desire"") is the god of desire, erotic love, attraction and affection."
Cupressaceae,"Cupressaceae is a conifer family, the cypress, with worldwide distribution."
Cupressus,"Cupressus is one of several genera of evergreen conifers within the family Cupressaceae that have the common name cypress; for the others, see cypress."
Curb,"A curb (North American English), or kerb (Commonwealth English except Canada; see spelling differences), is the edge where a raised sidewalk or road median/central reservation meets a street or other roadway."
Curculionidae,"The Curculionidae are a family of weevils, commonly called snout beetles or true weevils."
Curcuma,Curcuma () is a genus of plants in the family Zingiberaceae that contains such species as turmeric and Siam tulip.
Curia,"Curia (pl.: curiae) in ancient Rome referred to one of the original groupings of the citizenry, eventually numbering 30, and later every Roman citizen was presumed to belong to one."
Curitiba,Curitiba (Brazilian Portuguese: [kuɾiˈtʃibɐ]) is the capital and largest city in the state of Paraná in Southern Brazil.
Currier,A currier is a specialist in the leather-processing trade.
Cursorius,"Cursorius  is a genus of coursers,  a group of wading birds."
Curtis,"Curtis or Curtiss is a common English given name and surname of Anglo-Norman origin, deriving from the Old French curteis (Modern French courtois) which was in turn derived from Latin cohors."
Curtisia,"Curtisia dentata (commonly known as the Assegai tree or Cape lancewood, Afrikaans: Assegaai, Xhosa: Umgxina, Zulu: Umagunda) is a flowering tree from Southern Africa."
Cusco,Cusco or Cuzco ([ˈkusko]; Quechua: Qusqu ([ˈqɔsqɔ]) is a city in southeastern Peru near the Urubamba Valley of the Andes mountain range.
Cuscuta,"Cuscuta (), commonly known as dodder or amarbel, is a genus of over 201 species of yellow, orange, or red (rarely green) parasitic plants."
Cuterebra,"Cuterebra, or rodent bots, is a genus of bot flies that attack rodents and similar animals."
Cyamopsis,Cyamopsis is a genus of the family Fabaceae.
Cyanocitta,"Cyanocitta is a genus of birds in the family Corvidae, a family which contains the crows, jays and magpies."
Cyathea,"Cyathea is a genus of tree ferns, the type genus of the fern order Cyatheales."
Cyatheaceae,"The Cyatheaceae are a family of ferns, the scaly tree ferns, one of eight families in the order Cyatheales in the Pteridophyte Phylogeny Group classification of 2016 (PPG I)."
Cybele,"Cybele ( SIB-ə-lee; Phrygian: Matar Kubileya/Kubeleya ""Kubileya/Kubeleya Mother"", perhaps ""Mountain Mother""; Lydian Kuvava; Greek: Κυβέλη Kybele, Κυβήβη Kybebe, Κύβελις Kybelis) is an Anatolian mother goddess; she may have a possible forerunner in the earliest neolithic at Çatalhöyük."
Cycas,"Cycas is a genus of cycad, and the only genus in the family Cycadaceae."
Cyclades,"The Cyclades (; Greek: Κυκλάδες, romanized: Kykládes, IPA: [ciˈkla.ðes]) are an island group in the Aegean Sea, southeast of mainland Greece and a former administrative prefecture of Greece."
Cycloloma,"Cycloloma is a monotypic genus which contains the sole species Cycloloma atriplicifolium, which is known by the common names winged pigweed, tumble ringwing, plains tumbleweed,  and tumble-weed."
Cyclopes,"In Greek mythology and later Roman mythology, the Cyclopes ( sy-KLOH-peez; Greek: Κύκλωπες, Kýklōpes, ""Circle-eyes"" or ""Round-eyes""; singular Cyclops  SY-klops; Κύκλωψ, Kýklōps) are giant one-eyed creatures."
Cyclopteridae,"The Cyclopteridae are a family of marine fishes, commonly known as lumpsuckers or lumpfish, in the order Scorpaeniformes."
Cyclopterus,"Cyclopterus  is a genus of marine ray-finned fish belonging to the family Cyclopteridae, the lumpsuckers or lumpfish."
Cyclosorus,"Cyclosorus is a genus of ferns in the family Thelypteridaceae, subfamily Thelypteridoideae, in the Pteridophyte Phylogeny Group classification of 2016 (PPG I)."
Cycnoches,"Cycnoches, abbreviated as Cyc."
Cydippida,Cydippida is an order of comb jellies.
Cymatiidae,Cymatiidae is a family of large sea snails in the superfamily Tonnoidea and the order Littorinimorpha.
Cymru,"Cymru ([ˈkəm.rɨ] ; KUM-ri or COME-ree) is the Welsh language name for Wales, a country of the United Kingdom, on the island of Great Britain."
Cynara,Cynara is a genus of thistle-like perennial plants in the family Asteraceae.
Cynewulf,"Cynewulf (, Old English: [ˈkynewuɫf]; also spelled Cynwulf or Kynewulf) is one of twelve Old English poets known by name, and one of four whose work is known to survive today."
Cynips,"Cynips is a genus of gall wasps in the tribe Cynipini, the oak gall wasps."
Cynodon,Cynodon is a genus of plants in the grass family.
Cynoglossum,Cynoglossum is a genus of small-flowered plants in the family Boraginaceae (borage family).
Cynopterus,Cynopterus (Latin meaning: ״flying dog״) is a genus of megabats.
Cynoscion,"Cynoscion is a genus of marine ray-finned fishes belonging to the family, Sciaenidae, the drums and croakers."
Cynthia,"Cynthia is a feminine given name of Greek origin: Κυνθία, Kynthía, ""from Mount Cynthus"" on Delos island."
Cyperaceae,"The Cyperaceae () are a family of  graminoid (grass-like), monocotyledonous flowering plants known as sedges."
Cyperus,"Cyperus is a large genus of about 700 species of sedges, distributed throughout all continents in both tropical and temperate regions."
Cyphomandra,Cyphomandra was a formerly accepted genus in the  plant family Solanaceae (the nightshades and relative).
Cypraea,"Cypraea is a genus of medium-sized to large sea snails or cowries, marine gastropod mollusks in the family Cypraeidae, the cowries."
Cypraeidae,"Cypraeidae, commonly named the cowries (SG cowry), is a taxonomic family of small to large sea snails."
Cyprian,Cyprian (; Latin: Thascius Caecilius Cyprianus; c.
Cyprinidae,"Cyprinidae is a family of freshwater fish commonly called the carp or minnow family, including the carps, the true minnows, and their relatives the barbs and barbels, among others."
Cypriniformes,"Cypriniformes  is an order of ray-finned fish, including the carps, minnows, loaches, and relatives."
Cyprinus,Cyprinus  is the genus of typical carps in family Cyprinidae.
Cypripedium,Cypripedium is a genus of 58 species and nothospecies of hardy orchids; it is one of five genera that together compose the subfamily of lady's slipper orchids (Cypripedioideae).
Cyprus,"Cyprus ( ), officially the Republic of Cyprus, is an island country located in the eastern Mediterranean Sea, north of the Sinai Peninsula, south of the Anatolian Peninsula, and west of the Levant."
Cyril,Cyril (also Cyrillus or Cyryl) is a masculine given name.
Cyrtomium,"Cyrtomium is a genus of about 35 species of ferns in the family Dryopteridaceae, subfamily Dryopteridoideae, according to the Pteridophyte Phylogeny Group classification of 2016 (PPG I)."
Cyrus,Cyrus (Persian: کوروش) is a male given name.
Cystopteris,Cystopteris is a genus of ferns in the family Cystopteridaceae.
Cytisus,"Cytisus is a genus of flowering plants in the family Fabaceae, native to open sites (typically scrub and heathland) in Europe, western Asia and North Africa."
Czechoslovakia,"Czechoslovakia ( ; Czech and Slovak: Československo, Česko-Slovensko) was a landlocked state in Central Europe, created in 1918, when it declared its independence from Austria-Hungary."
Czerny,"Czerny is a surname meaning ""black"" in some Slavic languages."
DARPA,"The Defense Advanced Research Projects Agency (DARPA) is a research and development agency of the United States Department of Defense responsible for the development of emerging technologies for use by the military.Originally known as the Advanced Research Projects Agency (ARPA), the agency was created on February 7, 1958, by President Dwight D. Eisenhower in response to the Soviet launching of Sputnik 1 in 1957."
DDT,"Dichlorodiphenyltrichloroethane, commonly known as DDT, is a colorless, tasteless, and almost odorless crystalline chemical compound, an organochloride."
DINK,"""DINK"" is an acronym that stands for ""double income, no kids"" or ""dual income, no kids"", referring to couples who are voluntarily childless."
DNA,Deoxyribonucleic acid ( ; DNA) is a polymer composed of two polynucleotide chains that coil around each other to form a double helix.
DOS,"DOS (, ) is a family of disk-based operating systems for IBM PC compatible computers."
DVD,The DVD (common abbreviation for Digital Video Disc or Digital Versatile Disc) is a digital optical disc data storage format.
Daboecia,"Daboecia , or St."
Dacrycarpus,Dacrycarpus is a genus of conifers belonging to the family Podocarpaceae.
Dacrydium,Dacrydium is a genus of conifers belonging to the podocarp family Podocarpaceae.
Dacrymyces,Dacrymyces is a genus of fungi in the family Dacrymycetaceae.
Dacrymycetaceae,The Dacrymycetaceae are a family of fungi in the order Dacrymycetales.
Dactylis,Dactylis is a genus of Eurasian and North African plants in the bluegrass subfamily within the grass family.
Dactyloctenium,"Dactyloctenium is a genus of Asian, African, and Australian plants in the grass family."
Dactylopius,"Dactylopius is a genus of insect in the superfamily Coccoidea, the scale insects."
Dactylopteridae,"The flying gurnards are a family, Dactylopteridae, of marine fish notable for their greatly enlarged pectoral fins."
Dactylorhiza,Dactylorhiza is a genus of flowering plants in the orchid family Orchidaceae.
Daedalus,"In Greek mythology, Daedalus (UK: , US: ; Greek: Δαίδαλος; Latin: Daedalus; Etruscan: Taitale) was a skillful architect and craftsman, seen as a symbol of wisdom, knowledge and power."
Dagon,"Dagon (Hebrew: דָּגוֹן, Dāgōn) or Dagan (Sumerian: 𒀭𒁕𒃶, romanized: dda-gan; Phoenician: 𐤃𐤂𐤍, romanized: Dāgān) was a god worshipped in ancient Syria across the middle of the Euphrates, with primary temples located in Tuttul and Terqa, though many attestations of his cult come from cities such as Mari and Emar as well."
Dahomey,The Kingdom of Dahomey () was a West African kingdom located within present-day Benin that existed from approximately 1600 until 1904.
Dakar,Dakar ( UK also: ; French: [dakaʁ]; Wolof: Ndakaaru) is the capital and largest city of Senegal.
Dalbergia,"Dalbergia is a large genus of small to medium-size trees, shrubs and lianas in the pea family, Fabaceae, subfamily Faboideae."
Dalea,"Dalea  is a genus of flowering plants in the legume family, Fabaceae."
Dalian,"Dalian   is a major sub-provincial port city in Liaoning province, People's Republic of China, and is Liaoning's second largest city (after the provincial capital Shenyang) and the third-most populous city of Northeast China (after Shenyang and Harbin)."
Dallas,"Dallas () is a city in the U.S. state of Texas and the most populous city in the Dallas–Fort Worth metroplex, the most populous metropolitan area in Texas and the 4th most populous metropolitan area in the United States at 7.5 million people."
Dalmatia,"Dalmatia (; Croatian: Dalmacija [dǎlmaːtsija]; Italian: Dalmazia [dalˈmattsja]; see names in other languages) is one of the four historical regions of Croatia, alongside Central Croatia, Slavonia and Istria, located on the east shore of the Adriatic Sea in Croatia."
Damaliscus,"Damaliscus, commonly known as damalisks, is a genus of antelope in the family Bovidae, subfamily Alcelaphinae, found in Africa."
Damascus,"Damascus ( də-MASK-əs, UK also  də-MAH-skəs; Arabic: دِمَشق, romanized: Dimašq) is the capital of Syria, the oldest capital in the world and, according to some, the fourth holiest city in Islam."
Damocles,"Damocles is a character who appears in a (likely apocryphal) anecdote commonly referred to as ""the sword of Damocles"", an allusion to the imminent and ever-present peril faced by those in positions of power."
Danaea,Danaea is a fern genus of approximately 50 species in the eusporangiate fern family Marattiaceae.
Danaus,"In Greek mythology, Danaus (, ; Ancient Greek: Δαναός Danaós) was the king of Libya."
Danube,"The Danube ( DAN-yoob; known by various names in other languages) is the second-longest river in Europe, after the Volga in Russia."
Daphne,"Daphne (; DAFF-nee; Greek: Δάφνη, Dáphnē, lit. 'laurel'), a figure in Greek mythology, is a naiad, a variety of female nymph associated with fountains, wells, springs, streams, brooks and other bodies of freshwater."
Dardanelles,"The Dardanelles ( DAR-də-NELZ; Turkish: Çanakkale Boğazı, lit. 'Strait of Çanakkale'; Greek: Δαρδανέλλια, romanized: Dardanéllia), also known as the Strait of Gallipoli (after the Gallipoli peninsula) and in Classical Antiquity as the Hellespont ( HEL-isp-ont; Classical Greek: Ἑλλήσποντος, romanized: Hellḗspontos, lit. 'Sea of Helle'), is a narrow, natural strait and internationally significant waterway in northwestern Turkey that forms part of the continental boundary between Asia and Europe and separates Asian Turkey from European Turkey."
Darfur,"Darfur ( dar-FOOR; Arabic: دار فور, romanized: Dār Fūr, lit. 'Realm of the Fur') is a region of western Sudan."
Dari,"Dari (; endonym: دری [d̪ɐˈɾiː]), also known as Dari Persian (: فارسی دری, Fārsī-yi Darī, [fʌːɾˈsiːjɪ d̪ɐˈɾiː] or Fārsī-ye Darī, [fʌːɾˈsiːjɛ d̪ɐˈɾiː]), is the variety of the Persian language spoken in Afghanistan."
Darjeeling,"Darjeeling (, Bengali: [ˈdarˌdʒiliŋ], Nepali: [ˈdard͡ziliŋ]) is a city in the northernmost region of the Indian state of West Bengal."
Darmera,"Darmera peltata, the Indian rhubarb or umbrella plant, is a flowering plant, the only species within the genus Darmera in the family Saxifragaceae."
Darrow,Darrow is a surname of Scottish origin.
Darwinism,"Darwinism is a theory of biological evolution developed by the English naturalist Charles Darwin (1809–1882) and others, stating that all species of organisms arise and develop through the natural selection of small, inherited variations that increase the individual's ability to compete, survive, and reproduce."
Dasyatis,"Dasyatis (Greek δασύς dasýs meaning rough or dense and βατίς batís meaning skate) is a genus of stingray in the family Dasyatidae that is native to the Atlantic, including the Mediterranean."
Dasypodidae,Dasypodidae is a family of mostly extinct genera of armadillos.
Dasyproctidae,"Dasyproctidae is a family of large South American rodents, comprising the agoutis and acouchis."
Dasypus,Dasypus is the only extant genus in the family Dasypodidae.
Dasyuridae,"The Dasyuridae are a family of marsupials native to Australia and New Guinea, including 71 extant species divided into 17 genera."
Datura,"Datura is a genus of nine species of highly poisonous, vespertine-flowering plants belonging to the nightshade family (Solanaceae)."
Daubentonia,"Daubentonia is the sole genus of the Daubentoniidae, a family of lemuroid primate native to much of Madagascar."
Daucus,Daucus is a worldwide genus of herbaceous plants of the celery family Apiaceae of which the best-known species is the cultivated carrot.
Daugavpils,"Daugavpils (see also other names) is a state city in south-eastern Latvia, located on the banks of the Daugava River, from which the city gets its name."
David,"David (; Biblical Hebrew: דָּוִד‎, romanized: Dāwīḏ, ""beloved one"") was, according to the Hebrew Bible, the third king of the United Kingdom of Israel."
Daviesia,"Daviesia, commonly known as bitter-peas, is a genus of about 130 species of flowering plants in the family Fabaceae, and is endemic to Australia."
Davys,Davys may refer to:
Day,A day is the time period of a full rotation of the Earth with respect to the Sun.
DeMille,DeMille or De Mille is a surname.
Death,Death is the irreversible cessation of all biological functions that sustain an organism.
Decapoda,"The Decapoda or decapods (literally ""ten-footed"") are an order of crustaceans within the class Malacostraca, and includes crabs, lobsters, crayfish, shrimp, and prawns."
Decapterus,"Decapterus is a genus of marine fishes of jack family, Carangidae, commonly known as mackerel scads, round scads, or horse mackerel."
December,December is the twelfth and final month of the year in the Julian and Gregorian calendars.
Decius,Gaius Messius Quintus Trajanus Decius (c.
Decumaria,"Decumaria, the woodvamps, is a genus of two species of flowering plants in the family Hydrangeaceae, one (D. barbara) native to the southeastern United States, and the other (D. sinensis) native to central China."
Deere,Deere is an English family name.
Dekker,Dekker is a Dutch occupational surname equivalent to English Thatcher.
Delairea,Delairea is a genus of flowering plants within the family Asteraceae.
Delaware,Delaware (  DEL-ə-wair) is a state in the northeast and Mid-Atlantic regions of the United States.
Delhi,"Delhi, officially the National Capital Territory (NCT) of Delhi, is a city and a union territory of India containing New Delhi, the capital of India."
Delichon,Delichon is a small genus of passerine birds that belongs to the swallow family and contains four species called house martins.
Delilah,"Delilah ( dil-EYE-lə; Hebrew: דְּלִילָה, romanized: Dəlīlā, meaning ""delicate""; Arabic: دليلة, romanized: Dalīlah; Greek: Δαλιδά, romanized: Dalidá) is a woman mentioned in the sixteenth chapter of the Book of Judges in the Hebrew Bible."
Delonix,"Delonix is a genus of flowering plants in the family Fabaceae, subfamily Caesalpinioideae."
Delphi,"Delphi (; Greek: Δελφοί [ðelˈfi]), in legend previously called Pytho (Πυθώ), was an ancient sacred precinct and the seat of Pythia, the major oracle who was consulted about important decisions throughout the ancient classical world."
Delphinus,"Delphinus (Pronounced  or ) is a small constellation in the Northern Celestial Hemisphere, close to the celestial equator."
Demerara,"Demerara (Dutch: Demerary, [ˌdeːməˈraːri]) is a historical region in the Guianas, on the north coast of South America, now part of the country of Guyana."
Demeter,"In ancient Greek religion and mythology, Demeter (; Attic: Δημήτηρ Dēmḗtēr [dɛːmɛ́ːtɛːr]; Doric: Δαμάτηρ Dāmā́tēr) is the Olympian goddess of the harvest and agriculture, presiding over crops, grains, food, and the fertility of the earth."
Demetrius,"Demetrius is the Latinized form of the Ancient Greek male given name Dēmḗtrios (Δημήτριος), meaning “Demetris” - ""devoted to goddess Demeter""."
Democritus,"Democritus (, dim-OCK-rit-əs; Greek: Δημόκριτος, Dēmókritos, meaning ""chosen of the people""; c. 460 – c. 370 BC) was an Ancient Greek pre-Socratic philosopher from Abdera, primarily remembered today for his formulation of an atomic theory of the universe."
Demogorgon,"Demogorgon is a deity or demon
associated with the underworld."
Demosthenes,"Demosthenes (; Greek: Δημοσθένης, romanized: Dēmosthénēs; Attic Greek: [dɛːmostʰénɛːs]; 384 – 12 October 322 BC) was a Greek statesman and orator in ancient Athens."
Dempsey,Dempsey is a surname of Irish origin.
Denali,"Denali (; also known as Mount McKinley, its former official name) is the highest mountain peak in North America, with a summit elevation of 20,310 feet (6,190 m) above sea level."
Dendrocalamus,Dendrocalamus is a tropical Asian genus of giant clumping bamboos in the grass family.
Dendrocolaptes,Dendrocolaptes is a genus of Neotropical birds in the Dendrocolaptinae subfamily.
Dendroctonus,Dendroctonus is a genus of bark beetles.
Dendromecon,"Dendromecon, the tree poppy, is a genus of one or two species of shrubs to small trees, native to California and northern Baja California."
Deneb,Deneb () is a first-magnitude star in the constellation of Cygnus.
Denebola,Denebola is the second-brightest individual star in the zodiac constellation of Leo.
Denisonia,Denisonia is a genus of venomous snakes in the family Elapidae.
Denmark,"Denmark (Danish: Danmark, pronounced [ˈtænmɑk] ) is a Nordic country in the central portion of Northern Europe."
Dennstaedtia,Dennstaedtia is a mostly tropical and subtropical genus of ferns described as a genus in 1801.
Dennstaedtiaceae,"Dennstaedtiaceae is one of fifteen families in the order Polypodiales, the most derived families within monilophytes (ferns)."
Denver,"Denver  ( DEN-vər) is a consolidated city and county, the capital, and most populous city of the U.S. state of Colorado."
Deparia,Deparia (or the false spleenworts) is a genus of ferns.
Dermacentor,"Dermacentor is a genus of ticks in the family Ixodidae, the hard ticks."
Dermestidae,Dermestidae are a family of Coleoptera that are commonly referred to as skin beetles.
Dermochelyidae,"Dermochelyidae is a family of turtles which has seven extinct genera and one extant genus, including the largest living sea turtles."
Descurainia,Descurainia is a genus of plants in the family Brassicaceae which are known commonly as the tansymustards.
Desmanthus,"Desmanthus is a genus of flowering plants in the mimosoid clade of the subfamily Caesalpinioideae of the pea family, Fabaceae."
Desmidiaceae,The Desmidiaceae are one of four families of charophyte green algae in the order Desmidiales (desmids).
Desmidium,"Desmidium is a genus of green algae, specifically of the Desmidiaceae."
Desmodium,"Desmodium is a genus of plants in the legume family Fabaceae, sometimes called tick-trefoil, tick clover, hitch hikers or beggar lice."
Desmodus,"Desmodus is a genus of bats which—along with the genera Diaemus and Diphylla—are allied as the subfamily Desmodontinae, the carnivorous, blood-consuming vampire bats of the New World leaf-nosed bat family Phyllostomidae.The genus was erected in 1826 to accommodate a new species Desmodus rufus described by Maximilian Wied in the second volume of his work detailing his explorations in Brazil."
Despoina,"Despoina or Despoena (; Greek: Δέσποινα, romanized: Déspoina) was the epithet of a goddess worshiped by the Eleusinian Mysteries in Ancient Greece as the daughter of Demeter and Poseidon and the sister of Arion."
Detroit,"Detroit (; dih-TROYT, locally also ) is the most populous city in the U.S. state of Michigan."
Devanagari,"Devanāgarī or Devanagari ( DAY-və-NAH-gər-ee; देवनागरी, IAST: Devanāgarī, Sanskrit pronunciation: [deːʋɐˈnaːɡɐriː]), also called Nāgari (Sanskrit: नागरि, Nāgari), is a left-to-right abugida (a type of segmental writing system), based on the ancient Brāhmi script, used in the northern Indian subcontinent."
Devi,Devī (; Sanskrit: देवी) is the Sanskrit word for 'goddess'; the masculine form is deva.
Devil,A devil is the personification of evil as it is conceived in various cultures and religious traditions.
Devon,"Devon (/ˈdɛvən/ DEV-ən, historically also known as Devonshire /-ʃɪər, -ʃər/ -⁠sheer, -⁠shər) is a ceremonial county in South West England."
Devonian,"The Devonian ( də-VOH-nee-ən, deh-) is a geologic period and system of the Paleozoic era during the Phanerozoic eon, spanning 60.3 million years from the end of the preceding Silurian period at 419.2 million years ago (Ma), to the beginning of the succeeding Carboniferous period at 358.9 Ma."
Dhahran,"Dhahran (Arabic: الظهران, romanized: al-Ẓahrān) is a city located in the Eastern Province, Saudi Arabia."
Dhaka,"Dhaka ( DAH-kə or  DAK-ə; Bengali: ঢাকা, romanized: Ḍhākā, IPA: [ˈɖʱaka]), formerly known as Dacca, is the capital and largest city of Bangladesh."
Dharma,"Dharma (; Sanskrit: धर्म, romanized: Dharma, pronounced [dʱɐrmɐ] ) is a key concept with multiple meanings in the Indian religions (Hinduism, Buddhism, Jainism, and Sikhism), among others."
Dhaulagiri,"Dhaulagiri, located in Nepal, is the seventh highest mountain in the world at 8,167 metres (26,795 ft) above sea level, and the highest mountain within the borders of a single country."
DiMaggio,DiMaggio is an Italian surname.
Dialeurodes,Dialeurodes is a genus of whiteflies in the family Aleyrodidae.
Dianthus,"Dianthus ( dy-AN-thəs) is a genus of about 340 species of flowering plants in the family Caryophyllaceae, native mainly to Europe and Asia, with a few species in north Africa and in southern Africa, and one species (D. repens) in arctic North America."
Diapensiaceae,"Diapensiaceae is a small family of flowering plants, which includes 15 species in 6 genera."
Diaspididae,Diaspididae is the largest family of scale insects with over 2650 described species in around 400 genera.
Diaspora,A diaspora ( dy-ASP-ər-ə) is a population that is scattered across regions which are separate from its geographic place of origin.
Dicentra,"Dicentra (Greek dís ""twice"", kéntron ""spur""), known as bleeding-hearts, is a genus of eight species of herbaceous plants with oddly shaped flowers and finely divided leaves, native to eastern Asia and North America."
Diceros,"Diceros (Greek: ""two"" (dio), ""horn"" (keratos)) is a genus of rhinoceros containing the extant black rhinoceros (Diceros bicornis) and several extinct species."
Dicksonia,Dicksonia is a genus of tree ferns in the order Cyatheales.
Dicksoniaceae,"Dicksoniaceae is a group of tropical, subtropical and warm temperate ferns, treated as a family in the Pteridophyte Phylogeny Group classification of 2016 (PPG I), and counting 30-40 species."
Dicranaceae,Dicranaceae is a family of haplolepideous mosses (Dicranidae) in class Bryopsida.
Dicranales,Dicranales is an order of haplolepideous mosses in the subclass Dicranidae.
Dicranopteris,Dicranopteris (forkedfern) is a genus of tropical ferns of the family Gleicheniaceae.
Dicranum,"Dicranum is a genus of mosses, also called wind-blown mosses or fork mosses."
Dictamnus,"Dictamnus is a genus of flowering plant in the family Rutaceae, native to temperate Eurasia from Spain to China."
Dictaphone,Dictaphone was an American company founded by Alexander Graham Bell that produced dictation machines.
Dictyoptera,"Dictyoptera (from Greek δίκτυον diktyon ""net"" and πτερόν pteron ""wing"") is an insect superorder that includes two extant orders of polyneopterous insects: the order Blattodea (termites and cockroaches together) and the order Mantodea (mantises)."
Didelphis,Didelphis is a genus of New World marsupials.
Didion,Didion is a surname.
Dido,"Dido ( DY-doh; Ancient Greek: Διδώ Greek pronunciation: [diː.dɔ̌ː], Latin pronunciation: [ˈdiːdoː]), also known as Elissa ( ə-LISS-ə, Ἔλισσα), was the legendary founder and first queen of the Phoenician city-state of Carthage (located in modern Tunisia), in 814 BC. 
In most accounts, she was the queen of the Phoenician city-state of Tyre (today in Lebanon) who fled tyranny to found her own city in northwest Africa."
Dieffenbachia,"Dieffenbachia , commonly known as dumb cane or leopard lily, is a genus of tropical flowering plants  in the family Araceae."
Diervilla,"Diervilla, or bush honeysuckle, is a genus of three species of deciduous shrubs in the family Caprifoliaceae, all indigenous to eastern North America."
Digitaria,"Digitaria is a genus of plants in the grass family native to tropical and warm temperate regions but can occur in tropical, subtropical, and cooler temperate regions as well."
Dijon,"Dijon (UK: , US: , French: [diʒɔ̃] ) is a city that serves as the prefecture of the Côte-d'Or department and of the Bourgogne-Franche-Comté region in eastern France."
Dilleniaceae,Dilleniaceae is a family of flowering plants with 11 genera and about 430 known species.
Dilleniidae,Dilleniidae is a botanical name at the rank of subclass.Circumscription of the subclass will vary with the taxonomic system being used; the only requirement being that it includes the family Dilleniaceae.
Dimetapp,Dimetapp is an American brand of over-the-counter cold and allergy medicines that is manufactured by Foundation Consumer Brands.
Dimocarpus,Dimocarpus is a genus of trees or shrubs in the flowering plant family Sapindaceae.
Dimorphotheca,"Dimorphotheca is a genus of plants in the family Asteraceae, native to southern Africa."
Dindymene,"Dindymene (Ancient Greek: Δινδυμήνη), in ancient Phrygian mythology, is one of the names of Cybele, mother of the gods."
Dinesen,Dinesen is a surname of Danish origin.
Dinocerata,"Dinocerata (from the Greek δεινός (deinós), ""terrible"", and κέρας (kéras), ""horn"") or Uintatheria, also known as uintatheres, is an extinct order of large herbivorous hoofed mammals with horns and protuberant canine teeth, known from the Paleocene and Eocene of Asia and North America."
Dinornis,The giant moa (Dinornis) is an extinct genus of birds belonging to the moa family.
Diocletian,"Diocletian (, DYE-ə-KLEE-shən; Latin: Gaius Aurelius Valerius Diocletianus, Ancient Greek: Διοκλητιανός, romanized: Diokletianós; 242/245 – 311/312), nicknamed Jovius, was Roman emperor from 284 until his abdication in 305."
Diodon,"Porcupinefishes or balloonfishes, are any of the various species of the genus Diodon, the type genus of Diodontidae."
Diogenes,"Diogenes ( dy-OJ-in-eez; Ancient Greek: Διογένης, romanized: Diogénēs [di.oɡénɛːs]), also known as Diogenes the Cynic (Διογένης ὁ Κυνικός, Diogénēs ho Kynikós) or Diogenes of Sinope, was a Greek philosopher and one of the founders of Cynicism."
Dionysia,"The Dionysia (, , ; Greek: Διονύσια) was a large festival in ancient Athens in honor of the god Dionysus, the central events of which were the theatrical performances of dramatic tragedies and, from 487 BC, comedies."
Dionysius,"The name Dionysius (; Greek: Διονύσιος Dionysios, ""of Dionysus""; Latin: Dionysius) was common in classical and post-classical times."
Dionysus,"In ancient Greek religion and myth, Dionysus (; Ancient Greek: Διόνυσος Dionysos) is the god of wine-making, orchards and fruit, vegetation, fertility, festivity, insanity, ritual madness, religious ecstasy, and theatre."
Diophantus,"Diophantus of Alexandria (born c. AD 200 – c. 214; died c. AD 284 – c. 298) was a Greek mathematician, who was the author of a series of books called Arithmetica, many of which deal with solving algebraic equations.Diophantus is considered ""the father of algebra"" by many mathematicians because of his contributions to number theory, mathematical equations, and the earliest known use of algebraic notation and symbolism in his works."
Dior,"Christian Dior SE (French: [kʁistjɑ̃ djɔʁ]), commonly known as Dior (stylized DIOR), is a French multinational luxury fashion house controlled and chaired by French businessman Bernard Arnault, who also heads LVMH. Dior holds 42.36% shares and 59.01% of voting rights within LVMH.The company was founded in 1946 by French fashion designer Christian Dior."
Dioscorea,"Dioscorea is a genus of over 600 species of flowering plants in the family Dioscoreaceae, native throughout the tropical and warm temperate regions of the world."
Dioscoreaceae,"Dioscoreaceae () is a family of monocotyledonous flowering plants, with about 715 known species in nine genera."
Diospyros,Diospyros is a genus of over 700 species of deciduous and evergreen trees and shrubs.
Dipladenia,The genus name Dipladenia or the common name dipladenia can refer to several flowering plants:
Diplopterygium,Diplopterygium is a genus of ferns in the family Gleicheniaceae.
Dipper,"Dippers are members of the genus Cinclus in the bird family Cinclidae, so-called because of their bobbing or dipping movements."
Dipsacaceae,The Dipsacaceae were recognized as a family (the teasel family) of the order Dipsacales containing 350 species of perennial or biennial herbs and shrubs in eleven genera.
Dipsacus,Dipsacus is a genus of flowering plant in the family Caprifoliaceae.
Dipsosaurus,Dipsosaurus is a genus of lizards in the family Iguanidae.
Dipterocarpaceae,Dipterocarpaceae is a family of 16 genera and about 695 known species of mainly tropical lowland rainforest trees.
Dipteronia,Dipteronia is a genus with two living and one extinct species in the soapberry family Sapindaceae.
Dipteryx,Dipteryx is a genus containing a number of species of large trees and possibly shrubs.
Dipus,Dipus is a genus of jerboa.
Dipylon,"The Dipylon (Greek: Δίπυλον, ""Two-Gated"") was the main gate in the city wall of Classical Athens."
Dirca,"Dirca is a genus of three or four species of flowering plants in the family Thymelaeaceae, native to North America."
Discomycetes,"Discomycetes is a former taxonomic class of Ascomycete fungi which contains all of the cup, sponge and brain fungi, and some club-like fungi."
Disneyland,"Disneyland is a theme park at the Disneyland Resort in Anaheim, California."
Dixie,"Dixie, also known as Dixieland or Dixie's Land, is a nickname for all or part of the Southern United States."
Djanet,"Djanet (Arabic: جانت; Berber: ⵊⴰⵏⴻⵜ, Janet) is an oasis city, and capital of Djanet District as well as of Djanet Province, southeast Algeria."
Djibouti,"Djibouti, officially the Republic of Djibouti, is a country in the Horn of Africa, bordered by Somalia to the south, Ethiopia to the southwest, Eritrea in the north, and the Red Sea and the Gulf of Aden to the east."
Dnieper,"The Dnieper (),  also called Dnipro (), is one of the major transboundary rivers of Europe, rising in the Valdai Hills near Smolensk, Russia, before flowing through Belarus and Ukraine to the Black Sea."
Dobrich,"Dobrich (Bulgarian: Добрич [ˈdɔbrit͡ʃ]; Romanian: Bazargic; Turkish: Hacıoğlu Pazarcık) is the 9th most populated city in Bulgaria, the administrative centre of Dobrich Province and the capital of the region of Southern Dobrudzha."
Docetism,"In the history of Christianity, docetism (from the Koinē Greek: δοκεῖν/δόκησις dokeĩn ""to seem"", dókēsis ""apparition, phantom"") is the heterodox doctrine that the phenomenon of Jesus, his historical and bodily existence, and above all the human form of Jesus, was mere semblance without any true reality."
Doctorow,Doctorow is a surname.
Dodecanese,"The Dodecanese (UK: , US: ; Greek: Δωδεκάνησα, Dodekánisa [ðoðeˈkanisa], lit. 'twelve islands') are a group of 15 larger and 150 smaller Greek islands in the southeastern Aegean Sea and Eastern Mediterranean, off the coast of Turkey's Anatolia, of which 26 are inhabited."
Dodgem,Dodgem is a simple abstract strategy game invented by Colin Vout in 1972 while he was a mathematics student at the University of Cambridge as described in the book Winning Ways.
Dodgson,Dodgson is a surname.
Dodoma,"Dodoma (lit. 'It has sunk' in Gogo), officially Dodoma City (Jiji Kuu la Dodoma, in Swahili), is the capital of Tanzania and is the administrative capital of both Dodoma Municipal Council and the entire Dodoma Region, with a population of 765,179."
Dodonaea,"Dodonaea is a genus of about 70 species of flowering plants, often known as hop-bushes, in the soapberry family, Sapindaceae."
Doha,"Doha (Arabic: الدوحة, romanized: ad-Dawḥa [adˈduħa] or ad-Dūḥa) is the capital city and main financial hub of Qatar."
Dolby,"Dolby Laboratories, Inc."
Dolichotis,Dolichotis is a genus of the cavy family of rodents.
Doliolidae,Doliolidae is a family of tunicates in the order Doliolida.
Dominic,"Dominic, Dominik or Dominick is a male given name common among Roman Catholics and other Latin-Romans."
Dominica,"Dominica (locally  dom-in-EE-kə; UK: US:  or  ;) officially the Commonwealth of Dominica, is an island country in the Caribbean."
Dominion,A dominion was any of several self-governing countries of the British Empire.
Dominique,"""Dominique"" is a 1963 French language popular song, written and performed by Belgian singer Jeannine Deckers, better known as Sœur Sourire (""Sister Smile"" in French) or The Singing Nun."
Domitian,"Domitian (, də-MISH-ən, -⁠ee-ən; Latin: Domitianus; 24 October 51 – 18 September 96) was Roman emperor from 81 to 96."
Donatello,"Donato di Niccolò di Betto Bardi (c. 1386 – 13 December 1466), better known as Donatello (English:  Italian: [donaˈtɛllo]), was an Italian sculptor of the Renaissance period."
Donatism,"Donatism was a Christian sect leading to a schism in the Church, in the region of the Church of Carthage, from the fourth to the sixth centuries."
Donbas,"The Donbas (UK: , US: ; Ukrainian: Донба́с [donˈbɑs];) or Donbass (Russian: Донба́сс [dɐnˈbas]) is a historical, cultural, and economic region in eastern Ukraine."
Donetsk,"Donetsk (UK:  don-YETSK, US: ; Ukrainian: Донецьк [doˈnɛt͡sʲk] ; Russian: Донецк [dɐˈnʲetsk] ), formerly known as Aleksandrovka, Yuzivka (or Hughesovka), Stalin, and Stalino, is an industrial city in eastern Ukraine located on the Kalmius River in Donetsk Oblast, which is currently occupied by Russia as the capital of the Donetsk People's Republic."
Donetske,Donetske (Ukrainian: Донецьке) may refer to the following places in Ukraine:
Doodia,"Doodia is a genus of ferns in the family Blechnaceae, subfamily Blechnoideae, in the suborder Aspleniineae (eupolypods II)."
Dorado,"Dorado (US: , also UK: ) is a constellation in the Southern Sky."
Dorking,"Dorking () is a market town in Surrey in South East England, about 21 mi (34 km) south of London."
Doronicum,"Doronicum is a genus of flowering plants in the sunflower family, known as leopard's bane."
Dortmund,"Dortmund (German: [ˈdɔʁtmʊnt] ; Westphalian Low German: Düörpm [ˈdyːœɐ̯pm̩]; Latin: Tremonia) is the third-largest city in North Rhine-Westphalia, after Cologne and Düsseldorf, and the ninth-largest city in Germany."
Dorylinae,"Dorylinae is an ant subfamily, with distributions in both the Old World and New World."
Doryopteris,Doryopteris is a genus of ferns in the subfamily Cheilanthoideae of the family Pteridaceae.
Douala,Douala is the largest city in Cameroon and its economic capital.
Dover,"Dover ( DOH-vər) is a town and major ferry port in Kent, South East England."
Dovyalis,Dovyalis is a genus of shrubs and small trees.
Dowdy,Dowdy is a surname.
Dracocephalum,"Dracocephalum is a genus of about 60 to 70 species of flowering plants in the family Lamiaceae, native to temperate regions of the Northern Hemisphere."
Dracula,"Dracula is a novel by Bram Stoker, published in 1897."
Dracunculidae,Dracunculidae is a family of parasitic nematodes belonging to the order Camallanida.
Dragon,A dragon is a large magical legendary creature that appears in the folklore of multiple cultures worldwide.
Drambuie,"Drambuie  is a golden-coloured, 40% ABV liqueur made from Scotch whisky, heather honey, herbs and spices."
Dreissena,Dreissena is a genus of small freshwater mussels in the family Dreissenidae in the class Bivalvia.
Drepanis,Drepanis is a genus of Hawaiian honeycreeper in the subfamily Carduelinae of the family Fringillidae.
Dresden,"Dresden (, German: [ˈdʁeːsdn̩] ; Upper Saxon: Dräsdn; Upper Sorbian: Drježdźany, pronounced [ˈdʁʲɛʒdʒanɨ]) is the capital city of the German state of Saxony and its second most populous city after Leipzig."
Drimys,"Drimys is a genus of seven species of woody evergreen flowering plants, in the family Winteraceae."
Drogheda,"Drogheda ( DRO-həd-ə, DRAW-də; Irish: Droichead Átha [ˈd̪ˠɾˠɛhəd̪ˠ ˈaːhə], meaning ""bridge at the ford"") is an industrial and port town in County Louth on the east coast of Ireland, 42 km (26 mi) north of Dublin city centre."
Dromaeosauridae,Dromaeosauridae () is a family of feathered coelurosaurian theropod dinosaurs.
Dromaius,"Dromaius (from greek δρομαίυς ""runner"") is a genus of ratite present in Australia."
Drosera,"Drosera, which is  commonly known as the sundews, is one of the largest genera of carnivorous plants, with at least 194 species."
Droseraceae,"Droseraceae is a family of carnivorous flowering plants, also known as the sundew family."
Drosophilidae,"The Drosophilidae are a diverse, cosmopolitan family of flies, which includes species called fruit flies, although they are more accurately referred to as vinegar or pomace flies."
Drosophyllum,"Drosophyllum ( DROSS-oh-FIL-əm, rarely  drə-SOF-il-əm) is a genus of carnivorous plants containing the single species Drosophyllum lusitanicum, commonly known as Portuguese sundew or dewy pine."
Druid,A druid was a member of the high-ranking priestly class in ancient Celtic cultures.
Druze,"The Druze ( DROOZ; Arabic: دَرْزِيّ, darzī or دُرْزِيّ durzī, pl."
Dryadella,"Dryadella is a genus of miniature orchids, formerly included in the genus Masdevallia."
Drymarchon,"Drymarchon is a genus of large nonvenomous colubrid snakes, commonly known as indigo snakes or cribos, found in the Southeastern United States, Central America, and South America."
Dryopithecus,Dryopithecus is a genus of extinct great apes from the middle–late Miocene boundary of Europe 12.5 to 11.1 million years ago (mya).
Dryopteridaceae,The Dryopteridaceae are a family of leptosporangiate ferns in the order Polypodiales.
Dryopteris,The moth genus Dryopteris is now considered a junior synonym of Oreta.
Dubai,"Dubai (, doo-BY; Arabic: دبي, romanized: Dubayy, IPA: [dʊˈbajj], Gulf Arabic pronunciation: [dəˈbaj]) is the most populous city in the United Arab Emirates (UAE) and the capital of the Emirate of Dubai, the most populated of the country's seven emirates.Established in the 18th century as a small fishing village, Dubai grew into a regional trading hub in the early 20th century and grew rapidly in the late 20th and early 21st centuries with a focus on tourism and luxury."
Dublin,"Dublin ( ; Irish: Baile Átha Cliath, pronounced [ˈbˠalʲə aːhə ˈclʲiə] or [ˌbʲlʲaː ˈclʲiə]) is the capital and largest city of Ireland."
Dubonnet,"Dubonnet (UK: , US: , French: [dybɔnɛ]) is a sweet, aromatised wine-based quinquina, often enjoyed as an aperitif."
Dubrovnik,"Dubrovnik (UK:  dyuu-BROV-nik, US:  doo-, Croatian: [dǔbroːʋniːk] ), historically known as Ragusa (Italian: [raˈɡuːza] ; see notes on naming), is a city in southern Dalmatia, Croatia, by the Adriatic Sea."
Dufy,Dufy is a French surname.
Dugongidae,Dugongidae is a family in the order of Sirenia.
Duma,A duma (Russian: дума) is a Russian assembly with advisory or legislative functions.
Dumpster,"A dumpster is a movable waste container designed to be brought and taken away by a special collection vehicle, or to a bin that a specially designed garbage truck lifts, empties into its hopper, and lowers, on the spot."
Dunker,"A Dunker, also known as the Norwegian Hound, is a medium-sized breed of dog from Norway."
Dunkirk,"Dunkirk (UK:  dun-KURK, US:  DUN-kurk;West Flemish: Duunkerke, Dutch: Duinkerke, French: Dunkerque [dœ̃kɛʁk] ) is a commune in the department of Nord in northern France."
Duralumin,"Duralumin (also called duraluminum, duraluminium, duralum, dural(l)ium, or dural) is a trade name for one of the earliest types of age-hardenable aluminium–copper alloys."
Durango,"Durango (Spanish pronunciation: [duˈɾaŋɡo] ), officially named Estado Libre y Soberano de Durango (English: Free and Sovereign State of Durango; Tepehuán: Korian; Nahuatl: Tepēhuahcān), is one of the 31 states which make up the 32 Federal Entities of Mexico, situated in the northwest portion of the country."
Durante,Durante is both an Italian surname and a masculine Italian given name.
Durban,"Durban ( DUR-bən; Zulu: eThekwini, from itheku meaning 'the port'; also called eZibubulungwini for the mountain range that terminates in the area) is the third-most populous city in South Africa after Johannesburg and Cape Town, and the largest city in KwaZulu-Natal."
Durga,"Durga (Sanskrit: दुर्गा, IAST: Durgā) is a major Hindu goddess, worshipped as a principal aspect of the mother goddess Mahadevi."
Durrell,"Durrell is a surname, and may refer to"
Dushanbe,Dushanbe is the capital and largest city of Tajikistan.
Dusicyon,Dusicyon is an extinct genus of South American canids.
Duvalier,"Duvalier is a French and Haitian surname, and may refer to:

François Duvalier (1907–1971), nicknamed ""Papa Doc"", President of Haiti 1957–71
Jean-Claude Duvalier (1951–2014), nicknamed ""Baby Doc"", son of François Duvalier and President of Haiti 1971–86
Simone Ovid Duvalier (1913–1997), nicknamed ""Mama Doc"", widow of François Duvalier and mother of Jean-Claude Duvalier
Michèle Bennett Duvalier (b."
Dyaus,"Dyaus ( DYOWSH; Sanskrit: द्यौष्, romanized: Dyáuṣ [ˈd̪ʲɐ.ʊʂ]; Alternate form in Sanskrit: द्यौस्, romanized: Dyáus [ˈd̪ʲɐ.ʊs̪]), or Dyaus-pitr (Devanagari द्यौष्पितृ, Dyáuṣ-pitṛ́), is the Ṛgvedic sky deity."
Dysdercus,"Dysdercus is a widespread genus of true bugs in the family Pyrrhocoridae; a number of species attacking cotton bolls may be called ""cotton stainers""."
Dytiscidae,"The Dytiscidae – based on the Greek dytikos (δυτικός), ""able to dive"" – are the predaceous diving beetles, a family of water beetles."
ELISA,"The enzyme-linked immunosorbent assay (ELISA) (, ) is a commonly used analytical biochemistry assay, first described by Eva Engvall and Peter Perlmann in 1971."
EPROM,"An EPROM (rarely EROM), or erasable programmable read-only memory, is a type of programmable read-only memory (PROM) chip that retains its data when its power supply is switched off."
Eacles,Eacles is a genus of moths in the family Saturniidae.
Eadwig,"Eadwig (also Edwy or Eadwig All-Fair, c. 940 –  1 October 959) was King of England from 23 November 955 until his death."
Eames,Eames is a surname.
Earth,Earth is the third planet from the Sun and the only astronomical object known to harbor life.
East,East is one of the four cardinal directions or points of the compass.
Easter,"Easter, also called Pascha (Aramaic, Greek, Latin) or Resurrection Sunday, is a Christian festival and cultural holiday commemorating the resurrection of Jesus from the dead, described in the New Testament as having occurred on the third day of his burial following his crucifixion by the Romans at Calvary c. 30 AD. It is the culmination of the Passion of Jesus Christ, preceded by Lent (or Great Lent), a 40-day period of fasting, prayer, and penance."
Eastertide,Eastertide (also known as Eastertime or the Easter season) or Paschaltide (also known as Paschaltime or the Paschal season) is a festal season in the liturgical year of Christianity that focuses on celebrating the Resurrection of Jesus Christ.
Ebenaceae,The Ebenaceae are a family of flowering plants belonging to order Ericales.
Ebenales,Ebenales is an order of flowering plants.
Ebola,"Ebola, also known as Ebola virus disease (EVD) and Ebola hemorrhagic fever (EHF), is a viral hemorrhagic fever in humans and other primates, caused by ebolaviruses."
Ebro,"The Ebro (Spanish and Basque pronunciation: [ˈeβɾo]; Catalan: Ebre [ˈeβɾə]) is a river of the north and northeast of the Iberian Peninsula, in Spain."
Ecballium,"Ecballium is a genus of flowering plants in the family Cucurbitaceae containing a single species, Ecballium elaterium, also called the squirting cucumber or exploding cucumber (not the same plant as Cyclanthera brachystachya)."
Ecclesiastes,"Ecclesiastes  ( ih-KLEE-zee-ASS-teez; Biblical Hebrew: קֹהֶלֶת, romanized: Qōheleṯ, Ancient Greek: Ἐκκλησιαστής, romanized: Ekklēsiastēs) is one of the Ketuvim (""Writings"") of the Hebrew Bible and part of the Wisdom literature of the Christian Old Testament."
Echeneis,"An echeneis is a legendary creature; a small fish that was said to latch on to ships, holding them back."
Echidnophaga,Echidnophaga is a genus of fleas.
Echinacea,Echinacea  is a genus of herbaceous flowering plants in the daisy family.
Echinocereus,"Echinocereus is a genus of ribbed, usually small to medium-sized, cylindrical shaped cacti, comprising about 70 species native to the southern United States and Mexico in very sunny, rocky places."
Echinochloa,Echinochloa is a very widespread  genus of plants in the grass family and tribe  Paniceae.
Echinops,"Echinops  is a genus of about 120 species of flowering plants in the family Asteraceae, commonly known as globe thistles."
Echium,Echium  is a genus of flowering plants in the family Boraginaceae that contains about 70 species and several subspecies.
Echo,"In audio signal processing and acoustics, an echo is a reflection of sound that arrives at the listener with a delay after the direct sound."
Ecuador,"Ecuador (  EK-wə-dor; Spanish pronunciation: [ekwaˈðoɾ] ; Quechua: Ikwayur; Shuar: Ecuador or Ekuatur), officially the Republic of Ecuador (Spanish: República del Ecuador,  which literally translates as ""Republic of the Equator""; Quechua: Ikwayur Ripuwlika; Shuar: Ekuatur Nunka), is a country in northwestern South America, bordered by Colombia on the north, Peru on the east and south, and the Pacific Ocean on the west."
Edaphosauridae,Edaphosauridae is a family of mostly large (up to 3 meters or more) Late Carboniferous to Early Permian synapsids.
Edda,"""Edda"" (; Old Norse Edda, plural Eddur) is an Old Norse term that has been applied by modern scholars to the collective of two Medieval Icelandic literary works: what is now known as the Prose Edda and an older collection of poems (without an original title) now known as the Poetic Edda."
Ederle,Ederle (Italian: [ˈɛːderle]) is a surname that refers to:
Edgar,"Edgar is a commonly used English given name, from an Anglo-Saxon name Edgar (composed of ead   ""rich, prosperous"" and gar  ""spear"")."
Edinburgh,Edinburgh (  Scots: [ˈɛdɪnbʌrə]; Scottish Gaelic: Dùn Èideann [ˌt̪un ˈeːtʲən̪ˠ]) is the capital city of Scotland and one of its 32 council areas.
Edirne,"Edirne (US: , Turkish: [ediɾˈne]) is a city in Turkey, in the northwestern part of the province of Edirne in Eastern Thrace."
Edmonton,Edmonton (  ED-mən-tən) is the capital city of the Canadian province of Alberta.
Edmontonia,Edmontonia is a genus of panoplosaurin nodosaurid dinosaur from the Late Cretaceous Period.
Edo,"Edo (Japanese: 江戸, lit. '""bay-entrance"" or ""estuary""'), also romanized as Jedo, Yedo or Yeddo, is the former name of Tokyo.Edo, formerly a jōkamachi (castle town) centered on Edo Castle located in Musashi Province, became the de facto capital of Japan from 1603 as the seat of the Tokugawa shogunate."
Education,"Education is the transmission of knowledge, skills, and character traits and comes in many forms."
Edward,Edward is an English male given name.
Edwin,"The name Edwin means ""wealth-friend""."
Eelam,"Eelam  (Tamil: ஈழம், īḻam, Tamil: [iːɻɐm], also spelled Eezham, Ilam or Izham in English) is the native Tamil name for the South Asian island now known as Sri Lanka."
Egbert,"Egbert is a name that derives from old Germanic words meaning ""bright edge"", such as that of a blade."
Egretta,"Egretta is a genus of medium-sized herons, mostly breeding in warmer climates."
Egypt,"Egypt (Arabic: مصر Miṣr [mesˁr], Egyptian Arabic pronunciation: [mɑsˤr]), officially the Arab Republic of Egypt, is a transcontinental country spanning the northeast corner of Africa and the Sinai Peninsula in the southwest corner of Asia."
Egyptology,"Egyptology (from Egypt and Greek -λογία, -logia; Arabic: علم المصريات) is the scientific study of ancient Egypt."
Ehrlich,"Ehrlich is a German/Yiddish surname, meaning ""honest"" or ""honorable""."
Eichhornia,"Eichhornia, commonly called water hyacinths, was a polyphyletic genus of the aquatic flowering plants family Pontederiaceae."
Eimeriidae,Eimeriidae is a family of Apicomplexa.
Eindhoven,"Eindhoven (Dutch: [ˈɛintˌɦoːvə(n)] ; literally ""Last Hooves"") is a city and municipality of the Netherlands, located in the southern province of North Brabant of which it is its largest and is also located in the Dutch part of the natural region the Campine."
Eira,"Eira is a neighborhood in Helsinki, the capital of Finland."
Ekman,Ekman is a Swedish surname.
Elaeagnaceae,"The Elaeagnaceae are a plant family, the oleaster family,  of the order Rosales comprising small trees and shrubs, native to temperate regions of the Northern Hemisphere, south into tropical Asia and Australia."
Elaeagnus,"Elaeagnus , silverberry or oleaster, is a genus of about 50–70 species of flowering plants in the family Elaeagnaceae."
Elaeis,"Elaeis (from Greek 'oil') is a genus of palms containing two species, called oil palms."
Elaeocarpaceae,Elaeocarpaceae is a family of flowering plants.
Elaeocarpus,"Elaeocarpus is a genus of nearly five hundred species of flowering plants in the family Elaeocarpaceae native to the Western Indian Ocean, Tropical and Subtropical Asia, and the Pacific."
Elam,"Elam (; Linear Elamite:  hatamti; Cuneiform Elamite: 𒁹𒄬𒆷𒁶𒋾 ḫalatamti; Sumerian: 𒉏𒈠 elam; Akkadian: 𒉏𒈠𒆠 elamtu; Hebrew: עֵילָם ʿēlām; Old Persian: 𐎢𐎺𐎩 hūja) was an ancient civilization centered in the far west and southwest of modern-day Iran, stretching from the lowlands of what is now Khuzestan and Ilam Province as well as a small part of southern Iraq."
Elanus,Elanus is a genus of bird of prey in the elanine kite subfamily.
Elaphe,Elaphe is a genus of snakes in the family Colubridae.
Elaphurus,Elaphurus is a genus of deer.
Elapidae,"Elapidae (, commonly known as elapids ; Ancient Greek: ἔλλοψ éllops ""sea-fish"") is a family of snakes characterized by their permanently erect fangs at the front of the mouth."
Elasmobranchii,"Elasmobranchii () is a subclass of Chondrichthyes or cartilaginous fish, including modern sharks (superorder Selachii), rays, skates, and sawfish (superorder Batoidea)."
Elastoplast,Elastoplast is a brand of adhesive bandages (also called sticking plasters) and medical dressing made by Beiersdorf.
Elbe,"The Elbe (German: [ˈɛlbə] ; Czech: Labe [ˈlabɛ] ; Low German: Ilv or Elv; Upper and Lower Sorbian: Łobjo, pronounced [ˈwɔbʲɔ]) is one of the major rivers of Western Europe."
Electra,"Electra, also spelt Elektra (; Ancient Greek: Ἠλέκτρα, romanized: Ēléktrā, lit. 'amber'; [ɛː.lék.traː]), is one of the most popular mythological characters in tragedies."
Electrophorus,"In electromagnetism, an electrophorus or electrophore is a simple, manual, capacitive, electrostatic generator used to produce charge via the process of electrostatic induction."
Eleocharis,"Eleocharis is a virtually cosmopolitan genus of 250 or more species of flowering plants in the sedge family, Cyperaceae."
Eleotridae,"Eleotridae is a family of fish commonly known as sleeper gobies, with about 34 genera and 180 species."
Elephantidae,"Elephantidae is a family of large, herbivorous proboscidean mammals collectively called elephants and mammoths."
Elephantopus,"Elephantopus is a genus of perennial plants in the daisy family (Asteraceae).The genus is widespread over much of Africa, southern Asia, Australia, and the Americas."
Elephas,"Elephas is one of two surviving genera in the family of elephants, Elephantidae, with one surviving species, the Asian elephant, Elephas maximus."
Elettaria,Elettaria is a genus of flowering plants in the family Zingiberaceae.
Eleusine,"Eleusine is a genus of Asian, African, and South American plants in the grass family, sometimes called by the common name goosegrass."
Eleutherodactylus,Eleutherodactylus is a genus of frogs in the family Eleutherodactylidae.
Elijah,"Elijah  ( il-EYE-jə; Hebrew: אֵלִיָּהוּ, romanized: ʾĒlīyyāhū, meaning ""My God is Yahweh/YHWH""; Greek form: Elias  il-EYE-əs) was, according to the Books of Kings in the Hebrew Bible, a prophet and a miracle worker who lived in the northern kingdom of Israel during the reign of King Ahab (9th century BC)."
Elinvar,Elinvar is a nickel–iron–chromium alloy notable for having a modulus of elasticity which does not change much with temperature changes.
Eliomys,"Eliomys (Greek: Ἡλίομυς Hēlíomus) is a genus of rodent in the family Gliridae, commonly known as garden dormice.It contains the following extant species:

Asian garden dormouse, Eliomys melanurus
Maghreb garden dormouse, Eliomys munbyanus
Garden dormouse, Eliomys quercinusThe earliest records of the genus are known from the Late Miocene (Tortonian) of the Iberian Peninsula.Fossil species assigned to Eliomys include:
†Eliomys truci
†Eliomys yevesi
†Eliomys intermedius
†Eliomys assimilis
†Eliomys lafarguei
†Eliomys reductus


== References ==

Reumer J.W.F. 2001."
Elli,"In Norse mythology (a subset of Germanic mythology), Elli (Old Norse: [ˈelːe], ""old age"") is a personification of old age who, in the Prose Edda book Gylfaginning, defeats Thor in a wrestling match."
Ellison,Ellison is a surname and given name.
Ellul,Ellul is a Maltese surname.
Elodea,Elodea is a genus of 6 species of aquatic plants often called the waterweeds described as a genus in 1803.
Elopidae,The Elopidae are a family of ray-finned fish containing a single living genus Elops.
Elul,"Elul (Hebrew: אֱלוּל‎, Standard ʾElūl, Tiberian ʾĔlūl) is the twelfth month of the civil year and the sixth month of the religious year in the Hebrew calendar."
Elysium,"Elysium (, ), otherwise known as the Elysian Fields (Ancient Greek: Ἠλύσιον πεδίον, Ēlýsion pedíon) or Elysian Plains, is a conception of the afterlife that developed over time and was maintained by some Greek religious and philosophical sects and cults."
Embioptera,"The order Embioptera, commonly known as webspinners or footspinners, are a small group of mostly tropical and subtropical insects, classified under the subclass Pterygota."
Embothrium,"Embothrium is a genus of two to eight species (depending on taxonomic interpretation) in the plant family Proteaceae, native to southern South America, in Chile and adjacent western Argentina; the genus occurs as far south as Tierra del Fuego."
Emmental,"The Emmental (English: Emme Valley) is a valley in west-central Switzerland, forming part of the canton of Bern."
Empedocles,"Empedocles (; Greek: Ἐμπεδοκλῆς; c. 494 – c. 434 BC, fl."
Empetrum,Empetrum is a genus of three species of dwarf evergreen shrubs in the heath family Ericaceae.
Empire,"An  empire is a political unit made up of several territories and peoples, ""usually created by conquest, and divided between a dominant center and subordinate peripheries""."
Emydidae,"Emydidae (Latin emys (freshwater tortoise) + Ancient Greek εἶδος (eîdos, “appearance, resemblance”)) is a family of testudines (turtles) that includes close to 50 species in 10 genera."
Encelia,Encelia is a genus of the plant family Asteraceae.
Enceliopsis,Enceliopsis is a small genus of flowering plants in the family Asteraceae.
Encyclia,"Encyclia is also a Greek term for the Codex Encyclius

Encyclia is a genus of orchids."
Endamoeba,Endamoeba is a genus of amoeboids in Amoebozoa.
Energy,"In physics, energy (from Ancient Greek  ἐνέργεια (enérgeia) 'activity') is the quantitative property that is transferred to a body or to a physical system, recognizable in the performance of work and in the form of heat and light."
Enesco,Enesco is a privately held American giftware company that began in 1958.
Enets,"The Enets (Russian: энцы, entsy; singular: энец, enets; also known as Yenetses, Entsy, Entsi, Yenisei or Yenisey Samoyeds) are a Samoyedic ethnic group who live on the east bank, near the mouth, of the Yenisei River."
England,England is a country that is part of the United Kingdom.
Engraulis,Engraulis is a genus of anchovies.
Enhydra,Enhydra is a genus of mustelid that contains the sea otter and two extinct relatives.
Enki,"Enki (Sumerian: 𒀭𒂗𒆠 DEN-KI) is the Sumerian god of water, knowledge (gestú), crafts (gašam), and creation (nudimmud), and one of the Anunnaki."
Enkidu,"Enkidu (Sumerian: 𒂗𒆠𒄭 EN.KI.DU10) was a legendary figure in ancient Mesopotamian mythology, wartime comrade and friend of Gilgamesh, king of Uruk."
Enlil,"Enlil, later known as Elil, is an ancient Mesopotamian god associated with wind, air, earth, and storms."
Ensete,Ensete is a genus of monocarpic flowering plants native to tropical regions of Africa and Asia.
Ensis,"Ensis is a genus of medium-sized edible saltwater clams, littoral bivalve molluscs in the family Pharidae."
Entandrophragma,Entandrophragma is a genus of eleven known species of deciduous trees in the family Meliaceae.
Entebbe,"Entebbe is a city in Central Uganda which is located on  Lake Victoria peninsula, approximately 36 kilometres (22 mi) southwest of the Ugandan capital city, Kampala."
Entelea,Entelea arborescens or whau is a species of malvaceous tree endemic to New Zealand.
Enterobacteriaceae,Enterobacteriaceae is a large family of Gram-negative bacteria.
Enterolobium,"Enterolobium is a genus of 12 species of flowering plants in the family Fabaceae, native to tropical and warm-temperate regions of the Americas."
Entoloma,Entoloma  is a genus of fungi in the order Agaricales.
Entolomataceae,The Entolomataceae are a family of fungi in the order Agaricales.
Entomophthora,Entomophthora is a fungal genus in the family Entomophthoraceae.
Entomophthoraceae,Entomophthoraceae is a family of fungi in the order Entomophthorales.
Entomophthorales,The Entomophthorales are an order of fungi that were previously classified in the class Zygomycetes.
Entomostraca,"Entomostraca is a historical subclass of crustaceans, no longer in technical use."
Entoprocta,"Entoprocta  (lit. 'inside rectum/anus'), or Kamptozoa , is a phylum of mostly sessile aquatic animals, ranging from 0.1 to 7 millimetres (0.004 to 0.3 in) long."
Eocene,"The Eocene (IPA:  EE-ə-seen, EE-oh-) Epoch is a geological epoch that lasted from about 56 to 33.9 million years ago (Ma)."
Eos,"In ancient Greek mythology and religion, Eos (; Ionic and Homeric Greek Ἠώς Ēṓs, Attic Ἕως Héōs, ""dawn"", pronounced [ɛːɔ̌ːs] or [héɔːs]; Aeolic Αὔως Aúōs, Doric Ἀώς Āṓs) is the goddess and personification of the dawn, who rose each morning from her home at the edge of the river Oceanus to deliver light and disperse the night."
Ephedraceae,"Ephedraceae is a family of gymnosperms belonging to Gnetophyta, it contains only a single extant genus, Ephedra, as well as a number of extinct genera from the Early Cretaceous."
Ephemeridae,Ephemeridae is a family of mayflies with about 150 described species found throughout the world except Australia and Oceania.
Ephestia,Ephestia is a genus of small moths belonging to the family Pyralidae.
Ephesus,"Ephesus (; Greek: Ἔφεσος, translit."
Ephippidae,"Ephippidae is a family of percomorph fishes, the spadefishes, in the order Moroniformes."
Ephippiorhynchus,Ephippiorhynchus is a small genus of storks.
Epictetus,"Epictetus (, EH-pick-TEE-təss; Greek: Ἐπίκτητος, Epíktētos; c."
Epicurus,"Epicurus (, EH-pih-KURE-əs; Greek: Ἐπίκουρος Epikouros; 341–270 BC) was an ancient Greek philosopher and sage who founded Epicureanism, a highly influential school of philosophy."
Epidendrum,"Epidendrum , abbreviated Epi in the horticultural trade, is a large neotropical genus of the orchid family."
Epigaea,Epigaea is a small genus of flowering plant in the family Ericaceae.
Epilachna,"Epilachna is  a genus of beetle in the family Coccinellidae, including several pest species, such as the Mexican bean beetle (Epilachna varivestis)."
Epilobium,"Epilobium is a genus of flowering plants in the family Onagraceae, containing about 197 species."
Epimedium,"Epimedium, also known as barrenwort, bishop's hat, fairy wings, horny goat weed, or yin yang huo (Chinese: 淫羊藿; pinyin: Yínyánghùo; Wade–Giles: Yin²-yang²-huo⁴), is a genus of flowering plants in the family Berberidaceae."
Epimetheus,"In Greek mythology, Epimetheus (; Greek: Ἐπιμηθεύς, lit."
Epinephelus,"Epinephelus is a genus of marine ray-finned fish, groupers from the subfamily Epinephelinae, part of the family Serranidae, which also includes the anthias and sea basses."
Epipactis,"Epipactis, or helleborine, is a genus of terrestrial orchids consisting of approximately 70 species."
Epipremnum,"Epipremnum is a genus of flowering plants in the family Araceae, found in tropical forests from China, the Himalayas, and Southeast Asia to Australia the western Pacific."
Epirus,"Epirus () is a geographical and historical region in southeastern Europe, now shared between Greece and Albania."
Epistle,"An epistle (; from Ancient Greek  ἐπιστολή (epistolḗ) 'letter') is a writing directed or sent to a person or group of people, usually an elegant and formal didactic letter."
Epona,"In Gallo-Roman religion,  Epona was a protector of horses, ponies, donkeys, and mules."
Epstein,"The surname Epstein (Yiddish: עפּשטײן, romanized: Epshteyn) is one of the oldest Ashkenazi Jewish family names."
Eptesicus,"Eptesicus is a genus of bats, commonly called house bats or serotine bats, in the family Vespertilionidae."
Equidae,"Equidae (sometimes known as the horse family) is the taxonomic family of horses and related animals, including the extant horses, asses, and zebras, and many other species known only from fossils."
Equisetaceae,"Equisetaceae, also known as the horsetail family, is a family of ferns and the only surviving family of the order Equisetales, with one surviving genus, Equisetum, comprising about twenty species."
Equisetales,"Equisetales is an order of subclass Equisetidae with only one living family, Equisetaceae, containing the genus Equisetum (horsetails)."
Equisetum,"Equisetum (; horsetail, snake grass, puzzlegrass) is the only living genus in Equisetaceae, a family of vascular plants that reproduce by spores rather than seeds.Equisetum is a ""living fossil"", the only living genus of the entire subclass Equisetidae, which for over 100 million years was much more diverse and dominated the understorey of late Paleozoic forests."
Eragrostis,"Eragrostis is a large and widespread genus of plants in the grass family, found in many countries on all inhabited continents and many islands.Eragrostis is commonly known as lovegrass or canegrass."
Eranthis,"Eranthis is a genus of eight species of flowering plants in the buttercup family Ranunculaceae, native to southern Europe and east across Asia to Japan."
Erasmus,"Desiderius Erasmus Roterodamus (; Dutch: [ˌdeːziˈdeːriʏs eˈrɑsmʏs]; English: Erasmus of Rotterdam or Erasmus; 28 October c.1466 – 12 July 1536) was a Dutch Christian humanist, Catholic theologian, educationalist, satirist and philosopher."
Erato,"In Greek mythology, Erato (; Ancient Greek: Ἐρατώ) is one of the Greek Muses, which were inspirational goddesses of literature, science, and the arts."
Eratosthenes,Eratosthenes of Cyrene (; Greek: Ἐρατοσθένης [eratostʰénɛːs]; c.
Erebus,"In Greek mythology, Erebus (; Ancient Greek: Ἔρεβος, romanized: Érebos, lit. '""darkness, gloom""'), or Erebos, is the personification of darkness."
Ereshkigal,"In Mesopotamian mythology, Ereshkigal (Sumerian: 𒀭𒊩𒌆𒆠𒃲 DEREŠ.KI.GAL, lit."
Erethizon,Erethizon is a genus of New World porcupine and the only one of its family to be found north of southern Mexico.
Erewhon,"Erewhon: or, Over the Range () is a novel by English writer Samuel Butler, first published anonymously in 1872, set in a fictional country discovered and explored by the protagonist."
Ericaceae,"The Ericaceae () are a family of flowering plants, commonly known as the heath or heather family, found most commonly in acidic and infertile growing conditions."
Ericales,The Ericales are a large and diverse order of dicotyledons.
Erigeron,Erigeron () is a large genus of plants in the composite family (Asteraceae).
Erin,"Erin is a personal name taken from the Hiberno-English word for Ireland, originating from the Irish word ""Éirinn""."
Erinaceidae,"Erinaceidae  is a family in the order Eulipotyphla, consisting of the hedgehogs and moonrats."
Erinaceus,Erinaceus is a genus of hedgehog from the family of Erinaceidae.
Erinyes,The Erinyes ( ih-RIN-ee-eez; sing.
Eriobotrya,"Eriobotrya is a genus of flowering plants, mostly large evergreen shrubs and small trees in the family Rosaceae, native to woodland in the Himalayas and East Asia."
Eriocaulaceae,"The Eriocaulaceae are a family of monocotyledonous flowering plants in the order Poales, commonly known as the pipewort family."
Eriocaulon,"Eriocaulon is a genus of about 400 species commonly known as pipeworts, of monocotyledonous flowering plants in the family Eriocaulaceae."
Eriodictyon,"Eriodictyon is a genus of plants known by the common name yerba santa within the Hydrophylloideae subfamily of the borage family, Boraginaceae."
Eriophorum,"Eriophorum (cottongrass, cotton-grass or cottonsedge) is a genus of flowering plants in the family Cyperaceae, the sedge family."
Eriophyllum,"Eriophyllum, commonly known as the woolly sunflower, is a North American genus of plants in the family Asteraceae."
Erithacus,"Erithacus (Greek: ""robin"" (erithacos)) is a genus of passerine bird that contains a single extant species, the European robin (Erithacus rubecula)."
Eritrea,"Eritrea (  ERR-ih-TREE-ə or  -⁠TRAY-; Tigrinya: ኤርትራ, romanized: Ertra, pronounced [ʔer(ɨ)trä] , officially the State of Eritrea is a country in the Horn of Africa region of Eastern Africa, with its capital and largest city at Asmara."
Ernst,"Ernst  is both a surname and a given name, the German, Dutch, and Scandinavian form of Ernest."
Erodium,Erodium is a genus of flowering plants in the botanical family Geraniaceae.
Eros,"In Greek mythology, Eros (UK: , US: ; Ancient Greek: Ἔρως, lit. 'Love, Desire') is the Greek god of love and sex."
Eruca,"Eruca is a genus of flowering plants in the family Brassicaceae, native to the Mediterranean region, which includes the leaf vegetable known as arugula or rocket."
Eryngium,Eryngium is a genus of flowering plants in the family Apiaceae.
Erysimum,"Erysimum, or wallflower, is a genus of flowering plants in the cabbage family, Brassicaceae."
Erysiphales,Erysiphales are an order of ascomycete fungi.
Erysiphe,Erysiphe is a genus of fungi in the family Erysiphaceae.
Erythrocebus,Erythrocebus is a genus of Old World monkey.
Erythronium,"Erythronium, the fawn lily, trout lily, dog's-tooth violet or adder's tongue, is a genus of Eurasian and North American plants in the lily family, most closely related to tulips."
Erythroxylaceae,Erythroxylaceae (the coca family) is a family of flowering trees and shrubs consisting of 4 genera and 271 species.
Erythroxylum,Erythroxylum (Erythroxylon) is a genus of tropical flowering plants in the family Erythroxylaceae.
Esaki,Esaki (江崎) is a Japanese surname.
Esau,Esau is the elder son of Isaac in the Hebrew Bible.
Eschrichtiidae,"Eschrichtiidae or the gray whales is a family of baleen whale (Parvorder Mysticeti) with a single extant species, the gray whale (Eschrichtius robustus), as well as three described fossil genera: Archaeschrichtius and Eschrichtioides from the Miocene and Pliocene of Italy respectively, and Gricetoides from the Pliocene of North Carolina."
Eschrichtius,Eschrichtius is a genus of baleen whale containing two species: the gray whale (E. robustus) and the extinct Akishima whale (E. akishimaensis).
Eskimo,"Eskimo () is an exonym that refers to two closely related Indigenous peoples: Inuit (including the Alaska Native Iñupiat, the Canadian Inuit, and the Greenlandic Inuit) and the Yupik (or Yuit) of eastern Siberia and Alaska."
Esocidae,"Esocidae is a family of fish in the order Esociformes, which contains pike, pickerel, and mudminnows."
Esox,Esox is a genus of freshwater fish commonly known as pike or pickerel.
Esperantido,An Esperantido (plural Esperantidoj) is a constructed language derived from Esperanto.
Esperanto,"Esperanto (,  ) is the world's most widely spoken constructed international auxiliary language."
Espoo,"Espoo (, Finnish: [ˈespoː]; Swedish: Esbo) is a city and municipality in the region of Uusimaa in Finland."
Esquire,"Esquire (, US also ; abbreviated Esq.) is usually a courtesy title."
Esselen,"The Esselen are a Native American people belonging to a linguistic group in the hypothetical Hokan language family, who are indigenous to the Santa Lucia Mountains of a region south of the Big Sur River in California."
Essen,"Essen (German pronunciation: [ˈɛsn̩] ) is the central and, after Dortmund, second-largest city of the Ruhr, the largest urban area in Germany."
Essex,Essex ( ESS-iks) is a ceremonial county in the East of England and one of the home counties.
Esther,Esther (originally Hadassah) is the eponymous heroine of the Book of Esther.
Estonia,"Estonia, officially the Republic of Estonia, is a country by the Baltic Sea in Europe."
Estrilda,Estrilda is a genus of estrildid finch in the family Estrildidae.
Ethiopia,"Ethiopia, officially the Federal Democratic Republic of Ethiopia, is a country located in the Horn of Africa region of East Africa."
Etropus,Etropus is a genus of large-tooth flounders native to the coastal waters of the Americas.
Etruria,"Etruria ( ih-TROOR-ee-ə) was a region of Central Italy delimited by the rivers Arno and Tiber, an area that covered what is now most of Tuscany, northern Lazio, and north-western Umbria."
Eubacteriales,The Eubacteriales are an order of bacteria placed within the class Clostridia.
Eucharist,"The Eucharist (, YOO-kər-ist; from Koinē Greek: εὐχαριστία, romanized: evcharistía, lit. 'thanksgiving'), also known as Holy Communion, Blessed Sacrament and the Lord's Supper, is a Christian rite that is considered a sacrament in most churches, and as an ordinance in others."
Eucinostomus,Eucinostomus is a genus of fish in the family Gerreidae.
Euclid,Euclid (; Greek: Εὐκλείδης; fl. 300 BC) was an ancient Greek mathematician active as a geometer and logician.
Eugenia,Eugenia is a genus of flowering plants in the myrtle family Myrtaceae.
Euglenaceae,Euglenaceae (also known as Euglenidae) is a family of flagellates in the phylum Euglenozoa.
Eumeces,The genus Eumeces (family Scincidae) comprises four African to Middle-Eastern skink species.
Eumenes,Eumenes (; Greek: Εὐμένης; fl. 362–315 BC) was a Greek general and satrap.
Eumops,Eumops (mastiff bats or bonneted bats) is a genus of bats in the family Molossidae.
Eunectes,Eunectes is a genus of boas found in tropical South America commonly called anacondas.
Euonymus,"Euonymus  is a genus of flowering plants in the staff vine family, Celastraceae."
Eupatorium,"Eupatorium is a genus of flowering plants in the family Asteraceae, containing from 36 to 60 species depending on the classification system."
Euphagus,Euphagus is a small genus of American blackbirds.
Euphorbia,"Euphorbia is a very large and diverse genus of flowering plants, commonly called spurge, in the family Euphorbiaceae."
Euphorbiaceae,"Euphorbiaceae (), the spurge family, is a large family of flowering plants."
Euphrates,The Euphrates (  yoo-FRAY-teez; see below) is the longest and one of the most historically important rivers of Western Asia.
Euphrosyne,"In ancient Greek religion and mythology, Euphrosyne (; Ancient Greek: Εὐφροσύνη), is a goddess, one of the three Charites, known in ancient Rome as the Gratiae (Graces)."
Euplectella,Euplectella is a genus of glass sponges which includes the well-known Venus' Flower Basket.
Euproctis,Euproctis is a genus of tussock moths in the family Erebidae described by Jacob Hübner in 1819.
Eurasia,"Eurasia ( yoor-AY-zhə, also UK:  -⁠shə) is the largest continental area on Earth, comprising all of Europe and Asia."
Euripides,Euripides (c. 480 – c. 406 BC) was a tragedian of classical Athens.
Eurocentrism,Eurocentrism (also Eurocentricity or Western-centrism) is a worldview that is centered on Western civilization or a biased view that favors it over non-Western civilizations.
Eurocurrency,"Eurocurrency is currency held on deposit outside its home market, i.e., held in banks located outside of the country which issues the currency."
Eurodollar,"Eurodollars are U.S. dollars held in time deposit accounts in banks outside the United States, which are not subject to the legal jurisdiction of the U.S. Federal Reserve."
Europan,Europan is a biennial competition for young architects under 40 years of age to design innovative housing and urban planning for sites across Europe.
Europe,Europe is a continent located entirely in the Northern Hemisphere and mostly in the Eastern Hemisphere.
Europeanisation,"Europeanisation (or Europeanization, see spelling differences) refers to a number of related phenomena and patterns of change:

The process in which a notionally non-European subject (be it a culture, a language, a city or a nation) adopts a number of European features (often related to Westernization)."
Europol,"Europol, officially the European Union Agency for Law Enforcement Cooperation, is the law enforcement agency of the European Union (EU)."
Eurotiales,"The Eurotiales are an order of sac fungi, also known as the green and blue molds."
Eurotium,"Eurotium is a genus of fungi belonging to the family Aspergillaceae.The genus was circumscribed by Heinrich Friedrich Link in 1809.Because of nomenclatural changes brought about by one fungus one name, most of the species formerly placed in Eurotium have been transferred to Aspergillus."
Euryale,"In Greek mythology, Euryale ( yoor-EYE-ə-lee; Ancient Greek: Εὐρυάλη, lit. 'far-roaming""') was the name of several mythological figures, including:

Euryale, one of the three Gorgon sisters.Euryale, daughter of Minos, mother of the great hunter Orion.Euryale, one of the Amazons


== Notes ==


== References ==
Apollodorus, Apollodorus, The Library, with an English Translation by Sir James George Frazer, F.B.A., F.R.S. in 2 Volumes, Cambridge, Massachusetts, Harvard University Press, London, William Heinemann Ltd."
Eurydice,"Eurydice (; Ancient Greek: Εὐρυδίκη 'wide justice') was a character in Greek mythology and the Auloniad wife of Orpheus, whom Orpheus tried to bring back from the dead with his enchanting music."
Eurylaimidae,The Eurylaimidae are a family of suboscine passerine birds  that occur from the eastern Himalayas to Indonesia and the Philippines.
Eusebius,Eusebius of Caesarea (; Greek: Εὐσέβιος τῆς Καισαρείας Eusebios tēs Kaisareias; c.
Eustoma,"Eustoma, commonly known as lisianthus or prairie gentian, is a small genus of plants in the gentian family."
Eutamias,Eutamias is a genus of chipmunks within the tribe Marmotini of the squirrel family.
Euterpe,"Euterpe (; Greek: Εὐτέρπη, lit. 'rejoicing well' or 'delight' [eu̯térpɛː], from Ancient Greek: εὖ, romanized: eû, lit. 'well' + Greek: τέρπειν, romanized: térpein, lit. 'to please') was one of the Muses in Greek mythology, presiding over music."
Eutheria,"Eutheria (from Greek εὐ-, eú- 'good, right' and θηρίον, thēríon 'beast'; lit. 'true beasts'), also called Pan-Placentalia, is the clade consisting of placental mammals and all therian mammals that are more closely related to placentals than to marsupials."
Euthynnus,"Euthynnus is a genus of ray-finned bony fish in the family Scombridae, or mackerel family, and in the tribe Thunnini, more commonly known as the tunas."
Eve,"Eve (; Hebrew: חַוָּה‎, Modern: Ḥava, Tiberian: Ḥawwā; Arabic: حَوَّاء, romanized: Ḥawwāʾ; Greek: Εὕα, romanized: Heúa; Latin: Eva, Heva; Syriac: ܚܰܘܳܐ romanized: ḥawâ) is a figure in the Book of Genesis in the Hebrew Bible."
Everglades,"The Everglades is a natural region of flooded grasslands in the southern portion of the U.S. state of Florida, comprising the southern half of a large drainage basin within the Neotropical realm."
Evernia,Evernia is a genus of bushy lichens in the family Parmeliaceae.
Evers,"Evers is a Low German and Dutch patronymic surname meaning ""son of Evert/Everhard"" (High German Eberhard, English Everard)."
Evert,"Evert is a Dutch and Swedish short form of the Germanic masculine name ""Everhard"" (alternative Eberhard)."
Exacum,Exacum  is a genus of plant in family Gentianaceae.
Exaeretodon,"Exaeretodon is an extinct genus of fairly large, low-slung traversodontid cynodonts from the southern parts of Pangea."
Excalibur,Excalibur is the mythical sword of King Arthur that may be attributed with magical powers or associated with the rightful sovereignty of Britain.
Excellency,"Excellency is an honorific style given to certain high-level officers of a sovereign state, officials of an international organization, or members of an aristocracy."
Exmoor,Exmoor is loosely defined as an area of hilly open moorland in west Somerset and north Devon in South West England.
Exocet,"The Exocet (French pronunciation: [ɛɡzɔsɛ]) is a French-built anti-ship missile whose various versions can be launched from surface vessels, submarines, helicopters and fixed-wing aircraft."
Exopterygota,"The Exopterygota (Ancient Greek ἔξω (éxō, “outside”) + πτερόν (pterón, “wing”) + Neo-Latin -ota (“having”)), also known as Hemimetabola, are a superorder of insects of the subclass Pterygota in the infraclass Neoptera, in which the young resemble adults but have externally developing wings."
Eyck,Eyck may refer to:
Eyeish,The Eyeish were a Native American tribe from present-day eastern Texas.
Eysenck,Eysenck is a surname.
Ezekiel,Ezekiel or Ezechiel (; Hebrew: יְחֶזְקֵאל Yəḥezqēʾl [jə.ħɛzˈqeːl]; in the Septuagint written in Koinē Greek: Ἰεζεκιήλ Iezekiḗl [i.ɛ.zɛ.kiˈel]) is the central protagonist of the Book of Ezekiel in the Hebrew Bible.
Ezo,Ezo (蝦夷) (also spelled Yezo or Yeso) is the Japanese term historically used to refer to the people and the lands to the northeast of the Japanese island of Honshu.
Ezra,"Ezra or Esdras (; Hebrew: עֶזְרָא, ʿEzrāʾ; fl."
FAQ,"A frequently asked questions (FAQ) list is often used in articles, websites, email lists, and online forums where common questions tend to recur, for example through posts or queries by new users related to common knowledge gaps."
Fabaceae,"The Fabaceae () or Leguminosae, commonly known as the legume, pea, or bean family, are a large and agriculturally important family of flowering plants."
Fagaceae,"The Fagaceae (; from the Latin fagus, beech tree) are a family of flowering plants that includes beeches, chestnuts and oaks, and comprises eight genera with about 927 species."
Fagales,"The Fagales are an order of flowering plants, including some of the best-known trees."
Fagin,Fagin  is a fictional character and the secondary antagonist in Charles Dickens's 1838 novel Oliver Twist.
Fagopyrum,The genus Fagopyrum is in the flowering plant family Polygonaceae.
Fahrenheit,The Fahrenheit scale () is a temperature scale based on one proposed in 1724 by the European physicist Daniel Gabriel Fahrenheit (1686–1736).
Faisalabad,"Faisalabad ( ; Punjabi, Urdu: فیصل آباد, Punjabi pronunciation: [fɛːsə̆ləˌbäːd]; Urdu pronunciation: [fɛːsˈlɑˌbɑːd] ), formerly known as Lyallpur (Punjabi, Urdu: لائل پور), is the second largest city and industrial centre of the Pakistani province of Punjab."
Falcatifolium,Falcatifolium is a genus of conifers of the family Podocarpaceae.
Falconidae,The falcons and caracaras are around 65 species of diurnal birds of prey that make up the family Falconidae (representing all extant species in the order Falconiformes).
Falconiformes,The order Falconiformes () is represented by the extant family Falconidae (falcons and caracaras) and a handful of enigmatic Paleogene species.
Fang,"A fang is a long, pointed tooth."
Farmer,"A farmer is a person engaged in agriculture, raising living organisms for food or raw materials."
Fasciola,"Fasciola, commonly known as the liver fluke, is a genus of parasitic trematodes."
Fasciolidae,"Fasciolidae is a family of trematodes and includes several parasites involved in the veterinary and medical sciences, which cause the disease Fasciolosis."
Fasciolopsis,Fasciolopsis () is a genus of trematodes.
Fatah,"Fatah (Arabic: فتح, romanized: Fatḥ), formerly the Palestinian National Liberation Movement (حركة التحرير الوطني الفلسطيني, Ḥarakat al-Taḥrīr al-Waṭanī l-Filasṭīnī), is a Palestinian nationalist and social democratic political party."
Father,A father is the male parent of a child.
Fatima,"Fāṭima bint Muḥammad (Arabic: فَاطِمَة بِنْت مُحَمَّد, 605/15–632 CE), commonly known as Fāṭima al-Zahrāʾ (فَاطِمَة ٱلزَّهْرَاء), was the daughter of the Islamic prophet Muhammad and his wife Khadija."
Faunus,"In ancient Roman religion and myth, Faunus [ˈfau̯nʊs] was the rustic god of the forest, plains and fields; when he made cattle fertile, he was called Inuus."
Faust,Faust is the protagonist of a classic German legend based on the historical Johann Georg Faust (c.
Fawkes,"Fawkes is a surname of Norman-French origin, first appearing in the British Isles after the Norman Conquest of England in 1066."
February,February is the second month of the year in the Julian and Gregorian calendars.
Fechner,Fechner is a surname.
Federalist,The term federalist describes several political beliefs around the world.
Felicia,"The name Felicia derives from the Latin adjective felix, meaning ""happy, lucky"", though in the neuter plural form felicia it literally means ""happy things"" and often occurred in the phrase tempora felicia, ""happy times""."
Felidae,Felidae () is the family of mammals in the order Carnivora colloquially referred to as cats.
Felis,Felis is a genus of small and medium-sized cat species native to most of Africa and south of 60° latitude in Europe and Asia to Indochina.
Fenrir,"Fenrir (Old Norse 'fen-dweller') or Fenrisúlfr (Old Norse ""Fenrir's wolf"", often translated ""Fenris-wolf""), also referred to as Hróðvitnir (Old Norse ""fame-wolf"") and Vánagandr (Old Norse 'monster of the [River] Ván'), is a monstrous wolf in Norse mythology."
Fentanyl,Fentanyl is a potent synthetic piperidine opioid primarily used as an analgesic.
Fenusa,Fenusa is a genus of common sawflies in the family Tenthredinidae.
Ferber,Ferber is a surname.
Ferdinand,"Ferdinand is a Germanic name composed of  the  elements farð ""journey, travel"", Proto-Germanic *farthi, abstract noun from root *far- ""to fare, travel"" (PIE *par, ""to lead, pass over""), and nanth ""courage"" or  nand ""ready, prepared"" related to Old High German nendan ""to risk, venture.""
The name was adopted in Romance languages from its use in the Visigothic Kingdom."
Ferocactus,"Ferocactus is a genus of large barrel-shaped cacti, mostly with large spines and small flowers."
Ferrara,"Ferrara (, Italian: [ferˈraːra] ; Emilian: Fràra [ˈfraːra]) is a city and comune (municipality) in Emilia-Romagna, Northern Italy, capital of the province of Ferrara."
Festuca,Festuca (fescue) is a genus of flowering plants belonging to the grass family Poaceae (subfamily Pooideae).
Ficus,"Ficus ( or ) is a genus of about 850 species of woody trees, shrubs, vines, epiphytes and hemiepiphytes in the family Moraceae."
Fiedler,"Fiedler is a German word for ""fiddler"", and is a German and Ashkenazi Jewish surname."
Fiji,"Fiji (  FEE-jee,  fee-JEE; Fijian: Viti, [ˈβitʃi]; Fiji Hindi: फ़िजी, Fijī), officially the Republic of Fiji, is an island country in Melanesia, part of Oceania in the South Pacific Ocean."
Filariidae,Filariidae is a family of nematodes belonging to the order Rhabditida.
Filoviridae,Filoviridae () is a family of single-stranded negative-sense RNA viruses in the order Mononegavirales.
Finland,"Finland (Finnish: Suomi [ˈsuo̯mi] ; Swedish: Finland [ˈfɪ̌nland] ), officially the Republic of Finland (Finnish: Suomen tasavalta; Swedish: Republiken Finland; ), is a Nordic country in Northern Europe."
Firmiana,"Firmiana is a genus of flowering plant in the family Malvaceae, formerly placed in the now defunct Sterculiaceae; it may sometimes be called the ""parasol tree""."
Firth,"Firth is a word in the English and Scots languages used to denote various coastal waters in the United Kingdom, predominantly within Scotland."
Fischer,"Fischer is a German occupational surname, meaning fisherman."
Fish,"A fish (pl.: fish or fishes) is an aquatic, craniate, gill-bearing animal that lacks limbs with digits."
Fissipedia,"Fissipedia (""split feet"")  is a former suborder of placental mammals comprising the largely land-based families of the order Carnivora."
Fissurella,"Fissurella is a genus of small to medium-sized sea snails or limpets, marine gastropod mollusks in the subfamily Fissurellinae of the family Fissurellidae, the keyhole limpets."
Fissurellidae,"Fissurellidae, common name the keyhole limpets and slit limpets, is a taxonomic family of small to medium-sized limpet-like sea snails, marine gastropod molluscs in the clade Vetigastropoda.Their common name derives from the small hole in the apex of their cone-like shells."
Fistulina,Fistulina is a genus of fungi in the family Fistulinaceae.
Fistulinaceae,"The Fistulinaceae are a family of fungi, the best-known member of which is the beefsteak fungus Fistulina hepatica."
Flacourtia,Flacourtia is a genus of flowering plants in the family Salicaceae.
Flacourtiaceae,"The Flacourtiaceae is a defunct family of flowering plants whose former members have been scattered to various families, mostly to the Achariaceae and Salicaceae."
Flammulina,Flammulina is a genus of fungi in the family Physalacriaceae.
Flanders,"Flanders (UK: , US: ; Dutch: Vlaanderen [ˈvlaːndərə(n)] ) is the Dutch-speaking northern portion of Belgium and one of the communities, regions and language areas of Belgium."
Flaviviridae,Flaviviridae is a family of enveloped positive-strand RNA viruses which mainly infect mammals and birds.
Flindersia,Flindersia is a genus of 17 species of small to large trees in the family Rutaceae.
Flint,"Flint, occasionally flintstone, is a sedimentary cryptocrystalline form of the mineral quartz, categorized as the variety of chert that occurs in chalk or marly limestone."
Floreal,Floreal is a municipality in the state of São Paulo in Brazil.
Florence,Florence ( FLORR-ənss; Italian: Firenze [fiˈrɛntse] ) is the capital city of the Italian region of Tuscany.
Florida,"Florida is a state in the Southeastern region of the United States, bordered to the west by the Gulf of Mexico; Alabama to the northwest; Georgia to the north; the Bahamas and Atlantic Ocean to the east; and the Straits of Florida and Cuba to the south."
Foeniculum,Foeniculum  is a genus of flowering plants  in the carrot family.
Fomes,Fomes is a genus of perennial woody fungi in the family Polyporaceae.
Fonteyn,Fonteyn is a Dutch surname.
Foraminifera,"Foraminifera ( fə-RAM-ə-NIH-fə-rə; Latin for ""hole bearers""; informally called ""forams"") are single-celled organisms, members of a phylum or class of Cercozoan protists characterized by streaming granular ectoplasm for catching food and other uses; and commonly an external shell (called a ""test"") of diverse forms and materials."
Forester,"A forester is a person who practises forestry, the science, art, and profession of managing forests."
Forficula,Forficula is a genus of earwigs in the family Forficulidae.
Forficulidae,Forficulidae is a family of earwigs in the order Dermaptera.
Formica,"Formica is a genus of ants of the family Formicidae, including species commonly known as wood ants, mound ants, thatching ants, and field ants."
Formicariidae,Formicariidae is a family of smallish suboscine passerine birds of subtropical and tropical Central and South America known as antthrushes.
Formicarius,"The Formicarius, written 1436–1438 by Johannes Nider during the Council of Florence and first printed in 1475, is the second book ever printed to discuss witchcraft (the first book being Alphonso de Spina's Fortalitium Fidei)."
Fornax,"Fornax () is a constellation in the southern celestial hemisphere, partly ringed by the celestial river Eridanus."
Forseti,"Forseti (Old Norse ""the presiding one"", ""president"" in modern Icelandic and Faroese) is the god of justice and reconciliation in Norse mythology."
Fortuna,"Fortuna (Latin: Fortūna, equivalent to the Greek goddess Tyche) is the goddess of fortune and the personification of luck in Roman religion who, largely thanks to the Late Antique author Boethius, remained popular through the Middle Ages until at least the Renaissance."
Fosbury,"Fosbury is a small village in Wiltshire, England, on the eastern edge of the county, near Hampshire."
Fothergilla,"Fothergilla (witch alder) is a genus of two to four species of flowering plants in the family Hamamelidaceae, native to woodland and swamps of the southeastern United States."
Fouquieria,"Fouquieria is a genus of 11 species of desert plants, the sole genus in the family Fouquieriaceae."
Fox,"Foxes are small to medium-sized, omnivorous mammals belonging to several genera of the family Canidae."
Fragaria,"Fragaria () is a genus of flowering plants in the rose family, Rosaceae, commonly known as strawberries for their edible fruits."
Fragonard,Fragonard may refer to:
France,"France (French: [fʁɑ̃s] ), officially the French Republic (French: République française [ʁepyblik fʁɑ̃sɛːz]), is a country located primarily in Western Europe."
Francisella,Francisella is a genus of Gram-negative bacteria.
Francoa,"Francoa is a genus of flowering plants in the family Francoaceae, which consists of herbaceous perennials endemic to Chile."
Francophile,"A Francophile, also known as Gallophile, is a person who has a strong affinity towards any or all of the French language, French history, French culture and/or French people."
Frankenstein,"Frankenstein; or, The Modern Prometheus is an 1818 novel written by English author Mary Shelley."
Frankfurt,"Frankfurt, officially Frankfurt am Main (German: [ˈfʁaŋkfʊʁt ʔam ˈmaɪn] ; Hessian: Frangford am Maa, pronounced [ˈfʁɑŋfɔɐ̯t am ˈmãː]; lit."
Frankliniella,Frankliniella is a genus of thrips belonging to the family Thripidae.The genus was first described by Karny in 1910.The genus has cosmopolitan distribution.
Frasera,"Frasera, the green gentians, is a genus in the gentian family, native to North America and named for John Fraser, a Scottish botanist and colleague of Thomas Walter."
Fraxinus,"Fraxinus (), commonly called ash, is a genus of plants in the olive and lilac family, Oleaceae, and comprises 45–65 species of usually medium-to-large trees, most of which are deciduous trees, although some subtropical species are evergreen trees."
Fredericton,Fredericton (; French pronunciation: [fʁedeʁiktœn]) is the capital city of the Canadian province of New Brunswick.
Freemasonry,"Freemasonry or Masonry refers to fraternal organisations guilds of stonemasons that, from the end of the 14th century, regulated the qualifications of stonemasons and their interaction with authorities and clients."
Freetown,Freetown is the capital and largest city of Sierra Leone.
Fremontodendron,"Fremontodendron, with the common names fremontia and flannelbush or flannel bush, is a genus of three known species of shrubs native to the Southwestern United States and northwest Mexico."
Freon,Freon ( FREE-on) is a registered trademark of the Chemours Company and generic descriptor for a number of halocarbon products.
Freyja,"In Norse mythology, Freyja (Old Norse ""(the) Lady"") is a goddess associated with love, beauty, fertility, sex, war, gold, and seiðr (magic for seeing and influencing the future)."
Freyr,"Freyr (Old Norse: 'Lord'), sometimes anglicized as Frey, is a widely attested god in Norse mythology, associated with kingship, fertility, peace, prosperity, fair weather, and good harvest."
Friday,Friday is the day of the week between Thursday and Saturday.
Friedman,"Friedman, Friedmann, and Freedman are surnames of German origin, and from the 17th century were also adopted by Ashkenazi Jews."
Friesland,"Friesland (, Dutch: [ˈfrislɑnt] ; official West Frisian: Fryslân [ˈfrislɔ̃ːn] ), historically and traditionally known as Frisia, named after the Frisians, is a province of the Netherlands located in the country's northern part."
Frigg,"Frigg (; Old Norse: [ˈfriɡː]) is a goddess, one of the Æsir, in Germanic mythology."
Frimaire,Frimaire (French pronunciation: [fʁimɛʁ]) was the third month in the French Republican Calendar.
Fringilla,"The genus Fringilla is a small group of finches from the Old World, which are the only species in the  subfamily Fringillinae."
Frisbee,"A frisbee (pronounced  FRIZ-bee), also called a flying disc or simply a disc, is a gliding toy or sporting item that is generally made of injection-molded plastic and roughly 8 to 10 inches (20 to 25 cm) in diameter with a pronounced lip."
Frisch,Frisch is a surname.
Frisia,Frisia is a cross-border cultural region in Northwestern Europe.
Fritillaria,Fritillaria (fritillaries) is a genus of spring flowering herbaceous bulbous perennial plants in the lily family (Liliaceae).
Friuli,Friuli (Italian: [friˈuːli]; Friulian: Friûl [fɾiˈuːl] ; Venetian: Friul or Friułi; Slovene: Furlanija; Austrian German: Friaul) is a historical region of Northeast Italy.
Froelichia,"Froelichia, or snakecotton, is a genus of plants in the family Amaranthaceae."
Frost,"Frost is a thin layer of ice on a solid surface, which forms from water vapor that deposits onto a freezing surface."
Fructidor,Fructidor (French pronunciation: [fʁyktidɔʁ]) is the twelfth month in the French Republican Calendar.
Frye,Frye is a surname.
Fucaceae,"The Fucaceae are a family of brown algae, containing six genera:
Ascophyllum Stackhouse – one species
Fucus L. – 15 species
Hesperophycus Setchell & Gardner – one species
Pelvetia Decne."
Fucales,The Fucales (fucoids) are an order in the brown algae (class Phaeophyceae).
Fugard,Fugard is a surname.
Fukuoka,"Fukuoka (Japanese: 福岡市, Fukuoka-shi, [ɸɯ̥kɯokaꜜɕi] ) is the sixth-largest city in Japan, the second-largest port city after Yokohama, and the capital city of Fukuoka Prefecture, Japan."
Fulgoridae,"The family Fulgoridae is a large group of hemipteran insects, especially abundant and diverse in the tropics, containing over 125 genera worldwide."
Fumaria,"Fumaria (fumitory or fumewort, from Latin fumus terrae, ""smoke of the earth"") is a genus of about 60 species of annual flowering plants in the family Papaveraceae."
Funafuti,Funafuti is the capital of the island nation of Tuvalu.
Fundulus,"Fundulus is a genus of ray-finned fishes in the superfamily Funduloidea, family Fundulidae (of which it is the type genus)."
Fungia,Fungia is a genus of corals in the family Fungiidae.
Funk,"Funk is a music genre that originated in African-American communities in the mid-1960s when musicians created a rhythmic, danceable new form of music through a mixture of various music genres that were popular among African-Americans in the mid-20th century."
Funka,"Funka [ˈfunka] is a village in the administrative district of Gmina Chojnice, within Chojnice County, Pomeranian Voivodeship, in northern Poland."
Furnivall,Furnivall or Furnival is a surname.
Gable,A gable is the generally triangular portion of a wall between the edges of intersecting roof pitches.
Gabon,"Gabon ( gə-BON; French pronunciation: [ɡabɔ̃] ; Sangu: Ngabu), officially the Gabonese Republic (French: République gabonaise), is a country on the Atlantic coast of Central Africa, on the equator, bordered by Equatorial Guinea to the northwest, Cameroon to the north, the Republic of the Congo on the east and south, and the Gulf of Guinea to the west."
Gaborone,"Gaborone (UK:  GAB-ə-ROH-nee, HAB-, US:  GAH-bə-ROH-nee, -⁠nay, Tswana: [χabʊˈrʊnɛ]) is the capital and largest city of Botswana with a population of 246,325 based on the 2022 census, about 10% of the total population of Botswana."
Gabriel,"In the Abrahamic religions (Judaism, Christianity, Islam and the Baháʼí Faith), Gabriel ( GAY-bree-əl) is an archangel with the power to announce God's will to mankind."
Gadidae,"The Gadidae are a family of marine fish, included in the order Gadiformes, known as the cods, codfishes, or true cods."
Gadiformes,"Gadiformes , also called the Anacanthini, are an order of ray-finned fish that include the cod, hakes, pollock, haddock, burbot, rocklings and moras, many of which are food fish of major commercial value."
Gadus,"Gadus is a genus of demersal fish in the family Gadidae, commonly known as cod, although there are additional cod species in other genera."
Gafsa,Gafsa (Arabic: قفصة qafṣah/gafṣah ) is the capital of Gafsa Governorate of Tunisia.
Gaia,"In Greek mythology, Gaia (; Ancient Greek: Γαῖα, romanized: Gaîa, a poetic form of Γῆ (Gê), meaning 'land' or 'earth'), also spelled Gaea , is the personification of the Earth."
Gaiseric,"Gaiseric (c. 389 – 25 January 477), also known as Geiseric or Genseric (Latin: Gaisericus, Geisericus; reconstructed Vandalic: *Gaisarīx) was king of the Vandals and Alans from 428 to 477."
Gaius,"Gaius, sometimes spelled Gajus, Kaius, Cajus, Caius, was a common Latin praenomen; see Gaius (praenomen)."
Galahad,"Galahad (), sometimes referred to as Galeas () or Galath (), among other versions of his name, is a knight of King Arthur's Round Table and one of the three achievers of the Holy Grail in Arthurian legend."
Galatia,"Galatia (; Ancient Greek: Γαλατία, Galatía, ""Gaul"") was an ancient area in the highlands of central Anatolia, roughly corresponding to the provinces of Ankara and Eskişehir, in modern Turkey."
Galbraith,"The surname Galbraith is derived from the Gaelic elements gall, meaning ""stranger"", and Breathnach, meaning ""Briton""."
Galega,"Galega, goat's rue, is a genus of flowering plants in the legume family, Fabaceae, native to central and southern Europe, western Asia and tropical east Africa."
Galen,"Aelius Galenus or Claudius Galenus (Greek: Κλαύδιος Γαληνός; September 129 – 216 AD), often anglicized as Galen () or Galen of Pergamon, was a Roman Greek physician, surgeon and philosopher."
Galeocerdo,Galeocerdo is a genus of ground shark.
Galeopsis,Galeopsis is a genus of annual herbaceous plants native to Europe and Asia.
Galeras,"Galeras (Urcunina among the 16th-century indigenous people) is an Andean stratovolcano in the Colombian department of Nariño, near the departmental capital Pasto."
Galilean,"Generically, a Galilean (; Hebrew: גלילי; Ancient Greek: Γαλιλαίων; Latin: Galilaeos) is a term that was used in classical sources to describe the inhabitants of Galilee, an area of northern Israel and southern Lebanon that extends from the northern coastal plain in the west to the Sea of Galilee and the Jordan Rift Valley to the east."
Galilee,"Galilee (; Hebrew: הַגָּלִיל, romanized: hagGālīl; Arabic: الجليل, romanized: al-jalīl) is a region located in northern Israel and southern Lebanon."
Galium,"Galium is a large genus of annual and perennial herbaceous plants in the family Rubiaceae, occurring in the temperate zones of both the Northern and Southern Hemispheres."
Gallicanism,Gallicanism is the belief that popular civil authority—often represented by the monarch's or the state's authority—over the Catholic Church is comparable to that of the pope.
Gallicism,"A Gallicism can be:

a mode of speech peculiar to the French;
a French idiom;
in general, a French mode or custom."
Galliformes,"Galliformes  is an order of heavy-bodied ground-feeding birds that includes turkeys, chickens, quail, and other landfowl."
Gallinago,"Gallinago is a genus of birds in the wader family Scolopacidae, containing 18 species."
Gallirallus,Gallirallus is a genus of rails that live in the Australasian-Pacific region.
Galloway,Galloway (Scottish Gaelic: Gall-Ghàidhealaibh [ˈkal̪ˠaɣəl̪ˠu]; Scots: Gallowa; Latin: Gallovidia) is a region in southwestern Scotland comprising the historic counties of Wigtownshire and Kirkcudbrightshire.
Galway,"Galway ( GAWL-way; Irish: Gaillimh, pronounced [ˈɡal̠ʲɪvʲ]) is a city in the West of Ireland, in the province of Connacht, which is the county town of County Galway."
Gambelia,"Gambelia is a genus of lizards, commonly known as leopard lizards, within the family Crotaphytidae."
Gambusia,Gambusia is a large genus of viviparous fish in the family Poeciliidae (order Cyprinodontiformes).
Gamma,"Gamma (; uppercase Γ, lowercase γ; Greek: γάμμα gámma) is the third letter of the Greek alphabet."
Ganesha,"Ganesha (Sanskrit: गणेश, IAST: Gaṇeśa), also spelled Ganesh, and also known as Ganapati, Vinayaka, and Pillaiyar, is one of the best-known and most worshipped deities in the Hindu pantheon and is the Supreme God in the Ganapatya sect."
Ganges,"The Ganges ( GAN-jeez; in India: Ganga,  GUNG-ah; in Bangladesh: Padma,  PUD-mə) is a trans-boundary river of Asia which flows through India and Bangladesh."
Gansu,"Gansu (UK:  gan-SOO, US:  gahn-; alternately romanized as Kansu) is a province in Northwest China."
Garcinia,"Garcinia is a genus of flowering plants in the family Clusiaceae native to Asia, America, Australia, tropical and southern Africa, and Polynesia."
Garfield,Garfield is an American comic strip created by Jim Davis.
Garland,"A garland is a decorative braid, knot or wreath of flowers, leaves, or other material."
Garnier,Garnier (French pronunciation: [ɡaʁnje]) is a mass market cosmetics brand of French cosmetics company L'Oréal.
Garonne,"The Garonne (, also US: , French: [ɡaʁɔn]; Occitan, Catalan, Basque, and Spanish: Garona, Occitan pronunciation: [ɡaˈrunɔ]; Latin: Garumna
or Garunna) is a river of southwest France and northern Spain."
Garrison,"A garrison  (from the French garnison, itself from the verb garnir, ""to equip"") is any body of troops stationed in a particular location, originally to guard it."
Garrulus,"Garrulus is a genus of Old World jays, passerine birds in the family Corvidae."
Garuda,"Garuda (Sanskrit: गरुड, romanized: Garuḍa; Pali: गरुळ Garuḷa; Vedic Sanskrit: गरुळ Garuḷa) is a Hindu deity who is primarily depicted as the mount (vahana) of the Hindu god Vishnu."
Gascony,Gascony (; French: Gascogne [ɡaskɔɲ]; Occitan: Gasconha [ɡasˈkuɲɔ]; Basque: Gaskoinia) was a province of the southwestern Kingdom of France that succeeded the Duchy of Gascony (602–1453).
Gasherbrum,Gasherbrum (Urdu: گاشر برم) is a remote group of peaks situated at the northeastern end of the Baltoro Glacier in the Karakoram mountain range.
Gaskell,Gaskell  is a Gaelic surname.
Gaspar,"Gaspar is a given and/or surname of French, German, Portuguese, and Spanish origin, cognate to Casper (given name) or Casper (surname)."
Gasterophilus,"Gasterophilus, commonly known as botfly, is a genus of parasitic fly from the family Oestridae that affects different types of animals, especially horses, but it can also act on cows, sheep, and goats."
Gasterosteus,"Gasterosteus is a genus of ray-finned fishes belonging to the family Gasterosteidae, the sticklebacks."
Gastroboletus,Gastroboletus is a genus of fungi in the family Boletaceae.
Gastrophryne,"Gastrophryne, the narrowmouth toads (also American narrowmouth toads, North American narrow-mouthed toads), is a genus of microhylid frogs found in the Americas between Honduras and southern United States."
Gastropoda,"Gastropods (), commonly known as slugs and snails, belong to a large taxonomic class of invertebrates within the phylum Mollusca called Gastropoda ().This class comprises snails and slugs from saltwater, freshwater, and from the land."
Gaul,"Gaul (Latin: Gallia) was a region of Western Europe first clearly described by the Romans, encompassing present-day France, Belgium, Luxembourg, and parts of Switzerland, the Netherlands, Germany, and Northern Italy."
Gaultheria,Gaultheria is a genus of about 283 species of shrubs in the family Ericaceae.
Gavialidae,"Gavialidae is a family of large semiaquatic crocodilians with elongated, narrow snouts."
Gavialis,"Gavialis is a genus of crocodylians that includes the living gharial Gavialis gangeticus and one known extinct species, Gavialis bengawanicus."
Gaviiformes,Gaviiformes () is an order of aquatic birds containing the loons or divers and their closest extinct relatives.
Gawain,"Sir Gawain ( GA(H)-wayn, -⁠win, gə-WAYN), also known in many other forms and spellings, is a character in Arthurian legend, in which he is King Arthur's nephew and a Knight of the Round Table."
Gaylussacia,"Gaylussacia is a genus of about fifty species of flowering plants in the family Ericaceae, native to the Americas, where they occur in eastern North America and in South America in the Andes and the mountains of southeastern Brazil (the majority of the known species)."
Geastrum,Geastrum (orthographical variant Geaster) is a genus of puffball-like mushrooms in the family Geastraceae.
Geb,Geb was the Egyptian god of the earth and a mythological member of the Ennead of Heliopolis.
Gehenna,"The Valley of Hinnom, Gehinnom or Gehenna is a historic valley surrounding Jerusalem from the west and southwest that has acquired various theological connotations, including as a place of divine punishment, in Jewish eschatology."
Gekkonidae,"Gekkonidae (the common geckos) is the largest family of geckos, containing over 950 described species in 64 genera."
Gelechia,Gelechia is a genus of moths in the family Gelechiidae.
Gelechiidae,The Gelechiidae are a family of moths commonly referred to as twirler moths or gelechiid moths.
Gelsemium,Gelsemium is an Asian and North American genus of flowering plants belonging to family Gelsemiaceae.
Gemara,"The Gemara (also transliterated Gemarah, or in Yiddish Gemore) is an essential component of the Talmud, comprising a collection of rabbinical analyses and commentaries on the Mishnah and presented in 63 books."
Gempylidae,The Gempylidae are a family of perciform fishes commonly known as snake mackerels or escolars.
Geneva,Geneva ( jə-NEE-və; French: Genève [ʒənɛv] ) is the second-most populous city in Switzerland (after Zürich) and the most populous of the French-speaking Romandy.
Genista,"Genista  is a genus of flowering plants in the legume family Fabaceae, native to open habitats such as moorland and pasture in Europe and western Asia."
Genoa,"Genoa ( JEN-oh-ə; Italian: Genova [ˈdʒɛːnova] ; Ligurian: Zêna [ˈzeːna]) is a city in and the capital of the Italian region of Liguria, and the sixth-largest city in Italy."
Gentiana,"Gentiana () is a genus of flowering plants belonging to the gentian family (Gentianaceae), the tribe Gentianeae, and the monophyletic subtribe Gentianinae."
Gentianaceae,Gentianaceae is a family of flowering plants of 103 genera and about 1600 species.
Gentianales,"Gentianales is an order of flowering plant, included within the asterid clade of eudicots."
Gentianella,Gentianella is a plant genus in the gentian family (Gentianaceae).
Gentianopsis,Gentianopsis is a genus of flowering plants in the gentian family known commonly as fringed gentians.
Geochelone,Geochelone is a genus of tortoises.
Geoffroea,Geoffroea is a rather small genus of wild spiny shrubs or small trees of tropical and subtropical South America.
Geoglossaceae,"Geoglossaceae is a family of fungi in the order Geoglossales, class Geoglossomycetes."
Geoglossum,Geoglossum is a genus of fungi in the family Geoglossaceae.
Geomys,The genus Geomys contains 12 species of pocket gophers often collectively referred to as the eastern pocket gophers.
Geophilidae,"The Geophilidae are a polyphyletic, cosmopolitan family of soil centipedes in the superfamily Geophiloidea containing the mostly defunct clades Aphilodontidae, Dignathodontidae, Linotaeniidae, Chilenophilinae, and Macronicophilidae."
Geophilomorpha,"The Geophilomorpha, commonly known as soil centipedes, are epimorphic and bear upwards of 27 leg-bearing segments."
Geophilus,"Geophilus  is a large, heterogeneous genus of soil centipedes in the family Geophilidae largely considered to be synonymous with Brachygeophilus."
Geordie,"Geordie () is a nickname for a person from the Tyneside area of North East England and the dialect used by its inhabitants, also known in linguistics as Tyneside English or Newcastle English."
Geraint,"Geraint () is a character from Welsh folklore and Arthurian legend, a valiant warrior possibly related to the historical Geraint, an early 8th-century king of Dumnonia."
Geraniaceae,Geraniaceae is a family of flowering plants placed in the order Geraniales.
Geraniales,"Geraniales is a small order of flowering plants, included within the rosid subclade of eudicots."
Gerbera,Gerbera ( or ) L. is a genus of plants in the Asteraceae (Compositae) family.
Gerbillinae,"Gerbillinae is one of the subfamilies of the rodent family Muridae and includes the gerbils, jirds, and sand rats."
Gerbillus,Gerbillus is a genus that contains most common and the most diverse gerbils.
Germany,"Germany, officially the Federal Republic of Germany, is a country in the western region of Central Europe."
Geronimo,"Geronimo (Mescalero-Chiricahua: Goyaałé, Athapascan pronunciation: [kòjàːɬɛ́], lit. 'the one who yawns'; June 16, 1829 – February 17, 1909) was a military leader and medicine man from the Bedonkohe band of the Ndendahe Apache people."
Gerres,Gerres is a genus of mojarras found mostly in coastal regions from the eastern Atlantic Ocean through the Indian Ocean to the western Pacific.
Gerrhonotus,"Gerrhonotus is a genus of anguid lizards that are commonly referred to as alligator lizards, due to a vague resemblance to an alligator."
Gerridae,"The Gerridae are a family of insects in the order Hemiptera, commonly known as water striders, water skeeters, water scooters, water bugs, pond skaters, water skippers, water gliders, water skimmers or puddle flies."
Gerris,Gerris is a bug genus in the family Gerridae (water striders).
Geryon,"In Greek mythology, Geryon ( or ; also Geryone; Greek: Γηρυών, genitive: Γηρυόνος), son of Chrysaor and Callirrhoe, the grandson of Medusa and the nephew of Pegasus, was a fearsome giant who dwelt on the island Erytheia of the mythic Hesperides in the far west of the Mediterranean."
Gesner,Gesner is a surname.
Gesneriaceae,"Gesneriaceae, the gesneriad family, is a family of flowering plants consisting of about 152 genera and ca."
Gestapo,"The Geheime Staatspolizei (German pronunciation: [ɡəˈhaɪmə ˈʃtaːtspoliˌtsaɪ] ; transl. ""Secret State Police""), abbreviated Gestapo ( gə-STAH-poh, German: [ɡəˈʃtaːpo] ), was the official secret police of Nazi Germany and in German-occupied Europe."
Geum,"Geum , (Latinized Greek for ""taste"" referencing the roots of the plant) commonly called avens, is a genus of about 50 species of rhizomatous perennial herbaceous plants in the rose family and its subfamily Rosoideae, widespread across Europe, Asia, North and South America, Africa, and New Zealand."
Ghana,"Ghana (  GAH-nə; Twi: Gaana, Ewe: Gana, Dagbani: Gana), officially the Republic of Ghana, is a country in West Africa."
Ghent,Ghent (Dutch: Gent [ɣɛnt] ; French: Gand [ɡɑ̃] ; historically known as Gaunt in English) is a city and a municipality in the Flemish Region of Belgium.
Gibbon,Gibbons () are apes in the family Hylobatidae ().
Gibraltar,"Gibraltar ( jih-BRAWL-tər, Spanish: [xiβɾalˈtaɾ]) is a British Overseas Territory and city located at the southern tip of the Iberian Peninsula."
Gide,Gide is a French surname.
Gielgud,"Gielgud or Giełgud  is a Polish surname, a Polonized form of the Lithuanian noble surname Gelgaudas."
Gigartinaceae,Gigartinaceae is a red algae family in the order Gigartinales.
Gilgamesh,"Gilgamesh (Akkadian: 𒀭𒄑𒂆𒈦, romanized: Gilgameš; originally Sumerian: 𒀭𒄑𒉋𒂵𒎌, romanized: Bilgames) was a hero in ancient Mesopotamian mythology and the protagonist of the Epic of Gilgamesh, an epic poem written in Akkadian during the late 2nd millennium BC. He was possibly a historical king of the Sumerian city-state of Uruk, who was posthumously deified."
Gillette,"Gillette is an American brand of safety razors and other personal care products including shaving supplies, owned by the multi-national corporation Procter & Gamble (P&G)."
Ginglymostoma,Ginglymostoma is a genus of shark in the family Ginglymostomatidae.
Ginkgoaceae,"The Ginkgoaceae is a family of gymnosperms which appeared during the Mesozoic Era, of which the only extant representative is Ginkgo biloba, which is for this reason sometimes regarded as a living fossil."
Ginkgoales,"Ginkgoales are a gymnosperm order containing only one extant species: Ginkgo biloba, the ginkgo tree."
Giotto,"Giotto di Bondone (Italian pronunciation: [ˈdʒɔtto di bonˈdoːne]; c. 1267 – January 8, 1337), known mononymously as Giotto (UK:  JOT-oh, US:  jee-OT-oh, JAW-toh) and Latinised as Giottus, was an Italian painter and architect from Florence during the Late Middle Ages."
Giraffidae,The Giraffidae are a family of ruminant artiodactyl mammals that share a common ancestor with deer and bovids.
Gironde,"Gironde ( zhi-ROND, US usually  ji-, French: [ʒiʁɔ̃d] ; Occitan: Gironda, pronounced [dʒiˈɾundo]) is the largest department in the Nouvelle-Aquitaine region of Southwestern France."
Gish,"Gish is the debut studio album by American alternative rock band the Smashing Pumpkins, released on May 28, 1991 through Caroline Records."
Giza,"Giza (; sometimes spelled Gizah, Gizeh, Geeza, Jiza; Arabic: الجيزة, romanized: al-Jīzah, pronounced [æˈjiːzæ], Egyptian Arabic: الجيزة el-Gīza [elˈgiːzæ]) is the third-largest city in Egypt by area after Cairo and Alexandria; and fourth-largest city in Africa by population after Kinshasa, Lagos, and Cairo."
Glareola,Glareola is a genus of birds in the family Glareolidae.
Glareolidae,Glareolidae  is a family of birds in the wader suborder Lari.
Glaser,"Glaser is a surname that is derived from the occupation of the glazier, or glass cutter."
Glasgow,"Glasgow (UK:  GLA(H)Z-goh, GLA(H)SS-; Scots: Glesca [ˈɡleskə] or Glesga [ˈɡlezɡə]; Scottish Gaelic: Glaschu [ˈkl̪ˠas̪əxu]) is the most populous city in Scotland, the third-most populous city in the United Kingdom, and the 27th-most populous city in Europe."
Glaucium,"Glaucium (horned poppy) is a genus of about 25 species of annual, biennial or perennial herbaceous flowering plants in the family Papaveraceae, native to Europe, north Africa, and southwest and central Asia."
Glechoma,"Glechoma is a genus of flowering plants in the mint family, Lamiaceae, first described for modern science in 1753."
Gleditsia,"Gleditsia  (honey locust) is a genus of  trees in the family Fabaceae, subfamily Caesalpinioideae, native to the Americas and Asia."
Gleichenia,Gleichenia is a genus of ferns.
Gleicheniaceae,"The forked ferns are the family Gleicheniaceae, which includes six genera and about 160 known species."
Glengarry,"The Glengarry bonnet is a traditional Scots cap made of thick-milled woollen material, decorated with a toorie on top, frequently a rosette cockade on the left side, and ribbons hanging behind."
Glis,"Glis is an electronic music project founded in 2001 by Shaun Frandsen of Seattle, WA. The band has experienced several lineup changes and guest appearances, with frontman Shaun Frandsen acting as primary producer, vocalist, songwriter, and instrumentalist."
Glossodia,"Glossodia, commonly known as waxlip orchids, is a genus of mostly purple orchids from Australia."
Gloucester,Gloucester (  GLOST-ər) is a cathedral city and the county town of Gloucestershire in the South West of England.
Gloucestershire,"Gloucestershire (  GLOST-ər-shər,  -⁠sheer; abbreviated Glos.) is a ceremonial county in South West England."
Glyceria,"Glyceria is a widespread genus of grass family common across Eurasia, Australia, North Africa, and the Americas.Glyceria is known commonly as mannagrass in the United States, or, in the UK, sweet-grass."
Glycine,Glycine (symbol Gly or G;  ) is an amino acid that has a single hydrogen atom as its side chain.
Glycyrrhiza,"Glycyrrhiza is a genus of about 20 accepted species in the legume family (Fabaceae), with a subcosmopolitan distribution in Asia, Australia, Europe, and the Americas.The genus is best known for liquorice (British English; licorice in American English), G. glabra, a species native to Eurasia and North Africa, from which most confectionery liquorice is produced."
Gnaphalium,"Gnaphalium is a genus of flowering plants in the family Asteraceae, commonly called cudweeds."
Gnathostomata,"Gnathostomata (; from Greek: γνάθος (gnathos) ""jaw"" + στόμα (stoma) ""mouth"") are the jawed vertebrates."
Gnetophyta,"Gnetophyta () is a division of plants (alternatively considered the subclass Gnetidae or order Gnetales), grouped within the gymnosperms (which also includes conifers, cycads, and ginkgos), that consists of some 70 species across the three relict genera: Gnetum (family Gnetaceae), Welwitschia (family Welwitschiaceae), and Ephedra (family Ephedraceae)."
Gnosticism,"Gnosticism (from Ancient Greek: γνωστικός, romanized: gnōstikós, Koine Greek: [ɣnostiˈkos], 'having knowledge') is a collection of religious ideas and systems that coalesced in the late 1st century AD among Jewish and early Christian sects."
Goa,"Goa (Konkani pronunciation: [gõːj], Portuguese: [go.ɐ] ) is a state on the southwestern coast of India within the Konkan region, geographically separated from the Deccan highlands by the Western Ghats."
Goat,The goat or domestic goat (Capra hircus) is a domesticated species of goat-antelope typically kept as livestock.
Gobiesocidae,"Clingfishes are fishes of the family Gobiesocidae, the only family in the order Gobiesociformes."
Gobiesox,"Gobiesox is a genus of clingfishes found in the Americas, including offshore islands."
Gobiidae,"Gobiidae or gobies is a family of bony fish in the order Gobiiformes, one of the largest fish families comprising more than 2,000 species in more than 200 genera."
Gobio,"Gobio is a genus of typical gudgeons, ray-finned fish in the family Cyprinidae many of which are endemics of south-eastern Europe."
God,"In monotheistic belief systems, God is usually viewed as the supreme being, creator, and principal object of faith."
Godunov,Godunov (Russian: Годунов) is a Russian surname.
Goethals,Goethals is a Dutch surname originating in Flanders.
Golan,"Golan (Hebrew: גּוֹלָן, romanized: Gōlān; Arabic: جولان, romanized: Jawlān) is the name of a biblical town later known from the works of Josephus (first century CE) and Eusebius (Onomasticon, early 4th century CE)."
Golconda,"Golconda is a fortified citadel and ruined city located in the western outskirts of Hyderabad, Telangana, India."
Golding,Golding is an English surname.
Goldman,Goldman is a Jewish surname.
Goldsmith,A goldsmith is a metalworker who specializes in working with gold and other precious metals.
Goldwyn,Goldwyn is both a surname and a given name.
Goliath,"Goliath ( gə-LY-əth) is a man in the Book of Samuel, described as a Philistine giant defeated by the young David in single combat."
Goma,Goma is the capital of North Kivu province in the eastern Democratic Republic of the Congo.
Gomel,"Gomel or Homyel (Belarusian: Гомель, romanized: Homieĺ, IPA: [ˈɣomʲelʲ]; Russian: Гомель, IPA: [ˈɡomʲɪlʲ]) is a city in Belarus."
Gompers,Gompers is a surname.
Gomphotherium,"Gomphotherium (; ""nail beast"" for its double set of straight tusks) is an extinct genus of gomphothere proboscidean from the Neogene of Eurasia, Africa and North America."
Gomphrena,Gomphrena is a genus of plants in the family Amaranthaceae.
Gongora,"Gongora, abbreviated Gga in horticultural trade, is a member of the orchid family (Orchidaceae)."
Goniopteris,"Goniopteris is a genus of ferns in the family Thelypteridaceae, subfamily Thelypteridoideae, in the Pteridophyte Phylogeny Group classification of 2016 (PPG I)."
Goodenia,Goodenia is a genus of about two hundred species of flowering plants in the family Goodeniaceae.
Goodeniaceae,Goodeniaceae is a family of flowering plants in the order Asterales.
Goodyera,"Goodyera, commonly called rattlesnake plantain, jade orchids or ladies' tresses is a wide-ranging genus of orchids in the tribe Cranichideae."
Goofy,Goofy is a cartoon character created by The Walt Disney Company.
Google,"Google LLC ( ) is an American multinational technology company focusing on artificial intelligence, online advertising, search engine technology, cloud computing, computer software, quantum computing, e-commerce, and consumer electronics."
Gopher,"Pocket gophers, commonly referred to simply as gophers, are burrowing rodents of the family Geomyidae."
Gopherus,Gopherus is a genus of fossorial tortoises commonly referred to as gopher tortoises.
Gorgonocephalus,Gorgonocephalus is a genus of marine basket stars in the class Ophiuroidea.
Gospel,"Gospel (Greek: εὐαγγέλιον; Latin: evangelium) originally meant the Christian message (""the gospel""), but in the 2nd century it came to be used also for the books in which the message was reported."
Gossypium,"Gossypium () is a genus of flowering plants in the tribe Gossypieae of the mallow family, Malvaceae, from which cotton is harvested."
Gothenburg,Gothenburg ( ; abbreviated Gbg; Swedish: Göteborg [jœtɛˈbɔrj] ) is the capital of Västra Götaland County in Sweden.
Gracillariidae,"Gracillariidae is an important family of insects in the order Lepidoptera and the principal family of leaf miners that includes several economic, horticultural or recently invasive pest species such as the horse-chestnut leaf miner, Cameraria ohridella."
Gracula,"Gracula is a genus of mynas, tropical members of the starling family of birds found in southern Asia and introduced to Florida in the United States."
Graf,"Graf (feminine: Gräfin) is a historical title of the German nobility and later also of the Russian nobility, usually translated as ""count""."
Grahame,Grahame is a surname or given name.
Gram,The gram (originally gramme; SI unit symbol g) is a unit of mass in the International System of Units (SI) equal to one thousandth of a kilogram.
Grammatophyllum,"Grammatophyllum, sometimes abbreviated in horticultural trade as Gram, is a genus of 13 currently known orchid species."
Granada,"Granada ( grə-NAH-də; Spanish: [ɡɾaˈnaða] , locally [ɡɾaˈna]) is the capital city of the province of Granada, in the autonomous community of Andalusia, Spain."
Graptophyllum,Graptophyllum is a genus of plants in the family Acanthaceae.
Graz,"Graz (German: [ɡʁaːts] ; Slovene: Gradec) is the capital city of the Austrian province of Styria and the second-largest city in Austria, after Vienna."
Greece,"Greece, officially the Hellenic Republic, is a country in Southeast Europe, located on the southern tip of the Balkan peninsula."
Green,Green is the color between cyan and yellow on the visible spectrum.
Greenberg,"Greenberg is a surname common in North America, with anglicized spelling of the German Grünberg (green mountain) or the Jewish Ashkenazi Yiddish Grinberg, an artificial surname.Notable people with the surname Greenberg include:


== A–D ==
Abraham Greenberg (1881–1941), New York politician
Adam Greenberg (disambiguation), several people
Aharon-Ya'akov Greenberg (1900–1963), Israeli politician
Alan Greenberg (disambiguation), several people
Albert Greenberg, American software engineer
Allan Greenberg (born 1938), American new classical architect
Andrew Greenberg, American video game designer
Andrew C. Greenberg (born 1957), video game designer
Ari Greenberg (born 1981), American bridge player
Bernard Greenberg, American programmer and computer scientist
Brad Greenberg (born 1954), American basketball coach, brother of Seth Greenberg
Bryan Greenberg (born 1978), American actor
Brooke Greenberg (1993–2013), American with ""Syndrome X"" condition
Carl Greenberg (1908–1984), American journalist
Charles Greenberg (born 1953) American composer
Clement Greenberg (1909–1994), American art critic
Craig Greenberg (born 1973), American politician
Dan Greenberg (born 1965), American lawyer and politician
Daniel Greenberg (educator), American columnist and educator
Daniel Greenberg (game designer), role-playing and video game designer
Daniel S. Greenberg (1931–2020), American journalist, editor and author
David Aaron Greenberg (born 1971), American poet, songwriter, artist and art critic
David Greenberg (historian), American historian


== E–L ==
Eliezer Greenberg (1896–1977), American Yiddish poet
Elinor Miller Greenberg (1932–2021), American adult education pioneer
Ellen Rae Greenberg (1983–2011), American teacher
Evan G. Greenberg (born 1955), American business executive
Everett Peter Greenberg (born 1948), American microbiologist
Gail Greenberg (born 1938), American bridge player
Gerald B. Greenberg (1936–2017), American film editor
Gary Greenberg, American TV writer, author and comedian
Hank Greenberg (1911–1986), American Hall of Fame baseball player
Harold Greenberg (1930–1996), Canadian film producer
Hayim Greenberg (1889–1953), American philosopher of Judaism
Ivan Greenberg (1896–1966), English journalist
Irving Greenberg (born 1933), American Modern Orthodox rabbi and author
Jack Greenberg (1924–2016), American attorney and legal scholar
Jack M. Greenberg (born 1942), American executive at McDonald's
Jay Greenberg (composer) (born 1991), American composer and cellist
Jay Greenberg (psychoanalyst) (born 1942), American psychoanalyst and psychologist
Jeffrey W. Greenberg (born 1951), American lawyer and business executive
Jill Greenberg (born 1967), American photographer
Joanne Greenberg (born 1932), American writer
Joseph Greenberg (1915–2001), American linguist
Joshua Greenberg (born 1976), American academic
L. J. Greenberg (1861–1931), British Jewish journalist


== M–R ==
Martin Greenberg (publisher) (1918–2013), American science fiction anthologist and publisher
Martin Greenberg (poet) (1918–2021), American poet and translator
Martin H. Greenberg (1941–2011), American speculative fiction anthologist
Maurice R. Greenberg (born 1925), American business executive
Michael Greenberg (economist) (1914–1992), British economic historian
Michael Greenberg (lawyer), American lawyer
Michael Greenberg (writer) (born 1952), American writer
Mike Greenberg (born 1967), American television and radio host
Morton Ira Greenberg (1933–2021), United States Circuit Court judge
Moshe Greenberg (1928–2010), American rabbi and Biblical scholar
Noah Greenberg, (1919–1966), American choral conductor
Oscar W. Greenberg (born 1932), American physicist
Ralph Greenberg (born 1944), American mathematician
Richard Greenberg (born 1958), American playwright and television writer
Robert Greenberg (born 1954), American composer, pianist, and musicologist
Roman Greenberg (born 1982), Israeli heavyweight boxer


== S–Z ==
Samuel Greenberg (1893–1917), American poet
Samuel L. Greenberg (1898–1992), New York state senator
Sanford Greenberg American philanthropist most well known for his efforts toward the goal of ending blindness
Seth Greenberg, American coach of the Virginia Tech Hokies basketball team, brother of Brad Greenberg
Seymour Greenberg (1920–2006), American tennis player
Shawn Greenberg, Manitoba judge
Stan Greenberg, American political strategist
Steve Greenberg (record producer), American noted for ""discovering"" popular musical acts such as Hanson, Baha Men and Joss Stone
Steven Greenberg (musician), American musician best known for writing the 1980 hit song ""Funkytown"", performed by Lipps Inc."
Greenland,"Greenland (Greenlandic: Kalaallit Nunaat, pronounced [kalaːɬːit nʉnaːt]; Danish: Grønland, pronounced [ˈkʁɶnˌlænˀ]) is a North American autonomous territory of the Kingdom of Denmark."
Greenpeace,"Greenpeace is an independent global campaigning network, founded in Canada in 1971 by Irving Stowe and Dorothy Stowe, immigrant environmental activists from the United States."
Greenwich,"Greenwich (  GREN-itch,  -⁠ij,  GRIN-) is a town in south-east London, England, within the ceremonial county of Greater London."
Grenada,Grenada (  grə-NAY-də; Grenadian Creole French: Gwenad ) is an island nation of the West Indies in the eastern Caribbean Sea.
Grenoble,"Grenoble ( grə-NOH-bəl, French: [ɡʁənɔbl] ; Arpitan: Grenoblo or Grainóvol; Occitan: Graçanòbol) is the prefecture and largest city of the Isère department in the Auvergne-Rhône-Alpes region of southeastern France."
Grewia,"Grewia  is a large flowering plant genus in the mallow family Malvaceae, in the expanded sense as proposed by the Angiosperm Phylogeny Group."
Grey,Grey (more common in Commonwealth English) or gray (more common in American English) is an intermediate color between black and white.
Grias,"Grias is a genus of flowering plants in the family Lecythidaceae, described by Linnaeus in 1759."
Grindelia,Grindelia (gumweed) is a genus of plants native to the Americas belonging to the family Asteraceae.
Gris,Gris is a platform-adventure game by Spanish developer Nomada Studio and published by Devolver Digital.
Griselinia,"Griselinia is a genus of seven species of shrubs and trees, with a highly disjunct distribution native to New Zealand and South America."
Groenlandia,Groenlandia is a monotypic genus of aquatic plants (pondweed) of the family Potamogetonaceae.
Gropius,Gropius is a German surname.
Grozny,"Grozny (Russian: Грозный, IPA: [ˈgroznɨj]; Chechen: Соьлжа-ГӀала, romanized: Sölƶa-Ġala) is the capital city of Chechnya, Russia."
Gruiformes,"The Gruiformes  are an order containing a considerable number of living and extinct bird families, with a widespread geographical diversity."
Gryllidae,The family Gryllidae contains the subfamilies and genera which entomologists now term true crickets.
Guadalajara,"Guadalajara ( GWAH-də-lə-HAR-ə, Spanish: [ɡwaðalaˈxaɾa] ) is a city in western Mexico and the capital of the state of Jalisco."
Guadalcanal,"Guadalcanal (; indigenous name: Isatabu) is the principal island in Guadalcanal Province of the Solomon Islands, located in the southwestern Pacific Ocean, northeast of Australia."
Guadeloupe,"Guadeloupe (; French: [ɡwad(ə)lup] ; Guadeloupean Creole French: Gwadloup, IPA: [ɡwadlup]) is an archipelago and overseas department and region of France in the Caribbean."
Guaiacum,"Guaiacum (), sometimes spelled Guajacum, is a genus of flowering plants in the caltrop family Zygophyllaceae."
Guallatiri,"Guallatiri is a 6,060 m (19,880 ft) or 6,071 m (19,918 ft) high volcano in Chile."
Guam,"Guam (  GWAHM; Chamorro: Guåhan [ˈɡʷɑhɑn]) is an organized, unincorporated territory of the United States in the Micronesia subregion of the western Pacific Ocean."
Guangdong,"Guangdong (UK: , US: ), formerly romanized as Canton or Kwangtung, is a coastal province located in South China, on the north shore of the South China Sea."
Guangzhou,"Guangzhou, also known as Canton (; and alternatively romanized as Kwongchow or Kwangchow), is the capital and largest city of Guangdong province in southern China."
Guarneri,"The Guarneri (, UK also , Italian: [ɡwarˈnɛːri]), often referred to in the Latinized form Guarnerius, is the family name of a group of distinguished luthiers from Cremona in Italy in the 17th and 18th centuries, whose standing is considered comparable to those of the Amati and Stradivari families."
Guarnieri,Guarnieri is an Italian surname.
Guatemala,"Guatemala (  GWAH-tə-MAH-lə; Spanish: [ɡwateˈmala] ), officially the Republic of Guatemala (Spanish: República de Guatemala), is a country in Central America."
Guayaquil,"Guayaquil (Spanish pronunciation: [ɡwaʝaˈkil] ; Quechua: Wayakil), officially Santiago de Guayaquil, is the largest city in Ecuador and also the nation's economic capital and main port."
Guernsey,"Guernsey (  GURN-zee; Guernésiais: Guernési; French: Guernesey) is the second largest island in the Channel Islands, located 27 miles (43 km) west of the Cotentin Peninsula, Normandy."
Guevara,Guevara is a surname of Basque origin.
Guinea,"Guinea (  GHIN-ee), officially the Republic of Guinea (French: République de Guinée), is a coastal country in West Africa."
Guinevere,"Guinevere (  GWIN-iv-eer; Welsh: Gwenhwyfar ; Breton: Gwenivar, Cornish: Gwynnever), also often written in Modern English as Guenevere or Guenever, was, according to Arthurian legend, an early-medieval queen of Great Britain and the wife of King Arthur."
Guinness,Guinness () is an Irish dry stout that originated in the brewery of Arthur Guinness at St.
Gujarat,"Gujarat ( GUUJ-ə-RAHT, Gujarati: [ˈɡudʒəɾat̪] ) is a state along the western coast of India."
Gulo,Gulo is a genus of carnivoran mammals in the family Mustelidae.
Gulu,Gulu is a city in the Northern Region of Uganda.
Gurkha,"The Gurkhas or Gorkhas (), with the endonym Gorkhali (Nepali: गोर्खाली [ɡorkʰali]), are soldiers native to the Indian subcontinent, chiefly residing within Nepal and some parts of North India.The Gurkha units are composed of Nepali and Indian Gorkha, Nepali-speaking Indian people, and are recruited for the Nepali Army (96,000), the Indian Army (42,000), the British Army (4,010), the Gurkha Contingent in Singapore, the Gurkha Reserve Unit in Brunei, for UN peacekeeping forces and in war zones around the world."
Guru,"Guru ( Sanskrit: गुरु; IAST: guru; Pali: garu) is a Sanskrit term for a ""mentor, guide, expert, or master"" of certain knowledge or field."
Gutierrezia,"Gutierrezia is a genus of flowering plants in the family Asteraceae, native to western North America and western South America."
Guttiferales,Guttiferales is a descriptive botanical name.
Guyana,"Guyana (  or  ), officially the Co-operative Republic of Guyana, is a country on the northern mainland of South America."
Gwydion,"Gwydion fab Dôn (Welsh pronunciation: [ˈɡwɨ̞djɔn vaːb ˈdoːn]) is a magician, hero and trickster of Welsh mythology, appearing most prominently in the Fourth Branch of the Mabinogi, which focuses largely on his relationship with his young nephew, Lleu Llaw Gyffes."
Gymnadenia,Gymnadenia is a genus of flowering plants in the orchid family (Orchidaceae) containing 22 terrestrial species.
Gymnocalycium,"Gymnocalycium, commonly called chin cactus, is a genus of about 70 South American species of cactus."
Gymnocarpium,"Gymnocarpium is a small genus of ferns, called oak ferns."
Gymnocladus,"Gymnocladus (Neo-Latin, from Greek γυμνὀς, gymnos, naked + κλάδος, klados, branch) is a small genus of leguminous trees."
Gymnogyps,Gymnogyps is a genus of New World vultures in the family Cathartidae.
Gymnopilus,Gymnopilus is a genus of gilled mushrooms within the fungal family Hymenogastraceae containing over 200 rusty-orange spored mushroom species.
Gymnosporangium,"Gymnosporangium is a genus of heteroecious plant-pathogenic fungi which alternately infect members of the family Cupressaceae, primarily species in the genus Juniperus (junipers), and members of the family Rosaceae in the subfamily Amygdaloideae (apples, pears, quinces, shadbush, hawthorns, rowans and their relatives)."
Gynura,Gynura is a genus of flowering plants in the daisy family Asteraceae native to Asia.
Gyps,Gyps is a genus of Old World vultures that was proposed by Marie Jules César Savigny in 1809.
Gypsophila,"Gypsophila () is a genus of flowering plants in the carnation family, Caryophyllaceae."
HIV,The human immunodeficiency viruses (HIV) are two species of Lentivirus (a subgroup of retrovirus) that infect humans.
HTML,The HyperText Markup Language or HTML is the standard markup language for documents designed to be displayed in a web browser.
HTTP,"The Hypertext Transfer Protocol (HTTP) is an application layer protocol in the Internet protocol suite model for distributed, collaborative, hypermedia information systems."
Haastia,"Haastia is a genus of flowering plants in the daisy family, Asteraceae, native to New Zealand."
Habakkuk,"Habakkuk, or Habacuc, who was active around 612 BCE, was a prophet whose oracles and prayer are recorded in the Book of Habakkuk, the eighth of the collected twelve minor prophets in the Hebrew Bible."
Habenaria,"Habenaria, commonly called rein orchids or bog orchids, is a widely distributed genus of orchids in the tribe Orchideae."
Haber,Haber is a surname of German origin.
Hachiman,"In Japanese religion, Yahata (八幡神, ancient Shinto pronunciation) formerly in Shinto and later commonly known as Hachiman (八幡神, Japanese Buddhist pronunciation) is the syncretic divinity of archery and war, incorporating elements from both Shinto and Buddhism.In Shinto religion, he is mortally Emperor Ōjin (応神天皇, Ōjin Tennō) by birth who reigned in the 3rd–4th century and the son of Empress Jingū (神功皇后, Jingū-kōgō), later became deified and identified by legend as ""Yahata-no-kami"" meaning ""Kami of Eight Banners"", referring to the eight heavenly banners that signaled the birth of the divine and deified emperor, and is also called Hondawake (誉田別命)."
Hackelia,"Hackelia (stickseeds) is a genus of plants in the borage family, Boraginaceae."
Hadean,"The Hadean ( hay-DEE-ən, HAY-dee-ən) is the first and oldest of the four known  geologic eons of Earth's history, starting with the planet's formation about 4.54 Bya, now defined as (4567.30 ± 0.16) Mya set by the age of the oldest solid material in the Solar System found in some meteorites about 4.567 billion years old."
Hades,"Hades (; Greek: ᾍδης, translit."
Hadith,"Ḥadīth ( or ; Arabic: حديث, ḥadīṯ, Arabic pronunciation: [ħadiːθ]; pl."
Hadrian,"Hadrian (, HAY-dree-ən; Latin: Hadrianus [(h)adriˈjaːnus]; 24 January 76 – 10 July 138) was Roman emperor from 117 to 138."
Hadrosauridae,"Hadrosaurids (from Ancient Greek  ἁδρός (hadrós) 'stout, thick', and  σαύρα (saúra) 'lizard'), or duck-billed dinosaurs, are members of the ornithischian family Hadrosauridae."
Haemanthus,"Haemanthus is a Southern African genus of flowering plants in the family Amaryllidaceae, subfamily Amaryllidoideae."
Haematobia,Haematobia is a genus of biting true flies of the family Muscidae.
Haematoxylum,"Haematoxylum is a genus of flowering plants in the legume family, Fabaceae, subfamily Caesalpinioideae and the tribe Caesalpinieae."
Haemodoraceae,Haemodoraceae is a family of perennial herbaceous flowering plants with 14 genera and 102 known species.
Haemodorum,"Haemodorum is a genus of herbs in the family Haemodoraceae, first described as a genus in 1798 by James Edward Smiith."
Haemopis,Haemopis is a genus of leeches belonging to the family Haemopidae.
Haemoproteidae,The Haemoproteidae are a family of parasitic alveolates in the phylum Apicomplexa.The species in this family produce pigment and do not have an asexual cycle in the blood.
Haemoproteus,"Haemoproteus is a genus of alveolates that are parasitic in birds, reptiles and amphibians."
Haemulidae,Haemulidae is a family of fishes in the order Perciformes known commonly as grunts.
Haemulon,Haemulon is a genus of fish in the grunt family known as the scaled-fin grunts.
Haganah,"Haganah (Hebrew: הַהֲגָנָה ha-Haganah, lit. 'The Defense') was the main Zionist paramilitary organization that operated for the Yishuv in the British Mandate for Palestine."
Haggadah,"The Haggadah (Hebrew: הַגָּדָה, ""telling""; plural: Haggadot) is a Jewish text that sets forth the order of the Passover Seder."
Haggai,"Haggai or Aggeus (; Hebrew: חַגַּי – Ḥaggay; Koine Greek: Ἀγγαῖος; Latin: Aggaeus) was a Hebrew prophet during the building of the Second Temple in Jerusalem, and one of the twelve minor prophets in the Hebrew Bible and the author of the Book of Haggai."
Haifa,"Haifa (Hebrew: חֵיפָה Ḥēyfā [χeˈfa]; Arabic: حَيْفَا Ḥayfā) is the third-largest city in Israel—after Jerusalem and Tel Aviv—with a population of 282,832 in 2021."
Haiphong,Haiphong (Vietnamese: Hải Phòng) is the third-largest city in Vietnam and is the principal port city of the Red River Delta.
Haiti,"Haiti (  HAY-tee; French: Haïti [a.iti]; Haitian Creole: Ayiti [ajiti]), officially the Republic of Haiti (French: République d'Haïti; Haitian Creole: Repiblik d Ayiti), and formerly known as Hayti, is a country on the island of Hispaniola in the Greater Antilles archipelago of the Caribbean Sea, east of Cuba and Jamaica, and south of The Bahamas and the Turks and Caicos Islands."
Hakea,"Hakea ( HAH-kee-ə, HAY-) is a genus of about 150 species of plants in the Family Proteaceae, endemic to Australia."
Hakham,"Hakham (or Chakam(i), Haham(i), Hacham(i), Hach; Hebrew: חכם ḥaḵam, ""Wise"") is a term in Judaism, meaning a wise or skillful man; it often refers to someone who is a great Torah scholar."
Halchidhoma,"The Halchidhoma (Maricopa: Xalychidom Piipaa or Xalychidom Piipaash – 'people who live toward the water') are a Native American tribe now living mostly on the Salt River reservation, but formerly native to the area along the lower Colorado River in California and Arizona when first contacted by Europeans."
Haldane,"Haldane is a surname and a given name, which may refer to:


== People ==
Clan Haldane, a Lowland Scottish clan


=== Surname ===
A. R. B. Haldane (1900–1982), Scottish social historian and author
Andrew Haldane (1917–1944), United States Marine Corps officer killed in action during World War II
Andy Haldane (born 1967), British economist
Aylmer Haldane (1862–1950), British Army general
Benjamin Haldane (1874–1941), Tsimshian professional photographer from Metlakatla, Alaska
Bert Haldane (1871–1937), British silent film director
Charlotte Haldane née Franken (1894–1969), British feminist writer; wife of J. B. S. Haldane
Daniel Rutherford Haldane (1824–1887), Scottish physician; son of James Haldane (second marriage)
Douglas Haldane (1926–2012), Scottish child psychiatrist and pioneer of family therapy
Duncan Haldane (born 1951), British physicist, Princeton University professor and Nobel Prize laureate
Elizabeth Sanderson Haldane (1862–1937), Scottish author, biographer, philosopher, suffragist, nursing administrator, and social welfare worker
George Haldane (1722–1759), British Army brigadier general, Governor of Jamaica and Member of Parliament
Graeme Haldane (1897–1981), Scottish engineer
J. B. S. Haldane (1892–1964), British geneticist and evolutionary biologist; son of John Scott Haldane and brother of Naomi Mitchison née Haldane
James Haldane (disambiguation), multiple people
John Scott Haldane (1860–1936), British physician physiologist and philosopher; father of J. B. S. Haldane
John Joseph Haldane (born 1954), British philosopher
Lewis Haldane (born 1985), Welsh footballer
Mungo Haldane (c."
Haldea,"Haldea striatula (formerly Virginia striatula), commonly called the rough earth snake,  is a species of nonvenomous natricine colubrid snake native to the Southeastern United States."
Halenia,Halenia (spurred gentian) is a genus of plant in family Gentianaceae.
Halesia,"Halesia, also known as silverbell or snowdrop tree, is a small genus of four or five species of deciduous large shrubs or small trees in the family Styracaceae."
Haliaeetus,"Haliaeetus is a genus of four species of eagles, closely related to the sea eagles in the genus Ichthyophaga."
Halicarnassus,"Halicarnassus (, HAL-ih-kar-NASS-əs; Ancient Greek: Ἁλικαρνᾱσσός Halikarnāssós or Ἀλικαρνασσός Alikarnāssós; Turkish: Halikarnas; Carian: 𐊠𐊣𐊫𐊰 𐊴𐊠𐊥𐊵𐊫𐊰 alos k̂arnos) was an ancient Greek city in Caria, in Anatolia."
Halictidae,"Halictidae is the second-largest family of bees (clade Anthophila) with nearly 4,500 species."
Haliotis,"Haliotis, common name abalone, is the only genus in the family Haliotidae.This genus once contained six subgenera."
Hall,"In architecture, a hall is a relatively large space enclosed by a roof and walls."
Hallel,"Hallel (Hebrew: הַלֵּל, 'Praise') is a Jewish prayer, a verbatim recitation from Psalms 113–118 which is recited by observant Jews on Jewish holidays as an act of praise and thanksgiving."
Halloween,"Halloween or Hallowe'en (less commonly known as Allhalloween, All Hallows' Eve, or All Saints' Eve) is a celebration observed in many countries  on 31 October, the eve of the Western Christian feast of All Hallows' Day."
Halocarpus,Halocarpus is a genus of conifers of the family Podocarpaceae.
Haloragaceae,"Haloragaceae (the watermilfoil family) is a eudicot flowering plant family in the order Saxifragales, based on the phylogenetic APG system."
Ham,"Ham is pork from a leg cut that has been preserved by wet or dry curing, with or without smoking."
Hamamelidaceae,"Hamamelidaceae, commonly referred to as the witch-hazel family, is a family of flowering plants in the order Saxifragales."
Haman,"Haman (Hebrew: הָמָן Hāmān; also known as Haman the Agagite) is the main antagonist in the Book of Esther, who according to the Hebrew Bible was an official in the court of the Persian empire under King Ahasuerus, commonly identified as Xerxes I (died 465 BCE) but traditionally equated with Artaxerxes I or Artaxerxes II. As his epithet Agagite indicates, Haman was a descendant of Agag, the king of the Amalekites."
Hamas,"Hamas, an acronym of its official name, the Islamic Resistance Movement, is a Palestinian Sunni Islamist political and military organization  governing the Gaza Strip of the Israeli-occupied Palestinian territories."
Hamburg,"Hamburg (German: [ˈhambʊʁk] , locally also [ˈhambʊɪ̯ç] ; Low Saxon: Hamborg [ˈhambɔːç] ), officially the Free and Hanseatic City of Hamburg (German: Freie und Hansestadt Hamburg; Low Saxon: Friee un Hansestadt Hamborg), is the second-largest city in Germany after Berlin, as well as the overall 8th-largest city and largest non-capital city within the European Union with a population of over 1.9 million."
Hamelin,"Hamelin ( HAM-(ə-)lin; German: Hameln [ˈhaːml̩n] ) is a town on the river Weser in Lower Saxony, Germany."
Haminoea,"Haminoea is a genus of medium-sized sea snails or bubble snails, marine opisthobranch gastropod molluscs in the family Haminoeidae, the haminoea bubble snails, part of the clade Cephalaspidea, the headshield slugs and bubble snails."
Hamlet,"The Tragedy of Hamlet, Prince of Denmark, often shortened to Hamlet (), is a tragedy written by William Shakespeare sometime between 1599 and 1601."
Hammarskjold,Hammarskjold is a Swedish surname.
Hammerstein,Hammerstein is a municipality on the river Rhine in the district of Neuwied in Rhineland-Palatinate in Germany.
Hammett,"Hammett may refer to:

Hammett L. Bowen, Jr."
Hammurabi,"Hammurabi (; Akkadian: 𒄩𒄠𒈬𒊏𒁉 Ḫâmmurapi; c. 1810 – c. 1750 BC), also spelled Hammurapi, was the sixth Amorite king of the Old Babylonian Empire, reigning from c. 1792 to c. 1750 BC. He was preceded by his father, Sin-Muballit, who abdicated due to failing health."
Hampshire,"Hampshire (,  ; abbreviated to Hants.) is a ceremonial county in South East England."
Hangzhou,"Hangzhou ( hahng-JOH or   hang-JOH; Chinese: 杭州, Wu Chinese pronunciation: [ɦɑ̃.tse], Standard Mandarin pronunciation: [xǎŋ.ʈʂóʊ] ), also romanized as Hangchow, is the capital and most populous city of Zhejiang, China."
Hanks,"Hanks is a surname of English, or Dutch origin, meaning ""son of Hankin"" and may refer to:"
Hannibal,"Hannibal (; Punic: 𐤇𐤍𐤁𐤏𐤋, romanized: Ḥannībaʿl; 247 – between 183 and 181 BC) was a Carthaginian general and statesman who commanded the forces of Carthage in their battle against the Roman Republic during the Second Punic War."
Hanoi,Hanoi (Vietnamese: Hà Nội ) is the capital and second-most populous city of Vietnam.
Hanover,"Hanover ( HAN-oh-vər, HAN-ə-vər; German: Hannover [haˈnoːfɐ] ; Low German: Hannober) is the capital and largest city of the German state of Lower Saxony."
Hansard,Hansard is the name of the transcripts of parliamentary debates in Britain and many Commonwealth countries.
Hanukkah,"Hanukkah (; חֲנֻכָּה‎ Ḥănukkā ) is a Jewish festival commemorating the recovery of Jerusalem and subsequent rededication of the Second Temple at the beginning of the Maccabean Revolt against the Seleucid Empire in the 2nd century BCE.Hanukkah is observed for eight nights and days, starting on the 25th day of Kislev according to the Hebrew calendar, which may occur at any time from late November to late December in the Gregorian calendar."
Hanuman,"Hanuman (; Sanskrit: हनुमान्, IAST: Hanumān), also known as Maruti, Bajrangabali, and Anjaneya, is a deity in Hinduism, revered as a divine vanara and a devoted companion of the deity Rama."
Haplopappus,"Haplopappus is a genus of flowering plants in the family Asteraceae found in South America, mostly restricted to the dry regions of the Southern Andes, Chilean Matorral, and Patagonia."
Harare,"Harare ( hə-RAR-ay), formerly known as Salisbury (  SAWLZ-bər-ee), is the capital and largest city of Zimbabwe."
Hardenbergia,"Hardenbergia is a genus of three species of flowering plants in the pea family, Fabaceae and is endemic to Australia."
Hargeisa,"Hargeisa ( har-GAY-sə;  Somali: Hargeysa; Arabic: هرجيسا, romanized: Harjīsā) is the capital and largest city of the self-declared Republic of Somaliland, a de facto sovereign state in the Horn of Africa, still considered internationally to be part of Somalia."
Hargreaves,"Hargreaves is a surname, and may refer to:

Aaron Hargreaves (born 1986), Canadian football player
Adam Hargreaves (born 1963), British author of children's books & son of Roger Hargreaves
Alberto Hargreaves, (born 1929) Portuguese architect and urbanist
Alice Hargreaves, née Liddell (1852-1934), inspiration for the well known book, Alice in Wonderland
Alison Hargreaves (1962–1995), British mountain climber
Alistair Hargreaves (born 1986), South African rugby union player
Amy Hargreaves (born 1970), American actress
Andrew Raikes Hargreaves (born 1955), British politician
Andy Hargreaves (academic) (born 1951), English academic
Andy Hargreaves (musician), English rock drummer
Anne Hargreaves (1870–1923), English-born missionary teacher in Philippines
Brad Hargreaves (born 1971), American drummer
Bryn Hargreaves (born 1985), English rugby league player
Cain C. Hargreaves from Earl Cain
Charlie Hargreaves (1896–1979), American basketball player
Chris Hargreaves (born 1971), English footballer
Christine Hargreaves (1929–1984), English actress
David Hargreaves (born 1939), British education administrator
Frances Hargreaves (1955–2017), South African actress
Fred Hargreaves (1884–1960), English footballer
Frederick James Hargreaves (1891–1970), British astronomer
George Hargreaves (born 1952), American landscape designer
George Hargreaves (politician) (born 1957), British religious minister, politician, record producer and songwriter
Harold Hargreaves (1876–?), British Indian archaeologist
Harry Hargreaves (footballer) (1889–1975), English footballer
Harry Hargreaves (cartoonist) (1922–2004), English cartoonist
Herbert Hargreaves (1912–1990), English cricketer
Ian Hargreaves (born 1951), British journalist
Jack Hargreaves (1911–1994), British author and television presenter & brother of Ronald Hargreaves
James Hargreaves (1720–1778), English weaver and inventor
James Hargreaves (chemist) (1834–1915), English chemist and inventor
James Hargreaves (English cricketer) (1859–1922), American born English cricketer
James Hargreaves (New Zealand cricketer) (1868-1924), New Zealand cricketer
Jared Waerea-Hargreaves (born 1989), Australian rugby league player
Jim Hargreaves (1950–2020), former Canadian ice hockey player
Joe Hargreaves (footballer, fl."
Harlem,"Harlem is a neighborhood in Upper Manhattan, New York City."
Harlow,"Harlow is a town and local government district located in the west of Essex, England."
Harpy,"In Greek and Roman mythology, a harpy (plural harpies, Ancient Greek: ἅρπυια, romanized: hárpyia, pronounced [hárpyːa]; Latin: harpȳia) is a half-human and half-bird, often believed to be a personification of storm winds."
Harte,"Notable people with the surname Harte include:


== Film and television ==
Betty Harte (1882–1965), American actress in silent film era
Joby Harte (born 1982), British TV personality
Robert Harte (New Zealand actor), New Zealand actor


== Literature ==
Bret Harte (1836–1902), American author and poet
Emma Harte, a character in novels by Barabara Taylor Bradford
Jack Harte (Irish writer), Irish short story writer and novelist
Walter Harte (1709–1774), British poet and historian, friend of Alexander Pope


== Music ==
Frank Harte (1933–2005), traditional Irish singer
Leanne Harte, Irish singer-songwriter
Mickey Joe Harte (born 1973), singer who represented Ireland at Eurovision


== Politics ==
Dennis J. Harte (1866–1917), New York politician
Jack Harte (Irish politician) (born 1920), Irish Labour Party senator
John Harte, Lord Mayor of London (1589-90)
Paddy Harte (born 1931), Irish politician
Robert Sheldon Harte (1915–1940), American communist, assistant to Trotsky


== Sport ==
Bill Harte (born 1971), US soccer player
Christopher Harte (born 1949), Irish cricketer
David Harte (Gaelic footballer) (born 1981), Tyrone Gaelic footballer
Ian Harte, Irish footballer
Mickey Harte (born 1950s), Gaelic football manager
Nigel Harte, Westmeath Gaelic footballer
Pat Harte (active since 2006), Mayo Gaelic footballer
Patsy Harte (born 1940), Irish hurler in Co."
Hasdrubal,"Hasdrubal (Greek: Ἀσδρούβας, Hasdroúbas) is the Latinized form of the Carthaginian name ʿAzrubaʿal (Punic: 𐤏𐤆𐤓𐤁𐤏𐤋, romanized: ʿAzrōbaʿl, lit. 'Help of Baal'."
Hasid,"Ḥasīd (Hebrew: חסיד, ""pious"", ""saintly"", ""godly man""; plural חסידים‎ ""Hasidim"") is a Jewish honorific, frequently used as a term of exceptional respect in the Talmudic and early medieval periods."
Hastings,"Hastings ( HAY-stings)  is a seaside town and borough in East Sussex on the south coast of England,
24 mi (39 km) east of Lewes and 53 mi (85 km) south east of London."
Hatiora,Hatiora is a small genus of epiphytic cacti which belongs to the tribe Rhipsalideae within the subfamily Cactoideae of the Cactaceae.
Havana,Havana (; Spanish: La Habana [la aˈβana] ; Lucumi: Ilú Pupu Ilé) is the capital and largest city of Cuba.
Havasupai,The Havasupai people (Havasupai: Havsuw' Baaja) are an Native American people and tribe who have lived in the Grand Canyon for at least the past 800 years.
Havel,"The Havel (German: [ˈhaːfl̩] ) is a river in northeastern Germany, flowing through the states of Mecklenburg-Vorpommern, Brandenburg, Berlin and Saxony-Anhalt."
Hawaii,"Hawaii (  hə-WY-ee; Hawaiian: Hawaiʻi [həˈvɐjʔi, həˈwɐjʔi]) is an island state in the Western United States, about 2,000 miles (3,200 km) from the U.S. mainland in the Pacific Ocean."
Haworth,"Haworth (UK:  HOW-ərth, also  HAW-ərth, US:  HAW-wərth) is a village in West Yorkshire, England."
Hayek,"Hayek  is a surname:

As a variant spelling of the Czech name Hájek, which originally meant ""a grove"", it commonly occurs in Czech place names."
Heaven,"Heaven, or the heavens, is a common religious cosmological or transcendent supernatural place where beings such as deities, angels, souls, saints, or venerated ancestors are said to originate, be enthroned, or reside."
Hebei,"Hebei (UK:  or , UK: , Chinese: ; lit."
Hebraism,"Hebraism [ˈhiːbreɪz(ə)m] is a lexical item, usage or trait characteristic of the Hebrew language."
Hebraist,"A Hebraist is a specialist in Jewish, Hebrew and Hebraic studies."
Hebrews,"The Hebrews (Hebrew: עִבְרִיִּים / עִבְרִים, Modern: ʿĪvrīm / ʿĪvrīyyīm, Tiberian: ʿĪḇrīm / ʿĪḇrīyyīm; ISO 259-3: ʕibrim / ʕibriyim) were an ancient Semitic-speaking people."
Hebrides,"The Hebrides ( HEB-rid-eez; Scottish Gaelic: Innse Gall, pronounced [ˈĩːʃə ˈkaul̪ˠ]; Old Norse: Suðreyjar, lit. 'Southern isles') are an archipelago off the west coast of the Scottish mainland."
Hecate,"Hecate is a goddess in ancient Greek religion and mythology, most often shown holding a pair of torches, a key, or snakes, or accompanied by dogs, and in later periods depicted as three-formed or triple-bodied."
Hector,"In Greek mythology, Hector (; Ἕκτωρ, Hektōr, pronounced [héktɔːr]) is a Trojan prince, hero and the greatest warrior for Troy during the Trojan War."
Hedeoma,"Hedeoma is a genus of flowering plants in the mint family, Lamiaceae."
Hedera,"Hedera, commonly called ivy (plural ivies), is a genus of 12–15 species of evergreen climbing or ground-creeping woody plants in the family Araliaceae, native to Western Europe, Central Europe, Southern Europe, Macaronesia, northwestern Africa and across central-southern Asia east to Japan and Taiwan."
Hedysarum,"Hedysarum (sweetvetch) is a genus of the botanical family Fabaceae, consisting of about 200 species of annual or perennial herbs in Asia, Europe, North Africa, and North America."
Heimdal,"Heimdal is a borough in the city of Trondheim in the municipality of Trondheim in Trøndelag county, Norway."
Heimdall,"In Norse mythology, Heimdall (from Old Norse Heimdallr) is a god."
Heinlein,Heinlein or Henlein is a German surname.
Heinz,"The H. J. Heinz Company () is an American food processing brand and former company headquartered at One PPG Place in Pittsburgh, Pennsylvania."
Hejaz,"The Hejaz (, also US: ; Arabic: ٱلْحِجَاز, romanized: al-Ḥijāz, lit. 'the Barrier', Hejazi Arabic pronunciation: [alħɪˈdʒaːz]) is a region that includes the majority of the west coast of Saudi Arabia, covering the cities of Mecca, Medina, Jeddah, Tabuk, Yanbu, Taif and Baljurashi."
Helenium,"Helenium is a genus of annuals and herbaceous perennial plants in the family Asteraceae, native to the Americas.They bear yellow or orange daisy-like composite flowers."
Heliamphora,"The genus Heliamphora ( or ; Greek: helos ""marsh"" and amphoreus ""amphora"") contains 23 species of pitcher plants endemic to South America."
Helichrysum,The genus Helichrysum  consists of an estimated 600 species of flowering plants in the sunflower family (Asteraceae).
Helicidae,"Helicidae is a large, diverse family of western Palaearctic, medium to large-sized, air-breathing land snails, sometimes called the ""typical snails."" It includes some of the largest European land snails, several species are common in anthropogenic habitats, and some became invasive on other continents."
Helicteres,Helicteres is a genus of flowering plants in the family Malvaceae.
Helios,"In ancient Greek religion and mythology, Helios (; Ancient Greek: Ἥλιος pronounced [hɛ̌ːlios], lit. 'Sun'; Homeric Greek: Ἠέλιος) is the god who personifies the Sun."
Heliothis,Heliothis is a genus of moths in the family Noctuidae.
Heliozoa,"Heliozoa, commonly known as sun-animalcules, are microbial eukaryotes (protists) with stiff arms (axopodia) radiating from their spherical bodies, which are responsible for their common name."
Helix,A helix (; pl.
Hell,"In religion and folklore, hell is a location or state in the afterlife in which souls are subjected to punitive suffering, most often through torture, as punishment after death."
Hellman,Hellman is a surname.
Helminthostachys,Helminthostachys is a fern genus in the Ophioglossaceae (Adder's tongue) family.
Heloderma,"Heloderma is a genus of toxicoferan lizards that contains five species, all of which are venomous."
Helodermatidae,"The Helodermatidae or beaded lizards are a small family of lizards endemic to North America today, but formerly more widespread in the ancient past."
Helotiaceae,The Helotiaceae are a family of fungi in the order Helotiales.
Helotiales,Helotiales is an order of the class Leotiomycetes within the division Ascomycota.
Helsinki,"Helsinki ( HEL-sink-ee or   hel-SINK-ee; Finnish: [ˈhelsiŋki] ; Swedish: Helsingfors, Finland Swedish: [helsiŋˈforːs] ) is the capital, largest and most populous city in Finland."
Helvellaceae,"The Helvellaceae are a family of ascomycete fungi, the best-known members of which are the elfin saddles of the genus Helvella."
Helvetica,"Helvetica, also known by its original name Neue Haas Grotesk, is a widely used sans-serif typeface developed in 1957 by Swiss typeface designer Max Miedinger and Eduard Hoffmann."
Helwingia,"The genus Helwingia consists of shrubs or rarely small trees native to eastern Asia, the Himalayas, and northern Indochina."
Hemerobiidae,"Hemerobiidae is a family of Neuropteran insects commonly known as brown lacewings, comprising about 500 species in 28 genera."
Hemigrammus,Hemigrammus is a genus of freshwater fish in the family Characidae native to South America (including Trinidad) and commonly seen in the aquarium trade.
Hemiptera,"Hemiptera (; from Ancient Greek  hemipterus 'half-winged') is an order of insects, commonly called true bugs, comprising over 80,000 species within groups such as the cicadas, aphids, planthoppers, leafhoppers, assassin bugs, bed bugs, and shield bugs."
Hemitripterus,"Hemitripterus is a genus of marine ray-finned fishes, sculpins, belonging to the subfamily Hemitripterinae which is part of the family Agonidae."
Hephaestus,"Hephaestus (; eight spellings; Greek: Ἥφαιστος, translit."
Hera,"In ancient Greek religion, Hera (; Greek: Ἥρα, translit."
Heracles,"Heracles ( HERR-ə-kleez; Greek: Ἡρακλῆς, lit."
Heraclitus,"Heraclitus (; Greek: Ἡράκλειτος Herákleitos; fl. c. 500 BC) was an ancient Greek pre-Socratic philosopher from the city of Ephesus, which was then part of the Persian Empire."
Herat,Herāt (; Pashto; Dari: هرات) is an oasis city and the third-largest city in Afghanistan.
Herculaneum,"Herculaneum (; Neapolitan and Italian: Ercolano) was an ancient Roman town, located in the modern-day comune of Ercolano, Campania, Italy."
Hercules,"Hercules (, US: ) is the Roman equivalent of the Greek divine hero Heracles, son of Jupiter and the mortal Alcmena."
Herder,"A herder is a pastoral worker responsible for the care and management of a herd or flock of domestic animals, usually on open pasture."
Hereford,"Hereford (  HERR-if-ərd) is a cathedral city and the county town of Herefordshire, England."
Heritiera,"Heritiera is a genus of flowering plants in the family Malvaceae, subfamily Sterculioideae."
Hermannia,"Hermannia is a genus of flowering plants in the mallow family, Malvaceae."
Hermaphroditus,"In Greek mythology, Hermaphroditus ( ; Ancient Greek: Ἑρμαφρόδιτος, romanized: Hermaphróditos, [hermapʰróditos]) was a child of Aphrodite and Hermes."
Hermes,Hermes (; Greek: Ἑρμῆς) is an Olympian deity in ancient Greek religion and mythology considered the herald of the gods.
Hermissenda,"Hermissenda is a genus of sea slugs, aeolid nudibranchs, marine gastropod molluscs in the family Facelinidae."
Hermosillo,"Hermosillo (Latin American Spanish: [eɾmoˈsiʝo] ), formerly called Pitic (as in Santísima Trinidad del Pitic and Presidio del Pitic), is a city located in the center of the northwestern Mexican state of Sonora."
Hero,"A hero (feminine: heroine) is a real person or a main fictional character who, in the face of danger, combats adversity through feats of ingenuity, courage, or strength."
Herodotus,"Herodotus (Ancient Greek: Ἡρόδοτος, romanized: Hēródotos; c. 484 – c. 425 BC) was a Greek historian and geographer from the Greek city of Halicarnassus, part of the Persian Empire (now Bodrum, Turkey) and a later citizen of Thurii in modern Calabria, Italy."
Heron,"Herons are long-legged, long-necked, freshwater and coastal birds in the family Ardeidae, with 72 recognised species, some of which are referred to as egrets or bitterns rather than herons."
Herpestes,Herpestes is a genus within the mongoose family Herpestidae.
Hertfordshire,Hertfordshire (  HART-fərd-sheer or  -⁠shər; often abbreviated Herts) is a ceremonial county in the East of England and one of the home counties.
Hertz,"The hertz (symbol: Hz) is the unit of frequency in the International System of Units (SI), equivalent to one event (or cycle) per second."
Hesiod,"Hesiod ( HEE-see-əd or  HEH-see-əd; Greek: Ἡσίοδος Hēsíodos) was an ancient Greek poet generally thought to have been active between 750 and 650 BC, around the same time as Homer."
Hesperides,"In Greek mythology, the Hesperides (; Ancient Greek: Ἑσπερίδες, Greek pronunciation: [hesperídes]) are the nymphs of evening and golden light of sunsets, who were the ""Daughters of the Evening"" or ""Nymphs of the West""."
Hesperiphona,Hesperiphona is a genus in the finch family Fringillidae.
Hesperis,Hesperis is a genus of flowering plants in the family Brassicaceae.
Hesperus,"In Greek mythology, Hesperus (; Ancient Greek: Ἕσπερος, romanized: Hésperos) is the Evening Star, the planet Venus in the evening."
Hesse,"Hesse (, US also , Hessian dialect: [ˈhɛzə]) or Hessia (UK: , US: ; German: Hessen [ˈhɛsn̩] ), officially the State of Hesse (German: Land Hessen), is a state in Germany."
Hestia,"In ancient Greek religion and mythology, Hestia (; Greek: Ἑστία, meaning ""hearth"" or ""fireside"") is the virgin goddess of the hearth and the home."
Heteranthera,"Heteranthera is a genus of aquatic plants in the water hyacinth family, Pontederiaceae, known generally as mud plantains."
Heterobasidiomycetes,"Heterobasidiomycetes, including jelly fungi, smuts and rusts, are basidiomycetes with septate basidia."
Heterodon,Heterodon is a genus of harmless colubrid snakes endemic to  North America.
Heteromeles,"Heteromeles arbutifolia (; more commonly  by Californian botanists), commonly known as toyon, is a common perennial shrub native to extreme southwest Oregon, California, and the Baja California Peninsula."
Heteromyidae,"Heteromyidae is a family of rodents consisting of kangaroo rats, kangaroo mice, pocket mice and spiny pocket mice."
Heteroptera,"The Heteroptera are a group of about 40,000 species of insects in the order Hemiptera."
Heterostraci,"Heterostraci (Ancient Greek, ἕτερος+ὄστρακον ""those [with] a different shell"" [-i is pl."
Heterotheca,"Heterotheca (common names goldenasters, camphorweed, or telegraph weed) is a genus of North American plants in the family Asteraceae."
Heuchera,"Heuchera ( HEW-kih-rə or  HOY-kih-rə) is a genus of largely evergreen perennial plants in the family Saxifragaceae, all native to North America."
Hevea,"Hevea is a genus of flowering plants in the spurge family, Euphorbiaceae, with about ten members."
Hexagrammidae,"Hexagrammidae, the greenlings, is a family of marine ray-finned fishes belonging to the suborder Cottoidei in the order Scorpaeniformes."
Hexagrammos,"Hexagrammos is a genus of marine ray-finned fishes belonging to the family Hexagrammidae, the greenlings."
Hexalectris,"Hexalectris (crested coralroot) is a genus of the family Orchidaceae, comprising 10 known species of fully myco-heterotrophic orchids."
Hexamita,Hexamita is a genus of parasitic diplomonads.
Hexanchus,"The sixgill sharks are a genus, Hexanchus, of deepwater sharks in the family Hexanchidae."
Hexapoda,The subphylum Hexapoda (from Greek for 'six legs') or hexapods comprises the largest clade of arthropods and includes most of the extant arthropod species.
Heyerdahl,Heyerdahl is a surname.
Heyse,Heyse is a surname of German origin.
Heyward,Heyward is a surname and given name.
Hezbollah,"Hezbollah (, ; Arabic: حزب الله, romanized: Ḥizbu 'llāh, lit. 'Party of Allah'  or 'Party of God') is a Lebanese Shia Islamist political party and militant group, led since 1992 by its Secretary-General Hassan Nasrallah."
Hezekiah,"Hezekiah (; Biblical Hebrew: חִזְקִיָּהוּ‎, romanized: Ḥīzqīyyāhū), or Ezekias (born c. 741 BCE, sole ruler c. 716/15–687/86), was the son of Ahaz and the 13th king of Judah according to the Hebrew Bible.In the biblical narrative, Hezekiah witnessed the destruction of the northern Kingdom of Israel by the Neo-Assyrian Empire under Sargon in c. 722 BCE and was king of Judah during the Assyrian siege of Jerusalem by Sennacherib in 701 BCE.Hezekiah enacted sweeping religious reforms, including a strict mandate for the sole worship of Yahweh and a prohibition on venerating other deities within the First Temple."
Hiawatha,"Hiawatha ( HY-ə-WOTH-ə, also US:  -⁠WAW-thə: Haiëñ'wa'tha [hajẽʔwaʔtha]), also known as Ayenwatha or Aiionwatha, was a precolonial Native American leader and cofounder of the Iroquois Confederacy."
Hibbertia,"Hibbertia, commonly known as guinea flowers, is a genus of flowering plants in the family Dilleniaceae."
Hibernia,Hibernia (Latin: [(h)ɪˈbɛr.n̪i.a]) is the Classical Latin name for Ireland.
Hidatsa,The Hidatsa are a Siouan people.
Hieracium,"Hieracium (),
known by the common name hawkweed and classically as hierakion (from ancient Greek ιεράξ, hierax 'hawk'), 
is a genus of flowering plant in the family Asteraceae, and closely related to dandelion (Taraxacum), chicory (Cichorium), prickly lettuce (Lactuca) and sow thistle (Sonchus),
which are part of the tribe Cichorieae."
Hieronymus,"Hieronymus, in English pronounced  or , is the Latin form of the Ancient Greek name Ἱερώνυμος (Hierṓnymos), meaning ""with a sacred name""."
Highness,"Highness (abbreviation HH, oral address Your Highness) is a formal style used to address (in second person) or refer to (in third person) certain members of a reigning or formerly reigning dynasty."
Higi,"Higi is a consumer health service that provides publicly accessible health stations, offers educational content and health risk tests and offers digital and home health tools."
Hildebrand,Hildebrand is a character from Germanic heroic legend.
Hill,A hill is a landform that extends above the surrounding terrain.
Hillel,"Hillel (Hebrew: הלל, lit. 'praise') is a Jewish masculine given name and a surname."
Himalayas,"The Himalayas, or Himalaya (; Sanskrit: [ɦɪmaːlɐjɐ]; from Sanskrit  himá 'snow, frost', and  ā-laya 'dwelling, abode'), is a mountain range in Asia, separating the plains of the Indian subcontinent from the Tibetan Plateau."
Himantoglossum,"Himantoglossum is a genus of orchids native to the Canary Islands, Europe, southwest Asia and northern Africa."
Hinault,Hinault is a surname.
Hinayana,"""Hīnayāna"" is a Sanskrit term  that was at one time applied collectively to the Śrāvakayāna and Pratyekabuddhayāna paths of Buddhism."
Hindi,"Modern Standard Hindi (Hindi: आधुनिक मानक हिन्दी, Ādhunik Mānak Hindī), commonly referred to as Hindi (Hindi: हिन्दी, Hindī), is an Indo-Aryan language spoken chiefly in North India, and serves as the lingua franca of the Hindi Belt region encompassing parts of northern, central, eastern, and western India."
Hinduism,"Hinduism () is an Indian religion or dharma, a religious and universal order or way of life by which followers abide."
Hindustan,"Hindūstān () is the Persian name for India, broadly referring to the Indian subcontinent."
Hipparchus,"Hipparchus (; Greek: Ἵππαρχος, Hipparkhos; c. 190 – c. 120 BC) was a Greek astronomer, geographer, and mathematician."
Hippobosca,Hippobosca is a genus of flies in the family Hippoboscidae.
Hippoboscidae,"Hippoboscidae, the louse flies or keds, are obligate parasites of mammals and birds."
Hippocampus,"The hippocampus (pl.: hippocampi; via Latin from Greek ἱππόκαμπος, 'seahorse') is a major component of the brain of humans and other vertebrates."
Hippocrates,"Hippocrates of Kos (; Greek: Ἱπποκράτης ὁ Κῷος, translit."
Hippocrepis,"Hippocrepis is a genus of flowering plants in the legume family, Fabaceae."
Hippoglossoides,Hippoglossoides is a genus of righteye flounders native to the North Pacific and North Atlantic oceans.
Hippoglossus,Hippoglossus is a genus of very large righteye flounders with one species native to the north Atlantic Ocean and one to the north Pacific Ocean.
Hippopotamidae,"Hippopotamidae is a family of stout, naked-skinned, and semiaquatic artiodactyl mammals, possessing three-chambered stomachs and walking on four toes on each foot."
Hipposideridae,The Hipposideridae are a family of bats commonly known as the Old World leaf-nosed bats.
Hipposideros,"Hipposideros is one of the most diverse genera of bats, with more than 70 species."
Hippotragus,"Hippotragus  is a genus of antelopes which includes two living and one recently extinct species, as well as some fossil relatives."
Hirohito,"Hirohito (29 April 1901 – 7 January 1989), posthumously honored as Emperor Shōwa, was the 124th emperor of Japan, reigning from 1926 until his death in 1989."
Hiroshima,"Hiroshima (広島市, Hiroshima-shi, , also UK: , US: , [çiɾoɕima] ) is the capital of Hiroshima Prefecture in Japan."
Hirudinidae,Hirudinidae is a family of leeches belonging to the order Arhynchobdellida.
Hirudo,Hirudo is a genus of leeches of the family Hirudinidae.
Hirundo,The bird genus Hirundo is a group of passerines in the family Hirundinidae (swallows and martins).
Hispanic,"The term Hispanic (Spanish: hispano) refers to people, cultures, or countries related to Spain, the Spanish language, or Hispanidad broadly."
Hispaniola,"Hispaniola (, also UK: ) is an island in the Caribbean that is part of the Greater Antilles."
Hitchings,Hitchings is a surname.
Hitchiti,Hitchiti ( hih-CHIH-tee) was a tribal town in what is now the Southeast United States.
Hoagland,Hoagland is an American surname derived from the Dutch surname Hoogland (Dutch pronunciation: [ˈɦoːxlɑnt]) or the Swedish Högland.
Hobart,"Hobart (  HOH-bart; Nuennonne/palawa kani: nipaluna) is the capital and most populous city of the island state of Tasmania, Australia."
Hodgkin,Hodgkin is a surname.
Hoffman,Hoffman is a surname of German  origin.
Hoffmann,Hoffmann is a German surname.
Hogan,"A hogan ( or ; from Navajo hooghan [hoːɣan]) is the primary, traditional dwelling of the Navajo people."
Hogmanay,"Hogmanay ( HOG-mə-nay, -⁠NAY, Scots: [ˌhɔɡməˈneː]) is the Scots word for the last day of the old year and is synonymous with the celebration of the New Year in the Scottish manner."
Hohenlinden,"Hohenlinden (meaning ""high linden trees""; colloquially: Linden; in the Bavarian dialect: Hea-lin) is a community in the Upper Bavarian district of Ebersberg."
Hoheria,Hoheria is a genus of six species of flowering plants in the family Malvaceae.
Hohhot,"Hohhot, formerly known as Kweisui or Guisui, is the capital of Inner Mongolia in the north of the People's Republic of China, serving as the region's administrative, economic and cultural center."
Hokkaido,"Hokkaido (Japanese: 北海道, Hepburn: Hokkaidō, pronounced [hokkaꜜidoː] ; lit. 'Northern Sea Circuit') is Japan's second largest island and comprises the largest and northernmost prefecture, making up its own region."
Hokusai,"Katsushika Hokusai (葛飾 北斎, c."
Holarrhena,Holarrhena is a genus of plant in the family Apocynaceae first described as a genus in 1810.
Holbrookia,"Holbrookia is a genus of earless lizards, known commonly as the lesser earless lizards, in the family Phrynosomatidae."
Holcus,Holcus (soft-grass or velvetgrass) is a genus of African and Eurasian plants in the oat tribe within the grass family.Holcus species are used as food plants by the larvae of some Lepidoptera species including Coleophora lixella.
Holland,Holland is a geographical region and former province on the western coast of the Netherlands.
Hollander,Hollander is a surname.
Holly,"Ilex () or holly is a genus of over 570 species of flowering plants in the family Aquifoliaceae, and the only living genus in that family."
Holocene,The Holocene () is the current geological epoch.
Holocentridae,"Holocentridae is a family of ray-finned fish, the only family of the order Holocentriformes."
Holocentrus,Holocentrus is a genus of squirrelfishes found in the Atlantic Ocean.
Holocephali,"Holocephali (""complete heads""), sometimes given the term Euchondrocephali, is a subclass of cartilaginous fish in the class Chondrichthyes."
Holofernes,"In the deuterocanonical Book of Judith, Holofernes (Ancient Greek: Ὀλοφέρνης; Hebrew: הולופרנס) was an invading Assyrian general known for having been beheaded by Judith, a Jewish widow who entered his camp and beheaded him while he was drunk."
Holothuria,"Holothuria is the type genus of the marine animal family Holothuriidae, part of the class Holothuroidea, commonly known as sea cucumbers."
Holstein,Holstein (German pronunciation: [ˈhɔlʃtaɪn] ; Northern Low Saxon: Holsteen; Danish: Holsten; Latin: Holsatia) is the region between the rivers Elbe and Eider.
Homarus,"Homarus is a genus of lobsters, which include the common and commercially significant species Homarus americanus (the American lobster) and Homarus gammarus (the European lobster)."
Homer,"Homer (; Ancient Greek: Ὅμηρος [hómɛːros], Hómēros; born c. 8th century BC) was a Greek poet who is credited as the author of the Iliad and the Odyssey, two epic poems that are foundational works of ancient Greek literature."
Hominidae,"The Hominidae (), whose members are known as the great apes or hominids (), are a taxonomic family of primates that includes eight extant species in four genera: Pongo (the Bornean, Sumatran and Tapanuli orangutan); Gorilla (the eastern and western gorilla); Pan (the chimpanzee and the bonobo); and Homo, of which only modern humans (Homo sapiens) remain.Numerous revisions in classifying the great apes have caused the use of the term hominid to change over time."
Homogyne,"Homogyne is a genus of flowering plants in the daisy family, Asteraceae."
Homoptera,"Homoptera is a suborder of order Hemiptera that is considered by some taxonomists to be paraphyletic, and therefore deprecated (obsolete)."
Honduras,"Honduras, officially the Republic of Honduras, is a country in Central America."
Honiara,"Honiara () is the capital and largest city of Solomon Islands, situated on the northwestern coast of Guadalcanal."
Honolulu,"Honolulu ( hah-nə-LOO-loo; Hawaiian: [honoˈlulu]) is the capital and most populous city of the U.S. state of Hawaii, which is in the Pacific Ocean."
Honshu,"Honshu (本州, Honshū, pronounced [hoꜜɰ̃ɕɯː] ; lit. 'main island'), historically called Akitsushima (秋津島, lit. 'Dragonfly island'), is the largest and most populous island of Japan."
Hoosier,Hoosier  is the official demonym for the people of the U.S. state of Indiana.
Hope,Hope is an optimistic state of mind that is based on an expectation of positive outcomes with respect to events and circumstances in one's life or the world at large.
Hopi,The Hopi are Native Americans who primarily live in northeastern Arizona.
Hopkins,"Hopkins is an English, Welsh and Irish patronymic surname."
Hopkinson,Hopkinson is a surname of English and Welsh origin.
Horace,"Quintus Horatius Flaccus (Classical Latin: [ˈkʷiːntʊs (h)ɔˈraːtiʊs ˈfɫakːʊs]; 8 December 65 BC – Unknown), commonly known in the English-speaking world as Horace (), was the leading Roman lyric poet during the time of Augustus (also known as Octavian)."
Hordeum,Hordeum is a genus of annual and perennial plants in the grass family.
Horneophyton,"Horneophyton is an extinct early plant which may form a ""missing link"" between the hornworts and the Rhyniopsida."
Horney,Horney is a surname.
Horowitz,"Horowitz (Hebrew: הוֹרוֹביץ, Yiddish: האָראָװיץ) is a Levitical Ashkenazi surname deriving from the Horowitz family, though it can also be a non-Jewish surname as well."
Horus,"Horus, also known as Heru, Har, Her or Hor in Ancient Egyptian, is one of the most significant ancient Egyptian deities who served many functions, most notably as god of kingship, healing, protection, the sun and the sky."
Hosea,"In the Hebrew Bible, Hosea ( or ; Hebrew: הוֹשֵׁעַ – Hōšēaʿ, 'Salvation'; Greek: Ὡσηέ – Hōsēé), also known as Osee, son of Beeri, was an 8th-century BCE prophet in Israel and the nominal primary author of the Book of Hosea."
Hosta,"Hosta (, syn."
Hoth,Hoth is an ice planet in the Star Wars fictional universe.
Hottonia,Hottonia is a genus of aquatic flowering plant in the family Primulaceae.
Houston,Houston ( ; HEW-stən) is the most populous city in the U.S. state of Texas and in the Southern United States.
Houttuynia,Houttuynia is a genus of two species in the Saururaceae native to Southeast Asia.
Houyhnhnm,Houyhnhnms are a fictional race of intelligent horses described in the last part of Jonathan Swift's satirical 1726 novel Gulliver's Travels.
Howard,"Howard is an English-language given name originating from Old French Huard (or Houard) from a Germanic source similar to Old High German *Hugihard ""heart-brave"", or *Hoh-ward, literally ""high defender; chief guardian""."
Hoyle,Hoyle is an English surname.
Hualapai,"The Hualapai (pronounced [walapaɪ], wa-la-peye, Walapai: Hwalbáy) is a federally recognized Native American tribe in Arizona with about 2300 enrolled members."
Huambo,"Huambo, formerly Nova Lisboa (English: New Lisbon), is the third-most populous city in Angola, after the capital city Luanda and Lubango, with a population of 595,304 in the city and a population of 713,134 in the municipality of Huambo (Census 2014)."
Hubel,"Hubel, Hübel or Huebel is a German language topographic surname, denoting a person who lived near a hill (Middle High German hübel ""hill"") and may refer to:"
Hudsonia,"Hudsonia (goldenheather, poverty grass) is a small genus of three species of flowering plants in the family Cistaceae, native to North America."
Hulsea,Hulsea is a small genus of North American flowering plants in the family Asteraceae known commonly as alpinegold.Alpinegolds are annual or perennial herbs native to western North America.
Humber,The Humber  is a large tidal estuary on the east coast of Northern England.
Humperdinck,Humperdinck or Humperdink is a surname.
Humulus,"Humulus, or hop, is a small genus of flowering plants in the family Cannabaceae."
Humvee,"The High Mobility Multipurpose Wheeled Vehicle (HMMWV; colloquial: Humvee) is a family of light, four-wheel drive, military trucks and utility vehicles produced by AM General."
Hunan,"Hunan (湖南, Xiang Chinese: [fu˩˧ lan˩˧], Mandarin: [xu˧˥ nan˧˥]) is a landlocked province of the People's Republic of China."
Hungary,Hungary (Hungarian: Magyarország [ˈmɒɟɒrorsaːɡ] ) is a landlocked country in Central Europe.
Hunkpapa,"The Hunkpapa (Lakota: Húŋkpapȟa) are a Native American group, one of the seven council fires of the Lakota tribe."
Hunnemannia,"Hunnemannia is a monotypic genus of flowering plants in the poppy family Papaveraceae, containing the single species Hunnemannia fumariifolia (tulip poppy or Mexican tulip poppy) native to the highlands of Mexico."
Hupa,"Hupa (Yurok language term: Huep'oola' / Huep'oolaa = ""Hupa people"") are a Native American people of the Athabaskan-speaking ethnolinguistic group in northwestern California."
Husain,"Husain, a variant spelling of Hussein, is a common Arabic name, especially among Muslims because of the status of Husayn ibn Ali, grandson of Mohammad.Notable people with the name include:"
Hussein,"Hussein, Hussain,, Hossain, Huseyn, Husayn, Husein, or Husain (; Arabic: حُسَيْن  Ḥusayn), coming from the triconsonantal root Ḥ-S-N  (Arabic: ح س ن), is an Arabic name which is the diminutive of Hassan, meaning ""good"", ""handsome"" or ""beautiful""."
Hutu,"The Hutu (), also known as the Abahutu, are a Bantu ethnic or social group which is native to the African Great Lakes region."
Huygens,"Huygens (also Huijgens, Huigens, Huijgen/Huygen, or Huigen) is a Dutch patronymic surname, meaning ""son of Hugo""."
Hyacinthoides,"Hyacinthoides  is a genus of flowering plants in the family Asparagaceae, known as bluebells."
Hyalophora,Hyalophora is a genus of moths in the family Saturniidae.
Hyalosperma,Hyalosperma is a genus of Australian flowering plants in the family Asteraceae.
Hybanthus,Hybanthus (green-violet) is a genus of flowering plants in the family Violaceae.
Hyderabad,"Hyderabad (  HY-dər-ə-bad; Telugu: [ˈɦaɪ̯daraːbaːd], Urdu: [ˈɦɛːdəɾaːbaːd]) is the capital and largest city of the Indian state of Telangana."
Hydnaceae,The Hydnaceae are a family of fungi in the order Cantharellales.
Hydnocarpus,Hydnocarpus is a genus of medium to large trees in the Family Achariaceae; the genus was previously placed in the now defunct family Flacourtiaceae.
Hydnum,Hydnum is a genus of fungi in the family Hydnaceae.
Hydrangeaceae,"Hydrangeaceae is a family of flowering plants in the order Cornales, with a wide distribution in Asia and North America, and locally in southeastern Europe."
Hydrocharis,Hydrocharis is a genus of aquatic plants in the family Hydrocharitaceae described as a genus by Carl Linnaeus in 1753.
Hydrocharitaceae,"Hydrocharitaceae is a flowering plant family including 16 known genera with a total of ca 135 known species (Christenhusz & Byng 2016), that including a number of species of aquatic plant, for instance the tape-grasses, the well known Canadian waterweed, and frogbit."
Hydrochoerus,"The genus Hydrochoerus contains two living and three extinct species of rodents from South America, the Caribbean island of Grenada, California and Panama."
Hydrodamalis,"Hydrodamalis is a genus of extinct herbivorous sirenian marine mammals, and included the Steller's sea cow (Hydrodamalis gigas), the Cuesta sea cow (Hydrodamalis cuestae), and the Takikawa sea cow (Hydrodamalis spissa)."
Hydromantes,"Hydromantes, commonly referred to as web-toed salamanders, is a genus of the lungless salamander family, Plethodontidae; they achieve respiration through their skin and the tissues lining their mouth."
Hydromys,Hydromys is a genus of semiaquatic rodents in the subfamily Murinae.
Hydrophyllum,Hydrophyllum is a genus of herbaceous perennial plants in the waterleaf family.
Hydrozoa,"Hydrozoa (hydrozoans; from Ancient Greek  ὕδωρ (húdōr) 'water', and  ζῷον (zôion) 'animal') is a taxonomic class of individually very small, predatory animals, some solitary and some colonial, most of which inhabit saline water."
Hydrus,Hydrus  is a small constellation in the deep southern sky.
Hygrocybe,Hygrocybe is a genus of agarics (gilled fungi) in the family Hygrophoraceae.
Hygrophoraceae,The Hygrophoraceae are a family of fungi in the order Agaricales.
Hygrophorus,Hygrophorus is a genus of agarics (gilled mushrooms) in the family Hygrophoraceae.
Hyla,Hyla is a genus of frogs in the tree frog family Hylidae.
Hylidae,"Hylidae is a wide-ranging family of frogs commonly referred to as ""tree frogs and their allies""."
Hylobates,The genus Hylobates  is one of the four genera of gibbons.
Hylocereus,"Hylocereus is a former genus of epiphytic cacti, often referred to as night-blooming cactus (though the term is also used for many other cacti)."
Hylophylax,Hylophylax is a genus of bird in the family Thamnophilidae.
Hymen,The hymen is a thin piece of mucosal tissue that surrounds or partially covers the vaginal opening.
Hymenaea,Hymenaea is a genus of plants in the legume family Fabaceae.
Hymenophyllaceae,"The Hymenophyllaceae, the filmy ferns and bristle ferns, are a family of two to nine genera (depending on classification system) and about 650 known species of ferns, with a subcosmopolitan distribution, but generally restricted to very damp places or to locations where they are wetted by spray from waterfalls or springs."
Hymenophyllum,Hymenophyllum is a genus of ferns in the family Hymenophyllaceae.
Hymenoptera,"Hymenoptera is a large order of insects, comprising the sawflies, wasps, bees, and ants."
Hynerpeton,"Hynerpeton ( lit. 'creeping animal from Hyner') is an extinct genus of early four-limbed vertebrate that lived in the rivers and ponds of Pennsylvania during the Late Devonian period, around 365 to 363 million years ago."
Hyoscyamus,"Hyoscyamus — known as the henbanes — is a small genus of flowering plants in the nightshade family, Solanaceae."
Hypatia,Hypatia (born c.
Hypentelium,Hypentelium is a genus of suckers found in eastern United States and Canada.
Hypericaceae,"Hypericaceae is a plant family in the order Malpighiales, comprising six to nine genera and up to 700 species, and commonly known as the St."
Hypericum,Hypericum  is a genus of flowering plants in the family Hypericaceae (formerly considered a subfamily of Clusiaceae).
Hyperoglyphe,Hyperoglyphe is a genus of medusafishes native to the Atlantic and Pacific oceans.
Hyphantria,Hyphantria is a genus of tiger moths in the family Erebidae.
Hypnos,"In Greek mythology, Hypnos (; Ancient Greek: Ὕπνος means 'sleep') also spelled Hypnus is the personification of sleep; the Roman equivalent is known as Somnus."
Hypochaeris,Hypochaeris is a genus of plants in the family Asteraceae.
Hypocreaceae,The Hypocreaceae are a family within the class Sordariomycetes.
Hypocreales,The Hypocreales are an order of fungi within the class Sordariomycetes.
Hypopachus,Hypopachus  is a genus of microhylid frogs (common name: sheep frogs) found in the Americas between Costa Rica and the southern United States.
Hypoxidaceae,"Hypoxidaceae is a family of flowering plants, placed in the order Asparagales of the monocots.The APG IV system of 2016 (unchanged from the 1998, 2003, and 2009 versions) recognizes this family."
Hypoxis,Hypoxis  is a  genus of flowering plants of the family Hypoxidaceae.
Hypsiglena,"Hypsiglena is a genus of small, rear-fanged, colubrid snakes commonly referred to as night snakes."
Hypsiprymnodon,Hypsiprymnodon is a genus of macropods.
Hyracotherium,"Hyracotherium ( HY-rək-o-THEER-ee-əm; ""hyrax-like beast"") is an extinct genus of very small (about 60 cm in length) perissodactyl ungulates that was found in the London Clay formation."
Hystricomorpha,"The term Hystricomorpha (from Greek ὕστριξ, hystrix 'porcupine' and Greek μορφή, morphē 'form') has had many definitions throughout its history."
IJssel,"The IJssel (Dutch: [ˈɛisəl] ; Dutch Low Saxon: Iessel(t) [ˈiːsl̩(t)]) is a Dutch distributary of the river Rhine that flows northward and ultimately discharges into the IJsselmeer (before the 1932 completion of the Afsluitdijk known as the Zuiderzee), a North Sea natural harbour."
IJsselmeer,"The IJsselmeer (Dutch: [ɛisəlˈmeːr]; West Frisian: Iselmar, Dutch Low Saxon: Iesselmeer), also known as Lake IJssel in English, is a closed-off inland bay in the central Netherlands bordering the provinces of Flevoland, North Holland and Friesland."
IOU,"An IOU (abbreviated from the phrase ""I owe you"") is usually an informal document acknowledging debt."
Iago,Iago () is a fictional character in Shakespeare's Othello (c.
Iapetus,"In Greek mythology, Iapetus (; eye-AP-ih-təs; Ancient Greek: Ἰαπετός, romanized: Iapetós), also Japetus, is a Titan, the son of Uranus and Gaia and father of Atlas, Prometheus, Epimetheus, and Menoetius."
Ibadan,"Ibadan (UK: , US: ; Yoruba: Ìbàdàn) is the capital and most populous city of Oyo State, in Nigeria."
Iberis,"Iberis , commonly called candytuft, is a genus of flowering plants belonging to the family Brassicaceae."
Icarus,"In Greek mythology, Icarus (; Ancient Greek: Ἴκαρος, romanized: Íkaros, pronounced [ǐːkaros]) was the son of the master craftsman Daedalus, the architect of the labyrinth of Crete."
Iceland,"Iceland (Icelandic: Ísland, pronounced [ˈistlant] ) is a Nordic island country between the North Atlantic and Arctic Oceans, on the Mid-Atlantic Ridge between North America and Europe."
Ichneumonidae,"The Ichneumonidae, also known as ichneumon wasps,  ichneumonid wasps, ichneumonids, or Darwin wasps, are a family of parasitoid wasps of the insect order Hymenoptera."
Ichthyosauria,"Ichthyosauria (Ancient Greek for ""fish lizard"" – Ancient Greek: ἰχθύς, romanized: ichthys, lit. 'fish' and Ancient Greek: σαῦρος, romanized: sauros, lit. 'lizard') is an order of large extinct marine reptiles sometimes referred to as ""ichthyosaurs,"" although the term is also used for wider clades that the order resides in."
Ichthyosauridae,"Ichthyosauridae is an extinct family of thunnosaur ichthyosaurs from the latest Triassic and Early Jurassic (Rhaetian to Pliensbachian stages) of Europe, and possibly also from the middle Early Cretaceous (Hauterivian or Barremian stage) of Iraq."
Ictalurus,Ictalurus is a genus of North American freshwater catfishes.
Ictiobus,"Ictiobus, also known as buffalofishes, buffalofish or simply buffalo, is a genus of freshwater fish native to North America, specifically the United States, Canada, Mexico, and Guatemala."
Ictonyx,Ictonyx is a genus in the family Mustelidae (weasels).
Idaho,Idaho (  EYE-də-hoh) is a state in the Mountain West subregion of the United States.
Ido,"Ido () is a constructed language derived from Reformed Esperanto, and similarly designed with the goal of being a universal second language for people of diverse backgrounds."
Igigi,Igigi are the mythological figures of heaven in the mythology of Mesopotamia.
Ignatius,Ignatius is a male given name and a surname.
Iguanidae,"The Iguanidae is a family of lizards composed of the iguanas, chuckwallas, and their prehistoric relatives, including the widespread green iguana."
Iguanodontidae,"Iguanodontidae is a family of iguanodontians belonging to Styracosterna, a derived clade within Ankylopollexia."
Iliad,"The Iliad (; Ancient Greek: Ἰλιάς, romanized: Iliás, Attic Greek: [iː.li.ás]; ""a poem about Ilium (Troy)"") is one of two major ancient Greek epic poems attributed to Homer."
Illampu,Illampu is the fourth highest mountain in Bolivia.
Illecebrum,Illecebrum is a monotypic genus in the family Caryophyllaceae.
Illicium,"Illicium is a genus of flowering plants treated as part of the family Schisandraceae, or alternately as the sole genus of the Illiciaceae."
Illimani,"Illimani (Aymara and Spanish pronunciation: [iʎiˈmani]) is the highest mountain in the Cordillera Real (part of the Cordillera Oriental, a subrange of the Andes) of western Bolivia."
Illinois,Illinois (  IL-in-OY) is a state in the Midwestern United States.
Illyria,"In classical antiquity, Illyria (; Ancient Greek: Ἰλλυρία, Illyría or Ἰλλυρίς, Illyrís; Latin: Illyria, Illyricum) was a region in the western part of the Balkan Peninsula inhabited by numerous tribes of people collectively known as the Illyrians."
Impressionism,"Impressionism was a 19th-century art movement characterized by relatively small, thin, yet visible brush strokes, open composition, emphasis on accurate depiction of light in its changing qualities (often accentuating the effects of the passage of time), ordinary subject matter, unusual visual angles, and inclusion of movement as a crucial element of human perception and experience."
Inanna,"Inanna is the ancient Mesopotamian goddess of love, war, and fertility."
Incarnation,Incarnation literally means embodied in flesh or taking on flesh.
Incheon,"Incheon (Korean: 인천; Hanja: 仁川; Korean pronunciation: [intɕʰʌ̹n]; or Inch'ŏn; literally ""kind river""), formerly Jemulpo or Chemulp'o (제물포) until the period after 1910, officially the Incheon Metropolitan City (인천광역시, 仁川廣域市), is a city located in northwestern South Korea, bordering Seoul and Gyeonggi to the east."
Inconel,"Inconel is a nickel-chromium-based superalloy often utilized in extreme environments where components are subjected to high temperature, pressure or mechanical loads."
Independence,"Independence is a condition of a nation, country, or state, in which residents and population, or some portion thereof, exercise self-government, and usually sovereignty, over its territory."
India,"India, officially the Republic of India (ISO: Bhārat Gaṇarājya), is a country in South Asia."
Indiana,Indiana ( ) is a U.S. state in the Midwestern United States.
Indianapolis,"Indianapolis ( IN-dee-ə-NAP-ə-lis), colloquially known as Indy, is the capital and most populous city of the U.S. state of Indiana and the seat of Marion County."
Indigirka,"The Indigirka (Russian: Индиги́рка; Yakut: Индигиир, romanized: Indigiir) is a river in the Sakha Republic in Russia between the Yana to the west and the Kolyma to the east."
Indigofera,Indigofera is a large genus of over 750 species of flowering plants belonging to the pea family Fabaceae.
Indonesia,"Indonesia, officially the Republic of Indonesia, is a country in Southeast Asia and Oceania between the Indian and Pacific oceans."
Indra,Indra (; Sanskrit: इन्द्र) is the king of the devas (deities) and Svarga (heaven) in Hinduism.
Indriidae,The Indriidae (sometimes incorrectly spelled Indridae) are a family of strepsirrhine primates.
Infusoria,"Infusoria is a word used to describe various freshwater microorganisms, including ciliates, copepods, euglenoids, planktonic crustaceans, protozoa, unicellular algae and small invertebrates."
Inge,Inge is a given name in various Germanic language-speaking cultures.
Innsbruck,Innsbruck (German: [ˈɪnsbʁʊk] ; Austro-Bavarian: Innschbruck [ˈɪnʃprʊk]) is the capital of Tyrol and the fifth-largest city in Austria.
Inquisition,"The Inquisition was a judicial procedure and a group of institutions within the Catholic Church whose aim was to combat heresy, conducting trials of suspected heretics."
Inquisitor,An inquisitor was an official (usually with judicial or investigative functions) in an inquisition – an organization or program intended to eliminate heresy and other things contrary to the doctrine or teachings of the Catholic faith.
Insectivora,"The order Insectivora (from Latin insectum ""insect"" and vorare ""to eat"") is a now-abandoned biological grouping within the class of mammals."
Interahamwe,The Interahamwe ( or [í.nɦêː.ɾɑ́.hɑ́.mŋe]) is a Hutu paramilitary organization active in the Democratic Republic of the Congo and Uganda.
Interlaken,Interlaken (German pronunciation: [ˈɪntərlakŋ̍]; lit.: between lakes) is a Swiss town and municipality in the Interlaken-Oberhasli administrative district in the canton of Bern.
Interlingua,Interlingua () is an international auxiliary language (IAL) developed between 1937 and 1951 by the American International Auxiliary Language Association (IALA).
Interpol,"The International Criminal Police Organization (ICPO; French: Organisation internationale de police criminelle; OIPC), commonly known as Interpol (UK:  IN-tər-pol, US:  -⁠pohl; stylised in allcaps), is an international organization that facilitates worldwide police cooperation and crime control."
Inuit,"Inuit (; Inuktitut: ᐃᓄᐃᑦ 'the people', singular: Inuk, ᐃᓄᒃ, dual: Inuuk, ᐃᓅᒃ; Iñupiaq: Iñuit 'the people'; Greenlandic: Inuit) are a group of culturally and historically similar Indigenous peoples traditionally inhabiting the Arctic and subarctic regions of North America, including Greenland, Labrador, Quebec, Nunavut, the Northwest Territories, Yukon (traditionally), Alaska, and Chukotsky District of Chukotka Autonomous Okrug, Russia."
Invar,"Invar, also known generically as FeNi36 (64FeNi in the US), is a nickel–iron alloy notable for its uniquely low coefficient of thermal expansion (CTE or α)."
Ionia,"Ionia ( eye-OH-nee-ə) was an ancient region on the western coast of Anatolia, to the south of present-day İzmir, Turkey."
Iowa,"Iowa ( , Lakota: Ayúȟwa) is a state in the upper Midwestern region of the United States, bordered by the Mississippi River to the east and the Missouri River and Big Sioux River to the west."
Iphigenia,"In Greek mythology, Iphigenia (; Ancient Greek: Ἰφιγένεια, Iphigéneia, [iːpʰiɡéneː.a]) was a daughter of King Agamemnon and Queen Clytemnestra, and thus a princess of Mycenae."
Ipomoea,"Ipomoea () is the largest genus in the plant family Convolvulaceae, with over 600 species."
Ipsus,"Ipsus or Ipsos (Ancient Greek: Ἴψος) or Ipsous (Ἴψους), was a town of ancient Phrygia a few miles below Synnada."
Iran,"Iran, also known as Persia and officially the Islamic Republic of Iran, is a country in West Asia."
Iraq,"Iraq, officially the Republic of Iraq, is a country in West Asia and in the geopolitical region known as the Middle East."
Ireland,"Ireland (  YRE-lənd; Irish: Éire [ˈeːɾʲə] ; Ulster-Scots: Airlann [ˈɑːrlən]) is an island in the North Atlantic Ocean, in north-western Europe."
Irenaeus,"Irenaeus (; Greek: Εἰρηναῖος Eirēnaios; c. 130 – c. 202 AD) was a Greek bishop noted for his role in guiding and expanding Christian communities in the southern regions of present-day France and, more widely, for the development of Christian theology by combating heterodox or Gnostic interpretations of Scripture as heresy and defining proto-orthodoxy."
Iresine,Iresine is a genus of flowering plants in the family Amaranthaceae.
Iridaceae,"Iridaceae () is a family of plants in order Asparagales, taking its name from the irises."
Iroquois,"The Iroquois ( IRR-ə-kwoy or  IRR-ə-kwah), also known as the Five Nations or the Six Nations and by the endonym Haudenosaunee ( HOH-din-oh-SHOH-nee; meaning ""people who are building the longhouse""), are an Iroquoian-speaking confederacy of Native Americans and First Nations peoples in northeast North America and Upstate New York."
Irtysh,"The Irtysh (Old Turkic: 𐰼𐱅𐰾:𐰇𐰏𐰕𐰏, romanized: Ertis ügüzüg, Mongolian: Эрчис мөрөн, Erchis mörön, ""erchleh"", ""twirl""; Russian: Иртыш; Kazakh: Ертіс, Ertis, ه‌رتىس; Chinese: 额尔齐斯河, pinyin: É'ěrqísī hé, Xiao'erjing: عَعَرٿِسِ حْ; Uyghur: إيرتيش, Әртиш, Ertish; Tatar: Иртеш, İrteş, ﻴﺋرتئش, Siberian Tatar: Эйәртеш, Eya’rtes’) is a river in Russia, China, and Kazakhstan."
Irvingia,"Irvingia is a genus of African and Southeast Asian trees in the family Irvingiaceae, sometimes known by the common names wild mango, African mango, bush mango, dika, mbukpap uyo  or ogbono."
Isaac,"Isaac is one of the three patriarchs of the Israelites and an important figure in the Abrahamic religions, including Judaism, Christianity, and Islam."
Isaiah,"Isaiah (UK:  or US: ; Hebrew: יְשַׁעְיָהוּ‎, Yəšaʿyāhū, ""Yahweh is Salvation""; also known as Isaias or Esaias from Greek: Ἠσαΐας) was the 8th-century BC Israelite prophet after whom the Book of Isaiah is named.Within the text of the Book of Isaiah, Isaiah is referred to as ""the prophet"", but the exact relationship between the Book of Isaiah and the actual prophet Isaiah is complicated."
Isatis,"Isatis is a genus of flowering plants in the family Brassicaceae, native to the Mediterranean region east to central Asia."
Ischia,"Ischia  ( ISK-ee-ə, Italian: [ˈiskja], Neapolitan: [ˈiʃkjə]) is a volcanic island in the Tyrrhenian Sea."
Ischigualastia,Ischigualastia is an extinct genus of large dicynodont therapsids that lived during the Late Carnian age and the Early Norian age of the Late Triassic Period.
Iseult,"Iseult (), alternatively Isolde () and other spellings, is the name of several characters in the legend of Tristan and Iseult."
Isfahan,"Isfahan (Persian: اصفهان, romanized: Esfahân [esfæˈhɒːn] ; also rendered as Ispahan or Esfahan) is a major city in the Central District of the Isfahan Province of Iran."
Ishmael,"Ishmael was the first son of Abraham, the common patriarch of the Abrahamic religions, through his wife Sara's handmaiden Hagar (Genesis 16:3)."
Isis,Isis was a major goddess in ancient Egyptian religion whose worship spread throughout the Greco-Roman world.
Islam,"Islam (; Arabic: ۘالِإسْلَام, al-ʾIslām, transl. 'Submission [to the will of God]') is an Abrahamic monotheistic religion centered on the Quran and the teachings of Muhammad, the religion's founder."
Islamabad,"Islamabad (; Urdu: اسلام‌آباد, romanized: Islāmābād, ; transl. 'City of Islam') is the capital city of the Islamic Republic of Pakistan."
Islamism,Islamism (also often called political Islam) is a religio-political ideology.
Islamophobia,"Islamophobia is the fear of, hatred of, or prejudice against the religion of Islam or Muslims in general, especially when seen as a geopolitical force or a source of terrorism.The scope and precise definition of the term Islamophobia is the subject of debate."
Islay,"Islay (  EYE-lə; Scottish Gaelic: Ìle, Scots: Ila) is the southernmost island of the Inner Hebrides of Scotland."
Isocrates,"Isocrates  (; Ancient Greek: Ἰσοκράτης [isokrátɛ̂ːs]; 436–338 BC) was an ancient Greek rhetorician, one of the ten Attic orators."
Isoetaceae,Isoetaceae is a family including living quillworts (Isoetes) and comparable extinct herbaceous lycopsids (Tomiostrobus).
Isoetales,"Isoetales, sometimes also written Isoëtales, is an order of plants in the class Lycopodiopsida."
Isoetes,"Isoetes, commonly known as the quillworts, is a genus of lycopod."
Isopoda,"Isopoda is an order of crustacean, which includes woodlice and their relatives."
Isopyrum,Isopyrum is a genus of flowering plants of the family Ranunculaceae native to Eurasia.
Israel,"Israel, officially the State of Israel, is a country in West Asia."
Israelites,"The Israelites (; Hebrew: בְּנֵי יִשְׂרָאֵל‎, Bənēy Yīsrāʾēl, transl. 'Children of Israel') were a group of Semitic-speaking tribes in the ancient Near East who, during the Iron Age, inhabited a part of Canaan.The name of Israel first appears in the Merneptah Stele of ancient Egypt, dated to about 1200 BCE. Modern archaeology suggests that the Israelites branched out from the Canaanites through the development of Yahwism, a distinct monolatristic—and later monotheistic—religion centred on the national god Yahweh."
Issachar,"Issachar (Hebrew: יִשָּׂשכָר, Modern: Yīssaḵar, Tiberian: Yīśśāḵār, ""There is reward"") was, according to the Book of Genesis, the fifth of the six sons of Jacob and Leah (Jacob's ninth son), and the founder of the Israelite Tribe of Issachar."
Istanbul,"Istanbul (Turkish: İstanbul) is the largest city in Turkey, serving as the country's economic, cultural and historic hub."
Isurus,"Isurus (meaning ""equal tail"") is a genus of mackerel sharks in the family Lamnidae, commonly known as the mako sharks."
Italy,"Italy (Italian: Italia, Italian: [iˈtaːlja] ), officially the Italian Republic (Italian: Repubblica Italiana, Italian: [reˈpubblika itaˈljaːna]), is a country in Southern and Western Europe."
Ivanov,"Ivanov, Ivanoff or Ivanow (masculine, Bulgarian: Иванов, Russian: Иванов), or Ivanova (feminine, Bulgarian: Иванова, Russian: Иванова) is one of the most common surnames in Russia and Bulgaria."
Ives,Ives is both a surname and a given name.
Ixia,Ixia is a genus of cormous plants native to South Africa from the family Iridaceae.
Ixobrychus,"Ixobrychus is a genus of bitterns, a group of wading bird in the heron family Ardeidae."
Ixodes,Ixodes is a genus of hard-bodied ticks (family Ixodidae).
Ixodidae,"The Ixodidae are the family of hard ticks or scale ticks, one of the three families of ticks, consisting of over 700 species."
Iyar,"Iyar (Hebrew: אִייָר‎ or אִיָּר‎, Standard ʾĪyyar Tiberian ʾĪyyār; from Akkadian: 𒌗𒄞 itiayari ""rosette; blossom"") is the eighth month of the civil year (which starts on 1 Tishrei) and the second month of the Jewish religious year (which starts on 1 Nisan) on the Hebrew calendar."
Izanagi,"Izanagi (イザナギ/伊邪那岐/伊弉諾) or Izanaki (イザナキ), formally referred to with a divine honorific as
Izanagi-no-Mikoto (伊邪那岐命/伊弉諾尊, meaning ""He-who-invites"" or the ""Male-who-invites""), is the creator deity (kami) of both creation and life in Japanese mythology."
Izanami,"Izanami (イザナミ), formally referred to with the honorific Izanami-no-Mikoto (伊弉冉尊/伊邪那美命, meaning ""She-who-invites"" or the ""Female-who-invites""), is the creator deity of both creation and death in Japanese mythology, as well as the Shinto mother goddess."
Jabalpur,"Jabalpur, formerly Jubbulpore, is a city situated on the banks of Narmada River in the state of Madhya Pradesh, India."
Jacob,"Jacob (; Hebrew: יַעֲקֹב, Modern: , Tiberian: Yaʿăqōḇ; Arabic: يَعْقُوب, romanized: Yaʿqūb; Greek: Ἰακώβ, romanized: Iakṓb), later given the name Israel, is regarded as a patriarch of the Israelites and is an important figure in Abrahamic religions, such as Judaism, Samaritanism, Christianity, and Islam."
Jacquinia,"Jacquinia is a genus of evergreen shrubs and trees in the family Primulaceae, native to Central America and the Caribbean."
Jaculus,"The jaculus (or iaculus, pl."
Jaffa,"Jaffa (Hebrew: יָפוֹ, romanized: Yāfō, pronounced [jaˈfo] ; Arabic: يَافَا, romanized: Yāfā, pronounced [ˈjaːfaː]), also called Japho or Joppa in English, is an ancient Levantine port city founded by the Canaanites that is now part of southern Tel Aviv, Israel."
Jagannath,"Jagannatha (Odia: ଜଗନ୍ନାଥ, romanized: Jagannātha, lit. 'Lord of the Universe'; formerly English: Juggernaut) is a deity worshipped in regional Hindu traditions in India as part of a triad along with his brother Balabhadra, and sister, Subhadra."
Jagger,Jagger is an English surname.
Jainism,"Jainism (JAY-niz-əm), also known as Jain Dharma, is an Indian religion."
Jakarta,"Jakarta (; Indonesian pronunciation: [dʒaˈkarta] , Betawi: Jakarté), officially the Special Capital Region of Jakarta (Indonesian: Daerah Khusus Ibukota Jakarta, abbr."
Jalalabad,Jalalabad (; جلال آباد [d͡ʒä.lɑː.lɑː.bɑːd̪]) is the fifth-largest city of Afghanistan.
Jamaica,"Jamaica ( ; Jamaican Patois: Jumieka, [dʒʌˈmi̯eka]) is an island country situated in the Caribbean Sea."
Jamesonia,Jamesonia is a genus of ferns in the subfamily Pteridoideae of the family Pteridaceae.
Janissary,"A janissary (Ottoman Turkish: یڭیچری, romanized: yeŋiçeri, [jeniˈtʃeɾi], lit. 'new soldier') was a member of the elite infantry units that formed the Ottoman Sultan's household troops."
Jansenism,"Jansenism was an early modern theological movement within Catholicism, primarily active in the Kingdom of France, that arose in an attempt to reconcile the theological concepts of free will and divine grace."
January,January is the first month of the year in the Julian and Gregorian calendars.
Janus,"In ancient Roman religion and myth, Janus ( JAY-nəs; Latin: Ianvs [ˈi̯aːnʊs]) is the god of beginnings, gates, transitions, time, duality, doorways, passages, frames, and endings."
Jap,"Jap is an English slur abbreviation of the word ""Japanese""."
Japan,"Japan (Japanese: 日本, [ɲihoɴ] , Nippon or Nihon, and formally 日本国, Nippon-koku or Nihon-koku) is an island country in East Asia."
Japheth,"Japheth  (Hebrew: יֶפֶת Yép̄eṯ, in pausa יָפֶת‎ Yā́p̄eṯ; Greek: Ἰάφεθ Iápheth; Latin: Iafeth, Iapheth, Iaphethus, Iapetus) is one of the three sons of Noah in the Book of Genesis, in which he plays a role in the story of Noah's drunkenness and the curse of Ham, and subsequently in the Table of Nations as the ancestor of the peoples of the Aegean Sea, Anatolia, and elsewhere."
Jason,"Jason ( JAY-sən; Greek: Ἰάσων, translit."
Jaspers,Jaspers is a Dutch patronymic surname (Jasper's).
Jatropha,"Jatropha is a genus of flowering plants in the spurge family, Euphorbiaceae."
Java,Java is one of the Greater Sunda Islands in Indonesia.
Javan,"Javan (Hebrew: יָוָן‎, Modern: Yavan, Tiberian: Yāwān) was the fourth son of Noah's son Japheth according to the ""Generations of Noah"" (Book of Genesis, chapter 10) in the Hebrew Bible."
Jay,"A jay is a member of a number of species of medium-sized, usually colorful and noisy, passerine birds in the crow family, Corvidae."
Jeddah,"Jeddah (English:  JED-ə), alternatively transliterated as Jedda, Jiddah or Jidda ( JID-ə; Arabic: جِدَّة‎, romanized: Jidda, Hejazi Arabic pronunciation: [ˈ(d)ʒɪd.da]), is a port city in Makkah Province, Saudi Arabia, located along the Red Sea coast in the Hejaz region."
Jeffers,Jeffers is a surname.
Jehovah,"Jehovah () is a Latinization of the Hebrew יְהֹוָה‎ Yəhōwā, one vocalization of the Tetragrammaton יהוה‎ (YHWH), the proper name of the God of Israel in the Hebrew Bible/Old Testament."
Jena,Jena (German pronunciation: [ˈjeːna] ) is a city in Germany and the second largest city in Thuringia.
Jeremiah,"Jeremiah (c. 650 – c. 570 BC), also called Jeremias or the ""weeping prophet"", was one of the major prophets of the Hebrew Bible."
Jericho,Jericho ( JERR-ik-oh; Arabic: أريحا Arīḥā [ʔaˈriːħaː] ; Hebrew: יְרִיחוֹ Yərīḥō) is a city in the West Bank; it is the administrative seat of the Jericho Governorate of the State of Palestine.
Jeroboam,"Jeroboam I (; Hebrew: יָרָבְעָם‎ Yārŏḇʿām;  Greek: Ἱεροβοάμ, romanized: Hieroboám) was, according to the Hebrew Bible, the first king of the northern Kingdom of Israel following a revolt of the ten tribes against Rehoboam that put an end to the United Monarchy."
Jerome,"Jerome (; Latin: Eusebius Sophronius Hieronymus; Greek: Εὐσέβιος Σωφρόνιος Ἱερώνυμος; c. 342–347 – 30 September 420), also known as Jerome of Stridon, was an early Christian priest, confessor, theologian, translator, and historian; he is commonly known as Saint Jerome."
Jersey,"Jersey ( JUR-zee; Jèrriais: Jèrri [ʒɛri]), also known as the Bailiwick of Jersey, is an island country and self-governing British Crown Dependency near the coast of north-west France."
Jerusalem,"Jerusalem (; Hebrew: יְרוּשָׁלַיִם, [jeʁuʃaˈlajim] ; Arabic: القُدس al-Quds, pronounced [al.quds] , local pronunciation: [il.ʔuds]) is an ancient city in West Asia, on a plateau in the Judaean Mountains between the Mediterranean and the Dead Sea."
Jespersen,"Jespersen is a Danish and Norwegian patronymic surname that may refer to:


== People ==
Anna Jespersen (1895–1989), American geologist
Chris Jespersen (born 1983), Norwegian cross-country skier
Eric Jespersen (born 1961), Canadian sailor
Finn Varde Jespersen (1914–44), Norwegian orienteer
Helle Jespersen (born 1968), Danish competitive sailor
Karen Jespersen (born 1947), Danish politician
Knud Jespersen (1926–77), Danish politician
Mogens Jespersen (born 1949), Danish soccer player
Otto Jespersen (1860–1943), Danish linguist
Otto Jespersen (comedian) (born 1954), Norwegian comedian and satirist
Per Mathias Jespersen (1888–1964), Norwegian gymnast
Ralph Jespersen (1925–2016), Canadian dairyman and politician


== Other ==
Murders of Louisa Vesterager Jespersen and Maren Ueland, a 2018 crime that occurred in Morocco
Jespersen's Cycle, process of grammaticalization named in recognition of Otto Jespersen’s pioneering work


== See also ==
Jesperson
Jespersen v."
Jesus,"Jesus (c. 6 to 4 BC – AD 30 or 33), also referred to as Jesus Christ, Jesus of Nazareth, and many other names and titles, was a first-century Jewish preacher and religious leader."
Jeth,"Jeṭh (Shahmukhi: 	جیٹھ; Gurmukhi: ਜੇਠ) is a third month of the Punjabi calendar and the Nanakshahi calendar, which governs the activities within Sikhism."
Jevons,"Jevons may refer to:


== People ==
Frank Byron Jevons (1858–1936), British academic and philosopher
Frederic Jevons (born 1929), academic
Marshall Jevons, the name of a fictitious crime writer invented and used by William Breit and Kenneth G. Elzinga
Phil Jevons (born 1979), English football player
William Stanley Jevons (1835–1882), English economist and logician


== Other ==
Jevons paradox - an economic paradox where increased efficiency sometimes causes increased resource consumption."
Jezebel,"Jezebel (; Hebrew: אִיזֶבֶל, Modern: ʾĪzével, Tiberian: ʾĪzeḇel) was the daughter of Ithobaal I of Tyre and the wife of Ahab, King of Israel, according to the Book of Kings of the Hebrew Bible (1 Kings 16:31).According to the biblical narrative, Jezebel and her husband purged the Yahwist cult so that Baal and Asherah worship could be institutionalized."
Jirga,"A jirga (Pashto: جرګه, jərga) is an assembly of leaders that makes decisions by consensus according to Pashtunwali, the Pashtun social code."
Joachim,"Joachim (; Hebrew: יהויקים Yəhōyāqīm, ""he whom Yahweh has set up""; Greek: Ἰωακείμ, romanized: Iōākeím) was, according to Christian tradition, the husband of Saint Anne, the father of Mary, the mother of Jesus, and the maternal grandfather of Jesus."
Jocasta,"In Greek mythology, Jocasta (), also rendered Iocaste (Ancient Greek: Ἰοκάστη Iokástē [i.okástɛː]) and also known as Epicaste (; Ἐπικάστη Epikástē), was a daughter of Menoeceus, a descendant of the Spartoi Echion, and queen consort of Thebes."
Johannesburg,"Johannesburg ( joh-HAN-iss-burg, US also  -⁠HAHN-, Afrikaans: [jʊəˈɦanəsbœrχ]; Zulu and Xhosa: eGoli [ɛˈɡɔːli]) (colloquially known as Jozi, Joburg, Jo'burg or ""The City of Gold"") is the most populous city in South Africa with 4,803,262 people, and is classified as a megacity; it is one of the 100 largest urban areas in the world."
Johnny,Johnny is an English language personal name.
Johnson,"Johnson is a surname of Anglo-Norman origin meaning ""Son of John""."
Joliot,Joliot is a surname.
Jolson,Jolson is a musical with a book by Francis Essex and Rob Bettinson and a score composed of tunes by some of the all-time greatest songwriters of Tin Pan Alley.
Jonah,"Jonah or Jonas (Hebrew: יוֹנָה Yōnā, lit. 'dove') is a prophet in the Hebrew Bible, hailing from Gath-hepher in the Kingdom of Israel around the 8th century BCE. He is the central figure of the Book of Jonah, which details his reluctance in delivering the judgment of Yahweh unto the city of Nineveh (near present-day Mosul) in Assyria."
Jonson,"Jonson is a surname, a patronymic of Jon."
Jordan,"Jordan (Arabic: الأردن, romanized: al-ʾUrdunn [al.ʔur.dunː]), officially the Hashemite Kingdom of Jordan, is a country in West Asia."
Joseph,"Joseph is a common male given name, derived from the Hebrew Yosef (יוֹסֵף‎)."
Josephus,"Flavius Josephus (; Greek: Ἰώσηπος, Iṓsēpos; c."
Joshua,"Joshua (), also known as Yehoshua (Hebrew: יְהוֹשֻׁעַ‎ Yəhōšuaʿ,‍ Tiberian: Yŏhōšuaʿ, lit."
Josue,"Josue (or Josué) is a name, a variant of the name Joshua."
Joule,"The joule (pronounced , JOOL or  JOWL; symbol: J) is the unit of energy in the International System of Units (SI)."
Judaism,Judaism (Hebrew: יַהֲדוּת‎ Yahăḏūṯ) is the oldest Abrahamic religion.
Judea,"Judea or Judaea (;  Hebrew: יהודה, Modern: Yəhūda, Tiberian: Yehūḏā; Greek: Ἰουδαία, Ioudaía; Latin: Iudaea) is a mountainous region of the Levant."
Juggernaut,"A juggernaut ( ), in current English usage, is a literal or metaphorical force regarded as merciless, destructive, and unstoppable."
Juglandaceae,The Juglandaceae are a plant family known as the walnut family.
Juglandales,Juglandales is an order of flowering plants.
Juglans,"Walnut trees are any species of tree in the plant genus Juglans, the type genus of the family Juglandaceae, the seeds of which are referred to as walnuts."
July,July is the seventh month of the year in the Julian and Gregorian calendars.
Juncaceae,"Juncaceae is a family of flowering plants, commonly known as the rush family."
Juncaginaceae,"Juncaginaceae is a family of flowering plants, recognized by most taxonomists for the past few decades."
Juncus,"Juncus is a genus of monocotyledonous flowering plants, commonly known as rushes."
June,June is the sixth month of the year in the Julian and Gregorian calendars.
Jungermanniaceae,Jungermanniaceae is the namesake family of leafy liverworts.
Jungermanniales,Jungermanniales is the largest order of liverworts.
Junker,"Junker (Danish: Junker, German: Junker, Dutch: Jonkheer, English: Yunker, Norwegian: Junker, Swedish: Junker, Georgian: იუნკერი, Iunkeri) is a noble honorific, derived from Middle High German Juncherre, meaning 'young nobleman' or otherwise 'young lord' (derivation of jung and Herr)."
Junkers,"Junkers Flugzeug- und Motorenwerke AG (JFM, earlier JCO or JKO in World War I, English: Junkers Aircraft and Motor Works) more commonly Junkers [ˈjʊŋkɐs], was a major German aircraft and aircraft engine manufacturer."
Jupiter,Jupiter is the fifth planet from the Sun and the largest in the Solar System.
Jurassic,"The Jurassic ( juu-RASS-ik) is a geologic period and stratigraphic system that spanned from the end of the Triassic Period 201.4 million years ago (Mya) to the beginning of the Cretaceous Period, approximately 145 Mya."
Justice,"Justice, in its broadest sense, is the concept that individuals are to be treated in a manner that is equitable and fair.A society in which justice has been achieved would be one in which individuals receive what they ""deserve""."
Jute,"Jute is a long, rough, shiny bast fiber that can be spun into coarse, strong threads."
Jutland,Jutland (Danish: Jylland [ˈjyˌlænˀ])  is a peninsula of Northern Europe that forms the continental portion of Denmark and part of northern Germany.
Juvenal,"Decimus Junius Juvenalis (Latin: [ˈdɛkɪmʊs ˈjuːniʊs jʊwɛˈnaːlɪs]), known in English as Juvenal ( JOO-vən-əl), was a Roman poet active in the late first and early second century CE. He is the author of the collection of satirical poems known as the Satires."
Jynx,"Jynx, known in Japan as Rougela (ルージュラ, Rūjura), is a Pokémon species in Nintendo and Game Freak's Pokémon franchise."
KGB,"The Committee for State Security (CSS) (Russian: Комитет государственной безопасности (КГБ), romanized: Komitet gosudarstvennoy bezopasnosti (KGB), IPA: [kəmʲɪˈtʲed ɡəsʊˈdarstvʲɪn(ː)əj bʲɪzɐˈpasnəsʲtʲɪ] ) was the main security agency for the Soviet Union from 13 March 1954 until 3 December 1991."
Kaaba,"The Kaaba (Arabic: ٱلْكَعْبَة, romanized: al-Kaʿba, lit. 'the Cube', Arabic pronunciation: [al.ˈkaʕ.ba]), also spelled Ka'ba, Ka'bah or Kabah, sometimes referred to as al-Ka'ba al-Musharrafa (Arabic: ٱلْكَعْبَة ٱلْمُشَرَّفَة, romanized: al-Kaʿba l-Mušarrafa, lit. 'the Honored Ka'ba', Arabic pronunciation: [al.ˈkaʕ.ba‿l.mu.ˈʃar.ra.fa]), is a stone building at the center of Islam's most important mosque and holiest site, the Masjid al-Haram in Mecca, Saudi Arabia."
Kabbalah,"Kabbalah or Qabalah ( kə-BAH-lə, KAB-ə-lə; Hebrew: קַבָּלָה‎, romanized: Qabbālā, lit. 'reception, tradition') is an esoteric method, discipline and school of thought in Jewish mysticism."
Kabul,Kabul ( (Persian: کابل; Pashto: کابل); Pashto: [kɑˈbəl]; Dari: [kɑːˈbʊl]) is the capital and largest city of Afghanistan.
Kafir,"Kafir (Arabic: كافر, romanized: kāfir; plural كَافِرُونَ kāfirūna, كفّار kuffār or كَفَرَة kafarah; feminine كافرة kāfirah; feminine plural كافرات kāfirāt or كوافر kawāfir) is an Arabic term in Islam which, in the Islamic culture, refers to a person who disbelieves in God, denies his authority, or rejects the tenets of Islam; or simply all those who are not Muslims and do not believe in the guidance of the Islamic prophet Muhammad."
Kahn,Kahn is a surname of German origin.
Kaiser,"Kaiser is the German word for ""emperor"" (female, Kaiserin)."
Kakemono,"A kakemono (掛物, ""hanging thing""), more commonly referred to as a kakejiku (掛軸, ""hung scroll""), is a Japanese hanging scroll used to display and exhibit paintings and calligraphy inscriptions and designs mounted usually with silk fabric edges on a flexible backing, so that it can be rolled for storage."
Kalapuya,"The Kalapuya are a Native American people, which had eight independent groups speaking three mutually intelligible dialects."
Kali,"Kali (; Sanskrit: काली, IAST: Kālī) or Kalika is a major Hindu goddess associated with time, change, creation, power, destruction and death in Shaktism."
Kalimantan,Kalimantan (Indonesian pronunciation: [kaliˈmantan]) is the Indonesian portion of the island of Borneo.
Kalka,"Kalka is a town in the Panchkula district of Haryana, India."
Kalki,"Kalki (Sanskrit: कल्कि), also called Kalkin, is the prophesied tenth and final incarnation of the god Vishnu."
Kalotermes,"Kalotermes is a genus of 'drywood termites' belonging to the family Kalotermitidae, one of the most primitive families of termites."
Kalotermitidae,"Kalotermitidae is a family of termites, commonly known as drywood termites."
Kaluga,"Kaluga (Russian: Калу́га, IPA: [kɐˈɫuɡə]) is a city and the administrative center of Kaluga Oblast, Russia."
Kama,"Kama (Sanskrit: काम, IAST: kāma) is the concept of pleasure, enjoyment and desire in Hinduism, Buddhism, and Jainism."
Kamet,"Kamet (Hindi: कामेत) is the second-highest mountain in the Garhwal region of Uttarakhand, India, after Nanda Devi."
Kami,"Kami (Japanese: 神, [kaꜜmi]) are the deities, divinities, spirits, mythological, spiritual, or natural phenomena, or holy powers that are venerated in the Shinto religion."
Kampala,"Kampala (UK: , US: ) is the capital and largest city of Uganda."
Kananga,"Kananga, formerly known as Luluabourg or Luluaburg, is the capital city of the Kasai-Central Province in the Democratic Republic of the Congo and was the capital of the former Kasaï-Occidental Province."
Kanara,"Kanara or Canara, also known as Karavali is the historically significant stretch of land situated by the southwestern coast of India, alongside the Arabian Sea in the present-day Indian state of Karnataka."
Kandahar,"Kandahar (English: ; Pashto: کندهار, romanized: kandahār; Dari: قندهار, romanized: qandahār) is a city in Afghanistan, located in the south of the country on the Arghandab River, at an elevation of 1,010 m (3,310 ft)."
Kandy,"Kandy (Sinhala: මහනුවර Mahanuwara,  [mahanuʋərə]; Tamil: கண்டி Kandy,  [ˈkaɳɖi]) is a major city in Sri Lanka located in the Central Province."
Kannada,"Kannada (; ಕನ್ನಡ, IPA: [ˈkɐnːɐɖa]), previously also known as Canarese, is a Dravidian language spoken predominantly by the people of Karnataka in southwestern India, with minorities in all neighbouring states."
Kansas,Kansas ( ) is a state in the Midwestern United States.
Kaopectate,Kaopectate is an orally taken medication from  Arcadia Consumer Healthcare for the treatment of mild diarrhea.
Karachi,Karachi (; Urdu: کراچی; Sindhi: ڪراچي‎; IPA: [kəˈraːtʃi] ) is the capital city of the Pakistani province of Sindh.
Karakoram,"The Karakoram () is a mountain range in the disputed Kashmir region spanning the borders of Pakistan, China, and India,  with the northwestern extremity of the range extending to Afghanistan and Tajikistan."
Karbala,"Karbala or Kerbala ( KAR-bə-lə, US also  KAR-bə-LAH; Arabic: كَرْبَلَاء, romanized: Karbalāʾ, IPA: [karbaˈlaːʔ]) is a city in central Iraq, located about 100 km (62 mi) southwest of Baghdad, and a few miles east of Lake Milh, also known as Razzaza Lake."
Karelia,"Karelia (Karelian and Finnish: Karjala [ˈkɑrjɑlɑ]; Russian: Каре́лия, romanized: Kareliya [kɐˈrʲelʲɪjə], historically Коре́ла, Korela [kɐˈrʲelʲə]; Swedish: Karelen [kɑˈreːlen]) is an area in Northern Europe of historical significance for Russia (including the Soviet era), Finland, and Sweden."
Karnataka,"Karnataka (; ISO: Karnāṭaka, Kannada: [kɐɾˈnaːʈɐkɐ], also known as Karunāḍu), is a state in the southwestern region of India."
Karpov,Karpov (Russian: Ка́рпов) is a surname.
Kartikeya,"Kartikeya (Sanskrit: कार्त्तिकेय, romanized: Kārttikeya), also known as Skanda, Subrahmanya, Shanmukha (IAST: Ṣaṇmukha) and Murugan (Tamil: முருகன்), is the Hindu god of war."
Kashag,"The Kashag (Tibetan: བཀའ་ཤག ་, Wylie: bkaʼ-shag, ZYPY: Gaxag, Lhasa dialect: [ˈkáɕaʔ]; Chinese: 噶廈; pinyin: Gáxià) was the governing council of Tibet during the rule of the Qing dynasty and post-Qing period until the 1950s."
Kashmir,Kashmir (IPA: [kaʃmiːr]) is the northernmost geographical region of the Indian subcontinent.
Kastler,Kastler is a surname.
Kathmandu,"Kathmandu, officially Kathmandu Metropolitan City, is the capital and most populous city of Nepal with 845,767 inhabitants living in 105,649 households as of the 2021 Nepal census and 2.9 million people in its urban agglomeration."
Katowice,"Katowice (UK:  KAT-ə-VEET-sə, US:  KAHT-, Polish: [katɔˈvʲitsɛ] ; Silesian: Katowicy; German: Kattowitz, pronounced [ˈkatovɪt͡s] ; Yiddish: קאַטעוויץ, romanized: Kattevitz) is the capital city of the Silesian Voivodeship in southern Poland and the central city of the Upper Silesian metropolitan area."
Katsina,"Katsina, likely from ""Tamashek"" (meaning son or blood) or mazza (men) with ""inna"" (mother) is a Local Government Area and the capital city of Katsina State, in northern Nigeria.Located some 260 kilometres (160 mi) east of the city of Sokoto and 135 kilometres (84 mi) northwest of Kano, close to the border with Niger Republic, in 2016, Katsina's estimated population was estimated at 429,000.The city is the centre of an agricultural region production of groundnuts, cotton, hides, millet and guinea corn and also has mills for producing peanut oil and steel, it was also a center for large scale poultry farming of cows, goats, sheep and chickens."
Kauai,"Kauaʻi (Hawaiian: [kɐwˈwɐʔi]), anglicized as Kauai (English:  KOW-eye or  kah-WAH-ee), is geologically the second-oldest of the main Hawaiian Islands (after Niʻihau)."
Kaunas,"Kaunas (; Lithuanian: [ˈkɐʊˑnɐs] ; previously known in English as Kovno, also see other names) is the second-largest city in Lithuania after Vilnius, the fourth largest city in the Baltic States and an important centre of Lithuanian economic, academic, and cultural life."
Kaunda,Kaunda is an African surname that may refer to the following notable people:
Kazakhstan,"Kazakhstan, officially the Republic of Kazakhstan, is a landlocked country mostly in Central Asia, with a small part in Eastern Europe."
Kazan,"Kazan ( kə-ZAN, -⁠ZAHN; Russian: Казань, IPA: [kɐˈzanʲ]; Tatar: Казан, IPA: [qɑzan]) is the largest city and capital of Tatarstan, Russia."
Keble,Keble is both a surname and a given name.
Kelvin,"The kelvin, symbol K, is a unit of measurement for temperature."
Kendal,"Kendal, once Kirkby in Kendal or Kirkby Kendal, is a market town and civil parish in the Westmorland and Furness district of Cumbria, England."
Kendrew,Kendrew is a small settlement in Dr Beyers Naudé Local Municipality in the Eastern Cape province of South Africa.
Kennedia,Kennedia is a genus of thirteen species of flowering plants in the pea family Fabaceae and is endemic to Australia.
Kennelly,Kennelly is a surname.
Kent,"Kent is a county in the South East England region, the closest county to continental Europe."
Kentucky,"Kentucky (US:   kən-TUK-ee, UK:  ken-), officially the Commonwealth of Kentucky, is a state in the Southeastern region of the United States and one of several states considered a part of the Upland South."
Kenya,"Kenya, officially the Republic of Kenya (Swahili: Jamhuri ya Kenya), is a country in East Africa."
Kenyapithecus,Kenyapithecus wickeri is a fossil ape discovered by Louis Leakey in 1961 at a site called Fort Ternan in Kenya.
Kettering,"Kettering is a market and industrial town in the North Northamptonshire unitary authority area of Northamptonshire, England."
Khabarovsk,"Khabarovsk (Russian: Хабаровск [xɐˈbarəfsk] ) is the largest city and the administrative centre of Khabarovsk Krai, Russia, located 30 kilometers (19 mi) from the China–Russia border, at the confluence of the Amur and Ussuri Rivers, about 800 kilometers (500 mi) north of Vladivostok."
Khachaturian,"Khachaturian, Khachaturyan, Khachadurian or Khachatourian (Armenian: Խաչատուրյան) is an Armenian surname meaning ""cross bearer""."
Khalsa,"Khalsa (Punjabi: ਖ਼ਾਲਸਾ, Punjabi pronunciation: [ˈkʰaːlsaː], lit. 'to be pure'  or 'to be clear'  or 'to be free from'  or 'to be liberated') refers to both a community that considers Sikhism as its faith, as well as a special group of initiated Sikhs."
Khanty,"The Khanty (Khanty: ханти, hanti), also known in older literature as Ostyaks (Russian: остяки) are a Ugric Indigenous people, living in Khanty–Mansi Autonomous Okrug, a region historically known as ""Yugra"" in Russia, together with the Mansi."
Kharkiv,"Kharkiv (Ukrainian: Ха́рків, IPA: [ˈxɑrkiu̯] ), also known as Kharkov (Russian: Харькoв, IPA: [ˈxarʲkəf] ), is the second-largest city in Ukraine."
Khartoum,"Khartoum or Khartum (  kar-TOOM; Arabic: الخرطوم, romanized: Al-Khurṭūm, pronounced [al.xur.tˤuːm]) is the capital of Sudan."
Khaya,Khaya is a genus of five tree species in the mahogany family Meliaceae.
Khedive,"Khedive ( kə-DEEV; Ottoman Turkish: خدیو, romanized: hıdiv; Arabic: خديوي, romanized: khudaywī) was an honorific title of Classical Persian origin used for the sultans and grand viziers of the Ottoman Empire, but most famously for the viceroy of Egypt from 1805 to 1914.It is attested in Persian poetry from the 10th century and was used as an Ottoman honorific from the 16th."
Khoisan,"Khoisan  KOY-sahn, or Khoe-Sān (pronounced [kxʰoesaːn]), is a catch-all term for the indigenous peoples of Southern Africa who traditionally speak non-Bantu languages, combining the Khoekhoen (formerly ""Hottentots"") and the Sān peoples (formerly ""Bushmen"")."
Khowar,"Khowar (Khowar: کھووار زبان, romanized: khowār, IPA: [kʰɔːwaːr]), or Chitrali, is a Dardic language of Indo-Aryan language family primarily spoken in Chitral and surrounding areas in Pakistan.Khowar is the lingua franca of Chitral, and it is also spoken in the Gupis-Yasin and Ghizer districts of Gilgit-Baltistan, as well in the Upper Swat district.Speakers of Khowar have also migrated heavily to Pakistan's major urban centres, with Peshawar, Islamabad, Lahore and Karachi having significant populations."
Khufu,"Khufu or Cheops was an ancient Egyptian monarch who was the second pharaoh of the Fourth Dynasty, in the first half of the Old Kingdom period (26th century BC)."
Kigali,Kigali (Kinyarwanda pronunciation: [ci.ɡɑ́.ɾi]) is the capital and largest city of Rwanda.
Kiggelaria,"Kiggelaria africana (also known as the wild peach or umKokoko) is a large, robust, low-branching African tree, and is currently the only accepted species in the genus Kiggelaria.Despite its common name, Kiggelaria africana is not related to the more familiar fruit-producing peach tree (Prunus persica) although the leaves do look similar, if only very superficially."
Kinetoscope,"The Kinetoscope is an early motion picture exhibition device, designed for films to be viewed by one person at a time through a peephole viewer window."
King,King is the title given to a male monarch in a variety of contexts.
Kingmaker,"A kingmaker is a person or group that has great influence on a royal or political succession, without themselves being a viable candidate."
Kingstown,Kingstown (pronounced in English: [ˈkɪŋsˌtaʊn]) is the capital city of Saint Vincent and the Grenadines.
Kinosternidae,The Kinosternidae are a family of mostly small turtles that includes the mud turtles and musk turtles.
Kinosternon,Kinosternon is a genus of small aquatic turtles from the Americas known commonly as mud turtles.
Kinshasa,"Kinshasa (; French: [kinʃasa]; Lingala: Kinsásá), formerly named Léopoldville before June 30, 1966, is the capital and largest city of the Democratic Republic of the Congo."
Kinyarwanda,"Kinyarwanda, Rwandan or Rwanda, officially known as Ikinyarwanda, is a Bantu language and the national language of Rwanda."
Kiowa,Kiowa () or Ka'igwa (from their endonym Cáuigú IPA: [kɔ́j-gʷú]) people are a Native American tribe and an indigenous people of the Great Plains of the United States.
Kirchhoff,"Kirchhoff, Kirchoff or Kirchhoffer is a German surname."
Kirchner,"Kirchner, a surname of German origin, from the Middle High German word, 'kirchenaere' (English: 'sexton')."
Kiribati,"Kiribati (  KIRR-ih-BASS), officially the Republic of Kiribati (Gilbertese: [Ribaberiki] Kiribati), is an island country in the Micronesia subregion of Oceania in the central Pacific Ocean."
Kirkia,Kirkia is a genus of plant in family Kirkiaceae.
Kirkuk,"Kirkuk (Arabic: كركوك; Kurdish: کەرکووک, romanized: Kerkûk; Syriac: ܟܪܟܘܟ, romanized: Kerkouk; Turkish: Kerkük) is a city in Iraq, serving as the capital of the Kirkuk Governorate, located 238 kilometres (148 miles) north of Baghdad."
Kishar,"In the Babylonian epic Enuma Elish, Kishar (Akkadian: 𒆠𒊹, romanized: Kišar) is the daughter of Abzu and Lahmu, the first children of Tiamat and Abzu."
Kislev,"Kislev or Chislev (Hebrew: כִּסְלֵו‎, Standard Kīslev Tiberian Kīslēw), also 'Chisleu' in the King James (authorized English) Bible, is the third month of the civil year and the ninth month of the ecclesiastical year on the Hebrew calendar."
Kisumu,"Kisumu ( kee-SOO-moo) is the third-largest city in Kenya after the capital, Nairobi, and Mombasa."
Kitakyushu,"Kitakyushu (Japanese: 北九州市, Hepburn: Kitakyūshū-shi) is a city located in Fukuoka Prefecture, Japan."
Kivu,"Kivu was the name for a large ""region"" in the Democratic Republic of the Congo under the rule of Mobutu Sese Seko that bordered Lake Kivu."
Klaproth,Klaproth is a German surname.
Kleenex,Kleenex is a brand name for a line of paper-based facial tissues.
Kleist,"Kleist, or von Kleist, is a surname."
Klinefelter,"Klinefelter is a German surname, which is a variant of Kleinfelder."
Knesset,"The Knesset (Hebrew: הַכְּנֶסֶת, romanized: HaKnesset [haˈkneset] , Arabic: الكنيست, romanized: Al-Kinisit; lit."
Knightia,Knightia is an extinct genus of clupeid  bony fish that lived in the freshwater lakes and rivers of North America and Asia during the Eocene epoch.
Knossos,"Knossos (pronounced ; Ancient Greek: Κνωσσός, romanized: Knōssós, pronounced [knɔː.sós]; Linear B: 𐀒𐀜𐀰 Ko-no-so) is a Bronze Age archaeological site in Crete."
Knut,"Knut (Norwegian and Swedish), Knud (Danish), or Knútur (Icelandic) is a Scandinavian and German first name, of which the anglicised form is Canute."
Kobe,"Kobe ( KOH-bay, [koꜜːbe] ; officially 神戸市, Kōbe-shi) is the capital city of Hyōgo Prefecture, Japan."
Kochia,"Kochia  is a synonym of the genus Bassia, which belongs to the subfamily Camphorosmoideae of family Amaranthaceae.Two American species traditionally included in Kochia are now in genus Neokochia: Neokochia americana and Neokochia californica."
Kogia,Kogia is a genus of toothed whales within the superfamily Physeteroidea comprising two extant and two extinct species from the Neogene:
Kokka,Kokka (國華) (lit.
Kolam,"Kolam (Tamil: கோலம், Malayalam: കോലം, Kannada: ಕೋಲಂ, romanized: Kōlaṁ), also known as Muggu (Telugu: ముగ్గు), Tarai Alangaram (Tamil: தரை அலங்காரம்) and Rangoli (Kannada: ರಂಗೋಲಿ) is a form of traditional decorative art that is drawn by using rice flour as per age-old conventions."
Kolkata,"Kolkata (UK:  or , US: , Bengali: [kolˈkata] , IAST: Kōlkātā; also known as Calcutta  which was the official name until 2001) is the capital and largest city of the Indian state of West Bengal."
Kolonia,Kolonia is a coastal town and the capital of Pohnpei State in the Federated States of Micronesia (FSM).
Konoe,Konoe (written: 近衛 or 近衞) is a Japanese surname.
Konqueror,"Konqueror is a free and open-source web browser and file manager that provides web access and file-viewer functionality for file systems (such as local files, files on a remote FTP server and files in a disk image)."
Koopmans,"Koopmans  is a Dutch occupational surname meaning ""merchant's""."
Korda,Korda is a surname.
Kordofan,Kordofan (Arabic: كردفان Kurdufān) is a former province of central Sudan.
Korea,"Korea (Korean: 한국, Hanguk in South Korea or 조선, Joseon in North Korea) is a peninsular region in East Asia."
Kosovo,"Kosovo, officially the Republic of Kosovo, is a country in Southeast Europe with partial diplomatic recognition."
Kotex,"Kotex is an American  brand of menstrual hygiene products, which includes the Kotex maxi, thin and ultra thin pads, the Security tampons, and the Lightdays pantiliners."
Koussevitzky,Koussvitzky is a surname.
Krakatoa,"Krakatoa (), also transcribed Krakatau (), is a caldera in the Sunda Strait between the islands of Java and Sumatra in the Indonesian province of Lampung."
Krakau,"Krakau is a municipality in the district of Murau in Styria, Austria."
Krasner,Krasner is a surname.
Kraut,"Kraut is a German word recorded in English from 1918 onwards as an ethnic slur for a German, particularly a German soldier during World War I and World War II. Its earlier meaning in English was as a synonym for sauerkraut, a traditional Central and Eastern European food."
Krebs,"Krebs is the German and Danish word for ""crab"" and ""cancer"" (in German, both the zodiac sign and the disease; in Danish the latter is ""kræft"")."
Kreisler,Kreisler is a surname.
Kremlin,"The Moscow Kremlin (Russian: Московский Кремль, romanized: Moskovskiy Kreml', IPA: [mɐˈskofskʲɪj ˈkrʲemlʲ]), also simply known as the Kremlin, is a fortified complex in the center of Moscow."
Krishna,"Krishna (; Sanskrit: कृष्ण, IAST: Kṛṣṇa [ˈkr̩ʂɳɐ])  is a major deity in Hinduism."
Krishnaism,"Krishnaism is a term used in scholarly circles to describe large group of independent Hindu traditions—sampradayas related to Vaishnavism—that center on the devotion to Krishna as Svayam Bhagavan, Ishvara, Para Brahman,  who is the source of all reality, not an avatar of Vishnu."
Kronecker,Kronecker is a German surname.
Kruger,"Krüger, Krueger or Kruger (without the umlaut Ü) are German surnames originating from Krüger, meaning tavern-keeper in Low German and potter in Central German and Upper German, both associated with the Germanic word wikt:Krug, ""jug""."
Krupp,"The Krupp family (see pronunciation) is a prominent 400-year-old German dynasty from Essen, noted for its production of steel, artillery, ammunition and other armaments."
Kshatriya,"Kshatriya (Sanskrit: क्षत्रिय, romanized: Kṣatriya) (from Sanskrit kṣatra, ""rule, authority""; also called Rajanya) is one of the four varnas (social orders) of Hindu society and is associated with the warrior aristocracy."
Kuhn,Kuhn is a surname of German origin.
Kuiper,Kuiper is a Dutch occupational surname meaning cooper.
Kumasi,"Kumasi (historically spelled Comassie or Coomassie, usually spelled Kumase in Twi language) is a city in the Ashanti Region, and is among the largest metropolitan areas in Ghana."
Kuomintang,"The Kuomintang (KMT), also referred to as the Guomindang (GMD), the Nationalist Party of China (NPC) or the Chinese Nationalist Party (CNP), is a major political party in the Republic of China, initially based on the Chinese mainland and then in Taiwan since 1949."
Kurdistan,"Kurdistan (Kurdish: کوردستان, romanized: Kurdistan, lit. 'land of the Kurds'; [ˌkʊɾdɪˈstɑːn] ), or Greater Kurdistan, is a roughly defined geo-cultural region in West Asia wherein the Kurds form a prominent majority population and the Kurdish culture, languages, and national identity have historically been based."
Kursk,"Kursk (Russian: Курск, IPA: [ˈkursk]) is a city and the administrative center of Kursk Oblast, Russia, located at the confluence of the Kur, Tuskar, and Seym rivers."
Kuwait,"Kuwait ( ; Arabic: الكويت al-Kuwayt, Gulf Arabic pronunciation: [ɪl‿ɪkweːt] or [lɪkweːt]), officially the State of Kuwait (Arabic: دولة الكويت ), is a country in West Asia."
Kuznets,"Kuznets or Kusnets (Russian: Кузнец, meaning ""blacksmith"") is a gender-neutral Russian surname that may refer to:"
Kwanzaa,"Kwanzaa () is an annual celebration of African-American culture from December 26 to January 1, culminating in a communal feast called Karamu, usually on the sixth day."
Kyd,Kyd is a surname.
Kyoto,"Kyoto (; Japanese: 京都, Kyōto [kʲoꜜːto] ), officially Kyoto City (京都市, Kyōto-shi, [kʲoːtoꜜɕi] ), is the capital city of Kyoto Prefecture in Japan."
Kyphosus,"Kyphosus is a genus of sea chubs native to the Atlantic, Indian and Pacific oceans."
Kyrgyzstan,"Kyrgyzstan, officially the Kyrgyz Republic, is a landlocked country in Central Asia, lying in the Tian Shan and Pamir mountain ranges."
Kyushu,"Kyūshū (九州, Kyūshū, pronounced [kʲɯꜜːɕɯː] , lit."
L'Aquila,"L'Aquila ( LAK-wil-ə, Italian: [ˈlaːkwila] ; Neapolitan: [ˈlaːkwiːlə]) is a city and comune in central Italy."
LASIK,"LASIK or Lasik (laser-assisted in situ keratomileusis), commonly referred to as laser eye surgery or laser vision correction, is a type of refractive surgery for the correction of myopia, hyperopia, and an actual cure for astigmatism, since it is in the cornea."
LSD,"Lysergic acid diethylamide, commonly known as LSD (from German Lysergsäure-diethylamid), and known colloquially as acid or lucy is a potent psychedelic drug."
Labanotation,"Labanotation (grammatically correct form ""Labannotation"" or ""Laban notation"" is uncommon) is a system for analyzing and recording human movement (notation system), invented by Austro-Hungarian choreographer and dancer Rudolf von Laban (1879-1958, a central figure in European modern dance), who developed his notation on movements in the 1920s."
Lablab,Lablab purpureus is a species of bean in the family Fabaceae.
Labrador,Labrador ( LAB-rə-dor) is a geographic and cultural region within the Canadian province of Newfoundland and Labrador.
Laburnum,"Laburnum, sometimes called golden chain or golden rain, is a genus of two species of small trees in the subfamily Faboideae of the pea family Fabaceae."
Labyrinthodontia,"""Labyrinthodontia"" (Greek, 'maze-toothed') is an informal grouping of extinct predatory amphibians which were major components of ecosystems in the late Paleozoic and early Mesozoic eras (about 390 to 150 million years ago)."
Laccopetalum,Laccopetalum is a monotypic genus of flowering plants in the family Ranunculaceae.
Lacerta,Lacerta is one of the 88 modern constellations defined by the International Astronomical Union.
Lacertidae,"The Lacertidae are the family of the wall lizards, true lizards, or sometimes simply lacertas, which are native to Afro-Eurasia."
Lachaise,Lachaise (French pronunciation: [laʃɛz]) is a commune in the Charente department in southwestern France.
Lachesis,"Lachesis ( LAK-iss-iss; Ancient Greek: Λάχεσις, romanized: Lákhesis, lit. 'disposer of lots'; from λαγχάνω lanchánō, 'to obtain by lot, by fate, or by the will of the gods'), in ancient Greek religion, was the middle of the Three Fates, or Moirai; the others were her sisters, Clotho and Atropos."
Laconia,"Laconia or Lakonia (Greek: Λακωνία, Lakonía, [lakoˈni.a]) is a historical and administrative region of Greece located on the southeastern part of the Peloponnese peninsula."
Lactarius,"Lactarius is a genus of mushroom-producing, ectomycorrhizal fungi, containing several edible species."
Lactobacillaceae,The Lactobacillaceae are a family of lactic acid bacteria.
Lactophrys,Lactophrys is a genus of boxfishes native to the western Atlantic Ocean.
Lactuca,"Lactuca, commonly known as lettuce, is a genus of flowering plants in the family Asteraceae."
Lady,"The word lady is a term for a girl or woman, with various connotations."
Laertes,"In Greek mythology, Laertes (; Ancient Greek: Λαέρτης, romanized: Laértēs Greek pronunciation: [laː.ér.tɛːs]; also spelled Laërtes) was the king of the Cephallenians, an ethnic group who lived both on the Ionian islands and on the mainland, which he presumably inherited from his father Arcesius and grandfather Cephalus."
Lagenaria,Lagenaria is a genus of gourd-bearing vines in the squash family (Cucurbitaceae).
Lagerstroemia,"Lagerstroemia (), commonly known as crape myrtle (also spelled crepe myrtle or crêpe myrtle), is a genus of around 50 species of deciduous and evergreen trees and shrubs native to the Indian subcontinent, southeast Asia, northern Australia, and other parts of Oceania, cultivated in warmer climates around the world."
Lagidium,Lagidium is a genus of rodents in the family Chinchillidae.
Lagodon,"Lagodon is a genus of saltwater fish in the family Sparidae, the breams and porgies."
Lagomorpha,"The lagomorphs () are the members of the taxonomic order Lagomorpha, of which there are two living families: the Leporidae (rabbits and hares) and the Ochotonidae (pikas)."
Lagopus,Lagopus is a small genus of birds in the grouse subfamily commonly known as ptarmigans ().
Lagorchestes,"Lagorchestes is a genus of small, rabbit-like mammals commonly known as hare-wallabies."
Lagos,"Lagos  ( LAY-goss; also US:  LAH-gohss; Yoruba: Èkó) or Lagos City is the most populous city in Nigeria, with an estimated population of 21 million in 2015."
Lagostomus,Lagostomus is a South American genus of rodents in the family Chinchillidae.
Laguncularia,Laguncularia is a genus of plants in the family Combretaceae.
Lahore,Lahore ( lə-HOR; Punjabi: لاہور [ˈlaːɾə̆]; Urdu: لاہور [laːˈɦɔːɾ] ) is the capital and largest city of the Pakistani province of Punjab.
Laius,"In Greek mythology, King Laius ( L(A)Y-əs) or Laios (Ancient Greek: Λάϊος, romanized: Láïos) of Thebes was a key personage in the Theban founding myth."
Lakshmi,"Lakshmi (; Sanskrit: लक्ष्मी, IAST: Lakṣmī, sometimes spelled Laxmi, lit. 'she who leads to one's goal') also known as Shri (Sanskrit: श्री, IAST: Śrī, lit. 'Noble'), is one of the principal goddesses in Hinduism."
Lallans,"Lallans (; a variant of the Modern Scots word lawlands [ˈlo̜ːlən(d)z, ˈlɑːlənz] meaning the lowlands of Scotland), is a term that was traditionally used to refer to the Scots language as a whole."
Lama,"Lama (Tibetan: བླ་མ་, Wylie: bla-ma; ""boss"") is a title for a teacher of the Dharma in Tibetan Buddhism."
Lamarckism,"Lamarckism, also known as Lamarckian inheritance or neo-Lamarckism, is the notion that an organism can pass on to its offspring physical characteristics that the parent organism acquired through use or disuse during its lifetime."
Lambertia,"Lambertia is a genus of flowering plants, belonging to the family Proteaceae."
Lambis,"Lambis is a genus of large sea snails sometimes known as spider conchs, marine gastropod mollusks in the family Strombidae, the true conch family."
Lamiaceae,"The Lamiaceae ( LAY-mee-AY-see-ee, -⁠eye)
or Labiatae are a family of flowering plants commonly known as the mint, deadnettle or sage family."
Laminaria,"Laminaria is a genus of brown seaweed in the order Laminariales (kelp), comprising 31 species native to the north Atlantic and northern Pacific Oceans."
Laminariaceae,"Laminariaceae is a family of brown algal seaweeds, many genera of which are popularly called ""kelp""."
Lamium,"Lamium (dead-nettles) is a genus of about 30 species of flowering plants in the family Lamiaceae, of which it is the type genus."
Lammas,"Lammas (from Old English hlāfmæsse, ""loaf-mass""), also known as Loaf Mass Day, is a Christian holiday celebrated in some English-speaking countries in the Northern Hemisphere on 1 August."
Lamna,"Lamna is a genus of mackerel sharks in the family Lamnidae, containing two extant species: the porbeagle (L. nasus) of the North Atlantic and Southern Hemisphere, and the salmon shark (L. ditropis) of the North Pacific."
Lamnidae,The Lamnidae are the family of mackerel sharks known as white sharks.
Lanai,"Lanai (Hawaiian: Lānaʻi, Hawaiian: [laːˈnɐʔi, naːˈnɐʔi], , also US: ,) is the sixth-largest of the Hawaiian Islands and the smallest publicly accessible inhabited island in the chain."
Lancashire,"Lancashire ( LAN-kə-shər,  -⁠sheer; abbreviated Lancs) is a ceremonial county in North West England."
Lancelot,"Lancelot du Lac (French for Lancelot of the Lake), also written as Launcelot and other variants, is a character in some versions of Arthurian legend where he is typically depicted as King Arthur's close companion and one of the greatest Knights of the Round Table."
Land,"Land, also known as dry land, ground, or earth, is the solid terrestrial surface of Earth not submerged by the ocean or another body of water."
Landau,"Landau (Palatine German: Landach), officially Landau in der Pfalz (German pronunciation: [ˈlandaʊ ɪn deːɐ ˈpfalts]), is an autonomous (kreisfrei) town surrounded by the Südliche Weinstraße (""Southern Wine Route"") district of southern Rhineland-Palatinate, Germany."
Landsteiner,Landsteiner is a surname.
Langside,Langside is a district in the Scottish city of Glasgow.
Lanius,"Lanius, the typical shrikes, are a genus of passerine birds in the shrike family Laniidae."
Lanzhou,"Lanzhou (UK: , US: ; simplified Chinese: 兰州; traditional Chinese: 蘭州; pinyin: Lánzhōu) is the capital and largest city of the Chinese province of Gansu, located in the northwest of the country."
Laos,"Laos ( ), officially the Lao People's Democratic Republic (Lao PDR or LPDR), is the only landlocked country in Southeast Asia."
Laportea,Laportea is a genus of plants in the family Urticaceae.
Lappula,Lappula is a genus of flowering plants in the borage family known generally as stickseeds.
Laputa,Laputa  is a flying island described in the 1726 book Gulliver's Travels by Jonathan Swift.
Lardizabala,Lardizabala is a monotypic genus of flowering plants.
Lardizabalaceae,Lardizabalaceae is a family of flowering plants.
Lardner,Lardner is a surname.
Laridae,"Laridae is a family of seabirds in the order Charadriiformes that includes the gulls, terns, noddies, skimmers, and kittiwakes."
Larrea,"Larrea is a genus of flowering plants in the caltrop family, Zygophyllaceae."
Larus,Larus is a large genus of gulls with worldwide distribution (by far the greatest species diversity is in the Northern Hemisphere).
Lascar,"A lascar was a sailor or militiaman from the Indian subcontinent, Southeast Asia, the Arab world, British Somaliland or other lands east of the Cape of Good Hope who was employed on European ships from the 16th century until the mid-20th century."
Lascaux,"Lascaux (English:  la-SKOH, US also  lah-SKOH; French: Grotte de Lascaux [ɡʁɔt də lasko], ""Lascaux Cave"") is a network of caves near the village of Montignac, in the department of Dordogne in southwestern France."
Lasiocampa,Lasiocampa is a genus of moths in the family Lasiocampidae.
Lasiocampidae,"The Lasiocampidae are a family of moths also known as eggars, tent caterpillars, snout moths (although this also refers to the Pyralidae), or lappet moths."
Lasiurus,Lasiurus is a genus of bats in the family Vespertilionidae.
Lasso,"A lasso or lazo or [lasoo]( or ), also called in Mexico reata and la reata, and in the United States riata, or lariat (from Mexican Spanish, lasso for roping cattle), is a loop of rope designed as a restraint to be thrown around a target and tightened when pulled."
Lastex,"Lastex is a type of elastic yarn that was introduced in the 1930s and was primarily used for swimwear, brassieres, girdles and corselettes."
Lasthenia,"Lasthenia, commonly known as goldfields, is a genus of flowering plants family Asteraceae."
Lastreopsis,"Lastreopsis, known as shieldfern, is a genus of ferns in the family Dryopteridaceae, subfamily Elaphoglossoideae, in the Pteridophyte Phylogeny Group classification of 2016 (PPG I)."
Latakia,"Latakia (Arabic: ٱللَّاذْقِيَّة, romanized: al-Lādhiqiyya;  Syrian pronunciation: [el.laːdˈʔɪjje, -laːðˈqɪjja]) is the principal port city of Syria and capital city of the Latakia Governorate located on the Mediterranean coast."
Lateran,Lateran and Laterano are the shared names of several buildings in Rome.
Lates,Lates is a genus of freshwater and euryhaline lates perches belonging to the family Latidae.
Lathyrus,"Lathyrus  is a genus of flowering plants
in the legume family Fabaceae, and contains approximately 160 species."
Latimeria,Latimeria is a rare genus of fish which contains the only living species of coelacanth.
Latin,"Latin (lingua Latina, Latin: [ˈlɪŋɡʷa ɫaˈtiːna], or Latinum, Latin: [ɫaˈtiːnʊ̃]) is a classical language belonging to the Italic branch of the Indo-European languages."
Latinism,"A Latinism (from Medieval Latin: Latinismus) is a word, idiom, or structure in a language other than Latin that is derived from, or suggestive of, the Latin language."
Latium,"Latium ( LAY-shee-əm, US also  -⁠shəm, Latin: [ˈɫati.ũː]) is the region of central western Italy in which the city of Rome was founded and grew to be the capital city of the Roman Empire."
Latrodectus,Latrodectus is a broadly distributed genus of spiders with several species that are commonly known as the true widows.
Latvia,"Latvia (  LAT-vee-ə, sometimes  LAHT-vee-ə; Latvian: Latvija Latvian pronunciation: [ˈlatvija]; Latgalian: Latveja; Livonian: Lețmō), officially the Republic of Latvia (Latvian: Latvijas Republika, Latgalian: Latvejas Republika, Livonian: Lețmō Vabāmō), is a country in the Baltic region of Northern Europe."
Lauder,"The former Royal Burgh of Lauder (, Scottish Gaelic: Labhdar) is a town in the Scottish Borders in the historic county of Berwickshire."
Lauraceae,"Lauraceae, or the laurels, is a plant family that includes the true laurel and its closest relatives."
Laurasia,"Laurasia () was the more northern of two large landmasses that formed part of the Pangaea supercontinent from around 335 to 175 million years ago (Mya), the other being Gondwana."
Laurentius,"Laurentius is a Latin given name and surname  that means ""From Laurentum"" (a city near Rome)."
Laurus,"Laurus () is a genus of evergreen trees or shrubs belonging to the laurel family, Lauraceae."
Lausanne,"Lausanne ( loh-ZAN, US also  loh-ZAHN, French: [lɔzan] ; Arpitan: Losena [lɔˈzəna] ) is the capital and largest city of the Swiss French-speaking canton of Vaud."
Lavandula,"Lavandula (common name lavender) is a genus of 47 known species of flowering plants in the mint family, Lamiaceae."
Layia,"Layia is a genus of flowering plants in the family Asteraceae known generally as tidy tips, native to western North America."
Lazio,"Lazio (UK:  LAT-see-oh, US:  LAHT-, Italian: [ˈlattsjo]) or Latium ( LAY-shee-əm, US also  -⁠shəm; from the original Latin name, pronounced [ˈɫati.ũː]) is one of the 20 administrative regions of Italy."
Lebanon,"Lebanon (  LEB-ə-non, -⁠nən; Arabic: لُبْنَان Lubnān pronounced [lɪbˈneːn]), officially the Republic of Lebanon, is a country in West Asia."
Lecanoraceae,The Lecanoraceae are a family of lichenized fungi in the order Lecanorales.
Leccinum,Leccinum is a genus of fungi in the family Boletaceae.
Lecythidaceae,"The Lecythidaceae ( LESS-ith-ih-DAY-shee) comprise a family of about 20 genera and 250–300 species of woody plants native to tropical South America, Africa (including Madagascar), Asia and Australia."
Leeds,"Leeds is a city in West Yorkshire, England."
Lego,"Lego ( LEG-oh, Danish: [ˈle̝ːko]; stylized as LEGO) is a line of plastic construction toys manufactured by the Lego Group, a privately held company based in Billund, Denmark."
Leibnitz,Leibnitz (German: [ˈlaɪ̯bnit͡s]; Slovenian: Lipnica) is a city in the Austrian state of Styria and on 1 Jan.
Leicester,"Leicester (  LES-tər) is a city, unitary authority area, unparished area and the county town of Leicestershire in the East Midlands of England."
Leicestershire,"Leicestershire (  LEST-ər-sheer, -⁠shər) is a ceremonial county in the East Midlands of England."
Leiden,"Leiden (Dutch pronunciation: [ˈlɛidə(n)] ; in English and archaic Dutch also Leyden) is a city and municipality in the province of South Holland, Netherlands."
Leiopelma,"Leiopelma is a genus of New Zealand primitive frogs, belonging to the suborder Archaeobatrachia."
Leipzig,"Leipzig ( LYPE-sig, -⁠sikh, German: [ˈlaɪptsɪç] ; Upper Saxon: Leibz'sch), with a population of 628,718 inhabitants as of 2023, is the most populous city in the German state of Saxony, the second-most populous city in the area of the former East Germany after (East) Berlin, and Germany's eighth-most populous."
Leishmania,"Leishmania  is a parasitic protozoan, a single-celled organism of the genus Leishmania that is responsible for the disease leishmaniasis."
Leitneria,"Leitneria floridana (corkwood), the sole species in the genus Leitneria, is a deciduous dioecious shrub or small tree, found only in the southern United States states of Arkansas, Florida, Georgia, Missouri and Texas."
Lemna,"Lemna is a genus of free-floating aquatic plants referred to by the common name ""duckweed""."
Lemnos,Lemnos or Limnos (Greek: Λήμνος; Ancient Greek: Λῆμνος) is a Greek island in the northern Aegean Sea.
Lemuridae,Lemuridae is a family of strepsirrhine primates native to Madagascar and the Comoros.
Lenard,Lenard is a surname.
Leninism,Leninism is a political ideology developed by Russian Marxist revolutionary Vladimir Lenin that proposes the establishment of the dictatorship of the proletariat led by a revolutionary vanguard party as the political prelude to the establishment of communism.
Lens,A lens is a transmissive optical device that focuses or disperses a light beam by means of refraction.
Lent,"Lent (Latin: Quadragesima, 'Fortieth') is the solemn Christian religious observance in the liturgical year commemorating the 40 days Jesus Christ spent fasting in the desert and enduring temptation by Satan, according to the Gospels of Matthew, Mark and Luke, before beginning his public ministry."
Lentibulariaceae,"Lentibulariaceae is a family of carnivorous plants containing three genera: Genlisea, the corkscrew plants; Pinguicula, the butterworts; and Utricularia, the bladderworts."
Lentinus,Lentinus is a genus of fungi in the family Polyporaceae.
Leonard,Leonard or Leo is a common English masculine given name and a surname.
Leonberg,"Leonberg (German pronunciation: [ˈleːɔnˌbɛrk] ; Swabian: Leaberg) is a town in the German federal state of Baden-Württemberg about 16 km (10 mi) to the west of  Stuttgart, the state capital."
Leonotis,Leonotis is a genus of flowering plants in the family Lamiaceae.
Leontodon,"Leontodon is a genus of plants in the tribe Cichorieae within the family Asteraceae, commonly known as hawkbits."
Leontopodium,Leontopodium is a genus of plants in the family Asteraceae.
Leonurus,Leonurus (motherwort) is a genus of flowering plants in the family Lamiaceae.
Lepadidae,"Lepadidae is a family of goose barnacles, erected by Charles Darwin in 1852."
Lepas,Lepas is a genus of goose barnacles in the family Lepadidae.
Lepechinia,"Lepechinia is a genus of plants in the mint family, Lamiaceae."
Lepidium,"Lepidium is a genus of plants in the mustard/cabbage family, Brassicaceae."
Lepidobotryaceae,Lepidobotryaceae is a family of plants in the order Celastrales.
Lepidodendrales,"Lepidodendrales (from the Greek for ""scale tree"") or arborescent lycophytes are an extinct order of primitive, vascular, heterosporous, arborescent (tree-like) plants belonging to Lycopodiopsida."
Lepidoptera,Lepidoptera ( LEP-ih-DOP-tər-ə) or lepidopterans is an order of winged insects that includes butterflies and moths.
Lepidosauria,"The Lepidosauria (, from Greek meaning scaled lizards) is a subclass or superorder of reptiles, containing the orders Squamata and Rhynchocephalia."
Lepidothamnus,Lepidothamnus is a genus of conifers belonging to the podocarp family Podocarpaceae.
Lepisma,"Lepisma is a genus of primitive insects in the order Zygentoma and the family Lepismatidae.The most familiar member of the genus Lepisma is the silverfish (L. saccharinum), a cosmopolitan species that likes damp habitats, tends to hide in crevices and is usually found in human habitations, becoming household pests under certain conditions."
Lepismatidae,Lepismatidae is a family of primitive wingless insects with about 190 described species.
Lepisosteus,Lepisosteus is a genus of gars in the family Lepisosteidae.
Lepomis,Lepomis or true sunfish is a genus of North American freshwater fish from the family Centrarchidae in the order Perciformes (perch-like fish).
Leporidae,"Leporidae () is the family of rabbits and hares, containing over 70 species of extant mammals in all."
Leptarrhena,"Leptarrhena is a genus of flowering plants belonging to the family Saxifragaceae.Its native range is Subarctic America to Northwestern USA.Species:
Leptarrhena pyrolifolia (D.Don) Ser."
Leptinotarsa,Leptinotarsa is a genus of leaf beetles.
Leptodactylidae,"The southern frogs form the Leptodactylidae, a name that comes from Greek meaning a bird or other animal having slender toes."
Leptodactylus,Leptodactylus is a genus of leptodactylid frogs.
Leptoglossus,Leptoglossus is a genus of true bugs in the leaf-footed bug family and the tribe Anisoscelini.
Leptopteris,"The Leptopteris is a small genus of ferns native to the New Guinea, Australia, New Zealand, and the Pacific Islands."
Leptotyphlopidae,"The Leptotyphlopidae (commonly called slender blind snakes or thread snakes) are a family of snakes found in North America, South America, Africa and Asia."
Leptotyphlops,"Leptotyphlops is a genus of nonvenomous blind snakes, commonly known as slender blind snakes and threadsnakes, in the family Leptotyphlopidae."
Lesbian,A lesbian is a homosexual woman or girl.
Lesbos,"Lesbos or Lesvos (Greek: Λέσβος, romanized: Lésvos [ˈlezvos]) is a Greek island located in the northeastern Aegean Sea."
Lesotho,"Lesotho (  lih-SOO-too, Sotho pronunciation: [lɪˈsʊːtʰʊ]), formally the Kingdom of Lesotho, is a landlocked country in Southern Africa."
Lesquerella,Lesquerella is the former name of a genus of flowering plants in the family Brassicaceae.
Lessing,Lessing is a German surname of Slavic origin.
Lethe,"In Greek mythology, Lethe (; Ancient Greek: Λήθη Lḗthē; Ancient Greek: [lɛ̌ːtʰɛː], Modern Greek: [ˈliθi]), also referred to as Lesmosyne, was one of the rivers of the underworld of Hades."
Leto,"In ancient Greek mythology and religion, Leto (; Ancient Greek: Λητώ, romanized: Lētṓ pronounced [lɛːtɔ̌ː]) is a goddess and the mother of Apollo and Artemis."
Leucadendron,"Leucadendron is a genus of about 80 species of flowering plants in the family Proteaceae, endemic to the Cape Provinces and KwaZulu-Natal in South Africa, where they are a prominent part of the fynbos ecoregion and vegetation type."
Leucaena,Leucaena is a genus of flowering plants in the mimosoid clade of the subfamily Caesalpinioideae of the family Fabaceae.
Leucanthemum,"Leucanthemum is a genus of flowering plants in the aster family, Asteraceae."
Leuciscus,Leuciscus is a genus of fish belonging to the family Cyprinidae.
Leucogenes,"Leucogenes is a genus of plants in the family Asteraceae, native to New Zealand."
Leuctra,"Leuctra or Leuktra (Ancient Greek: τὰ Λεῦκτρα, romanized: tà Leûktra, Attic Greek pronunciation: [tà lêu̯k.tra] or τὸ Λεῦκτρον, tò Leûktron [tò lêu̯k.tron]) was a village of ancient Boeotia, situated on the road from Thespiae to Plataea, and in the territory of the former city."
Levant,The Levant ( lə-VANT) is an approximate historical geographical term referring to a large area in the Eastern Mediterranean region of West Asia.
Levi,"Levi ( LEE-vy; Hebrew: לֵוִי, Modern: Levī, Tiberian: Lēwī) was, according to the Book of Genesis, the third of the six sons of Jacob and Leah (Jacob's third son), and the founder of the Israelite Tribe of Levi (the Levites, including the Kohanim) and the great-grandfather of Aaron, Moses and Miriam."
Levite,"Levites ( LEE-vyte; Hebrew: לְוִיִּם, romanized: Lǝvīyyīm) or Levi are Jewish males who claim patrilineal descent from the Tribe of Levi."
Lewisia,"Lewisia is a plant genus, named for the American explorer Meriwether Lewis (1774-1809) who encountered the species in 1806."
Leycesteria,"Leycesteria is a genus of flowering plants in the honeysuckle family Caprifoliaceae, native to temperate Asia in the Himalaya and southwestern China."
Leymus,Leymus is a genus of plants in the grass family Poaceae (Gramineae).
Leyte,"Leyte ( LAY-tee, LAY-tay) is an island in the Visayas group of islands in the Philippines."
Lhasa,"Lhasa (; Standard Tibetan: ལྷ་ས [l̥ɛː˥˥.sa˥˥], lit. 'Place of Gods') is the urban center of the prefecture-level Lhasa City and the administrative capital of Tibet Autonomous Region in southwest China."
Lhotse,"Lhotse (Nepali: ल्होत्से L'hōtsē Nepali pronunciation: [lot.se]; Tibetan: ལྷོ་རྩེ Tibetan pronunciation: [l̥otse], lho tse, Chinese: 洛子峰) is the fourth highest mountain in the world at 8,516 metres (27,940 ft), after Mount Everest, K2, and Kangchenjunga."
Liatris,"Liatris (), commonly known as gayfeather and blazing star is a genus of flowering plants in the tribe Eupatorieae within the family Asteraceae native to North America (Canada, United States, Mexico and the Bahamas)."
Libby,"Libby as a feminine given name is typically a diminutive form of Elizabeth, which is less commonly spelled 'Libbie' or 'Libi'."
Liberia,"Liberia ( ), officially the Republic of Liberia, is a country on the West African coast."
Libocedrus,"Libocedrus is a genus of five species of coniferous trees in the cypress family Cupressaceae, native to New Zealand and New Caledonia."
Libreville,Libreville is the capital and largest city of Gabon.
Libya,"Libya (  LIB-ee-ə; Arabic: ليبيا, romanized: Lībiyā, pronounced [liː.bi.jæː]), officially the State of Libya (Arabic: دولة ليبيا, romanized: Dawlat Lībiyā), is a country in the Maghreb region of North Africa."
Lichanura,"Lichanura, the rosy boas, are a genus of snakes in the family Boidae."
Lidocaine,"Lidocaine, also known as lignocaine and sold under the brand name Xylocaine among others, is a local anesthetic of the amino amide type."
Lie,"A lie is an assertion that is believed to be false, typically used with the purpose of deceiving  or misleading someone."
Liechtenstein,"Liechtenstein ( LIK-tən-styne; German: [ˈlɪçtn̩ʃtaɪn] ), officially the Principality of Liechtenstein (German: Fürstentum Liechtenstein, pronounced [ˈfʏʁstn̩tuːm ˈlɪçtn̩ˌʃtaɪ̯n] ), is a doubly landlocked German-speaking microstate located in the Alps between Austria and Switzerland."
Light,Light or visible light is electromagnetic radiation that can be perceived by the human eye.
Ligularia,Ligularia (leopard plant) is a genus of Old World herbaceous perennial plants in the groundsel tribe within the sunflower family.
Liguria,Liguria (; Italian: [liˈɡuːrja]; Ligurian: Ligûria Ligurian pronunciation: [liˈɡyːɾja]) is a region of north-western Italy; its capital is Genoa.
Liliaceae,"The lily family, Liliaceae, consists of about 15 genera and 610 species of flowering plants within the order Liliales."
Liliales,"Liliales is an order of monocotyledonous flowering plants in the Angiosperm Phylogeny Group and Angiosperm Phylogeny Web system, within the lilioid monocots."
Liliidae,Liliidae is a botanical name at the rank of subclass.
Liliopsida,Liliopsida Batsch (synonym: Liliatae) is a botanical name for the class containing the family Liliaceae (or Lily Family).
Lilith,"Lilith (; Hebrew: לִילִית, romanized: Liliṯ), also spelt Lilit, Lilitu, or Lilis, is a female figure in Mesopotamian and Jewish mythology, theorized to be the first wife of Adam and supposedly the primordial she-demon."
Lilium,"Lilium ( LIL-ee-əm) is a genus of herbaceous flowering plants growing from bulbs, all with large prominent flowers."
Lille,"Lille ( LEEL, French: [lil] ; Dutch: Rijsel [ˈrɛisəl]; Picard: Lile; West Flemish: Rysel) is a city in the northern part of France, in French Flanders."
Lilongwe,"Lilongwe (UK: , US: , Chichewa: [ɽiˈɽoᵑɡʷe]) is the capital and most populated city of the African country of Malawi."
Lima,Lima ( LEE-mə; Spanish pronunciation: [ˈlima]) is the capital and largest city of Peru.
Limacidae,"Limacidae, also known by their common name the keelback slugs, are a taxonomic family of medium-sized to very large, air-breathing land slugs, terrestrial pulmonate gastropod molluscs in the superfamily Limacoidea."
Limanda,Limanda is a genus of righteye flounders native to the northern Atlantic and Pacific oceans.
Limax,Limax  is a genus of air-breathing land slugs in the terrestrial pulmonate gastropod mollusk family Limacidae.
Limburger,"Limburger (in southern Dutch contexts Rommedoe, and in Belgium Herve cheese) is a cheese that originated in the Herve area of the historical Duchy of Limburg, which had its capital in Limbourg-sur-Vesdre, now in the French-speaking Belgian province of Liège."
Limeira,Limeira is a city in the eastern part of the Brazilian state of São Paulo.
Limenitis,"Limenitis is a genus of brush-footed butterflies, commonly called the admirals."
Limerick,"Limerick ( LIM-ər-ik; Irish: Luimneach [ˈl̪ˠɪmʲ(ə)nʲəx]) is a city in western Ireland, in County Limerick."
Limnobium,"Limnobium, common names spongeplant and American frogbit, is a group of aquatic plants in the Hydrocharitaceae described as a genus in 1814."
Limonium,Limonium is a genus of about 600 flowering plant species.
Limousin,Limousin (French pronunciation: [limuzɛ̃] ; Occitan: Lemosin [lemuˈzi]) is a former administrative region of southwest-central France.
Limpopo,Limpopo () is the northernmost province of South Africa.
Limulus,"Limulus is a genus of horseshoe crab, with one extant species, the Atlantic horseshoe crab (Limulus polyphemus)."
Linaceae,Linaceae is a family of flowering plants.
Linanthus,Linanthus is a genus of annual and perennial plants in the phlox family Polemoniaceae.
Linaria,"Linaria is a genus of almost 200 species of flowering plants, one of several related groups commonly called toadflax."
Lincolnshire,Lincolnshire (abbreviated Lincs.) is a ceremonial county in the East Midlands and Yorkshire and the Humber regions of England.
Lind,Lind is a surname of both Swedish and Estonian origin.
Lindera,"Lindera is a genus of about 80–100 species of flowering plants in the family Lauraceae, mostly native to eastern Asia but with three species in eastern North America."
Lindesnes,"Lindesnes (English: the Naze) is a municipality in Agder county, Norway."
Lindheimera,Lindheimera is a genus of flowering plants in the tribe Heliantheae within the family Asteraceae found in North America.
Linnaea,Linnaea is a plant genus in the honeysuckle family Caprifoliaceae.
Linum,Linum (flax) is a genus of approximately 200 species in the flowering plant family Linaceae.
Linux,"Linux ( LIN-uuks) is a family of open-source Unix-like operating systems based on the Linux kernel, an operating system kernel first released on September 17, 1991, by Linus Torvalds."
Linz,"Linz ( LINTS, German: [ˈlɪnts] ; Czech: Linec) is the capital of Upper Austria and third-largest city in Austria."
Lion,"The lion (Panthera leo) is a large cat of the genus Panthera, native to Africa and India."
Lipizzan,"The Lipizzan or Lipizzaner (Croatian: Lipicanac, Czech: Lipicán, German: Lipizzaner, Hungarian: Lipicai, Italian: Lipizzano, Serbian: Lipicaner, Slovene: Lipicanec) is a European breed of riding horse developed in the Habsburg Empire in the sixteenth century."
Lipmann,Lipmann is a surname.
Liposcelis,"Liposcelis is a genus of insects in the order Psocoptera, the booklice and barklice."
Lipotyphla,"Lipotyphla is a formerly used order of mammals, including the members of the order Eulipotyphla (i.e."
Lippi,Lippi is an Italian surname.
Lippmann,Lippmann is a German surname.
Liquidambar,"Liquidambar, commonly called sweetgum 
(star gum in the UK),gum, redgum, satin-walnut, or American storax, is the only genus in the flowering plant family Altingiaceae and has 15 species."
Lir,"Lir or Ler (meaning ""Sea"" in Old Irish; Ler and Lir are the nominative and genitive forms, respectively) is a sea god in Irish mythology."
Liriodendron,"Liriodendron () is a genus of two species of characteristically large trees, deciduous over most of their populations, in the magnolia family (Magnoliaceae)."
Lisbon,"Lisbon (; Portuguese: Lisboa [liʒˈβoɐ] ) is the capital and largest city of Portugal, with an estimated population of 548,703 within its administrative limits in an area of 100.05 km2."
Litany,"Litany, in Christian worship and some forms of Jewish worship, is a form of prayer used in services and processions, and consisting of a number of petitions."
Lithocarpus,"Lithocarpus is a genus in the beech family, Fagaceae."
Lithophragma,Lithophragma is a genus of flowering plants in the saxifrage family containing about nine species native to western North America.
Lithospermum,Lithospermum is a genus of plants belonging to the family Boraginaceae.
Lithuania,"Lithuania (  LITH-yoo-AYN-ee-ə; Lithuanian: Lietuva [lʲɪɛtʊˈvɐ]), officially the Republic of Lithuania (Lithuanian: Lietuvos Respublika [lʲɪɛtʊˈvoːs rʲɛsˈpʊblʲɪkɐ]), is a country in the Baltic region of Europe."
Littorina,"Littorina is a genus of small sea snails, marine gastropod molluscs in the family Littorinidae, the winkles or periwinkles.These small snails live in the tidal zone of rocky shores."
Littorinidae,"The Littorinidae are a taxonomic family of over 200 species of sea snails, marine gastropod molluscs in the clade Littorinimorpha, commonly known as periwinkles and found worldwide."
Liturgy,Liturgy is the customary public ritual of worship performed by a religious group.
Liverpool,"Liverpool is a city and metropolitan borough in Merseyside, North West England."
Livistona,"Livistona is a genus of palms, the botanical family Arecaceae, native to southeastern and eastern Asia, Australasia, and the Horn of Africa."
Livonia,"Livonia or in earlier records Livland, is a historical region on the eastern shores of the Baltic Sea."
Livy,"Titus Livius (Latin: [ˈtɪtʊs ˈliːwiʊs]; 59 BC – AD 17), known in English as Livy ( LIV-ee), was a Roman historian."
Ljubljana,"Ljubljana (also known by other historical names) is the capital and largest city of Slovenia, located along a trade route between the northern Adriatic Sea and the Danube region, north of  the country's largest marsh, inhabited since prehistoric times."
Llullaillaco,Llullaillaco (Spanish pronunciation: [ʎuʎajˈʎako]) is a dormant stratovolcano at the border of Argentina (Salta Province) and Chile (Antofagasta Region).
Loasaceae,"Loasaceae is a family of 15–20 genera and about 200–260 species of flowering plants in the order Cornales, native to the Americas and Africa."
Lobata,"Lobata is an order of transparent marine invertebrates belonging to the phylum of Ctenophora in the class Tentaculata, and are commonly referred to as comb jellies or sea gooseberries."
Lobito,Lobito is a municipality in Angola.
Lobotes,Lobotes is a genus of ray-finned fishes belonging to the family Lobotidae known as the tripletails.
Lobotidae,"Lobotidae is a family of ray-finned fishes that includes the tripletails, which are circumtropical marine fishes, and tiger perches, which are Asian freshwater fishes."
Locusta,"Locusta or Lucusta (died 69), was a notorious maker of poisons in the 1st-century Roman Empire, active in the final two reigns of the Julio-Claudian dynasty."
Lodine,"Lodine (Sardinian: Lodìne) is a town and comune in the province of Nuoro, Sardinia, Italy."
Loewi,"Loewi is a surname, and may refer to:"
Lofoten,"Lofoten ( LOH-foh-tən, loh-FOH-tən, Norwegian: [ˈlùːfuːtn̩]) is an archipelago and a traditional district in the county of Nordland, Norway."
Logania,Logania is a genus of plants belonging to the family Loganiaceae.
Loganiaceae,The Loganiaceae are a family of flowering plants classified in order Gentianales.
Logos,"Logos (UK: , US: ; Ancient Greek: λόγος, romanized: lógos, lit. 'word, discourse, or reason') is a term used in Western philosophy, psychology and rhetoric, as well as religion (notably Christianity); among its connotations is that of a rational form of discourse that relies on inductive and deductive reasoning."
Loire,"The Loire ( LWAR, US also  loo-AR, French: [lwaʁ] ; Occitan: Léger [ˈledʒe]; Arpitan: Lêre; Breton: Liger; Latin: Liger) is the longest river in France and the 171st longest in the world."
Loki,Loki is a god in Norse mythology.
Lolita,Lolita is a 1955 novel written by Russian-American novelist Vladimir Nabokov that addresses the controversial subject of hebephilia.
Lolium,Lolium is a genus of tufted grasses in the bluegrass subfamily (Pooideae).
Lomariopsidaceae,The Lomariopsidaceae is a family of ferns with a largely tropical distribution.
Lombardy,"Lombardy (Italian: Lombardia; Lombard: Lombardia) is an administrative region of Italy that covers 23,844 km2 (9,206 sq mi); it is located in the northern part of the country and has a population of about 10 million people, constituting more than one-sixth of Italy's population."
Lonas,Lonas is a genus of flowering plants in the chamomile tribe within the daisy family.
Lonchocarpus,Lonchocarpus is a plant genus in the legume family (Fabaceae).
London,"London is the capital and largest city of England and the United Kingdom, with a population of around 8.8 million."
Lophius,"Members of the genus Lophius, also sometimes called monkfish, fishing-frogs, frog-fish, and sea-devils, are various species of lophiid anglerfishes found in the Atlantic and Indian Oceans."
Lopholatilus,Lopholatilus is a small  genus of tilefishes native to the western Atlantic Ocean.
Lophophora,"Lophophora () is a genus of spineless, button-like cacti."
Lophosoria,Lophosoria is a genus of tree ferns within the family Dicksoniaceae.
Loranthaceae,"Loranthaceae, commonly known as the showy mistletoes, is a family of flowering plants."
Loranthus,Loranthus is a genus of parasitic plants that grow on the branches of woody trees.
Lord,"Lord is an appellation for a person or deity who has authority, control, or power over others, acting as a master, chief, or ruler."
Lordship,A lordship is a territory held by a lord.
Lorelei,"The Lorelei (  LORR-ə-ly; German: Loreley or Lorelei, pronounced [loːʁəˈlaɪ̯]  or [ˈloːʁəlaɪ̯]; also found as Loreleï, Lore Lay, Lore-Ley, Lurley, Lurelei and Lurlei throughout history) is a 132-metre-high (433 ft), steep slate rock on the right bank of the River Rhine in the Rhine Gorge (or Middle Rhine) at Sankt Goarshausen in Germany, part of the Upper Middle Rhine Valley UNESCO World Heritage Site."
Loren,"Loren is a given name, nickname and surname which may refer to:


== Given name ==


=== Men ===
Loren Acton (born 1936), American physicist and astronaut
Loren C. Ball (born 1948), amateur astronomer who has discovered more than 100 asteroids
Loren M. Berry (1888–1980), American businessman
Loren Bouchard (born 1970), American television writer and director
Loren Brichter (born 1984), American software developer
Loren Cameron (born 1959), American photographer
Loren Carpenter (born 1947), American computer graphics researcher and developer
Loren Coleman (born 1947), American scientist and author
Loren L. Coleman (born 1947), American science-fiction writer
Loren W. Collins (1838–1912), American jurist and politician
Loren Mazzacane Connors (born 1949), American musician
Loren Crabtree (born 1940), American academic and chancellor
Loren Cunningham (born 1936), American missionary organizer
Loren Dean (born 1969), American actor
Loren C. Dunn (1930–2001), American general authority of the LDS Church
Loren Eiseley (1907–1977), American scientist and writer
Loren D. Estleman (born 1952), American author
Loren D. Everton (1915–1991), American Marine flying ace, Navy Cross recipient
Loren Graham (born 1933), American historian of science
Loren Leman (born 1950), American politician
Loren Long (born 1964), American author of children's books
Loren McIntyre (1917-2003), American photojournalist, worked extensively in South America
Loren Meyer (born 1972), American professional basketball player
Loren Miller (activist), American civic reformer and libertarian activist
Loren Miller (judge) (1903–1967), American California Superior Court judge
Loren Mosher (1933–2004), American psychiatrist
Loren Murchison (1898–1979), American athlete
Loren Nerell (born 1960), American composer, ethnomusicologist and gamelan musician
Loren Pope (1910–2008), American writer
Loren Roberts (born 1955), American golfer
Loren Schoenberg (born 1958), American musician and historian
Loren B. Sessions (1827–1897), New York politician
Loren Shriver (born 1944), American pilot and astronaut
Loren A. Smith (born 1944), American federal judge on the United States Court of Federal Claims
Loren Taylor (born 1977), American politician
Loren Toews (born 1951), American football player
Loren H. White (1863–1923), New York politician
Loren Wiseman, American board game designer and developer
Loren Wright (1917–2005), American professional basketball player


=== Women ===
Loren Galler-Rabinowitz (born 1986), American ice dancer
Loren Gray (born 2002), American singer and social media personality
Loren Horsley (born 1977), New Zealand actress
Loren Rowney (born 1988), Australian racing cyclist


== Nickname ==
Loren Legarda (born 1960), Filipina journalist and politician
Loren Morón (footballer, born 1993), Spanish footballer
Lorenzo Juarros García (born 1966), Spanish retired footballer
Loren Morón (footballer, born 1970), Spanish footballer and manager
Loren (born 1995), South Korean musician


== Surname ==
Donna Loren (born 1947), American actress
Eric Loren, American actor
Giselle Loren, American voice actor
Josie Loren (born 1987), American actress
Nanda Loren (born 1988), Brazilian singer
Sophia Loren (born 1934), Italian actress
Todd Loren (1960–1992), American comic book publisher


== Fictional characters ==
Loren McWilliams, the male protagonist of the 1985 film The New Kids
Loren Silvercloak, in the Fionavar Tapestry novels by Guy Gavriel Kay
Lt."
Lorentz,"Lorentz is a name derived from the Roman surname, Laurentius, which means ""from Laurentum""."
Lorenz,"Lorenz is an originally German name derived from the Roman surname Laurentius, which means ""from Laurentum""."
Loricata,"Loricata is a clade of archosaur reptiles that includes crocodilians and some of their Triassic relatives, such as Postosuchus and Prestosuchus."
Loriinae,"Loriinae is a subfamily of psittacine birds, one of the six subfamilies that make up the family Psittaculidae."
Lorisidae,Lorisidae (or sometimes Loridae) is a family of strepsirrhine primates.
Lorraine,"Lorraine is a cultural and historical region in Northeastern France, now located in the administrative region of Grand Est."
Lothario,"Lothario is an Italian name used as shorthand for an unscrupulous seducer of women, based upon a character in The Fair Penitent, a 1703 tragedy by Nicholas Rowe."
Louisiana,Louisiana (French: La Louisiane [la lwi.zjan] ) is a state in the Deep South and South Central regions of the United States.
Louvre,"The Louvre (English:  LOOV(-rə)), or the Louvre Museum (French: Musée du Louvre [myze dy luvʁ] ), is a national art museum in Paris, France."
Lovoa,Lovoa is a genus of plants in the family Meliaceae.
Loxostege,Loxostege is a genus of moths of the family Crambidae.
Lozier,The Lozier Motor Company was a brass era producer of luxury automobiles in the United States.
Luanda,"Luanda (/luˈændə, -ˈɑːn-/, Portuguese: [luˈɐ̃dɐ]) is the capital and largest city of Angola."
Lublin,Lublin is the ninth-largest city in Poland and the second-largest city of historical Lesser Poland.
Lubumbashi,"Lubumbashi (former names: Élisabethville (French);  (Dutch)) is the second-largest city in the Democratic Republic of the Congo, located in the country's southeasternmost part, along the border with Zambia."
Lucania,Lucania was a historical region of Southern Italy.
Lucifer,The most common meaning for Lucifer in English is as a name for the Devil in Christian theology.
Lucknow,"Lucknow (, Hindustani: [ˈləkʰnəuː]  Lakhnaū) is the capital and the largest city of the Indian state of Uttar Pradesh and it is also the second largest urban agglomeration in Uttar Pradesh after Kanpur."
Lucretius,"Titus Lucretius Carus ( TY-təs loo-KREE-shəs, Latin: [ˈtitus luˈkreːti.us ˈkaːrus]; c. 99 – c. 55 BC) was a Roman poet and philosopher."
Lucullus,"Lucius Licinius Lucullus (; 118–57/56 BC) was a Roman general and statesman, closely connected with Lucius Cornelius Sulla."
Lucy,"Lucy is an English feminine given name derived from the Latin masculine given name Lucius with the meaning as of light (born at dawn or daylight, maybe also shiny, or of light complexion)."
Luddite,"The Luddites were members of a 19th-century movement of English textile workers which opposed the use of certain types of cost-saving machinery, and often destroyed the machines in clandestine raids."
Lufengpithecus,"Lufengpithecus (lit. 'Lufeng ape') is an extinct genus of ape, known from the Late Miocene of East Asia."
Luftwaffe,"The Luftwaffe (German pronunciation: [ˈlʊftvafə] ) was the aerial-warfare branch of the Wehrmacht before and during World War II. Germany's military air arms during World War I, the Luftstreitkräfte of the Imperial Army and the Marine-Fliegerabteilung of the Imperial Navy, had been disbanded in May 1920 in accordance with the terms of the 1919 Treaty of Versailles which banned Germany from having any air force."
Lugh,Lugh or Lug (Old Irish: [l̪ˠuɣˠ]; modern Irish: Lú [l̪ˠuː]) is a figure in Irish mythology.
Luik,"Luik is an Estonian surname meaning ""swan""."
Lumpenus,Lumpenus is a genus of marine ray-finned fishes belonging to the family Stichaeidae.The genus was first proposed by Reinhardt in 1836.
Lunaria,Lunaria is a genus of flowering plants in the family Brassicaceae.
Lund,"Lund (, US also  LU(U)ND, Swedish: [ˈlɵnːd] ) is a city in the southern Swedish province of Scania, across the Öresund strait from Copenhagen."
Lunt,"Lunt is a small village in the civil parish of Sefton, in the borough of Sefton in Merseyside, England, close to Sefton Village and to the west of Maghull and is in the L29 postcode."
Luoyang,Luoyang (simplified Chinese: 洛阳; traditional Chinese: 洛陽; pinyin: Luòyáng) is a city located in the confluence area of the Luo River and the Yellow River in the west of Henan province.
Lupinus,"Lupinus, commonly known as lupin, lupine, or regionally bluebonnet etc., is a genus of plants in the legume family Fabaceae."
Lupus,"Lupus, technically known as systemic lupus erythematosus (SLE), is an autoimmune disease in which the body's immune system mistakenly attacks healthy tissue in many parts of the body."
Lusaka,Lusaka (; loo-SAH-kə) is the capital and largest city of Zambia.
Luscinia,"Luscinia  is a genus of smallish passerine birds, containing the nightingales and relatives."
Lusitania,Lusitania (; Classical Latin: [luːsiːˈtaːnia]) was an ancient Iberian Roman province comprising part of modern Portugal (south of the Douro River) and a large portion of western Spain (the present Extremadura and Province of Salamanca).
Lutheranism,"Lutheranism is a major branch of Protestantism, identifying primarily with the theology of Martin Luther, the 16th-century German monk and reformer whose efforts to reform the theology and practices of the Catholic Church launched the Protestant Reformation.The split between the Lutherans and the Roman Catholics was made public and clear with the 1521 Edict of Worms."
Lutjanidae,"Lutjanidae, or snappers are a family of perciform fish, mainly marine, but with some members inhabiting estuaries, feeding in fresh water."
Lutjanus,"Lutjanus is a genus of marine ray-finned fish, snappers belonging to the family Lutjanidae."
Lutra,"Lutra is a genus of otters, one of seven in the subfamily Lutrinae."
Luvaridae,Luvaridae is a family of marine ray-finned fishes belonging to the suborder Acanthuroidei in the order Acanthuriformes.
Luvarus,Luvarus is a genus of ray-finned fishes belonging to the family Luvaridae.
Luxembourg,"Luxembourg (  LUK-səm-burg; Luxembourgish: Lëtzebuerg [ˈlətsəbuəɕ] ; French: Luxembourg [lyksɑ̃buʁ] ; German: Luxemburg [ˈlʊksm̩bʊʁk] ), officially the Grand Duchy of Luxembourg, is a small landlocked country in Western Europe."
Luxor,"Luxor (Arabic: الأقصر, romanized: al-ʾuqṣur, lit. 'the palaces') is a city in Upper Egypt, which includes the site of the Ancient Egyptian city of Thebes."
Luzon,"Luzon (, loo-ZON; Tagalog pronunciation: [luˈson]) is the largest and most populous island in the Philippines."
Lycaena,Lycaena is a genus of butterflies.
Lycaenidae,"Lycaenidae is the second-largest family of butterflies (behind Nymphalidae, brush-footed butterflies), with over 6,000 species worldwide, whose members are also called gossamer-winged butterflies."
Lycia,"Lycia (Lycian: 𐊗𐊕𐊐𐊎𐊆𐊖 Trm̃mis; Greek: Λυκία, Lykia; Turkish: Likya) was a state or nationality that flourished in Anatolia from 15–14th centuries BC (as Lukka) to 546 BC. It bordered the Mediterranean Sea in what is today the provinces of Antalya and Muğla in Turkey as well some inland parts of Burdur Province."
Lycium,"Lycium is a genus of flowering plants in the nightshade family, Solanaceae."
Lycoperdales,The Lycoperdales are a now outdated order of fungi.
Lycoperdon,Lycoperdon is a genus of puffball mushrooms.
Lycopersicon,Lycopersicon was a genus in the flowering plant family Solanaceae (the nightshades and relatives).
Lycopodiaceae,"The Lycopodiaceae (class Lycopodiopsida, order Lycopodiales) are an old family of vascular plants, including all of the core clubmosses and firmosses, comprising 16 accepted genera and about 400 known species."
Lycopodium,"Lycopodium (from Greek lykos, wolf and podion, diminutive of pous, foot) is a genus of clubmosses, also known as ground pines or creeping cedars, in the family Lycopodiaceae."
Lycopus,Lycopus is a genus of herbaceous plants in the family Lamiaceae.
Lycosa,Lycosa is a genus of wolf spiders distributed throughout most of the world.
Lydia,"Lydia (Lydian: ‎𐤮𐤱𐤠𐤭𐤣𐤠, Śfarda; Aramaic: Lydia; Greek: Λυδία, Lȳdíā) was an Iron Age kingdom of western Asia Minor located generally east of ancient Ionia in the modern western Turkish provinces of Uşak, Manisa and inland Izmir."
Lygaeidae,"The Lygaeidae are a family in the Hemiptera (true bugs), with more than 110 genera in four subfamilies."
Lyginopteridales,The Lyginopteridales are an extinct group of seed plants known from the Paleozoic.
Lyginopteris,"Lyginopteris is a genus of Late Carboniferous seed fern stems with a very distinctive outer cortex of sclereids forming a pattern in cross section like Roman numerals on a clock face, often called a Sparganum cortex."
Lygodium,"Lygodium (climbing fern) is a genus of about 40 species of ferns, native to tropical regions across the world, with a few temperate species in eastern Asia and eastern North America."
Lygus,The genus Lygus includes over 40 species of plant-feeding insects in the family Miridae.
Lymantria,Lymantria is a genus of tussock moths in the family Erebidae.
Lyon,"Lyon (Franco-Provençal: Liyon), traditionally spelled in English as Lyons, is the third-largest city of France."
Lyonnais,The Lyonnais (French pronunciation: [ljɔnɛ] ) is a historical province of France which owes its name to the city of Lyon.
Lyra,"Lyra (Latin for 'lyre', from Ancient Greek: λύρα; pronounced:  LY-rə) is a small constellation."
Lyrurus,Lyrurus is a genus of birds in the grouse subfamily.
Lysander,Lysander (; Greek: Λύσανδρος Lysandros; c.
Lysenko,Lysenko (Ukrainian: Лисенко; Russian: Лысенко; Belarusian: Лысенка Lysienka) or Lisenko is a Ukrainian surname.
Lysichiton,Lysichiton is a genus in the family Araceae.
Lysiloma,"Lysiloma is a genus of flowering plants in the family Fabaceae.The genus is native to the Americas, and species range from Arizona and New Mexico through Mexico and Central America to Costa Rica, and in Florida, Cuba, Hispaniola, the Bahamas, and Turks and Caicos Islands."
Lysimachia,Lysimachia () is a genus consisting of 193 accepted species of flowering plants traditionally classified in the family Primulaceae.
Lysimachus,"Lysimachus (; Greek: Λυσίμαχος, Lysimachos; c."
Lysol,"Lysol (; spelled Lizol in India) is a brand of American cleaning and disinfecting products distributed by Reckitt, which markets the similar Dettol or Sagrotan in other markets."
Lythraceae,"Lythraceae is a family of flowering plants, including 32 genera, with about 620 species of herbs, shrubs, and trees."
Lythrum,Lythrum is a genus of 38 species of flowering plants native to the temperate world.
MDMA,"3,4-Methyl​enedioxy​methamphetamine (MDMA), commonly known as ecstasy (tablet form), and molly or mandy (crystal form), is a potent empathogen–entactogen with stimulant and minor psychedelic properties, primarily used for recreational purposes."
MEDLINE,"MEDLINE (Medical Literature Analysis and Retrieval System Online, or MEDLARS Online) is a bibliographic database of life sciences and biomedical information."
MIDI,"MIDI (; Musical Instrument Digital Interface) is a technical standard that describes a communication protocol, digital interface, and electrical connectors that connect a wide variety of electronic musical instruments, computers, and related audio devices for playing, editing, and recording music.A single MIDI cable can carry up to sixteen channels of MIDI data, each of which can be routed to a separate device."
Maalox,Maalox is a brand of antacid owned by Sanofi.
MacGuffin,"In fiction, a MacGuffin (sometimes McGuffin) is an object, device, or event that is necessary to the plot and the motivation of the characters, but insignificant, unimportant, or irrelevant in itself."
Macau,"Macau or Macao (English:  ; Portuguese: [mɐˈkaw]; Chinese: 澳門, Cantonese: [ōu.mǔːn]), officially the Macao Special Administrative Region of the People's Republic of China (MSAR), is a city and special administrative region of China in the western Pearl River Delta by the South China Sea."
Macbeth,"Macbeth (, full title The Tragedie of Macbeth) is a tragedy by William Shakespeare."
Machaeranthera,Machaeranthera is a genus of North American flowering plants in the family Asteraceae which are known by the common name tansyaster.Tansyasters are variable in appearance.
Machilidae,The Machilidae are a family of insects belonging to the order Archaeognatha (the bristletails).
Mackem,"Mackem, Makem or Mak'em is a nickname for residents of and people from Sunderland, a city in North East England."
Macleaya,"Macleaya, or plume poppy, is a genus of two or three species of flowering plants in the poppy family Papaveraceae, native to Japan (Macleaya cordata) and China (Macleaya microcarpa)."
Maclura,"Maclura is a genus of flowering plants in the mulberry family, Moraceae."
Macrodactylus,"Macrodactylus, known as rose chafers, are a genus in the family Scarabaeidae."
Macropodidae,"Macropodidae is a family of marsupials that includes kangaroos, wallabies, tree-kangaroos, wallaroos, pademelons, quokkas, and several other groups."
Macropus,Macropus is a marsupial genus in the family Macropodidae.
Macrothelypteris,"Macrothelypteris is a genus of ferns in the family Thelypteridaceae, subfamily Phegopteridoideae, in the Pteridophyte Phylogeny Group classification of 2016 (PPG I)."
Macrotis,Macrotis is a genus of desert-dwelling marsupial omnivores known as bilbies or rabbit-bandicoots; they are members of the order Peramelemorphia.
Macrotyloma,Macrotyloma is a genus of plants in the legume family which include several species of edible beans.
Macrouridae,"Macrouridae is a family of deep sea fish, a diverse and ecologically important group, which are part of the order of cod-like fish, the Gadiformes."
Madagascar,"Madagascar, officially the Republic of Madagascar, is an island country lying off the southeastern coast of Africa."
Madeira,"Madeira (, , Portuguese: [mɐˈðɐjɾɐ] ), officially the Autonomous Region of Madeira (Portuguese: Região Autónoma da Madeira), is one of two autonomous regions of Portugal, the other being the Azores."
Madia,"Madia is a genus of annual or perennial usually aromatic herbs with yellow flowers, in the tribe Madieae within the family Asteraceae.They are sometimes known as tarweeds."
Madonna,"Madonna Louise Ciccone (; born August 16, 1958) is an American singer, songwriter, and actress."
Madrid,"Madrid ( mə-DRID, Spanish: [maˈðɾið] ) is the capital and most populous city of Spain."
Mafa,"Mafa is a local government area of Borno State, Nigeria."
Maffia,"Maffia (Maffie or Mafie in Czech) was a secret organization acting during World War I. It was founded after the emigration of Tomáš Garrigue Masaryk in 1914 by Czech politician Edvard Beneš, who later became the second president of Czechoslovakia, and other mainly anti-royalists (Karel Kramář, Alois Rašín, Josef Scheiner and Přemysl Šámal)."
Mafia,"""Mafia"" is an informal term that is used to describe criminal organizations that bear a strong similarity to the Italian Mafia."
Magenta,Magenta () is a purplish-red color.
Maghreb,"The Maghreb (; Arabic: المغرب, romanized: al-Maghrib, lit. 'the west'), also known as the Arab Maghreb (Arabic: المغرب العربي) and Northwest Africa, is the western part of the Arab world."
Magi,"Magi (; singular magus ; Latin magus, from Greek μᾰ́γος, Old Persian 𐎶𐎦𐎢𐏁 (maguš)) are priests in Zoroastrianism and the earlier religions of the western Iranians."
Magnificat,"The Magnificat (Latin for ""[My soul] magnifies [the Lord]"") is a canticle, also known as the Song of Mary, the Canticle of Mary and, in the Byzantine tradition, the Ode of the Theotokos (Greek: Ἡ ᾨδὴ τῆς Θεοτόκου)."
Magnoliaceae,"The Magnoliaceae () are a flowering plant family, the magnolia family,  in the order Magnoliales."
Magnoliopsida,Magnoliopsida is a valid botanical name for a class of flowering plants.
Mahabharata,"The Mahabharata ( mə-HAH-BAR-ə-tə, MAH-hə-; Sanskrit: महाभारतम्, Mahābhāratam, pronounced [mɐɦaːˈbʱaːrɐt̪ɐm]) is one of the two major Smriti texts and Sanskrit epics of ancient India revered in Hinduism, the other being the Ramayana."
Maharashtra,"Maharashtra (; Marathi: [məhaɾaːʂʈɾə] , abbr."
Mahayana,"Mahāyāna (Sanskrit: महायान,  MAH-hə-YAH-nə; lit. 'Great Vehicle') is a term for a broad group of Buddhist traditions, texts, philosophies, and practices developed in ancient India (c. 1st century BCE onwards)."
Mahdi,"The Mahdi (Arabic: ٱلْمَهْدِيّ, romanized: al-Mahdī, lit. 'the Guided') is a prominent figure in Islamic eschatology who is believed to appear at the End of Time to rid the world of evil and injustice."
Mahdism,"Mahdism (Persian: مَهدَویّت, Arabic: المهدوية) in the Twelver branch of Shia Islam, derived from the belief in the reappearance of the Twelfth Shiite Imam, Muhammad al-Mahdi, as the savior of the apocalypse for the salvation of human beings and the establishment of peace and justice."
Mahonia,"Mahonia is a formerly accepted genus of approximately 70 species of shrubs or, rarely, small trees with evergreen leaves in the family Berberidaceae, native to eastern Asia, the Himalaya, North America, and Central America."
Mahound,"Mahound and Mahoun are variant forms of the name Muhammad, often found in medieval and later European literature."
Maia,"Maia (; Ancient Greek: Μαῖα; also spelled Maie,  Μαίη; Latin: Maia), in ancient Greek religion and mythology, is one of the Pleiades and the mother of Hermes, one of the major Greek gods, by Zeus, the king of Olympus."
Maianthemum,"Maianthemum includes the former genus Smilacina and is a genus of perennial herbaceous flowering plants with fleshy, persistent rhizomes."
Maidu,The Maidu are a Native American people of northern California.
Maiduguri,"Maiduguri  is the capital and the largest city of Borno State in north-eastern Nigeria, on the continent of Africa."
Maimonides,"Moses ben Maimon (1138–1204), commonly known as Maimonides () and also referred to by the acronym Rambam (Hebrew: רמב״ם), was a Sephardic Jewish philosopher who became one of the most prolific and influential Torah scholars of the Middle Ages."
Maine,Maine ( ) is the easternmost state in the New England region of the Northeastern United States.
Maintenon,"Maintenon (French pronunciation: [mɛ̃tənɔ̃]) is a commune in the metropolitan area of Paris, France."
Maitreya,"Maitreya (Sanskrit: मैत्रेय) or Metteyya (Pali: मेत्तेय्य), also Maitreya Buddha or Metteyya Buddha, is regarded as the future Buddha of this world in Buddhist eschatology."
Majidae,"Majidae is a family of crabs, comprising around 200 marine species inside 52 genera, with a carapace that is longer than it is broad, and which forms a point at the front."
Makaira,"Makaira (Latin via Greek: μαχαίρα ""sword"") is a genus of marlin in the family Istiophoridae."
Makalu,"Makalu (Nepali: मकालु हिमाल, romanized: Makālu himāl; Chinese: 马卡鲁峰, pinyin: Mǎkǎlǔ Fēng) is the fifth highest mountain in the world at 8,485 metres (27,838 ft)."
Malabo,"Malabo ( mə-LAH-boh, Spanish pronunciation: [maˈlaβo]; formerly Santa Isabel [ˈsantajsaˈβel]) is the capital of Equatorial Guinea and the province of Bioko Norte."
Malachi,"Malachi ( ; Hebrew: מַלְאָכִי‎, Modern: Malʾaḵī, Tiberian: Malʾāḵī, ""my messenger""), also known as Malachias, is the name used by the author of the Book of Malachi, the last book of the Nevi'im (Prophets) section of the Tanakh."
Malacosoma,Malacosoma is a genus of moths in the family Lasiocampidae first described by Jacob Hübner in 1820.
Malacostraca,"Malacostraca (from Neo-Latin; from Ancient Greek  μαλακός (malakós) 'soft', and  όστρακον (óstrakon) 'shell') is the second largest of the six classes of pancrustaceans just behind hexapods, containing about 40,000 living species, divided among 16 orders."
Malacothamnus,Malacothamnus (bushmallow) is a genus of shrubs found throughout much of mainland California and on three of the Channel Islands.
Malamud,"Malamud is a Hebrew surname which translates to teacher in English, a variant of  Melamed; see this page for other variants."
Malathion,Malathion is an organophosphate insecticide which acts as an acetylcholinesterase inhibitor.
Malawi,"Malawi (; Chichewa pronunciation: [maláβi]; Tumbuka: Malaŵi), officially the Republic of Malawi and formerly known as Nyasaland, is a landlocked country in Southeastern Africa."
Malaxis,"Malaxis, commonly called adder's mouth, is a genus of terrestrial and semiepiphytic orchids."
Malayalam,"Malayalam (; മലയാളം, Malayāḷam, IPA: [mɐlɐjaːɭɐm] ) is a Dravidian language spoken in the Indian state of Kerala and the union territories of Lakshadweep and Puducherry (Mahé district) by the Malayali people."
Malaysia,Malaysia (UK:   mə-LAY-zee-ə; US:  mə-LAY-zhə; Malay: [malɛjsia] ) is a country in Southeast Asia.
Malcolmia,Malcolmia is a genus of flowering plants from the family Brassicaceae.
Maldives,"The Maldives (  MAWL-deevz; Dhivehi: ދިވެހިރާއްޖެ, romanized: Dhivehi Raajje, Dhivehi pronunciation: [diʋehi ɾaːd͡ʒːe]), officially the Republic of Maldives (ދިވެހިރާއްޖޭގެ ޖުމްހޫރިއްޔާ, Dhivehi Raajjeyge Jumhooriyyaa, Dhivehi pronunciation: [diʋehi ɾaːd͡ʒːeːge d͡ʒumhuːɾijjaː]), is a country and an archipelagic state in South Asia, situated in the Indian Ocean."
Maldon,"Maldon (, locally ) is a town and civil parish on the Blackwater estuary in Essex, England."
Male,"Male (symbol: ♂) is the sex of an organism that produces the gamete (sex cell) known as sperm, which fuses with the larger female gamete, or ovum, in the process of fertilisation."
Malevich,"Malevich, Malevič or Malewicz is a gender-neutral Slavic surname (Polish of Szeliga coat of arms, feminine Malewiczowa or Malewiczówna)."
Mali,"Mali ( ; Bambara pronunciation: [ma.li]), officially the Republic of Mali, is a landlocked country in West Africa."
Malinowski,Malinowski (Polish pronunciation: [malʲiˈnɔfskʲi]; feminine: Malinowska; plural: Malinowscy) is a surname of Polish-language origin.
Mallon,Mallon is a surname.
Mallophaga,"The Mallophaga are a possibly paraphyletic section of lice, known as chewing lice, biting lice, or bird lice, containing more than 3000 species."
Malone,Malone (Irish: Ó Maoileoin) is an Irish surname.
Malosma,"Malosma is a plant genus which contains only a single species, Malosma laurina, with the common names laurel sumac and lentisco (Spanish).Malosma laurina is found along the southern California and Baja California coasts of the Pacific Ocean."
Malpighia,"Malpighia is a genus of flowering plants in the nance family, Malpighiaceae."
Malpighiaceae,Malpighiaceae is a family of flowering plants in the order Malpighiales.
Malta,"Malta (  MOL-tə,  MAWL-tə, Maltese: [ˈmɐːltɐ]), officially the Republic of Malta (Maltese: Repubblika ta' Malta [rɛˈpʊbːlɪkɐ tɐ ˈmɐːltɐ]), is an island country in Southern Europe, located in the Mediterranean Sea."
Malthusianism,"Malthusianism is the theory that population growth is potentially exponential, according to the Malthusian growth model, while the growth of the food supply or other resources is linear, which eventually reduces living standards to the point of triggering a population decline."
Malus,"Malus ( or ) is a genus of about 30–55 species of small deciduous trees or shrubs in the family Rosaceae, including the domesticated orchard apple, crab apples and wild apples."
Malva,"Malva is a genus of herbaceous annual, biennial, and perennial plants in the family Malvaceae."
Malvaceae,"Malvaceae (), or the mallows, is a family of flowering plants estimated to contain 244 genera with 4225 known species."
Malvales,The Malvales are an order of flowering plants.
Malvastrum,Malvastrum is a genus of flowering plants belonging to the family Malvaceae.Its native range is the New World.
Malvaviscus,"Malvaviscus is a genus of flowering plants in the mallow family, Malvaceae."
Mamet,Mamet may refer to:
Mammea,Mammea is a flowering plant genus with about 70 species in the family Calophyllaceae.
Mammon,"Mammon  in the New Testament of the Bible is commonly thought to mean money, material wealth, or any entity that promises wealth, and is associated with the greedy pursuit of gain."
Mammutidae,Mammutidae is an extinct family of proboscideans belonging to Elephantimorpha.
Man,A man is an adult male human.
Managua,"Managua (Spanish pronunciation: [maˈnaɣwa]) is the capital and largest city of Nicaragua, and one of the largest cities in Central America."
Manama,"Manama (Arabic: الْمَنَامَة el-Menâme, Bahrani pronunciation: [elmɐˈnɑːmɐ]) is the capital and largest city of Bahrain, with an approximate population of 200,000 as of 2020."
Manawydan,"Manawydan fab Llŷr is a figure of Welsh mythology, the son of Llŷr and the brother of Brân the Blessed and Brânwen."
Manchester,"Manchester ( ) is a city and metropolitan borough of Greater Manchester, England, which had a population of 552,000 at the 2021 census."
Manchuria,"Manchuria refers to a region in Northeast Asia encompassing the entirety of present-day Northeast China or, historically, those areas combined with parts of the Russian Far East which are often referred to as Outer Manchuria."
Mandalay,"Mandalay ( or ; Burmese: မန္တလေး; MLCTS: manta.le: [mándəlé]) is the second-largest city in Myanmar, after Yangon."
Mandelstam,Mandelstam or Mandelshtam (Russian: Мандельштам) is a Jewish surname which may refer to:
Mandevilla,Mandevilla  is a genus of tropical and subtropical flowering vines belonging to the family Apocynaceae.
Mandrillus,"Mandrillus is a genus of large Old World monkeys distributed throughout central and southern Africa, consisting of two species: M. sphinx and M. leucophaeus, the mandrill and drill, respectively."
Manduca,"Manduca is a genus of moths in the family Sphingidae, the hawkmoths."
Manes,"In ancient Roman religion, the Manes (, Latin: mānēs, Classical Latin: [ˈmaː.neːs̠]) or Di Manes are chthonic deities sometimes thought to represent souls of deceased loved ones."
Mangifera,"Mangifera is a genus of flowering plants in the cashew family, Anacardiaceae."
Manhattan,Manhattan ( ) is the most densely populated and geographically smallest of the five boroughs of New York City.
Manichaeism,"Manichaeism (; in New Persian آیینِ مانی Āyīn-e Mānī; Chinese: 摩尼教; pinyin: Móníjiào) is a former major world religion, founded in the 3rd century CE by the Parthian prophet Mani (216–274 CE), in the Sasanian Empire.Manichaeism teaches an elaborate dualistic cosmology describing the struggle between a good, spiritual world of light, and an evil, material world of darkness."
Manidae,"Manidae (""spirits"") is the only extant family of pangolins from superfamily Manoidea."
Manihot,"Manihot is a genus in the diverse milkspurge family, Euphorbiaceae."
Manila,"Manila ( mə-NIL-ə, Spanish: [maˈnila]; Filipino: Maynila, pronounced [majˈnilaʔ]), officially the City of Manila (Filipino: Lungsod ng Maynila, [luŋˈsod nɐŋ majˈnilaʔ]), is the capital and second-most populous city of the Philippines."
Manilkara,Manilkara is a genus of trees in the family Sapotaceae.
Manipur,"Manipur (, US also ; Meitei: Kangleipak) is a state in northeast India, with the city of Imphal as its capital."
Maniraptora,Maniraptora is a clade of coelurosaurian dinosaurs which includes the birds and the non-avian dinosaurs that were more closely related to them than to Ornithomimus velox.
Manis,"Manis  (""spirit"") is a genus of South Asian and East Asian pangolins, the Asiatic pangolins, from subfamily Maninae, within family Manidae."
Manitoba,Manitoba (  MAN-ih-TOH-bə) is a province of Canada at the longitudinal centre of the country.
Mannheim,"Mannheim (German pronunciation: [ˈmanhaɪm] ; Palatine German: Mannem or Monnem), officially the University City of Mannheim (German: Universitätsstadt Mannheim), is the second-largest city in the German state of Baden-Württemberg, after the state capital of Stuttgart, and Germany's 21st-largest city, with a 2021 population of 311,831 inhabitants."
Mansfield,"Mansfield  is a market town and the administrative centre of the Mansfield District in Nottinghamshire, England."
Manson,Manson is a surname of Scottish origin.
Mantegna,Mantegna is a surname.
Mantell,Mantell is a surname.
Mantidae,"Mantidae is one of the largest families in the order of praying mantises, based on the type species Mantis religiosa; however, most genera are tropical or subtropical."
Mantineia,"Mantineia (also Mantinea ; Greek: Μαντίνεια; also Koine Greek Ἀντιγόνεια Antigoneia) was a city in ancient Arcadia, Greece, which was the site of two significant battles in Classical Greek history."
Mantispidae,"Mantispidae, known commonly as mantidflies, mantispids, mantid lacewings, mantisflies or mantis-flies, is a family of small to moderate-sized insects in the order Neuroptera."
Maoism,"Maoism, officially called Mao Zedong Thought by the Chinese Communist Party (CCP), is a variety of Marxism–Leninism that Mao Zedong developed to realize a socialist revolution in the agricultural, pre-industrial society of the Republic of China and later the People's Republic of China."
MapQuest,MapQuest (stylized as mapquest) is an American free online web mapping service.
Maputo,"Maputo (Portuguese pronunciation: [mɐˈputu]) is the capital, and largest city of Mozambique."
Maracaibo,"Maracaibo ( MARR-ə-KY-boh, Spanish: [maɾaˈkajβo] ; Wayuu: Marakaaya) is a city and municipality in northwestern Venezuela, on the western shore of the strait that connects Lake Maracaibo to the Gulf of Venezuela."
Maracay,"Maracay (Spanish pronunciation: [maɾaˈkaj]) is a city in north-central Venezuela, near the Caribbean coast, and is the capital and most important city of the state of Aragua."
Marantaceae,"The Marantaceae are a family, the arrowroot family, of flowering plants consisting of 31 genera and around 530 species, defining it as one of the most species-rich families in its order."
Marasmius,Marasmius is a genus of mushroom-forming fungi in the family Marasmiaceae.
Marathon,"The marathon (from Greek  Μαραθώνιος) is a long-distance foot race with a distance of 42.195 km (26 mi 385 yd), usually run as a road race, but the distance can be covered on trail routes."
Marattia,"Marattia is a small genus of primitive, large, fleshy eusporangiate ferns."
Marattiaceae,Marattiaceae is the only family of extant (living) ferns in the order Marattiales.
March,March is the third month of the year in both the Julian and Gregorian calendars.
Marchantia,Marchantia is a genus of liverworts in the family Marchantiaceae and the order Marchantiales.
Marchantiaceae,Marchantiaceae is a family of liverworts in order Marchantiales.
Marchantiales,"Marchantiales is an order of thallose liverworts (also known as ""complex thalloid liverworts"") that includes species like Marchantia polymorpha, a widespread plant often found beside rivers, and Lunularia cruciata, a common and often troublesome weed in moist, temperate gardens and greenhouses."
Marche,"Marche ( MAR-kay, Italian: [ˈmarke] ), in English sometimes referred to as the Marches ( MAR-chiz), is one of the twenty regions of Italy."
Marciano,Marciano is both a surname and a given name.
Marcionism,Marcionism was an early Christian dualistic belief system that originated with the teachings of Marcion of Sinope in Rome around the year 144.
Marduk,"Marduk (Cuneiform: 𒀭𒀫𒌓 dAMAR.UTU; Sumerian: amar utu.k ""calf of the sun; solar calf""; Hebrew: מְרֹדַךְ, Modern: Merōdaḵ, Tiberian: Mərōḏaḵ) was a god from ancient Mesopotamia and patron deity of the city of Babylon who eventually rose to power in the First Millennium BCE. In the city of Babylon, Marduk was worshipped in the temple Esagila."
Marginocephalia,Marginocephalia (/mär′jə-nō-sə-făl′ē-ən/ Latin: margin-head) is a clade of ornithischian dinosaurs that is characterized by a bony shelf or margin at the back of the skull.
Mariehamn,"Mariehamn  ( mə-REE-ə-hah-mən, Finland Swedish: [mɑriːeˈhɑmn] ; Finnish: Maarianhamina [ˈmɑːriɑnˌhɑminɑ]; Latin: Portus Mariae) is the capital of Åland, an autonomous territory under Finnish sovereignty."
Marines,"Marines, or naval infantry, are soldiers who specialise at operating in littoral zones, both on land and at sea."
Marini,Marini (last name) is a surname of Roman/Italian Catholic origin; closely associated with the last names: Marino and Mariani with the three patronymic forms emerging from the same region at approximately the same time.
Markov,"Markov (Bulgarian, Russian: Марков), Markova, and Markoff are common surnames used in Russia and  Bulgaria."
Marrakesh,"Marrakesh or Marrakech ( or ; Arabic: مراكش, romanized: murrākuš, pronounced [murraːkuʃ]; Berber languages: ⵎⵕⵕⴰⴽⵛ, romanized: mṛṛakc) is the fourth largest city in Morocco."
Marrano,"Marranos is one of the terms used in relation to Spanish and Portuguese Jews who converted or were forced by the Spanish and Portuguese crowns to convert to Christianity during the fifteenth and sixteenth centuries, but continued to practice Judaism in secrecy or were suspected of it, referred to as Crypto-Jews."
Marrubium,"Marrubium (horehound or hoarhound) is a genus of flowering plants in the family Lamiaceae, native to temperate regions of Europe, North Africa, and Asia as far east as the Xinjiang region of western China."
Mars,Mars is the fourth planet from the Sun.
Marsala,"Marsala (Italian: [marˈsaːla], local Sicilian: [maɪsˈsaːla]; Latin: Lilybaeum) is an Italian comune located in the Province of Trapani in the westernmost part of Sicily."
Marseille,Marseille (formerly spelled in English as Marseilles; Occitan (Provençal): Marsiho or Marselha) is the prefecture of the French department of Bouches-du-Rhône and capital of the Provence-Alpes-Côte d'Azur region.
Marsh,A marsh is — according to ecological definitions — a wetland that is dominated by herbaceous rather than woody plant species.
Marsilea,Marsilea is a genus of approximately 65 species of aquatic ferns of the family Marsileaceae.
Marsileaceae,"Marsileaceae () is a small family of heterosporous aquatic and semi-aquatic ferns, though at first sight they do not physically resemble other ferns."
Martial,"Marcus Valerius Martialis (known in English as Martial ; March, between 38 and 41 AD – between 102 and 104 AD) was a Roman poet born in Hispania (modern Spain) best known for his twelve books of Epigrams, published in Rome between AD 86 and 103, during the reigns of the emperors Domitian, Nerva and Trajan."
Martinique,"Martinique ( MAR-tin-EEK, French: [maʁtinik] ; Martinican Creole: Matinik or Matnik; Kalinago: Madinina or Madiana) is an island in the Lesser Antilles of the West Indies, in the eastern Caribbean Sea."
Martyniaceae,Martyniaceae is a family of flowering plants in the Lamiales order that are restricted to the Americas.
Marxism,"Marxism is a political philosophy and method of socioeconomic analysis that uses a materialist interpretation of historical development, better known as historical materialism, to understand class relations and social conflict and a dialectical perspective to view social transformation."
Maryland,Maryland (US:   MERR-il-ənd) is a state in the Mid-Atlantic region of the United States.
Masa,Masa or masa de maíz (English: ; Spanish pronunciation: [ˈmasa]) is a maize dough that comes from ground nixtamalized corn.
Maseru,Maseru is the capital and largest city of Lesotho.
Mashhad,"Mashhad (Persian: مشهد, romanized: Mašhad [mæʃˈhæd] ), also spelled Mashad, was the capital of Persia during the Afsharid dynasty by Nader Afshar and now is the second-most-populous city in Iran, located in the relatively remote north-east of the country about 900 kilometres (560 miles) from Tehran."
Mashi,"Mashi is a Local Government Area in Katsina State, Nigeria, sharing a border with the Republic of Niger."
Mashriq,"The Mashriq (; Arabic: المشرق, romanized: al-Mashriq, lit. 'the east'), also known as the Arab Mashriq (Arabic: المشرق العربي), sometimes spelled Mashreq or Mashrek, is a term used by Arabs to refer to the eastern part of the Arab world, located in Western Asia and eastern North Africa."
Masonite,Masonite (also called Quartrboard and pressboard) is a type of hardboard (a kind of engineered wood) made of steam-cooked and pressure-molded wood fibers in a process patented by William H. Mason.
Masonry,"Masonry is the craft of building a structure with brick, stone, or similar material, including mortar plastering which are often laid in, bound and pasted together by mortar."
Masoud,"Masoud (Arabic: مسعود يُقرأ:مَس عُود, lit. 'fortune, happy, prosperous, lucky'; Persian: مسعود خوانده شود:مسود) is a given name and surname, with origins in Persian and Arabic."
Mass,Mass is an intrinsic property of a body.
Massachusetts,"Massachusetts (  MASS-ə-CHOO-sits,  -⁠zits; Massachusett: Muhsachuweesut [məhswatʃəwiːsət]), officially the Commonwealth of Massachusetts, is the most populous state in the New England region of the Northeastern United States."
Massasoit,Massasoit Sachem  () or Ousamequin (c.
Massawa,"Massawa or Mitsiwa ( muh-SAH-wuh; Tigrinya: ምጽዋዕ, romanized: məṣṣəwaʿ; Tigre: ባጸዕ, baṣäʿ or ባድዕ, badəʿ; Ge'ez: ምጽዋ; Arabic: مَصَّوَع; Italian: Massaua; Portuguese: Maçuá) is a port city in the Northern Red Sea region of Eritrea, located on the Red Sea at the northern end of the Gulf of Zula beside the Dahlak Archipelago."
Masticophis,"Masticophis is a genus of colubrid snakes, commonly referred to as whip snakes or coachwhips, which are endemic to the Americas."
Mastigomycotina,"Mastigomycotina is a former polyphyletic taxonomic grouping, a subdivision, of fungi, similar to Phycomycetes, and that included the zoosporic classes Chytridiomycetes, Hyphochytriomycetes, Plasmodiophoromycetes and Oomycetes.General features of Mastigomycotina:
They produce flagellated cells during their lifetime."
Mastigoproctus,Mastigoproctus is a genus of whip scorpions.
Mastotermes,Mastotermes is a genus of termites.
Mastotermitidae,"Mastotermitidae is a family of termites with one sole living species, Mastotermes darwiniensis which is found only in northern Australia."
Matricaria,Matricaria is a genus of flowering plants in the chamomile tribe within the sunflower family.
Matterhorn,"The Matterhorn (German: [ˈmatɐˌhɔʁn] , Swiss Standard German: [ˈmatərˌhɔrn]; Italian: Cervino [tʃerˈviːno]; French: Cervin [sɛʁvɛ̃]) is a mountain of the Alps, straddling the main watershed and border between Italy and Switzerland."
Matteuccia,"Matteuccia is a genus of ferns with one species: Matteuccia struthiopteris (common names ostrich fern, fiddlehead fern, or shuttlecock fern)."
Matthiola,Matthiola () is a genus of flowering plant in the mustard family Brassicaceae.
Mattole,"The Mattole, including the Bear River Indians, are a group of Native Americans in California."
Maugham,Maugham is a surname most commonly associated with the English literary family.
Maui,"The island of Maui (; Hawaiian: [ˈmɐwwi]) is the second-largest island of the state of Hawaii at 727.2 square miles (1,883 km2), and the 17th-largest island in the United States."
Mauritania,"Mauritania, officially the Islamic Republic of Mauritania (Arabic: الجمهورية الإسلامية الموريتانية), is a sovereign country in Northwest Africa."
Mauritius,"Mauritius, officially the Republic of Mauritius, is an island country in the Indian Ocean, about 2,000 kilometres (1,100 nautical miles) off the southeastern coast of East Africa, east of Madagascar."
Maurois,Maurois (French pronunciation: [moʁwa]) is a commune in the Nord department in northern France.
Mauser,"Mauser, originally the Königlich Württembergische Gewehrfabrik, was a German arms manufacturer."
Mawlamyine,Mawlamyine (also spelled Mawlamyaing; Burmese: မော်လမြိုင်မြို့; MLCTS: mau la.
Maximian,"Maximian (Latin: Marcus Aurelius Valerius Maximianus; c. 250 – c. July 310), nicknamed Herculius, was Roman emperor from 286 to 305."
May,May is the fifth month of the year in the Julian  and Gregorian calendars.
Mayaca,"Mayaca is a genus of flowering plants, often placed in its own family, the Mayacaceae (or Mayaceae in earlier systems)."
Mayday,Mayday is an emergency procedure word used internationally as a distress signal in voice-procedure radio communications.
Mayenne,Mayenne (French: [majɛn] ) is a landlocked department in northwest France named after the river Mayenne.
Mayetiola,Mayetiola are a genus of flies from the family Cecidomyiidae.
Mayflower,"Mayflower was an English sailing ship that transported a group of English families, known today as the Pilgrims, from England to the New World in 1620."
Mays,"Mays may refer to:
People with the surname include:

Al Mays (1865–1905), American baseball pitcher
Albert Mays (footballer) (1929–1973), Welsh professional footballer and amateur cricketer
Alvoid Mays (born 1966), American football cornerback
Aspen Mays (born 1980), American artist
Benjamin Mays (1894–1984), American minister, educator, and social activist
Bill Mays (born 1944), American jazz pianist
Billy Mays (1958–2009), American television commercial salesman
Billy Mays (footballer) (1902–1959), Welsh footballer
Brad Mays (born 1955), independent filmmaker and stage director
Brook Mays, investor in the Brook Mays Music Group
Cade Mays (born 1999), American football player
Carl Mays (1891–1971), American baseball player
Carol Jean Mays (1933–2021), American politician from Missouri
Carolene Mays (born 1961), American politician and government official
Charles Mays (1941–2005), American Olympic athlete and politician
Corey Mays (born 1983), American football linebacker
Damon Mays (born 1968), American football wide receiver
Daniel Mays (born 1978), English actor
Dannite H. Mays (1852–1930), American farmer and politician
David Mays (fl."
Mbabane,"Mbabane (; Swazi: ÉMbábáne, IPA: [ɛ́ᵐbʱáɓánɛ]) is a city in Eswatini (previously called Swaziland), and is one of the two capitals (along with Lobamba), serving as the executive capital."
Mbeya,"Mbeya is a city located in south west Tanzania, Africa, with an urban population of 649,000 in 2023."
McCarthyism,"McCarthyism, also known as the second Red Scare, was the political repression and persecution of left-wing individuals and a campaign spreading fear of alleged communist and Soviet influence on American institutions and of Soviet espionage in the United States during the late 1940s through the 1950s."
McCullers,McCullers is a surname.
McGuffin,"McGuffin is a surname of Irish origin, thought to originate from County Donegal."
McKim,McKim is a surname.
McLuhan,McLuhan is a surname.
McPherson,McPherson is a Scottish surname.
Mead,"Mead (), also called hydromel (particularly when low in alcohol content), is an alcoholic beverage made by fermenting honey mixed with water, and sometimes with added ingredients such as fruits, spices, grains, or hops."
Meany,Meany is a surname.
Mecca,"Mecca (; officially Makkah al-Mukarramah, commonly shortened to Makkah) is the capital of Mecca Province in the Hejaz region of western Saudi Arabia and the holiest city in Islam."
Meccano,"Meccano is a brand of model construction system created in 1898 by Frank Hornby in Liverpool, England."
Meconopsis,Meconopsis is a genus of flowering plants in the poppy family Papaveraceae.
Mecoptera,"Mecoptera (from the Greek: mecos = ""long"", ptera = ""wings"") is an order of insects in the superorder Holometabola with about six hundred species in nine families worldwide."
Medan,"Medan ( meh-DAHN, Indonesian: [mɛˈdan] ) is the capital and largest city of the Indonesian province of North Sumatra."
Medea,"In Greek mythology, Medea (; Ancient Greek: Μήδεια, romanized: Mḗdeia; meaning ""planner"", ""schemer"") is the daughter of King Aeëtes of Colchis, a niece of Circe and the granddaughter of the sun god Helios."
Medicago,"Medicago is a genus of flowering plants, commonly known as medick or burclover, in the legume family (Fabaceae)."
Medicaid,"In the United States, Medicaid is a government program that provides health insurance for adults and children with limited income and resources."
Medina,"Medina, officially Al-Madinah al-Munawwarah (Arabic: المدينة المنورة, romanized: al-Madīnah al-Munawwarah, lit. 'The Luminous City', Hejazi Arabic pronunciation: [al.maˈdiːna al.mʊˈnawːara]) and also commonly simplified as Madīnah or Madinah (المدينة, al-Madina), is the capital of Medina Province in the Hejaz region of western Saudi Arabia."
Medinilla,"Medinilla is a genus of about 400 species of flowering plants in the family Melastomataceae, native to tropical regions of the Old World from Africa (two species) east through Madagascar (about 70 species) and southern Asia to the western Pacific Ocean islands."
Medusa,"In Greek mythology, Medusa (; Ancient Greek: Μέδουσα, romanized: Médousa, lit. 'guardian, protectress'), also called Gorgo, was one of the three Gorgons."
Megachile,"The genus Megachile is a cosmopolitan group of solitary bees, often called leafcutter bees or leafcutting bees; it also includes the called resin bees and mortar bees."
Megachilidae,Megachilidae is a cosmopolitan family of mostly solitary bees.
Megaderma,Megaderma is a genus of bat in the family Megadermatidae.
Megadermatidae,"Megadermatidae, or false vampire bats, are a family of bats found from central Africa, eastwards through southern Asia, and into Australia."
Megaera,"Megaera ( mə-JEER-ə; Ancient Greek: Μέγαιρα, romanized: Mégaira, lit. 'the jealous one') is one of the Erinyes, Eumenides or ""Furies"" in Greek mythology."
Megalonychidae,Megalonychidae is an extinct family of sloths including the extinct Megalonyx.
Megaloptera,Megaloptera is an order of insects.
Megalosauridae,Megalosauridae is a monophyletic family of carnivorous theropod dinosaurs within the group Megalosauroidea.
Megatheriidae,"Megatheriidae is a family of extinct ground sloths that lived from approximately 23 mya—11,000 years ago.Megatheriids appeared during the Late Oligocene (Deseadan in the SALMA classification), some 29 million years ago, in South America."
Megatherium,Megatherium ( meg-ə-THEER-ee-əm; from Greek méga (μέγα) 'great' + theríon (θηρίον) 'beast') is an extinct genus of ground sloths endemic to South America that lived from the Early Pliocene through the end of the Pleistocene.
Meir,Meir (Hebrew: מֵאִיר) is a Jewish male given name and an occasional surname.
Meissner,"Meissner, Meißner or Meisner may refer to:


== Geography ==
Meissner is the name of the following geographic features:

the Meißner (range), an important mountain range in Hesse, Germany
Hoher Meißner, the highest peak of the Meißner range
Meißner, Hesse, a community in the district Werra-Meißner-Kreis, in Hesse, Germany


== Surnames ==
Meissner is a German surname."
Mekong,The Mekong or Mekong River is a trans-boundary river in East Asia and Southeast Asia.
Melampodium,"Melampodium is a genus of flowering plants in the sunflower family.These are rugged plants native to the tropical to subtropical regions that include Central America, Southwestern United States, California, Florida, the Caribbean, and South America."
Melampsora,Melampsora is a genus of Basidiomycota fungi.
Melampsoraceae,Melampsoraceae are a family of rust fungi in the order Pucciniales.
Melanerpes,Melanerpes is a genus of woodpeckers of the family Picidae found in the New World.
Melanesia,"Melanesia (UK: , US: ) is a subregion of Oceania in the southwestern Pacific Ocean."
Melanoplus,Melanoplus is a large genus of grasshoppers.
Melanotis,Melanotis is a genus of bird in the family Mimidae.
Melanthiaceae,"Melanthiaceae, also called the bunchflower family, is a family of flowering herbaceous perennial plants native to the Northern Hemisphere."
Melastoma,Melastoma is a genus in the family Melastomataceae.
Melastomataceae,Melastomataceae () is a family of dicotyledonous flowering plants found mostly in the tropics (two-thirds of the genera are from the New World tropics) comprising c.
Melbourne,"Melbourne (  MEL-bərn; Boonwurrung/Woiwurrung: Narrm or Naarm) is the capital of the Australian state of Victoria and the second-most populous city in Australia, after Sydney (although the most populous by contiguous urban area)."
Melchior,Melchior is the name traditionally given to one of the biblical Magi appearing in the Gospel of Matthew.
Meliaceae,"Meliaceae, the mahogany family, is a flowering plant family of mostly trees and shrubs (and a few herbaceous plants, mangroves) in the order Sapindales."
Melicoccus,"Melicoccus is a genus of ten species of flowering plants in the family Sapindaceae, native to tropical regions of northern and western South America.They are evergreen trees growing to 30 metres (98 ft) tall, with alternate pinnate leaves with 4 or 6 opposite leaflets (no terminal leaflet)."
Melicytus,Melicytus is a genus of flowering plants in the family Violaceae.
Melissa,Melissa is a female given name.
Melkite,"The term Melkite (), also written Melchite, refers to various Eastern Christian churches of the Byzantine Rite and their members originating in West Asia."
Mellivora,Mellivora is a genus of mustelids that contains the honey badger or ratel (Mellivora capensis).
Melocactus,"Melocactus (melon cactus), also known as the Turk's cap cactus, or Pope's head cactus, is a genus of cactus with about 30–40 species."
Melolontha,Melolontha is a genus of beetles in the family Scarabaeidae.
Melophagus,"Melophagus is a genus of biting flies in the family of louse flies, Hippoboscidae."
Melospiza,"Melospiza is a genus of passerine birds formerly placed in the family Emberizidae, but now placed in Passerellidae."
Melpomene,"In Greek mythology, Melpomene (; Ancient Greek: Μελπομένη, romanized: Melpoménē, lit. 'to sing' or 'the one that is melodious'), is the Muse of tragedy in Greek mythology."
Menander,Menander (; Greek: Μένανδρος Menandros; c.
Menelaus,"In Greek mythology, Menelaus (; Greek: Μενέλαος Menelaos, 'wrath of the people', from Ancient Greek  μένος (menos) 'vigor, rage, power', and  λαός (laos) 'people') was a Greek king of Mycenaean (pre-Dorian) Sparta."
Menispermaceae,Menispermaceae (botanical Latin: 'moonseed family' from Greek mene 'crescent moon' and sperma 'seed') is a family of flowering plants.
Menispermum,Menispermum (moonseed) is a small genus of deciduous climbing woody vines in the moonseed family (Menispermaceae).
Menominee,"The Menominee (; Menominee: omǣqnomenēwak meaning ""Menominee People"", also spelled Menomini, derived from the Ojibwe language word for ""Wild Rice People""; known as Mamaceqtaw, ""the people"", in the  Menominee language) are a federally recognized tribe of Native Americans officially known as the Menominee Indian Tribe of Wisconsin."
Menopon,"Menopon is a genus of lice belonging to the family Menoponidae.The species of this genus are found in Europe, Northern America, Southwestern Asia.Species:"
Menotti,"Menotti may refer to the following people:

Given nameMenotti Aristone (c.1942–2013), American jockey
Menotti de Tomazzo Sobrinho (born 1943), Brazilian football player
Menotti Del Picchia (1892–1988), Brazilian poet, journalist and painter
Menotti Jakobsson (1892–1970), Swedish skier
Menotti Lerro (1980), Italian poet, writer and academicSurnameGian Carlo Menotti (1911–2007), Italian-American composer and librettist
Ciro Menotti (1798–1831), Italian patriot
César Luis Menotti (born 1938), Argentine football coach and former player
Francis Menotti (born 1938), American actor and figure skater
Giacinto Menotti Serrati (1874–1926), Italian communist politician
Tatiana Menotti (1909–2001), Italian operatic sopranoSole nameMenotti, pen-name of Roberto Marchionni (b."
Mentha,"Mentha (also known as mint, from Greek μίνθα míntha, Linear B mi-ta) is a genus of plants in the family Lamiaceae (mint family)."
Menticirrhus,"Menticirrhus is a genus of marine ray-finned fish belonging to the family Sciaenidae, the drums or croakers."
Mentzelia,"Mentzelia is a genus of about 60-70 species of flowering plants in the family Loasaceae, native to the Americas."
Menuhin,Menuhin or  Menuchin is the surname of:
Menyanthaceae,Menyanthaceae is a family of aquatic and wetland plants in the order Asterales.
Menyanthes,Menyanthes is a monotypic genus of flowering plants in the family Menyanthaceae containing the single species Menyanthes trifoliata.
Menziesia,Menziesia was a genus of flowering plant in the family Ericaceae.
Mephistopheles,"Mephistopheles (, German pronunciation: [mefɪˈstoːfɛlɛs]), also known as Mephisto, is a demon featured in German folklore."
Mercedario,Cerro Mercedario is the highest peak of the Cordillera de la Ramada range and the eighth-highest mountain of the Andes.
Mercenaria,"Mercenaria is a genus of edible saltwater clams, marine bivalve molluscs in the family Veneridae, the Venus clams."
Merckx,"Merckx is a Dutch patronymic surname, from the given name Merk / Merkus, a regional form of Mark / Marcus."
Mergenthaler,Mergenthaler is a German surname.
Mergus,Mergus is the genus of the typical mergansers ( mur-GAN-sərz) fish-eating ducks in the subfamily Anatinae.
Merlin,"Merlin (Welsh: Myrddin, Cornish: Marzhin, Breton: Merzhin) is a mythical figure prominently featured in the legend of King Arthur and best known as a magician, with several other main roles."
Merlot,Merlot ( MUR-loh) is a dark blue–colored wine grape variety that is used as both a blending grape and for varietal wines.
Merluccius,"Merluccius is a genus of merluccid hakes from the Atlantic and Pacific Oceans, where mainly found relatively deep."
Merman,"A merman (pl.: mermen), the male counterpart of the mythical female mermaid, is a legendary creature which is human from the waist up and fish-like from the waist down, but may assume normal human shape."
Merostomata,Merostomata is a class of chelicerate arthropods that contains the extinct Eurypterida (sea scorpions) and the extant Xiphosura (horseshoe crabs).
Mertensia,Mertensia is a genus of flowering plants in the family Boraginaceae.
Meryta,Meryta is a genus in the flowering plant family Araliaceae.
Mesa,"A mesa is an isolated, flat-topped elevation, ridge or hill, which is bounded from all sides by steep escarpments and stands distinctly above a surrounding plain."
Mesembryanthemum,"Mesembryanthemum is a genus of flowering plants in the family Aizoaceae, indigenous to southern Africa."
Mesoamerica,"Mesoamerica is a historical region and cultural area that begins in the southern part of North America and extends to the Pacific coast of Central America, thus comprising the lands of central and southern Mexico, all of Belize, Guatemala, El Salvador, and small parts of Honduras, Nicaragua and Costa Rica."
Mesocricetus,"Mesocricetus is a genus of Old World hamsters, including the Syrian or golden hamster, the first hamster to be introduced as a domestic pet, and still the most popular species of hamster for that purpose."
Mesolithic,"The Mesolithic (Greek: μέσος, mesos 'middle' + λίθος, lithos 'stone') or Middle Stone Age is the Old World archaeological period between the Upper Paleolithic and the Neolithic."
Mesopotamia,"Mesopotamia is a historical region of West Asia situated within the Tigris–Euphrates river system, in the northern part of the Fertile Crescent."
Mesozoic,"The Mesozoic Era is the second-to-last era of Earth's geological history, lasting from about 252 to 66 million years ago, comprising the Triassic, Jurassic and Cretaceous Periods."
Mespilus,"Mespilus, commonly called medlar, is a monotypic genus of flowering plants in the family Rosaceae containing the single species Mespilus germanica of southwest Asia."
Messiah,"In Abrahamic religions, a messiah or messias (Hebrew: מָשִׁיחַ, romanized: māšīaḥ; Greek: μεσσίας,
messías; Arabic: مسيح,
masīḥ; lit. 'the anointed one') is a saviour or liberator of a group of people."
Messidor,Messidor (French pronunciation: [mesidɔʁ]) was the tenth month in the French Republican Calendar.
Messina,"Messina ( mess-EE-nə, US also  miss-, Italian: [mesˈsiːna] ; Sicilian: Missina [mɪsˈsiːna]) is a harbour city and the capital of the Italian Metropolitan City of Messina."
Mesua,"Mesua is a genus of flowering plants in the family Calophyllaceae, native to tropical southern Asia."
Metatheria,Metatheria is a mammalian clade that includes all mammals more closely related to marsupials than to placentals.
Methodism,"Methodism, also called the Methodist movement, is a group of historically related denominations of Protestant Christianity whose origins, doctrine and practice derive from the life and teachings of John Wesley."
Methuselah,"Methuselah (US: ; Hebrew: מְתוּשֶׁלַח‎ Məṯūšélaḥ, in pausa מְתוּשָׁלַח‎ Məṯūšālaḥ, ""His death shall send"" or ""Man of the Javelin"" or ""Death of Sword""; Greek: Μαθουσάλας Mathousalas) was a biblical patriarch and a figure in Judaism, Christianity, and Islam."
Metroxylon,"Metroxylon is a genus of monoecious flowering plants in the Arecaceae (palm) family, and commonly called the sago palms consisting of seven species."
Meuse,"The Meuse ( mewz, , US also  mu(r)z, French: [møz] ; Walloon: Moûze [muːs]) or Maas ( mahss, Dutch: [maːs] ; Limburgish: Maos [mɔːs] or Maas [maːs]) is a major European river, rising in France and flowing through Belgium and the Netherlands before draining into the North Sea from the Rhine–Meuse–Scheldt delta."
Mexicali,Mexicali (English:  ; Spanish: [mexiˈkali] )  is the capital city of the Mexican state of Baja California.
Mexico,"Mexico (Spanish: México), officially the United Mexican States, is a country in the southern portion of North America."
Miami,"Miami ( my-AM-ee), officially the City of Miami, is a coastal metropolis and the seat of Miami-Dade County in South Florida."
Micah,"Micah (; Hebrew: מִיכָה, Modern: Mikha, Tiberian: Mîḵā) is a given name."
Michaelmas,"Michaelmas ( MIK-əl-məs; also known as the Feast of Saints Michael, Gabriel, and Raphael, the Feast of the Archangels, or the Feast of Saint Michael and All Angels) is a Christian festival observed in many Western Christian liturgical calendars on 29 September, and on 8 November in the Eastern Christian traditions."
Michelangelo,"Michelangelo di Lodovico Buonarroti Simoni (Italian: [mikeˈlandʒelo di lodoˈviːko ˌbwɔnarˈrɔːti siˈmoːni]; 6 March 1475 – 18 February 1564), known mononymously as Michelangelo (English: ), was an Italian sculptor, painter, architect, and poet of the High Renaissance."
Michigan,Michigan (  MISH-ig-ən) is a state in the Great Lakes region of the upper Midwestern United States.
Michigander,"""Michigander"" ( mih-shə-GAN-der) and ""Michiganian"" ( mih-shə-GAY-nee-ən) are unofficial demonyms for natives and residents of the U.S. state of Michigan."
Mick,"Mick is a masculine given name or nickname, usually a short form (hypocorism) of Michael."
Mickey,"Mickey is a given name and nickname, almost always masculine and often a short form (hypocorism) of Michael, and occasionally a surname."
Microcentrum,"Microcentrum is a genus of phaneropterid bushcrickets, sometimes known as ""angle-wing katydids"" and found in the Americas."
Micrococcaceae,"The family Micrococcaceae includes bacterial genera of Gram positive cocci that inhabit the air and skin, such as  Micrococcus luteus."
Micrococcus,Micrococcus (mi’ krō kŏk’ Əs) is a genus of bacteria in the Micrococcaceae family.
Microdesmidae,"The Microdesmidae, the wormfishes and dartfishes, were a family of goby-like fishes in the order Gobiiformes, more recent workers have placed this taxon within the Gobiidae, although the researchers do not define the taxonomic status of this grouping within that family."
Microhylidae,"The Microhylidae, commonly known as narrow-mouthed frogs, are a geographically widespread family of frogs."
Micromeria,"Micromeria is a genus of flowering plants in the mint family, Lamiaceae, widespread across Europe, Asia, Africa, and North America, with a center of diversity in the Mediterranean region and the Canary Islands."
Micronesia,"Micronesia (UK: , US: ) is a subregion of Oceania, consisting of about 2,000 small islands in the Northwestern Pacific Ocean."
Micropogonias,"Micropogonias is a genus of marine ray-finned fishes belonging to  the family Sciaenidae, the drums and croakers."
Micropterus,"Micropterus is a genus of North American freshwater fish collectively known as the black bass, belonging to the sunfish family Centrarchidae of order Perciformes."
Microscopium,"Microscopium  (""the Microscope"") is a minor constellation in the southern celestial hemisphere, one of twelve created in the 18th century by French astronomer Nicolas-Louis de Lacaille and one of several depicting scientific instruments."
Microsporum,"Microsporum is a genus of fungi that causes tinea capitis, tinea corporis, ringworm, and other dermatophytoses (fungal infections of the skin)."
Microstomus,Microstomus is a genus of righteye flounders native to the North Pacific and Northeast Atlantic oceans.
Microtus,"Microtus is a genus of voles found in North America, Europe and northern Asia."
Micruroides,Micruroides is a genus of venomous coral snake in the family Elapidae.
Micrurus,Micrurus is a genus of venomous coral snakes of the family Elapidae.
Midas,"Midas (; Greek: Μίδας) was the name of a king in Phrygia with whom several myths became associated, as well as two later members of the Phrygian royal house."
Midgard,"In Germanic cosmology, Midgard (an anglicised form of Old Norse Miðgarðr; Old English Middangeard, Old Saxon Middilgard, Old High German Mittilagart, and Gothic Midjun-gards; ""middle yard"", ""middle enclosure"") is the name for Earth (equivalent in meaning to the Greek term οἰκουμένη : oikouménē, ""inhabited"") inhabited by and known to humans in early Germanic cosmology."
Midrash,Midrash (; Hebrew: מִדְרָשׁ; pl.
Mikania,Mikania is a genus of about 450 species of plants in the tribe Eupatorieae within the family Asteraceae.
Milan,"Milan ( mil-AN, US also  mil-AHN, Milanese: [miˈlãː] ; Italian: Milano, Italian: [miˈlaːno] ) is a city in Northern Italy, regional capital of Lombardy, and the second-most populous city proper in Italy after Rome."
Milk,Milk is a white liquid food produced by the mammary glands of mammals.
Miller,"A miller is a person who operates a mill, a machine to grind a grain (for example corn or wheat) to make flour."
Millet,"Millets () are a highly varied group of small-seeded grasses, widely grown around the world as cereal crops or grains for fodder and human food."
Miltiades,Miltiades (; Greek: Μιλτιάδης; c.
Miltonia,"Miltonia, abbreviated Milt."
Milvus,Milvus is a genus of medium-sized birds of prey.
Milwaukee,Milwaukee ( mil-WAW-kee) is the most populous city in the U.S. state of Wisconsin and the county seat of Milwaukee County.
Mimosoideae,"The Mimosoideae are a traditional subfamily of trees, herbs, lianas, and shrubs in the pea family (Fabaceae) that mostly grow in tropical and subtropical climates."
Mimus,Mimus is a bird genus in the family Mimidae.
Mindanao,"Mindanao (  MIN-də-NOW) is the second-largest island in the Philippines, after Luzon, and seventh-most populous island in the world."
Minden,"Minden (German: [ˈmɪndn] ) is a middle-sized town in the very north-east of North Rhine-Westphalia, Germany, the largest town in population between Bielefeld and Hanover."
Mindoro,Mindoro is the seventh largest and eighth-most populous island in the Philippines.
Minerva,"Minerva (; Latin: [mɪˈnɛru̯ä]; Etruscan: Menrva) is the Roman goddess of wisdom, justice, law, victory, and the sponsor of arts, trade, and strategy."
Minkowski,"Minkowski, Mińkowski or Minkovski (Slavic feminine: Minkowska, Mińkowska or Minkovskaya; plural: Minkowscy, Mińkowscy; Hebrew: מינקובסקי, Russian: Минковский) is a surname of Polish origin."
Minneapolis,"Minneapolis (  MIN-ee-AP-ə-lis), officially the City of Minneapolis, is a city in the state of Minnesota and the county seat of Hennepin County."
Minnesota,Minnesota (  MIN-ə-SOH-tə) is a state in the Upper Midwestern region of the United States.
Minnesotan,"The Minnesotan was an overnight passenger train run by the Chicago Great Western Railway, using the CGW's trackage between Grand Central Station in Chicago, Illinois, and Saint Paul Union Depot in Saint Paul, Minnesota, via Hayfield, Minnesota."
Minos,"In Greek mythology, Minos (; Greek: Μίνως, Ancient: [mǐːnɔːs] Modern: [ˈminos]) was a King of Crete, son of Zeus and Europa."
Minotaur,"In Greek mythology, the Minotaur ( MY-nə-tor, MIN-ə-tor, US:  MIN-ə-tar, -⁠oh-; Ancient Greek: Μινώταυρος [miːnɔ̌ːtau̯ros]; in Latin as Minotaurus [miːnoːˈtau̯rʊs]) is a mythical creature portrayed during classical antiquity with the head and tail of a bull and the body of a man(p 34) or, as described by Roman poet Ovid, a being ""part man and part bull""."
Minsk,"Minsk (Belarusian: Мінск, IPA: [mʲinsk]; Russian: Минск) is the capital and the largest city of Belarus, located on the Svislach and the now subterranean Niamiha rivers."
Minuartia,Minuartia is a genus of flowering plants commonly known as sandworts in the family Caryophyllaceae.
Miocene,"The Miocene ( MY-ə-seen, -⁠oh-) is the first geological epoch of the Neogene Period and extends from about 23.03 to 5.333 million years ago (Ma)."
Miri,"Miri  (Jawi: ميري‎; Chinese: 美里; pinyin: Méilǐ) is a coastal city in north-eastern Sarawak, Malaysia, located near the border of Brunei, on the island of Borneo."
Miridae,The Miridae are a large and diverse insect family at one time known by the taxonomic synonym Capsidae.
Mishnah,"The Mishnah or the Mishna (; Hebrew: מִשְׁנָה, ""study by repetition"", from the verb shanah שנה‎, or ""to study and review"", also ""secondary"") is the first major written collection of the Jewish oral traditions that are known as the Oral Torah."
Miss,"Miss (pronounced ) is an English language honorific typically used for a girl, for an unmarried woman (when not using another title such as ""Doctor"" or ""Dame""), or for a married woman retaining her maiden name."
Mississippi,"Mississippi ( ) is a state in the Southeastern region of the United States, bordered to the north by Tennessee; to the east by Alabama; to the south by the Gulf of Mexico; to the southwest by Louisiana; and to the northwest by Arkansas."
Missouri,Missouri is a state in the Midwestern region of the United States.
Mitchella,Mitchella is a genus of flowering plants in the family Rubiaceae.
Mitchum,"Mitchum is a brand of antiperspirant-deodorant, owned by US personal care company Revlon."
Mitella,Mitella is a genus of flowering plants known as miterworts or bishop's caps.
Mithra,"Mithra (Avestan: 𐬨𐬌𐬚𐬭𐬀 Miθra, Old Persian: 𐎷𐎰𐎼 Miça), commonly known as Mehr or Mithras among Romans, is an ancient Iranian deity of covenants, light, oath, justice, the sun, contracts, and friendship."
Mithraism,"Mithraism, also known as the Mithraic mysteries or the Cult of Mithras, was a Roman mystery religion centered on the god Mithras."
Mitra,Mitra (Proto-Indo-Iranian: *mitrás) is the name of an Indo-Iranian divinity that predates the Rigvedic Mitrá and Avestan Mithra.
Miwok,"The Miwok (also spelled Miwuk, Mi-Wuk, or Me-Wuk) are members of four linguistically related Native American groups indigenous to what is now Northern California, who traditionally spoke one of the Miwok languages in the Utian family."
Mnemosyne,"In Greek mythology and ancient Greek religion, Mnemosyne (; Ancient Greek: Μνημοσύνη, pronounced [mnɛːmosýːnɛː]) is the goddess of memory and the mother of the nine Muses by her nephew Zeus."
Mniaceae,Mniaceae is a moss family in the order Bryales.
Mnium,Mnium is a genus of mosses belonging to the family Mniaceae.
Mobula,"Mobula is a genus of rays in the family Mobulidae that is found worldwide in tropical and warm, temperate seas."
Mobulidae,The Mobulidae (manta rays and devilfishes) are a family of rays consisting mostly of large species living in the open ocean rather than on the sea bottom.
Moehringia,Moehringia is a genus of flowering plants in the family Caryophyllaceae.
Mogadishu,"Mogadishu (, also US: ; Somali: Muqdisho, Wadaad: مُقْدِشو‎ [mʉq'dɪ:ʃɔ] or Xamar, Wadaad: حَمَرْ‎ [ħɑmɑr]; Arabic: مقديشو‎, Italian: Mogadiscio), locally known as Xamar or Hamar, is the capital and most populous city of Somalia."
Mohammedan,"Mohammedan (also spelled Muhammadan, Mahommedan, Mahomedan or Mahometan) is a term for a follower of Muhammad, the Islamic prophet."
Moirai,"In ancient Greek religion and mythology, the Moirai () often known in English as the Fates—were the personifications of destiny."
Moldavia,"Moldavia (Romanian: Moldova, pronounced [molˈdova]  or Țara Moldovei, literally ""The Country of Moldavia""; in Romanian Cyrillic: Молдова or Цара Мѡлдовєй; Church Slavonic: Землѧ Молдавскаѧ; Greek: Ἡγεμονία τῆς Μολδαβίας) is a historical region and former principality in Central and Eastern Europe, corresponding to the territory between the Eastern Carpathians and the Dniester River."
Moldova,"Moldova (  mol-DOH-və, sometimes UK:  MOL-də-və; Romanian pronunciation: [molˈdova]), officially the Republic of Moldova (Romanian: Republica Moldova), is a landlocked country in Eastern Europe, on the northeastern corner of the Balkans."
Molidae,"The Molidae comprise the family of the molas or ocean sunfishes, unusual fish whose bodies come to an end just behind the dorsal and anal fins, giving them a ""half-fish"" appearance."
Molise,"Molise (UK:  mol-EE-zay, US:  MOH-lee-zay, moh-LEE-zay, Italian: [moˈliːze]; Neapolitan: Mulise) is a region of Southern Italy."
Mollusca,"Mollusca is the second-largest phylum of invertebrate animals, after  Arthropoda;  members are known as molluscs or mollusks ()."
Moloch,"Moloch, Molech, or Molek is a name or a term which appears in the Hebrew Bible several times, primarily in the Book of Leviticus."
Molokai,"Molokai () (Hawaiian: Molokaʻi pronounced [ˈmoloˈkɐi, ˈmoloˈkɐʔi]) is the fifth most populated of the eight major islands that make up the Hawaiian Islands archipelago in the middle of the Pacific Ocean."
Molva,"Molva is a genus of lotid fishes, the lings, with these currently recognized species:
Molva dypterygia (Pennant, 1784) (blue ling)
Molva macrophthalma (Rafinesque, 1810) (Spanish ling)
Molva molva (Linnaeus, 1758) (common ling)


== Etymology ==
The generic name derives ultimately from Latin morua (""codfish""), which became morlue in Old French and then molva in Provencal and molve in Modern French."
Mombasa,Mombasa ( mom-BASS-ə; also US:  -⁠BAH-sə) is a coastal city in southeastern Kenya along the Indian Ocean.
Mommsen,"Mommsen is a surname, and may refer to one of a family of German historians, see Mommsen family:"
Momordica,"Momordica is a genus of about 60 species of annual or perennial climbers herbaceous or rarely small shrubs belonging to the family Cucurbitaceae, natives of tropical and subtropical Africa and Asia and Australia."
Momotus,"Momotus is a small genus of the motmots, a family of near passerine birds found in forest and woodland of the Neotropics."
Momus,"Momus (; Ancient Greek: Μῶμος Momos) in Greek mythology was the personification of satire and mockery, two stories about whom figure among Aesop's Fables."
Monaco,"Monaco (  MON-ə-koh, French: [mɔnako]; Monégasque: Mùnegu [ˈmuneɡu]), officially the Principality of Monaco, is a sovereign city-state and microstate on the French Riviera a few kilometres west of the Italian region of Liguria, in Western Europe, on the Mediterranean Sea."
Monardella,Monardella is a genus of approximately 40 species of annual and perennial plants native to western North America from British Columbia to northwestern Mexico.
Monday,Monday is the day of the week that takes place between Sunday and Tuesday.
Monera,"Monera  (/məˈnɪərə/) (Greek: μονήρης (monḗrēs), ""single"", ""solitary"") is historically a biological kingdom that is made up of prokaryotes."
Moneses,"Moneses uniflora, the one-flowered wintergreen (British Isles), single delight, wax-flower, shy maiden, star of Bethlehem (Aleutians), St."
Mongolia,"Mongolia (  mong-GOH-lee-ə) is a landlocked country in East Asia, bordered by Russia to the north and China to the south."
Mongoloid,"Mongoloid () is an obsolete racial grouping of various peoples indigenous to large parts of Asia, the Americas, and some regions in Europe and Oceania."
Monk,"A monk (, from Greek: μοναχός,  monachos, ""single, solitary"" via Latin monachus) is a person who practices religious asceticism by living a monastic  lifestyle, either alone or with any number of other monks."
Monochamus,Monochamus is a genus of longhorn beetles found throughout the world.
Monod,"Monod is a surname, and may refer to:

Adolphe Monod (1802–1856), French Protestant churchman; brother of Frédéric Monod."
Monodontidae,"The cetacean family Monodontidae comprises two living whale species, the narwhal and the beluga whale and at least four extinct species, known from the fossil record."
Monomorium,Monomorium is a genus of ants in the subfamily Myrmicinae.
Monophysitism,"Monophysitism ( mə-NOF-ih-seye-tih-zəm) or monophysism ( mə-NOF-ih-zih-zəm; from Greek μόνος monos, ""solitary"" and φύσις physis, ""nature"") is a Christology that states that in the person of the incarnated Word (that is, in Jesus Christ) there was only one nature—the divine."
Monopoly,"A monopoly (from Greek μόνος, mónos, 'single, alone' and πωλεῖν, pōleîn, 'to sell'), as described by Irving Fisher, is a market with the ""absence of competition"", creating a situation where a specific person or enterprise is the only supplier of a particular thing."
Monothelitism,"Monothelitism, or monotheletism (from Greek: μονοθελητισμός, romanized: monothelētismós, lit. 'doctrine of one will'), is a theological doctrine in Christianity, that holds Christ as having only one will."
Monotropa,Monotropa is a genus of three species of herbaceous perennial flowering plants that were formerly classified in the family Monotropaceae and presently are classified in Ericaceae.
Monrovia,Monrovia () is the capital city of the West African country of Liberia.
Monsieur,Monsieur ( mə-SYUR; French: [məsjø] ; pl.
Monsignor,Monsignor (; Italian: monsignore [monsiɲˈɲoːre]) is a form of address or title for certain members of the clergy in the Catholic Church.
Montana,Montana ( ) is a state in the Mountain West subregion of the Western United States.
Montenegro,"Montenegro (  MON-tin-E(E)G-roh, -⁠AY-groh; Montenegrin: Crna Gora / Црна Гора; Albanian: Mali i Zi; lit. 'Black Mountain') is a country in Southeast Europe."
Monterrey,"Monterrey (  MON-tə-RAY, Spanish: [monteˈrej] ) is the capital and largest city of the northeastern state of Nuevo León, Mexico, and the second largest city in Mexico behind Mexico City."
Montespan,Montespan (French pronunciation: [mɔ̃tɛspɑ̃]) is a commune in the Haute-Garonne department of southwestern France.
Montesquieu,"Charles Louis de Secondat, Baron de La Brède et de Montesquieu (French pronunciation: [ʃaʁl lwi də səɡɔ̃da baʁɔ̃ də la bʁɛd e də mɔ̃tɛskjø]; 18 January 1689 – 10 February 1755), generally referred to as simply Montesquieu (US: , UK also , French: [mɔ̃tɛskjø]), was a French judge, man of letters, historian, and political philosopher."
Montevideo,"Montevideo (, US also ; Spanish pronunciation: [monteβiˈðeo]) is the capital and largest city of Uruguay."
Montez,Montez is a surname.
Montia,Montia is a genus of plants in the family Montiaceae.
Montmartre,"Montmartre (UK:  mon-MAR-trə, French: [mɔ̃maʁtʁ] ) is a large hill in Paris's northern 18th arrondissement."
Montrachet,"For the restaurant, see Montrachet (restaurant)

Montrachet (pronounced Mon-rashay; French pronunciation: [mɔ̃ʁaʃɛ]) is an Appellation d'origine contrôlée (AOC) and Grand Cru vineyard for white wine made of Chardonnay in the Côte de Beaune subregion of Burgundy."
Montreal,"Montreal (CA:   MUN-tree-AWL; French: Montréal [mɔ̃ʁeal] ) is the second most populous city in Canada, the tenth most populous city in North America, and the most populous city in the province of Quebec."
Montserrat,Montserrat ( MONT-sə-RAT) is a British Overseas Territory in the Caribbean.
Moon,The Moon is Earth's only natural satellite.
Moraceae,The Moraceae—often called the mulberry family or fig family—are a family of flowering plants comprising about 38 genera and over 1100 species.
Moravia,"Moravia (Czech: Morava [ˈmorava] ; German: Mähren) is a historical region in the east of the Czech Republic and one of three historical Czech lands, with Bohemia and Czech Silesia."
Morchella,"Morchella, the true morels, is a genus of edible sac fungi closely related to anatomically simpler cup fungi in the order Pezizales (division Ascomycota)."
Morchellaceae,The Morchellaceae are a family of ascomycete fungi in the order Pezizales.
Mormonism,Mormonism is the religious tradition and theology of the Latter Day Saint movement of Restorationist Christianity started by Joseph Smith in Western New York in the 1820s and 1830s.
Mormons,"Mormons are a religious and cultural group related to Mormonism, the principal branch of the Latter Day Saint movement started by Joseph Smith in upstate New York during the 1820s."
Morocco,"Morocco ( ), officially the Kingdom of Morocco, is a country in the Maghreb region of North Africa."
Morone,Morone is a genus of temperate basses native to the Atlantic coast of North America and the freshwater systems of the midwestern and eastern United States.
Morpheus,"Morpheus  ('Fashioner', derived from the Ancient Greek: μορφή meaning 'form, shape') is a god associated with sleep and dreams."
Mortimer,"Mortimer () is an English surname, and occasionally a given name."
Mosaic,"A mosaic is a pattern or image made of small regular or irregular pieces of colored stone, glass or ceramic, held in place by plaster/mortar, and covering a surface."
Mosander,Mosander is a Swedish surname.
Moschus,Moschus (Greek: Μόσχος) was an ancient Greek bucolic poet and student of the Alexandrian grammarian Aristarchus of Samothrace.
Moscow,"Moscow ( MOS-koh, US chiefly  MOS-kow; Russian: Москва, tr."
Moselle,"The Moselle ( moh-ZEL, French: [mɔzɛl] ; German: Mosel [ˈmoːzl̩] ; Luxembourgish: Musel [ˈmuzəl] ) is a river that rises in the Vosges mountains and flows through north-eastern France and Luxembourg to western Germany."
Moses,"Moses () is considered the most important prophet in Judaism and one of the most important prophets in Christianity, Islam, the Druze faith, the Baháʼí Faith, and other Abrahamic religions."
Mossad,"The Institute for Intelligence and Special Operations (Hebrew: המוסד למודיעין ולתפקידים מיוחדים ha-Mosád le-Modiʿín u-le-Tafkidím Meyuḥadím), popularly known as Mossad (UK:  MOSS-ad; US:  moh-SAHD), is the national intelligence agency of the State of Israel."
Mosul,"Mosul ( MOH-səl, moh-SOOL; Arabic: الموصل, romanized: al-Mawṣil, pronounced [alˈmawsˤil] , locally [ɪlˈmoːsˤɪl]; Kurdish: مووسڵ, romanized: Mûsil; Turkish: Musul; Syriac: ܡܘܨܠ, romanized: Māwṣil) is a major city in northern Iraq, serving as the capital of Nineveh Governorate."
Motacillidae,"The wagtails, longclaws, and pipits are a family, Motacillidae, of small passerine birds with medium to long tails."
Motherwell,"Motherwell (Scots: Mitherwall, Scottish Gaelic: Tobar na Màthar) is a town and former burgh in North Lanarkshire, Scotland, United Kingdom, south east of Glasgow."
Motown,Motown is an American record label owned by the Universal Music Group.
Mott,Mott is both an English surname and given name.
Moynihan,Moynihan is a surname of Irish origin.
Mozambique,"Mozambique ( ; Portuguese: Moçambique, pronounced [musɐ̃ˈbikɨ]; Chichewa: Mozambiki; Swahili: Msumbiji; Tsonga: Muzambhiki), officially the Republic of Mozambique (República de Moçambique, pronounced [ʁɛˈpuβlikɐ ðɨ musɐ̃ˈbikɨ]), is a country located in southeastern Africa bordered by the Indian Ocean to the east, Tanzania to the north, Malawi and Zambia to the northwest, Zimbabwe to the west, and Eswatini and South Africa to the southwest."
Mucoraceae,"The Mucoraceae are a family of fungi of the order Mucorales, characterized by having the thallus not segmented or ramified."
Mucorales,The Mucorales is the largest and best-studied order of zygomycete fungi.
Mugil,"Mugil is a genus of mullet in the family Mugilidae found worldwide in tropical and temperate coastal marine waters, but also entering estuaries and rivers."
Muhammad,"Muhammad (Arabic: مُحَمَّد, romanized: Muḥammad; English: /moʊˈhɑːməd/; Arabic: [mʊˈħæm.mæd]; c."
Muharram,"Muḥarram (Arabic: ٱلْمُحَرَّم) is the first month of the Islamic calendar, and one of the four sacred months of the year when warfare is forbidden."
Muhlenbergia,Muhlenbergia is a genus of plants in the grass family.The genus is named in honor of the German-American amateur botanist Gotthilf Heinrich Ernst Muhlenberg (1753-1815).
Mukalla,"Mukalla (Arabic: ٱلْمُكَلَّا, Al Mukallā) is a seaport and the capital city of Yemen's largest governorate, Hadhramaut."
Mullah,"Mullah (; Persian: ملا, romanized: mullā, mollā) is an honorific title for Shia and Sunni Muslim clergy and it is also an honorific title for a Muslim mosque leader."
Muller,Muller is a surname.
Mulloidichthys,"Mulloidichthys is a genus of fish in the family Mullidae native to coral and rocky reefs of the tropical Atlantic, Indian and Pacific Ocean."
Mullus,"Mullus is a subtropical marine genus of perciform fish of the family Mullidae (goatfish) and includes the red mullets, occurring mainly in the southwest Atlantic near the South American coast and in the Eastern Atlantic including the Mediterranean and the Black Sea."
Mumbai,"Mumbai ( , Marathi: [ˈmumbəi], IAST: Muṃbaī; formerly known as Bombay — the official name until 1995) is the capital city of the Indian state of Maharashtra."
Munich,Munich ( MEW-nik(h); German: München [ˈmʏnçn̩] ; Bavarian: Minga [ˈmɪŋ(ː)ɐ] ) is the capital and most populous city of the Free State of Bavaria.
Munro,"A Munro () is defined as a mountain in Scotland with a height over 3,000 feet (914.4 m), and which is on the Scottish Mountaineering Club (SMC) official list of Munros; there is no explicit topographical prominence requirement."
Muntingia,"Muntingia is a genus of plants in the family Muntingiaceae, comprising only one species, Muntingia calabura, and was named in honour of Abraham Munting."
Murdoch,"Murdoch ( MUR-dok, UK also  -⁠dəkh) is an Irish/Scottish given name, as well as a surname."
Muridae,"The Muridae, or murids, are the largest family of rodents and of mammals, containing approximately 1,383 species, including many species of mice, rats, and gerbils found naturally throughout Eurasia, Africa, and Australia.The name Muridae comes from the Latin mus (genitive muris), meaning ""mouse"", since all true mice belong to the family, with the more typical mice belonging to the genus Mus."
Murmansk,Murmansk (Russian: Мурманск; Kildin Sami: Мурман ланнҍ; Skolt Sami: Muurman and Northern Sami: Murmánska) is a port city and the administrative center of Murmansk Oblast in the far northwest part of Russia.
Muroidea,"The Muroidea are a large superfamily of rodents, including mice, rats, voles, hamsters, lemmings, gerbils, and many other relatives."
Musaceae,"Musaceae is a family of flowering plants composed of three genera with about 91 known species, placed in the order Zingiberales."
Musca,Musca (Latin for 'the fly') is a small constellation in the deep southern sky.
Muscadet,"Muscadet (UK:  MU(U)SK-ə-day, US:  MU(U)SK-ə-DAY, French: [myskadɛ] ) is a  French white wine."
Muscari,"Muscari is a genus of perennial bulbous plants native to Eurasia that produce spikes of dense, most commonly blue, urn-shaped flowers resembling bunches of grapes in the spring."
Muscat,"Muscat (Arabic: مَسْقَط, Masqaṭ pronounced [ˈmasqatˤ]) is the capital and most populated city in Oman."
Muscicapa,"Muscicapa is a genus of passerine birds belonging to the Old World flycatcher family Muscicapidae, and therein to the typical flycatchers of subfamily Muscicapinae."
Muscidae,Muscidae are a family of flies found in the superfamily Muscoidea.
Muscoidea,Muscoidea is a superfamily of flies in the subsection Calyptratae.
Muscovite,"Muscovite (also known as common mica, isinglass, or potash mica) is a hydrated phyllosilicate mineral of aluminium and potassium with formula KAl2(AlSi3O10)(F,OH)2, or (KF)2(Al2O3)3(SiO2)6(H2O)."
Mustelidae,"The Mustelidae (; from Latin mustela, weasel) are a diverse family of carnivorous mammals, including weasels, badgers, otters, martens, grisons, and wolverines."
Mutillidae,"The Mutillidae are a family of more than 7,000 species of wasps whose wingless females resemble large, hairy ants."
Mutinus,Mutinus is a genus of fungi in the family Phallaceae.
Mwanza,"Mwanza City, also known as Rock City to the residents, is a port city and capital of Mwanza Region on the southern shore of Lake Victoria in north-western Tanzania."
Myadestes,"Myadestes is a genus of solitaires, medium-sized mostly insectivorous birds in the thrush family, Turdidae."
Myanmar,"Myanmar (Burmese: မြန်မာ; MLCTS: Mranma, pronounced [mjəmà]), officially the Republic of the Union of Myanmar, also known as Burma (the official name until 1989), is a country in Southeast Asia."
Mycenae,"Mycenae ( my-SEE-nee; Ancient Greek: Μυκῆναι or Μυκήνη, Mykē̂nai or Mykḗnē) is an archaeological site near Mykines in Argolis, north-eastern Peloponnese, Greece."
Mycetophilidae,"Mycetophilidae is a family of small flies, forming the bulk of those species known as fungus gnats."
Mycobacteriaceae,Mycobacteriaceae is a family of bacteria in the phylum Actinomycetota.
Mycoplasmataceae,Mycoplasmataceae is a family of bacteria in the order Mycoplasmatales.
Mycteria,"Mycteria  is a genus of large tropical storks  with representatives in the Americas, east  Africa and southern and southeastern Asia."
Mycteroperca,"Mycteroperca is a genus of marine ray-finned fish, groupers from the subfamily Epinephelinae, part of the family Serranidae, which also includes the anthias and sea basses."
Mylanta,"Mylanta is a brand of over-the-counter drugs for digestive problems, manufactured by Infirst Healthcare USA under license from McNeil Consumer Healthcare, a division of Kenvue (formerly Pfizer since 2007 following its acquisition)."
Mylodontidae,"Mylodontidae is a family of extinct South American and North American ground sloths within the suborder Folivora of order Pilosa, living from around 23 million years ago (Mya) to 11,000 years ago."
Myocastor,"Myocastor is a genus of rodent that contains the living nutria (or coypu), as well as several fossil species."
Myomorpha,"The suborder Myomorpha contains 1,524 species of mouse-like rodents, nearly a quarter of all mammal species."
Myosotis,Myosotis ( MY-ə-SOH-tiss) is a genus of flowering plants in the family Boraginaceae.
Myrcia,"Myrcia is a genus of plants in the family Myrtaceae, containing about 765 species as of 2022."
Myrciaria,Myrciaria is a genus of large shrubs and small trees described as a genus in 1856.
Myrdal,"Myrdal is an area in Aurland, Norway."
Myriapoda,"Myriapods (from Ancient Greek  μυρίος (muríos) 'ten thousand', and  πούς (poús) 'foot') are the members of subphylum Myriapoda, containing arthropods such as millipedes and centipedes."
Myrica,"Myrica  is a genus of about 35–50 species of small trees and shrubs in the family Myricaceae, order Fagales."
Myricaceae,The Myricaceae are a small family of dicotyledonous shrubs and small trees in the order Fagales.
Myricaria,"Myricaria is a genus of flowering plants of the family Tamaricaceae, native to Eurasia."
Myriophyllum,"Myriophyllum (water milfoil) is a genus of about 69 species of freshwater aquatic plants, with a cosmopolitan distribution."
Myristica,Myristica is a genus of trees in the family Myristicaceae.
Myristicaceae,"The Myristicaceae are a family of flowering plants native to Africa, Asia, Pacific islands, and the Americas and has been recognized by most taxonomists."
Myrmecophagidae,"The Myrmecophagidae are a family of anteaters, the name being derived from the Ancient Greek words for 'ant' and 'eat' (myrmeco- and phagos)."
Myrmeleon,Myrmeleon is an ant-lion genus in the subfamily Myrmeleontinae.
Myroxylon,Myroxylon is a genus of Fabaceae native to Latin America.
Myrsine,Myrsine is a genus of flowering plants in the family Primulaceae.
Myrtaceae,"Myrtaceae (), the myrtle family, is a family of dicotyledonous plants placed within the order Myrtales."
Myrtales,The Myrtales are an order of flowering plants placed as a sister to the eurosids II clade as of the publishing of the Eucalyptus grandis genome in June 2014.The APG III system of classification for angiosperms still places it within the eurosids.
Myrtillocactus,"Myrtillocactus (from Latin, ""blueberry cactus"") is a genus of cacti."
Myrtus,Myrtus (commonly called   myrtle) is a genus of flowering plants in the family Myrtaceae.
Mysidacea,"The Mysidacea is a group of shrimp-like crustaceans in the superorder Peracarida, comprising the two extant orders Mysida and Lophogastrida and the prehistoric Pygocephalomorpha."
Mysidae,"Mysidae is the largest family of crustaceans in the order Mysida, with over 1000 species in around 170 genera."
Mysis,"Mysis is a genus of mysid crustaceans in the family Mysidae, distributed mainly in the coastal zone of the Arctic and high boreal seas."
Mysore,"Mysore (  my-SOR), officially Mysuru (Kannada: [ˈmaɪˈsuːɾu] ), is a metropolitan city in the southern Indian state of Karnataka."
Mytilene,"Mytilene (; Greek: Μυτιλήνη, romanized: Mytilíni [mitiˈlini] ) is the capital of the Greek island of Lesbos, and its port."
Mytilidae,Mytilidae are a family of small to large marine and brackish-water bivalve molluscs in the order Mytilida.
Myxine,"Myxine  is a genus of hagfish, from the Greek μυξῖνος (myxinos, ""slimy"")."
Myxinikela,"Myxinikela is an extinct genus of stem-hagfish known from the Late Carboniferous of Illinois, USA. It is the earliest definitive hagfish known from fossil remains, and one of only two alongside the Cretaceous crown-group hagfish Tethymyxine.Myxinikela's anatomy displays basal features of cyclostomes (cartilaginous branchial baskets, separation between esophageal and branchial passages, and a well-differentiated midline finfold), giving it a somewhat lamprey-like appearance, but it also has numerous derived traits of hagfishes such as a nasohypophyseal aperture, large velar cavity, and a cardinal heart; due to this, Myxinikela can be considered a transitional form between basal cyclostomes and modern hagfishes.Myxinikela is known from two specimens from the Mazon Creek fossil beds; such fossilized cyclostome specimens are rare due to their soft bodies, requiring very specific methods of preservation."
N'Djamena,N'Djamena (English:   ən-jah-MAY-nə) is the capital and largest city of Chad.
NASA,"The National Aeronautics and Space Administration (NASA ) is an independent agency of the U.S. federal government responsible for the civil space program, aeronautics research, and space research."
NATO,"The North Atlantic Treaty Organization (NATO  NAY-toh; French: Organisation du traité de l'Atlantique nord, OTAN), also called the North Atlantic Alliance, is an intergovernmental military alliance of 31 member states – 29 European and two North American."
NEC,"NEC Corporation (日本電気株式会社, Nippon Denki Kabushiki gaisha, an acronym for the Nippon Electric Company) is a Japanese multinational information technology and electronics corporation, headquartered at the NEC Supertower in Minato, Tokyo, Japan."
NIMBY,"NIMBY (, or nimby), an acronym for the phrase ""not in my back yard"", is a characterization of opposition by residents to proposed developments in their local area, as well as support for strict land use regulations."
Nabalus,"Nabalus is a genus of Asian and North American flowering plants in the tribe Cichorieae within the family Asteraceae.Nabalus is now considered the correct name for a group of plants in North America that were formerly considered to be members of Prenanthes, and were included in that genus in the Flora of North America treatment."
Nablus,"Nablus ( NA(H)B-ləs; Arabic: نابلس, romanized: Nābulus [ˈnæːblʊs, -lɪs] ; Hebrew: שכם, romanized: Šəḵem, ISO 259-3: Škem, pronounced [ʃχem] ; Samaritan Hebrew: ࠔࠬࠥࠊࠝࠌ, romanized: Šăkēm; Greek: Νεάπολις, romanized: Νeápolis) is a Palestinian city in the West Bank, located approximately 49 kilometres (30 mi) north of Jerusalem, with a population of 156,906."
Nabu,"Nabu (Akkadian: cuneiform: 𒀭𒀝 Nabû, Jewish Babylonian Aramaic: נְבוֹ‏, romanized: Nəḇo) is the Babylonian patron god of literacy, the rational arts, scribes, and wisdom."
Nagasaki,"Nagasaki (Japanese: 長崎, Hepburn: Nagasaki) (IPA: [naɡaꜜsaki]; lit."
Nageia,Nageia is a genus of conifers belonging to the podocarp family Podocarpaceae.
Nagoya,"Nagoya (名古屋市, Nagoya-shi, [naꜜɡoja] ) is the largest city in the Chūbu region, the fourth-most populous city proper with a population of 2.3 million in 2020, and the principal city of the Chūkyō metropolitan area, which is the third-most populous metropolitan area in Japan with a population of 10.11 million."
Nahuatl,"Nahuatl (English:  NAH-wah-təl; Nahuatl pronunciation: [ˈnaːwat͡ɬ] ), Aztec, or Mexicano is a language or, by some definitions, a group of languages of the Uto-Aztecan language family."
Nahum,"Nahum ( or ; Hebrew: נַחוּם Naḥūm) was a minor prophet whose prophecy is recorded in the Tanakh, also called the Hebrew Bible and The Old Testament."
Nairobi,Nairobi ( ny-ROH-bee) is the capital and largest city of Kenya.
Naja,"Naja  is a genus of venomous elapid snakes commonly known as cobras (or ""true cobras"")."
Najas,"Najas, the water-nymphs or naiads, is a genus of aquatic plants."
Najd,"Najd (Arabic: نَجْدٌ, pronounced [nad͡ʒd]) is the geographic center of Saudi Arabia, accounting for about a third of the country's modern population."
Nakuru,Nakuru is a city in the Rift Valley region of Kenya.
Nalchik,"Nalchik (Russian: Нальчик IPA: [ˈnalʲtɕɪk]; Kabardian: НалщӀэч IPA: [naːɮɕʼakʲ]; Karachay-Balkar: Нальчик IPA: [naltʃɯk]) is the capital city of Kabardino-Balkaria, Russia, situated at an altitude of 550 meters (1,800 ft) in the foothills of the Caucasus Mountains; about 100 kilometers (62 mi) northwest of Beslan (Beslan is in the Republic of North Ossetia–Alania)."
Namibia,"Namibia ( , ), officially the Republic of Namibia, is a country in Southern Africa."
Nammu,Nammu (𒀭𒇉 dENGUR = dLAGAB×ḪAL; also read Namma) was a Mesopotamian goddess regarded as a creator deity in the local theology of Eridu.
Namtar,"Namtar (Sumerian: 𒉆𒋻, lit. 'fate') was a figure in ancient Mesopotamian religion who, depending on the context, could be regarded both as a minor god and as a demon of disease."
Namur,"Namur (French: [namyʁ] ; German: [naˈmyːɐ̯] ; Dutch: Namen [ˈnaːmə(n)] ; Walloon: Nameur) is a city and municipality in Wallonia, Belgium."
Nanaimo,"Nanaimo ( nə-NY-moh) is a city of about 100,000 on the east coast of Vancouver Island, in British Columbia, Canada."
Nanchang,"Nanchang (UK: , US: ; Chinese: 南昌; pinyin: Nánchāng) is the capital of Jiangxi Province, People's Republic of China."
Nanjing,"Nanjing (; Chinese: 南京; pinyin: Nánjīng, Mandarin pronunciation: [nǎn.tɕíŋ] ), alternatively romanized as Nanking, is the capital of Jiangsu province of the People's Republic of China."
Nanning,"Nanning (, also ; simplified Chinese: 南宁; traditional Chinese: 南寧; pinyin: Nánníng; Zhuang: Namzningz) is the capital and largest city by population of the Guangxi Zhuang Autonomous Region in Southern China."
Nantes,"Nantes (, US also , French: [nɑ̃t] ; Gallo: Naunnt or Nantt [nɑ̃(ː)t]; Breton: Naoned [ˈnãunət]) is a city in Loire-Atlantique of France on the Loire, 50 km (31 mi) from the Atlantic coast."
Nantua,Nantua (French pronunciation: [nɑ̃tɥa] ; Arpitan: Nantuat) is a commune in and subprefecture of the Ain département in the Auvergne-Rhône-Alpes region in Eastern France.
Nantucket,Nantucket () is an island about 30 miles (48 km) south from Cape Cod.
Naples,"Naples ( NAY-pəlz; Italian: Napoli [ˈnaːpoli] ; Neapolitan: Napule [ˈnɑːpələ]) is the regional capital of Campania and the third-largest city of Italy, after Rome and Milan, with a population of 909,048 within the city's administrative limits as of 2022."
Napoleon,"Napoleon Bonaparte (born Napoleone di Buonaparte; 15 August 1769 – 5 May 1821), later known by his regnal name Napoleon I, was a French emperor and military commander who rose to prominence during the French Revolution and led successful campaigns during the Revolutionary Wars."
Narthecium,Narthecium is a Eurasian and North American genus of herbaceous flowering plants.
Naseby,"Naseby is a village in West Northamptonshire, England."
Nasua,Nasua is a genus of coatis of the family Procyonidae.
Natantia,"Natantia (Boas, 1880) is an obsolete taxon of decapod crustaceans, comprising those families that move predominantly by swimming – the shrimp (comprising Caridea and Procarididea), prawns (Dendrobranchiata) and boxer shrimp."
Naticidae,"Naticidae, common name moon snails or necklace shells, is a family of medium to large-sized predatory sea snails, marine gastropod molluscs in the clade Littorinimorpha."
Nation,"A nation is a large type of social organization where a collective identity has emerged from a combination of shared features across a given population, such as language, history, ethnicity, culture, territory or society."
Natrix,Natrix is a genus of Old World snakes found mainly across Eurasia (although the range of Natrix tessellata extends into Egypt and those of N. astreptophora and N. maura into north-west Africa) in the subfamily Natricinae of the family Colubridae.
Natta,Natta is a genus of jumping spiders that was first described by Ferdinand Anton Franz Karsch in 1879.
Nauclea,Nauclea is a genus of flowering plants in the family Rubiaceae.
Nauru,"Nauru ( nah-OO-roo or  NOW-roo; Nauruan: Naoero), officially the Republic of Nauru (Nauruan: Repubrikin Naoero) and formerly known as Pleasant Island, is an island country and microstate in Micronesia, part of Oceania in the Central Pacific."
Navajo,The Navajo are a Native American people of the Southwestern United States.
Navy,"A navy, naval force, military maritime fleet, maritime self-defense force, war navy, or maritime force is the branch of a nation's armed forces principally designated for naval and amphibious warfare; namely, lake-borne, riverine, littoral, or ocean-borne combat operations and related functions."
Nazareth,"Nazareth ( NAZ-ər-əth; Arabic: النَّاصِرَة, an-Nāṣira; Hebrew: נָצְרַת, Nāṣəraṯ; Syriac: ܢܨܪܬ, Naṣrath) is the largest city in the Northern District of Israel."
Nazism,"Nazism ( NA(H)T-siz-əm; also Naziism ), the common name in English for National Socialism (German: Nationalsozialismus, German: [natsi̯oˈnaːlzotsi̯aˌlɪsmʊs] ), is the far-right totalitarian socio-political ideology and practices associated with Adolf Hitler and the Nazi Party (NSDAP) in Nazi Germany."
Neanderthal,"Neanderthals ( nee-AN-də(r)-TAHL, nay-, -⁠THAHL; Homo neanderthalensis or H. sapiens neanderthalensis), also known colloquially as cavemen, are an extinct species or subspecies of archaic humans who lived in Eurasia until about 40,000 years ago."
Nebraska,Nebraska ( ) is a state in the Midwestern region of the United States.
Neckar,"The Neckar (German pronunciation: [ˈnɛkaʁ] ) is a 362-kilometre-long (225 mi) river in Germany, mainly flowing through the southwestern state of Baden-Württemberg, with a short section through Hesse."
Necturus,Necturus is a genus of aquatic salamanders in the family Proteidae.
Nefertiti,"Nefertiti () (c. 1370 – c. 1330 BC) was a queen of the 18th Dynasty of Ancient Egypt, the great royal wife of Pharaoh Akhenaten."
Negaprion,Negaprion is a genus of requiem sharks in the family Carcharhinidae.
Negev,"The Negev or Negeb (; Hebrew: הַנֶּגֶב, romanized: hanNégev; Arabic: ٱلنَّقَب, romanized: an-Naqab) is a desert and semidesert region of southern Israel."
Negro,"In the English language, the word negro (or sometimes negress for a female) is a term historically used to denote persons considered to be of Black African heritage."
Negroid,"Negroid (less commonly called Congoid) is an obsolete racial grouping of various people indigenous to Africa south of the area which stretched from the southern Sahara desert in the west to the African Great Lakes in the southeast, but also to isolated parts of South and Southeast Asia (Negritos)."
Nehemiah,"Nehemiah (; Hebrew: נְחֶמְיָה‎ Nəḥemyā, ""Yah comforts"") is the central figure of the Book of Nehemiah, which describes his work in rebuilding Jerusalem during the Second Temple period."
Nelumbo,"Nelumbo  is a genus of aquatic plants with large, showy flowers."
Nelumbonaceae,Nelumbonaceae is a family of aquatic flowering plants.
Nematocera,"The Nematocera (the name meaning ""thread-horns"") are a suborder of elongated flies with thin, segmented antennae and mostly aquatic larvae."
Nemea,"Nemea (; Ancient Greek: Νεμέα; Ionic Greek: Νεμέη) is an ancient site in the northeastern part of the Peloponnese, in Greece."
Nemertea,"Nemertea is a phylum of animals also known as ribbon worms or proboscis worms, consisting of 1300 known species."
Nemesis,"In ancient Greek religion and myth, Nemesis (; Ancient Greek: Νέμεσις, romanized: Némesis) also called Rhamnousia (or Rhamnusia; Ancient Greek: Ῥαμνουσία, romanized: Rhamnousía, lit. 'the goddess of Rhamnous'), was the goddess who personified retribution for the sin of hubris; arrogance before the gods."
Nenets,"The Nenets (Nenets: ненэй ненэче, romanized: nenəj nenəče; Russian: ненцы, romanized: nentsy), also known as Samoyeds (deprecated term), are a Samoyedic ethnic group native to Arctic Russia, Russian Far North."
Neoceratodus,Neoceratodus is a genus of lungfish in the family Neoceratodontidae.
Neolentinus,"Neolentinus is a genus of wood-decaying agarics with tough (leathery to woody) fruit bodies composed of dimitic tissue, serrated lamella edges, and nonamyloid white binucleate basidiospores among other features."
Neolithic,"The Neolithic or New Stone Age (from Greek νέος néos 'new' and λίθος líthos 'stone') is an archaeological period, the final division of the Stone Age in Europe, Asia and Africa."
Neomys,The genus Neomys is a group of four Eurasian water shrews from the subfamily Soricinae of the family Soricidae.
Neophron,"Neophron of Sicyon (Νεόφρων, -ονος) was one of the most prolific of the ancient Greek dramatists, to whom are accredited one hundred and twenty pieces, of which only a few fragments of his Medea remain."
Neoplatonism,Neoplatonism is a version of Platonic philosophy that emerged in the 3rd century AD against the background of Hellenistic philosophy and religion.
Nepal,"Nepal, officially the Federal Democratic Republic of Nepal, is a landlocked country in South Asia."
Nepenthes,"Nepenthes () is a genus of carnivorous plants, also known as tropical pitcher plants, or monkey cups, in the monotypic family Nepenthaceae."
Nepeta,Nepeta is a genus of flowering plants in the family Lamiaceae.
Nephelium,"Nephelium is a genus of about 25 species of flowering plants in the family Sapindaceae, native to southeastern Asia."
Nephrolepis,Nephrolepis is a genus of about 30 species of ferns.
Nephrops,"Nephrops is a genus of lobsters comprising a single extant species, Nephrops norvegicus (the Norway lobster or Dublin Bay prawn), and several fossil species."
Nephthys,Nephthys or Nebet-Het in ancient Egyptian (Greek: Νέφθυς) was a goddess in ancient Egyptian religion.
Nepidae,Nepidae is a family of exclusively aquatic Heteropteran insects in the order Hemiptera.
Neptune,Neptune is the eighth and farthest planet from the Sun.
Nereus,"In Greek mythology, Nereus ( NEER-ee-əs; Ancient Greek: Νηρεύς, romanized: Nēreús) was the eldest son of Pontus (the Sea) and Gaia (the Earth), with Pontus himself being a son of Gaia."
Nergal,"Nergal (Sumerian: 𒀭𒄊𒀕𒃲 dKIŠ.UNU or dGÌR.UNU.GAL; Hebrew: נֵרְגַל, Modern: Nergal, Tiberian: Nērgal; Aramaic: ܢܸܪܓܲܠ; Latin: Nirgal) was a Mesopotamian god worshiped through all periods of Mesopotamian history, from Early Dynastic to Neo-Babylonian times, with a few attestations indicating that his cult survived into the period of Achaemenid domination."
Neritidae,"Neritidae, common name the nerites, is a taxonomic family of small to medium-sized saltwater and freshwater snails which have a gill and a distinctive operculum."
Nerium,"Nerium oleander ( NEER-ee-əm), most commonly known as oleander or nerium, is a shrub or small tree cultivated worldwide in temperate and subtropical areas as an ornamental and landscaping plant."
Nero,"Nero Claudius Caesar Augustus Germanicus ( NEER-oh; born Lucius Domitius Ahenobarbus; 15 December AD 37 – 9 June AD 68) was Roman emperor and the final emperor of the Julio-Claudian dynasty, reigning from AD 54 until his death in AD 68."
Nerodia,Nerodia is a genus of nonvenomous colubrid snakes commonly referred to as water snakes due to their aquatic behavior.
Nerthus,"In Germanic paganism, Nerthus is a goddess associated with a ceremonial wagon procession."
Nerva,Nerva (; born Marcus Cocceius Nerva; 8 November 30 – 27 January 98) was Roman emperor from 96 to 98.
Nervi,"Nervi is a former fishing village 12 miles (19 km) northwest of Portofino on the Riviera di Levante, now a seaside resort in Liguria, in northwest Italy."
Nesokia,Nesokia is a genus of rodent in the family Muridae endemic to West Asia and Central Asia known as the short-tailed bandicoot rats.
Nesselrode,The House of Nesselrode is a noble family originating in the Duchy of Berg.
Nestorianism,Nestorianism is a term used in Christian theology and Church history to refer to several mutually related but doctrinarily distinct sets of teachings.
Nestorius,Nestorius (; Ancient Greek: Νεστόριος; c.
Netherlands,"The Netherlands (Dutch: Nederland [ˈneːdərlɑnt] ), informally Holland, is a country located in northwestern Europe with overseas territories in the Caribbean."
Netscape,"Netscape Communications Corporation (originally Mosaic Communications Corporation) was an American independent computer services company with headquarters in Mountain View, California, and then Dulles, Virginia."
Neumann,"Neumann (pronounced [ˈnɔʏman] ) is a German surname, with its origins in the pre-7th-century (Old English) word neowe meaning ""new"", with mann, meaning man."
Neuroptera,"The insect order Neuroptera, or net-winged insects, includes the lacewings, mantidflies, antlions, and their relatives."
Neurospora,Neurospora is a genus of Ascomycete fungi.
Neurotrichus,Neurotrichus is a genus of shrew-like moles.
Neva,"The Neva ( NEE-və, UK also  NAY-və; Russian: Нева́, IPA: [nʲɪˈva] ) is a river in northwestern Russia flowing from Lake Ladoga through the western part of Leningrad Oblast (historical region of Ingria) to the Neva Bay of the Gulf of Finland."
Nevada,"Nevada (  niv-AD-ə, Spanish: [neˈβaða]) is a state in the Western region of the United States."
Nevelson,Nevelson is a surname.
Nevis,Nevis ( NEE-viss) is a small island in the Caribbean Sea that forms part of the inner arc of the Leeward Islands chain of the West Indies.
Newgate,Newgate was one of the historic seven gates of the London Wall around the City of London and one of the six which date back to Roman times.
Newman,Newman is a surname of Germanic  Anglo-Saxon origins.
Ney,"The ney (Persian: Ney/نی, Arabic: Al-Nāy/الناي), is an end-blown flute that figures prominently in Persian music, Turkish music and Arabic music."
Niamey,Niamey (French pronunciation: [njamɛ]) is the capital and largest city of Niger.
Nibelung,The term Nibelung (German) or Niflungr (Old Norse) is a personal or clan name with several competing and contradictory uses in Germanic heroic legend.
Nibelungenlied,"The Nibelungenlied (German pronunciation: [ˌniːbəˈlʊŋənˌliːt] ; Middle High German: Der Nibelunge liet or Der Nibelunge nôt), translated as The Song of the Nibelungs, is an epic poem written around 1200 in Middle High German."
Nicaea,"Nicaea, Nicæa or Nicea ( ny-SEE-ə, Latin: [niːˈkae̯.a]), also known as Nikaia (Greek: Νίκαια, Attic: [nǐːkai̯a], Koine: [ˈnikεa]), was an ancient Greek city in the north-western Anatolian region of Bithynia that is primarily known as the site of the First and Second Councils of Nicaea (the first and seventh Ecumenical councils in the early history of the Christian Church), the Nicene Creed (which comes from the First Council), and as the capital city of the Empire of Nicaea following the Fourth Crusade in 1204, until the recapture of Constantinople by the Byzantines in 1261."
Nicandra,"Nicandra  is a genus of flowering plant in the family Solanaceae, native to western South America."
Nicaragua,"Nicaragua ( ; Spanish: [nikaˈɾaɣwa] ), officially the Republic of Nicaragua (Spanish: ), is the largest country in Central America, bordered by Honduras to the north, the Caribbean to the east, Costa Rica to the south, and the Pacific Ocean to the west."
Nice,"Nice ( NEESS, French pronunciation: [nis] ; Niçard: Niça, classical norm, or Nissa, nonstandard, pronounced [ˈnisa]; Italian: Nizza [ˈnittsa]; Ligurian: Nissa; Ancient Greek: Νίκαια; Latin: Nicaea) is a city in and the prefecture of the Alpes-Maritimes department in France."
Nicholas,"Nicholas is a male given name, the Anglophone version of an ancient Greek name in use since antiquity, and cognate with the modern Greek Νικόλαος, Nikolaos."
Nichrome,"Nichrome (also known as NiCr, nickel-chromium or chromium-nickel) is a family of alloys of nickel and chromium (and occasionally iron) commonly used as resistance wire, heating elements in devices like toasters, electrical kettles and space heaters, in some dental restorations (fillings) and in a few other applications."
Nicolson,"Nicolson is a patronymic surname meaning ""son of Nicholas""."
Nicosia,"Nicosia ( NIK-ə-SEE-ə; Greek: Λευκωσία, romanized: Lefkosía [lefkoˈsi.a]; Turkish: Lefkoşa [lefˈkoʃa]; Armenian: Նիկոսիա, romanized: Nikosia; Cypriot Arabic: Nikusiya) is the capital and largest city of Cyprus."
Nicotiana,"Nicotiana () is a genus of herbaceous plants and shrubs in the family Solanaceae, that is indigenous to the Americas, Australia, Southwestern Africa and the South Pacific."
Nidaros,"Nidaros, Niðarós or Niðaróss (Old Norse pronunciation: [ˈniðɑˌroːsː]) was the medieval name of Trondheim when it was the capital of Norway's first Christian kings."
Nidularia,Nidularia is a genus of nine species of fungi in the family Agaricaceae.
Nidulariaceae,The Nidulariaceae ('nidulus' - small nest) are a family of fungi in the order Agaricales.
Niebuhr,Niebuhr is a German surname.
Niger,"Niger or the Niger ( nee-ZHAIR, NY-jər, French: [niʒɛʁ]), officially the Republic of the Niger (French: République du Niger; Hausa: Jamhuriyar Nijar), is a landlocked country in West Africa."
Nigeria,"Nigeria (  ny-JEER-ee-ə), officially the Federal Republic of Nigeria, is a country in West Africa."
Night,"Night (also described as nighttime, unconventionally spelled as ""nite"") is the period of ambient darkness from sunset to sunrise during each 24-hour day, when the Sun is below the horizon."
Nigroporus,Nigroporus is a genus of poroid fungi in the family Steccherinaceae.
Nijmegen,Nijmegen (Dutch: [ˈnɛiˌmeːɣə(n)] ; Nijmeegs: Nimwèège [ˈnɪmβ̞ɛːçə]) is the largest city in the Dutch province of Gelderland and the tenth largest of the Netherlands as a whole.
Nile,The Nile is a major north-flowing river in northeastern Africa.
Nilsson,Nilsson is a Swedish surname and the fourth most common surname in Sweden.
Nimravus,"Nimravus is an extinct genus of ""false"" saber-toothed cat in the family Nimravidae known from North America and Europe during the Oligocene epoch 33.3—26.3 mya, existing for approximately 7 million years."
Nimrod,"Nimrod (; Hebrew: נִמְרוֹד, Modern: Nīmrōd, Tiberian: Nīmrōḏ; Imperial Aramaic: ܢܡܪܘܕ; Arabic: نُمْرُود, romanized: Numrūd) is a biblical figure mentioned in the Book of Genesis and Books of Chronicles."
Nineveh,"Nineveh ( NIN-iv-ə; Akkadian: 𒌷𒉌𒉡𒀀, URUNI.NU.A, Ninua; Biblical Hebrew: נִינְוֵה, Nīnəwē; Arabic: نَيْنَوَىٰ, Naynawā; Syriac: ܢܝܼܢܘܹܐ, Nīnwē), also known in early modern times as Kouyunjik, was an ancient Assyrian city of Upper Mesopotamia, located in the modern-day city of Mosul in northern Iraq."
Ningal,"Ningal (Sumerian: ""Great Queen""; Akkadian Nikkal) was a Mesopotamian goddess regarded as the wife of the moon god, Nanna/Sin."
Ningishzida,"Ningishzida (Sumerian: 𒀭𒊩𒌆𒄑𒍣𒁕 DNIN-G̃IŠ-ZID-DA, possible meaning ""Lord [of the] Good Tree"") was a Mesopotamian deity of vegetation, the underworld and sometimes war."
Ninhursag,"Ninḫursaĝ (Sumerian: 𒀭𒎏𒄯𒊕 Ninḫarsang; DNIN-ḪAR.SAG̃) sometimes transcribed Ninursag, Ninḫarsag, or Ninḫursaĝa, also known as Damgalnuna or Ninmah, was the ancient Sumerian mother goddess of the mountains, and one of the seven great deities of Sumer."
Ninurta,"Ninurta (Sumerian: 𒀭𒊩𒌆𒅁: DNIN.URTA, possible meaning ""Lord [of] Barley""), also known as Ninĝirsu (Sumerian: 𒀭𒎏𒄈𒋢: DNIN.ĜIR2.SU, meaning ""Lord [of] Girsu""), is an ancient Mesopotamian god associated with farming, healing, hunting, law, scribes, and war who was first worshipped in early Sumer."
Niobe,"In Greek mythology, Niobe (; Greek: Νιόβη [ni.óbɛː] : Nióbē) was a daughter of Tantalus and of either Dione (as most frequently cited) or of Eurythemista or Euryanassa."
Nip,"In the English language, nip is an ethnic slur used against people of Japanese descent."
Nisan,"Nisan (or Nissan; Hebrew: נִיסָן‎, Standard Nīsan, Tiberian Nīsān; from Akkadian: 𒌗𒁈𒍠𒃻 Nisanu) in the Babylonian and Hebrew calendars is the month of the barley ripening and first month of spring."
Nisei,"Nisei (二世, ""second generation"") is a Japanese-language term used in countries in North America and South America to specify the ethnically Japanese children born in the new country to Japanese-born immigrants (who are called Issei)."
Nissan,Nissan Motor Co.
Nitella,Nitella is a genus of charophyte green algae in the family Characeae.
Nitrobacter,"Nitrobacter is a genus comprising rod-shaped, gram-negative, and chemoautotrophic bacteria."
Nitrosomonas,"Nitrosomonas is a genus of Gram-negative bacteria, belonging to the Betaproteobacteria."
Noah,Noah () appears as the last of the Antediluvian patriarchs in the traditions of Abrahamic religions.
Noctuidae,"The Noctuidae, commonly known as owlet moths, cutworms or armyworms, are a family of moths."
Noether,"Noether is the family name of several mathematicians (particularly, the Noether family), and the name given to some of their mathematical contributions:"
Noguchi,Noguchi (野口 lit.
Nolina,"Nolina is a genus of  tropical xerophytic flowering plants, with the principal distribution being in Mexico and extending into the southern United States."
Norfolk,Norfolk ( NOR-fək) is a ceremonial county in the East of England and East Anglia.
Normandy,"Normandy (; French: Normandie [nɔʁmɑ̃di] ; Norman: Normaundie, Nouormandie [nɔʁ.mɛnde]; from Old French Normanz, plural of Normant, originally from the word for ""northman"" in several Scandinavian languages) is a geographical and cultural region in northwestern Europe, roughly coextensive with the historical Duchy of Normandy."
Norrish,Norrish is a surname.
North,North is one of the four compass points or cardinal directions.
Northampton,"Northampton ( ) is a town and civil parish in Northamptonshire, England."
Northamptonshire,Northamptonshire (; abbreviated Northants.) is a ceremonial county in the East Midlands of England.
Northumberland,"Northumberland ( nor-THUM-bər-lənd) is a ceremonial county and Historic county in North East England, bordering Scotland."
Northumbria,Northumbria (; Old English: Norþanhymbra rīċe [ˈnorˠðɑnˌhymbrɑ ˈriːt͡ʃe]; Latin: Regnum Northanhymbrorum) was an early medieval Anglo-Saxon kingdom in what is now Northern England and south-east Scotland.
Norway,"Norway (Bokmål: Norge, Nynorsk: Noreg), formally the Kingdom of Norway, is a Nordic country in Northern Europe, situated on the Scandinavian Peninsula."
Nostocaceae,The Nostocaceae are a family of cyanobacteria that forms filament-shaped colonies enclosed in mucus or a gelatinous sheath.
Nostradamus,"Michel de Nostredame (December 1503 – July 1566), usually Latinised as Nostradamus, was a French astrologer, apothecary, physician, and reputed seer, who is best known for his book Les Prophéties (published in 1555), a collection of 942 poetic quatrains allegedly predicting future events."
Nothofagus,"Nothofagus, also known as the southern beeches, is a genus of 43 species of trees and shrubs native to the Southern Hemisphere in southern South America (Chile, Argentina) and east and southeast Australia, New Zealand, New Guinea, and New Caledonia."
Notonecta,"Notonecta, known as common backswimmers, is a genus of backswimmer insects in the family Notonectidae."
Notonectidae,"Notonectidae is a cosmopolitan family of aquatic insects in the order Hemiptera, commonly called backswimmers because they swim ""upside down"" (inverted)."
Notophthalmus,Notophthalmus is a genus of newts.
Notoryctidae,Notoryctidae are a family of marsupials comprising the marsupial moles and their fossil relatives.
Notostraca,"The order Notostraca, containing the single family Triopsidae, is a group of crustaceans known as tadpole shrimp or shield shrimp."
Notropis,Notropis is a genus of freshwater fish in the family Cyprinidae.
Nouakchott,"Nouakchott (; French: [nwakʃɔt]; Arabic: نواكشوط; Berber: Nwakcoṭ, originally derived from Berber: Nawākšūṭ, ""place of the winds"") is the capital and largest city of Mauritania."
November,November is the eleventh and penultimate month of the year in the Julian and Gregorian Calendars.
Novial,Novial is a constructed international auxiliary language (IAL) for universal human communication between speakers of different native languages.
Novosibirsk,"Novosibirsk (, also UK: ; Russian: Новосиби́рск, IPA: [nəvəsʲɪˈbʲirsk] ) is the largest city and administrative centre of Novosibirsk Oblast and the Siberian Federal District in Russia."
Nowruz,Nowruz (Persian: نوروز [noːˈɾuːz]) is the Iranian or Persian New Year celebrated by various ethnic groups worldwide that started as a Zorastrian celebration.
Noyes,"Noyes is an English name of patronymic origin, derived from the French given name de’la’Noyers."
Nubia,"Nubia () (Nobiin: Nobīn, Arabic: النُوبَة, romanized: an-Nūba) is a region along the Nile river encompassing the area between the first cataract of the Nile (just south of Aswan in southern Egypt) and the confluence of the Blue and White Niles (in Khartoum in central Sudan), or more strictly, Al Dabbah."
Numidia,"Numidia was the ancient kingdom of the Numidians in northwest Africa, initially comprising the territory that now makes up Algeria, but later expanding across what is today known as Tunisia and Libya."
Nunavut,"Nunavut ( NUU-nə-vuut,  NOO-nə-voot; French: [nunavut], [nunavʊt], [nynavʏt]; Inuktitut: ᓄᓇᕗᑦ, [nunaˈvut], lit. 'our land') is the largest and northernmost territory of Canada."
Nuphar,"Nuphar is a genus of aquatic plants in the family Nymphaeaceae, with a temperate to subarctic Northern Hemisphere distribution."
Nuptse,"Nuptse or Nubtse (Sherpa: ནུབ་རྩེ། नुबचे, Wylie: Nub rtse, Chinese: 努子峰) is a mountain in the Khumbu region of the Mahalangur Himal, in the Nepalese Himalayas."
Nuremberg,"Nuremberg ( NURE-əm-burg; German: Nürnberg [ˈnʏʁnbɛʁk] ; in the local East Franconian dialect: Nämberch [ˈnɛmbɛrç]) is the largest city in Franconia, the second-largest city in the German state of Bavaria, and its 545,000 inhabitants make it the 14th-largest city in Germany."
Nureyev,"Nureyev, Nureev, Nuriyev, or Nuriev (Russian: Нуреев, Tatar: Нуриев, Bashkir: Нуриев) is a Russianized Muslim masculine family name meaning ""light""."
Nuytsia,Nuytsia floribunda is a hemiparasitic tree found in Western Australia.
Nyala,The lowland nyala or simply nyala (Tragelaphus angasii) is a spiral-horned antelope native to southern Africa.
Nyamuragira,"Nyamuragira, also known as Nyamulagira, is an active shield volcano in the Virunga Mountains of the Democratic Republic of the Congo, situated about 25 kilometres (16 mi) north of Lake Kivu."
Nyasaland,Nyasaland () was a British protectorate located in Africa that was established in 1907 when the former British Central Africa Protectorate changed its name.
Nyctaginaceae,"Nyctaginaceae, the four o'clock family, is a family of around 33 genera and 290 species of flowering plants, widely distributed in tropical and subtropical regions, with a few representatives in temperate regions."
Nyctaginia,Nyctaginia is a monotypic genus of flowering plants belonging to the family Nyctaginaceae.
Nyctanassa,"Nyctanassa is a genus of night herons from the Americas, especially (but not exclusively) warmer coastal regions."
Nyctereutes,"Nyctereutes (Greek: nyx, nykt- ""night"" + ereutēs ""wanderer"") is a genus of canid which includes only two extant species, both known as raccoon dogs: the common raccoon dog (Nyctereutes procyonoides) and the Japanese raccoon dog (Nyctereutes viverrinus)."
Nycticorax,Nycticorax is a genus of night herons.
Nymphaea,Nymphaea () is a genus of hardy and tender aquatic plants in the family Nymphaeaceae.
Nymphaeaceae,"Nymphaeaceae () is a family of flowering plants, commonly called water lilies."
Nymphalidae,"The Nymphalidae are the largest family of butterflies, with more than 6,000 species distributed throughout most of the world."
Nymphalis,"Nymphalis, commonly known as the tortoiseshells or anglewing butterflies, is a genus of brush-footed butterflies."
Nynorsk,"Nynorsk (Urban East Norwegian: [ˈny̌ːnɔʂk] ) (lit. 'New Norwegian') is one of the two official written standards of the Norwegian language, the other being Bokmål."
Nyssaceae,Nyssaceae is a family of flowering trees sometimes included in the dogwood family (Cornaceae).
Nyx,"In Greek mythology, Nyx ( NIX; Ancient Greek: Νύξ Nýx, [nýks], ""Night"") is the goddess and personification of the night."
O'Casey,"O'Casey is a common variation of the Gaelic cathasaigh, meaning vigilant or watchful, with the added anglicized prefix O' of the Gaelic Ó, meaning grandson or descendant."
O'Keeffe,"O'Keeffe (Irish: Ó Caoimh) is an Irish Gaelic clan based most prominently in what is today County Cork, particularly around Fermoy and Duhallow."
OK,"OK ( ; spelling variations include okay, O.K., ok and Ok) is an English word (originating in American English) denoting approval, acceptance, agreement, assent, acknowledgment, or a sign of indifference."
OLED,"An organic light-emitting diode (OLED), also known as organic electroluminescent (organic EL) diode, is a type of light-emitting diode (LED) in which the emissive electroluminescent layer is an organic compound film that emits light in response to an electric current."
OPEC,"The Organization of the Petroleum Exporting Countries (OPEC,  OH-pek) is an organization enabling the co-operation of leading oil-producing countries in order to collectively influence the global oil market and maximize profit."
Oahu,Oahu () (Hawaiian: Oʻahu (pronounced [oˈʔɐhu])) is the third-largest and most populated of the Hawaiian Islands.
Oaxaca,"Oaxaca (English:  wə-HAK-ə, also US:  wah-HAH-kah, Spanish: [waˈxaka] , from Classical Nahuatl: Huāxyacac [waːʃˈjakak] ), officially the Free and Sovereign State of Oaxaca (Spanish: Estado Libre y Soberano de Oaxaca), is one of the 32 states that compose the Federative Entities of the United Mexican States."
Obadiah,"Obadiah (; Hebrew: עֹבַדְיָה – ʿŌḇaḏyā or עֹבַדְיָהוּ‎ – ʿŌḇaḏyāhū; ""servant of Yah"", or ""Slave of Yah [YHWH]""), also known as Abdias, is a biblical prophet."
Oberson,Oberson is a surname.
Oblation,"Oblation, meaning ""the act of offering; an instance of offering"" and by extension ""the thing offered"" (Late Latin oblatio, from offerre, oblatum, to offer), is a term used, particularly in ecclesiastical use, for a solemn offering, sacrifice or presentation to God, to the Church for use in God's service, or to the faithful, such as giving alms to the poor."
Occident,"""Occident"" is a term for the West, traditionally comprising anything that belongs to the Western world."
Occidentalism,"Occidentalism is a distorted and stereotyped image of Western society (the Occident), which can be held by people inside and outside the Western world and which can be articulated or implicit."
Oceania,"Oceania (UK:  OH-s(h)ee-AH-nee-ə, -⁠AY-, US:   OH-shee-A(H)N-ee-ə) is a geographical region comprising Australasia, Melanesia, Micronesia, and Polynesia."
Oceanites,Oceanites is a genus of seabird in the austral storm petrel family.
Oceanus,"In Greek mythology, Oceanus ( oh-SEE-ə-nəs; Greek: Ὠκεανός [ɔːke.anós], also Ὠγενός [ɔːɡenós], Ὤγενος [ɔ̌ːɡenos], or Ὠγήν [ɔːɡɛ̌ːn]) was a Titan son of Uranus and Gaia, the husband of his sister the Titan Tethys, and the father of the river gods and the Oceanids, as well as being the great river which encircled the entire world."
Ochna,"Ochna is a genus comprising 86 species of evergreen trees, shrubs and shrublets belonging to the flowering plant family Ochnaceae."
Ochnaceae,Ochnaceae is a family of flowering plants in the order Malpighiales.
Ochoa,"Ochoa (Basque: Otxoa or Otsoa) is a Spanish surname of Basque origin common throughout Spain, France, the Americas, and the Philippines."
Ochroma,"Ochroma pyramidale, commonly known as the balsa tree, is a large, fast-growing tree native to the Americas."
Ocimum,"Ocimum  is a genus of aromatic annual and perennial herbs and shrubs in the family Lamiaceae, native to the tropical and warm temperate regions of all 6 inhabited continents, with the greatest number of species in Africa."
Octans,Octans () is a faint constellation located in the deep Southern Sky.
October,October is the tenth month of the year in the Julian and Gregorian calendars.
Octopodidae,The Octopodidae comprise the family containing the majority of known octopus species.
Oder,"The Oder ( OH-dər, German: [ˈoːdɐ] ; Czech, Lower Sorbian and Polish: Odra; Upper Sorbian: Wódra [ˈwʊt.ʀɑ]) is a river in Central Europe."
Odesa,"Odesa (also spelled Odessa) is the third most populous city and municipality in Ukraine and a major seaport and transport hub located in the south-west of the country, on the northwestern shore of the Black Sea."
Odets,Odets is a surname.
Odin,Odin (; from Old Norse: Óðinn) is a widely revered god in Germanic paganism.
Odo,Odo is a name typically associated with historical figures from the Middle Ages and before.
Odoacer,"Odoacer ( OH-doh-AY-sər; c. 433 – 15 March 493 AD), also spelled Odovacer or Odovacar, was a barbarian soldier and statesman from the Middle Danube who deposed the Western Roman child emperor Romulus Augustulus and became the ruler of Italy (476–493)."
Odobenidae,"Odobenidae is a family of pinnipeds, of which the only extant species is the walrus (Odobenus rosmarus)."
Odocoileus,Odocoileus is a genus of medium-sized deer (family Cervidae) containing three species native to the Americas.
Odonata,Odonata is an order of predatory flying insects that includes the dragonflies and damselflies.
Odontaspis,Odontaspis (from Greek: ὀδούς odoús 'tooth') and Greek: ἀσπίς aspís 'shield')  is a genus of sand shark with two extant species.
Odysseus,"In Greek and Roman mythology, Odysseus ( ə-DISS-ee-əs; Greek: Ὀδυσσεύς, Ὀδυσεύς, translit."
Odyssey,"The Odyssey (; Ancient Greek: Ὀδύσσεια, romanized: Odýsseia) is one of two major ancient Greek epic poems attributed to Homer."
Oecanthus,"Oecanthus is a genus of cricket in subfamily Oecanthinae, the tree crickets."
Oedipus,"Oedipus (UK: , also US: ; Greek: Οἰδίπους ""swollen foot"") was a mythical Greek king of Thebes."
Oedogoniaceae,The Oedogoniales are an order of filamentous freshwater green algae of the class Chlorophyceae.
Oedogonium,"Oedogonium is a genus of filamentous, free-living green algae."
Oenothera,Oenothera is a genus of about 145 species of herbaceous flowering plants native to the Americas.
Oersted,The oersted (symbol Oe) is the coherent derived unit of the auxiliary magnetic field H in the centimetre–gram–second system of units (CGS).
Offertory,The offertory (from Medieval Latin offertorium and Late Latin offerre) is the part of a Eucharistic service when the bread and wine for use in the service are ceremonially placed on the altar.
Ogcocephalidae,Ogcocephalidae is a family of anglerfish specifically adapted for a benthic lifestyle of crawling about on the seafloor.
Oglala,"The Oglala (pronounced [oɡəˈlala], meaning ""to scatter one's own"" in Lakota language) are one of the seven subtribes of the Lakota people who, along with the Dakota, make up the Očhéthi Šakówiŋ (Seven Council Fires)."
Ohio,Ohio ( ) is a state in the Midwestern United States.
Ohm,"The ohm (symbol: Ω, the uppercase Greek letter omega) is the unit of electrical resistance in the International System of Units (SI)."
Oireachtas,"The Oireachtas ( EH-rək-təs, Irish: [ˈɛɾʲaxt̪ˠəsˠ]), sometimes referred to as Oireachtas Éireann, is the bicameral parliament of Ireland."
Oken,Oken is a surname.
Oklahoma,"Oklahoma ( ; Choctaw: Oklahumma, pronounced [oklahómma]; Cherokee: ᎣᎧᎳᎰᎹ, Okalahoma, pronounced [ògàlàhǒːmã́]) is a state in the South Central region of the United States, bordered by the state of Texas to the south and west, Kansas to the north, Missouri to the northeast, Arkansas to the east, New Mexico to the west, and Colorado to the northwest."
Oktoberfest,"Oktoberfest (German pronunciation: [ɔkˈtoːbɐˌfɛst] ; Bavarian: Wiesn, Oktobafest) is the world's largest Volksfest, featuring a beer festival and a travelling carnival, and is held annually in Munich, Bavaria, from mid- or late-September to the first Sunday in October, with more than six million international and national visitors attending the event."
Olea,Olea ( OH-lee-ə) is a genus of flowering plants in the family Oleaceae.
Oleaceae,"Oleaceae, also known as the olive family or sometimes the lilac family, is a taxonomic family of flowering shrubs, trees, and a few lianas in the order Lamiales."
Oleandra,Oleandra is a genus of ferns.
Olearia,"Olearia, most commonly known as daisy-bush, is a genus of flowering plants belonging to the family Asteraceae, the largest of the flowering plant families in the world."
Oligocene,"The Oligocene (IPA:  OL-ə-gə-seen, -⁠goh-) is a geologic epoch of the Paleogene Period and extends from about 33.9 million to 23 million years before the present (33.9±0.1 to 23.03±0.05 Ma)."
Oligochaeta,"Oligochaeta () is a subclass of soft-bodied animals in the phylum Annelida, which is made up of many types of aquatic and terrestrial worms, including all of the various earthworms."
Oligoplites,"Oligoplites is a genus of carangid leatherjackets native to warmer seas off the Americas, including the East Pacific, West Atlantic, Caribbean Sea and Gulf of Mexico."
Oligoporus,Oligoporus is a genus of fungi in the family Polyporaceae.
Olympiad,"An olympiad (Greek: Ὀλυμπιάς, Olympiás) is a period of four years, particularly those associated with the ancient and modern Olympic Games."
Oman,"Oman (  oh-MAHN; Arabic: عُمَان, [ʕʊˈmaːn]), officially the Sultanate of Oman (Arabic: سلْطنةُ عُمان Salṭanat(u) ʻUmān), is a country located in West Asia."
Omdurman,"Omdurmán (Arabic: أم درمان, romanized: Umm Durmān) is a major city in Sudan."
Omphalotus,"Omphalotus is a genus of basidiomycete mushroom, in the family  Omphalotaceae, formally circumscribed by Victor Fayod in 1889."
Omsk,"Omsk (; Russian: Омск, IPA: [omsk]) is the administrative center and largest city of Omsk Oblast, Russia."
Onagraceae,The Onagraceae are a family of flowering plants known as the willowherb family or evening primrose family.
Oncorhynchus,"Oncorhynchus is a genus of ray-finned fish in the subfamily Salmoninae of the family Salmonidae, native to coldwater tributaries of the North Pacific basin."
Ondaatje,Ondaatje may refer to:
Oniscidae,"Oniscidae is a family of woodlice, including the common woodlouse Oniscus asellus."
Oniscus,Oniscus is a genus of woodlice.
Onobrychis,"Onobrychis, the sainfoins, are a genus of Eurasian perennial herbaceous plants of the legume family (Fabaceae)."
Onoclea,"Onoclea is a genus of plants in the family Onocleaceae, native to moist habitats in eastern Asia and eastern North America."
Ononis,Ononis is a large genus of perennial herbs and shrubs from the legume family Fabaceae.
Onopordum,"Onopordum, or cottonthistle, is a genus of plants in the tribe Cardueae within the family Asteraceae."
Onsager,Onsager is a surname.
Ontario,Ontario (  on-TAIR-ee-oh; French: [ɔ̃taʁjo]) is the southernmost province of Canada.
Onychophora,"Onychophora  (from Ancient Greek: ονυχής, onyches, ""claws""; and φέρειν, pherein, ""to carry""), commonly known as velvet worms (due to their velvety texture and somewhat wormlike appearance) or more ambiguously as peripatus  (after the first described genus, Peripatus), is a phylum of elongate, soft-bodied, many-legged panarthropods."
Opel,"Opel Automobile GmbH (German pronunciation: [ˈoːpl̩]), usually shortened to Opel, is a German automobile manufacturer which has been a subsidiary of Stellantis since 16 January 2021."
Opera,Opera is a form of theatre in which music is a fundamental component and dramatic roles are taken by singers.
Opheodrys,Opheodrys is a genus of small to medium-sized nonvenomous colubrid snakes commonly referred to as green snakes.
Ophidia,Ophidia  (also known as Pan-Serpentes) is a group of squamate reptiles including modern snakes and reptiles more closely related to snakes than to other living groups of lizards.
Ophiodon,"Ophiodon is a genus of marine ray-finned fishes belonging to the family Hexagrammidae, the greenlings."
Ophioglossaceae,"Ophioglossaceae, the adder's-tongue family, is a small family of ferns."
Ophioglossum,"Ophioglossum, the adder's-tongue ferns, is a genus of about 50 species of ferns in the family Ophioglossaceae."
Ophisaurus,Ophisaurus (from the Greek 'snake-lizard') is a genus of superficially snake-like legless lizards in the subfamily Anguinae.
Ophiuchus,Ophiuchus () is a large constellation straddling the celestial equator.
Ophiurida,The Ophiurida are an order of echinoderms within the class Ophiuroidea.
Ophrys,The genus Ophrys is a large group of orchids from the alliance Orchis in the subtribe Orchidinae.
Opiliones,"The Opiliones (formerly Phalangida) are an order of arachnids colloquially known as harvestmen, harvesters, harvest spiders, or daddy longlegs."
Opisthobranchia,Opisthobranchs () is a now informal name for a large and diverse group of specialized complex gastropods which used to be united in the subclass Opisthobranchia.
Opisthocomidae,"Opisthocomidae is a family of birds, the only named family within the order Opisthocomiformes."
Ops,"In ancient Roman religion, Ops or  Opis (Latin: ""Plenty"") was a fertility deity and earth goddess of Sabine origin."
Opuntia,"Opuntia, commonly called the prickly pear cactus, is a genus of flowering plants in the cactus family Cactaceae, many known for their flavorful fruit and showy flowers."
Oran,"Oran (Arabic: وَهران, romanized: Wahrān) is a major coastal city located in the northwest of Algeria."
Orchestia,"Orchestia is a genus of amphipods in the family Talitridae, containing the following species:"
Orchidales,Orchidales is an order of flowering plants.
Orcinus,"Orcinus is a genus of Delphinidae, the family of carnivorous marine mammals known as dolphins."
Orcus,"Orcus was a god of the underworld, punisher of broken oaths in Etruscan and Roman mythology."
Ordovician,"The Ordovician ( or-də-VISH-ee-ən, -⁠doh-, -⁠VISH-ən) is a geologic period and system, the second of six periods of the Paleozoic Era."
Oread,"In Greek mythology, an Oread (; Ancient Greek: Ὀρειάς, romanized: Oreiás, stem Ὀρειάδ-, Oreiád-, Latin: Oreas/Oread-, from ὄρος, 'mountain'; French: Oréade) or Orestiad (; Ὀρεστιάδες, Orestiádes) is a mountain nymph."
Oreamnos,Oreamnos is a genus of North American caprines.
Orectolobus,Orectolobus  is a genus of carpet sharks in the family Orectolobidae.
Oregon,Oregon ( ) is a state in the Pacific Northwest region of the United States.
Oreopteris,"Oreopteris is a genus of ferns belonging to the family Thelypteridaceae.The species of this genus are found in Eurasia and North America.Species:
Oreopteris elwesii (Baker ex Hook."
Orestes,"In Greek mythology, Orestes or Orestis (; Greek: Ὀρέστης [oréstɛːs]) was the son of Clytemnestra and Agamemnon, and the brother of Electra."
Orient,"The Orient is a term referring to the East in relation to Europe, traditionally comprising anything belonging to the Eastern world."
Orientalism,"In art history, literature and cultural studies, orientalism is the imitation or depiction of aspects of the Eastern world (or ""Orient"") by writers, designers, and artists from the Western world."
Origen,Origen of Alexandria (c.
Orinoco,"The Orinoco (Spanish pronunciation: [oɾiˈnoko]) is one of the longest rivers in South America at 2,250 kilometres (1,400 mi)."
Oriolus,"Orioles are colourful Old World passerine birds in the genus Oriolus, the type genus of the corvoidean family Oriolidae."
Orites,"Orites is a genus of nine plant species in the family Proteaceae − seven are endemic to Australia (three on the mainland and four in Tasmania), one is endemic to the Chilean Andes and one to Bolivia."
Orizaba,"Orizaba (Spanish: [oɾiˈsaβa] ,  Otomi: Mbo'ñu) is a city and municipality in the Mexican state of Veracruz."
Orly,"Orly (French pronunciation: [ɔʁli] ) is a commune in the southern suburbs of Paris, Île-de-France."
Ormandy,Ormandy is a surname.
Ormosia,Ormosia is a genus of legumes (family Fabaceae).
Ornithischia,Ornithischia () is an extinct clade of mainly herbivorous dinosaurs characterized by a pelvic structure superficially similar to that of birds.
Ornithogalum,Ornithogalum is a genus  of perennial plants mostly native to southern Europe and southern Africa belonging to the family Asparagaceae.
Ornithopoda,"Ornithopoda () is a clade of ornithischian dinosaurs, called ornithopods (), that started out as small, bipedal running grazers and grew in size and numbers until they became one of the most successful groups of herbivores in the Cretaceous world, dominating the North American land."
Ornithorhynchidae,"The Ornithorhynchidae  are one of the two extant families in the order Monotremata, and contain the platypus and its extinct relatives."
Orobanchaceae,"Orobanchaceae, the broomrapes, is a family of mostly parasitic plants of the order Lamiales, with about 90 genera and more than 2000 species."
Orontium,"Orontium , sometimes called golden-club, is a genus of flowering plants in the family Araceae."
Orozco,Orozco is a surname of Spanish/Basque origin.
Orpheus,"In Greek mythology, Orpheus (; Ancient Greek: Ὀρφεύς, classical pronunciation: [or.pʰeú̯s]) was a Thracian bard, legendary musician and prophet."
Orpington,"Orpington is an area in south east London, England, within the London Borough of Bromley."
Ortega,Ortega is a Spanish surname.
Orthilia,Orthilia is a genus of flowering plants in the family Ericaceae.
Orthopristis,"Orthopristis is a genus of marine ray-finned fish, grunts belonging to family Haemulidae."
Orthoptera,"Orthoptera (from Ancient Greek  ὀρθός (orthós) 'straight', and  πτερά (pterá) 'wings') is an order of insects that comprises the grasshoppers, locusts, and crickets, including closely related insects, such as the bush crickets or katydids and wētā."
Orycteropodidae,Orycteropodidae is a family of afrotherian mammals.
Orycteropus,Orycteropus is a genus of mammals in the family Orycteropodidae within Tubulidentata.
Oryctolagus,"Oryctolagus () is a genus of lagomorph that today contains the European rabbit and its descendant, the domestic rabbit, as well as several fossil species."
Oryza,Oryza is a genus of plants in the grass family.
Oryzomys,Oryzomys is a genus of semiaquatic rodents in the tribe Oryzomyini living in southern North America and far northern South America.
Oryzopsis,Oryzopsis is a genus of Chinese and North American plants in the grass family.
Osaka,"Osaka (Japanese: 大阪市, Hepburn: Ōsaka-shi, pronounced [oːsakaɕi]; commonly just 大阪, Ōsaka [oːsaka] ) is a designated city in the Kansai region of Honshu in Japan, and one of the three major cities of Japan (Tokyo-Osaka-Nagoya)."
Osasco,"Osasco (Portuguese pronunciation: [oˈzasku]) is a municipality in São Paulo State, Brazil, located in the Greater São Paulo and ranking 5th in population among São Paulo municipalities."
Oscillatoriaceae,The Oscillatoriaceae are a family of cyanobacteria.
Osiris,"Osiris (, from Egyptian wsjr) is the god of fertility, agriculture, the afterlife, the dead, resurrection, life, and vegetation in ancient Egyptian religion."
Oslo,"Oslo ( OZ-loh, US also  OSS-loh, Norwegian: [ˈʊ̂ʂlʊ]  or [ˈʊ̂slʊ, ˈʊ̀ʂlʊ]; Southern Sami: Oslove) is the capital and most populous city of Norway."
Osmanthus,Osmanthus   is a genus of about 30 species of flowering plants in the family Oleaceae.
Osmerus,Osmerus  is a genus of smelt.
Osmundaceae,Osmundaceae (royal fern family) is a family of ferns containing four to six extant genera and 18–25 known species.
Ostariophysi,Ostariophysi is the second-largest superorder of fish.
Osteichthyes,"Osteichthyes (), commonly referred to as the bony fish, is a diverse superclass of vertebrate animals that have skeletons primarily composed of bone tissue."
Osteoglossidae,"Osteoglossidae is a family of large freshwater fish, which includes the arowanas and arapaima."
Osteoglossiformes,"Osteoglossiformes  (Greek: ""bony tongues"") is a relatively primitive order of ray-finned fish that contains two sub-orders, the Osteoglossoidei and the Notopteroidei."
Osteostraci,"The class Osteostraci (meaning ""bony shells"") is an extinct taxon of bony-armored jawless fish, termed ""ostracoderms"", that lived in what is now North America, Europe and Russia from the Middle Silurian to Late Devonian."
Ostraciidae,"Ostraciidae or Ostraciontidae is a family of squared, bony fish belonging to the order Tetraodontiformes, closely related to the pufferfishes and filefishes."
Ostrava,"Ostrava (Czech: [‘ostrava] ; Polish: Ostrawa, German: Ostrau) is a city in the north-east of the Czech Republic and the capital of the Moravian-Silesian Region."
Ostrea,"Ostrea is a genus of edible oysters, marine bivalve mollusks in the family Ostreidae, the oysters."
Ostreidae,"The Ostreidae, the true oysters, include most species of molluscs commonly consumed as oysters."
Ostrya,Ostrya is a genus of eight to 10 small deciduous trees belonging to the birch family Betulaceae.
Ostryopsis,Ostryopsis is a small genus of deciduous shrubs belonging to the birch family Betulaceae.
Ostyak,"Ostyak (Russian: Остя́к) is a name formerly used to refer to several Indigenous peoples and languages in Siberia, Russia."
Othello,"Othello (full title: The Tragedy of Othello, the Moor of Venice) is a tragedy written by William Shakespeare, around 1603."
Otho,"Otho (, OH-tho; born Marcus Salvius Otho; 28 April 32 – 16 April 69) was Roman emperor, ruling for three months from 15 January to 16 April 69."
Otoe,The Otoe (Chiwere: Jiwére) are a Native American people of the Midwestern United States.
Ottawa,"Ottawa ( , ; Canadian French: [ɔtawɑ]) is the capital city of Canada."
Ouija,"The Ouija ( WEE-jə,  -⁠jee), also known as a spirit board, talking board, or witch board, is a flat board marked with the letters of the Latin alphabet, the numbers 0–9, the words ""yes"", ""no"", and occasionally ""hello"" and ""goodbye"", along with various symbols and graphics."
Oujda,"Oujda (Arabic: وجدة; Berber languages: ⵡⵓⵊⴷⴰ, romanized: Wujda) is a major Moroccan city in its northeast near the border with Algeria."
Ouranopithecus,"Ouranopithecus is a genus of extinct Eurasian great ape represented by two species, Ouranopithecus macedoniensis, a late Miocene (9.6–8.7 mya) hominoid from Greece and Ouranopithecus turkae, also from the late Miocene (8.7–7.4 mya) of Turkey.The first specimen O. macedoniensis was discovered by French palaeontologists Louis de Bonis and Jean Melentis in 1977, and O. turkae by Turkish team led by Erksin Savaş Güleç in 2007."
Outaouais,"Outaouais (, French pronunciation: [utawɛ]; also commonly called The Outaouais) is a region of western Quebec, Canada."
Ovalipes,"Ovalipes is a genus of crabs in the family Ovalipidae, containing 11 extant species:"
Ovid,"Publius Ovidius Naso (Latin: [ˈpuːbliʊs ɔˈwɪdiʊs ˈnaːso(ː)]; 21 March 43 BC – AD 17/18), known in English as Ovid ( OV-id), was a Roman poet who lived during the reign of Augustus."
Oviedo,Oviedo (Spanish: [oˈβjeðo]) or Uviéu (Asturian: [uˈβjew]) is the capital city of the Principality of Asturias in northern Spain and the administrative and commercial centre of the region.
Ovimbundu,"The Ovimbundu, also known as the Southern Mbundu, are a Bantu ethnic group who live on the Bié Plateau of central Angola and in the coastal strip west of these highlands."
Ovis,"Ovis is a genus of mammals, part of the Caprinae subfamily of the ruminant family Bovidae."
Oxalidaceae,"The Oxalidaceae, or wood sorrel family, are a small family of five genera of herbaceous plants, shrubs and small trees, with the great majority of the 570 species in the genus Oxalis (wood sorrels)."
Oxandra,"Oxandra is a genus of flowering plants in the soursop family, Annonaceae."
Oxbridge,"Oxbridge is a portmanteau of Oxford and Cambridge, the two oldest, wealthiest, and most famous universities in the United Kingdom."
Oxford,"Oxford () is the only city in Oxfordshire, England, of which it is the county town."
Oxybelis,"Oxybelis is a genus of colubrid snakes, endemic to the Americas, which are commonly known as vine snakes."
Oxydendrum,"Oxydendrum arboreum,  the sourwood or sorrel tree, is the sole species in the genus Oxydendrum, in the family Ericaceae."
Oxytropis,Oxytropis is a genus of plants in the legume family.
Oxyuridae,Oxyuridae is a family of nematode worms of the class Secernentea.
Ozarks,"The Ozarks, also known as the Ozark Mountains, Ozark Highlands or Ozark Plateau, is a physiographic region in the U.S. states of Missouri, Arkansas, Oklahoma and the extreme southeastern corner of Kansas."
Ozawa,Ozawa (written: 小沢 or 小澤 lit.
Ozothamnus,"Ozothamnus is a genus of  plants found in Australia, New Zealand and New Caledonia."
PBS,"The Public Broadcasting Service (PBS) is a North-American public broadcaster and non-commercial, free-to-air television network based in Crystal City, Arlington, Virginia."
Pablum,Pablum is a processed cereal for infants originally marketed and co-created by the Mead Johnson & Company in 1931.
Pachycephala,Pachycephala is a genus of birds native to Oceania and Southeast Asia.
Pachyrhizus,"Pachyrhizus is a genus of flowering plants in the legume family, Fabaceae."
Packera,"Packera is a genus of about 75 species of plants in the daisy family, Asteraceae."
Padda,Padda  is a genus of estrildid finches restricted to islands in southern Indonesia.
Padua,"Padua ( PAD-ew-ə; Italian: Padova [ˈpaːdova] ; Venetian: Pàdova, Pàdoa or Pàoa) is a city and commune in Veneto, northern Italy."
Pagellus,Pagellus is a genus of porgies in the family Sparidae.
Pagrus,Pagrus is a genus of fish in the family Sparidae.
Paguridae,The Paguridae are a family of hermit crabs of the order Decapoda.
Pagurus,Pagurus is a genus of hermit crabs in the family Paguridae.
Paiute,Paiute (; also Piute) refers to three non-contiguous groups of indigenous peoples of the Great Basin.
Pakistan,"Pakistan, officially the Islamic Republic of Pakistan, is a country in South Asia."
Palaemonidae,Palaemonidae is a family of shrimp in the order Decapoda.
Palaquium,Palaquium is a genus of about 120 species of trees in the family Sapotaceae.
Palatine,A palatine or palatinus (Latin; pl.: palatini; cf.
Palau,"Palau, officially the Republic of Palau, is an island country in the Micronesia subregion of Oceania in the western Pacific."
Paleacrita,Paleacrita is a genus of moths in the family Geometridae first described by Riley in 1876.
Paleocene,"The Paleocene, (IPA:  PAL-ee-ə-seen, -⁠ee-oh-, PAY-lee-) or Palaeocene, is a geological epoch that lasted from about 66 to 56 million years ago (mya)."
Paleolithic,"The Paleolithic or Palaeolithic ( PAY-, PAL-ee-oh-LITH-ik), also called the Old Stone Age (from Greek: παλαιός palaios, ""old"" and λίθος lithos, ""stone""), is a period in human prehistory that is distinguished by the original development of stone tools, and which represents almost the entire period of human prehistoric technology."
Paleozoic,"The Paleozoic (IPA: /ˌpæli.əˈzoʊ.ɪk,-i.oʊ-, ˌpeɪ-/ PAL-ee-ə-ZOH-ik, -⁠ee-oh-, PAY-; or Palaeozoic) Era is the first of three geological eras of the Phanerozoic Eon."
Palermo,"Palermo ( pə-LAIR-moh, -⁠LUR-, Italian: [paˈlɛrmo] ; Sicilian: Palermu Sicilian pronunciation: [paˈlɛmmʊ], locally also Paliemmu or Palèimmu) is a city in southern Italy, the capital of both the autonomous region of Sicily and the Metropolitan City of Palermo, the city's surrounding metropolitan province."
Palestrina,"Palestrina (ancient Praeneste; Ancient Greek: Πραίνεστος, Prainestos) is a modern Italian city and comune (municipality) with a population of about 22,000, in Lazio, about 35 kilometres (22 miles) east of Rome."
Pali,Pali () is a Middle Indo-Aryan liturgical language on the Indian subcontinent.
Palinurus,"Palinurus (Palinūrus), in Roman mythology and especially Virgil's Aeneid, is the coxswain of Aeneas' ship."
Paliurus,Paliurus is a genus of flowering plants in the family Rhamnaceae.
Pamlico,"The Pamlico (also Pampticough, Pomouik, Pomeiok) were  Native Americans of North Carolina."
Panacea,"In Greek mythology and religion, Panacea (Greek Πανάκεια, Panakeia), a goddess of universal remedy, was the daughter of Asclepius and Epione."
Panama,"Panama (  PAN-ə-mah,  pan-ə-MAH; Spanish: Panamá IPA: [panaˈma] ), officially the Republic of Panama (Spanish: República de Panamá), is a transcontinental country in Central America, spanning the southern tip of North America into the northern part of South America."
Panax,The Panax (ginseng) genus belongs to the Araliaceae (ivy) family.
Pandanaceae,"Pandanaceae is a family of flowering plants native to the tropics and subtropics of the Old World, from West Africa through the Pacific."
Pandanales,"Pandanales, the pandans or screw-pines, is an order of flowering plants placed in the monocot clade in the Angiosperm Phylogeny Group and Angiosperm Phylogeny Web systems."
Pandora,"In Greek mythology, Pandora (Greek: Πανδώρα,  derived from πᾶν, pān, i.e."
Pangaea,Pangaea or Pangea () was a supercontinent that existed during the late Paleozoic and early Mesozoic eras.
Panicum,"Panicum (panicgrass) is a large genus of about 450 species of Poaceae grasses native throughout the tropical regions of the world, with a few species extending into the northern temperate zone."
Panipat,"Panipat () (Sanskrit पाण्डुप्रस्थ pāṇḍuprastha ""City of Pāṇḍu"" [ˈpaːɳ.ɖu.pɾɐs.t̪ʰɐ]) is a historic as well as planned industrial city in Haryana, India under HUDA. It is 95 km north of Delhi and 169 km south of Chandigarh on NH-1."
Panonychus,Panonychus is a genus of spider mites in the family Tetranychidae.
Panorpidae,The Panorpidae are a family of scorpionflies containing more than 480 species.
Panthera,Panthera is a genus within the family Felidae that was named and described by Lorenz Oken in 1816 who placed all the spotted cats in this group.
Pantotheria,Pantotheria is an abandoned taxon of Mesozoic mammals.
Papaver,"Papaver  is a genus of 70–100 species of frost-tolerant annuals, biennials, and perennials native to temperate and cold regions of Eurasia, Africa and North America."
Papaveraceae,"The Papaveraceae  are an economically important family of about 42 genera and approximately 775 known species of flowering plants in the order Ranunculales, informally known as the poppy family."
Papeete,"Pape'etē (French: Papeete; Tahitian: Papeʻete, pronounced [pa.pe.ʔe.te]) is the capital city of French Polynesia, an overseas collectivity of the French Republic in the Pacific Ocean."
Paphiopedilum,"Paphiopedilum, often called the Venus slipper, is a genus of the lady slipper orchid subfamily Cypripedioideae of the flowering plant family Orchidaceae."
Paracelsus,Paracelsus (; German: [paʁaˈtsɛlzʊs]; c.
Paracheirodon,Paracheirodon is a genus of freshwater fish in the  family Characidae of the order Characiformes.
Paraclete,"Paraclete (; Greek: παράκλητος, romanized: Paráklētos) is a Christian biblical term occurring five times in the Johannine texts of the New Testament."
Paradise,"In religion, paradise is a place of exceptional happiness and delight."
Paradoxurus,Paradoxurus is a genus of three palm civets within the viverrid family that was denominated and first described by Frédéric Cuvier in 1822.
Paraguay,"Paraguay (; Spanish pronunciation: [paɾaˈɣwaj] ), officially the Republic of Paraguay (Spanish: República del Paraguay; Guarani: Paraguái Tavakuairetã), is a landlocked country in South America."
Paralichthys,Paralichthys is a genus of large-tooth flounders.
Paralithodes,"Paralithodes is a genus of king crabs native to cold waters in the North Pacific Ocean, Okhotsk Sea, Bering Sea and Sea of Japan, but with one species also introduced to far northern Europe."
Paramaribo,"Paramaribo (; Dutch: [ˌpaːraːˈmaːriboː] ; nicknamed Par'bo) is the capital and largest city of Suriname, located on the banks of the Suriname River in the Paramaribo District."
Paranthias,"Paranthias is a genus of marine ray-finned fish, groupers from the subfamily Epinephelinae, part of the family Serranidae, which also includes the anthias and sea basses."
Paranthropus,Paranthropus is a genus of extinct hominin which contains two widely accepted species: P. robustus and P. boisei.
Parashurama,"Parashurama (Sanskrit: परशुराम, romanized: Paraśurāma, lit. 'Rama with an axe'), also referred to as Rama Jamadagnya, Rama Bhargava and Virarama, is the sixth avatar among the Dashavatara of the preserver god Vishnu in Hinduism."
Parasitaxus,"Parasitaxus usta, also known in French as cèdre rabougri, is a rare species of conifer of the family Podocarpaceae, and the sole species of the genus Parasitaxus."
Parathelypteris,"Parathelypteris is a genus of ferns in the family Thelypteridaceae, subfamily Thelypteridoideae, in the Pteridophyte Phylogeny Group classification of 2016 (PPG I)."
Parazoa,"Parazoa (Parazoa, gr."
Parcae,"In ancient Roman religion and myth, the Parcae (singular, Parca) were the female personifications of destiny who directed the lives (and deaths) of humans and gods."
Parcheesi,"Parcheesi is a brand-name American adaptation of the Indian cross and circle board game Pachisi, published by Selchow & Righter and Winning Moves Games USA.


== Equipment ==
Parcheesi is typically played with two dice, four pieces per player and a gameboard with a track around the outside, four corner spaces and four home paths leading to a central end space."
Parietales,Parietales is an order of flowering plants.
Parietaria,"Parietaria is a genus of flowering plants in the family Urticaceae, native to temperate and tropical regions across the world.They are annual or perennial herbaceous plants growing to 20–80 cm tall, with green or pink stems."
Paris,Paris (French pronunciation: [paʁi] ) is the capital and most populous city of France.
Parjanya,"Parjanya (Sanskrit: पर्जन्य parjánya) according to the Vedas is a deity of rain, thunder, lightning, and the one who fertilizes the earth."
Park,"A park is an area of natural, semi-natural or planted space set aside for human enjoyment and recreation or for the protection of wildlife or natural habitats."
Parkia,Parkia is a genus of flowering plants in the family Fabaceae.
Parkinsonia,"Parkinsonia , also Cercidium , is a genus of flowering plants in the pea family, Fabaceae."
Parkinsonism,"Parkinsonism is a clinical syndrome characterized by tremor, bradykinesia (slowed movements), rigidity, and postural instability."
Parmeliaceae,The Parmeliaceae is a large and diverse family of Lecanoromycetes.
Parmenides,Parmenides of Elea (; Greek: Παρμενίδης ὁ Ἐλεάτης; fl.
Parmesan,"Parmesan (Italian: Parmigiano Reggiano; Italian pronunciation: [parmiˈdʒaːno redˈdʒaːno]) is an Italian hard, granular cheese produced from cows' milk and aged at least 12 months."
Parochetus,"Parochetus communis, known in English as shamrock pea or blue oxalis, is a species of legume, and the only species in the genus Parochetus and in the subtribe Parochetinae."
Paronychia,"Paronychia is an inflammation of the skin around the nail, which can occur suddenly, when it is usually due to the bacterium Staphylococcus aureus, or gradually when it is commonly caused by the fungus Candida albicans."
Parrotiopsis,Parrotiopsis is a genus of deciduous shrub or small tree in the witch hazel family.
Parthenium,"Parthenium is a genus of North American annuals, biennials, perennials, subshrubs, and shrubs in the tribe Heliantheae within the family Asteraceae and subfamily Asteroideae.The name Parthenium is an evolution of the Ancient Greek name παρθένιον (parthenion), which referred to Tanacetum parthenium."
Parthenocissus,"Parthenocissus , is a genus of tendril climbing plants in the grape family, Vitaceae."
Parthenon,"The Parthenon (; Ancient Greek: Παρθενών, romanized: Parthenōn [par.tʰe.nɔ̌ːn]; Greek: Παρθενώνας, romanized: Parthenónas [parθeˈnonas]) is a former temple on the Athenian Acropolis, Greece, that was dedicated to the goddess Athena during the fifth century BC. Its decorative sculptures are considered some of the high points of classical Greek art, an enduring symbol of Ancient Greece, democracy and Western civilization.The Parthenon was built in thanksgiving for the Hellenic victory over Persian Empire invaders during the Greco-Persian Wars."
Parthia,Parthia (Old Persian: 𐎱𐎼𐎰𐎺 Parθava; Parthian: 𐭐𐭓𐭕𐭅 Parθaw; Middle Persian: 𐭯𐭫𐭮𐭥𐭡𐭥 Pahlaw) is a historical region located in northeastern Greater Iran.
Parula,Parula was formerly a small genus of New World warblers which breed in North and South America.
Parus,Parus is a genus of Old World birds in the tit family.
Parvati,"Parvati (Sanskrit: पार्वती, IAST: Pārvatī), Uma (Sanskrit: उमा, IAST: Umā) or Gauri (Sanskrit: गौरी, IAST: Gaurī) is the Hindu goddess of power, energy, nourishment, harmony, love, beauty, devotion, and motherhood."
Pashto,"Pashto ( PUH-shto, PASH-toe; پښتو, Pəx̌tó, [pəʂˈto, pʊxˈto, pəʃˈto, pəçˈto]) is an Eastern Iranian language in the Indo-European language family, natively spoken in northwestern Pakistan,  southern and eastern Afghanistan, and some isolated pockets of far eastern Iran near the Afghan border."
Pasigraphy,"A pasigraphy (from Greek πᾶσι pasi ""to all"" and γράφω grapho ""to write"") is a writing system where each written symbol represents a concept (rather than a word or sound or series of sounds in a spoken language)."
Passer,"Passer is a genus of sparrows, also known as the true sparrows."
Passerina,The genus Passerina is a group of birds in the cardinal family (Cardinalidae).
Passiflora,"Passiflora, known also as the passion flowers or passion vines, is a genus of about 550 species of flowering plants, the type genus of the family Passifloraceae."
Passifloraceae,"The Passifloraceae are a family of flowering plants, containing about 750 species classified in around 27 genera.They include trees, shrubs, lianas, and climbing plants, and are mostly found in tropical regions."
Passover,"Passover, also called Pesach (; Biblical Hebrew: חַג הַפֶּסַח‎, romanized: Ḥag haPesaḥ), is a major Jewish holiday, one of the three pilgrimage festivals, that celebrates the Biblical story of the Israelites' escape from slavery in Egypt."
Pasternak,"Pasternak or Pasternack (Cyrillic: Пастернак, Russian pronunciation: [pəstʲɪrˈnak]) means parsnip, Pastinaca sativa, in Polish, Romanian, Russian, Ukrainian, Belarusian, and Yiddish."
Pastinaca,"Pastinaca (parsnips) is a genus of flowering plant in the family Apiaceae, comprising 14 species."
Pastor,"A pastor (abbreviated to ""Pr"" or ""Ptr"" (both singular), or ""Ps"" (plural)) is the leader of a Christian congregation who also gives advice and counsel to people from the community or congregation."
Patagonia,"Patagonia (Spanish pronunciation: [pataˈɣonja]) is a geographical region that encompasses the southern end of South America, governed by Argentina and Chile."
Patella,"The patella (pl.: patellae or patellas), also known as the kneecap, is a flat, rounded triangular bone which articulates with the femur (thigh bone) and covers and protects the anterior articular surface of the knee joint."
Patellidae,"Patellidae is a taxonomic family of true limpets, marine gastropod molluscs in the superfamily Patelloidea."
Patras,"Patras (Greek: Πάτρα, romanized: Pátra pronounced [ˈpatra] ; Katharevousa and Ancient Greek: Πάτραι; Latin: Patrae) is Greece's third-largest city and the regional capital of Western Greece, in the northern Peloponnese, 215 km (134 mi) west of Athens."
Patroclus,"In Greek mythology, Patroclus (generally pronounced ; Ancient Greek: Πάτροκλος, romanized: Pátroklos, lit. 'glory of the father') was a hero of the Trojan War and an important character in Homer's Iliad."
Patwin,The Patwin (also Patween and Southern Wintu) are a band of Wintun people in Northern California.
Pauli,"Pauli is a surname and also a Finnish masculine given name (a variant of Paul) and may refer to:


== People ==


=== Surname ===
Andrea Pauli (born 1977), German developmental biologist and biochemist
Arthur Pauli (born 1989), Austrian ski jumper
Barbara Pauli (1752 or 1753–?), Swedish fashion trader
Gabriele Pauli (born 1957), German politician
Georg Pauli (1855–1935), Swedish painter
Hans Pauli (fl."
Pauling,Pauling is a surname.
Pauropoda,"Pauropods are small, pale, millipede-like arthropods."
Payena,Payena is a genus of plants in the family Sapotaceae described as a genus in 1844.Payena is native to Southeast Asia.
Pearmain,"A pearmain, also formerly spelled ""permain"", is a type of apple."
Pedaliaceae,"Pedaliaceae, the pedalium family or sesame family, is a flowering plant family classified in the order  Lamiales."
Pediculus,"Pediculus is a genus of sucking lice, the sole genus in the family Pediculidae."
Pediocactus,"Pediocactus (Greek: πεδίον (pedion) means ""plain"", ""flat"", ""field"") is a genus of cacti."
Pegasus,"Pegasus (Greek: Πήγασος, translit."
Pekingese,"The Pekingese (Chinese: 北京狗, literally, ""Beijing dog"", also spelled Pekinese) is a breed of toy dog, originating in China."
Pelagianism,Pelagianism is a Christian theological position that holds that the original sin did not taint human nature and that humans by divine grace have free will to achieve human perfection.
Pelagius,Pelagius (; c.
Pelargonium,"Pelargonium () is a genus of flowering plants that includes about 280 species of perennials, succulents, and shrubs, commonly called geraniums, pelargoniums, or storksbills."
Pelecanidae,The Pelecanidae is a family of pelecaniform birds within the Pelecani that contains three genera: the extinct Eopelecanus and Miopelecanus and the extant Pelecanus.Pelecanids have existed since the late Eocene (Priabonian) and they still exist today.
Pelecaniformes,The Pelecaniformes  are an order of medium-sized and large waterbirds found worldwide.
Peleus,"In Greek mythology, Peleus (; Ancient Greek: Πηλεύς Pēleus) was a hero, king of Phthia, husband of Thetis and the father of their son Achilles."
Peloponnese,"The Peloponnese ( PEL-ə-pə-NEEZ, -⁠NEESS), Peloponnesus ( PEL-ə-pə-NEE-səs; Greek: Πελοπόννησος, romanized: Pelopónnēsos, IPA: [peloˈponisos]) or Morea (Medieval Greek: Μωρέας, romanized: Mōrèas; Greek: Μωριάς, romanized: Mōriàs) is a peninsula and geographic region in southern Greece, and the southernmost region of the Balkans."
Peltandra,"Peltandra, the arrow arums, is a genus of plants in the family Araceae."
Penelope,"Penelope ( pə-NEL-ə-pee; Ancient Greek: Πηνελόπεια, Pēnelópeia, or Greek: Πηνελόπη, Pēnelópē) is a character in Homer's Odyssey."
Peneus,"In Greek mythology, Peneus (; Ancient Greek: Πηνειός) was a Thessalian river god, one of the three thousand Rivers (Potamoi), a child of Oceanus and Tethys."
Penicillium,"Penicillium () is a genus of  ascomycetous fungi that is part of the mycobiome of many species and is of major importance in the natural environment, in food spoilage, and in food and drug production."
Pennatula,Pennatula is a genus of sea pens in the family Pennatulidae.
Pennatulidae,"Pennatulidae is a family of sea pens, a member of the subclass Octocorallia in the phylum Cnidaria."
Pennines,"The Pennines (), also known as the Pennine Chain or Pennine Hills, are a range of uplands mainly located in Northern England."
Pennisetum,"Pennisetum  is a widespread genus of plants in the grass family, native to tropical and warm temperate regions of the world."
Pennsylvania,"Pennsylvania (  PEN-sil-VAY-nee-ə, lit. 'Penn's forest'), officially the Commonwealth of Pennsylvania (Pennsylvania Dutch: Pennsylvanie), is a state spanning the Mid-Atlantic, Northeastern, Appalachian, and Great Lakes regions of the United States."
Penobscot,The Penobscot (Abenaki: Pαnawάhpskewi) are an Indigenous people in North America from the Northeastern Woodlands region.
Penstemon,"Penstemon , the beardtongues, is a large genus of roughly 280 species of flowering plants native mostly to the Nearctic, but with a few species also found in the North American portion of the Neotropics."
Pentagon,"In geometry, a pentagon (from Greek: πέντε (pente), ""five"", and γωνία (gonia), ""angle"") is any five-sided polygon or 5-gon."
Pentastomida,The Pentastomida are an enigmatic group of parasitic arthropods commonly known as tongue worms due to the resemblance of the species of the genus Linguatula to a vertebrate tongue; molecular studies point to them being highly-derived crustaceans.About 130 species of pentastomids are known; all are obligate parasites with correspondingly degenerate anatomy.
Pentecost,"Pentecost (also called Whit Sunday, Whitsunday or Whitsun) is a Christian holiday which takes place on the 50th day (the seventh Sunday) after Easter Sunday."
Pepsi,"Pepsi is a carbonated soft drink with a cola flavor, manufactured by PepsiCo."
Peramelidae,The marsupial family Peramelidae contains the extant bandicoots.
Percheron,"The Percheron is a breed of draft horse that originated in the Huisne river valley in western France, part of the former Perche province, from which the breed takes its name."
Percidae,"The Percidae are a family of ray-finned fish, part of the order Perciformes, which are found in fresh and brackish waters of the Northern Hemisphere."
Perciformes,"Perciformes (), also called the Acanthopteri, is an order or superorder of ray-finned fish in the clade Percomorpha."
Percina,"Percina is a genus of small freshwater ray-finned fish, classified within the subfamily Etheostomatinae, part of the family Percidae, which also contains the perches, ruffes and pikeperches from North America."
Percoidea,Percoidea is a superfamily of fish of the order Perciformes.
Percophidae,"The Percophidae, duckbills, are a family of percomorph fishes, from the order Trachiniformes, found in tropical and subtropical waters of the Atlantic and Indian Oceans and in the southwestern and southeastern Pacific."
Percy,"The English surname Percy is of Norman origin, coming from Normandy to England, United Kingdom."
Perdicinae,"Perdicinae is a polyphyletic former subfamily of birds in the pheasant family, Phasianidae, regrouping the partridges, Old World quails, and francolins."
Perdix,Perdix is a genus of Galliform gamebirds known collectively as the 'true partridges'.
Pereskia,"Pereskia is a small genus of about four species of cacti that do not look much like other types of cacti, having substantial leaves and non-succulent stems."
Pericallis,"Pericallis is a small genus of 15 species of flowering plants in the family Asteraceae, native to the Canary Islands, Madeira and Azores."
Pericles,"Pericles (, Greek: Περικλῆς; c. 495 – 429 BC) was a Greek politician  and general during the Golden Age of Athens."
Peridinium,"Peridinium is a genus of motile, marine and freshwater dinoflagellates."
Perilla,"Perilla is a genus consisting of one major Asiatic crop species Perilla frutescens and a few wild species in nature belonging to the mint family, Lamiaceae."
Periophthalmus,"Periophthalmus is a genus of fish in the family Oxudercidae, native to coastal mangrove wood and shrubland in the Indo-Pacific region, except for P. barbarus from the Atlantic coast of Africa."
Peripatidae,Peripatidae is a family of velvet worms.
Peripatopsidae,Peripatopsidae is one of the two living velvet worm families.
Peripatopsis,Peripatopsis is a genus of South African velvet worms in the Peripatopsidae family.
Periplaneta,Periplaneta is a genus of cockroaches.
Perisoreus,The genus Perisoreus is a very small genus of jays from the Boreal regions of North America and Eurasia from Scandinavia to the Asian seaboard.
Perissodactyla,"Perissodactyla (, from Ancient Greek  περισσός, perissós 'odd', and  δάκτυλος, dáktylos 'finger, toe') is an order of ungulates."
Peristedion,"Peristedion is a genus of marine ray-finned fish belonging to the family Peristediidae, the armoured gurnards or armored sea robins."
Permalloy,"Permalloy is a nickel–iron magnetic alloy,  with about 80% nickel and 20% iron content."
Permian,"The Permian ( PUR-mee-ən) is a geologic period and stratigraphic system which spans 47 million years from the end of the Carboniferous Period 298.9 million years ago (Mya), to the beginning of the Triassic Period 251.902 Mya."
Pernambuco,"Pernambuco (Brazilian Portuguese: [pɛʁnɐ̃ˈbuku] ) is a state of Brazil, located in the Northeast region of the country."
Perognathus,Perognathus is a genus of pocket mouse.
Peromyscus,Peromyscus is a genus of rodents.
Peronospora,Peronospora is a genus of oomycetes that are obligate plant pathogens of many eudicots.
Peronosporaceae,"Peronosporaceae are a family of water moulds that contains 21 genera, comprising more than 600 species."
Peronosporales,"The Peronosporales are an order of water moulds (class Oomycetes) which can be pathogenic.Many diseases of plants are sometimes classified under this order, but are sometimes considered members of order Pythiales."
Perry,"Perry or pear cider is an alcoholic beverage made from fermented pears, traditionally in England, particularly Gloucestershire, Herefordshire, and Worcestershire, parts of South Wales and France, especially Normandy and Anjou, Canada, Australia and New Zealand."
Persea,"Persea is a genus of about 150 species of evergreen trees belonging to the laurel family, Lauraceae."
Persephone,"In ancient Greek mythology and religion, Persephone ( pər-SEF-ə-nee; Greek: Περσεφόνη, romanized: Persephónē), also called Kore or Cora ( KOR-ee; Greek: Κόρη, romanized: Kórē, lit. 'the maiden'), is the daughter of Zeus and Demeter."
Persepolis,"Persepolis (; Old Persian: 𐎱𐎠𐎼𐎿, romanized: Pārsa; New Persian: تخت جمشید, romanized: Takht-e Jamshīd, lit. 'Throne of Jamshid') was the ceremonial capital of the Achaemenid Empire (c. 550–330 BC)."
Perseus,"In Greek mythology, Perseus (US: , UK: ; Greek: Περσεύς, translit."
Persoonia,"Persoonia, commonly known as geebungs or snottygobbles, is a genus of about one hundred species of flowering plants in the family Proteaceae."
Perth,Perth (Nyungar: Boorloo) is the capital and largest city of Western Australia.
Pertusaria,"Pertusaria is a large genus of warty crustose lichens in the Pertusariaceae family.: 322  The fruiting bodies are usually modified apothecia that immersed in warts on the main body (thallus) with small holes for the spores to emerge, similar to ostioles, or are fully above and lecanorine (spore bearing discs surrounded by a ring of tissue similar to the tissue of the thallus.: 322   Members of the genus are commonly called wart lichens.: 322 The widespread genus contains over 500 species.Classification in the large genus relies heavily on thallus chemistry to distinguish and classify species, some of which differ only in the presence or absence of a single secondary chemical."
Pertusariaceae,The Pertusariaceae are a family of lichen-forming fungi in the order Pertusariales.
Peru,"Peru (  pə-ROO; Spanish: Perú [peˈɾu]; Quechua: Piruw [pɪɾʊw]; Aymara: Piruw [pɪɾʊw]), officially the Republic of Peru (Spanish: ), is a country in western South America."
Perutz,Perutz is a surname.
Peshawar,"Peshawar (; Pashto: پېښور [peˈχəwər] ; Hindko: پشور; [pɪˈʃɔːɾ] ; Urdu: پشاور [pɪˈʃɑːʋər] ) is the sixth most populous city of Pakistan, with a population of over 1.97 million in the 2017 census."
Petasites,"Petasites is a genus of flowering plants in the sunflower family, Asteraceae, that are commonly referred to as butterburs and coltsfoots."
Petaurista,Petaurista is a genus of rodent in the family Sciuridae.
Petaurus,"The genus Petaurus () contains flying phalangers or wrist-winged gliders, a group of arboreal possums native to Australia, New Guinea, and surrounding islands."
Petrarch,"Francesco Petrarca (Italian: [franˈtʃesko peˈtrarka]; 20 July 1304 – 19 July 1374), commonly anglicized as Petrarch (), was a scholar and poet of the early Italian Renaissance, and one of the earliest humanists.Petrarch's rediscovery of Cicero's letters is often credited with initiating the 14th-century Italian Renaissance and the founding of Renaissance humanism."
Petrocoptis,Petrocoptis is a genus of flowering plants belonging to the family Caryophyllaceae.Its native range is Pyrenees to Northern Spain.
Petromyzontidae,"Petromyzontidae are a family of lampreys native to the Northern Hemisphere, comprising the vast majority of living lampreys."
Petronius,Gaius Petronius Arbiter (; Classical Latin: [ˈɡaː.i.ʊs pɛˈt̪roː.ni.ʊs ˈar.bɪ.t̪ɛr]; c.
Petroselinum,"Petroselinum is a genus of two parsley species of flowering plants in the family Apiaceae, native to western and southern Europe and northern Africa.Plants of this genus are bright green, hairless, biennial and herbaceous; they are rarely annual plants."
Petteria,"Petteria ramentacea, commonly known as Dalmatian laburnum, is a species of flowering plant in the family Fabaceae."
Petunia,Petunia is a genus of 20 species of flowering plants of South American origin.
Peziza,"Peziza is a large genus of saprophytic cup fungi that grow on the ground, rotting wood, or dung."
Pezizaceae,"The Pezizaceae (commonly referred to as cup fungi)  are a family of fungi in the Ascomycota which produce mushrooms that tend to grow in the shape of a ""cup""."
Pezizales,The Pezizales are an order of the subphylum Pezizomycotina within the phylum Ascomycota.
Phaethon,"Phaethon (; Ancient Greek: Φαέθων, romanized: Phaéthōn, lit. 'shiner', pronounced [pʰa.é.tʰɔːn]), also spelled Phaëthon, is the son of the Oceanid Clymene and the sun god Helios in Greek mythology."
Phalacrocorax,Phalacrocorax is a genus of fish-eating birds in the cormorant family Phalacrocoracidae.
Phalaenopsis,"Phalaenopsis (), also known as moth orchids, is a genus of about seventy species of plants in the family Orchidaceae."
Phalangeridae,"The Phalangeridae are a family of mostly nocturnal marsupials native to Australia, New Guinea, and Eastern Indonesia, including the cuscuses, brushtail possums, and their close relatives."
Phalangiidae,The Phalangiidae are a family of harvestmen with about 380 known species.
Phalangium,Phalangium is a genus of harvestmen that occur mostly in the Old World.
Phalaris,"Phalaris (Greek: Φάλαρις) was the tyrant of Akragas (now Agrigento) in Sicily in Magna Graecia, from approximately 570 to 554 BC.


== History ==

Phalaris was renowned for his excessive cruelty."
Phalguna,"Phalguna (Sanskrit: फाल्गुन, romanized: Phālguna) is a month of the Hindu calendar."
Phallaceae,"Phallaceae is a family of fungi, commonly known as stinkhorns, within the order Phallales."
Phallales,The Phallales is an order of fungi in the subclass Phallomycetidae.
Phallus,"A phallus (pl.: phalli or phalluses) is a penis (especially when erect), an object that resembles a penis, or a mimetic image of an erect penis."
Phanerozoic,"The Phanerozoic is the current and the latest of the four geologic eons in the Earth's geologic time scale, covering the time period from 538.8 million years ago to the present."
Pharaoh,"Pharaoh (, US also ; Egyptian: pr ꜥꜣ; Coptic: ⲡⲣ̄ⲣⲟ, romanized: Pǝrro; Biblical Hebrew: פַּרְעֹה‎ Parʿō) is the vernacular term often used for the monarchs of ancient Egypt, who ruled from the First Dynasty (c. 3150 BCE) until the annexation of Egypt by the Roman Empire in 30 BCE. However, regardless of gender, ""king"" was the term used most frequently by the ancient Egyptians for their monarchs through the middle of the Eighteenth Dynasty during the New Kingdom."
Phascogale,"The phascogales (members of the eponymous genus Phascogale), also known as wambengers or mousesacks, are carnivorous Australian marsupials of the family Dasyuridae."
Phascolarctos,"Phascolarctos is a genus of marsupials with one extant species, the koala Phascolarctos cinereus, an iconic animal of Australia."
Phaseolus,"Phaseolus (bean, wild bean) is a genus of herbaceous to woody annual and perennial vines in the family Fabaceae containing about 70 plant species, all native to the Americas, primarily Mesoamerica.It is one of the most economically important legume genera."
Phasianidae,"The Phasianidae are a family of heavy, ground-living birds, which includes pheasants, partridges, junglefowl, chickens, turkeys, Old World quail, and peafowl."
Phasianus,"The ""typical"" pheasant genus Phasianus in the family Phasianidae consists of two species."
Phasmatidae,The Phasmatidae are a family of the stick insects (order Phasmatodea).
Phasmatodea,"The Phasmatodea (also known as Phasmida, Phasmatoptera or Spectra) are an order of insects whose members are variously known as stick insects, stick-bugs, walkingsticks, stick animals, or bug sticks."
Phegopteris,"Phegopteris is a genus of ferns in the family Thelypteridaceae, subfamily Phegopteridoideae, in the Pteridophyte Phylogeny Group classification of 2016 (PPG I)."
Phellodendron,"Phellodendron, or cork-tree, is a genus of deciduous, dioecious trees in the family Rutaceae, native to east and northeast Asia."
Phidias,"Phidias or Pheidias (, Pheidias; c."
Philadelphia,"Philadelphia, commonly referred to as Philly, is the most populous city in the U.S. state of Pennsylvania and the second-most populous city in the Northeast megalopolis and Mid-Atlantic regions after New York City."
Philaenus,"Philaenus is a genus of insects belonging to the family Aphrophoridae, the spittlebugs."
Philip,"Philip, also Phillip, is a male given name, derived from the Greek Φίλιππος (Philippos, lit."
Philippi,"Philippi (; Greek: Φίλιπποι, Phílippoi) was a major Greek city northwest of the nearby island, Thasos."
Philippines,"The Philippines ( ; Filipino: Pilipinas), officially the Republic of the Philippines (Filipino: Republika ng Pilipinas), is an archipelagic country in Southeast Asia."
Philistia,"Philistia (Hebrew: פְּלֶשֶׁת, romanized: Pəlešeṯ; Koine Greek (LXX): Γῆ τῶν Φυλιστιείμ, romanized: gê tôn Phulistieím) was a confederation of five main cities or pentapolis in the Southwest Levant, made up of principally Gaza, Ashkelon, Ashdod, Ekron, and Gath, and for a time, Jaffa.Scholars believe the Philistines were made up of people of an Aegean background that from roughly 1200 BC onwards settled in the area and mixed with the local Canaanite population, and came to be known as Peleset, or Philistines."
Phillyrea,"Phillyrea is a genus of two species of flowering plants in the family Oleaceae, native to the Mediterranean region, and naturalized in the Canary Islands and Madeira.They are evergreen shrubs or small trees growing to 3–9 m tall, related to Ligustrum, Olea and Osmanthus."
Philophylla,Philophylla is a genus of tephritid  or fruit flies in the family Tephritidae.
Phlebodium,"Phlebodium is a small genus of ferns in the family Polypodiaceae, subfamily Polypodioideae, according to the Pteridophyte Phylogeny Group classification of 2016 (PPG I)."
Phlebotomus,"Phlebotomus is a genus of  ""sand flies"" in the Diptera family Psychodidae."
Phleum,Phleum (common name timothy) is a genus of annual and perennial plants in the grass family.
Phoca,"Phoca ( FOH-kə) is a genus of the earless seals, within the family Phocidae."
Phocoena,Phocoena is a genus of porpoises with four extant species:
Phoenicia,"Phoenicia (), or Phœnicia, was an ancient Semitic thalassocratic civilization originating in the coastal strip of the Levant region of the eastern Mediterranean, primarily located in modern Lebanon."
Phoeniculus,Phoeniculus is a genus of bird in the family Phoeniculidae.
Phoenicurus,"Phoenicurus is a genus of passerine birds in the Old World flycatcher family Muscicapidae, native to Europe, Asia and Africa."
Pholadidae,"Pholadidae, known as piddocks or angelwings, are a family of bivalve molluscs similar to a clam."
Pholas,"Pholas is a taxonomic genus of marine bivalve molluscs in the subfamily Pholadinae  of the family Pholadidae.Like other members of this family, they have an ability to bore through clay, earth, wood and soft rock."
Pholidae,"Pholidae is a family of marine ray-finned fishes, known as gunnels, in the scorpaeniform suborder Zoarcoidei."
Pholiota,"Pholiota is a genus of small to medium-sized, fleshy mushrooms in the family Strophariaceae."
Pholis,"Pholis is a genus of marine ray-finned fish belonging to the family Pholidae, the gunnels."
Pholistoma,Pholistoma is a small genus of flowering plants in the borage family known generally as fiestaflowers.
Phoradendron,"Phoradendron is a genus of mistletoe, native to warm temperate and tropical regions of the Americas."
Phosphorus,Phosphorus is a chemical element; it has symbol P and atomic number 15.
Photinia,"Photinia () is a genus of about 30 species of small trees and large shrubs, but the taxonomy has recently varied greatly, with the genera Heteromeles, Stranvaesia and Aronia sometimes included in Photinia."
Photoblepharon,Photoblepharon is a genus of poorly understood flashlight fishes found around reefs in the western Pacific Ocean (P. palpebratum) and in the western Indian Ocean (P. steinitzi).
Phoxinus,"Phoxinus is a genus of freshwater fish in the family Leuciscidae of order Cypriniformes, and the only members of the subfamily Phoxininae, or Eurasian minnows."
Phragmipedium,Phragmipedium is a genus of the Orchid family (Orchidaceae) (Subfamily Cypripedioideae) and the only genus comprised in the tribe Phragmipedieae and subtribe Phragmipediinae.
Phragmites,Phragmites () is a genus of four species of large perennial reed grasses found in wetlands throughout temperate and tropical regions of the world.
Phrygia,"In classical antiquity, Phrygia ( FRIJ-ee-ə; Phrygian: 𐊩𐌏𐌛𐊅𐊄𐌌, romanized: Gordum; Ancient Greek: Φρυγία, Phrygía) was a kingdom in the west central part of Anatolia, in what is now Asian Turkey, centered on the Sangarios River."
Phthorimaea,Phthorimaea is a genus of moths in the family Gelechiidae.
Phycomycetes,Phycomycetes is an obsolete polyphyletic taxon for certain fungi with aseptate hyphae.
Phyllium,Phyllium is the largest and most widespread genus of leaf insects in the family Phylliidae (Phasmatodea).
Phyllocladus,"Phyllocladus, the celery pines, is a small genus of conifers, now usually placed in the family Podocarpaceae."
Phylloporus,Phylloporus is a genus of fungi in the family Boletaceae (suborder Boletineae).
Phyllorhynchus,Phyllorhynchus is a genus of snakes in the family Colubridae.
Phyllostachys,"Phyllostachys ()
is a genus of Asian bamboo in the grass family."
Phyllostomus,Phyllostomus is a genus of leaf-nosed bat.
Phylloxera,"Grape phylloxera is an insect pest of grapevines worldwide, originally native to eastern North America."
Phylloxeridae,Phylloxeridae is a small family of plant-parasitic hemipterans closely related to aphids with only 75 described species.
Physalia,"Physalia is a genus of the order Siphonophorae, colonies of four specialized polyps and medusoids that drift on the surface of the Atlantic, Indian and Pacific oceans."
Physalis,"Physalis (, , , , from φυσαλλίς : phusallís 'bladder') is a genus of approximately 75 to 90 flowering plants in the nightshade family (Solanaceae), which are native to the Americas and Australasia."
Physaria,Physaria is a genus of flowering plants in the family Brassicaceae.
Physeter,Physeter is a genus of toothed whales.
Physidae,"Physidae, commonly called the bladder snails, is a family of small air-breathing freshwater snails, aquatic pulmonate gastropod molluscs in the superfamily Lymnaeoidea ."
Physostigma,Physostigma is a genus of flowering plants in the family Fabaceae.
Phytolacca,"Phytolacca is a genus of perennial plants native to North America, South America and East Asia."
Phytolaccaceae,Phytolaccaceae is a family of flowering plants.
Phytophthora,"Phytophthora (from Greek φυτόν (phytón), ""plant"" and φθορά (phthorá), ""destruction""; ""the plant-destroyer"") is a genus of plant-damaging oomycetes (water molds), whose member species are capable of causing enormous economic losses on crops worldwide, as well as environmental damage in natural ecosystems."
Picardy,"Picardy (; Picard and French: Picardie, French pronunciation: [pikaʁdi] , Picard: [pika(ː)rdi]) is a historical territory and a former administrative region of France."
Piciformes,"Nine families of largely arboreal birds make up the order Piciformes , the best-known of them being the Picidae, which includes the woodpeckers and close relatives."
Pickeringia,"Pickeringia is a monotypic genus of flowering plants in the legume family, Fabaceae."
Pickett,Pickett is an English surname.
Pickford,"Pickford is a surname, and may refer to

Sir Alfred Pickford (1872–1947), Scouting luminary and friend of Lord Baden-Powell
Charlotte Hennessey (1873–1928), aka Charlotte Smith Pickford, Canadian-American actress, mother of Mary, Lottie, and Jack Pickford
Catherine Pickford (born 1976), English Anglican priest
Grace Evelyn Pickford (1902–1986), American biologist
Henry Pickford (fl."
Picoides,"Picoides is a genus of woodpeckers (family Picidae) that are native to Eurasia and North America, commonly known as three-toed woodpeckers."
Picrasma,"Picrasma is a genus of flowering plants in the family Simaroubaceae, comprising six to nine species native to temperate to tropical regions of Asia, and tropical regions of the Americas."
Picris,"Picris (oxtongues) is a genus of flowering plants in the family Asteraceae described as a genus by Linnaeus in 1753.Picris species are used as food plants by the larvae of some Lepidoptera species, such as the grass moth Diasemia reticularis."
Pictor,"Pictor is a constellation in the Southern Celestial Hemisphere, located between the star Canopus and the Large Magellanic Cloud."
Picus,"Picus was a figure in Roman mythology, the first king of Latium."
Piedmont,"Piedmont ( PEED-mont; Italian: Piemonte [pjeˈmonte]; Piedmontese: Piemont [pjeˈmʊŋt]) is a region of Northwest Italy, one of the 20 regions of Italy."
Pieridae,"The Pieridae are a large family of butterflies with about 76 genera containing about 1,100 species, mostly from tropical Africa and tropical Asia with some varieties in the more northern regions of North America and Eurasia."
Pierre,Pierre is a masculine given name.
Pierrot,"Pierrot ( PEER-oh, US also  PEE-ə-roh, PEE-ə-ROH; French: [pjɛʁo] ) is a stock character of pantomime and commedia dell'arte, whose origins are in the late seventeenth-century Italian troupe of players performing in Paris and known as the Comédie-Italienne."
Pietism,"Pietism (), also known as Pietistic Lutheranism, is a movement within Lutheranism that combines its emphasis on biblical doctrine with an emphasis on individual piety and living a holy Christian life.Although the movement is aligned with Lutheranism, it has had a tremendous impact on Protestantism worldwide, particularly in North America and Europe."
Pilea,"Pilea, with 600–715 species, is the largest genus of flowering plants in the nettle family Urticaceae."
Pilgrim,A pilgrim (from the Latin peregrinus) is a traveler (literally one who has come from afar) who is on a journey to a holy place.
Pilosella,Pilosella is a genus of flowering plants in the family Asteraceae.
Pilsner,Pilsner (also pilsener or simply pils) is a type of pale lager.
Pilularia,"Pilularia or pillworts is a genus of unusual ferns of family Marsileaceae distributed in North Temperate regions, Ethiopian mountains, and the southern hemisphere in Australia, New Zealand, and western South America."
Pimlico,"Pimlico () is an area of Central London in the City of Westminster, built as a southern extension to neighbouring Belgravia."
Pimpinella,Pimpinella is a plant genus in the family Apiaceae; it includes the aromatic herb anise (P. anisum).
Pinaceae,"The Pinaceae (), or pine family, are conifer trees or shrubs, including many of the well-known conifers of commercial importance such as cedars, firs, hemlocks, piñons,  
larches, pines and spruces."
Pinckneya,Pinckneya is a genus of flowering plants belonging to the family Rubiaceae.
Pinctada,"Pinctada is a genus of saltwater oysters, marine bivalve mollusks in the family Pteriidae."
Pindar,"Pindar (; Greek: Πίνδαρος Pindaros, [píndaros]; Latin: Pindarus; c. 518 BC – c. 438 BC) was an Ancient Greek lyric poet from Thebes."
Pinguicula,"Pinguicula, commonly known as butterworts, is a genus of carnivorous flowering plants in the family Lentibulariaceae."
Pinnotheres,"Pinnotheres is a genus of crabs, including the pea crab."
Pinnotheridae,Pinnotheridae is a family of tiny soft-bodied crabs that live commensally in the mantles of certain bivalve molluscs and the occasional large gastropod mollusc species in genera such as Strombus and Haliotis.
Pinsk,"Pinsk (Belarusian: Пінск; Russian: Пинск, IPA: [pʲinsk]; Polish: Pińsk; Ukrainian: Пінськ; Yiddish: פינסק) is a city in Brest Region, Belarus."
Pipa,"The pipa, pípá, or p'i-p'a (Chinese: 琵琶) is a traditional Chinese musical instrument belonging to the plucked category of instruments."
Piperaceae,"The Piperaceae (), also known as the pepper family, are a large family of flowering plants."
Piperales,"Piperales is an order of flowering plants (4,170 recognized species)."
Pipidae,"The Pipidae are a family of primitive, tongueless frogs."
Pipilo,Pipilo is a genus of birds in the American sparrow family Passerellidae.
Pipistrellus,Pipistrellus is a genus of bats in the family Vespertilionidae and subfamily Vespertilioninae.
Pipra,Pipra is a genus of birds in the manakin family Pipridae.
Piptadenia,Piptadenia is a genus of tropical shrubs and trees of the family Fabaceae.
Pipturus,"Pipturus is a flowering plant genus in the nettle family, Urticaceae."
Piqueria,Piqueria is a genus of Caribbean and Mesoamerican plants in the tribe Eupatorieae within the family Asteraceae.
Pirandello,Pirandello is an Italian surname.
Piranga,"Piranga is a genus of birds long placed in the tanager family, but now considered members of the family Cardinalidae."
Pisa,"Pisa ( PEE-zə, Italian: [ˈpiːza]  or [ˈpiːsa]) is a city and comune in Tuscany, central Italy, straddling the Arno just before it empties into the Ligurian Sea."
Piscidia,Piscidia is a genus of flowering plants in subfamily Faboideae of the family Fabaceae.
Pisonia,"Pisonia is a genus of flowering plants in the four o'clock flower family, Nyctaginaceae."
Pissis,Pissis is a French surname.
Pistacia,"Pistacia is a genus of flowering plants in the cashew family, Anacardiaceae."
Piston,"A piston is a component of reciprocating engines, reciprocating pumps, gas compressors, hydraulic cylinders and pneumatic cylinders, among other similar mechanisms."
Pithecellobium,Pithecellobium is a genus of flowering plants in the family Fabaceae.
Pitot,Pitot is a surname.
Pittsburgh,Pittsburgh ( PITS-burg) is a city in the Commonwealth of Pennsylvania and the county seat of Allegheny County.
Pituophis,"Pituophis is a genus of nonvenomous colubrid snakes,  commonly referred to as gopher snakes, pine snakes, and bullsnakes, which are endemic to North America."
Pitymys,Pitymys is a subgenus of voles in the genus Microtus.
Pityrogramma,"Pityrogramma, the silverback ferns, or goldback ferns, is a fern genus in the subfamily Pteridoideae of the family Pteridaceae."
Placodermi,"Placodermi is a class of armoured prehistoric fish, known from fossils, which lived from the Silurian to the end of the Devonian period."
Plagianthus,Plagianthus  is a genus of flowering plants confined to New Zealand and the Chatham Islands.
Planera,"Planera is a genus of flowering plants with a single living species, Planera aquatica, the planertree or water elm."
Plantaginaceae,"Plantaginaceae, the plantain family, is a large, diverse family of flowering plants in the order Lamiales that includes common flowers such as snapdragon and foxglove."
Plantago,"Plantago is a genus of about 200 species of flowering plants in the family Plantaginaceae, commonly called plantains or fleaworts."
Plantation,"Plantations are farms specializing in cash crops, usually mainly planting a single crop, with perhaps ancillary areas for vegetables for eating and so on."
Plasmodiidae,"The Plasmodiidae are a family of apicomplexan parasites, including the type genus Plasmodium, which is responsible for malaria."
Plasmodiophora,"Plasmodiophora is a genus in class Phytomyxea.It includes the species Plasmodiophora brassicae, which causes the disease cabbage clubroot."
Plasticine,"Plasticine is a putty-like modelling material made from calcium salts, petroleum jelly and aliphatic acids."
Plataea,"Plataea (; Ancient Greek: Πλάταια, Plátaia) was an ancient Greek city-state situated in Boeotia near the frontier with Attica at the foot of Mt."
Platanaceae,"Platanaceae, the ""plane-tree family"", is a family of flowering plants in the order Proteales."
Platanistidae,"Platanistidae is a family of river dolphins containing the extant Ganges river dolphin and Indus river dolphin (both in the genus Platanista) but also extinct relatives from marine deposits in the Neogene.The Amazon river dolphin, Yangtze river dolphin, and franciscana were once thought to belong to Platanistidae (e.g."
Platanthera,"The genus Platanthera belongs to the subfamily Orchidoideae of the family Orchidaceae, and comprises about 150 species of orchids."
Platanus,Platanus  PLAT-ən-əss is a genus consisting of a small number of tree species native to the Northern Hemisphere.
Platichthys,Platichthys is a genus of flatfish native to the North Pacific and North Atlantic oceans.
Plato,Plato ( PLAY-toe; Greek: Πλάτων Plátōn; 428/427 or 424/423 – 348 BC) was an ancient Greek philosopher born in Athens during the Classical period.
Platonism,"Platonism is the philosophy of Plato and philosophical systems closely derived from it, though contemporary Platonists do not necessarily accept all doctrines of Plato."
Platycephalidae,"The Platycephalidae are a family of marine fish, most commonly referred to as flatheads."
Platycerium,"Platycerium is a genus of about 18 fern species in the polypod family, Polypodiaceae."
Platylobium,"Platylobium is a genus of shrubs in the legume family, Fabaceae."
Platymiscium,"Platymiscium is a genus of flowering plants in the family Fabaceae, and was recently assigned to the informal monophyletic Pterocarpus clade within the Dalbergieae."
Platystemon,"Platystemon is a monotypic genus of flowering plants in the poppy family containing the single species Platystemon californicus, which is known by the common name creamcups."
Plautus,"Titus Maccius Plautus (, PLAW-təs; c."
Plecoptera,"Plecoptera is an order of insects, commonly known as stoneflies."
Plecotus,"Plecotus is a genus of vesper bat, commonly called long-eared bats."
Plectania,Plectania is a genus of fungi in the family Sarcosomataceae.
Plectorrhiza,"Plectorrhiza, commonly known as tangle orchids, is a genus of three species of flowering plants from the orchid family, Orchidaceae and is endemic to Australia."
Plectrophenax,Plectrophenax is a small genus of passerine birds of the longspur family Calcariidae.
Pleiades,"The Pleiades (), also known as the Seven Sisters, Messier 45, and other names by different cultures, is an asterism and an open star cluster containing middle-aged, hot B-type stars in the north-west of the constellation Taurus."
Pleiospilos,Pleiospilos is a genus of succulent flowering plants of the family Aizoaceae.
Pleistocene,"The Pleistocene ( PLY-stə-seen, -⁠stoh-; often referred to colloquially as the Ice Age) is the geological epoch that lasted from c. 2.58 million to 11,700 years ago, spanning the Earth's most recent period of repeated glaciations."
Plethodon,Plethodon is a genus of salamanders in the family Plethodontidae.
Plethodontidae,"Plethodontidae, or lungless salamanders, are a family of salamanders."
Pleurobrachia,Pleurobrachia is a common genus of Ctenophora(an exclusively marine phylum).
Pleurobrachiidae,Pleurobrachiidae is a family of ctenophores belonging to the order Cydippida.Genera:
Pleuronectes,Pleuronectes is a genus of righteye flounders found in the northern oceans.
Pleuronectidae,"Pleuronectidae, also known as righteye flounders, are a family of flounders."
Pleurotus,"Pleurotus is a genus of gilled mushrooms which includes one of the most widely eaten mushrooms, P. ostreatus."
Pleven,Pleven (Bulgarian: Плèвен pronounced [ˈplɛvɛn]) is the seventh most populous city in Bulgaria.
Plicatoperipatus,Plicatoperipatus is a monospecific genus of velvet worm containing the single species Plicatoperipatus jamaicensis.
Pliocene,"The Pliocene (  PLY-ə-seen, PLY-oh-; also Pleiocene) is the epoch in the geologic time scale that extends from 5.333 million to 2.58 million years ago."
Ploceidae,"Ploceidae is a family of small passerine birds, many of which are called weavers, weaverbirds, weaver finches, or bishops."
Ploceus,"Ploceus is a genus of birds in the weaver family, Ploceidae."
Plotinus,"Plotinus (; Greek: Πλωτῖνος, Plōtînos; c. 204/5 – 270 CE) was a Greek Platonist philosopher, born and raised in Roman Egypt."
Plough,A plough or plow (US; both ) is a farm tool for loosening or turning the soil before sowing seed or planting.
Plovdiv,"Plovdiv (Bulgarian: Пловдив, pronounced [ˈpɫɔvdif]) is the second-largest city in Bulgaria, standing on the banks of the Maritsa river in the historical region of Thrace, behind the state capital Sofia."
Plumbaginaceae,"Plumbaginaceae is a family of flowering plants, with a cosmopolitan distribution."
Plumbaginales,Plumbaginales is an order of flowering plants.
Plumeria,"Plumeria (), also known as frangipani, is a genus of flowering plants in the subfamily Rauvolfioideae, of the family Apocynaceae."
Plutarch,"Plutarch (; Greek: Πλούταρχος, Ploútarchos; Koinē Greek: [ˈplúːtarkʰos]; c. AD 46 – after AD 119) was a Greek Middle Platonist philosopher, historian, biographer, essayist, and priest at the Temple of Apollo in Delphi."
Pluteaceae,The Pluteaceae are a family of small to medium-sized mushrooms which have free gill attachment and pink spores.
Pluteus,Pluteus is a large genus of fungi with over 300 species.
Pluto,"Pluto (minor-planet designation: 134340 Pluto) is a dwarf planet in the Kuiper belt, a ring of bodies beyond the orbit of Neptune."
Pluvialis,"Pluvialis  is a genus of plovers, a group of wading birds comprising four species that breed in the temperate or Arctic Northern Hemisphere."
Plymouth,"Plymouth ( ) is a port city and unitary authority in Devon, South West England."
Poa,"Poa is a genus of about 570 species of grasses, native to the temperate regions of both hemispheres."
Poaceae,Poaceae () or Gramineae ()  is a large and nearly ubiquitous family of monocotyledonous flowering plants commonly known as grasses.
Pocahontas,"Pocahontas (US: , UK: ; born Amonute, also known as Matoaka, c."
Podalyria,Podalyria is a genus of flowering plants in the family Fabaceae.
Podargus,"Podargus is a small genus of birds in the frogmouth family, Podargidae."
Podiceps,Podiceps is a genus of birds in the grebe family.
Podilymbus,"Podilymbus is a genus of birds in the Grebe family, the genus name is derived from Latin Podilymbus, a contraction of podicipes (""feet at the buttocks"", from podici-, ""rump-"" + pes, ""foot"")—the origin of the name of the grebe order—and Ancient Greek kolymbos, ""diver""."
Podocarpaceae,"Podocarpaceae is a large family of mainly Southern Hemisphere conifers, known in English as podocarps, comprising about 156 species of evergreen trees and shrubs."
Podocarpus,"Podocarpus () is a genus of conifers, the most numerous and widely distributed of the podocarp family, the Podocarpaceae."
Podophyllum,"Podophyllum is a genus of flowering plant in the family Berberidaceae, native from Afghanistan to China, and from southeast Canada to the central and eastern United States."
Poeciliidae,"The Poeciliidae are a family of freshwater fishes of the order Cyprinodontiformes, the tooth-carps, and include well-known live-bearing aquarium fish, such as the guppy, molly, platy, and swordtail."
Poecilocapsus,Poecilocapsus is a genus of bugs in the family Miridae.
Poephila,Poephila  is an Australian genus of estrildid finches.
Pogostemon,"Pogostemon is a large genus from the family Lamiaceae, first described as a genus in 1815."
Poitier,Poitier is a surname.
Poitiers,"Poitiers (, UK also , US also , French: [pwatje] ; Poitevin: Poetàe) is a city on the River Clain in west-central France."
Poitou,"Poitou (UK: , US: , French: [pwatu]; Latin: Pictaviensis, Pictavia; Poitevin: Poetou) was a province of west-central France whose capital city was Poitiers."
Poland,"Poland (Polish: Polska [ˈpɔlska] ), officially the Republic of Poland, is a country in Central Europe."
Polanisia,Polanisia is a genus of flowering plants in the family Cleomaceae.
Polaris,Polaris is a star in the northern circumpolar constellation of Ursa Minor.
Polemoniaceae,"The Polemoniaceae (Jacob's-ladder or phlox family) are a family of flowering plants consisting of about 25 genera with 270–400 species of annuals and perennials native to the Northern Hemisphere and South America, with the center of diversity in western North America."
Polianthes,"Polianthes  is a formerly recognized genus of plants in family Asparagaceae, subfamily Agavoideae."
Polioptila,Polioptila is a genus of small insectivorous birds in the family Polioptilidae.
Polistes,Polistes is a cosmopolitan genus of paper wasps and the only genus in the tribe Polistini.
Pollock,Pollock or pollack (pronounced ) is the common name used for either of the two species of North Atlantic marine fish in the genus Pollachius.
Polo,"Polo is a ball game that is played on horseback, a traditional field sport and one of the world's oldest known team sports."
Polybotrya,"Polybotrya is a genus of ferns in the family Dryopteridaceae, subfamily Polybotryoideae, in the Pteridophyte Phylogeny Group classification of 2016 (PPG I)."
Polycarp,"Polycarp (; Greek: Πολύκαρπος, Polýkarpos; Latin: Polycarpus; AD 69 – 155) was a Christian bishop of Smyrna."
Polydactylus,"Polydactylus is a genus of threadfin that mainly are native to the Indian, Atlantic and Pacific Oceans, especially in coastal or brackish waters (such as mangrove or estuaries)."
Polyergus,Polyergus is a small genus of ants with 14 described species.
Polygala,Polygala is a large genus of flowering plants belonging to the family Polygalaceae.
Polygalaceae,The Polygalaceae or the milkwort family are made up of flowering plants in the order Fabales.
Polygonaceae,The Polygonaceae are a family of flowering plants known informally as the knotweed family or smartweed—buckwheat family in the United States.
Polygonales,"Polygonales was an order of flowering plants recognized by several older systems such as the Wettstein system, last revised in 1935, the Engler system, in its update of 1964, and the Cronquist system, 1981."
Polygonatum,"Polygonatum , also known as King Solomon's-seal or Solomon's seal, is a genus of flowering plants."
Polygonia,"Polygonia (from Greek πολύς - polys, ""many"" and γωνία - gōnia, ""angle"") is a genus of butterflies with a conspicuous white mark on the underside of each hindwing, hence the common name comma."
Polygonum,Polygonum is a genus of about 130 species of flowering plants in the buckwheat and knotweed family Polygonaceae.
Polyhymnia,"Polyhymnia (; Greek: Πολυύμνια, lit. 'the one of many hymns'), alternatively Polymnia (Πολύμνια), was, in Greek mythology, the Muse of sacred poetry, sacred hymn, dance and eloquence, as well as agriculture and pantomime."
Polynesia,"Polynesia (UK:  POL-in-EE-zee-ə, US:  -⁠EE-zhə) is a subregion of Oceania, made up of more than 1,000 islands scattered over the central and southern Pacific Ocean."
Polypedates,"Polypedates is a genus of frogs in the family Rhacophoridae, the shrub frogs and Paleotropic tree frogs."
Polypodiaceae,Polypodiaceae is a family of ferns.
Polypodiales,"The order Polypodiales encompasses the major lineages of polypod ferns, which comprise more than 80% of today's fern species."
Polypodium,"Polypodium is a genus of ferns in the family Polypodiaceae, subfamily Polypodioideae, according to the Pteridophyte Phylogeny Group classification of 2016 (PPG I)."
Polyporaceae,The Polyporaceae () are a family of poroid fungi belonging to the Basidiomycota.
Polyporus,Polyporus is a genus of poroid fungi in the family Polyporaceae.
Polyprion,"Polyprion is a genus of marine ray-finned fish from the family Polyprionidae, the wreckfishes."
Polystichum,"Polystichum is a genus of ferns in the family Dryopteridaceae, subfamily Dryopteridoideae, according to the Pteridophyte Phylogeny Group classification of 2016 (PPG I)."
Pomacanthus,Pomacanthus is a genus of marine angelfish that is usually found around reefs and coral.
Pomacentridae,"Pomacentridae is a family of ray-finned fish, comprising the damselfishes and clownfishes."
Pomacentrus,Pomacentrus is a genus of marine damselfish in the family Pomacentridae.
Pomaderris,"Pomaderris is a genus of about 80 species of flowering plants in the family Rhamnaceae, the species native to Australia and/or New Zealand."
Pomo,The Pomo are a Native American people of California.
Pompeii,"Pompeii ( pom-PAY-(ee), Latin: [pɔmˈpei̯.iː]) was an ancient city located in what is now the comune of Pompei near Naples in the Campania region of Italy."
Pompey,"Gnaeus Pompeius Magnus (Latin: [ˈŋnae̯ʊs pɔmˈpeːi̯ʊs ˈmaŋnʊs]; 29 September 106 BC – 28 September 48 BC), known in English as Pompey (, POM-pee) or Pompey the Great, was a general and statesman of the Roman Republic."
Ponca,The Ponca (Páⁿka iyé: Páⁿka or Ppáⁿkka pronounced [pãŋꜜka]) are a Midwestern Native American tribe of the Dhegihan branch of the Siouan language group.
Pongamia,"Pongamia pinnata is a species of tree in the pea family, Fabaceae, native to eastern and tropical Asia, Australia, and the Pacific islands."
Pongidae,"Pongidae , or the pongids is an obsolete primate taxon containing chimpanzees, gorillas and orangutans."
Pons,"The pons (pl.: pontes; from Latin pons, ""bridge"") is part of the brainstem that in humans and other mammals, lies inferior to the midbrain, superior to the medulla oblongata and anterior to the cerebellum."
Pontederia,"Pontederia is a genus of tristylous aquatic plants, members of which are commonly known as pickerel weeds."
Pontederiaceae,Pontederiaceae is a family of flowering plants.
Pope,"The pope (Latin: papa, from Ancient Greek: πάππας, romanized: páppas, lit. 'father'), also known as the supreme pontiff (pontifex maximus or summus pontifex), Roman pontiff (Romanus pontifex) or sovereign pontiff, is the bishop of Rome (or historically the patriarch of Rome), head of the worldwide Catholic Church, and has also served as the head of state or sovereign of the Papal States and later the Vatican City State since the eighth century."
Popillia,Popillia is a genus of scarab beetles.
Populus,"Populus is a genus of 25–30 species of deciduous flowering plants in the family Salicaceae, native to most of the Northern Hemisphere."
Porcellio,Porcellio is a genus of woodlice in the family Porcellionidae.
Porcellionidae,Porcellionidae is a terrestrial family of the order Isopoda.
Porphyra,"Porphyra is a genus of coldwater seaweeds that grow in cold, shallow seawater."
Porto,"Porto (Portuguese pronunciation: [ˈpoɾtu] ), also known as Oporto, is the second largest city in Portugal after Lisbon, the capital of the Porto District, and one of the Iberian Peninsula's major urban areas."
Portsmouth,"Portsmouth (  PORTS-məth) is a port city and unitary authority in Hampshire, England."
Portugal,"Portugal (Portuguese pronunciation: [puɾtuˈɣal] ), officially the Portuguese Republic (Portuguese: República Portuguesa [ʁɛˈpuβlikɐ puɾtuˈɣezɐ]), is a country located on the Iberian Peninsula, in Southwestern Europe, and whose territory also includes the Macaronesian archipelagos of the Azores and Madeira."
Portulacaceae,"The Portulacaceae are a family of flowering plants, comprising 115 species in a single genus Portulaca."
Portunidae,Portunidae is a family of crabs which contains the swimming crabs.
Portunus,"Portunus is a genus of crabs which includes several important species for fisheries, such as the blue swimming crab and the Gazami crab."
Porzana,"Porzana is a genus of birds in the crake and rail family, Rallidae."
Poseidon,"Poseidon (; Greek: Ποσειδῶν) is one of the Twelve Olympians in ancient Greek religion and mythology, presiding over the sea, storms, earthquakes and horses."
Postum,Postum (US: ) is a powdered roasted grain beverage popular as a coffee substitute.
Potamogalidae,"Potamogalidae is the family of ""otter shrews"", a group of semiaquatic riverine afrotherian mammals indigenous to sub-Saharan Africa."
Potamogeton,"Potamogeton is a genus of aquatic, mostly freshwater, plants of the family Potamogetonaceae."
Potamogetonaceae,"The Potamogetonaceae, commonly referred to as the pondweed family, is an aquatic family of monocotyledonous flowering plants."
Potawatomi,"The Potawatomi , also spelled Pottawatomi and Pottawatomie (among many variations), are a Native American people of the Great Plains, upper Mississippi River, and western Great Lakes region."
Potentilla,"Potentilla  is a genus containing over 300 species of annual, biennial and perennial herbaceous flowering plants in the rose family, Rosaceae."
Potsdam,Potsdam (German pronunciation: [ˈpɔtsdam] ) is the capital and largest city of the German state of Brandenburg.
Pouteria,"Pouteria is a genus of flowering trees in the gutta-percha family, Sapotaceae."
Powhatan,"The Powhatan people (;) are Native Americans who belong to member tribes of the Powhatan Confederacy, or Tsenacommacah."
Powys,"Powys ( POH-iss, POW-iss, Welsh: [ˈpou̯ɪs]) is a county and preserved county in Wales."
Prague,Prague ( PRAHG; Czech: Praha [ˈpraɦa] ; German: Prag [pʁaːk] ; Latin: Praga) is the capital and largest city of the Czech Republic and the historical capital of Bohemia.
Praia,"Praia (Portuguese pronunciation: [ˈpɾajɐ], Portuguese for ""beach"") is the capital and largest city of Cape Verde."
Prairial,Prairial (French pronunciation: [pʁɛʁjal]) was the ninth month in the French Republican Calendar.
Prajapati,"Prajapati (Sanskrit: प्रजापति, romanized: Prajāpati, lit. 'Lord of creation') is a Vedic deity of Hinduism.In both earlier and later literature, Prajapati is the creator-god Brahma, but the term also connotes many different gods, depending on the Hindu text, ranging from being the creator god to being same as one of the following: Vishvakarma, Agni, Indra, Daksha, and many others, reflecting the diverse Hindu cosmology."
Prakrit,"Prakrit (; Sanskrit: प्राकृत prākṛta; Telugu: prākrutam; Kannada: pagada; Tamil: pāgadam; Shauraseni: 𑀧𑀸𑀉𑀤, pāuda; Jain Prakrit: pāua) is a group of vernacular Middle Indo-Aryan languages that were used in the Indian subcontinent from around the 3rd century BCE to the 8th century CE. The term Prakrit is usually applied to the middle period of Middle Indo-Aryan languages, excluding earlier inscriptions and Pali.Prākṛta literally means ""natural"" as opposed to saṃskṛta, which literally means ""constructed"" or ""refined""."
Praunus,"Praunus is a genus of mysid shrimp, comprising three species:
Praunus flexuosus (Müller, 1776)
Praunus inermis (Rathke, 1843)
Praunus neglectus (G. O. Sars, 1869)When originally named in 1814 by William Elford Leach, the genus contained P. flexuosus (the type species), and a second species, ""P. integer"", which is now known as Neomysis integer."
Praxiteles,"Praxiteles (; Greek: Πραξιτέλης) of Athens, the son of Cephisodotus the Elder, was the most renowned of the Attica sculptors of the 4th century BC. He was the first to sculpt the nude female form in a life-size statue."
Precambrian,"The Precambrian (  pree-KAM-bree-ən, -⁠KAYM-; or Pre-Cambrian, sometimes abbreviated pꞒ, or Cryptozoic) is the earliest part of Earth's history, set before the current Phanerozoic Eon."
Prenanthes,"Prenanthes is a genus of plant in the family Asteraceae, often referred to as rattlesnake root.Molecular analysis in 2009 revealed that the genus as traditionally envisioned is polyphyletic, meaning that it is a conglomeration of species not closely related to one another."
Presbyterianism,Presbyterianism is a part of the Reformed (Calvinist) tradition within Protestantism that broke from the Roman Catholic Church.
Presley,Presley is a surname and given name.
Pretender,A pretender is someone who claims to be the rightful ruler of a country although not recognized as such by the current government.
Pretoria,"Pretoria ( prih-TOR-ee-ə, pree-; Afrikaans: [prəˈtʊəria] ) is South Africa's administrative capital, serving as the seat of the executive branch of government, and as the host to all foreign embassies to South Africa.Pretoria straddles the Apies River and extends eastward into the foothills of the Magaliesberg mountains."
Priacanthidae,"The Priacanthidae, the bigeyes, are a family of 18 species of marine ray-finned fishes."
Priacanthus,"Priacanthus is a genus of marine ray-finned fishes belonging to the family Priacanthidae, the bigeyes."
Priam,"In Greek mythology, Priam (; Greek: Πρίαμος, pronounced [prí.amos]) was the legendary and last king of Troy during the Trojan War."
Priapus,"In Greek mythology, Priapus (; Ancient Greek: Πρίαπος, Príapos) is a minor rustic fertility god, protector of livestock, fruit plants, gardens, and male genitalia."
Price,"A price is the (usually not negative) quantity of payment or compensation expected, required, or given by one party to another in return for goods or services."
Primulaceae,"The Primulaceae , commonly known as the primrose family (but not related to the evening primrose family), are a family of herbaceous and woody flowering plants including some favourite garden plants and wildflowers."
Primulales,Primulales was an order of flowering plants.
Prinia,Prinia is a genus of small insectivorous birds belonging to the passerine bird family Cisticolidae.
Prionotus,"Prionotus is a genus of marine ray-finned fishes belonging to the family Triglidae, one of two genera belonging to the subfamily Prionotinae, the searobins."
Pristis,Pristis is a genus of sawfish of the family Pristidae.
Proboscidea,"Proboscidea (;  from Latin  proboscis, from Ancient Greek  προβοσκίς (proboskís) 'elephant's trunk') is a taxonomic order of afrotherian mammals containing one living family (Elephantidae) and several extinct families."
Procavia,Procavia is a genus of hyraxes.
Procellaria,"Procellaria is a genus of Southern Ocean long-winged seabirds related to prions, and within the order Procellariiformes."
Procellariidae,"The family Procellariidae is a group of seabirds that comprises the fulmarine petrels, the gadfly petrels, the diving petrels, the prions, and the shearwaters."
Procellariiformes,"Procellariiformes  is an order of seabirds that comprises four families: the albatrosses, the petrels and shearwaters, and two families of storm petrels."
Prociphilus,"Prociphilus is an aphid genus of the subfamily Eriosomatinae, which cause the plants they attack to produce galls."
Procrustes,"In Greek mythology, Procrustes (; Greek: Προκρούστης Prokroustes, ""the stretcher [who hammers out the metal]""), also known as Prokoptas, Damastes (Δαμαστής, ""subduer"") or Polypemon, was a rogue smith and bandit from Attica who attacked people by stretching them or cutting off their legs, so as to force them to fit the size of an iron bed."
Procyon,"Procyon () is the brightest star in the constellation of Canis Minor and usually the eighth-brightest star in the night sky, with an apparent visual magnitude of 0.34."
Procyonidae,Procyonidae () is a New World family of the order Carnivora.
Progne,Progne is a genus of passerine birds in the swallow family Hirundinidae.
Prokhorov,"Prokhorov (Russian: Прохоров) or Prokhorova (feminine; Прохорова), is a common Russian surname which may refer to:

Alexander Prokhorov (1916–2002), Russian physicist and Nobel Prize winner
Aleksandr Prokhorov (footballer) (1946–2005), Soviet football player and coach
Alexey Prokhorov (1923–2002), Soviet aircraft pilot and twice Hero of the Soviet Union
Anton Prokhorov (b."
Prolog,"Prolog is a logic programming language that has its origins in artificial intelligence and computational linguistics.Prolog has its roots in first-order logic, a formal logic, and unlike many other programming languages, Prolog is intended primarily as a declarative programming language: the program is a set of facts and rules, which define relations."
Prometheus,"In Greek mythology, Prometheus (; Ancient Greek: Προμηθεύς, [promɛːtʰéu̯s], possibly meaning ""forethought"") is sometimes referred to as the God of Fire."
Proserpina,"Proserpina ( proh-SUR-pih-nə; Latin: [proːˈsɛrpɪna]) or Proserpine ( PROSS-ər-pyne) is an ancient Roman goddess whose iconography, functions and myths are virtually identical to those of Greek Persephone."
Prosopis,Prosopis is a genus of flowering plants in the family Fabaceae.
Prosopium,Prosopium is a genus of freshwater whitefishes found in North America and parts of eastern Russia.
Proteaceae,The Proteaceae  form a family of flowering plants predominantly distributed in the Southern Hemisphere.
Proteales,Proteales is an order of flowering plants consisting of three (or four) families.
Proteidae,The family Proteidae is a group of aquatic salamanders found today in the Balkan Peninsula and North America.
Proteles,Proteles is a genus of distinctive hyenas which contain the aardwolf (Proteles cristatus) and its close fossil relatives.
Proterochampsa,Proterochampsa is an extinct genus of proterochampsid archosauriform from the Late Triassic (Carnian-Norian boundary) of South America.
Proterozoic,"The Proterozoic (IPA:  PROH-tər-ə-ZOH-ik, PROT-, -⁠ər-oh-, -⁠trə-, -⁠troh-) is the third of the four geologic eons of Earth's history, spanning the time interval from 2500 to 538.8 Mya, the longest eon of the Earth's geologic time scale."
Protestantism,"Protestantism is a branch of Christianity that follows the theological tenets of the Protestant Reformation, a movement that began in the 16th century with the goal of reforming the Catholic Church from perceived errors, abuses, and discrepancies.Protestantism emphasizes the Christian believer's justification by God in faith alone (sola fide) rather than by a combination of faith with good works as in Catholicism; the teaching that salvation comes by divine grace or ""unmerited favor"" only (sola gratia); the priesthood of all believers in the Church; and the sola scriptura (""scripture alone"") that posits the Bible as the sole infallible source of authority for Christian faith and practice."
Proteus,"In Greek mythology, Proteus ( PROH-tee-əs, PROHT-yooss; Ancient Greek: Πρωτεύς, romanized: Prōteús) is an early prophetic sea god or god of rivers and oceanic bodies of water, one of several deities whom Homer calls the ""Old Man of the Sea"" (hálios gérôn)."
Prototheria,"Prototheria (; from Greek πρώτος, prōtos, first, + θήρ, thēr, wild animal) is an obsolete subclass of mammals which includes the living Monotremata and to which a variety of extinct groups, including Morganucodonta, Docodonta, Triconodonta and Multituberculata, have also been assigned."
Protozoa,"Protozoa (SG: protozoan or protozoon; alternative plural: protozoans) are a polyphyletic group of single-celled eukaryotes, either free-living or parasitic, that feed on organic matter such as other microorganisms or organic debris."
Protura,"The Protura, or proturans, and sometimes nicknamed coneheads, are very small (0.6–1.5mm long), soil-dwelling animals, so inconspicuous they were not noticed until the 20th century."
Provence,"Provence (, US also , UK also , French: [pʁɔvɑ̃s] ) is a geographical region and historical province of southeastern France, which extends from the left bank of the lower Rhône to the west to the Italian border to the east; it is bordered by the Mediterranean Sea to the south."
Provera,Provera is an Italian surname.
Prumnopitys,Prumnopitys is a genus of conifers belonging to the family Podocarpaceae.
Prunus,"Prunus is a genus of trees and shrubs, which includes (among many others) the fruits plums, cherries, peaches, nectarines, apricots, and almonds."
Prussia,"Prussia (; German: Preußen, pronounced [ˈpʁɔʏsn̩] , Old Prussian: Prūsa or Prūsija) was a German state located on most of the North European Plain, also occupying southern and eastern regions."
Psalms,"The Book of Psalms ( SAH(L)MZ, US also  SAW(L)MZ; Hebrew: תְּהִלִּים, Tehillim, lit."
Psalter,"A psalter is a volume containing the Book of Psalms, often with other devotional material bound in as well, such as a liturgical calendar and litany of the Saints."
Psenes,"Psenes is a genus of driftfishes native to the Indian, Atlantic and Pacific oceans."
Pseudechis,Pseudechis is a genus of venomous snakes in the family Elapidae.
Pseudemys,"Pseudemys is a genus of large, herbivorous, freshwater turtles of the eastern United States and adjacent northeast Mexico."
Pseudepigrapha,"Pseudepigrapha (also anglicized as ""pseudepigraph"" or ""pseudepigraphs"") are falsely attributed works, texts whose claimed author is not the true author, or a work whose real author attributed it to a figure of the past."
Pseudobombax,Pseudobombax is a genus of flowering plants in the subfamily Bombacoideae of the family Malvaceae.
Pseudococcus,"Pseudococcus is a genus of unarmoured scale insects in the family Pseudococcidae, the mealy bugs."
Pseudocolus,Pseudocolus is a genus of fungi in the stinkhorn family.
Pseudolarix,"Pseudolarix is a genus of coniferous trees in the pine family Pinaceae containing three species, the extant Pseudolarix amabilis and the extinct species Pseudolarix japonica and Pseudolarix wehrii."
Pseudomonadales,The Pseudomonadales are an order of Pseudomonadota.
Pseudomonas,Pseudomonas is a genus of Gram-negative bacteria belonging to the family Pseudomonadaceae in the class Gammaproteobacteria.
Pseudopleuronectes,Pseudopleuronectes is a genus of righteye flounders mostly native to the northwestern Pacific Ocean with one species (P. americanus) found in the northwestern Atlantic Ocean.
Pseudotaxus,"Pseudotaxus chienii, the whiteberry yew (Chinese: 白豆杉; pinyin: báidòushān; lit."
Pseudotsuga,Pseudotsuga  is a genus of evergreen coniferous trees in the family Pinaceae (subfamily Laricoideae).
Pseudowintera,"Pseudowintera is a genus of woody evergreen flowering trees and shrubs, part of family Winteraceae."
Psidium,Psidium is a genus of trees and shrubs in the family Myrtaceae.
Psilotaceae,"Psilotaceae is a family of ferns (class Polypodiopsida) consisting of two genera, Psilotum and Tmesipteris with about a dozen species."
Psilotum,Psilotum is a genus of fern-like vascular plants.
Psithyrus,Cuckoo bumblebees are members of the subgenus Psithyrus in the bumblebee genus Bombus.
Psittacidae,The family Psittacidae or holotropical parrots is one of three families of true parrots.
Psittacula,"Members of the parrot genus Psittacula or Afro-Asian ring-necked parrots, as they are commonly known in aviculture, originate from Africa to South-East Asia."
Psittacus,Psittacus is a genus of African grey parrots in the subfamily Psittacinae.
Psocidae,"Psocidae is a family of barklice in the order Psocodea (formerly Psocoptera).Members of this family are recognized by their wing-venation, where the areola postica is fused to the M-vein, giving rise to the so-called discoidal cell."
Psocoptera,"Psocoptera () are a paraphyletic group of insects that are commonly known as booklice, barklice or barkflies."
Psophia,Psophia is a genus of birds restricted to the humid forests of the Amazon and Guiana Shield in South America.
Psophocarpus,"Psophocarpus is a genus of flowering plants in the legume family, Fabaceae."
Psoralea,"Psoralea is a genus in the legume family (Fabaceae) with 111 species of shrubs, trees, and herbs native to southern and eastern Africa, ranging from Kenya to South Africa."
Psychodidae,"Psychodidae, also called drain flies, sink flies, filter flies, sewer flies, or sewer gnats, is a family of true flies."
Psychopsis,"Psychopsis is a genus of four known species of orchids native to northern South America, Central America and Trinidad."
Psychotria,Psychotria is a genus of flowering plants in the family Rubiaceae.
Psyllidae,"Psyllidae, the jumping plant lice or psyllids, are a family of small plant-feeding insects that tend to be very host-specific, i.e."
Ptah,"Ptah  (Ancient Egyptian: ptḥ, reconstructed [piˈtaħ]; Ancient Greek: Φθά; Coptic: ⲡⲧⲁϩ; Phoenician: 𐤐𐤕𐤇, romanized: ptḥ) is an ancient Egyptian deity, a creator god and patron deity of craftsmen and architects."
Pteridaceae,"Pteridaceae is a family of ferns in the order Polypodiales, including some 1150 known species in ca 45 genera (depending on taxonomic opinions), divided over five subfamilies."
Pteriidae,"Pteriidae, also called the feather oysters, is a family of medium-sized to large saltwater oysters."
Pteris,Pteris (brake) is a genus of about 300 species of ferns in the subfamily Pteridoideae of the family Pteridaceae.
Pterocarpus,Pterocarpus is a pantropical genus of trees in the family Fabaceae.
Pterocarya,"Pterocarya, often called wingnuts in English, are trees in the walnut family Juglandaceae."
Pterocles,Pterocles  is a genus of near passerine birds in the sandgrouse family.
Pterodactylidae,Pterodactylidae is a controversial group of pterosaurs.
Pterodactylus,Pterodactylus (from Ancient Greek  πτεροδάκτυλος (pterodáktylos) 'winged finger') is a genus of extinct pterosaurs.
Pterois,"Pterois is a genus of venomous marine fish, commonly known as lionfish, native to the Indo-Pacific."
Pteropsida,Pteropsida is a subdivision of vascular plants that is no longer in use.
Pteropus,Pteropus (suborder Yinpterochiroptera) is a genus of megabats which are among the largest bats in the world.
Pterospermum,Pterospermum is a genus of flowering plants in the mallow family Malvaceae.
Pterostylis,"Pterostylis is a genus of about 300 species of plants in the orchid family, Orchidaceae."
Ptilocercus,Ptilocercus is a genus of treeshrew and the sole member of the family Ptilocercidae.
Ptolemy,"Claudius Ptolemy (; Greek: Πτολεμαῖος, Ptolemaios; Latin: Claudius Ptolemaeus; c. 100 – c. 170 AD) was an Alexandrian mathematician, astronomer, astrologer, geographer, and music theorist, who wrote about a dozen scientific treatises, three of which were of importance to later Byzantine, Islamic, and Western European science."
Ptyas,Ptyas is a genus of colubrid snakes.
Ptychozoon,"Ptychozoon was a genus of arboreal geckos, endemic to Southeast Asia, known commonly as flying geckos, gliding geckos, or parachute geckos."
Puccinia,Puccinia is a genus of fungi.
Pucciniaceae,"The Pucciniaceae are a family of rust fungi that cause plant diseases, mainly on cereals such as wheat."
Puebla,"Puebla (Spanish pronunciation: [ˈpweβla]  English: colony, settlement), officially Free and Sovereign State of Puebla (Spanish: Estado Libre y Soberano de Puebla), is one of the 32 states which comprise the Federal Entities of Mexico."
Pueblo,"In the Southwestern United States, Pueblo (capitalized) refers to the Native tribes of Puebloans having fixed-location communities with permanent buildings which also are called pueblos (lowercased)."
Pueraria,"Pueraria is a genus of 15–20 species of legumes native to south, east, and southeast Asia and to New Guinea and northern Australia."
Puffinus,Puffinus is a genus of seabirds in the order Procellariiformes that contains about 20 small to medium-sized shearwaters.
Pulex,Pulex is a genus of fleas.
Pulicaria,"Pulicaria is a genus of flowering plant in the sunflower family, native to Europe, Asia, and Africa."
Pulicidae,The Pulicidae are a flea family in the order Siphonaptera.
Pulmonata,"Pulmonata or pulmonates, is an informal group (previously an order, and before that a subclass) of snails and slugs characterized by the ability to breathe air, by virtue of having a pallial lung instead of a gill, or gills."
Pulsatilla,"The genus Pulsatilla contains about 40 species of herbaceous perennial plants native to meadows and prairies of North America, Europe, and Asia."
Punica,Punica is a small genus of fruit-bearing deciduous shrubs or small trees  in the flowering plant family Lythraceae.
Punjab,"Punjab (; Gurmukhi: ਪੰਜਾਬ; Shahmukhi: پنجاب; Punjabi: [pə̞ɲˈdʒäːb] ; also romanised as Panjāb or Panj-Āb) is a geopolitical, cultural, and historical region in South Asia."
Puppis,Puppis () is a constellation in the southern sky.
Purim,"Purim (; פּוּרִים‎ , lit. 'lots'; see Name below) is a Jewish holiday which commemorates the saving of the Jewish people from annihilation at the hands of an official of the Achaemenid Empire named Haman, as it is recounted in the Book of Esther (usually dated to the 5th century BCE)."
Pus,"Pus is an exudate, typically white-yellow, yellow, or yellow-brown, formed at the site of inflammation during bacterial or fungal infection."
Pushan,"Pushan (Sanskrit: पूषन्, romanized: Pūṣan) is a Hindu Vedic solar deity and one of the Adityas."
Putrajaya,"Putrajaya (Malay pronunciation: [putraˈdʒaja, putrəˈdʒajə]), officially the Federal Territory of Putrajaya (Malay: Wilayah Persekutuan Putrajaya), is the administrative and judicial capital of Malaysia."
Pycnanthemum,Pycnanthemum is a genus of herbaceous plants in the mint family (Lamiaceae).
Pydna,"Pydna  (in Greek: Πύδνα, older transliteration: Pýdna) was a Greek city in ancient Macedon, the most important in Pieria."
Pygopodidae,"Pygopodidae, commonly known as snake-lizards, or flap-footed lizards, are a family of legless lizards with reduced or absent limbs, and are a type of gecko."
Pygopus,Pygopus is a genus belonging to the family of Australian legless lizards (Pygopodidae).
Pygoscelis,"The genus Pygoscelis (""rump-legged"") contains three living species of penguins collectively known as ""brush-tailed penguins""."
Pyle,"Pyle (Welsh: Y Pîl) is a village and community (and electoral ward) in Bridgend county borough, Wales."
Pynchon,Pynchon is an English surname.
Pyongyang,"Pyongyang (English:  ; Korean: [pʰjʌŋjaŋ] ) is the capital and largest city of North Korea, where it is sometimes labeled as the ""Capital of the Revolution""."
Pyracantha,"Pyracantha (from Greek pyr ""fire"" and akanthos ""thorn"", hence firethorn) is a genus of large, thorny evergreen shrubs in the family Rosaceae, with common names firethorn or pyracantha."
Pyralidae,"The Pyralidae, commonly called pyralid moths, snout moths or grass moths, are a family of Lepidoptera in the ditrysian superfamily Pyraloidea."
Pyralis,Pyralis is a genus of snout moths.
Pyramid,"A pyramid (from Greek: πυραμίς pyramís) is a structure whose visible surfaces are triangular and converge to a point at the top, making the shape roughly a pyramid in the geometric sense."
Pyrausta,Pyrausta or pyrallis (πυραλλίς) (also called in Greek pyrigonos) is a mythological insect from Cyprus.
Pyrenees,The Pyrenees (; Spanish: Pirineos [piɾiˈneos]; French: Pyrénées [piʁene] ; Catalan: Pirineu [piɾiˈnɛw]; Basque: Pirinioak [piɾini.o.ak]; Occitan: Pirenèus [piɾeˈnɛws]; Aragonese: Pirineus) are a mountain range straddling the border of France and Spain.
Pyrethrum,Pyrethrum was a genus of several Old World plants now classified as Chrysanthemum or Tanacetum which are cultivated as ornamentals for their showy flower heads.
Pyrex,Pyrex (trademarked as PYREX and pyrex) is a brand introduced by Corning Inc.
Pyrocephalus,"Pyrocephalus is a genus of bird in the tyrant flycatcher family, Tyrannidae."
Pyrrhocoridae,Pyrrhocoridae is a family of insects with more than 300 species world-wide.
Pyrrhula,"Pyrrhula is a small genus of passerine birds, commonly called bullfinches, belonging to the finch family (Fringillidae)."
Pyrrosia,"Pyrrosia is a genus of about 100 fern species in the polypod family, Polypodiaceae."
Pyrularia,"Pyrularia is a small genus of shrubs or small trees in the sandalwood family (Santalaceae) which contains two species, Pyrularia pubera and Pyrularia edulis."
Pythagoras,"Pythagoras of Samos (Ancient Greek: Πυθαγόρας ὁ Σάμιος, romanized: Pythagóras ho Sámios, lit. 'Pythagoras the Samian', or simply Πυθαγόρας; Πυθαγόρης in Ionian Greek; c. 570 – c. 495 BC) was an ancient Ionian Greek philosopher, polymath and the eponymous founder of Pythagoreanism."
Pythia,Pythia (; Ancient Greek: Πυθία [pyːˈtʰíaː]) was the name of the high priestess of the Temple of Apollo at Delphi.
Pythiaceae,Pythiaceae is a family of oomycetes.
Pythias,"Pythias (; Greek: Πυθιάς, romanized: Pūthiás), also known as Pythias the Elder, she was the adoptive daughter of Hermias of Atarneus, as well as Aristotle's first wife."
Pythius,"Pythius (Ancient Greek: Πύθιος) is a Lydian mentioned in book VII of Herodotus' Histories, chh."
Pythonidae,"The Pythonidae, commonly known as pythons, are a family of nonvenomous  snakes found in Africa, Asia, and Australia."
Pyxidanthera,Pyxidanthera is a genus of flowering plant in the family Diapensiaceae.
Pyxis,Pyxis is a small and faint constellation in the southern sky.
Qatar,"Qatar (; Arabic: قطر Qaṭar [ˈqɑtˤɑr], local vernacular pronunciation: [ˈɡɪtˤɑr]), officially the State of Qatar, is a country in West Asia."
Qibla,"The qibla (Arabic: قِبْلَة; lit. 'direction') is the direction towards the Kaaba in the Sacred Mosque in Mecca, which is used by Muslims in various religious contexts, particularly the direction of prayer for the salah."
Quakers,"Quakers are people who belong to the Religious Society of Friends, a historically Christian denomination."
Quapaw,"The Quapaw ( KWAW-paw, Quapaw: Ogáxpa) or Arkansas, officially the Quapaw Nation, is a U.S. federally recognized tribe comprising about 5,600 citizens."
Quaternary,"The Quaternary ( kwə-TUR-nə-ree, KWOT-ər-nerr-ee) is the current and most recent of the three periods of the Cenozoic Era in the geologic time scale of the International Commission on Stratigraphy (ICS)."
Quebec,Quebec (English: Quebec; French: Québec [kebɛk] ) is one of the thirteen provinces and territories of Canada.
Queens,"Queens is a borough of New York City, coextensive with Queens County, in the U.S. state of New York."
Queensland,"Queensland (locally  KWEENZ-land) is a state situated in northeastern Australia, and is the second-largest and third-most populous of the Australian states."
Quetzalcoatl,Quetzalcoatl ()  is a deity in Aztec culture and literature.
Quiche,"Quiche ( KEESH) is a French tart consisting of pastry crust filled with savoury custard and pieces of cheese, meat, seafood or vegetables."
Quinquagesima,"Quinquagesima (), in the Western Christian Churches, is the last Sunday of Shrovetide, being the Sunday before Ash Wednesday."
Quiscalus,"The avian genus Quiscalus contains seven of the 11 species of grackles, gregarious passerine birds in the icterid family."
Quito,"Quito (Spanish pronunciation: [ˈkito] ; Quechua: Kitu), officially San Francisco de Quito, is the capital of Ecuador, with an estimated population of 2.8 million in its metropolitan area."
Quran,"The Quran (, kuurr-AHN; vocalized Arabic: اَلْقُرْآنُ‎, Quranic Arabic: ٱلۡقُرۡءَانُ‎, al-Qurʾān [alqurˈʔaːn], lit. 'the recitation'  or 'the lecture'), also romanized Qur'an or Koran, is the central religious text of Islam, believed by Muslims to be a revelation from God."
RNA,"Ribonucleic acid (RNA) is a polymeric molecule that is essential for most biological functions, either by performing the function itself (non-coding RNA) or by forming a template for the production of proteins (messenger RNA)."
Ra,"Ra (; Ancient Egyptian: rꜥ; also transliterated rꜥw /ˈɾiːʕuw/; cuneiform: 𒊑𒀀 ri-a or 𒊑𒅀ri-ia; Phoenician: 𐤓𐤏, romanized: rʿ) or Re (; Coptic: ⲣⲏ, romanized: Rē) was the ancient Egyptian deity of the Sun."
Rabat,"Rabat (, also UK: , US: ; Arabic: الرباط, romanized: a-Ribāṭ; Berber languages: ⵕⵕⴱⴰⵟ, romanized: ṛṛbaṭ) is the capital city of Morocco and the country's seventh-largest city with an urban population of approximately 580,000 (2014) and a metropolitan population of over 1.2 million."
Rabbi,A rabbi () is a spiritual leader or religious teacher in Judaism.
Rachel,"Rachel (Hebrew: רָחֵל, romanized: Rāḥēl, lit. 'ewe') was a Biblical figure, the favorite of Jacob's two wives, and the mother of Joseph and Benjamin, two of the twelve progenitors of the tribes of Israel."
Rachycentron,Rachycentron is the only known member genus of the family Rachycentridae.
Radiigera,Radiigera is a genus of fungi in the family Geastraceae.
Radiolaria,"The Radiolaria, also called Radiozoa, are protozoa of diameter 0.1–0.2 mm that produce intricate mineral skeletons, typically with a central capsule dividing the cell into the inner and outer portions of endoplasm and ectoplasm."
Radyera,Radyera is a genus of flowering plants in the family Malvaceae.
Rafflesiaceae,"The Rafflesiaceae are a family of rare parasitic plants comprising 36 species in 3 genera found in the tropical forests of east and southeast Asia, including Rafflesia arnoldii, which has the largest flowers of all plants."
Rahu,"Rāhu (Sanskrit: राहु, ) is one of the nine major celestial bodies (navagraha) in Hindu texts and the king of meteors."
Raja,"Raja (; from Sanskrit: राजन्, IAST rājan-) is a royal Sanskrit title used for Indian monarchs."
Rajab,Rajab (Arabic: رَجَب) is the seventh month of the Islamic calendar.
Rajiformes,"Rajiformes  is one of the four orders in the superorder Batoidea, flattened cartilaginous fishes related to sharks."
Rajput,"Rajput (from Sanskrit rājaputra meaning ""son of a king""), also called Thakur, is a large multi-component cluster of castes, kin bodies, and local groups, sharing social status and ideology of genealogical descent originating from the Indian subcontinent."
Rakaposhi,"Rakaposhi (Burushaski: رآکاپوݜی, lit. 'Shining Wall'; Urdu: راکاپوشی) also known as Dumani (Burushaski: دومآنی, lit. 'Mother of Mist') is a mountain within the Karakoram range."
Rama,"Rama (; Sanskrit: राम, romanized: Rāma; Sanskrit: [ˈraːmɐ] ) is a major deity in Hinduism."
Ramadan,"Ramadan (Arabic: رَمَضَان, romanized: Ramaḍān [ra.ma.dˤaːn]; also spelled Ramazan, Ramzan, Ramadhan or Ramathan) is the ninth month of the Islamic calendar, observed by Muslims worldwide as a month of fasting (sawm), prayer, reflection, and community."
Ramalina,"Ramalina is a genus of greenish fruticose lichens that grow in the form of flattened, strap-like branches.: 189  Members of the genus are commonly called strap lichens: 189  or cartilage lichens."
Ramayana,"The Ramayana (; Sanskrit: रामायणम्, romanized: Rāmāyaṇam) is a smriti text (also described as an Sanskrit epic) from ancient India, one of the two important epics of Hinduism known as the Itihasas, the other being the Mahabharata."
Rambouillet,"Rambouillet  (UK: , US: , French: [ʁɑ̃bujɛ] ) is a subprefecture of the Yvelines department in the Île-de-France region of France."
Ramphomicron,Ramphomicron is a genus of hummingbird in the family Trochilidae.
Ranales,"The Ranales are an obsolete taxon of the Dicotyledons, with rank of order typified by Ranunculus (Ranunculaceae)."
Ranatra,"Ranatra is a genus of slender predatory insects of the family Nepidae, known as water scorpions or water stick-insects."
Rankine,Rankine is a surname.
Ranunculaceae,"Ranunculaceae (, buttercup or crowfoot family; Latin rānunculus ""little frog"", from rāna ""frog"") is a family of over 2,000 known species of flowering plants in 43 genera,  distributed worldwide."
Ranunculales,Ranunculales is an order of flowering plants.
Ranunculus,Ranunculus  is a large genus of about 1700 to more than 1800 species of flowering plants in the family Ranunculaceae.
Raoulia,"Raoulia is a genus of New Zealand plants in the tribe Gnaphalieae within the family Asteraceae.Many Raoulia species grow in alpine areas, forming very fine and dense growths."
Rapateaceae,The Rapateaceae are a family of flowering plants.
Raphael,"Raffaello Sanzio da Urbino (Italian: [raffaˈɛllo ˈsantsjo da urˈbiːno]; March 28 or April 6, 1483 – April 6, 1520), now generally known in English as Raphael (UK:  RAF-ay-əl, US:  RAF-ee-əl, RAY-fee-, RAH-fy-EL), was an Italian painter and architect of the High Renaissance."
Raphanus,"Raphanus (Latin for ""radish"") is a genus within the flowering plant family Brassicaceae."
Raphicerus,Raphicerus is a genus of small antelopes of the tribe Neotragini (subfamily Antilopinae).
Raphidiidae,Raphidiidae is a family of snakeflies in the order Raphidioptera.
Rasht,"Rasht (Persian: رشت, romanized: Rašt [ɾæʃt] ; Gilaki: Rəšt) is a city in the Central District of Rasht County, Gilan province, Iran, serving as the capital of the district, the county and the province."
Rasmussen,"The surname Rasmussen (Danish pronunciation: [ˈʁɑsmusn̩]) is a Danish and Norwegian surname, meaning Rasmus' son."
Rastafari,"Rastafari, sometimes called Rastafarianism, is an Abrahamic religion that developed in Jamaica during the 1930s."
Ratibida,Ratibida is a genus of North American plants in the tribe Heliantheae within the family Asteraceae.
Rattigan,Rattigan is a surname.
Rattus,"Rattus is a genus of muroid rodents, all typically called rats."
Ravenna,"Ravenna ( rə-VEN-ə, Italian: [raˈvenna], also local pronunciation: [raˈvɛnna] ; Romagnol: Ravèna) is the capital city of the Province of Ravenna, in the Emilia-Romagna region of Northern Italy."
Rawalpindi,"Rawalpindi (; Punjabi, Urdu: راولپنڈی, romanized: Rāwalpinḍī; pronounced [ɾɑːʋəlpɪnɖiː]  ) is a city in the Punjab province of Pakistan."
Reading,"Reading is the process of taking in the sense or meaning of letters, symbols, etc., especially by sight or touch.For educators and researchers, reading is a multifaceted process involving such areas as word recognition, orthography (spelling), alphabetics, phonics, phonemic awareness, vocabulary, comprehension, fluency, and motivation.Other types of reading and writing, such as pictograms (e.g., a hazard symbol and an emoji), are not based on speech-based writing systems."
Reaper,A reaper is a farm implement or person  that reaps (cuts and often also gathers) crops at harvest when they are ripe.
Rebecca,Rebecca () appears in the Hebrew Bible as the wife of Isaac and the mother of Jacob and Esau.
Recife,"Recife (Brazilian Portuguese: [ʁeˈsifi] ) is the fourth-largest urban area in Brazil with 4,054,866 inhabitants, the largest urban area of the North/Northeast Regions, and the capital and largest city of the state of Pernambuco in the northeast corner of South America."
Recurvirostridae,The Recurvirostridae are a family of birds in the wader suborder Charadrii.
Red,"Red is the color at the long wavelength end of the visible spectrum of light, next to orange and opposite violet."
Rediffusion,Rediffusion was a business that distributed radio and TV signals through wired relay networks.
Redonda,"Redonda is an uninhabited Caribbean island that is a part of Antigua and Barbuda, in the Leeward Islands, West Indies."
Redskin,Redskin is a slang term for Native Americans in the United States and First Nations in Canada.
Reduviidae,The Reduviidae is a large cosmopolitan family of the suborder Heteroptera of the order Hemiptera (true bugs).
Reef,"A reef is a ridge or shoal of rock, coral or similar relatively stable material, lying beneath the surface of a natural body of water."
Reformation,"The Reformation, also known as the Protestant Reformation and the European Reformation, was a major theological movement in Western Christianity in 16th-century Europe that posed a religious and political challenge to the papacy and the authority of the Catholic Church."
Reggane,"Reggane (from Berber ""Argan""; Arabic: رقان) is a town and commune, and the capital of Reggane District, in Adrar Province, central Algeria."
Regiomontanus,"Johannes Müller von Königsberg (6 June 1436 – 6 July 1476), better known as Regiomontanus (), was a mathematician, astrologer and astronomer of the German Renaissance, active in Vienna, Buda and Nuremberg."
Regulus,Regulus is the brightest object in the constellation Leo and one of the brightest stars in the night sky.
Reich,"Reich (; German: [ˈʁaɪç] ) is a German noun whose meaning is analogous to the English word ""realm""; this is not to be confused with the German adjective ""reich"" which means ""rich""."
Reid,Reid is a surname of Scottish origin.
Reims,"Reims ( REEMZ, US also , French: [ʁɛ̃s] ; also spelled Rheims in English) is the most populous city in the French department of Marne, and the 12th most populous city in France."
Reiter,"Reiter  or  Schwarze Reiter (""black riders"", anglicized swart reiters) were a type of cavalry in 16th to 17th century Central Europe including Holy Roman Empire, Polish–Lithuanian Commonwealth, Tsardom of Russia, and others.Contemporary to the cuirassier and lancer cavalry, they used smaller horses, for which reason they were also known as   Ringerpferde (corresponding to the French Argoulets)."
Reithrodontomys,Reithrodontomys is the genus of groove-toothed New World harvest mice.
Rembrandt,"Rembrandt Harmenszoon van Rijn (, Dutch: [ˈrɛmbrɑnt ˈɦɑrmə(n)ˌsoːɱ vɑn ˈrɛin] ; 15 July 1606 – 4 October 1669), usually simply known as Rembrandt, was a Dutch Golden Age painter, printmaker, and draughtsman."
Renaissance,"The Renaissance (UK:  rin-AY-sənss, US:   REN-ə-sahnss) is a period in history and a cultural movement marking the transition from the Middle Ages to modernity, covering the 15th and 16th centuries and characterized by an effort to revive and surpass the ideas and achievements of classical antiquity; it occurred after the crisis of the Late Middle Ages and was associated with great social change in most fields and disciplines, including art, architecture, politics, literature, exploration and science."
Reptantia,"Reptantia is a clade of decapod crustaceans named in 1880 which includes lobsters, crabs and many other well-known crustaceans."
Requiem,"A Requiem or Requiem Mass, also known as Mass for the dead (Latin: Missa pro defunctis) or Mass of the dead (Latin: Missa defunctorum), is a Mass of the Catholic Church offered for the repose of the soul or souls of one or more deceased persons, using a particular form of the Roman Missal."
Resedaceae,"Resedaceae is a family of mostly herbaceous dicotyledonous plants comprising 107 known species in 8 to 12 genera.11 genera are currently accepted:
Borthwickia W.W.Sm."
Resurrection,Resurrection or anastasis is the concept of coming back to life after death.
Retama,"Retama (also known as rotem, Hebrew: רותם) is a genus of flowering bushes in the legume family, Fabaceae."
Reticulitermes,Reticulitermes is a termite genus in the family Rhinotermitidae.
Reticulum,"Reticulum is a small, faint constellation in the southern sky."
Retrophyllum,Retrophyllum is a genus of conifers in the family Podocarpaceae.
Reuben,"Reuben or Reuven is a Biblical male first name from Hebrew רְאוּבֵן (Re'uven), meaning ""behold, a son""."
Revelation,"In religion and theology, revelation (or divine revelation) is the disclosing of some form of truth or knowledge through communication with a deity (god) or other supernatural entity or entities."
Rhabdoviridae,Rhabdoviridae is a family of negative-strand RNA viruses in the order Mononegavirales.
Rhadamanthus,"In Greek mythology, Rhadamanthus () or Rhadamanthys (Ancient Greek: Ῥαδάμανθυς) was a wise king of Crete."
Rhagoletis,Rhagoletis is a genus of tephritid fruit flies with about 70 species.
Rhamnaceae,"The Rhamnaceae are a large family of flowering plants, mostly trees, shrubs, and some vines, commonly called the buckthorn family."
Rhamnales,The Rhamnales Lindl.
Rhapis,Rhapis is a genus of about 10 species of small palms native to southeastern Asia from southern Japan and southern China south to Sumatra.
Rheidae,Rheidae  is a family of flightless ratite birds which first appeared in the Paleocene.
Rheiformes,Rheiformes is an order that contains the family Rheidae (rheas).
Rheum,"Rheum (; from Greek: ῥεῦμα rheuma 'a flowing, rheum') is a thin mucus naturally discharged from the eyes, nose, or mouth, often during sleep (contrast with mucopurulent discharge)."
Rhexia,Rhexia is a genus of flowering plants in the family Melastomataceae.
Rhincodontidae,"Rhincodontidae is a shark family which includes the whale shark, the sole extant member and the largest living fish."
Rhine,The Rhine ( RYNE) is one of the major European rivers.
Rhineland,"The Rhineland (German: Rheinland; French: Rhénanie; Dutch: Rijnland; Kölsch: Rhingland; Latinised name: Rhenania) is a loosely defined area of Western Germany along the Rhine, chiefly its middle section."
Rhinonicteris,"Rhinonicteris is a genus of leaf-nosed microbats, represented by fossil taxa found at Riverleigh in Queensland and the extant species Rhinonicteris aurantia, which occurs in the north and west of the Australian continent."
Rhinoptera,Rhinoptera is a genus of ray commonly known as the cownose rays.
Rhinotermitidae,Rhinotermitidae is a family of wood-soil interface feeding termites commonly known as the Subterranean termites.
Rhipsalis,"Rhipsalis is a genus of epiphytic flowering plants in the cactus family, typically known as mistletoe cacti."
Rhizobiaceae,The Rhizobiaceae is a family of Pseudomonadota comprising multiple subgroups that enhance and hinder plant development.
Rhizobium,Rhizobium is a genus of Gram-negative soil bacteria that fix nitrogen.
Rhizophora,"Rhizophora is a genus of tropical mangrove trees, sometimes collectively called true mangroves."
Rhizophoraceae,The Rhizophoraceae is a family of tropical or subtropical flowering plants.
Rhizopogon,Rhizopogon is a genus of ectomycorrhizal basidiomycetes in the family Rhizopogonaceae.
Rhizopogonaceae,Rhizopogonaceae are a family of fungi in the order Boletales.
Rhodes,"Rhodes ( ; Greek: Ρόδος, romanized: Ródos [ˈroðos]) is the largest of the Dodecanese islands of Greece and is their historical capital; it is the ninth largest island in the overall Mediterranean Sea."
Rhodesia,"Rhodesia (  roh-DEE-zhə,  roh-DEE-shə; Shona: Rodizha), officially from 1970 the Republic of Rhodesia, was an unrecognised state in Southern Africa from 1965 to 1979, equivalent in territory to modern Zimbabwe."
Rhodosphaera,Rhodosphaera is a genus of plants in the family Anacardiaceae.
Rhodymenia,"Rhodymenia is a genus of red algae, containing the following species:"
Rhynchocephalia,"Rhynchocephalia (; lit. 'beak-heads') is an order of lizard-like reptiles that includes only one living species, the tuatara (Sphenodon punctatus) of New Zealand."
Rhynia,Rhynia is a single-species genus of Devonian vascular plants.
Ribes,"Ribes () is a genus of about 200 known species of flowering plants, most of them native to the temperate regions of the Northern Hemisphere."
Ribhus,"Ribhus (Sanskrit: ऋभु, ṛbhu, also Arbhu, Rbhus, Ribhuksan) is an ancient Indian word whose meaning evolved over time."
Ricardo,Ricardo is the Spanish and Portuguese cognate of the name Richard.
Rice,"Rice is a cereal grain, and in its domesticated form is the staple food for over half of the world's human population, particularly in Asia and Africa."
Richea,Richea is a genus of  11 species of flowering plants in the family Ericaceae.
Richler,Richler may refer to :
Ricinus,"Ricinus communis, the castor bean or castor oil plant, is a species of perennial flowering plant in the spurge family, Euphorbiaceae."
Rickenbacker,"Rickenbacker International Corporation is a string instrument manufacturer based in Santa Ana, California."
Rickettsiaceae,The Rickettsiaceae are a family of bacteria.
Rickettsiales,"The Rickettsiales, informally called rickettsias, are an order of small Alphaproteobacteria."
Riesling,"Riesling ( REE-sling, REEZ-ling, German: [ˈʁiːslɪŋ] ) is a white grape variety that originated in the Rhine region."
Riesman,Riesman is a surname.
Riff,"A riff is a repeated chord progression or refrain in music (also known as an ostinato figure in classical music); it is a pattern, or melody, often played by the rhythm section instruments or solo instrument, that forms the basis or accompaniment of a musical composition."
Riga,"Riga () is the capital, primate, and the largest city of Latvia."
Rigel,Rigel is a blue supergiant star in the constellation of Orion.
Riparia,Riparia is a genus of  passerine birds in the swallow family Hirundinidae.
Rivera,Rivera (Spanish pronunciation: [riˈβeɾa]) is the capital of Rivera Department of Uruguay.
Riviera,"Riviera (pronounced [riˈvjɛːra]) is an Italian word which means ""coastline"", ultimately derived from Latin rīpa, through Ligurian rivêa."
Rivina,Rivina is a genus of flowering plants in the family Petiveriaceae.
Riyadh,"Riyadh (, Arabic: الرياض, romanized: 'ar-Riyāḍ, lit.: 'The Gardens' [ar.riˈjaːdˤ] Najdi pronunciation: [er.rɪˈjɑːðˤ]), formerly known as Hajr al-Yamamah, is the capital and largest city of Saudi Arabia."
Robert,"The name Robert is an ancient Germanic given name, from Proto-Germanic *Hrōþi- ""fame"" and *berhta- ""bright"" (Hrōþiberhtaz)."
Robinia,"Robinia is a genus of flowering plants in the family Fabaceae, tribe Robinieae, native to North America."
Roccellaceae,The Roccellaceae are a family of fungi in the order Arthoniomycetes.
Rockefeller,"Rockefeller is a German surname, originally given to people from the now-abandoned village of Rockenfeld near Neuwied in the Rhineland and commonly referring to subjects associated with the Rockefeller family."
Rocroi,Rocroi (French pronunciation: [ʁɔkʁwa]) is a commune in the Ardennes department in northern France.
Rodgers,"Rodgers is a patronymic surname deriving from the given name of ""Rodger"" commonly used by the Normans and meaning ""son of Rodger""."
Rolaids,Rolaids is an American brand of calcium and magnesium-based antacid produced by Chattem.
Rolf,Rolf is a male given name and a surname.
Rollerblade,"Rollerblade is a brand of inline skates owned by Nordica, part of the Tecnica Group of Giavera del Montello, Treviso, Italy.The company was started by Scott Olson (b."
Rollo,"Rollo (Norman: Rou,  Rolloun; Old Norse: Hrólfr; French: Rollon; died between 928 and 933) was a Viking who, as Count of Rouen, became the first ruler of Normandy, a region in today's northern France."
Rolodex,A Rolodex is a rotating card file device used to store a contact list.
Romania,Romania (  roh-MAY-nee-ə; Romanian: România [romɨˈni.a] ) is a country at the crossroads of Central and Southeast Europe.
Romanism,Romanism is a derogatory term for Roman Catholicism used when anti-Catholicism was more common in the United States.
Romanticism,Romanticism (also known as the Romantic movement or Romantic era) is an artistic and intellectual movement that originated in Europe towards the end of the 18th century.
Romberg,Romberg is a German surname which may refer to:
Rome,"Rome (Italian and Latin: Roma, Italian: [ˈroːma] ) is the capital city and most populated comune of Italy and capital of the Lazio region, the centre of the Metropolitan City of Rome Capital, and a special comune (municipality) named Comune di Roma Capitale."
Romeo,Romeo Montague (Italian: Romeo Montecchi) is the male protagonist of William Shakespeare's tragedy Romeo and Juliet.
Romneya,Romneya () is a genus of flowering plants belonging to the poppy family (Papaveraceae).
Romulus,"Romulus (, Classical Latin: [ˈroːmʊɫʊs]) was the legendary founder and first king of Rome."
Roquefort,Roquefort (French pronunciation: [ʁɔkfɔʁ]) is a sheep milk blue cheese from Southern France.
Rorippa,"Rorippa is a genus of flowering plants in the family Brassicaceae, native to Europe through central Asia, Africa, and North America."
Rosaceae,"Rosaceae (), the rose family, is a medium-sized family of flowering plants that includes 4,828 known species in 91 genera.The name is derived from the type genus Rosa."
Rosales,Rosales () is an order of flowering plants.
Rosario,Rosario (Spanish pronunciation: [roˈsaɾjo]) is the largest city in the central Argentine province of Santa Fe.
Roseau,"Roseau (Dominican Creole: Wozo) is the capital and largest city of Dominica, with a population of 16,571 as of 2023."
Rosellinia,Rosellinia is a genus of fungi in the family Xylariaceae consisting of over 90 species.
Rosicrucianism,Rosicrucianism is a spiritual and cultural movement that arose in Europe in the early 17th century after the publication of several texts announcing to the world a new esoteric order.
Rosidae,"Under the International Code of Nomenclature for algae, fungi, and plants (ICN), Rosidae is a botanical name at the rank of subclass."
Rosmarinus,"Rosmarinus ( ROSS-mə-RY-nəs) is a small taxonomic clade of woody, perennial herbs with fragrant evergreen needle-like leaves in the family Lamiaceae, native to the Mediterranean Basin."
Rostock,"Rostock (German: [ˈʁɔstɔk] ; Polabian: Roztoc) officially the Hanseatic and University City of Rostock (German: Hanse- und Universitätsstadt Rostock), is the largest city in the German state of Mecklenburg-Vorpommern and lies in the Mecklenburgian part of the state, close to the border with Pomerania."
Rothschild,"Rothschild (German pronunciation: [ˈʁoːt.ʃɪlt]) is a name derived from the German zum rothen Schild (with the old spelling ""th""), meaning ""to the red shield"", in reference to the houses where these family members lived or had lived."
Rotterdam,"Rotterdam ( ROT-ər-dam, UK also  ROT-ər-DAM, Dutch: [ˌrɔtərˈdɑm] ; lit."
Rottweiler,"The Rottweiler (, UK also , German: [ˈʁɔtvaɪ̯lɐ] ) is a breed of domestic dog, regarded as medium-to-large or large."
Roundhead,Roundheads were the supporters of the Parliament of England during the English Civil War (1642–1651).
Royalist,"A royalist supports a particular monarch as head of state for a particular kingdom, or of a particular dynastic claim."
Roystonea,"Roystonea is a genus of eleven species of monoecious palms, native to the Neotropics, in the Caribbean, the adjacent coasts of Florida in the United States, Mexico, Central America and northern South America."
Rubia,"Rubia is the type  genus of the Rubiaceae family of flowering plants, which also contains coffee."
Rubiaceae,"The Rubiaceae () are a family of flowering plants, commonly known as the coffee, madder, or bedstraw family."
Rubicon,"The Rubicon (Latin: Rubico; Italian: Rubicone [rubiˈkoːne]; Romagnol: Rubicôn [rubiˈkoːŋ]) is a shallow river in northeastern Italy, just south of Cesena and north of Rimini."
Rubinstein,"Rubinstein is a surname of German and Yiddish origin, mostly found among Ashkenazi Jews; it denotes ""ruby-stone""."
Rubus,"Rubus is a large and diverse genus of flowering plants in the rose family, Rosaceae, subfamily Rosoideae, with over 1,350 species, commonly known as brambles.Raspberries, blackberries, and dewberries are common, widely distributed members of the genus, and bristleberries are endemic to North America."
Rudbeckia,Rudbeckia () is a plant genus in the Asteraceae or composite family.
Rudra,"Rudra (; Sanskrit: रुद्र) is a Rigvedic deity associated with Shiva, the wind or storms, Vayu, medicine, and the hunt."
Ruhr,"The Ruhr ( ROOR; German: Ruhrgebiet [ˈʁuːɐ̯ɡəˌbiːt] , also Ruhrpott German pronunciation: [ˈʁuːɐ̯pɔt] ), also referred to as the Ruhr area, sometimes Ruhr district, Ruhr region, or Ruhr valley, is a polycentric urban area in North Rhine-Westphalia, Germany."
Rumex,"The docks and sorrels, genus Rumex, are a genus of about 200 species of annual, biennial, and perennial herbs in the buckwheat family, Polygonaceae."
Rumohra,"Rumohra is a genus of ferns in the family Dryopteridaceae, subfamily Elaphoglossoideae, in the Pteridophyte Phylogeny Group classification of 2016 (PPG I).The fronds of species within this genus contain round sori (reproductive clusters) on the underside of the pinnae (leaflets) unlike many other ferns which have separate specialized reproductive fronds."
Rumpelstiltskin,"""Rumpelstiltskin"" ( RUMP-əl-STILT-skin; German: Rumpelstilzchen) is a German fairy tale."
Rupicapra,Rupicapra is a genus of goat-antelope called the chamois.
Rupicola,Rupicola is a small genus of flowering plants in the family Ericaceae.
Ruptiliocarpon,Ruptiliocarpon is a monotypic genus of flowering plants in the family Lepidobotryaceae.
Ruritania,"Ruritania is a fictional country, originally located in central Europe as a setting for novels by Anthony Hope, such as The Prisoner of Zenda (1894)."
Ruscus,"Ruscus, commonly known as butcher's broom, is a genus of six species of flowering plants, native to western and southern Europe, Macaronesia, northwestern Africa, and southwestern Asia east to the Caucasus."
Russia,"Russia (Russian: Россия, romanized: Rossiya, [rɐˈsʲijə]), or the Russian Federation, is a country spanning Eastern Europe and Northern Asia."
Russula,Russula is a very large genus composed of around 750 worldwide species of ectomycorrhizal mushrooms.
Russulaceae,"The Russulaceae are a diverse family of fungi in the order Russulales, with roughly 1,900 known species and a worldwide distribution."
Ruta,"Ruta (commonly known as rue) is a genus of strongly scented evergreen subshrubs, 20–60 cm tall, in the family Rutaceae, native to the Mediterranean region, Macaronesia and southwest Asia."
Rutaceae,"The Rutaceae () is a family, commonly known as the rue or citrus family, of flowering plants, usually placed in the order Sapindales."
Rutilus,Rutilus is a genus of fish in the family Cyprinidae found in Eurasia.
Rutland,"Rutland (), archaically Rutlandshire, is a ceremonial county in the East Midlands of England."
Rwanda,"Rwanda (UK:   roo-AN-də, US:   roo-AHN-də; Kinyarwanda: u Rwanda [u.ɾɡwaː.nda] ), officially the Republic of Rwanda, is a landlocked country in the Great Rift Valley of Central Africa, where the African Great Lakes region and Southeast Africa converge."
Rynchops,"The skimmers, forming the genus Rynchops, are tern-like birds in the family Laridae."
Rypticus,"Rypticus is a genus of marine ray-finned fish, related to the groupers and classified within the subfamily Epinephelinae of the family Serranidae."
SARS,"Severe acute respiratory syndrome (SARS) is a viral respiratory disease of zoonotic origin caused by the virus SARS-CoV-1, the first identified strain of the SARS-related coronavirus."
SCSI,"Small Computer System Interface (SCSI,  SKUZ-ee) is a set of standards for physically connecting and transferring data between computers and peripheral devices, best known for its use with storage devices such as hard disk drives."
SIDS,Sudden infant death syndrome (SIDS) is the sudden unexplained death of a child of less than one year of age.
SOS,"SOS is a Morse code distress signal (  ▄ ▄ ▄ ▄▄▄ ▄▄▄ ▄▄▄ ▄ ▄ ▄ ), used internationally, originally established for maritime use."
SUV,"A sport utility vehicle (SUV) is a car classification that combines elements of road-going passenger cars with features from off-road vehicles, such as raised ground clearance and four-wheel drive."
Saale,"The Saale (German pronunciation: [ˈzaːlə] ), also known as the Saxon Saale (German: Sächsische Saale pronounced [ˈzɛksɪʃə ˈzaːlə] ) and Thuringian Saale (German: Thüringische Saale), is a river in Germany and a left-bank tributary of the Elbe."
Saarinen,Saarinen is a Finnish surname.
Sabah,"Sabah (Malay pronunciation: [saˈbah]) is a state of Malaysia located on the northern portion of Borneo, in the region of East Malaysia."
Sabal,Sabal is a genus of New World palms (or fan-palms).
Sabbath,"In Abrahamic religions, the Sabbath () or Shabbat (from Hebrew שַׁבָּת Šabbāṯ) is a day set aside for rest and worship."
Sacagawea,"Sacagawea ( sack-uh-juh-WEE-uh or  suh-COG-uh-way-uh; also spelled Sakakawea or Sacajawea; May c. 1788 – December 20, 1812, or April 9, 1884) was a Lemhi Shoshone woman who, in her teens, helped the Lewis and Clark Expedition in achieving their chartered mission objectives by exploring the Louisiana Territory."
Saccharomyces,Saccharomyces is a genus of fungi that includes many species of yeasts.
Saccharomycetaceae,The Saccharomycetaceae are a family of yeasts in the order Saccharomycetales that reproduce by budding.
Saccharum,"Saccharum is a genus of tall perennial plants of the broomsedge tribe within the grass family.The genus is widespread across tropical, subtropical, and warm temperate regions in Africa, Eurasia, Australia, the Americas, and assorted oceanic islands."
Sadat,"Sadat (Arabic: سادات) is a suffix, which is given to families believed to be descendants of the Islamic prophet, Muhammad."
Sadleria,"Sadleria is a genus of six species of ferns in the family Blechnaceae, all endemic to Hawaii."
Safar,"Ṣafar (Arabic: صَفَر) also spelt as Safer in Turkish, is the second month of the lunar Islamic calendar."
Sagina,"Sagina (like Colobanthus called ""pearlworts"") is a genus of 20–30 species of flowering plants in the family Caryophyllaceae."
Sagitta,Sagitta is a dim but distinctive constellation in the northern sky.
Sagittaria,"Sagittaria is a genus of about 30 species of aquatic plants whose members go by a variety of common names, including arrowhead, Katniss, duck potato, swamp potato, tule potato, and wapato."
Sagittariidae,"Sagittariidae is a family of raptor with one living species—the secretarybird (Sagittarius serpentarius) native to Africa—and a few fossil taxa.This single extant species has affected the fossil record of the group by ‘pulling’ the temporal range of the family to the present, an artifact called the Pull of the recent.German naturalists Otto Finsch and Gustav Hartlaub established the taxon name as a subfamily—Sagittariinae—in 1870."
Sahaptin,The Sahaptin are a number of Native American tribes who speak dialects of the Sahaptin language.
Sahara,"The Sahara (, ) is a desert spanning North Africa."
Saipan,"Saipan () is the largest island and capital of the Northern Mariana Islands, a commonwealth of the United States in the western Pacific Ocean."
Sakharov,"Sakharov (feminine: Sakharova) (Russian: Сахаров, Сахарова) is a Russian surname, derived from the word ""сахар"" (sugar)."
Saki,"Hector Hugh Munro  (18 December 1870 – 14 November 1916), better known by the pen name Saki and also frequently as H. H. Munro, was a British writer whose witty, mischievous and sometimes macabre stories satirize Edwardian society and culture."
Saladin,"Salah ad-Din Yusuf ibn Ayyub (c. 1137 – 4 March 1193), commonly known as Saladin, was the founder of the Ayyubid dynasty."
Salamandra,"Salamandra is a genus of seven species of salamanders localized in central and southern Europe, Northern Africa, and western Asia."
Salamandridae,Salamandridae is a family of salamanders consisting of true salamanders and newts.
Salerno,"Salerno (UK: , US: , Italian: [saˈlɛrno] ; Neapolitan: Salierno [saˈljernə]) is an ancient city and comune (municipality) in Campania, southwestern Italy, and is the capital of the namesake province, being the second largest city in the region by number of inhabitants, after Naples."
Salicaceae,The Salicaceae is the willow family of flowering plants.
Salicornia,"Salicornia is a genus of succulent, halophytic (salt tolerant) flowering plants in the family Amaranthaceae that grow in salt marshes, on beaches, and among mangroves."
Salientia,"The Salientia (Latin salire, salio meaning ""to jump"") are a total group of amphibians that includes the order Anura, the frogs and toads, and various extinct proto-frogs that are more closely related to the frogs than they are to the Urodela, the salamanders and newts."
Salinger,Salinger is a surname.
Salisbury,"Salisbury (locally  SAWZ-b(ə-)ree) is a cathedral city in Wiltshire, England with a population of 41,820, at the confluence of the rivers Avon, Nadder and Bourne."
Salmacis,Salmacis (Ancient Greek: Σαλμακίς) was an atypical Naiad nymph of Greek mythology.
Salmo,"Salmo is a genus of ray-finned fish from the subfamily Salmoninae of family Salmonidae, and is part of the tribe Salmonini along with the sister genera Salvelinus and Salvethymus."
Salmon,"Salmon (; pl.: salmon) is the common name for several commercially important species of euryhaline ray-finned fish from the genera Salmo and Oncorhynchus of the family Salmonidae, native to tributaries of the North Atlantic (Salmo) and North Pacific (Oncorhynchus) basins."
Salmonidae,"Salmonidae (, lit."
Salome,"Salome (; Hebrew: שְלוֹמִית, romanized: Shlomit, related to שָׁלוֹם, Shalom ""peace""; Greek: Σαλώμη), also known as Salome III, was a Jewish princess, the daughter of Herod II, who was the son of Herod the Great, with princess Herodias."
Salpichroa,Salpichroa is a genus of flowering plants belonging to the family Solanaceae.Its native range is Western and Southern South America to Southern Brazil.
Salsola,Salsola is a genus of the subfamily Salsoloideae in the family Amaranthaceae.
Saluki,The Saluki (Arabic: سلوقي) is a standardised breed developed from sighthounds – dogs that hunt primarily by sight rather than strong scent – that was once used by nomadic tribes to run down game animals.
Salvadoraceae,"Salvadoraceae is a family in the plant order Brassicales, consisting of three genera with a total of 11 known species."
Salvelinus,"Salvelinus is a genus of salmonid fish often called char or charr; some species are called ""trout""."
Salvinia,"Salvinia, a genus in the family Salviniaceae, is a floating fern named in honor of Anton Maria Salvini, a 17th-century Italian scientist."
Salviniaceae,"Salviniaceae (), is a family of heterosporous ferns in the order Salviniales."
Salzburg,"Salzburg (Austrian German: [ˈsaltsbʊʁk], German: [ˈzaltsbʊʁk] ;) is the fourth-largest city in Austria."
Samaria,"Samaria () is the Hellenized form of the Hebrew name Shomron (Hebrew: שֹׁמְרוֹן, romanized: Šōmrōn), used as a historical and biblical name for the central region of Israel, bordered by Judea to the south and Galilee to the north."
Samarkand,"Samarqand or  Samarkand ( SAM-ər-kand; Uzbek and Tajik: Самарқанд, pronounced [sæmærqænd, -ænt]; Persian: سمرقند) is a city in southeastern Uzbekistan and among the oldest continuously inhabited cities in Central Asia."
Sambre,"The Sambre (French: [sɑ̃bʁ]; Dutch: Samber [ˈsɑmbər] ) is a river in northern France and in Wallonia, Belgium."
Sambucus,Sambucus is a genus of flowering plants in the family Adoxaceae.
Samhita,"Saṃhitā literally means ""put together, joined, union"", a ""collection"", and ""a methodically, rule-based combination of text or verses""."
Samoa,"Samoa, officially the Independent State of Samoa and until 1997 known as Western Samoa (Samoan: Sāmoa i Sisifo), is a Polynesian island country consisting of two main islands (Savai'i and Upolu); two smaller, inhabited islands (Manono and Apolima); and several smaller, uninhabited islands, including the Aleipata Islands (Nu'utele, Nu'ulua, Fanuatapu and Namua)."
Samolus,"Samolus (known as brookweed, or water pimpernel) is a widely distributed genus of about a dozen species of water-loving herbs."
Samson,"Samson (; Hebrew: שִׁמְשׁוֹן Šīmšōn ""man of the sun"") was the last of the judges of the ancient Israelites mentioned in the Book of Judges (chapters 13 to 16) and one of the last leaders who ""judged"" Israel before the institution of the monarchy."
Samuel,"Samuel is a figure who, in the narratives of the Hebrew Bible, plays a key role in the transition from the biblical judges to the United Kingdom of Israel under Saul, and again in the monarchy's transition from Saul to David."
Sanaa,"Sanaa (Arabic: صَنْعَاء, Ṣanʿāʾ [sˤɑnʕaːʔ], Yemeni Arabic: [ˈsˤɑnʕɑ]; Old South Arabian: 𐩮𐩬𐩲𐩥 Ṣnʿw), also spelled Sana'a and Sana, is the capital and largest city of Yemen and the capital of the Sanaa Governorate."
Sand,Sand is a granular material composed of finely divided mineral particles.
Sangay,"Sangay (also known as Macas, Sanagay, or Sangai) is an active stratovolcano in central Ecuador."
Sanguinaria,"Sanguinaria canadensis, bloodroot, is a perennial, herbaceous flowering plant native to eastern North America."
Sanhedrin,"The Sanhedrin (Hebrew and Aramaic: סַנְהֶדְרִין from Koinē Greek: Συνέδριον, synedrion, 'sitting together,' hence 'assembly' or 'council') was an assembly of either 23 or 71 elders (known as ""rabbis"" after the destruction of the Second Temple), appointed to sit as a tribunal in every city in the ancient Land of Israel."
Sanicula,"Sanicula is a genus of plants in family Apiaceae (or Umbelliferae), the same family to which the carrot and parsnip belong."
Sanskrit,"Sanskrit (; attributively संस्कृत-, saṃskṛta-; nominally संस्कृतम्, saṃskṛtam, IPA: [ˈsɐ̃skr̩tɐm]) is a classical language belonging to the Indo-Aryan branch of the Indo-European languages."
Santalaceae,"The Santalaceae, sandalwoods, are a widely distributed family of flowering plants (including small trees, shrubs, perennial herbs, and epiphytic climbers) which, like other members of Santalales, are partially parasitic on other plants."
Santalales,"The Santalales are an order of flowering plants with a cosmopolitan distribution, but heavily concentrated in tropical and subtropical regions."
Santalum,"Santalum is a genus of woody flowering plants in the Santalaceae family, the best known and commercially valuable of which is the Indian sandalwood tree, S. album."
Santiago,"Santiago (, US also ; Spanish: [sanˈtjaɣo]), also known as Santiago de Chile, is the capital and largest city of Chile and one of the largest cities in the Americas."
Santolina,"Santolina is a genus of plants in the chamomile tribe within the sunflower family, primarily from the western Mediterranean region.They are small evergreen shrubs growing 10–60 cm (4–24 in) tall."
Sanvitalia,"Sanvitalia ), the creeping zinnias, is a genus of flowering plants belonging to the family Asteraceae."
Sapindaceae,The Sapindaceae are a family of flowering plants in the order Sapindales known as the soapberry family.
Sapindales,Sapindales  is an order of flowering plants.
Sapindus,"Sapindus  is a genus of about five to twelve species of shrubs and small trees in the lychee family, Sapindaceae, native to warm temperate to tropical regions of the world."
Saponaria,"Saponaria is a genus of flowering plants in the family Caryophyllaceae, native to Asia and Europe, and are commonly known as soapworts."
Sapotaceae,The Sapotaceae are a family of flowering plants belonging to the order Ericales.
Sappho,Sappho (; Greek: Σαπφώ Sapphō [sap.pʰɔ̌ː]; Aeolic Greek Ψάπφω Psápphō; c. 630 – c. 570 BC) was an Archaic Greek poet from Eresos or Mytilene on the island of Lesbos.
Sapporo,"Sapporo (札幌市, Sapporo-shi, [sapːoɾo ɕi] ) (Ainu: サッ・ポロ・ペッ, romanized: Satporopet, lit. 'Dry, Great River') is a city in Japan."
Saprolegnia,Saprolegnia is a genus of water moulds often called cotton moulds because of the characteristic white or grey fibrous patches they form.
Saprolegniales,Saprolegniales is an order of freshwater mould.
Saqqara,"Saqqara (Arabic: سقارة, Egyptian Arabic pronunciation: [sɑʔːɑːɾɑ]), also spelled Sakkara or Saccara in English , is an Egyptian village in the markaz (county) of Badrashin in the Giza Governorate, that contains ancient burial grounds of Egyptian royalty, serving as the necropolis for the ancient Egyptian capital, Memphis."
Saracen,Saracen ( SARR-ə-sən) was a term used both in Greek and Latin writings between the 5th and 15th centuries to refer to the people who lived in and near what was designated by the Romans as Arabia Petraea and Arabia Deserta.
Sarah,"Sarah (born Sarai) is a biblical matriarch, prophetess and major figure in Abrahamic religions."
Sarajevo,"Sarajevo ( SARR-ə-YAY-voh; Cyrillic: Сарајево, pronounced [sǎrajeʋo] ; see names in other languages) is the capital and largest city of Bosnia and Herzegovina, with a population of 275,524 in its administrative limits."
Saratov,"Saratov (UK:  sə-RAH-tof, US:  -⁠təf; Russian: Саратов, pronounced [sɐˈratəf] ) is the largest city and administrative center of Saratov Oblast, Russia, and a major port on the Volga River upstream of Volgograd."
Sarawak,"Sarawak ( sə-RAH-wok, Malay: [saˈrawaʔ]) is a region of Malaysia."
Sarazen,Sarazen (1921–1940) was an American Hall of Fame Champion Thoroughbred racehorse.
Sarcobatus,"Sarcobatus is a North American genus of two species of flowering plants, formerly considered to be a single species."
Sarcochilus,"Sarcochilus, commonly known as butterfly orchids or fairy bells is a genus of about twenty species of flowering plants in the orchid family, Orchidaceae."
Sarcocystis,"Sarcocystis is a genus of protozoan parasites, with many species infecting mammals, reptiles and birds."
Sarcodes,"Sarcodes is the monotypic genus of a north-west American flowering springtime plant in the heath family (Ericaceae), containing the single species Sarcodes sanguinea, commonly called the snow plant or snow flower."
Sarcophaga,Sarcophaga is a genus of true flies and the type genus of the flesh-fly family (Sarcophagidae).
Sarcophilus,"Sarcophilus is a genus of carnivorous marsupial best known for its only living member, the Tasmanian devil."
Sarcoptes,Sarcoptes is a genus of mites.
Sarcoptidae,The Sarcoptidae family of mites contains the genus Sarcoptes.
Sarcoscyphaceae,The Sarcoscyphaceae are a family of cup fungi in the order Pezizales.
Sarcosomataceae,The Sarcosomataceae are a family of fungi in the order Pezizales.
Sarcostemma,"Sarcostemma is a formerly recognized genus  of flowering plants in the dogbane family, Apocynaceae, first described as a genus in 1810."
Sardinia,"Sardinia ( sar-DIN-ee-ə; Italian: Sardegna [sarˈdeɲɲa]; Sardinian: Sardigna [saɾˈdiɲːa]) is the second-largest island in the Mediterranean Sea, after Sicily, and one of the twenty regions of Italy."
Sardinops,Sardinops is a monotypic genus of sardines of the family Clupeidae.
Sardis,"Sardis ( SAR-diss) or Sardes ( SAR-deess; Lydian: 𐤳𐤱𐤠𐤭𐤣, romanized: Sfard; Ancient Greek: Σάρδεις, romanized: Sárdeis; Old Persian: Sparda) was an ancient city best known as the capital of the Lydian Empire."
Sarnoff,"Sarnoff is a surname which may refer to:

Dan Sarnoff(born c.1956),
Ann Sarnoff (born c."
Saroyan,Saroyan (Armenian: Սարոյան) is a surname of Armenian origin.
Sarpedon,"Sarpedon (; Ancient Greek: Σαρπηδών) is the name of several figures in Greek mythology

Sarpedon, a son of Zeus, who fought on the side of Troy in the Trojan War."
Sarracenia,"Sarracenia ( or ) is a genus comprising 8 to 11 species of North American pitcher plants, commonly called trumpet pitchers."
Sarraceniaceae,"Sarraceniaceae are a family of pitcher plants, belonging to order Ericales (previously Nepenthales)."
Saskatchewan,"Saskatchewan (  sə-SKATCH-(ə)-wən; Canadian French: [saskatʃəwan]) is a province in Western Canada, bordered on the west by Alberta, on the north by the Northwest Territories, on the east by Manitoba, to the northeast by Nunavut, and on the south by the United States (Montana and North Dakota)."
Saskatoon,Saskatoon () is the largest city in the Canadian province of Saskatchewan.
Satan,"Satan, also known as the Devil, and sometimes also called Lucifer in Christianity, is an entity in Abrahamic religions that seduces humans into sin or falsehood."
Satanism,"Satanism refers to a group of religious, ideological and/or philosophical beliefs based on Satan (also called Lucifer) – particularly the worship or veneration of Satan, a figure of the devil in Christian belief, a fallen angel and leader of the devils who tempts humans into sin."
Saturday,Saturday is the day of the week between Friday and Sunday.
Satureja,"Satureja is a genus of aromatic plants of the family Lamiaceae, related to rosemary and thyme."
Saturn,"Saturn is the sixth planet from the Sun and the second-largest in the Solar System, after Jupiter."
Saturnalia,"Saturnalia is an ancient Roman festival and holiday in honour of the god Saturn, held on 17 December of the Julian calendar and later expanded with festivities through 19 December."
Saturnia,Saturnia (Italian: [saˈturnja]) is a spa town in Tuscany in north-central Italy that has been inhabited since ancient times.
Saturniidae,"Saturniidae, members of which are commonly named the saturniids, is a family of Lepidoptera with an estimated 2,300 described species."
Satyagraha,"Satyāgraha (Sanskrit: सत्याग्रह; satya: ""truth"", āgraha: ""insistence"" or ""holding firmly to""), or ""holding firmly to truth"", or ""truth force"", is a particular form of nonviolent resistance or civil resistance."
Saul,"Saul (; Hebrew: שָׁאוּל‎, Šāʾūl; Greek: Σαούλ, Saoúl; transl. ""asked/prayed for"") was, according to the Hebrew Bible, the first monarch of the United Kingdom of Israel."
Sauria,"Sauria is the clade containing the most recent common ancestor of Archosauria (which includes crocodilians and birds) and Lepidosauria (which includes squamates and the tuatara), and all its descendants."
Saurischia,"Saurischia ( saw-RIS-kee-ə, meaning ""reptile-hipped"" from the Greek  sauros (σαῦρος) meaning 'lizard' and ischion (ἴσχιον) meaning 'hip joint') is one of the two basic divisions of dinosaurs (the other being Ornithischia), classified by their hip structure."
Sauropoda,"Sauropoda (), whose members are known as sauropods (; from sauro- + -pod, 'lizard-footed'), is a clade of saurischian ('lizard-hipped') dinosaurs."
Sauropodomorpha,"Sauropodomorpha ( SOR-ə-POD-ə-MOR-fə; from Greek, meaning ""lizard-footed forms"") is an extinct clade of long-necked, herbivorous, saurischian dinosaurs that includes the sauropods and their ancestral relatives."
Sauropterygia,"Sauropterygia (""lizard flippers"") is an extinct taxon of diverse, aquatic reptiles that developed from terrestrial ancestors soon after the end-Permian extinction and flourished during the Triassic before all except for the Plesiosauria became extinct at the end of that period."
Saurosuchus,"Saurosuchus (meaning ""lizard crocodile"") is an extinct genus of large loricatan pseudosuchian archosaurs that lived in South America during the Late Triassic period."
Saururaceae,Saururaceae is a plant family comprising four genera and seven species of herbaceous flowering plants native to eastern and southern Asia and North America.
Saururus,Saururus is a genus of plants in the family Saururaceae containing two species.
Saussurea,"Saussurea is a genus of about 300 species of flowering plants in the tribe Cardueae within the family Asteraceae, native to cool temperate and arctic regions of East Asia, Europe, and North America, with the highest diversity in alpine habitats in the Himalayas and East Asia."
Savoy,Savoy (; Arpitan: Savouè [saˈvwɛ]; French: Savoie [savwa] ; Italian: Savoia) is a cultural-historical region in the Western Alps.
Sawan,"Sāwaṇ or Sāuṇ (Shahmukhi: ساؤݨ; Gurmukhi: ਸਾਵਣ, ਸਾਉਣ, Punjabi pronunciation: [saːʋəɳᵊ, saːʊɳᵊ]) is the fifth month in the Punjabi calendar and the Nanakshahi calendar."
Saxicola,"Saxicola (Latin: saxum, rock + incola, dwelling in), the stonechats or chats, is a genus of 15 species of small passerine birds restricted to the Old World."
Saxifraga,"Saxifraga is the largest genus in the family Saxifragaceae, containing about 465 species of holarctic perennial plants, known as saxifrages or rockfoils."
Saxifragaceae,"Saxifragaceae is a family of herbaceous perennial flowering plants, within the core eudicot order Saxifragales."
Saxony,"Saxony (German: Sachsen [ˈzaksn̩] ; Upper Saxon: Saggsn; Upper Sorbian: Sakska), officially the Free State of Saxony (German: Freistaat Sachsen [ˈfʁaɪʃtaːt ˈzaksn̩]; Upper Saxon: Freischdaad Saggsn; Upper Sorbian: Swobodny stat Sakska [ˈswɔbɔdnɨ ˈstat ˈsakska]), is a landlocked state of Germany, bordering the states of Brandenburg, Saxony-Anhalt, Thuringia, Bavaria, as well as the countries of Poland and the Czech Republic."
Sazerac,"The Sazerac is a local variation of a cognac or whiskey cocktail originally from New Orleans, named for the Sazerac de Forge et Fils brand of cognac brandy that served as its original main ingredient."
Scandinavia,"Scandinavia is a subregion of Northern Europe, with strong historical, cultural, and linguistic ties between its constituent peoples."
Scaphiopus,"Scaphiopus is a genus of North American amphibian commonly referred to as the North American spadefoots, southern spadefoots, or eastern spadefoot toads."
Scaphosepalum,"Scaphosepalum (from Greek ""boatlike sepals"") is a genus of plants belonging to the family Orchidaceae."
Scarabaeidae,"The family Scarabaeidae, as currently defined, consists of over 35,000 species of beetles worldwide; they are often called scarabs or scarab beetles."
Scaramouche,Scaramouche (French: [skaʁamuʃ]) or Scaramouch (English: ; from Italian Scaramuccia [skaraˈmuttʃa]; lit. 'little skirmisher') is a stock clown character of the 16th-century commedia dell'arte (comic theatrical arts of Italian literature).
Scardinius,Scardinius is a genus of ray-finned fish in the family Cyprinidae commonly called rudds.
Scartella,Scartella is a genus of combtooth blennies found in the Atlantic and Indian oceans.
Sceliphron,"Sceliphron, also known as black mud daubers or black mud-dauber wasps, is a genus of Hymenoptera of the Sphecidae family of wasps."
Schadenfreude,"Schadenfreude (; German: [ˈʃaːdn̩ˌfʁɔʏ̯də] ; lit.Tooltip literal translation 'harm-joy') is the experience of pleasure, joy, or self-satisfaction that comes from learning of or witnessing the troubles, failures, pain, or humiliation of another."
Scheele,Scheele is a surname of Germanic origin.
Schefflera,"Schefflera  is a genus of flowering plants in the family Araliaceae with 13 species native to New Zealand and some Pacific islands.The genus is named in honor of Johann Peter Ernst von Scheffler (born in 1739), physician and botanist of Gdańsk, and later of Warsaw, who contributed plants to Gottfried Reyger for Reygers book, 'Tentamen Florae Gedanensis'."
Scheldt,"The Scheldt ( SHELT, SKELT; French: Escaut [ɛsko]; Dutch: Schelde [ˈsxɛldə] ) is a 435-kilometre-long (270 mi) river that flows through northern France, western Belgium, and the southwestern part of the Netherlands, with its mouth at the North Sea."
Schinus,"Schinus is a genus of flowering trees and tall shrubs in the sumac family, Anacardiaceae."
Schistosoma,"Schistosoma is a genus of trematodes, commonly known as blood flukes."
Schistosomatidae,Schistosomatidae is a family of digenetic trematodes with complex parasitic life cycles.
Schizachyrium,Schizachyrium is a widespread genus of plants in the grass family.
Schizaea,Schizaea is a small genus of specialized ferns in the family Schizaeaceae.
Schizaeaceae,Schizaeaceae is a family of ferns in the order Schizaeales.
Schizopoda,Schizopoda is a former taxonomical classification of a division of the class Malacostraca.
Schizosaccharomyces,Schizosaccharomyces is a genus of fission yeasts.
Schizosaccharomycetaceae,The Schizosaccharomycetaceae are a family of yeasts in the order Schizosaccharomycetales.
Schleiden,"Schleiden is a town in North Rhine-Westphalia, Germany."
Schlesinger,"Schlesinger is a German surname (in part also Jewish) meaning ""Silesian""  and may refer to:

Adam Schlesinger (1967–2020), American composer and musician
Adolf Martin Schlesinger (1769–1838), German founder of A.M. Schlesingers Musikhandlung
Alan Schlesinger (born 1960), American politician and Republican candidate for the U.S. Senate in Connecticut in 2006
Alice Schlesinger (born 1988), Israeli Olympic judoka
Arthur Meier Schlesinger, Sr."
Schlumbergera,Schlumbergera is a small genus of cacti with six to nine species found in the coastal mountains of south-eastern Brazil.
Schnabel,"Schnabel is a German surname meaning ""beak""."
Scholasticism,Scholasticism was a medieval school of philosophy that employed a critical organic method of philosophical analysis predicated upon the Aristotelian 10 Categories.
Schomburgkia,Schomburgkia was a genus of plants belonging to the family Orchidaceae.
Schulz,"Schulz is a common German and Jewish-Ashkenazi family name from Germany, particularly Northern Germany."
Schutzstaffel,"The Schutzstaffel (SS; also stylised as ᛋᛋ with Armanen runes; German pronunciation: [ˈʃʊtsˌʃtafl̩] ; lit. 'Protection Squadron') was a major paramilitary organisation under Adolf Hitler and the Nazi Party in Nazi Germany, and later throughout German-occupied Europe during World War II.
It began with a small guard unit known as the Saal-Schutz (""Hall Security"") made up of party volunteers to provide security for party meetings in Munich."
Schweitzer,Schweitzer is a surname.
Sciadopityaceae,"Sciadopityaceae, commonly called umbrella pines, is a family of conifers now endemic to Japan."
Sciadopitys,"Sciadopitys, commonly called umbrella pines, is a genus of a unique conifers now endemic to Japan."
Sciaena,"Sciaena is a genus of marine ray-finned fishes belonging to the family Sciaenidae, the drums and croakers."
Sciaenidae,Sciaenidae is a family of ray-finned fishes belonging to the order Acanthuriformes.
Sciaridae,"The Sciaridae are a family of flies, commonly known as dark-winged fungus gnats."
Scientology,"Scientology is a set of beliefs and practices invented by the American author L. Ron Hubbard, and an associated movement."
Scincella,"Scincella is a genus of lizards in the skink family, Scincidae, commonly referred to as ground skinks."
Scincus,"Scincus is a genus of skinks, lizards in the family Scincidae."
Scindapsus,Scindapsus is a genus of flowering plants in the family Araceae.
Scirpus,"Scirpus is a genus of grass-like species in the sedge family Cyperaceae many with the common names club-rush, wood club-rush or bulrush (see also bulrush for other plant genera so-named)."
Sciuromorpha,"Sciuromorpha (, ""squirrel-like"") is a rodent clade that includes several different rodent families."
Sciurus,"The genus Sciurus ( or ) contains most of the common, bushy-tailed squirrels in North America, Europe, temperate Asia, Central America and South America."
Scleranthus,"Scleranthus, the knawels, are a genus of herbaceous plants in the family Caryophyllaceae."
Scleroderma,"Scleroderma is a group of autoimmune diseases that may result in changes to the skin, blood vessels, muscles, and internal organs."
Sclerodermataceae,"The Sclerodermataceae are a family of fungi in the order Boletales, containing several genera of unusual fungi that little resemble boletes."
Scleropages,Scleropages is a genus of fish in the family Osteoglossidae found in Asia and Australia.
Sclerotiniaceae,The Sclerotiniaceae are a family of fungi in the order Helotiales.
Sclerotium,"A sclerotium (; pl.: sclerotia (), is a compact mass of hardened fungal mycelium containing food reserves."
Scolymus,"Scolymus is a genus of annual, biennial or perennial, herbaceous plants that is assigned to the family Asteraceae, and can be found in Macaronesia, around the Mediterranean, and in the Middle East."
Scolytus,Scolytus is a genus of bark beetles (subfamily Scolytinae).
Scomber,"Scomber is a genus of fish in the family Scombridae living in the open ocean found in Atlantic, Indian and Pacific Ocean."
Scomberesocidae,Sauries are fish of the family Scomberesocidae.
Scomberesox,Scomberesox is a genus of sauries.
Scomberomorus,"Scomberomorus is a genus of ray-finned bony fish in the mackerel family, Scombridae."
Scombridae,"The mackerel, tuna, and bonito family, Scombridae, includes many of the most important and familiar food fishes."
Scophthalmus,"Scophthalmus is a genus of turbots, relatively large flatfish native to the northeast Atlantic Ocean, Baltic Sea, Mediterranean Sea and Black Sea."
Scopolia,"Scopolia is a genus of four species of flowering plants in the family Solanaceae, native to Europe and Asia."
Scorpaena,"Scorpaena is a widespread genus of marine ray-finned fish belonging to the family Scorpaenidae, the scorpionfishes."
Scorpaenidae,The Scorpaenidae (also known as scorpionfish) are a family of mostly marine fish that includes many of the world's most venomous species.
Scorpion,Scorpions are predatory arachnids of the order Scorpiones.
Scorpius,"Scorpius is a zodiac constellation located in the Southern celestial hemisphere, where it sits near the center of the Milky Way, between Libra to the west and Sagittarius to the east."
Scotland,Scotland (Scots: Scotland; Scottish Gaelic: Alba) is a country that is part of the United Kingdom.
Scrabble,"Scrabble is a word game in which two to four players score points by placing tiles, each bearing a single letter, onto a game board divided into a 15×15 grid of squares."
Scribe,"A scribe is a person who serves as a professional copyist, especially one who made copies of manuscripts before the invention of automatic printing.The work of scribes can involve copying manuscripts and other texts as well as secretarial and administrative duties such as the taking of dictation and keeping of business, judicial, and historical records for kings, nobles, temples, and cities."
Scrophularia,The genus Scrophularia of the family Scrophulariaceae comprises about 200 species of herbaceous flowering plants commonly known as figworts.
Scrophulariaceae,"The Scrophulariaceae are a family of flowering plants, commonly known as the figwort family."
Scutellaria,"Scutellaria is a genus of flowering plants in the mint family, Lamiaceae."
Scutigera,"Scutigera is a centipede genus in the scutigeromorph (house centipede) family Scutigeridae, a group of centipedes with long limbs and true compound eyes (which were once thought to be secondary, re-evolved ""pseudofacetted eyes"")."
Scutigerella,Scutigerella is a genus of symphylans with sub-cosmopolitan distribution.
Scutigeridae,Scutigeridae is a family of centipedes that are known as house centipedes.
Scylla,"In Greek mythology, Scylla ( SIL-ə; Greek: Σκύλλα, translit."
Scyphozoa,"The Scyphozoa are an exclusively marine class of the phylum Cnidaria, referred to as the true jellyfish (or ""true jellies"")."
Scythia,"Scythia (Scythian: Skulatā; Old Persian: 𐎿𐎤𐎢𐎭𐎼 Skudra; Ancient Greek: Σκυθια Skuthia; Latin: Scythia) or Scythica (Ancient Greek: Σκυθικη Skuthikē; Latin: Scythica), also known as Pontic Scythia, was a kingdom created by the Scythians during the 6th to 3rd centuries BC in the Pontic–Caspian steppe."
Seattle,Seattle (  see-AT-əl) is a seaport city on the West Coast of the United States.
Secale,"Secale is a genus of the grass tribe Triticeae, which is related to barley (Hordeum) and wheat (Triticum)."
Secession,Secession is the formal withdrawal of a group from a political entity.
Seeger,Seeger is the surname of various people.
Segal,"Segal, and its variants including Sagal, Segel, Sigal or Siegel, is a family name which is primarily Ashkenazi Jewish."
Segovia,"Segovia ( sig-OH-vee-ə, US also  say-GOH-, Spanish: [seˈɣoβja] ) is a city in the autonomous community of Castile and León, Spain."
Segway,"A Segway is a two-wheeled, self-balancing personal transporter device invented by Dean Kamen."
Seine,"The Seine ( sayn, sen, French: [sɛn] ) is a 777-kilometre-long (483 mi) river in northern France."
Selaginella,"Selaginella is the sole genus in the family Selaginellaceae, the spikemosses or lesser clubmosses, a kind of vascular plant."
Selene,"In ancient Greek mythology and religion, Selene (; Greek: Σελήνη pronounced [selɛ̌ːnɛː] seh-LEH-neh, meaning ""Moon"") is the goddess and personification of the Moon."
Selenicereus,"Selenicereus, sometimes known as moonlight cactus, is a genus of epiphytic, lithophytic, and terrestrial cacti, found in Mexico, Central America, the Caribbean and northern South America."
Selenipedium,Selenipedium is a genus of the orchid family (Orchidaceae) (Subfamily Cypripedioideae).
Sellotape,"Sellotape () is a British brand of transparent, cellulose-based, pressure-sensitive tape, and is the leading brand in the United Kingdom."
Selznick,Selznick is a surname.
Semarang,"Semarang (Javanese: ꦏꦸꦛꦯꦼꦩꦫꦁ, Pegon: سٓماراڠ) is the capital and largest city of Central Java province in Indonesia."
Seminole,The Seminole are a Native American people who developed in Florida in the 18th century.
Senate,"A senate is a deliberative assembly, often the upper house or chamber of a bicameral legislature."
Senecio,Senecio  is a genus of flowering plants in the daisy family (Asteraceae) that includes ragworts and groundsels.
Senegal,"Senegal, officially the Republic of Senegal, is a country in West Africa, on the Atlantic Ocean coastline."
Senhor,"Senhor (Portuguese pronunciation: [sɨˈɲoɾ, siˈɲoʁ], abb."
Sennacherib,"Sennacherib (Neo-Assyrian cuneiform:       Sîn-ahhī-erība or Sîn-aḥḥē-erība, meaning ""Sîn has replaced the brothers"") was the king of the Neo-Assyrian Empire from the death of his father Sargon II in 705 BC to his own death in 681 BC. The second king of the Sargonid dynasty, Sennacherib is one of the most famous Assyrian kings for the role he plays in the Hebrew Bible, which describes his campaign in the Levant."
Seoul,"Seoul (; Korean: 서울; IPA: [sʌul] ; lit. 'Capital'), officially Seoul Special City, serves as the capital of South Korea, and is its most extensive urban center."
Sepiidae,Sepiidae is a family of cephalopods in the order Sepiida.
Sept,"A sept () is a division of a family, especially of a Scottish or Irish family."
September,September is the ninth month of the year in both the Gregorian calendar and the less commonly used Julian calendar.
Septobasidium,Septobasidium is a fungal genus within the family Septobasidiaceae.
Septuagesima,"Septuagesima (; in full, Septuagesima Sunday) is the name for the ninth Sunday before Easter, the third before Ash Wednesday."
Septuagint,"The Septuagint ( SEP-tew-ə-jint), sometimes referred to as the Greek Old Testament or The Translation of the Seventy (Ancient Greek: Ἡ μετάφρασις τῶν Ἑβδομήκοντα, romanized: Hē metáphrasis tôn Hebdomḗkonta), and often abbreviated as LXX, are the earliest extant Greek translations of the Hebrew Bible from the original Hebrew."
Sequoiadendron,"Sequoiadendron is a genus of evergreen trees, with two species, only one of which survives to the present:
Sequoiadendron giganteum, extant, commonly known as wellingtonia, giant redwood and giant sequoia, growing naturally in the Sierra Nevada mountains of California
† Sequoiadendron chaneyi, extinct, the predecessor of Sequoiadendron giganteum, found mostly in the Nevada part of the Tertiary Colorado Plateau until the late Miocene


== Fossil record ==
Sequoiadendron fossil pollen and macrofossils may have been found as early as the Cretaceous and throughout the Northern Hemisphere, including locations in western Georgia in the Caucasus region."
Sequoyah,"Sequoyah (Cherokee: ᏍᏏᏉᏯ, Ssiquoya, or ᏎᏉᏯ, Se-quo-ya; IPA: [seɡʷoja], c."
Serbia,"Serbia, officially the Republic of Serbia, is a landlocked country at the crossroads of Southeast and Central Europe, located in the Balkans and the Pannonian Plain."
Serengeti,"The Serengeti ( SERR-ən-GHET-ee) ecosystem is a geographical region in Africa, spanning the Mara and Arusha Regions of Tanzania."
Serenoa,"Serenoa repens, commonly known as saw palmetto, is a small palm, growing to a maximum height around 200–300 cm (6.6–9.8 ft)."
Sericocarpus,Sericocarpus is a genus of North American plants in the tribe Astereae within the family Asteraceae.
Serinus,"Serinus is a genus of small birds in the finch family Fringillidae found in West Asia, Europe and Africa."
Seriola,"Seriola is a genus of ray-finned fish, with many species commonly known as amberjacks."
Serkin,Serkin (Russian: Сёркин or Russian: Серкин) is a surname.
Serpens,"Serpens (Ancient Greek: Ὄφις, romanized: Óphis, lit. 'the Serpent') is a constellation in the northern celestial hemisphere."
Serranidae,The Serranidae are a large family of fishes belonging to the order Perciformes.
Serranus,Serranus is a genus of fish in the family Serranidae.
Serrasalmus,Serrasalmus is a genus of piranhas.
Serratia,"Serratia is a genus of Gram-negative, facultatively anaerobic, rod-shaped bacteria of the family Enterobacteriaceae."
Serratula,Serratula is a genus of plants in the tribe Cardueae within the family Asteraceae native to Eurasia.
Sertularia,Sertularia is a genus of hydroids in the family Sertulariidae.
Sesamum,Sesamum is a genus of about 20 species in the flowering plant family Pedaliaceae.
Seseli,Seseli is a genus of herbaceous perennial plants in the family Apiaceae.
Setaria,Setaria is a widespread genus of plants in the grass family.
Seth,"Seth, in the Abrahamic religions, was the third son of Adam and Eve."
Setophaga,Setophaga is a genus of birds of the New World warbler family Parulidae.
Sevastopol,"Sevastopol (), sometimes written Sebastopol, is the largest city in Crimea and a major port on the Black Sea."
Seville,"Seville ( sə-VIL; Spanish: Sevilla, pronounced [seˈβiʎa] ) is the capital and largest city of the Spanish autonomous community of Andalusia and the province of Seville."
Seychelles,"Seychelles ( , ; French: [sɛʃɛl] or [seʃɛl]), officially the Republic of Seychelles (French: République des Seychelles; Seychellois Creole: Repiblik Sesel), is an island country and archipelagic state consisting of 115 islands (as per the Constitution) in the Indian Ocean."
Seyhan,"Seyhan is a municipality and district of Adana Province, Turkey."
Sfax,"Sfax ( s(ə-)FAKS; Arabic: صفاقس, romanized: Ṣafāqis, Tunisian Arabic: [ˈsˤfaːqəs] ) is a city in Tunisia, located 270 km (170 mi) southeast of Tunis."
Sha'ban,"Shaʽban (Arabic: شَعْبَان, Šaʿbān) is the eighth month of the Islamic calendar."
Shah,"Shah (; Persian: شاه, Šāh [ʃɒːh], lit. 'king') is a royal title that was historically used by the leading figures of Iranian monarchies."
Shakers,"The United Society of Believers in Christ's Second Appearing, more commonly known as the Shakers, are a millenarian restorationist Christian sect founded c. 1747 in England and then organized in the United States in the 1780s."
Shakti,"Shakti (Devanagari: शक्ति, IAST: Śakti; lit."
Shaktism,"Shaktism (Sanskrit: शाक्त, IAST: Śākta, lit. 'doctrine of energy, power, the eternal goddess') is one of the several major Hindu denominations wherein the metaphysical reality, or the godhead, is considered metaphorically to be a woman."
Shamash,"Shamash (Akkadian: šamaš) was the ancient Mesopotamian sun god, earlier known as Utu (Sumerian: dUTU 𒀭𒌓 ""Sun"")."
Shanghai,"Shanghai (; Chinese: 上海; pinyin: Shànghǎi, Shanghainese: Zaon6he5 [zɑ̃̀.hɛ] , Standard Mandarin pronunciation: [ʂâŋ.xàɪ] ) is one of the four direct-administered municipalities of the People's Republic of China (PRC)."
Shavuot,"Shavuot (), or Shvues () in some Ashkenazi usage (Hebrew: שָׁבוּעוֹת, romanized: Šāvūʿōṯ, lit. 'Weeks'), commonly known in English as the Feast of Weeks, is one of the biblically-ordained Three Pilgrimage Festivals."
Shawnee,The Shawnee ( shaw-NEE) are an Indigenous people of the Northeastern Woodlands.
Shawwal,"Shawwal (Arabic: شَوَّال, Šawwāl) is the tenth month of the lunar based Islamic calendar."
Shearer,"A shearer is someone who shears, such as a cloth shearer, or a sheep shearer."
Sheffield,"Sheffield is a city in South Yorkshire, England, whose name derives from the River Sheaf which runs through it."
Shem,"Shem (; Hebrew: שֵׁם Šēm; Arabic: سَام, romanized: Sām) was one of the sons of Noah in the Bible (Genesis 5–11 and 1 Chronicles 1:4) and the Quran."
Shema,"Shema Yisrael (Shema Israel or Sh'ma Yisrael; Hebrew: שְׁמַע יִשְׂרָאֵל Šəmaʿ Yīsrāʾēl, ""Hear, O Israel"") is a Jewish prayer (known as the Shema) that serves as a centerpiece of the morning and evening Jewish prayer services."
Shenyang,"Shenyang (simplified Chinese: 沈阳; traditional Chinese: 瀋陽; pinyin: Shěnyáng), formerly known as Fengtian or by its Manchu name Mukden, is a major Chinese sub-provincial city and the provincial capital of Liaoning province, in north-central Liaoning."
Sherrington,"Sherrington is a small village and civil parish on the River Wylye in Wiltshire, England."
Shetland,"Shetland, also called the Shetland Islands, is an archipelago in Scotland lying between Orkney, the Faroe Islands, and Norway."
Shevat,"Shevat (Hebrew: שְׁבָט‎, Standard Šəvaṭ, Tiberian Šeḇāṭ; from Akkadian Šabātu) is the fifth month of the civil year starting in Tishre (or Tishri) and the eleventh month of the ecclesiastical year on the Hebrew calendar starting in Nisan."
Shevchenko,"Shevchenko (alternative spellings Schevchenko, Ševčenko, Shevcenko, Szewczenko, Chevchenko; Ukrainian: Шевчéнко [ʃeu̯ˈtʃɛnko]), a family name of Ukrainian origin."
Shikoku,"Shikoku (四国, Shikoku, lit. 'four provinces'), Japanese pronunciation: [ɕikokɯ] is the smallest of the four main islands of Japan."
Shinto,"Shinto (Japanese: 神道, romanized: Shintō) is a religion originating from Japan."
Shiraz,"Shiraz ( ; Persian: شیراز, romanized: Širâz [ʃiːˈɾɒːz] ) is the fifth-most-populous city of Iran and the capital of Fars Province, which has been historically known as Pars (پارس, Pārs) and Persis."
Shirer,Shirer is a surname.
Shiva,"Shiva (; Sanskrit: शिव, lit. 'The Auspicious One', IAST: Śiva [ɕɪʋɐ]), also known as Mahadeva (; Sanskrit: महादेव:, romanized: Mahādevaḥ, lit. 'The Great God' [mɐɦaːd̪eːʋɐh]), is one of the principal deities of Hinduism."
Shockley,Shockley is a surname.
Shorea,Shorea is a genus of about 196 species of mainly rainforest trees in the family Dipterocarpaceae.
Shoshone,"The Shoshone or Shoshoni (  or  ) are a Native American tribe with four large cultural/linguistic divisions: 

Eastern Shoshone: Wyoming
Northern Shoshone: southern Idaho
Western Shoshone: Nevada, northern Utah
Goshute:  western Utah, eastern NevadaThey traditionally speak the Shoshoni language, part of the Numic languages branch of the large Uto-Aztecan language family."
Shrovetide,"Shrovetide, also known as the Pre-Lenten Season, is the Christian period of preparation before the beginning of the liturgical season of Lent.Shrovetide starts on Septuagesima Sunday, includes Sexagesima Sunday, Quinquagesima Sunday (commonly called Shrove Sunday), as well as Shrove Monday, and culminates on Shrove Tuesday, also known as Mardi Gras."
Shua,Shua is a village in the Astara Rayon of Azerbaijan.
Shudra,Shudra or Shoodra (Sanskrit: Śūdra) is the one of the four varnas of the Hindu varna system and social order in ancient India.
Shylock,Shylock () is a fictional character in William Shakespeare's play The Merchant of Venice (c.
Sialis,Sialis is a genus of alderfly belonging to the order Megaloptera family Sialidae.
Siberia,"Siberia ( sy-BEER-ee-ə; Russian: Сибирь, romanized: Sibir', IPA: [sʲɪˈbʲirʲ] ) is an extensive geographical region comprising all of North Asia, from the Ural Mountains in the west to the Pacific Ocean in the east."
Sichuan,"Sichuan (; Chinese: , Mandarin: [sɹ̩̂.ʈʂʰwán]; pinyin: Sìchuān; alternatively romanized as Szechuan) is a province in Southwest China occupying most of the Sichuan Basin and the easternmost part of the Tibetan Plateau between the Jinsha River on the west, the Daba Mountains in the north and the Yungui Plateau to the south."
Sicily,Sicily (Italian: Sicilia [siˈtʃiːlja] ; Sicilian: Sicilia [sɪˈ(t)ʃiːlja] ) is the largest and most populous island in the Mediterranean Sea and one of the 20 regions of Italy.
Sidalcea,Sidalcea is a genus (approx.
Siddons,Siddons is a surname.
Sideritis,"Sideritis, also known as ironwort, mountain tea, and shepherd's tea, is a genus of flowering plants known for their use as herbal medicine, commonly as a herbal tea."
Sidon,"Sidon ( SY-dən) or Saida ( SY-də, SAH-id-ə; Arabic: صيدا, romanized: Ṣaydā) is the  third-largest city in Lebanon."
Siegfried,"Siegfried is a German-language male given name, composed from the Germanic elements sig ""victory"" and frithu ""protection, peace""."
Siemens,Siemens AG (German pronunciation: [ˈziːməns]  or [-mɛns]) is a German multinational technology conglomerate.
Sif,"In Norse mythology, Sif is a golden-haired goddess associated with earth."
Sigurd,"Sigurd  (Old Norse: Sigurðr [ˈsiɣˌurðr]) or Siegfried (Middle High German: Sîvrit) is a legendary hero of Germanic heroic legend, who killed a dragon—known in some Old Norse sources as Fáfnir—and who was later murdered."
Sigyn,"Sigyn (Old Norse ""(woman) friend of victory"") is a deity from Norse mythology."
Sihasapa,"The Sihásapa or Blackfoot Sioux are a division  of the Lakota people, Titonwan, or Teton."
Sikhism,"Sikhism ( SIK-iz-əm), also known as Sikhi (Punjabi: ਸਿੱਖੀ Sikkhī, [ˈsɪk.kʰiː] , from ਸਿੱਖ, Sikh, 'disciple / learner') is an Indian religion and philosophy that originated in the Punjab region of India around the end of the 15th century CE. It is one of the most recently founded major religious groups and among the largest in the world, with about 25–30 million adherents (known as Sikhs).Sikhism developed from the spiritual teachings of Guru Nanak (1469–1539), the faith's first guru, and the nine Sikh gurus who succeeded him."
Sikkim,Sikkim ( SIK-im; Nepali pronunciation: [ˈsikːim]) is a state in northeastern India.
Silenus,"In Greek mythology, Silenus (; Ancient Greek: Σειληνός, romanized: Seilēnós, IPA: [seːlɛːnós]) was a companion and tutor to the wine god Dionysus."
Silesia,"Silesia (, also UK: , US: ; see below) is a historical region of Central Europe that lies mostly within Poland, with small parts in the Czech Republic and Germany."
Silex,Silex is any of various forms of ground stone.
Sillaginidae,"The Sillaginidae, commonly known as the smelt-whitings, whitings, sillaginids, sand borers and sand-smelts, are a family of benthic coastal marine fish historically classified in the order Perciformes, although the 5th edition of Fishes of the World places the family in the Spariformes."
Sillago,Sillago is a genus of fish in the family Sillaginidae and the only non-monotypic genus in the family.
Silphium,"Silphium (also known as laserwort or laser), σίλφιον (sílphion) in ancient Greek, is an unidentified plant that was used in classical antiquity as a seasoning, perfume, aphrodisiac, and medicine.It was also used as a contraceptive by ancient Greeks and Romans."
Silurian,"The Silurian ( sih-LURE-ee-ən, sy-) is a geologic period and system spanning 24.6 million years from the end of the Ordovician Period, at 443.8 million years ago (Mya), to the beginning of the Devonian Period, 419.2 Mya."
Siluridae,Siluridae is the nominate family of catfishes in the order Siluriformes.
Silurus,Silurus is a genus of catfishes native to Europe and Asia.
Silvia,"Silvia (Italian: [ˈsilvja]) is a female given name of Latin origin, with a male equivalent Silvio and English-language cognate Sylvia."
Silybum,Silybum (milk thistle) is a genus of two species of thistles in the family Asteraceae.
Simarouba,"Simarouba is a genus of trees and shrubs in the family Simaroubaceae, native to the neotropics."
Simaroubaceae,"The Simaroubaceae are a small, mostly tropical, family in the order Sapindales."
Simeon,"Simeon () is a given name, from the Hebrew שמעון (Biblical Šimʿon, Tiberian Šimʿôn), usually transliterated as Shimon."
Simoniz,"Simoniz USA, Inc."
Simulium,"Simulium is a genus of black flies, which may transmit diseases such as onchocerciasis (river blindness)."
Sin,"In a religious context, sin is a transgression against divine law or a law of God."
Sinanthropus,"Sinanthropus (from Sino-, ""China"", and anthro-, ""man"") is an archaic genus in the scientific classification system to which the early hominid fossils of Peking man, Lantian Man, Nanjing Man, and Yuanmou Man were once assigned."
Sinapis,Sinapis is a genus of plants in the family Brassicaceae.
Singapore,"Singapore (  SING-(g)ə-por), officially the Republic of Singapore, is an island country and city-state in maritime Southeast Asia."
Sinningia,Sinningia  is a genus of flowering plants in the family Gesneriaceae.
Sinology,"Sinology, otherwise referred to as Chinese studies, is a sub-field of area studies or East Asian studies involved in social sciences and humanities research on China."
Sinornis,Sinornis is a genus of enantiornithean birds from the Lower Cretaceous Jiufotang Formation of the People's Republic of China.
Sioux,The Sioux or Oceti Sakowin ( SOO; Dakota/Lakota: Očhéthi Šakówiŋ /otʃʰeːtʰi ʃakoːwĩ/) are groups of Native American tribes and First Nations peoples from the Great Plains of North America.
Sipuncula,The Sipuncula or Sipunculida (common names sipunculid worms or peanut worms) is a class containing about 162 species of unsegmented marine annelid worms.
Siqueiros,Siqueiros is a Spanish surname.
Sir,"Sir is a formal honorific address in English for men, derived from Sire in the High Middle Ages."
Sirenia,"The Sirenia (, commonly referred to as sea cows or sirenians, are an order of fully aquatic, herbivorous mammals that inhabit swamps, rivers, estuaries, marine wetlands, and coastal marine waters."
Sirenidae,"Sirenidae, the sirens, are a family of neotenic aquatic salamanders."
Sirius,Sirius is the brightest star in the night sky.
Sister,A sister is a woman or a girl who shares parents or a parent with another individual; a female sibling.
Sistrurus,"Common names: ground rattlesnakes, pygmy rattlesnakes, massasaugasSistrurus is a genus of venomous pit vipers in the subfamily Crotalinae of the family Viperidae."
Sisyphus,"In Greek mythology, Sisyphus or Sisyphos (; Ancient Greek: Σίσυφος Sísyphos) was the founder and king of Ephyra (now known as Corinth)."
Sisyridae,"Sisyridae, commonly known as spongeflies or spongillaflies, are a family of winged insects in the order Neuroptera."
Sisyrinchium,Sisyrinchium is a large genus of annual to perennial flowering plants in the family Iridaceae.
Sita,"Sita (Sanskrit: सीता; IAST: Sītā), also known as Siya, Janaki, Maithili, Vaidehi and Bhumija, is a Hindu goddess and the female protagonist of the Hindu epic, Ramayana."
Sitotroga,Sitotroga is a genus of moths in the family Gelechiidae.
Sitwell,Sitwell is a surname.
Sium,Sium is a genus of flowering plants in the family Apiaceae.
Sivan,"Sivan (Hebrew: סִיוָן‎, Standard Sīvan, Tiberian Sīwān; from Akkadian simānu, meaning ""Season; time"") is the ninth month of the civil year and the third month of the religious year on the Hebrew calendar."
Sivapithecus,Sivapithecus (lit. 'Shiva's Ape') (syn: Ramapithecus) is a genus of extinct apes.
Skagerrak,"The Skagerrak (Danish: [ˈskɛːjɐˌʁɑk], Norwegian: [ˈskɑ̀ːɡərɑk], Swedish: [ˈskɑ̌ːɡɛrak]) is a strait running between the Jutland peninsula of Denmark, the east coast of Norway and the west coast of Sweden, connecting the North Sea and the Kattegat sea."
Skeat,Skeat or Skeats is a common English family name.
Skopje,"Skopje ( SKOP-yay, US also  SKOHP-yay; Macedonian: Скопје [ˈskɔpjɛ] ; Albanian: Shkup) is the capital and largest city of North Macedonia."
Skuld,"Skuld (""debt"" or ""obligation""; sharing etymology with the English ""should"") is a Norn in Norse mythology."
Skylab,"Skylab was the United States' first space station, launched by NASA, occupied for about 24 weeks between May 1973 and February 1974."
Sloanea,"Sloanea is a genus of flowering plants in the family Elaeocarpaceae, comprising about 150 species.Species include:

Sloanea acutiflora Uittien
Sloanea assamica Rehder & E. Wilson
Sloanea australis Benth."
Slovakia,"Slovakia ( ; Slovak: Slovensko [ˈslɔʋenskɔ] ), officially the Slovak Republic (Slovak: Slovenská republika [ˈslɔʋenskaː ˈrepublika] ), is a landlocked country in Central Europe."
Slovenia,"Slovenia (  sloh-VEE-nee-ə; Slovene: Slovenija [slɔˈʋèːnija]), officially the Republic of Slovenia (Slovene: , abbr.: RS), is a country in southern Central Europe."
Smilacaceae,"Smilacaceae, the greenbriers, is a family of flowering plants."
Smilax,"Smilax is a genus of about 300–350 species, found in the tropics and subtropics worldwide."
Smolensk,"Smolensk is a city and the administrative center of Smolensk Oblast, Russia, located on the Dnieper River, 360 kilometers (220 mi) west-southwest of Moscow."
Smollett,"Smollett is an English and Scots surname, originally meaning small head."
Smuts,"Smuts is an Afrikaans surname most commonly associated with Jan Smuts (1870–1950), a South African statesman, military leader and prime minister of the Union of South Africa."
Smyrna,"Smyrna ( SMUR-nə; Ancient Greek: Σμύρνη, romanized: Smýrnē, or Σμύρνα, Smýrna) was a Greek city located at a strategic point on the Aegean coast of Anatolia."
Smyrnium,Smyrnium is a genus of flowering plants in the family Apiaceae.
Snake,"Snakes are elongated, limbless, carnivorous reptiles of the suborder Serpentes ()."
Snellen,Snellen is a Dutch surname.
Snoopy,Snoopy is an anthropomorphic beagle in the comic strip Peanuts by Charles M. Schulz.
Snow,"Snow comprises individual ice crystals that grow while suspended in the atmosphere—usually within clouds—and then fall, accumulating on the ground where they undergo further changes."
Socrates,Socrates (; Greek: Σωκράτης; c. 470–399 BC) was a Greek philosopher from Athens who is credited as the founder of Western philosophy and among the first moral philosophers of the ethical tradition of thought.
Sofia,"Sofia ( SOH-fee-ə, SOF-; Bulgarian: София, romanized: Sofiya, IPA: [ˈsɔfijɐ] ) is the capital and largest city of Bulgaria."
Soho,"Soho is an area of the City of Westminster, part of the West End of London."
Soissons,"Soissons (French pronunciation: [swasɔ̃]) is a commune in the northern French department of Aisne, in the region of Hauts-de-France."
Sokoro,Sokoro is a town near the northwestern extremity of Ivory Coast.
Solanaceae,"The Solanaceae (), or the nightshades, are a family of flowering plants that ranges from annual and perennial herbs to vines, lianas, epiphytes, shrubs, and trees, and includes a number of agricultural crops, medicinal plants, spices, weeds, and ornamentals."
Solandra,"Solandra  is a genus of flowering plants in the nightshade family, Solanaceae."
Solanum,"Solanum is a large and diverse genus of flowering plants, which include three food crops of high economic importance: the potato, the tomato and the eggplant (aubergine, brinjal)."
Soleidae,"The true soles are a family, Soleidae, of flatfishes."
Soleirolia,"Soleirolia soleirolii (, syn."
Solenidae,"Solenidae, commonly called ""razor shells"", is a family of marine bivalve molluscs in the unassigned Euheterodonta."
Solenogastres,"The Solenogastres (less often referred to as Neomeniomorpha), common name the solenogasters, are one class of small, worm-like, shell-less molluscs (Aplacophora), the other class being the Caudofoveata (Chaetodermomorpha).Some recent literature, and recent molecular evidence, indicates that the Aplacophora may be polyphyletic, and therefore these taxonomists divide Solenogastres and Caudofoveata into separate classes."
Solenostemon,Solenostemon is a former genus of flowering plants in the family Lamiaceae.
Solferino,"Solferino (Upper Mantovano: Sulfrì) is a small town and municipality in the province of Mantua, Lombardy, northern Italy, approximately 10 kilometres (6.2 mi) south of Lake Garda."
Solidago,"Solidago, commonly called goldenrods, is a genus of about 100 to 120 species of flowering plants in the family Asteraceae."
Solingen,"Solingen (German pronunciation: [ˈzoːlɪŋən] ; Limburgish: Solich) is a city in North Rhine-Westphalia, Germany."
Solomon,"Solomon (), also called Jedidiah, was a monarch of ancient Israel and the son and successor of King David, according to the Hebrew Bible and the Old Testament."
Solresol,"Solresol (Solfège: Sol-Re-Sol), originally called Langue universelle and then Langue musicale universelle, is a constructed language devised by François Sudre, beginning in 1827."
Somalia,"Somalia, officially the Federal Republic of Somalia (Somali: Jamhuuriyadda Federaalka Soomaaliya; Arabic: جمهورية الصومال الفيدرالية), is a country in the Horn of Africa."
Sombrero,"A sombrero (Spanish for 'hat', lit. 'shadower'; Spanish: [somˈbɾeɾo]) is a type of wide-brimmed Mexican men's hat used to shield the face and eyes from the sun."
Somerset,"Somerset (  SUM-ər-sit, -⁠set; archaically Somersetshire  SUM-ər-sit-sheer, -⁠set-, -⁠shər) is a ceremonial county in South West England."
Son,A son is a male offspring; a boy or a man in relation to his parents.
Sonchus,Sonchus is a genus of flowering plants in the tribe Cichorieae within the family Asteraceae and are commonly known as sow thistles (less commonly hare thistles or hare lettuces).
Song,A song is a musical composition performed by the human voice.
Sonora,"Sonora (Spanish pronunciation: [soˈnoɾa] ), officially Estado Libre y Soberano de Sonora (English: Free and Sovereign State of Sonora), is one of the 31 states which, along with Mexico City, comprise the Federal Entities of Mexico."
Sontag,Sontag is a surname.
Sophist,"A sophist (Greek: σοφιστής, romanized: sophistēs) was a teacher in ancient Greece in the fifth and fourth centuries BCE. Sophists specialized in one or more subject areas, such as philosophy, rhetoric, music, athletics and mathematics."
Sophocles,Sophocles (c.
Sophora,Sophora is a genus of about 45 species of small trees and shrubs in the pea family Fabaceae.
Sorbus,"Sorbus is a genus of over 100 species of trees and shrubs in the rose family, Rosaceae."
Sorensen,"Sorensen, or Sorenson, is a surname of Danish origin."
Sorex,"The genus Sorex includes many of the common shrews of Eurasia and North America, and contains at least 142 known species and subspecies."
Sorghum,Sorghum () or broomcorn is a genus of about 25 species of flowering plants in the grass family (Poaceae).
Sousse,"Sousse or Soussa (Arabic: سوسة, /suː.sa/) is a city in Tunisia, capital of the Sousse Governorate."
South,South is one of the cardinal directions or compass points.
Soweto,"Soweto () is a township of the City of Johannesburg Metropolitan Municipality in Gauteng, South Africa, bordering the city's mining belt in the south."
Spain,"Spain (Spanish: España, [esˈpaɲa] ), or the Kingdom of Spain (Reino de España), is a country located in Southwestern Europe, with parts of its territory in the Atlantic Ocean, the Mediterranean Sea and Africa."
Spalacidae,"The Spalacidae, or spalacids, are a family of rodents in the large and complex superfamily Muroidea."
Spalax,"Spalax is a genus of rodent in the family Spalacidae, subfamily Spalacinae (blind mole-rats)."
Spandau,"Spandau (German: [ˈʃpandaʊ̯] ) is the westernmost of the 12 boroughs (Bezirke) of Berlin, situated at the confluence of the Havel and Spree rivers and extending along the western bank of the Havel."
Sparaxis,Sparaxis is a genus of flowering plants called the harlequin flowers.
Sparganiaceae,Sparganiaceae is a family of flowering plants.
Sparganium,"Sparganium (bur-reed) is a genus of flowering plants, described as a genus by Linnaeus in 1753."
Sparidae,"Sparidae is a family of ray-finned fishes belonging to the order Spariformes, the sea breams and porgies, although they were traditionally classified in the order Perciformes."
Sparta,Sparta was a prominent city-state in Laconia in ancient Greece.
Spartina,"Spartina is a genus of plants in the grass family, frequently found in coastal salt marshes."
Spartium,"Spartium junceum, known as Spanish broom, rush broom, or weaver's broom, it is a species of flowering plant in the family Fabaceae and the sole species in the genus Spartium."
Spatangoida,The heart urchins or Spatangoida are an order of sea urchins.
Speer,Speer is a surname.
Speke,Speke () is a suburb of Liverpool.
Spender,"Spender is a British television police procedural drama, created by Ian La Frenais and Jimmy Nail, that first broadcast on 8 January 1991 on BBC1."
Spengler,"Spengler is a German-language occupational surname, literally meaning ""metal worker"" or ""tin knocker""."
Spergula,Spergula is a genus of flowering plants in the family Caryophyllaceae.
Spergularia,"Spergularia is a genus in the family Caryophyllaceae, containing salt-tolerant plants known as sandspurrys (or sandspurries) and sea-spurreys."
Spermophilus,Spermophilus is a genus of ground squirrels in the squirrel family.
Sphaeralcea,Sphaeralcea is a genus of flowering plants in the mallow family (Malvaceae).
Sphaerocarpaceae,Sphaerocarpaceae is a family of liverworts known as bottle liverworts.
Sphaerocarpales,Sphaerocarpales is an order of plants within the liverworts.
Sphaerocarpos,Sphaerocarpos is a genus of plants known as bottle liverworts.
Sphagnales,"The Sphagnales is an order of mosses with four living genera: Ambuchanania, Eosphagnum, Flatbergium, and Sphagnum."
Sphecidae,"The Sphecidae are a cosmopolitan family of wasps of the suborder Apocrita that includes  sand wasps, mud daubers, and other thread-waisted wasps."
Sphecius,"Cicada killer wasps (genus Sphecius) are large, solitary, ground-dwelling, predatory wasps."
Sphingidae,"The Sphingidae are a family of moths commonly called sphinx moths, also colloquially known as hawk moths, with many of their caterpillars known as ""hornworms""; it includes about 1,450 species."
Sphinx,"A sphinx ( SFINKS, Ancient Greek: σφίγξ, Greek: [spʰíŋks]; Boeotian: φίξ, Greek: [pʰíːks]; pl.: sphinxes or sphinges) is a mythical creature with the head of a human, the body of a lion, and the wings of an eagle."
Sphyrna,Sphyrna is a genus of hammerhead sharks with a cosmopolitan distribution in the world's oceans.
Spica,Spica is the brightest object in the constellation of Virgo and one of the 20 brightest stars in the night sky.
Spinacia,Spinacia is a flowering plant genus in the subfamily Chenopodioideae of the family Amaranthaceae.
Spiraea,"Spiraea , sometimes spelled spirea in common names, and commonly known as meadowsweets or steeplebushes, is a genus of about 80 to 100 species of shrubs in the family Rosaceae."
Spiranthes,Spiranthes is a genus of orchids in the subfamily Orchidoideae.
Spirillaceae,"Spirillaceae is a family in the order Nitrosomonadales in the class Betaproteobacteria of the bacteria.Only one genus, Spirillum, has been described in this family."
Spirochaeta,Spirochaeta is a genus of bacteria classified within the phylum Spirochaetota.
Spirochaetaceae,The Spirochaetaceae are a family of spirochete bacteria.
Spirochaetales,The Spirochaetales are an order of spirochete bacteria.
Spirodela,"Spirodela is a genus of aquatic plants,  one of several genera containing plants commonly called duckweed."
Spitsbergen,"Spitsbergen (Urban East Norwegian: [ˈspɪ̀tsˌbærɡn̩]; formerly known as West Spitsbergen; Norwegian: Vest Spitsbergen or Vestspitsbergen [ˈvɛ̂stˌspɪtsbærɡn̩], also sometimes spelled Spitzbergen), is the largest and the only permanently populated island of the Svalbard archipelago in northern Norway."
Spizella,"The genus Spizella is a group of American sparrows in the family Passerellidae.These birds are fairly small and slim, with short bills, round heads and long wings."
Spock,Spock is a fictional character in the Star Trek media franchise.
Spode,"Spode is an English brand of pottery and homewares produced by the company of the same name, which is based in Stoke-on-Trent, England."
Spodoptera,Spodoptera is a genus of moths of the family Noctuidae erected by Achille Guenée in 1852.
Spondias,"Spondias is a genus of flowering plants in the cashew family, Anacardiaceae."
Spork,A spork is a form of cutlery and combination utensil taking the form of a spoon-like scoop with two to four fork-like tines.
Sporobolus,Sporobolus is a nearly cosmopolitan genus of plants in the grass family.
Squalidae,"Squalidae, more commonly known as dogfish, dog sharks, or spiny dogfish, are one of several families of sharks categorized under Squaliformes, making it the second largest order of sharks, numbering 119 species across 7 families."
Squamata,"Squamata (, Latin squamatus, 'scaly, having scales') is the largest order of reptiles, comprising lizards and snakes."
Squillidae,"Squillidae is a family of mantis shrimp, the only family in the superfamily Squilloidea."
Stabroek,"Georgetown, Guyana was known as Stabroek prior to 1812."
Stachys,"Stachys is a genus of plants, one of the largest in the mint family Lamiaceae."
Staffa,"Staffa (Scottish Gaelic: Stafa, pronounced [ˈs̪t̪afa], from the Old Norse for stave or pillar island) is an island of the Inner Hebrides in Argyll and Bute, Scotland."
Stalinism,Stalinism is the means of governing and Marxist–Leninist policies implemented in the Soviet Union (USSR) from 1927 to 1953 by Joseph Stalin.
Staphylea,"Staphylea, called bladdernuts, is a small genus of 10 or 11 species of flowering plants in the family Staphyleaceae, native to temperate regions of the Northern Hemisphere."
Stavanger,"Stavanger (, UK also , US usually , Norwegian: [stɑˈvɑ̀ŋːər] ) is a city and municipality in Norway."
Steichen,Steichen is a surname.
Steinberg,Steinberg Media Technologies GmbH (trading as Steinberg) is a German musical software and hardware company based in Hamburg.
Steinman,Steinman is a surname.
Stellaria,"Stellaria is a genus of about 190 species of flowering plants in the family Caryophyllaceae, with a cosmopolitan distribution."
Stellite,"""Stellite"" is a registered trademark of Kennametal Inc."
Stendhal,"Marie-Henri Beyle (French: [bɛl]; 23 January 1783 – 23 March 1842), better known by his pen name Stendhal (UK: , US: ; French: [stɛ̃dal, stɑ̃dal]), was a 19th-century French writer."
Stengel,Stengel is a surname.
Stenocarpus,Stenocarpus is a genus of about 22 species of flowering plants in the family Proteaceae.
Stenochlaena,Stenochlaena is a genus of ferns of the plant family Blechnaceae.
Stenopelmatidae,"Stenopelmatidae is a family of large, mostly flightless orthopterans that includes the Jerusalem crickets."
Stenopelmatus,"Stenopelmatus is one of two genera of large, flightless insects referred to commonly as Jerusalem crickets (or ""potato bugs"")."
Stenotaphrum,Stenotaphrum is a widespread genus of plants in the grass family.
Stentor,"In Greek mythology, Stentor (Ancient Greek: Στέντωρ; gen.: Στέντορος) was a herald of the Greek forces during the Trojan War."
Stephanomeria,"Stephanomeria is a genus of North American plants also known as wirelettuce, belonging to the tribe Cichorieae within the family Asteraceae.Stephanomeria species are used as food plants by the larvae of some Lepidoptera species including Schinia scarletina, which feeds exclusively on the genus."
Stephen,Stephen or Steven is a common English first name.
Stephenson,"Stephenson is a medieval patronymic surname meaning ""son of Stephen""."
Sterculiaceae,Sterculiaceae was a family of flowering plant based on the genus Sterculia.
Stereospondyli,The Stereospondyli are a group of extinct temnospondyl amphibians that existed primarily during the Mesozoic period.
Stern,"The stern is the back or aft-most part of a ship or boat, technically defined as the area built up over the sternpost, extending upwards from the counter rail to the taffrail."
Sterna,Sterna is a genus of terns in the bird family Laridae.
Sternotherus,Sternotherus is a genus of turtles in the family Kinosternidae including six species commonly known as musk turtles.
Sterope,"Sterope (; Ancient Greek: Στερόπη, [sterópɛː], from στεροπή, steropē, lightning) was the name of several individuals in Greek mythology:

Sterope (or Asterope), one of the Pleiades and the wife of Oenomaus (or his mother by Ares)."
Stetson,Stetson is an American brand of hat manufactured by the John B. Stetson Company.
Stevenson,"Stevenson is an English language patronymic surname meaning ""son of Steven""."
Stichaeidae,"Stichaeidae, the pricklebacks or shannies, are a family of marine ray-finned fishes in the suborder Zoarcoidei of the order Scorpaeniformes."
Sticherus,Sticherus  is a genus of about 80–90 species of fern.In Australia they are commonly referred to as shield ferns.
Stilton,"Stilton is a village and civil parish in Cambridgeshire, England, about 12 miles (19 km) north of Huntingdon in Huntingdonshire, which is a non-metropolitan district of Cambridgeshire as well as a historic county of England."
Stinger,"A stinger (or sting) is a sharp organ found in various animals (typically insects and other arthropods) capable of injecting venom, usually by piercing the epidermis of another animal."
Stockholm,Stockholm (Swedish: [ˈstɔ̂kː(h)ɔlm] ) is the capital and most populous city of Sweden as well as the largest urban area in the Nordic countries.
Stoicism,Stoicism is a school of Hellenistic philosophy that flourished in Ancient Greece and Ancient Rome.
Stokowski,"Stokowski (feminine: Stokowska, plural: Stokowscy) is a Polish-language surname."
Stonehenge,"Stonehenge is a prehistoric monument on Salisbury Plain in Wiltshire, England, two miles (3 km) west of Amesbury."
Storeria,Storeria is a genus of snakes in the subfamily Natricinae of the family Colubridae.
Strachey,Strachey is a surname.
Stradivarius,"A Stradivarius is one of the violins, violas, cellos and other string instruments built by members of the Italian family Stradivari, particularly Antonio Stradivari (Latin: Antonius Stradivarius), during the 17th and 18th centuries."
Strasberg,Strasberg is a surname.
Strasbourg,"Strasbourg (UK: , US: , French: [stʁasbuʁ] ; German: Straßburg [ˈʃtʁaːsbʊʁk] ;) is the prefecture and largest city of the Grand Est region of eastern France."
Strauss,"Strauss, Strauß or Straus is a common Germanic surname."
Strelitzia,"Strelitzia  is a genus of five species of perennial plants, native to South Africa."
Strelitziaceae,"The Strelitziaceae comprise a family of monocotyledonous flowering plants, very similar in appearance and growth habit to members of the related families Heliconiaceae and Musaceae (banana family)."
Streptomycetaceae,"Streptomycetaceae is a family of the class Actinomycetota, making up the monotypic order Streptomycetales."
Streptopelia,Streptopelia is a genus of birds in the pigeon and dove family Columbidae.
Streptosolen,Streptosolen is a monotypic genus of flowering plants in the family Solanaceae.
Strobilomyces,Strobilomyces is a genus of boletes (mushrooms having a spongy mass of pores under the cap).
Stroheim,Stroheim is a municipality in the district of Eferding in the Austrian state of Upper Austria.
Stromateidae,The family Stromateidae or butterfish contains 15 species of fish in three genera.
Strombidae,"Strombidae, commonly known as the true conchs, is a taxonomic family of medium-sized to very large sea snails in the superfamily Stromboidea, and the Epifamily Neostromboidae."
Strombus,"Strombus is a genus of medium to large sea snails, marine gastropod molluscs in the family Strombidae, which comprises the true conchs and their immediate relatives."
Strongylodon,"Strongylodon is a genus of flowering plants in the legume family, Fabaceae."
Stropharia,The genus Stropharia (sometimes known by the common name roundheads) is a group of medium to large agarics with a distinct membranous ring on the stipe.
Strophariaceae,The Strophariaceae are a family of fungi in the order Agaricales.
Struthionidae,"Struthionidae (; from Latin  strūthiō 'ostrich', and Ancient Greek  εἶδος (eîdos) 'appearance, resemblance') is a family of flightless birds, containing the extant ostriches and their extinct relatives."
Struthioniformes,"Struthioniformes is an order of birds with only a single extant family, Struthionidae, containing the ostriches."
Sturmabteilung,"The Sturmabteilung (German: [ˈʃtʊʁmʔapˌtaɪlʊŋ] ; SA; literally ""Storm Division"" or Storm Troopers) was the original paramilitary wing of the Nazi Party."
Sturnella,The genus Sturnella are North American grassland birds called meadowlarks.
Sturnus,Sturnus is a genus of starlings.
Stuttgart,Stuttgart (German: [ˈʃtʊtɡaʁt] ; Swabian: Schduagert [ˈʒ̊d̥ua̯ɡ̊ɛʕd̥]; names in other languages) is the capital and largest city of the German state of Baden-Württemberg.
Stylophorum,Stylophorum (celandine-poppy) is a genus of three species of herbaceous perennial plants native to woodland in eastern North America and China.
Styphelia,"Styphelia is a genus of shrubs in the family Ericaceae, native from Indo-China through the Pacific to Australia."
Styracaceae,"The Styracaceae are a small family of flowering plants in the order Ericales, containing 12 genera and about 160 species of trees and shrubs."
Styrofoam,"Styrofoam is a trademarked brand of closed-cell extruded polystyrene foam (XPS), manufactured to provide continuous building insulation board used in walls, roofs, and foundations as thermal insulation and as a water barrier."
Styx,"In Greek mythology, Styx (; Ancient Greek: Στύξ [stýks]; lit."
Subularia,Subularia is a genus of plants in the family Brassicaceae.
Sucre,"Sucre (Spanish: [ˈsukɾe]) is the de jure capital city of Bolivia, the capital of the Chuquisaca Department and the sixth most populous city in Bolivia."
Sudan,"Sudan (English:   soo-DAHN or  soo-DAN; Arabic: السودان, romanized: Sūdān), officially the Republic of the Sudan (Arabic: جمهورية السودان, romanized: Jumhūriyyat as-Sūdān), is a country in Northeast Africa."
Suez,"Suez (Arabic: السويس as-Suways; Egyptian Arabic pronunciation: [esseˈweːs]) is a seaport city (population of about 700,000 as of August 2021) in north-eastern Egypt, located on the north coast of the Gulf of Suez on the Red Sea, near the southern terminus of the Suez Canal, and is the capital of the  Suez Governorate."
Sufism,"Sufism (Arabic: الصُّوفِيَّة‎ aṣ-ṣūfiyya), also known as Tasawwuf (التَّصَوُّف‎ at-taṣawwuf), is a mystic body of religious practice found within Islam which is characterized by a focus on Islamic purification, spirituality, ritualism, asceticism, and esotericism."
Suharto,"Suharto ( soo-HAR-toh, Indonesian: [suˈharto] ; 8 June 1921 – 27 January 2008) was an Indonesian army officer and politician, who served as the second and the longest serving president of Indonesia."
Suidae,"Suidae is a family of artiodactyl mammals which are commonly called pigs, hogs or swine."
Suillus,Suillus is a genus of basidiomycete fungi in the family Suillaceae and order Boletales.
Sukarno,"Sukarno ( soo-KAR-noh, Indonesian: [suˈkarno]; born Koesno Sosrodihardjo, Javanese: [ˈkʊs.nɔ sɔ.srɔ.di.har.dʒɔ]; 6 June 1901 – 21 June 1970) was an Indonesian statesman, orator, revolutionary, and nationalist who was the first president of Indonesia, serving from 1945 to 1967."
Sukur,Sukur or Sukur Cultural Landscape is a UNESCO World Heritage Site located on a hill above the village of Sukur in the  Adamawa State  of Nigeria.
Sulawesi,"Sulawesi ( SOO-lə-WAY-see), also known as Celebes ( SEL-ib-eez, sə-LEE-beez), is an island in Indonesia."
Sulidae,The bird family Sulidae comprises the gannets and boobies.
Sulla,"Lucius Cornelius Sulla Felix (; 138–78 BC), commonly known as Sulla, was a Roman general and statesman."
Sumatra,Sumatra () is one of the Sunda Islands of western Indonesia.
Sumer,"Sumer () is the earliest known civilization in the historical region of southern Mesopotamia (now south-central Iraq), emerging during the Chalcolithic and early Bronze Ages between the sixth and fifth millennium BC. Like nearby Elam, it is one of the cradles of civilization, along with Egypt, the Indus Valley, the Erligang culture of the Yellow River valley, Caral-Supe, and Mesoamerica."
Sun,The Sun is the star at the center of the Solar System.
Sundacarpus,"Sundacarpus is a monotypic genus of conifers containing a single species Sundacarpus amarus, belonging to the family Podocarpaceae."
Sunday,Sunday is the day of the week between Saturday and Monday.
Sunderland,"Sunderland ( ) is a port city in Tyne and Wear, North East England."
Sunnah,"In Islam, sunnah, also spelled sunna (Arabic: سنة), are the traditions and practices of the Islamic prophet Muhammad that constitute a model for Muslims to follow."
Superfund,"Superfund is a United States federal environmental remediation program established by the Comprehensive Environmental Response, Compensation, and Liability Act of 1980 (CERCLA)."
Suricata,Suricata is a genus of mongoose that is endemic to Africa.
Suriname,"Suriname (  SOOR-ih-NAM, -⁠NAHM, Dutch: [syːriˈnaːmə] ), officially the Republic of Suriname (Dutch: Republiek Suriname [reːpyˌblik ˌsyːriˈnaːmə]), is a sovereign state in northern South America."
Surnia,"Surnia is a genus of owl that contains a single living species, the northern hawk-owl (Surnia ulula)."
Surrey,Surrey () is a ceremonial county in South East England and one of the home counties.
Surya,"Surya (;Sanskrit: सूर्य, IAST: Sūrya) is the Sun as well as the solar deity in Hinduism."
Susa,"Susa ( SOO-sə; Middle Elamite: 𒀸𒋗𒊺𒂗, romanized: Šušen; Middle and Neo-Elamite: 𒋢𒋢𒌦, romanized: Šušun; Neo-Elamite and Achaemenid Elamite: 𒀸𒋗𒐼𒀭, romanized: Šušan; Achaemenid Elamite: 𒀸𒋗𒐼, romanized: Šuša; Persian: شوش Šuš [ʃuʃ]; Hebrew: שׁוּשָׁן Šūšān; Greek: Σοῦσα Soûsa; Syriac: ܫܘܫ Šuš; Middle Persian: 𐭮𐭥𐭱𐭩 Sūš or 𐭱𐭥𐭮 Šūs; Old Persian: 𐏂𐎢𐏁𐎠 Çūšā) was an ancient city in the lower Zagros Mountains about 250 km (160 mi) east of the Tigris, between the Karkheh and Dez Rivers in modern day Iran."
Sussex,Sussex (; from the Old English Sūþsēaxe; lit. 'South Saxons') is a cultural region of England on the nation's south coast.
Sutherland,"Sutherland (Scottish Gaelic: Cataibh) is a historic county, registration county and lieutenancy area in the Highlands of Scotland."
Suva,Suva (Fijian pronunciation: [ˈsuβa]; Fiji Hindi: सुवा) is the capital and largest city of Fiji.
Svalbard,"Svalbard ( SVAHL-bar, Urban East Norwegian: [ˈsvɑ̂ːɫbɑr]), previously known as Spitsbergen or Spitzbergen, is a Norwegian archipelago in the Arctic Ocean."
Svedberg,"A Svedberg unit or svedberg (symbol S, sometimes Sv) is a non-SI metric unit for sedimentation coefficients."
Svengali,Svengali () is a character in the novel Trilby which was first published in 1894 by George du Maurier.
Sverdrup,"In oceanography, the sverdrup (symbol: Sv) is a non-SI metric unit of volumetric flow rate, with 1 Sv equal to 1 million cubic metres per second (264,172,052 US gal/s)."
Swainsona,"Swainsona is a genus of about 85 species of flowering plants in the family Fabaceae, and is endemic to Australia."
Swansea,Swansea (; Welsh: Abertawe [abɛrˈtawɛ]) is a coastal city and the second-largest city of Wales.
Swanson,"Swanson is a  brand of TV dinners, broths, and canned poultry made for the North American and Hong Kong markets."
Sweden,"Sweden, formally the Kingdom of Sweden, is a Nordic country located on the Scandinavian Peninsula in Northern Europe."
Swertia,Swertia is a genus in the gentian family containing plants sometimes referred to as the felworts.
Switzerland,"Switzerland, officially the Swiss Confederation, is a landlocked country located at the confluence of Western, Central and Southern Europe."
Sydney,"Sydney is the capital city of the state of New South Wales, and the most populous city in Australia."
Sylviidae,Sylviidae is a family of passerine birds that includes the typical warblers and a number of babblers formerly placed within the Old World babbler family.
Symonds,"Symonds is a surname with English origins, derived from Simon."
Symons,"Symons is a surname which may refer to:


== Arts and entertainment ==
A. J. A. Symons (1900–1941), English author
Arthur Symons (1865–1945), English poet
Elaine Symons (born 1974), Irish actress
Emily Symons (born 1969), Australian actress
George Gardner Symons (1861–1930), American painter
Jane Symons (born 1959), Australian media consultant, journalist and author
Julian Symons (1912–1994), English author
Kevin Symons (born 1971), US actor
Mel Symons (f."
Symphoricarpos,"Symphoricarpos, commonly known as the snowberry, waxberry, or ghostberry, is a small genus of about 15 species of deciduous shrubs in the honeysuckle family, Caprifoliaceae."
Symphyla,"Symphylans, also known as garden centipedes or pseudocentipedes, are soil-dwelling arthropods of the class Symphyla in the subphylum Myriapoda."
Symphytum,"Symphytum is a genus of flowering plants in the borage family, Boraginaceae, known by the common name comfrey (pronounced )."
Symplocaceae,"Symplocaceae is a family of flowering plants in the order Ericales, including two genera, Symplocos and Cordyloblaste, totalling about 260 known species."
Symplocarpus,"Symplocarpus is a genus of flowering plants in the family Araceae, native to United States, Canada and eastern Asia."
Synagrops,"Synagrops is a genus of temperate ocean-basses native to the Indian, Atlantic and Pacific oceans."
Synchytriaceae,Synchytriaceae is a chytrid fungus family in the division Chytridiomycota.
Synchytrium,Synchytrium is a large genus of plant pathogens within the phylum Chytridiomycota.
Synge,Synge is an Irish surname.
Syngnathidae,"The Syngnathidae is a family of fish which includes seahorses, pipefishes, and seadragons (Phycodurus and Phyllopteryx)."
Syngnathus,"Syngnathus is a genus of fish in the family Syngnathidae found in marine, brackish and sometimes fresh waters of the Atlantic, Indian and Pacific Ocean."
Syngonium,"Syngonium  is a genus of flowering plants in the family Araceae, native to tropical rainforests in southern Mexico, the West Indies, Central and South America."
Synodontidae,"The Synodontidae or lizardfishes are benthic (bottom-dwelling) marine and estuarine bony fishes that belong to the aulopiform fish order, a diverse group of marine ray-finned fish consisting of some 15 extant and several prehistoric families."
Syria,"Syria, officially the Syrian Arab Republic, is a country in West Asia located in the Eastern Mediterranean and the Levant."
Syringa,Syringa is a genus of 12 currently recognized species of flowering woody plants in the olive family or Oleaceae called lilacs.
Syrrhaptes,Syrrhaptes is a genus of birds in the sandgrouse family.
Syzygium,"Syzygium () is a genus of flowering plants that belongs to the myrtle family, Myrtaceae."
TNT,"Trinitrotoluene (), more commonly known as TNT, more specifically 2,4,6-trinitrotoluene, and by its preferred IUPAC name 2-methyl-1,3,5-trinitrobenzene, is a chemical compound with the formula C6H2(NO2)3CH3."
Tabanidae,Horse-flies and deer flies are true flies in the family Tabanidae in the insect order Diptera.
Tabasco,"Tabasco (Spanish pronunciation: [taˈβasko] ), officially the Free and Sovereign State of Tabasco (Spanish: Estado Libre y Soberano de Tabasco), is one of the 32 Federal Entities of Mexico."
Tabernacle,"According to the Hebrew Bible, the tabernacle (Hebrew: מִשְׁכַּן, romanized: mīškān, lit. 'residence, dwelling place'), also known as the Tent of the Congregation (Hebrew: אֹהֶל מוֹעֵד, romanized: ’ōhel mō‘ēḏ, also Tent of Meeting), was the portable earthly dwelling used by the Israelites from the Exodus until the conquest of Canaan."
Tabernaemontana,Tabernaemontana is a genus of flowering plants in the family Apocynaceae.
Tabora,Tabora is the capital of Tanzania's Tabora Region and is classified as a municipality by the Tanzanian government.
Tabriz,"Tabriz (Persian: تبریز, pronounced [tæbˈɾiːz] ; Azerbaijani: تبریز) is a city in the Central District of Tabriz County, in the East Azerbaijan province of northwestern Iran."
Tacca,"The genus Tacca, which includes the batflowers and arrowroot, consists of flowering plants in the order Dioscoreales, native to tropical regions of South America, Africa, Australia, Southeast Asia, and various Oceanic islands."
Tachinidae,"The Tachinidae are a large and variable family of true flies within the insect order Diptera, with more than 8,200 known species and many more to be discovered."
Tachypleus,"Tachypleus is a genus of south, southeast and east Asian horseshoe crabs in the family Limulidae."
Tacitus,"Publius Cornelius Tacitus, known simply as Tacitus ( TAS-it-əs, Latin: [ˈtakɪtʊs]; c. AD 56 – c. 120), was a Roman historian and politician."
Tadarida,"The genus Tadarida has 9 or more species of free-tailed bats divided into two subgenera,  with the first of these containing seven species spread across the Old World (including southern Europe and North Africa, large parts of southern Asia, and India right across to Japan)."
Tadorna,"The shelducks, most species of which are found in the genus Tadorna (except for the Radjah shelduck, which is now found in its own monotypic genus Radjah), are a group of large birds in the Tadorninae subfamily of the Anatidae, the biological family that includes the ducks and most duck-like waterfowl such as the geese and swans."
Taeniidae,The Taeniidae  are a family of tapeworms.
Tagus,The Tagus ( TAY-gəs; Spanish: Tajo [ˈtaxo]; Portuguese: Tejo [ˈtɛʒu]; see below) is the longest river in the Iberian Peninsula.
Tahiti,Tahiti (English: ; Tahitian [taˈhiti]; French pronunciation: [ta.iti]; previously also known as Otaheite) is the largest island of the Windward group of the Society Islands in French Polynesia.
Taichung,"Taichung (, Wade–Giles: Tʻai²-chung¹, pinyin: Táizhōng), officially Taichung City, is a special municipality located in central Taiwan."
Taif,"Taif (Arabic: اَلطَّائِفُ‎, romanized: al-Taif, lit. 'The circulated or encircled', Hejazi Arabic pronunciation: [atˤˈ tˤaː(j)ɪf]) is a city and governorate in the Mecca Province of Saudi Arabia."
Taipei,"Taipei (臺北  ), officially Taipei City, is the capital and a special municipality of  Taiwan."
Taiwan,"Taiwan, officially the Republic of China (ROC), is a country in East Asia."
Taiyuan,"Taiyuan (; ; Chinese: 太原; pinyin: Tàiyuán; Mandarin pronunciation: [tʰâɪ.ɥɛ̌n]; also known as Bīng (并), Jìnyáng (晋阳)) is the capital and largest city of Shanxi Province, People's Republic of China."
Tajikistan,"Tajikistan, officially the Republic of Tajikistan, is a landlocked country in Central Asia."
Takelma,The Takelma (also Dagelma) are a Native American people who originally lived in the Rogue Valley of interior southwestern Oregon.
Talbot,Talbot is a dormant automobile marque introduced in 1902 by British-French company Clément-Talbot.
Taliban,"The Taliban (; Pashto: طَالِبَانْ, romanized: ṭālibān, lit. 'students'), which also refers to itself by its state name, the Islamic Emirate of Afghanistan, is a militant organization in Afghanistan with an ideology comprising elements of Pashtun nationalism and the Deobandi current of Islamic fundamentalism."
Talinum,Talinum is a genus of herbaceous succulent plants in the family Talinaceae (formerly in the family Portulacaceae) whose common names include fameflower.
Tallchief,Tallchief is a surname.
Tallinn,Tallinn () is the capital and most populous city of Estonia.
Talmud,"The Talmud (; Hebrew: תַּלְמוּד‎, romanized: Talmūḏ, lit. 'teaching') is the central text of Rabbinic Judaism and the primary source of Jewish religious law (halakha) and Jewish theology."
Talpidae,The family Talpidae () includes the moles (some of whom are called shrew moles and desmans) who are small insectivorous mammals of the order Eulipotyphla.
Tamale,"A tamale, in Spanish tamal, is a traditional Mesoamerican dish made of masa, a dough made from nixtamalized corn, which is steamed in a corn husk or banana leaves."
Tamaricaceae,"The Tamaricaceae, the tamarisk family, are a family of plants native to drier areas of Europe, Asia, and Africa."
Tamarix,"The genus Tamarix (tamarisk, salt cedar, taray) is composed of about 50–60 species of flowering plants in the family Tamaricaceae, native to drier areas of Eurasia and Africa."
Tamburlaine,Tamburlaine the Great is a play in two parts by Christopher Marlowe.
Tamias,Tamias is a genus of chipmunks in the tribe Marmotini of the squirrel family.
Tamm,"Tamm is a Stadt (town) in the district of Ludwigsburg, Baden-Württemberg, Germany."
Tampax,Tampax (a portmanteau of tampon and packs) is a brand of tampons currently owned by Procter & Gamble.
Tampere,"Tampere ( TAM-pər-ay, US also  TAM-pər-ə, TAHM-pər-ay, Finnish: [ˈtɑmpere] ; Swedish: Tammerfors, Finland Swedish: [tɑmærˈforsː] ) is a city in the Pirkanmaa region, located in the western part of Finland."
Tampico,Tampico is a city and port in the southeastern part of the Mexican state of Tamaulipas.
Tanacetum,"Tanacetum is a genus of about 160 species of flowering plants in the aster family, Asteraceae, native to many regions of the Northern Hemisphere."
Tancred,"Tancred or Tankred is a masculine given name of Germanic origin that comes from thank- (thought) and -rath (counsel), meaning ""well-thought advice""."
Tangier,"Tangier ( tan-JEER; Arabic: طنجة, romanized: Ṭanjah, [tˤandʒa], [tˤanʒa]; Berber languages: ⵟⴰⵏⵊⴰ, romanized: Ṭanja) is a city in northwestern Morocco, on the coasts of the Mediterranean Sea and the Atlantic Ocean."
Tangshan,"Tangshan (Chinese: 唐山; pinyin: Tángshān) is a coastal, industrial prefecture-level city in the northeast of Hebei province."
Tantalus,"Tantalus (Ancient Greek: Τάνταλος Tántalos), also called Atys, was a Greek mythological figure, most famous for his punishment in Tartarus: for trying to trick the gods into eating his son, he was made to stand in a pool of water beneath a fruit tree with low branches, with the fruit ever eluding his grasp, and the water always receding before he could take a drink."
Tantilla,Tantilla is a large genus of harmless New World snakes in the family Colubridae.
Tantra,"Tantra (; Sanskrit: तन्त्र, lit. 'expansion-device, salvation-spreader; loom, weave, warp') is an  esoteric yogic tradition that developed on the Indian subcontinent from the middle of the 1st millennium CE onwards in both Hinduism and Buddhism.The term tantra, in the Indian traditions, also means any systematic broadly applicable ""text, theory, system, method, instrument, technique or practice""."
Tanzania,"Tanzania ( TAN-zə-NEE-ə; Swahili: [tanzaˈni.a]), officially the United Republic of Tanzania (Swahili: Jamhuri ya Muungano wa Tanzania), is a country in East Africa within the African Great Lakes region."
Tanzim,"Tanzim (Arabic: التنظيم Al-Tanẓīm, ""The Organization"") is a militant faction of the Palestinian Fatah movement."
Tao,"In Taoism and related traditions, the Tao is the natural way of the universe, whose character one's intuition must discern to realize the potential for individual wisdom, as conceived in the context of East Asian philosophy, religion, and related traditions."
Taoism,"Taoism or Daoism (  or  ) is a diverse tradition indigenous to China, variously characterized as both a philosophy and a religion."
Tapirus,Tapirus is a genus of tapir which contains the living tapir species.
Tarawa,"Tarawa is an atoll and the capital of the Republic of Kiribati, in the Micronesia region of the central Pacific Ocean."
Taraxacum,"Taraxacum () is a large genus of flowering plants in the family Asteraceae, which consists of species commonly known as dandelions."
Taricha,The genus Taricha consists of four species of highly toxic newts in the family Salamandridae.
Tarsius,"Tarsius is a genus of tarsiers, small primates native to islands of Southeast Asia."
Tartarus,"In Greek mythology, Tartarus (; Ancient Greek: Τάρταρος, romanized: Tártaros) is the deep abyss that is used as a dungeon of torment and suffering for the wicked and as the prison for the Titans."
Tartary,"Tartary (Latin: Tartaria; French: Tartarie; German: Tartarei; Russian: Тартария, romanized: Tartariya) or Tatary (Russian: Татария, romanized: Tatariya) was a blanket term used in Western European literature and cartography for a vast part of Asia bounded by the Caspian Sea, the Ural Mountains, the Pacific Ocean, and the northern borders of China, India and Persia, at a time when this region was largely unknown to European geographers."
Tartu,Tartu is the second largest city in Estonia after Tallinn.
Tartuffe,"Tartuffe, or The Impostor, or The Hypocrite (; French: Tartuffe, ou l'Imposteur, pronounced [taʁtyf u lɛ̃pɔstœʁ]), first performed in 1664, is a theatrical comedy by Molière."
Tarzan,"Tarzan (John Clayton II, Viscount Greystoke) is a fictional character, a feral child raised in the African jungle by the Mangani great apes; he later experiences civilization, only to reject it and return to the wild as a heroic adventurer."
Tashkent,"Tashkent (, US also ; Russian: Ташкент, IPA: [tɐʂˈkʲent] ) or Toshkent (; Uzbek: Тошкент / تاشکند, IPA: [tɒʃˈkent]); historically known as Chach, Shash, Binkat) is the capital and largest city of Uzbekistan."
Tasmania,Tasmania (; Palawa kani: lutruwita) is an island state of Australia.
Tate,"Tate is an institution that houses, in a network of four art galleries, the United Kingdom's national collection of British art, and international modern and contemporary art."
Taurotragus,"Taurotragus is a genus of large antelopes of the African savanna, commonly known as elands."
Tautoga,"The tautoga (pronounced [tauˈtoŋa]) is considered the most formal and restrained style of Rotuman dance, usually seen performed in large festivities or ceremonies (called kato'aga, a term summing up all traditional Rotuman ceremonies), or in public opportunities to showcase Rotuman culture."
Tawney,Tawney is a surname that refers to:
Taxaceae,"Taxaceae (), commonly called the yew family, is a coniferous family which includes six extant and two extinct genera, and about 30 species of plants, or in older interpretations three genera and 7 to 12 species."
Taxales,"The plant order Taxales was until recently treated as a distinct order in the division Pinophyta, class Pinopsida, and included only those species in the family Taxaceae, known commonly as yews."
Taxodiaceae,Taxodiaceae is a formerly recognized conifer family.
Taxodium,"Taxodium  is a genus of one to three species (depending on taxonomic opinion) of extremely flood-tolerant conifers in the cypress family, Cupressaceae."
Taxus,Taxus is a genus of coniferous trees or shrubs known as yews in the family Taxaceae.
Tbilisi,"Tbilisi (English:   tə-bil-EE-see, tə-BIL-iss-ee; Georgian: თბილისი, pronounced [ˈtʰbilisi] ), in some languages still known by its pre-1936 name Tiflis (  TIF-liss), (Georgian: ტფილისი, romanized: t'pilisi) is the capital and largest city of Georgia, lying on the banks of the Kura River with a population of around 1.2 million people."
Teasdale,Teasdale is a surname.
Tebaldi,Tebaldi is an Italian surname.
Tectaria,"Tectaria is a genus of fern in the family Tectariaceae, according to the Pteridophyte Phylogeny Group classification of 2016 (PPG I)."
Tectona,"Tectona is a genus of tropical hardwood trees in the mint family, Lamiaceae."
Tecumseh,"Tecumseh ( tih-KUM-sə, -⁠see; c. 1768 – October 5, 1813) was a Shawnee chief and warrior who promoted resistance to the expansion of the United States onto Native American lands."
Tegu,Tegu is a common name of a number of species of lizards that belong to the families Teiidae and Gymnophthalmidae.
Tegucigalpa,"Tegucigalpa (UK:  US:  Spanish: [teɣusiˈɣalpa])—formally Tegucigalpa, Municipality of the Central District (Spanish: Tegucigalpa, Municipio del Distrito Central or Tegucigalpa, M.D.C.), and colloquially referred to as Tegus or Teguz—is the capital and largest city of Honduras along with its sister city, Comayagüela.Claimed on 29 September 1578 by the Spaniards, Tegucigalpa became the Honduran capital on 30 October 1880, under President Marco Aurelio Soto, when he moved the seat of government from Comayagua, which had been the Honduran capital since its independence in 1841."
Tehran,Tehran (; Persian: تهران Tehrân [tehˈɾɒːn] ) is the capital and largest city of Iran and the largest city in Tehran Province.
Teiidae,Teiidae is a family of autarchoglossan lizards native to the Americas.
Teleprompter,"A teleprompter, also known as an autocue, is a display device that prompts the person speaking with an electronic visual text of a speech or script."
Telescopium,"Telescopium is a minor constellation in the southern celestial hemisphere, one of twelve named in the 18th century by French astronomer Nicolas-Louis de Lacaille and one of several depicting scientific instruments."
Tellima,"Tellima grandiflora, the bigflower tellima or fringecups, is a herbaceous perennial flowering plant in the family Saxifragaceae."
Temnospondyli,"Temnospondyli (from Greek τέμνειν, temnein 'to cut' and σπόνδυλος, spondylos 'vertebra') or temnospondyls is a diverse ancient order of small to giant tetrapods—often considered primitive amphibians—that flourished worldwide during the Carboniferous, Permian and Triassic periods, with fossils being found on every continent."
Templetonia,Templetonia is a genus of flowering plants in the family Fabaceae.
Temuco,"Temuco (Spanish pronunciation: [teˈmuko]) is a city and commune, capital of the Cautín Province and of the Araucanía Region in southern Chile."
Tenerife,Tenerife (; Spanish: [teneˈɾife]; formerly spelled Teneriffe) is the largest and most populous island of the Canary Islands.
Tennessee,"Tennessee (  TEN-iss-EE, locally  TEN-iss-ee; Cherokee: ᏔᎾᏏ, romanized: Tanasi), officially the State of Tennessee, is a landlocked state in the Southeastern region of the United States."
Tentaculata,"Tentaculata is a class of comb jellies, one of two classes in the phylum Ctenophora."
Tenthredinidae,"Tenthredinidae is the largest family of sawflies, with well over 7,500 species worldwide, divided into 430 genera."
Tephrosia,Tephrosia is a genus of flowering plants in the family Fabaceae.
Tepic,"Tepic (Spanish pronunciation: [teˈpik] ) is the capital and largest city of the western Mexican state of Nayarit, as well as the seat of the Tepic Municipality."
Terebella,Terebella is a genus of polychaetes belonging to the family Terebellidae.Species:
Terebellidae,"The Terebellidae is a marine family of polychaete worms, of which the type taxon is Terebella, described by Carl Linnaeus in his 1767 12th edition of Systema Naturae."
Terence,Publius Terentius Afer (; c. 195/185 – c. 159?
Teresa,"Teresa (also Theresa, Therese; French: Thérèse) is a feminine given name."
Termitidae,"Termitidae is the largest family of termites consisting of 2,105 described species of which are commonly known as the higher termites."
Terpsichore,"In Greek mythology, Terpsichore (; Greek: Τερψιχόρη, ""delight in dancing"") is one of the nine Muses and goddess of dance and chorus."
Terry,"Terry is a unisex given name, derived from French Thierry and Theodoric."
Tertiary,"Tertiary ( TUR-shə-ree, TUR-shee-err-ee) is an obsolete term for the geologic period from 66 million to 2.6 million years ago."
Tertry,Tertry (French pronunciation: [tɛʁtʁi]) is a commune in the Somme department in Hauts-de-France in northern France.
Tertullian,Tertullian (; Latin: Quintus Septimius Florens Tertullianus; c.
Testacea,"Testacea may refer to:

a former order of rhizopods, which consisted of testate amoeboid organisms."
Testudinata,Testudinata is the group of all tetrapods with a true turtle shell.
Tethyidae,Tethyidae is a family of sea sponges belonging to the order Tethyida.
Tetraclinis,"Tetraclinis (also called arar, araar or Sictus tree) is a genus of evergreen coniferous trees in the cypress family Cupressaceae, containing only one species, Tetraclinis articulata, also known as Thuja articulata, sandarac, sandarac tree or Barbary thuja, endemic to the western Mediterranean region."
Tetragonia,"Tetragonia is a genus of about 85 species of flowering plants in the family Aizoaceae, native to temperate and subtropical regions mostly of the Southern Hemisphere, in New Zealand, Australia, southern Africa and South America."
Tetragrammaton,"The Tetragrammaton ( TET-rə-GRAM-ə-ton; from Ancient Greek  τετραγράμματον (tetragrámmaton) '[consisting of] four letters'), or the Tetragram, is the four-letter Hebrew theonym יהוה‎ (transliterated as YHWH or YHVH), the name of God in the Hebrew Bible."
Tetraneuris,"Tetraneuris, commonly known as four-nerve daisy or bitterweed, is a genus of North American plants in the sneezeweed tribe within the daisy family.The genus includes one annual species, Tetraneuris linearifolia, with all the other species being perennials."
Tetrao,Tetrao is a genus of birds in the grouse subfamily known as capercaillies.
Tetraodontidae,Tetraodontidae is a  family of primarily marine and estuarine fish of the order Tetraodontiformes.
Tetrapturus,"Tetrapturus is a genus of marlins commonly called spearfish, found in tropical and subtropical oceans throughout the world."
Tetrazzini,"Tetrazzini is an Italian-American dish made with diced poultry or seafood and in a butter, cream or milk and cheese sauce flavored with sherry or white wine, and combined with linguine, spaghetti, egg noodles, or other types of pasta, sometimes topped with breadcrumbs or cheese, and garnished with parsley or basil.The dish is named after the Italian opera star Luisa Tetrazzini."
Tettigoniidae,"Insects in the family Tettigoniidae are commonly called katydids (especially in North America), or bush crickets."
Teucrium,"Teucrium is a cosmopolitan genus of flowering plants in the family Lamiaceae, commonly known as germanders."
Tevet,"Tevet (Hebrew: טֵבֵת‎, Standard Ṭevet; Tiberian Ṭēḇēṯ; from Akkadian ṭebētu) is the fourth month of the civil year and the tenth month of the ecclesiastical year on the Hebrew calendar."
Tewkesbury,"Tewkesbury ( TEWKS-bər-ee) is a market town and civil parish in the north of Gloucestershire, England."
Texas,"Texas ( TEK-səs, locally also  TEK-siz; Spanish: Texas or Tejas, pronounced [ˈtexas]) is a state in the South Central region of the United States."
Thailand,"Thailand, officially the Kingdom of Thailand and also known historically as Siam (the official name until 1939),  is a country in Southeast Asia on the Indochinese Peninsula."
Thalassoma,"Thalassoma is a genus of wrasses native to the Atlantic, Indian and Pacific Oceans."
Thaliacea,"Thaliacea is a class of marine animals within the subphylum Tunicata, comprising the salps, pyrosomes and doliolids."
Thalictrum,"Thalictrum ( ) is a genus of 120-200 species of herbaceous perennial flowering plants in the buttercup family, Ranunculaceae, native mostly to temperate regions."
Thamnophilus,"Thamnophilus is a genus of antbird in the antbird family, Thamnophilidae."
Thanatos,"In Greek mythology, Thanatos (; Ancient Greek: Θάνατος, pronounced in Ancient Greek: [tʰánatos] ""Death"", from θνῄσκω thnēskō ""(I) die, am dying"") was the personification of death."
Thanksgiving,"Thanksgiving is a national holiday celebrated on various dates in October and November in the United States, Canada, Saint Lucia, Liberia, and unofficially in countries like Brazil, Germany and the Philippines."
Tharp,"Tharp is a surname, and may refer to:


== In literature and theater ==
Kenneth Tharp (contemporary), English dance artist
Twyla Tharp (b."
Thatcherism,Thatcherism is a form of British conservative ideology named after Conservative Party leader Margaret Thatcher that relates to not just her political platform and particular policies but also her personal character and style of management while in office.
Theaceae,"Theaceae (), the tea family, is a family of flowering plants comprising shrubs and trees, including the economically important tea plant, and the ornamental camellias."
Thecodontia,"Thecodontia (meaning 'socket-teeth'), now considered an obsolete taxonomic grouping, was formerly used to describe a diverse ""order"" of early archosaurian reptiles that first appeared in the latest Permian period and flourished until the end of the Triassic period."
Theia,"Theia (; Ancient Greek: Θεία, romanized: Theía, lit. 'divine', also rendered Thea or Thia), also called Euryphaessa (Ancient Greek: Εὐρυφάεσσα) ""wide-shining"", is one of the twelve Titans, the children of the earth goddess Gaia and the sky god Uranus in Greek mythology."
Thelephoraceae,The Thelephoraceae are a family of fungi in the order Thelephorales.
Thelypteridaceae,Thelypteridaceae is a family of about 900 species of ferns in the order Polypodiales.
Thelypteris,"Thelypteris (maiden ferns) is a genus of ferns in the subfamily Thelypteridoideae, family Thelypteridaceae, order Polypodiales."
Themis,"In Greek mythology and religion, Themis (; Ancient Greek: Θέμις, romanized: Themis, lit. 'justice, law, custom') is the goddess and personification of justice, divine order, law, and custom."
Themistocles,Themistocles (; Greek: Θεμιστοκλῆς; c. 524 – c. 459 BC) was an Athenian politician and general.
Theobroma,"Theobroma  is a genus of flowering plants in the mallow family, Malvaceae, that is sometimes classified as a member of Sterculiaceae."
Theodosius,"Theodosius (Latinized from the Greek ""Θεοδόσιος"", Theodosios, ""given by god"") is a given name."
Theophrastus,"Theophrastus (; Ancient Greek: Θεόφραστος, romanized: Theóphrastos, lit. 'godly phrased'; c. 371 – c. 287 BC) was a Greek philosopher and the successor to Aristotle in the Peripatetic school."
Theravada,"Theravāda (, lit. 'School of the Elders') is the most commonly accepted name of Buddhism's oldest existing school."
Theridiidae,"Theridiidae, also known as the tangle-web spiders, cobweb spiders and comb-footed spiders, is a large family of araneomorph spiders first described by Carl Jakob Sundevall in 1833."
Thermidor,Thermidor (French pronunciation: [tɛʁmidɔʁ]) was the eleventh month in the French Republican Calendar.
Thermobia,Thermobia is a genus of primitive insects belonging to the family Lepismatidae.
Thermopsis,"Thermopsis is a genus of legumes, native to temperate North America and east Asia."
Thermopylae,"Thermopylae (; Ancient Greek and Katharevousa: Θερμοπύλαι, romanized: Thermopylai; Ancient: [tʰermopýlai], Katharevousa: [θermoˈpile̞]; Demotic Greek (Greek): Θερμοπύλες, romanized: Thermopyles [θermoˈpiles]; ""hot gates"") is a narrow pass and modern town in Lamia, Phthiotis, Greece."
Theropoda,"Theropoda (; from Ancient Greek  θηρίον (thēríon) 'wild beast', and  πούς, ποδός (poús, podós) 'foot'), whose members are known as theropods, is a dinosaur clade that is characterized by hollow bones and three toes and claws on each limb."
Theseus,"Theseus (UK: , US: ; Greek: Θησεύς [tʰɛːsěu̯s]) was a divine hero and the founder of Athens from Greek mythology."
Thespesia,"Thespesia is a genus of 14 flowering shrubs and trees in the Hibiscus family, Malvaceae, although within the family they are more closely related to cotton plants (Gossypium)."
Thespis,Thespis (; Greek: Θέσπις; fl.
Thessaloniki,"Thessaloniki (; Greek: Θεσσαλονίκη [θesaloˈnici] ), also known as Thessalonica (English: ), Saloniki, Salonika, Salonicco, or Salonica (), is the second-largest city in Greece, with slightly over one million inhabitants in its metropolitan area, and the capital of the geographic region of Macedonia, the administrative region of Central Macedonia and the Decentralized Administration of Macedonia and Thrace."
Thessaly,"Thessaly ( THESS-ə-lee; Greek: Θεσσαλία, romanized: Thessalía [θesaˈli.a]; ancient Thessalian: Πετθαλία, Petthalía) is a traditional geographic and modern administrative region of Greece, comprising most of the ancient region of the same name."
Thetis,Thetis ( THEEH-tiss; Greek: Θέτις [tʰétis]) is a figure from Greek mythology with varying mythological roles.
Thevetia,"Thevetia is a genus of flowering plants in the family Apocynaceae, first described for modern science as a genus in 1758."
Thielavia,Thielavia is a genus of fungi in the family Chaetomiaceae.
Thlaspi,"Thlaspi, or pennycress, is a genus of herbs of temperate regions of the Eurasian continent."
Thomism,"Thomism is the philosophical and theological school which arose as a legacy of the work and thought of Thomas Aquinas (1225–1274), the Dominican philosopher, theologian, and Doctor of the Church."
Thor,Thor (from Old Norse: Þórr) is a prominent god in Germanic paganism.
Thoth,"Thoth (from Koinē Greek: Θώθ Thṓth, borrowed from Coptic: Ⲑⲱⲟⲩⲧ Thōout, Egyptian: Ḏḥwtj, the reflex of ḏḥwtj ""[he] is like the ibis"") is an ancient Egyptian deity."
Thrace,"Thrace (, thrayss; Bulgarian: Тракия, romanized: Trakiya; Greek: Θράκη, romanized: Thráki; Turkish: Trakya) is a geographical and historical region in Southeast Europe."
Threskiornis,"Threskiornis is a genus of ibises,  wading birds of the family Threskiornithidae."
Threskiornithidae,The family Threskiornithidae includes 36 species of large wading birds.
Thrinax,"Thrinax is a genus in the palm family, native to the Caribbean."
Thripidae,"The Thripidae are the most speciose family of thrips, with over 290 genera representing just over two thousand species."
Thucydides,"Thucydides (, thew-SID-ih-deez; Ancient Greek: Θουκυδίδης, romanized: Thoukudídēs [tʰuːkydǐdɛːs]; c. 460 – c. 400 BC) was an Athenian historian and general."
Thuja,Thuja ( THEW-jə) is a genus of coniferous tree or shrub in the Cupressaceae (cypress family).
Thujopsis,"Thujopsis () is a genus of conifers in the cypress family (Cupressaceae), the sole member of which is Thujopsis dolabrata."
Thule,"Thule ( Greek: Θούλη, translit."
Thunbergia,"Thunbergia is a genus of flowering plants in the family Acanthaceae, native to tropical regions of Africa, Madagascar and southern Asia."
Thunnus,"Thunnus is a genus of ocean-dwelling, ray-finned bony fish from the mackerel family, Scombridae."
Thuringia,"Thuringia (English: ; German: Thüringen [ˈtyːʁɪŋən] ), officially the Free State of Thuringia (Freistaat Thüringen [ˈfʁaɪʃtaːt ˈtyːʁɪŋən]), is a state of central Germany, covering 16,171 square kilometres (6,244 sq mi), the sixth smallest of the sixteen German states."
Thursday,Thursday is the day of the week between Wednesday and Friday.
Thylacinus,Thylacinus is a genus of extinct carnivorous marsupials in the family Thylacinidae.
Thymelaeaceae,The Thymelaeaceae  are a cosmopolitan family of flowering plants composed of 50 genera (listed below) and 898 species.
Thymus,The thymus (pl.: thymuses or thymi) is a specialized primary lymphoid organ of the immune system.
Thyreophora,"Thyreophora (""shield bearers"", often known simply as ""armored dinosaurs"") is a group of armored ornithischian dinosaurs that lived from the Early Jurassic until the end of the Cretaceous."
Thysanocarpus,Thysanocarpus is a small genus of plants in the family Brassicaceae known generally as fringepods or lacepods.
Thysanura,"Thysanura is the now deprecated name of what was, for over a century, recognised as an order in the class Insecta."
Tiamat,"In Mesopotamian religion, Tiamat (Akkadian: 𒀭𒋾𒊩𒆳 DTI.AMAT or 𒀭𒌓𒌈 DTAM.TUM, Ancient Greek: Θαλάττη, romanized: Thaláttē) is a primordial goddess of the sea, mating with Abzû, the god of the groundwater, to produce younger gods."
Tianjin,Tianjin is a municipality and metropolis in Northern China on the shore of the Bohai Sea.
Tiarella,"Tiarella, the foamflowers, is a genus of flowering plants in the family Saxifragaceae."
Tiber,"The Tiber ( TY-bər; Italian: Tevere [ˈteːvere]; Latin: Tiberis) is the third-longest river in Italy and the longest in Central Italy, rising in the Apennine Mountains in Emilia-Romagna and flowing 406 km (252 mi) through Tuscany, Umbria, and Lazio, where it is joined by the River Aniene, to the Tyrrhenian Sea, between Ostia and Fiumicino."
Tiberius,"Tiberius Julius Caesar Augustus (, ty-BEER-ee-əs; 16 November 42 BC – 16 March AD 37) was Roman emperor from AD 14 until 37."
Tibet,"Tibet ( ; Tibetan: བོད, Lhasa dialect: [pʰøːʔ˨˧˩] Böd; Chinese: 西藏; pinyin: Xīzàng) is a region in the central part of East Asia, covering much of the Tibetan Plateau and spanning about 2,500,000 km2 (970,000 sq mi)."
Tibicen,Tibicen is a historical genus name in the insect family Cicadidae (order Hemiptera) that was originally published by P. A. Latreille in 1825 and formally made available in a translation by A. A. Berthold in 1827.
Tichodroma,Tichodroma is the only known genus in the family Tichodromidae.
Ticino,"Ticino (), sometimes Tessin (), officially the Republic and Canton of Ticino or less formally the Canton of Ticino, is one of the 26 cantons forming the Swiss Confederation."
Tigris,"The Tigris ( TY-griss; see below) is the eastern of the two great rivers that define Mesopotamia, the other being the Euphrates."
Tijuana,Tijuana is the largest city in the state of Baja California located on the northwestern Pacific Coast of Mexico.
Tilapia,"Tilapia ( tih-LAH-pee-ə) is the common name for nearly a hundred species of cichlid fish from the coelotilapine, coptodonine, heterotilapine, oreochromine, pelmatolapiine, and tilapiine tribes (formerly all were ""Tilapiini""), with the economically most important species placed in the Coptodonini and Oreochromini."
Tilia,"Tilia is a genus of about 30 species of trees or bushes, native throughout most of the temperate Northern Hemisphere."
Tiliaceae,Tiliaceae () is a family of flowering plants.
Tillandsia,"Tillandsia is a genus of around 650 species of evergreen, perennial flowering plants in the family Bromeliaceae, native to the forests, mountains and deserts of the Neotropics, from northern Mexico and the southeastern United States to Mesoamerica and the Caribbean to central Argentina."
Tilletia,Tilletia is a genus of smut fungi in the Tilletiaceae family.
Tillich,Tillich is a German (and West Slavic) surname.
Timbuktu,"Timbuktu ( TIM-buk-TOO; French: Tombouctou; 
Koyra Chiini: Tumbutu; Tuareg: ⵜⵀⵗⵜ, romanized: Tin Buqt) is a city in Mali, situated 20 kilometres (12 miles) north of the Niger River."
Timgad,"Timgad (Arabic: تيمقاد, romanized: Tīmgād, known as Marciana Traiana Thamugadi) was a Roman city in the Aurès Mountains of Algeria."
Timimoun,"Timimoun (Berber languages: ⵜⵉⵎⵉⵎⵓⵏ, Arabic: ﺗﻴﻤﻴﻤﻮن) is a town and commune, and capital of Timimoun District, in Adrar Province, south-central Algeria."
Timor,"Timor (Portuguese: Ilha de Timor, Tetum: Illa Timór, Indonesian: Pulau Timor) is an island at the southern end of Maritime Southeast Asia, in the north of the Timor Sea."
Timur,"Timur or Tamerlane (8 April 1336 – 17–19 February 1405) was a Turco-Mongol conqueror who founded the Timurid Empire in and around modern-day Afghanistan, Iran, and Central Asia, becoming the first ruler of the Timurid dynasty."
Tinbergen,"Tinbergen is a Dutch surname, and may refer to:

Jan Tinbergen (1903–1994), Dutch economist
Jaap Tinbergen (1934–2010), Dutch astronomer, after whom minor planet 10434 Tinbergen was named."
Tinca,"Tinca (Hungarian: Tenke) is a commune in the south-central part of Bihor County, Crișana, Romania."
Tineidae,Tineidae is a family of moths in the order Lepidoptera described by Pierre André Latreille in 1810.
Tineoidea,"Tineoidea is the ditrysian superfamily of moths that includes clothes moths, bagworms and relatives."
Tineola,Tineola is a genus of moths the family Tineidae.
Tingidae,The Tingidae are a family of very small (2–10 mm (0.08–0.39 in)) insects in the order Hemiptera that are commonly referred to as lace bugs.
Tintoretto,"Jacopo Robusti (late September or early October 1518 – 31 May 1594), best known as Tintoretto ( TIN-tə-RET-oh, Italian: [tintoˈretto], Venetian: [tiŋtoˈɾeto]), was an Italian painter identified with the Venetian school."
Tipuana,"Tipuana tipu, also known as tipa, rosewood and pride of Bolivia, is a South American tree."
Tipulidae,Tipulidae is a family of large crane flies in the order Diptera.
Tirana,"Tirana (  tih-RAH-nə, Albanian pronunciation: [tiˈɾana]; Gheg Albanian: Tirona) is the capital and largest city of Albania."
Tiresias,"In Greek mythology, Tiresias (; Ancient Greek: Τειρεσίας, romanized: Teiresías) was a blind prophet of Apollo in Thebes, famous for clairvoyance and for being transformed into a woman for seven years."
Tisiphone,"Tisiphone ( tiss-IF-ə-nee; Ancient Greek: Τισιφόνη, romanized: Tisiphónē), or Tilphousia, was one of the three Erinyes or Furies."
Titanosaurus,"Titanosaurus (; lit. 'titanic lizard') is a dubious genus of sauropod dinosaurs, first described by Richard Lydekker in 1877."
Titian,"Tiziano Vecelli or Vecellio (pronounced [titˈtsjaːno veˈtʃɛlljo]; c. 1488/90 – 27 August 1576),, Latinized as Titianus, hence known in English as Titian ( TISH-ən), was an Italian (Venetian) Renaissance painter of Lombard origin, considered the most important member of the 16th-century Venetian school."
Titus,Titus Caesar Vespasianus ( TY-təs; 30 December 39 – 13 September AD 81) was Roman emperor from 79 to 81.
Tlingit,"The Tlingit or Lingít (English:   TLING-kit, KLING-kit) are Alaska Native Indigenous Peoples of the Pacific Northwest Coast of North America and are one of two-hundred twenty-nine (229) federally recognized Tribes of Alaska."
Tobago,Tobago () is an island and ward within the Republic of Trinidad and Tobago.
Tobey,"Tobey is a surname, and may refer to:

Alton Tobey (1914–2005), American artist
Charles W. Tobey (1880–1953), American politician from New Hampshire; U.S. Senator 1939–53
David Tobey (1898–1988), American professional basketball referee
Edward Silas Tobey (1813–1891), American businessman, Postmaster of Boston, president of the American Missionary Association
Franklin W. Tobey (1844–1878), New York politician
John Williams Tobey, American politician
Kenneth Tobey (1917–2002), American stage, film, and television actor
Mark Tobey (1890–1976), American abstract expressionist painter
Mike Tobey (b."
Tocantins,Tocantins  (Brazilian Portuguese: [tokɐ̃ˈtʃĩs] ) is one of the 26 states of Brazil.
Todea,The fern genus Todea is known from only two living species.
Todus,"Todus is a genus of birds in the family Todidae, the todies, found in the Caribbean."
Tofieldia,Tofieldia is a small genus of flowering plants described as a genus in 1778.
Togo,"Togo (  TOH-goh), officially the Togolese Republic (French: République togolaise), is a country in West Africa."
Tokyo,"Tokyo (; Japanese: 東京, Tōkyō, [toːkʲoː] ), officially the Tokyo Metropolis (東京都, Tōkyō-to), is the capital of Japan and one of the most populous cities in the world with a population of over 14 million residents as of 2023."
Tolmiea,Tolmiea is a genus of flowering plants in the saxifrage family containing two species native to western North America.
Toltec,"The Toltec culture () was a pre-Columbian Mesoamerican culture that ruled a state centered in Tula, Hidalgo, Mexico, during the Epiclassic and the early Post-Classic period of Mesoamerican chronology, reaching prominence from 950 to 1150 CE. The later Aztec culture considered the Toltec to be their intellectual and cultural predecessors and described Toltec culture emanating from Tōllān [ˈtoːlːãːn̥] (Nahuatl for Tula) as the epitome of civilization."
Tolypeutes,The genus Tolypeutes contains the two species of three-banded armadillos.
Tomistoma,Tomistoma is a genus of gavialid crocodilians.
Tonga,"Tonga ( TONG-ə,  TONG-gə; Tongan: [ˈtoŋa]), officially the Kingdom of Tonga (Tongan: Puleʻanga Fakatuʻi ʻo Tonga), is an island country in Polynesia, part of Oceania."
Toona,"Toona, commonly known as redcedar, toon (also spelled tun) or toona, tooni (in India) is a genus in the mahogany family, Meliaceae, native from Afghanistan south to India, and east to North Korea, Papua New Guinea and eastern Australia."
Torah,"The Torah (; Biblical Hebrew: תּוֹרָה‎ Tōrā, ""Instruction"", ""Teaching"" or ""Law"") is the compilation of the first five books of the Hebrew Bible, namely the books of Genesis, Exodus, Leviticus, Numbers and Deuteronomy."
Toronto,Toronto is the most populous city in Canada and the capital city of the Canadian province of Ontario.
Torpedinidae,"The family Torpedinidae contains 22 species of electric rays or torpedoes, flat cartilaginous fishes that produce electricity as a defense and feeding mechanism."
Torreya,"Torreya is a genus of conifers comprising six or seven species placed in the family Taxaceae, though sometimes formerly placed in Cephalotaxaceae."
Tortricidae,"The Tortricidae are a family of moths, commonly known as tortrix moths or leafroller moths, in the order Lepidoptera."
Tory,"A Tory () is an individual who supports a political philosophy known as Toryism, based on a British version of traditionalist conservatism which upholds the established social order as it has evolved through the history of Great Britain."
Toulon,"Toulon (UK: , US: , French: [tulɔ̃]; Provençal: Tolon (classical norm), Touloun (Mistralian norm), pronounced [tuˈlun]) is a city on the French Riviera and a large port on the Mediterranean coast, with a major naval base."
Toulouse,"Toulouse ( too-LOOZ, French: [tuluz] ; Occitan: Tolosa [tuˈluzɔ]) is the prefecture of the French department of Haute-Garonne and of the larger region of Occitania."
Tours,"Tours ( TOOR, French: [tuʁ] ) is one of the largest cities in the region of Centre-Val de Loire, France."
Town,A town is a type of a human settlement.
Toxicodendron,"Toxicodendron is a genus of flowering plants in the sumac family, Anacardiaceae."
Toxostoma,Toxostoma is a genus of bird in the family Mimidae.
Toynbee,Toynbee is a surname.
Toyohashi,"Toyohashi (豊橋市, Toyohashi-shi) is a city in Aichi Prefecture, Japan."
Toyota,"Toyota Motor Corporation (Japanese: トヨタ自動車株式会社, Hepburn: Toyota Jidōsha kabushikigaisha, IPA: [toꜜjota], English: , commonly known as simply Toyota) is a Japanese multinational automotive manufacturer headquartered in Toyota City, Aichi, Japan."
Trachelospermum,"Trachelospermum  star jasmine, Confederate jasmine, is a genus of evergreen woody vines in the dogbane family Apocynaceae, first described as a genus in 1851."
Trachipterus,Trachipterus is a genus of ribbonfishes.
Trachurus,Jack mackerels or saurels are marine fish in the genus Trachurus of the family Carangidae.
Tradescantia,"Tradescantia () is a genus of 85 species of herbaceous perennial wildflowers in the family Commelinaceae, native to the Americas from southern Canada to northern Argentina, including the West Indies."
Tragelaphus,Tragelaphus is a genus of medium-to-large-sized spiral-horned antelopes.
Tragopogon,"Tragopogon, also known as goatsbeard or salsify, is a genus of flowering plants in the family Asteraceae."
Tragulus,Tragulus is a genus of even-toed ungulates in the family Tragulidae that are known as mouse-deer.
Trajan,"Trajan (Latin: Traianus; 18 September 53 – c. 11 August 117) was Roman emperor from 98 to 117 AD, the second of the Five Good Emperors of the Nerva–Antonine dynasty."
Transylvania,"Transylvania (Romanian: Transilvania or Ardeal; Hungarian: Erdély; German: Siebenbürgen or Transsilvanien, historically Überwald, also Siweberjen in the Transylvanian Saxon dialect) is a historical and cultural region in Central Europe, encompassing central Romania."
Trautvetteria,Trautvetteria is a genus of flowering plants in the buttercup family.
Treasury,"A treasury is either 

A government department related to finance and taxation, a finance ministry; in a business context, corporate treasury."
Tree,"In botany, a tree is a perennial plant with an elongated stem, or trunk, usually supporting branches and leaves."
Trematoda,Trematoda is a class of flatworms known as flukes or trematodes.
Tremella,Tremella is a genus of fungi in the family Tremellaceae.
Tremellaceae,The Tremellaceae are a family of fungi in the order Tremellales.
Tremellales,The Tremellales are an order of fungi in the class Tremellomycetes.
Trento,"Trento (Italian: [ˈtrento]  or [ˈtrɛnto]; Ladin and Lombard: Trent; German: Trient [tʁiˈɛnt] ; Cimbrian: Tria; Mócheno: Trea't; Latin: Tridentum), also known in English as Trent,  is a city on the Adige River in Trentino-Alto Adige/Südtirol in Italy."
Treponemataceae,The Treponemataceae are a family of spirochete bacteria.
Trevithick,Trevithick ( trə-VITH-ik) is a Cornish surname.
Trialeurodes,Trialeurodes is a large genus of whiteflies in the family Aleyrodidae.
Triangle,"A triangle is a polygon with three corners and three sides, one of the basic shapes in geometry."
Triangulum,Triangulum is a small constellation in the northern sky.
Triassic,"The Triassic ( try-ASS-ik; sometimes symbolized 🝈) is a geologic period and system which spans 50.5 million years from the end of the Permian Period 251.902 million years ago (Mya), to the beginning of the Jurassic Period 201.4 Mya."
Triatoma,Triatoma is a genus of assassin bug in the subfamily Triatominae (kissing bugs).
Tribonema,"Tribonema is a genus of filamentous, freshwater yellow-green algae."
Tribulus,"Tribulus is a genus of plants in the family Zygophyllaceae and found in diverse climates and soils worldwide from latitudes 35°S to 47°N. The best-known member is T. terrestris (puncture vine), a widespread invasive species and weed.Tribulus species are perennial, but some grow as annuals in colder climates."
Trichechidae,Trichechidae is a family of sirenians that includes all living manatees and several extinct genera.
Trichoceros,"Trichoceros is a genus of flowering plants from the orchid family, Orchidaceae."
Trichodontidae,"The Trichodontidae, or sandfishes, are a small family of ray-finned fishes from the order Scorpaeniformes."
Trichoglossus,Trichoglossus is a genus of lorikeet in the Psittaculidae or true parrot superfamily.
Tricholoma,Tricholoma is a genus of fungus that contains many fairly fleshy white-spored gilled mushrooms which are found worldwide generally growing in woodlands.
Tricholomataceae,The Tricholomataceae are a large family of fungi within the order Agaricales.
Trichomanes,"Trichomanes is a genus of ferns in the family Hymenophyllaceae, termed bristle ferns."
Trichophaga,"Trichophaga is a genus of the fungus moth family, Tineidae."
Trichophyton,"Trichophyton is a genus of fungi, which includes the parasitic varieties that cause tinea, including athlete's foot, ringworm, jock itch, and similar  infections of the nail, beard, skin and scalp."
Trichostema,"Trichostema is a genus of flowering plants in the family Lamiaceae, which are aromatic herbs or subshrubs."
Trichostigma,Trichostigma is a genus of flowering plants in the family Petiveriaceae.
Tridacna,"Tridacna is a genus of large saltwater clams, marine bivalve molluscs in the subfamily Tridacninae, the giant clams."
Triglidae,"Triglidae, commonly known as gurnards or sea robins, are a family of bottom-feeding scorpaeniform ray-finned fish."
Triglinae,"Triglinae is a subfamily of demersal, marine ray-finned fishes, part of the family Triglidae, the gurnards and searobins."
Triglochin,Triglochin is a plant genus in the family Juncaginaceae described by Carl Linnaeus in 1753.
Trigonella,Trigonella is a genus from the family Fabaceae.
Trilby,A trilby is a narrow-brimmed type of hat.
Trilisa,Trilisa is a genus of flowering plants in the tribe Eupatorieae within the family Asteraceae.Some taxonomists group Trilisa and Litrisa into the genus Carphephorus.
Trilliaceae,"Trilliaceae was a family of flowering plants first named in 1846; however, most taxonomists now consider the genera formerly assigned to it to belong to the family Liliaceae."
Trilling,Trilling is a surname.
Trimorphodon,"Trimorphodon is a genus of mildly venomous, rear-fanged, colubrid snakes."
Trimurti,"The Trimūrti  (; Sanskrit: त्रिमूर्ति trimūrti, ""three forms"" or ""trinity"") is the trinity of supreme divinity in Hinduism, in which the cosmic functions of creation, preservation, and destruction are personified as a triad of deities."
Trinectes,Trinectes is a genus of American soles native to the Americas.
Tringa,"Tringa is a genus of waders, containing the shanks and tattlers."
Trinidad,Trinidad is the larger and more populous of the two major islands of Trinidad and Tobago.
Trinity,"The Christian doctrine of the Trinity (Latin: Trinitas, lit. 'triad', from Latin: trinus 'threefold') is the central doctrine concerning the nature of God in most Christian churches, which defines one God existing in three coequal, coeternal, consubstantial divine persons: God the Father, God the Son (Jesus Christ) and God the Holy Spirit, three distinct persons (hypostases) sharing one essence/substance/nature (homoousion)."
Trionychidae,"The Trionychidae are a taxonomic family of a number of turtle genera, commonly known as softshell turtles."
Trionyx,Trionyx is a genus of softshell turtles belonging to the family Trionychidae.
Triops,Triops is a genus of small crustaceans in the order Notostraca (tadpole shrimp).
Tripleurospermum,Tripleurospermum is a genus in the chamomile tribe within the  sunflower family.
Triplochiton,Triplochiton is a genus of flowering plants in the family Malvaceae.
Tristan,"Tristan (Latin/Brythonic: Drustanus; Welsh: Trystan), also known as Tristram, Tristyn or Tristain and similar names, is the hero of the legend of Tristan and Iseult."
Triturus,"Triturus is a genus of newts comprising the crested and the marbled newts, which are found from Great Britain through most of continental Europe to westernmost Siberia, Anatolia, and the Caspian Sea region."
Trogium,Trogium is a genus of granary booklice in the family Trogiidae.
Trollius,"Trollius is a genus of about 30 species of flowering plants closely related to Ranunculus, in the family Ranunculaceae."
Trollope,"The name Trollope is  derived from the place-name Troughburn, in Northumberland, England,  originally Trolhop, Norse for ""troll valley""."
Trombicula,"Trombicula, known as chiggers, red bugs, scrub-itch mites, or berry bugs, are small arachnids (eight-legged arthropods) in the Trombiculidae family."
Trombiculidae,"Trombiculidae (), commonly referred to in North America as chiggers and in Britain as harvest mites, but also known as berry bugs, bush-mites, red bugs or scrub-itch mites, are a family of mites."
Trombidiidae,"Trombidiidae, also known as red velvet mites, true velvet mites, or rain bugs, are small arachnids (eight-legged arthropods) found in plant litter and are known for their bright red color."
Trondheim,"Trondheim (UK:  TRON(D)-hyme, US:  TRON-haym, Urban East Norwegian: [ˈtrɔ̂nː(h)æɪm]; Southern Sami: Tråante), historically Kaupangen, Nidaros (see) and Trondhjem (local pronunciation: [ˈtrɔ̂nːjæm] ), is a city and municipality in Trøndelag county, Norway."
Tropaeolum,"Tropaeolum , commonly known as nasturtium (; literally ""nose-twister"" or ""nose-tweaker""), is a genus of roughly 80 species of annual and perennial herbaceous flowering plants."
Tropidoclonion,Tropidoclonion is a genus of snake in the subfamily Natricinae of the family Colubridae.
Trot,The trot is a two-beat diagonal horse gait where the diagonal pairs of legs move forward at the same time with a moment of suspension between each beat.
Trotskyism,Trotskyism is the political ideology and branch of Marxism developed by Russian revolutionary Leon Trotsky and some other members of the Left Opposition and Fourth International.
Troy,"Troy (Turkish: Troya, Greek: Τροία, Hittite: 𒋫𒊒𒄿𒊭 Truwiša/Taruiša) or Ilion (Greek: Ίλιον, Hittite: 𒌷𒃾𒇻𒊭 Wiluša) was an ancient city located in present-day Hisarlik, Turkey."
Truncocolumella,"Truncocolumella is a genus of fungi in the family Suillaceae, of the order Boletales."
Truth,Truth or verity is the property of being in accord with fact or reality.
Tsimshian,The Tsimshian (; Tsimshian: Ts’msyan or Tsm'syen) are an Indigenous people of the Pacific Northwest Coast of North America.
Tsuga,"Tsuga (, from Japanese 栂 (ツガ), the name of Tsuga sieboldii) is a genus of conifers in the subfamily Abietoideae of Pinaceae, the pine family."
Tuber,"Tubers are a type of enlarged structure used as storage organs for nutrients in some plants, usually stems, but some definitions refer to roots."
Tuberaceae,"The Tuberaceae () are a family of mycorrhizal fungi, in the order Pezizales, that evolved during or after the first major radiation of Angiosperms in the Jurassic period (140–180 million years ago, Mya)."
Tubercularia,Tubercularia is a genus of fungi in the family Nectriaceae.
Tucana,"Tucana (The Toucan) is a constellation of stars in the southern sky, named after the toucan, a South American bird."
Tuchman,Tuchman is a surname.
Tuesday,Tuesday  is the day of the week between Monday and Wednesday.
Tulostoma,Tulostoma is a genus of fungi in the family Agaricaceae.
Tums,Tums (stylized as TUMS) is an antacid made of sucrose (table sugar) and calcium carbonate (CaCO3) manufactured by Haleon in St.
Tunis,Tunis (Arabic: تونس ) is the capital and largest city of Tunisia.
Tunisia,"Tunisia, officially the Republic of Tunisia, is the northernmost country in Africa."
Tupaiidae,"Tupaiidae is one of two families of treeshrews, the other family being Ptilocercidae."
Tupelo,"Tupelo , genus Nyssa , is a small genus of deciduous trees with alternate, simple leaves."
Tupinambis,Tupinambis is a lizard genus which belongs to the family Teiidae and contains eight described species.
Tupungatito,Volcán Tupungatito is the northernmost historically active stratovolcano of the southern Andes.
Tupungato,"Tupungato, one of the highest mountains in the Americas, is a massive Andean lava dome dating to Pleistocene times."
Turbatrix,Turbatrix is a genus of nematodes belonging to the family Panagrolaimidae.The species of this genus are found in Europe.Species:
Turbellaria,"The Turbellaria are one of the traditional sub-divisions of the phylum Platyhelminthes (flatworms), and include all the sub-groups that are not exclusively parasitic."
Turdinae,Turdinae (the turdine thrushes) are a subfamily of passerine birds in the family Turdidae.
Turgot,Turgot may refer to:
Turin,"Turin ( ture-IN, TURE-in, Piedmontese: [tyˈriŋ] ; Italian: Torino, Italian: [toˈriːno] ) is a city and an important business and cultural centre in Northern Italy."
Turkestan,"Turkestan, also spelled Turkistan (from Persian: ترکستان, romanized: Torkestân, lit. 'land of the Turks'), is a historical region in Central Asia corresponding to the regions of Transoxiana and Xinjiang."
Turkey,"Turkey, officially the Republic of Türkiye (Turkish: Türkiye Cumhuriyeti [ˈtyɾcije dʒumˈhuːɾijeti] ), is a country in Southeast Europe and West Asia."
Turkmenistan,"Turkmenistan (  turk-MEN-iss-tan or   TURK-men-iss-TAHN; Turkmen: Türkmenistan, pronounced [tʏɾkmønʏˈθːɑːn]) is a landlocked country in Central Asia bordered by Kazakhstan to the northwest, Uzbekistan to the north, east and northeast, Afghanistan to the southeast, Iran to the south and southwest and the Caspian Sea to the west."
Turritis,Turritis (commonly known as towercress or tower mustard) is a plant genus in the family Brassicaceae.
Tuscany,"Tuscany ( TUSK-ə-nee; Italian: Toscana [toˈskaːna]) is a region in central Italy with an area of about 23,000 square kilometres (8,900 square miles) and a population of about 3.8 million inhabitants."
Tussilago,"Tussilago farfara, commonly known as coltsfoot,: 770  is a plant in the tribe Senecioneae in the family Asteraceae, native to Europe and parts of western and central Asia."
Tutelo,"The Tutelo (also Totero, Totteroy, Tutera; Yesan in Tutelo) were Native American people living above the Fall Line in present-day Virginia and West Virginia."
Tutsi,"The Tutsi (), also called Watusi, Watutsi or Abatutsi (Kinyarwanda pronunciation: [ɑ.βɑ.tuː.t͡si]), are an ethnic group of the African Great Lakes region."
Tuvalu,"Tuvalu (  too-VAH-loo), formerly known as the Ellice Islands, is an island country in the Polynesian subregion of Oceania in the Pacific Ocean, about midway between Hawaii and Australia."
Twin,Twins are two offspring produced by the same pregnancy.
Twinkie,"A Twinkie is an American snack cake, described as ""golden sponge cake with a creamy filling""."
Tyche,"Tyche (; Ancient Greek: Τύχη Túkhē, 'Luck', Ancient Greek: [tý.kʰɛː], Modern Greek: [ˈti.çi]; Roman equivalent: Fortuna) was the presiding tutelary deity who governed the fortune and prosperity of a city, its destiny."
Tylenchidae,Tylenchidae is a family of nematodes.
Tylenchus,Tylenchus is a genus of nematodes in the family Tylenchidae and subfamily Tylenchinae.
Tympanuchus,Tympanuchus is a small genus of birds in the grouse family.
Tyndall,"Tyndall (the original spelling, also Tyndale, ""Tindol"", Tyndal, Tindoll, Tindall, Tindal, Tindale, Tindle, Tindell, Tindill, and Tindel) is the name of an English family taken from the land they held as tenants in chief of the Kings of England and Scotland in the 11th, 12th and 13th centuries: Tynedale, or the valley of the Tyne, in Northumberland."
Typha,Typha  is a genus of about 30 species of monocotyledonous flowering plants in the family Typhaceae.
Typhaceae,"The Typhaceae () are a family of flowering plants, sometimes called the cattail family."
Typhlopidae,The Typhlopidae are a family of blind snakes.
Typhon,"Typhon (; Ancient Greek: Τυφῶν, romanized: Typhôn, [tyːpʰɔ̂ːn]), also Typhoeus (; Τυφωεύς, Typhōeús), Typhaon (Τυφάων, Typháōn) or Typhos (Τυφώς, Typhṓs), was a monstrous serpentine giant and one of the deadliest creatures in Greek mythology."
Tyranni,"The Tyranni (suboscines) are a suborder of passerine birds that includes more than 1,000 species, the large majority of which are South American."
Tyrol,"Tyrol ( tih-ROHL, ty-ROHL, TY-rohl; historically the Tyrole; Austrian German: Tirol [tiˈʁoːl] ; Italian: Tirolo) is a historical region in the Alps of Northern Italy and western Austria."
Tyson,"Tyson is a male given name of old French origin meaning 'high-spirited',  'fire'."
Tyto,"Tyto is a genus of birds consisting of true barn owls, grass owls and masked owls that collectively make up all the species within the subfamily Tytoninae of the barn owl family, Tytonidae."
UNESCO,"The United Nations Educational, Scientific and Cultural Organization (UNESCO) is a specialized agency of the United Nations (UN) with the aim of promoting world peace and security through international cooperation in education, arts, sciences and culture."
UNICEF,"UNICEF ( YOO-nee-SEF), originally called the United Nations International Children's Emergency Fund in full, now officially United Nations Children's Fund, is an agency of the United Nations responsible for providing humanitarian and developmental aid to children worldwide."
URL,"A Uniform Resource Locator (URL), colloquially known as an address on the Web, is a reference to a resource that specifies its location on a computer network and a mechanism for retrieving it."
Ufa,"Ufa (Bashkir: Өфө , romanized: Üfü; Russian: Уфа) is the largest city in and the capital of Bashkortostan, Russia."
Uganda,"Uganda, officially the Republic of Uganda, is a landlocked country in East Africa."
Ugaritic,"Ugaritic () is an extinct Northwest Semitic language, classified by some as a dialect of the Amorite language."
Uintatherium,"Uintatherium (""Beast of the Uinta Mountains"") is an extinct genus of herbivorous mammal that lived during the Eocene epoch."
Ukraine,"Ukraine (  yoo-KRAYN; Ukrainian: Україна, romanized: Ukraina, pronounced [ʊkrɐˈjinɐ] ) is a country in Eastern Europe."
Ulaanbaatar,"Ulaanbaatar (; Mongolian: Улаанбаатар, pronounced [ʊˌɮaːm‿ˈpaːʰtə̆r] , lit."
Ulex,"Ulex (commonly known as gorse, furze, or whin) is a genus of flowering plants in the family Fabaceae."
Ulfilas,"Ulfilas (Greek: Ουλφίλας; c. 311 – 383), known also as Wulfilas or Urphilas, was a 4th century Gothic preacher of Cappadocian Greek descent."
Ullr,"In Norse mythology, Ullr (Old Norse: [ˈulːz̠]) is a god associated with skiing."
Ulmaceae,"The Ulmaceae () are a family of flowering plants that includes the elms (genus Ulmus), and the zelkovas (genus Zelkova)."
Ulster,"Ulster (; Irish: Ulaidh [ˈʊlˠiː, ˈʊlˠə] or Cúige Uladh [ˌkuːɟə ˈʊlˠə, - ˈʊlˠuː]; Ulster Scots: Ulstèr or Ulster) is one of the four traditional or historic Irish provinces."
Ultrasuede,Ultrasuede is the trade name for a synthetic ultra-microfiber fabric invented in 1970 by Dr.
Ulva,"Ulva (; Scottish Gaelic: Ulbha) is a small island in the Inner Hebrides of Scotland, off the west coast of Mull."
Ulvaceae,"Ulvaceae () is a widely distributed family of thin green algae having either a flat or a hollow tubular thallus, reproducing by the conjugation of planogametes or of zoospores, and being classed among the Ulotrichales or now more commonly placed in the order Ulvales."
Ulvales,Ulvales is an order of green algae.
Ulvophyceae,"The Ulvophyceae or ulvophytes are a class of green algae, distinguished mainly on the basis of ultrastructural morphology, life cycle and molecular phylogenetic data."
Umbellularia,"Umbellularia californica is a large hardwood tree native to coastal forests and the Sierra foothills of California, and to coastal forests extending into Oregon."
Umbria,"Umbria ( UM-bree-ə, Italian: [ˈumbrja]) is a region of central Italy."
Umbrina,Umbrina is a genus of fish from the croaker family Sciaenidae.
Umbundu,"Umbundu, or South Mbundu (autonym úmbúndú), one of many Bantu languages, is the most widely-spoken autochthonous language of Angola."
Umma,"Umma (Sumerian: 𒄑𒆵𒆠 ummaKI; in modern Dhi Qar Province in Iraq, was an ancient city in Sumer."
Ummah,"Ummah (; Arabic: أُمَّةُ, Arabic pronunciation: [ˈʊmːa]) is an Arabic word meaning ""community""."
Unionidae,"The Unionidae are a family of freshwater mussels, the largest in the order Unionida, the bivalve molluscs sometimes known as river mussels, or simply as unionids.The range of distribution for this family is world-wide."
Unitarianism,"Unitarianism (from Latin  unitas 'unity, oneness') is a Nontrinitarian branch of Christianity."
Untermeyer,Untermeyer is a surname.
Updike,"Updike is a surname of Dutch origin, and is a spelling variant of the Dutch Opdijk, a topographical name meaning someone who lived on a dike."
Upjohn,"The Upjohn Company was a pharmaceutical manufacturing firm founded in 1886 in Hastings, Michigan, by Dr."
Uppsala,"Uppsala (Swedish: [ˈɵ̂pːˌsɑːla] ; archaically spelled Upsala) is the county seat of Uppsala County and the fourth-largest city in Sweden, after Stockholm, Gothenburg, and Malmö."
Ur,"Ur  was an important Sumerian city-state in ancient Mesopotamia, located at the site of modern Tell el-Muqayyar (Arabic: تل ٱلْمُقَيَّر) in south Iraq's Dhi Qar Governorate."
Urania,"Urania ( yoor-AY-nee-ə; Ancient Greek: Οὐρανία, romanized: Ouranía; modern Greek shortened name Ράνια Ránia; meaning ""heavenly"" or ""of heaven"") was, in Greek mythology, the muse of astronomy and astrology."
Uranus,Uranus is the seventh planet from the Sun.
Urdu,Urdu (Nastaliq: اردو; ; ALA-LC: Urdū) is an Indo-Aryan language spoken chiefly in South Asia.
Uria,"Uria is a genus of seabirds in the auk family known in Britain as guillemots, in most of North America as murres, and in Newfoundland and Labrador as turr."
Urmia,"Urmia or Orumiyeh (Persian: ارومیه, pronounced [oɾumiˈje] ) is the largest city in West Azerbaijan Province of Iran."
Urocyon,"Urocyon (Greek: ""tailed dog"") is a genus of Canidae which includes the gray fox (Urocyon cinereoargenteus) and the island fox (Urocyon littoralis)."
Urocystis,"Urocystis is a genus of smut fungi containing plant pathogens, which infect grass species and other plants."
Urophycis,Urophycis is a genus of phycid hakes.
Uropsilus,"The shrew moles or shrew-like moles (Uropsilus) are shrew-like members of the mole family of mammals endemic to the forested, high-alpine region bordering China, Myanmar, and Vietnam."
Uropygi,Uropygi is an arachnid order comprising invertebrates commonly known as whip scorpions or vinegaroons (also spelled vinegarroons and vinegarones).
Urosaurus,"Urosaurus is a genus of lizards, commonly known as tree lizards or brush lizards, belonging to the New World family Phrynosomatidae."
Urtica,Urtica is a genus of flowering plants in the family Urticaceae.
Urticaceae,"The Urticaceae  are a family, the nettle family,  of flowering plants."
Urticales,Urticales is an order of flowering plants.
Uruguay,"Uruguay (  YOOR-ə-gwy, Spanish: [uɾuˈɣwaj] ), officially the Oriental Republic of Uruguay or the Republic East of the Uruguay (Spanish: República Oriental del Uruguay), is a country in South America."
Ushas,"Ushas (Vedic Sanskrit: उषस्, IAST: Uṣás, nominative singular उषाः IAST: Uṣā) is a Vedic goddess of dawn in Hinduism."
Usnea,Usnea is a genus of mostly pale grayish-green fruticose lichens that grow like leafless mini-shrubs or tassels anchored on bark or twigs.: 203  The genus is in the family Parmeliaceae.
Ustilaginaceae,The Ustilaginaceae are a family of smut fungi in the order Ustilaginomycetes.
Ustilaginales,The Ustilaginales are an order of fungi within the class Ustilaginomycetes.
Ustilaginoidea,Ustilaginoidea is a genus of fungi in the family Clavicipitaceae.
Ustilago,"Ustilago is a genus of approximately 200 smut fungi, which are parasitic on grasses."
Ustinov,"Ustinov (Russian: Устинов) is a surname of Russian origin, created from given name Iustin."
Usuli,"Usulis (Arabic: اصولیون, Persian: اصولیان) are the majority Twelver Shi'a Muslim group."
Utah,"Utah ( YOO-tah,   YOO-taw) is a landlocked state in the Mountain West subregion of the Western United States."
Utnapishtim,"Ut-napishtim is a legendary king of Shuruppak in southern Iraq, who survived the Flood by making a boat."
Utopia,A utopia ( yoo-TOH-pee-ə) typically describes an imaginary community or society that possesses highly desirable or near-perfect qualities for its members.
Utrecht,"Utrecht ( YOO-trekt, Dutch: [ˈytrɛxt] , Utrecht dialect: Utreg [ˈytʁɛχ]) is the fourth-largest city of the Netherlands, as well as the capital and the most populous city of the province of Utrecht."
Utricularia,"Utricularia, commonly and collectively called the bladderworts, is a genus of carnivorous plants consisting of approximately 233 species (precise counts differ based on classification opinions; a 2001 publication lists 215 species)."
Uvularia,"Uvularia is a genus of flowering plants in the family Colchicaceae, which is closely related to the lily family (Liliaceae)."
Uvulariaceae,Uvulariaceae is a family of flowering plants.
Uzbekistan,"Uzbekistan (Uzbek: Oʻzbekiston, Ўзбекистон; UK: , US:  ), officially the Republic of Uzbekistan (Oʻzbekiston Respublikasi, Ўзбекистон Республикаси), is a country located in Central Asia."
Uzi,"The Uzi (  ; Hebrew: עוזי, romanized: Ūzi; officially cased as UZI) is a family of Israeli open-bolt, blowback-operated submachine guns and machine pistols first designed by Major Uziel ""Uzi"" Gal in the late 1940s, shortly after the establishment of the State of Israel."
Vaccinium,Vaccinium  is a common and widespread genus of shrubs or dwarf shrubs in the heath family (Ericaceae).
Vaduz,"Vaduz (German pronunciation: [faˈdʊt͡s]  or [faˈduːt͡s] , High Alemannic pronunciation: [faˈdot͡s]) is the capital of Liechtenstein and also the seat of the national parliament."
Vaisakha,Vaisakha (Sanskrit : वैशाख) is a month of the Hindu calendar that corresponds to April/May in the Gregorian Calendar.
Vaishnavism,"Vaishnavism (Sanskrit: वैष्णवसम्प्रदायः, romanized: Vaiṣṇavasampradāyaḥ) is one of the major Hindu denominations along with Shaivism, Shaktism, and Smartism."
Vajra,"The Vajra (Sanskrit: वज्र, romanized: Vajra, lit. 'Thunderbolt') is a legendary and ritualistic weapon, symbolizing the properties of a diamond (indestructibility) and a thunderbolt (irresistible force).The vajra is a type of club with a ribbed spherical head."
Valencia,"Valencia (Spanish: [baˈlenθja] , officially in Valencian: València [vaˈlensia]) is the capital of the autonomous community of Valencia and the third-most populated municipality in Spain, with 792,492 inhabitants (2022)."
Valenciennes,"Valenciennes (, also UK: , US: , French: [valɑ̃sjɛn] ; also Dutch: Valencijn; Picard: Valincyinnes or Valinciennes; Latin: Valentianae) is a commune in the Nord department, Hauts-de-France, France.It lies on the Scheldt (French: Escaut) river."
Valeriana,"Valeriana is a genus of flowering plants in the family Caprifoliaceae, members of which may by commonly known as valerians."
Valerianaceae,"The Valerianaceae Batsch, the valerian family, was a family of flowering plants that is now considered part of the Caprifoliaceae."
Valerianella,Valerianella is a genus of plant in family Caprifoliaceae.
Valhalla,"In Norse mythology Valhalla () is the anglicised name for Old Norse: Valhǫll (""hall of the slain"")."
Valkyrie,"In Norse mythology, a valkyrie (from Old Norse: valkyrja, lit. 'chooser of the slain') is one of a host of female figures who guide souls of the dead to the god Odin's hall Valhalla."
Valletta,"Valletta (, Maltese: il-Belt Valletta, Maltese pronunciation: [vɐlˈlɛt.tɐ]) is an administrative unit and the capital of Malta."
Vallisneria,"Vallisneria (named in honor of Antonio Vallisneri) is a genus of freshwater aquatic plant, commonly called eelgrass, tape grass or vallis."
Valmy,Valmy (French pronunciation: [valmi]) is a rural commune in the Marne department in the Grand Est region in Northeastern France.
Vancouver,"Vancouver (  van-KOO-vər) is a major city in western Canada, located in the Lower Mainland region of British Columbia."
Vanellus,"Vanellus is the genus of waders which provisionally contains all lapwings except red-kneed dotterel, Erythrogonys cinctus."
Vangueria,Vangueria is a genus of flowering plants in the family Rubiaceae.
Vanir,"In Norse mythology, the Vanir (; Old Norse:, singular Vanr) are a group of gods associated with fertility, wisdom, and the ability to see the future."
Vanuatu,"Vanuatu (English:   VAH-noo-AH-too or  van-WAH-too; Bislama and French pronunciation [vanuatu]), officially the Republic of Vanuatu (French: République de Vanuatu; Bislama: Ripablik blong Vanuatu), is an island country in Melanesia, located in the South Pacific Ocean."
Vanzetti,Vanzetti is an Italian surname.
Varanidae,The Varanidae are a family of lizards in the superfamily Varanoidea and order Anguimorpha.
Varese,"Varese (UK:  və-RAY-zay, -⁠zee, US:  var-AY-say, Italian: [vaˈreːze]  or [vaˈreːse]; Varesino: Varés [ʋaˈreːs]; Latin: Baretium; archaic German: Väris) is a city and comune in north-western Lombardy, northern Italy, 55 km (34 mi) north-west of Milan."
Varuna,"Varuna (; Sanskrit: वरुण, IAST: Varuṇa) is a Hindu god, associated with the oceans and water."
Vaseline,Vaseline () is an American brand of petroleum jelly-based products owned by transnational company Unilever.
Vaughan,"Vaughan ( vawn) (2021 population 323,103) is a city in Ontario, Canada."
Vayu,"Vayu (Sanskrit pronunciation: [ʋaːjʊ], Sanskrit: वायु, IAST: Vāyu), also known as Vata and Pavana, is the Hindu god of the winds as well as the divine messenger of the gods."
Vedanga,"The Vedanga (Sanskrit: वेदाङ्ग vedāṅga, ""limb of the Veda-s""; plural form: वेदाङ्गानि vedāṅgāni) are six auxiliary disciplines of Hinduism that developed in ancient times and have been connected with the study of the Vedas:


== List of the Vedanga ==
Shiksha (Sanskrit: शिक्षा śikṣā, ""instruction, teaching""): phonetics, phonology, pronunciation."
Vedanta,"Vedanta (; Sanskrit: वेदान्त, IAST: Vedānta), also known as Uttara Mīmāṃsā, is one of the six orthodox (āstika) schools of Hindu philosophy."
Vega,Vega is the brightest star in the northern constellation of Lyra.
Velazquez,"Velázquez, also Velazquez, Velásquez or Velasquez (, ), is a surname from Spain."
Velcro,"Velcro, officially known as Velcro IP Holdings LLC and trading as Velcro Companies, is a British privately held company, founded by Swiss electrical engineer George de Mestral in the 1950s."
Velveeta,Velveeta is a brand name for a cheese analogue similar to American cheese.
Veneridae,"The Veneridae or venerids, common name: Venus clams, are a very large family of minute to large, saltwater clams, marine bivalve molluscs."
Veneto,"Veneto (US:  VEN-ə-toh, VAYN-, Italian: [ˈvɛːneto]) or the Venetia is one of the 20 regions of Italy, located in the north-east of the country."
Venezuela,"Venezuela ( VEN-ə-ZWAY-lə; Latin American Spanish: [beneˈswela] ), officially the Bolivarian Republic of Venezuela (Spanish: República Bolivariana de Venezuela), is a country on the northern coast of South America, consisting of a continental landmass and many islands and islets in the Caribbean Sea."
Venice,"Venice ( VEN-iss, Italian: Venezia, Italian: [veˈnɛttsja] ) is a city in northeastern Italy and the capital of the Veneto region."
Venn,Venn  is a surname and a given name.
Venus,Venus is the second planet from the Sun.
Veracruz,"Veracruz (Latin American Spanish: [beɾaˈkɾus] ), formally Veracruz de Ignacio de la Llave (Latin American Spanish: [beɾaˈkɾus ðejɣˈnasjo ðe la ˈʝaβe]), officially the Estado Libre y Soberano de Veracruz de Ignacio de la Llave (English: Free and Sovereign State of Veracruz de Ignacio de la Llave), is one of the 31 states which, along with Mexico City, comprise the 32 Federal Entities of Mexico."
Veratrum,Veratrum is a genus of flowering plants in the family Melanthiaceae.
Verbascum,"Verbascum is a genus of over 450 species of flowering plants, common name mullein (), in the figwort family Scrophulariaceae."
Verbenaceae,"The Verbenaceae ( VUR-bə-NAY-see-ee), the verbena family or vervain family, is a family of mainly tropical flowering plants."
Verbesina,"Verbesina, many species of which have crownbeard as part of their common names, is a genus of flowering plants, in the family Asteraceae."
Verdicchio,"Verdicchio (, also US: , Italian: [verˈdikkjo]) is a white Italian wine grape variety grown primarily in the Marche region of central Italy."
Verdun,"Verdun (, also UK: , US: , French: [vɛʁdœ̃] ; official name before 1970: Verdun-sur-Meuse) is a large city in the Meuse department in Grand Est, northeastern France."
Verlaine,"Verlaine (French pronunciation: [vɛʁlɛn]; Walloon: Verlinne) is a municipality of Wallonia located in the province of Liège, Belgium."
Vermont,Vermont ( ) is a landlocked state in the New England region of the Northeastern United States.
Verona,"Verona ( və-ROH-nə, Italian: [veˈroːna] ; Venetian: Verona or Veròna) is a city on the River Adige in Veneto, Italy, with 258,031 inhabitants."
Verpa,Verpa is a genus of ascomycete fungi related to the morels.
Versace,Gianni Versace S.r.l.
Verwoerd,Verwoerd is a surname originating from the Netherlands.
Vesey,Vesey is an English surname.
Vespa,Vespa (Italian pronunciation: [ˈvɛspa]) is an Italian luxury brand of scooters  and mopeds manufactured by Piaggio.
Vespasian,Vespasian (; Latin: Vespasianus [wɛspasiˈaːnʊs]; 17 November AD 9 – 23 June 79) was Roman emperor from 69 to 79.
Vespertilio,Vespertilio is a genus of bats in the family Vespertilionidae.
Vespertilionidae,"Vespertilionidae is a family of microbats, of the order Chiroptera, flying, insect-eating mammals variously described as the common, vesper, or simple nosed bats."
Vespidae,"The Vespidae are a large (nearly 5000 species), diverse, cosmopolitan family of wasps, including nearly all the known eusocial wasps (such as Polistes fuscatus, Vespa orientalis, and Vespula germanica) and many solitary wasps."
Vespula,"Vespula is a small genus of social wasps, widely distributed in the Northern Hemisphere."
Vetluga,"Vetluga (Russian: Ветлу́га) is a town and the administrative center of Vetluzhsky District in Nizhny Novgorod Oblast, Russia, located on the right bank of the Vetluga River."
Viburnum,"Viburnum  is a genus of about 150–175 species of flowering plants in the moschatel family, Adoxaceae."
Vichy,"Vichy ( VISH-ee, VEE-shee, French: [viʃi] ; Occitan: Vichèi [viˈtʃɛj]) is a city in the Allier department, Auvergne-Rhône-Alpes, central France, in the historic province of Bourbonnais."
Vicia,"Vicia is a genus of over 240 species of flowering plants that are part of the legume family (Fabaceae), and which are commonly known as vetches."
Victoriana,Victoriana is a term used to refer to material culture related to the Victorian period (1837–1901).
Vidal,"Vidal (Aragonese: [biˈðal], Catalan: [biˈðal], Occitan: [biˈðal, viˈdal], Spanish: [biˈðal]) is a Catalan, Aragonese, and possibly also Romansh surname, which also appears in French, Italian, Portuguese and English, and as a given name."
Vidua,Vidua is a genus of passerine birds in the family Viduidae.
Vienna,"Vienna (  vee-EN-ə; German: Wien [viːn] ; Austro-Bavarian: Wean [veɐ̯n]) is the capital, largest city, and one of nine federal states of Austria."
Vienne,Vienne (French pronunciation: [vjɛn] ; Poitevin-Saintongeais: Viéne) is a landlocked department in the French region of Nouvelle-Aquitaine.
Vientiane,"Vientiane ( ; Lao: ວຽງຈັນ, Viangchan, pronounced [wía̯ŋ t͡ɕàn]) is the capital and largest city of Laos."
Vietnam,"Vietnam (Vietnamese: Việt Nam [vîət nāːm] ),  officially the Socialist Republic of Vietnam (SRV), is a country at the eastern edge of mainland Southeast Asia, with an area of 331,700 square kilometres (128,100 sq mi) and a population of over 100 million, making it the world's fifteenth-most populous country."
Vigna,"Vigna is a genus of plants in the legume family, Fabaceae, with  a pantropical distribution."
Villa,A villa is a type of house that was originally an ancient Roman upper class country house.
Village,"A village is a clustered human settlement or community, larger than a hamlet but smaller than a town (although the word is often used to describe both hamlets and smaller towns), with a population typically ranging from a few hundred to a few thousand."
Villahermosa,"Villahermosa ( VEE-(y)ə-air-MOH-sə, Spanish: [ˌbiʝaeɾˈmosa] ; ""Beautiful Village"") is the capital and largest city of the Mexican state of Tabasco, and serves as the municipal seat (governing county) of the state."
Vilnius,"Vilnius ( VIL-nee-əs, Lithuanian: [ˈvʲɪlʲnʲʊs] ; previously known in English as Vilna, see other names) is the capital and largest city located in Lithuania."
Viminaria,Viminaria juncea is the single species in the genus Viminaria endemic to Australia.
Vinca,"Vinca (; Latin: vincire ""to bind, fetter"") is a genus of flowering plants in the family Apocynaceae, native to Europe, northwest Africa and southwest Asia."
Vincetoxicum,Vincetoxicum is a genus of plants in the family Apocynaceae.
Viola,"The viola ( vee-OH-lə, Italian: [ˈvjɔːla, viˈɔːla]) is a string instrument that is usually bowed or plucked."
Violaceae,"Violaceae is a family of flowering plants established in 1802, consisting of about 1000 species in about 25 genera."
Vipera,Vipera (; commonly known as the palaearctic vipers and Eurasian vipers) is a genus of vipers.
Viperidae,"The Viperidae (vipers) are a family of snakes found in most parts of the world, except for Antarctica, Australia, Hawaii, Madagascar, New Zealand, Ireland, and various other isolated islands."
Virgil,"Publius Vergilius Maro (Classical Latin: [ˈpuːbliʊs wɛrˈɡɪliʊs ˈmaroː]; traditional dates 15 October 70 BC – 21 September 19 BC), usually called Virgil or Vergil ( VUR-jil) in English, was an ancient Roman poet of the Augustan period."
Virgilia,"Virgilia is the wife of Coriolanus in William Shakespeare's play Coriolanus (1607–1610), in which same play Volumnia is his mother."
Virginia,"Virginia, officially the Commonwealth of Virginia, is a state in the Mid-Atlantic and Southeastern regions of the United States between the Atlantic Coast and the Appalachian Mountains."
Viscaceae,Viscaceae is a taxonomic family name of flowering plants.
Visconti,"Visconti is a surname which may refer to:


== Italian noble families ==
Visconti of Milan, ruled Milan from 1277 to 1447
Visconti di Modrone, collateral branch of the Visconti of Milan
Visconti of Pisa and Sardinia, ruled Gallura in Sardinia from 1207 to 1250


== People ==


=== Pre-20th century ===
Alfonso Visconti (1552–1608), Roman Catholic cardinal
Antonio Eugenio Visconti (1713–1788), Roman Catholic cardinal
Azzone Visconti (1302–1339), lord of Milan
Bartolomeo Visconti (died 1457), Roman Catholic prelate and Bishop of Novara
Bernabò Visconti (1323–1385), Italian soldier and lord of Milan
Caterina Visconti (1361–1404), Duchess of Milan
Ennio Quirino Visconti (1751–1818), Italian antiquarian and art historian
Federico Visconti (1617–1693), Cardinal and Archbishop of Milan from 1681 to 1693
Filippo Maria Visconti (1392–1447), Duke of Milan
Filippo Visconti (bishop) (1596–1664), Roman Catholic Bishop of Catanzaro
Filippo Maria Visconti (bishop) (1721–1801), Archbishop of Milan
Galeazzo Visconti (disambiguation), several people
Gaspare Visconti (1538–1595), Archbishop of Milan from 1584 to 1595
Gian Maria Visconti (1388–1412), Duke of Milan
Giovanni Visconti (disambiguation), several people
John of Gallura (died 1275), John (or Giovanni) Visconti, Judge of Gallura, Sardinian ruler
Louis Visconti (1791–1853), Italian-born French architect
Ottone Visconti (1207–1295), Archbishop of Milan and lord of Milan
Teobaldo Visconti (1210–1276), Pope Gregory X
Valentina Visconti, Duchess of Orléans (1371–1408)
Valentina Visconti, Queen of Cyprus (c."
Viscum,"Viscum is a genus of about 70–100 species of mistletoes, native to temperate and tropical regions of Europe, Africa, Asia and Australasia."
Vishnu,"Vishnu ( VISH-noo; Sanskrit: विष्णु, lit. 'The Pervader', IAST: Viṣṇu, pronounced [ʋɪʂɳʊ]), also known as Narayana and Hari, is one of the principal deities of Hinduism."
Vistula,"The Vistula (; Polish: Wisła, Polish pronunciation: [ˈviswa] , German: Weichsel) is the longest river in Poland and the ninth-longest in Europe, at 1,047 kilometres (651 miles) in length."
Vitaceae,"The Vitaceae are a family of flowering plants, with 14 genera and around 910 known species, including common plants such as grapevines (Vitis spp.) and Virginia creeper (Parthenocissus quinquefolia)."
Vitis,Vitis (grapevine) is a genus of 79 accepted species of vining plants in the flowering plant family Vitaceae.
Vittaria,"Vittaria, the shoestring ferns, is a genus of ferns in the Vittarioideae subfamily of the family Pteridaceae."
Viverra,Viverra is a mammalian genus that was first named and described by Carl Linnaeus in 1758 as comprising several species including the large Indian civet (V. zibetha).
Viverridae,"Viverridae is a family of small to medium-sized, feliform mammals."
Viverrinae,"The Viverrinae represent the largest subfamily of the Viverridae comprising three genera, which are subdivided into six species native to Africa and Southeast Asia."
Viyella,"Viyella is a blend of wool and cotton first woven in 1893 in England, and the ""first branded fabric in the world""."
Vladivostok,"Vladivostok ( VLAD-iv-OST-ok; Russian: Владивосто́к, IPA: [vlədʲɪvɐˈstok] ) is the largest city and the administrative center of Primorsky Krai, in the far east of Russia."
Volans,Volans is a constellation in the southern sky.
Volga,The Volga (Russian: Во́лга) is the  longest river in Europe.
Volgograd,"Volgograd (Russian: Волгогра́д, IPA: [vəɫɡɐˈɡrat] ), formerly Tsaritsyn (Цари́цын; IPA: [tsɐˈrʲitsɨn]) (1589–1925), and Stalingrad (Сталингра́д; IPA: [stəlʲɪnˈɡrat] ) (1925–1961), is the largest city and the administrative centre of Volgograd Oblast, Russia."
Volkhov,"Volkhov (Russian: Во́лхов) is an industrial town and the administrative center of Volkhovsky District in Leningrad Oblast, Russia, located on the river Volkhov 122 kilometers (76 mi) east of St."
Voltaire,"François-Marie Arouet (French: [fʁɑ̃swa maʁi aʁwɛ]; 21 November 1694 – 30 May 1778), known by his nom de plume M. de Voltaire (; also US: ; French: [vɔltɛːʁ]), was a French Enlightenment writer, philosopher (philosophe), satirist, and historian."
Volvariella,Volvariella is a genus of mushrooms with deep salmon pink gills and spore prints.
Volvocaceae,"The Volvocaceae are a family of unicellular or colonial biflagellates, including the typical genus Volvox."
Volvox,Volvox is a polyphyletic genus of chlorophyte green algae in the family Volvocaceae.
Vouvray,"Vouvray (UK: , US: , French pronunciation: [vuvʁɛ] ) is a commune in the Indre-et-Loire department in central France."
Vulgate,"The Vulgate (; also called Biblia Vulgata (Bible in common tongue), Latin: [ˈbɪbli.a wʊlˈɡaːta]), sometimes referred to as the Latin Vulgate, is a late-4th-century Latin translation of the Bible."
Vulpecula,Vulpecula  is a faint constellation in the northern sky.
Vulpes,Vulpes  is a genus of the sub-family Caninae.
Wagon,"A wagon or waggon is a heavy four-wheeled vehicle pulled by draught animals or on occasion by humans, used for transporting goods, commodities, agricultural materials, supplies and sometimes people."
Wahhabism,"Wahhabism (Arabic: ٱلْوَهَّابِيَةُ, romanized: al-Wahhābiyya) is a reformist Islamic religious movement within Sunni Islam, based on the teachings of 18th century Hanbali cleric Muhammad ibn 'Abd al-Wahhab (c. 1703–1792)."
Waikiki,"Waikiki (; Hawaiian: Waikīkī; Hawaiian: [vɐjˈtiːtiː, wɐjˈkiːkiː]) is a Honolulu neighborhood and its eponymous beach on the south shore of the island of Oʻahu in the U.S. state of Hawaii."
Wales,Wales (Welsh: Cymru [ˈkəm.rɨ] ) is a country that is part of the United Kingdom.
Walkman,"Walkman, stylised as WALKMAN (ウォークマン), is a brand of portable audio players manufactured and marketed by Japanese company Sony since 1979."
Walloons,"Walloons (; French: Wallons [walɔ̃] ; Walloon: Walons) are a Gallo-Romance ethnic group native to Wallonia and the immediate adjacent regions of Flanders, France, Germany, Luxembourg and the Netherlands."
Wampanoag,"The Wampanoag (), also rendered Wôpanâak, are a Native American people of the Northeastern Woodlands currently based in southeastern Massachusetts and formerly parts of eastern Rhode Island."
Warburg,"Warburg (German pronunciation: [ˈvaːɐ̯bʊʁk] ; Westphalian: Warberich or Warborg) is a town in eastern North Rhine-Westphalia, central Germany on the river Diemel near the three-state point shared by Hessen, Lower Saxony and North Rhine-Westphalia."
Warji,"Warji is a Local Government Area of Bauchi State, Nigeria."
Warsaw,"Warsaw, officially the Capital City of Warsaw, is the capital and largest city of Poland."
Warwick,"Warwick ( WORR-ik) is a market town, civil parish and the county town of Warwickshire in the Warwick District in England, adjacent to the River Avon."
Waterford,Waterford (Irish: Port Láirge [pˠɔɾˠt̪ˠ ˈl̪ˠaːɾʲ(ə)ɟə]) is a city in County Waterford in the south-east of Ireland.
Watt,"The watt (symbol: W) is the unit of power or radiant flux in the International System of Units (SI), equal to 1 joule per second or 1 kg⋅m2⋅s−3."
Waugh,"Waugh is a surname ( or , or the Scots pronunciation sounding like ""Woch"" as in the Scots ""Loch"" (Lake) derived from the proto-Germanic Walhaz), and may refer to:

Ainsley Waugh (born 1981), Jamaican athlete
Andrew Scott Waugh (1810–1878), British Indian surveyor
Arthur Waugh (1866–1943), English author and publisher (father of Alec and Evelyn)
Alec Waugh (1898–1981), British novelist
Evelyn Waugh (1903–1966), British novelist
Auberon Waugh (1939–2001), British journalist and satirist (father of Alexander and Daisy)
Alexander Waugh (born 1963), British writer and journalist
Daisy Waugh (born 1967), British novelist and journalist
Arthur Waugh (priest) (1840–1922), English Anglican cleric
Arthur Waugh (civil servant) (1891–1968), British civil servant in India and folklorist
Arthur James Waugh (1909–1995)), Lord Mayor of Coventry 1962 and City Father
Barratt Waugh (born 1979), British countertenor singer
Benjamin Waugh (1839–1908), Victorian social reformer
Beverly Waugh (1789–1858), American bishop
Brian Kynaston Waugh (1922–1984), New Zealand aircraft designer
Bronagh Waugh (born 1982), a Northern Irish actress
Catherine Waugh McCulloch (1862–1945), American lawyer and suffragist
Clifton Waugh (born 1972), Jamaican footballer
David Waugh (1866–unknown), English professional footballer
Daniel Waugh (historian), American academic affiliated with the University of Washington in Seattle
Daniel W. Waugh (1842–1921), American representative from Indiana
Dean Waugh (born 1969), Australian cricketer, brother of Mark and Steve Waugh
Derek Waugh (born 1971), American athletics director at Dalton State College
Ed Waugh, British dramatist (collaborates with Trevor Wood)
Edward ""Terry"" Walter Rail Waugh (1913–1966), South African architect
Edwin Waugh (1817–1890), English poet
Frank Albert Waugh (1869–1943), American landscape architect, father of Frederick V.
Albert E. Waugh (1903–1985), American economist and provost of the University of Connecticut and son of Frank Albert
Frederick V. Waugh (1898–1974), American agricultural economist, son of Frank Albert and father of Margaret
Margaret Maxfield (née Waugh, 1926–2016), American mathematician, daughter of Frederick V.
Fred Waugh (1869–1919), Australian rules footballer
Geoff Waugh (born 1983), Canadian-Croatian ice hockey player
Hillary Waugh (1920–2008), American mystery novelist
Howard Waugh (1931–2009)), Canadian Football League player and 1st 1,000-yard rusher
Hubert Waugh (1898–1954), English cricketer
Ida Waugh (1846–1919), American illustrator
James Waugh (1831–1905), Scottish racehorse trainer
James Swanton Waugh (1822–1898), Australian Wesleyan priest of Irish origin
Jeff Waugh, Australian software engineer
Jewell Waugh (1910–2006), American politician
Jim Waugh (1933–2010), American baseball player (pitcher)
Jimmy Waugh (1898–1968)), British footballer
Joan Waugh, American historian
John Waugh (disambiguation), multiple individuals
Joseph Waugh (born 1952), British cyclist
Joseph Laing Waugh (1868–1928), Scottish businessman and writer
Keith Waugh (born 1956), English-born footballer, whose clubs included Peterborough United and Bristol City
Kevin Waugh (born 1955 or 1956), Canadian politician and former television sports journalist
Kim Waugh, Australian horse trainer
Mark Waugh (born 1965), Australian cricketer (twin brother of Steve)
Maury Waugh, American football (gridiron) coach
Mike Waugh (1955–2014), American politician
Michael Waugh (artist), American artist known for satirical drawings
Norman Waugh (1874–1934)), Australian rules footballer
Patricia Waugh (born 1956), English literary critic, Professor of English at Durham University
Phil Waugh (born 1979), Australian rugby union footballer
Pia Waugh (now known as Pia Andrews, born 1979), Australian policy advisor
Reuben Waugh (1875–1945), Canadian politician
Richard Deans Waugh (1868–1938), Canadian politician
Richard E. Waugh (born 1947), Deputy Chairman of Scotiabank
Ric Roman Waugh (born 1968), American film director
Richard Waugh (born 1961), voice actor
Robert T. Waugh (1919–1944), American Army Officer, Medal of Honor recipient
Russell Waugh (born 1941), Australian cricketer
Samuel Waugh (1814–1885), American painter
Frederick Judd Waugh (1861–1940), American marine painter and camouflage artist, son of Samuel
Coulton Waugh (1896–1973), British cartoonist, painter and author, son of Frederick Judd
Samuel C. Waugh (1890–1970), American banker, official with the U.S. Department of State
Scott L. Waugh (born 1948), American historian and academic administrator."
Wave,"In physics, mathematics, engineering, and related fields, a wave is a propagating dynamic disturbance (change from equilibrium) of one or more quantities."
Weber,"Weber (,  or ; German: [ˈveːbɐ]) is a surname of German origin, derived from the noun meaning ""weaver""."
Wedgwood,"Wedgwood is an English fine china, porcelain and luxury accessories manufacturer that was founded on 1 May 1759 by the potter and entrepreneur Josiah Wedgwood and was first incorporated in 1895 as Josiah Wedgwood and Sons Ltd."
Wednesday,Wednesday is the day of the week between Tuesday and Thursday.
Weimar,"Weimar is a city in the German state of Thuringia, in Central Germany between Erfurt to the west and Jena to the east, 80 km (50 mi) southwest of Leipzig, 170 km (106 mi) north of Nuremberg and 170 km (106 mi) west of Dresden."
Weimaraner,The Weimaraner ( WY-mər-ah-nər) is a large dog that was originally bred as a hunting dog in the early 19th century.
Weisshorn,"The Weisshorn (German, lit."
Weizmann,Weizmann or Weizman is a surname.
Wellington,Wellington (; Māori: Te Whanganui-a-Tara [tɛ ˈɸaŋanʉi a taɾa] or Pōneke [ˈpɔːnɛkɛ]) is the capital city of New Zealand.
Weltschmerz,"Weltschmerz (German: [ˈvɛltʃmɛɐ̯ts] ; literally ""world-pain"") is a literary concept describing the feeling experienced by an individual who believes that reality can never satisfy the expectations of the mind, resulting in ""a mood of weariness or sadness about life arising from the acute awareness of evil and suffering"".The term was coined by the German Romantic author Jean Paul in his 1827 novel Selina, and in its original definition in the Deutsches Wörterbuch by the Brothers Grimm, it denotes a deep sadness about the insufficiency of the world (""tiefe Traurigkeit über die Unzulänglichkeit der Welt"")."
Welty,Welty is a surname of Swiss-German origin.
Welwitschiaceae,"Welwitschiaceae  is a family of plants of the order Gnetales with one living species, Welwitschia mirabilis, found in southwestern Africa."
Wembley,"Wembley () is a large suburb in the London Borough of Brent, north-west London, 8 miles (13 km) northwest of Charing Cross."
Werfel,"Werfel is a German and Jewish surname, mentioned in Denmark, Poland, Czech Republic."
Wernicke,Wernicke is a surname.
Weser,The Weser (pronounced [ˈveːzɐ] ) is a river of Lower Saxony in north-west Germany.
Wessex,"The Kingdom of the West Saxons (; in West Saxon Old English: Ƿestseaxna rīċe [ˈwestsæɑksnɑ ˈriːtʃe]), also known as the Kingdom of Wessex, was an Anglo-Saxon kingdom in the south of Great Britain, from around 519 until England was unified."
West,West is one of the four cardinal directions or points of the compass.
Westernization,"Westernization (or Westernisation, see spelling differences), also Europeanisation or occidentalization (from the Occident), is a process whereby societies come under or adopt what is vaguely considered to be Western culture, in areas such as industry, technology, science, education, politics, economics, lifestyle, law, norms, mores, customs, traditions, values, mentality, perceptions, diet, clothing, language, writing system, religion, and philosophy."
Westminster,"Westminster is the main settlement of the City of Westminster in London, England."
Whirlaway,"Whirlaway (April 2, 1938 – April 6, 1953) was a champion American Thoroughbred racehorse who is the fifth winner of the American Triple Crown."
White,White is the lightest color and is achromatic (having no hue).
Whitehall,"Whitehall is a road and area in the City of Westminster, Central London, England."
Whitehorse,"Whitehorse (French pronunciation: [wajtɔʁs]) is the capital of Yukon, and the largest city in Northern Canada."
Whitsun,"Whitsun (also Whitsunday or Whit Sunday) is the name used in Britain, and other countries among Anglicans and Methodists, for the Christian holy day of Pentecost."
Wicca,"Wicca (English:  ), also known as ""The Craft"", is a modern pagan, syncretic, earth-centered religion."
Wiesbaden,"Wiesbaden (German pronunciation: [ˈviːsˌbaːdn̩] ; lit. 'meadow baths') is the capital of the German state of Hesse, and the second-largest Hessian city after Frankfurt am Main."
Wiesenthal,"Wiesenthal (German for ""meadow valley"") is a municipality in the Wartburgkreis district of Thuringia, Germany."
Wight,A wight  is a being or thing.
Wilde,Wilde is a surname.
Wilderness,"Wilderness or wildlands (usually in the plural) are natural environments on Earth that have not been significantly modified by human activity, or any nonurbanized land not under extensive agricultural cultivation."
Wilmut,Wilmut is a surname.
Winchester,"Winchester (, US also ) is a cathedral city in Hampshire, England."
Windhoek,"Windhoek (, Afrikaans: [ˈvəntɦuk], German: [ˈvɪnthʊk]) is the capital and largest city of Namibia."
Winesap,"Winesap is an old apple cultivar of unknown origin, dating at least to American colonial times."
Winnipeg,Winnipeg ( ) is the capital and largest city of the province of Manitoba in Canada.
Winteraceae,Winteraceae is a primitive family of tropical trees and shrubs including 93 species in five genera.
Wintun,"The Wintun are members of several related Native American peoples of Northern California, including the Wintu (northern), Nomlaki (central), and Patwin (southern)."
Wisconsin,Wisconsin ( ) is a state in the upper Midwestern United States.
Wisdom,"Wisdom, sapience, or sagacity is the ability to contemplate and act productively using knowledge, experience, understanding, common sense, and insight."
Witwatersrand,"The Witwatersrand (UK: , US also ; Afrikaans pronunciation: [ˌvətˌvɑːtəɾsˈɾant]; locally the Rand or, less commonly, the Reef) is a 56-kilometre-long (35 mi), north-facing scarp in South Africa."
Wolf,"The wolf (Canis lupus; pl.: wolves), also known as the gray wolf or grey wolf, is a large canine native to Eurasia and North America."
Wolff,Wolff is a variant of the Wolf surname which is derived from the baptismal names Wolfgang or Wolfram.
Wolffia,Wolffia is a genus of aquatic plants with a cosmopolitan distribution.
Wolffiella,Wolffiella is a genus of aquatic plants commonly called duckweeds in the family Araceae.
Wolverine,"The wolverine () (Gulo gulo; Gulo is Latin for ""glutton""), also referred to as the glutton, carcajou, or quickhatch (from East Cree, kwiihkwahaacheew), is the largest land-dwelling species of the family Mustelidae."
Wood,Wood is a structural tissue found in the stems and roots of trees and other woody plants.
Woodwardia,"Woodwardia is a genus of ferns in the family Blechnaceae, in the suborder Aspleniineae (eupolypods II) of the order Polypodiales."
Worcestershire,"Worcestershire (  WUUST-ər-shər,  -⁠sheer; written abbreviation: Worcs) is a ceremonial county in the West Midlands of England."
Word,"A word is a basic element of language that carries meaning, can be used on its own, and is uninterruptible."
WordNet,"WordNet is a lexical database of semantic relations between words that links words into semantic relations including synonyms, hyponyms, and meronyms."
Wouk,Wouk is a surname.
Wren,Wrens are a family of brown passerine birds in the predominantly New World family Troglodytidae.
Wright,Wright is an occupational surname originating in England.
Wuhan,"Wuhan ( , US also ; simplified Chinese: 武汉; traditional Chinese: 武漢; pinyin: Wǔhàn; [ù.xân] ) is the capital of Hubei Province in the People's Republic of China."
Wurlitzer,"The Rudolph Wurlitzer Company, usually referred to as simply Wurlitzer, is an American company started in Cincinnati in 1853 by German immigrant (Franz) Rudolph Wurlitzer."
Wycherley,"People with the family name Wycherley include:

Don Wycherley, Irish actor
Florence Wycherley, Irish politician
Ralph Wycherley, professional hockey player
Richard Ernest Wycherley, an English Classicist
Billy Fury (Ronald Wycherley), singer
William Wycherley, (c."
Wyeth,Wyeth was a pharmaceutical company until it was purchased by Pfizer in 2009.
Wynnea,Wynnea is a genus of fungi in the family Sarcoscyphaceae.
Wyoming,Wyoming ( ) is a state in the Mountain West subregion of the Western United States.
Wyomingite,Wyomingite is a type of volcanic rock.
Wyrd,Wyrd is a concept in  Anglo-Saxon culture roughly corresponding to fate or personal destiny.
XTC,XTC were an English rock band formed in Swindon in 1972.
Xanthium,"Xanthium (cocklebur) is a genus of flowering plants in the tribe Heliantheae within the family Asteraceae, native to the Americas and eastern Asia and some parts of south Asia."
Xanthomonas,"Xanthomonas (from greek: xanthos – ""yellow""; monas – ""entity"") is a genus of bacteria, many of which cause plant diseases."
Xanthosoma,"Xanthosoma is a genus of flowering plants in the arum family, Araceae."
Xenarthra,"Xenarthra (; from Ancient Greek ξένος, xénos, ""foreign, alien"" + ἄρθρον, árthron, ""joint"") is a major clade of placental mammals native to the Americas."
Xenicus,Xenicus is a genus of birds in the family Acanthisittidae.
Xenophanes,Xenophanes of Colophon ( zə-NOF-ə-neez; Ancient Greek: Ξενοφάνης ὁ Κολοφώνιος [ksenopʰánɛːs ho kolopʰɔ̌ːnios]; c.
Xenophon,"Xenophon of Athens (; Ancient Greek: Ξενοφῶν [ksenopʰɔ̂ːn]; c. 430 – probably 355 or 354 BC) was a Greek military leader, philosopher, and historian, born in Athens."
Xenopus,"Xenopus () (Gk., ξενος, xenos = strange, πους, pous = foot, commonly known as the clawed frog) is a genus of highly aquatic frogs native to sub-Saharan Africa."
Xenosauridae,"Xenosauridae is a family of anguimorph lizards whose only living representative is the genus Xenosaurus, which is native to Central America."
Xenosaurus,"Xenosaurus is a genus of lizards; it is the only extant genus in the family Xenosauridae, with 14 species currently recognized."
Xerox,"Xerox Holdings Corporation (, ZEER-ocks; also known simply as Xerox) is an American corporation that sells print and digital document products and services in more than 160 countries."
Xinjiang,"Xinjiang, officially the Xinjiang Uygur Autonomous Region, is an autonomous region of the People's Republic of China (PRC), located in the northwest of the country at the crossroads of Central Asia and East Asia."
Xiphosura,"Xiphosura (; from Ancient Greek  ξίφος (xíphos) 'sword', and  οὐρά (ourá) 'tail', in reference to its sword-like tail) is an order of arthropods related to arachnids."
Xmas,Xmas (also X-mas) is a common abbreviation of the word Christmas.
Xylaria,Xylaria is a genus of ascomycetous fungi commonly found growing on dead wood.
Xylariaceae,The Xylariaceae are a family of mostly small ascomycetous fungi.
Xylomelum,"Xylomelum is a genus of six species of flowering plants, often commonly known as woody pears, in the family Proteaceae and are endemic to Australia."
Xylopia,Xylopia is a genus of flowering plants in the family Annonaceae.
Xyridaceae,The Xyridaceae are  a family of flowering plants.
Xyris,"Xyris is a genus of flowering plants, the yelloweyed grasses, in the yellow-eyed-grass family."
Yahweh,"Yahweh was an ancient Levantine deity, and national god of the Israelite kingdoms of Israel and Judah."
Yalta,Yalta (Ukrainian and Russian:  Я́лта) is a resort city on the south coast of the Crimean Peninsula surrounded by the Black Sea.
Yama,"Yama (Sanskrit: यम), also known as Kala, and Dharmaraja is the Hindu god of death and justice, responsible for the dispensation of law and punishment of sinners in his abode, Naraka."
Yamamoto,Yamamoto (written: 山本 lit.
Yangon,"Yangon (Burmese: ရန်ကုန်; pronounced [jàɰ̃.ɡòʊɰ̃]), formerly romanized as Rangoon, is the capital of the Yangon Region and the largest city of Myanmar (also known as Burma)."
Yangtze,"The Yangtze, Yangzi or Changjiang (English:   or ; simplified Chinese: 长江; traditional Chinese: 長江; pinyin: Cháng Jiāng; lit."
Yankee,"The term Yankee and its contracted form Yank have several interrelated meanings, all referring to people from the United States."
Yavapai,The Yavapai are a Native American tribe in Arizona.
Yellowknife,"Yellowknife (; Dogrib: Sǫǫ̀mbak’è) is the capital, largest community, and only city in the Northwest Territories, Canada."
Yemen,"Yemen ( ; Arabic: ٱلْيَمَنْ, romanized: al-Yaman), officially the Republic of Yemen, is a country in West Asia."
Yenisey,"The Yenisey (Russian: Енисе́й, pronounced [jɪnʲɪˈsʲej]), also romanised as Yenisei or Jenisej, is the fifth-longest river system in the world, and the largest to drain into the Arctic Ocean."
Yerevan,"Yerevan (UK:  YERR-ə-VAN, US:  -⁠VAHN, Armenian: Երևան [jɛɾɛˈvɑn] , sometimes spelled Erevan) is the capital and largest city of Armenia, as well as one of the world's oldest continuously inhabited cities."
Yevtushenko,"Yevtushenko or Evtushenko (Ukrainian: Євтушенко, Russian: Евтушенко) is a gender-neutral Ukrainian surname that originates from the Greek given name Eutychius."
Yggdrasil,Yggdrasil (from Old Norse  Yggdrasill) is an immense and central sacred tree in Norse cosmology.
Yiddish,"Yiddish (ייִדיש‎, יידיש‎ or אידיש‎, yidish or idish, pronounced [ˈ(j)ɪdɪʃ], lit. 'Jewish'; ייִדיש-טײַטש‎, Yidish-Taytsh, lit. 'Judeo-German') is a West Germanic language historically spoken by Ashkenazi Jews."
Ymir,"In Norse mythology, Ymir (), also called Aurgelmir, Brimir, or Bláinn, is the ancestor of all jötnar."
Yogi,"A yogi is a practitioner of Yoga, including a sannyasin or practitioner of meditation in Indian religions."
Yokohama,"Yokohama (Japanese: 横浜, pronounced [jokohama] ) is the second-largest city in Japan by population and the most populous municipality of Japan."
Yokuts,The Yokuts (previously known as Mariposas) are an ethnic group of Native Americans native to central California.
York,"York is a cathedral city in North Yorkshire, England, with Roman origins, sited at the confluence of the rivers Ouse and Foss."
Yorkshire,"Yorkshire ( YORK-shər, -⁠sheer) is an area of Northern England and a historic county."
Ypres,"Ypres ( EE-prə, French: [ipʁ]; Dutch: Ieper [ˈipər] ; West Flemish: Yper; German: Ypern [ˈyːpɐn] ) is a Belgian city and municipality in the province of West Flanders."
Yugoslavia,Yugoslavia (; lit. 'Land of the South Slavs') was a country in Southeast and Central Europe that existed from 1918 to 1992.
Yukon,Yukon ( ; Canadian French: [jukõ]; formerly called the Yukon Territory and referred to as the Yukon) is the smallest and westernmost of Canada's three territories.
Yule,"Yule (also called Jul, jól or joulu) is a winter festival historically observed by the Germanic peoples that was incorporated into Christmas during the Christianisation of the Germanic peoples."
Yunnan,"Yunnan (UK: , US: ; Chinese: ) is a landlocked province in southwestern China."
Zabrze,"Zabrze (Polish pronunciation: [ˈzabʐɛ] ; German: 1915–1945: Hindenburg O.S., full form: Hindenburg in Oberschlesien, Silesian: Zŏbrze, Yiddish: זאַבזשע, romanized: Zabzhe) is an industrial city in Silesia in southern Poland, near Katowice."
Zagreb,Zagreb ( ZAH-greb Croatian: [zǎːɡreb] ) is the capital and largest city of Croatia.
Zaharias,Zaharias is a surname.
Zaire,"Zaire ( , also UK: ), officially the Republic of Zaire (French: République du Zaïre, [ʁepyblik dy zaiʁ]), was the name of the Democratic Republic of the Congo from 1971 to 1997."
Zalophus,Zalophus is a genus of the family Otariidae (sea lions and fur seals) of the order Carnivora.
Zambezi,"The Zambezi (also spelled Zambeze and Zambesi) is the fourth-longest river in Africa, the longest east-flowing river in Africa and the largest flowing into the Indian Ocean from Africa."
Zambia,"Zambia (), officially the Republic of Zambia (Bemba: Icalo ca Zambia; Tonga: Cisi ca Zambia; Tumbuka: Chalo cha Zambia; Lozi: Naha ya Zambia; Chichewa: Dziko la Zambia), is a landlocked country at the crossroads of Central, Southern and East Africa."
Zamiaceae,The Zamiaceae are a family of cycads that are superficially palm or fern-like.
Zangwill,Zangwill is a surname.
Zannichellia,"Zannichellia (common name horned pondweed) is a genus of submerged aquatic flowering plant, with threadlike leaves and tiny flowers."
Zantedeschia,"Zantedeschia  is a genus of eight species of herbaceous, perennial, flowering plants in the aroid family, Araceae, native to southern Africa (from South Africa northeast to Malawi)."
Zanthoxylum,"Zanthoxylum is a genus of about 250 species of deciduous and evergreen trees, shrubs and climbers in the family Rutaceae that are native to warm temperate and subtropical areas worldwide."
Zanzibar,Zanzibar is an insular semi-autonomous region which united with Tanganyika in 1964 to form the United Republic of Tanzania.
Zapodidae,"Zapodidae, the jumping mice, is a family of mouse-like rodents in North America and China."
Zapus,Zapus is a genus of North American jumping mouse.
Zaragoza,"Zaragoza (Spanish: [θaɾaˈɣoθa] ) also known in English as Saragossa, is the capital city of the province of Zaragoza and of the autonomous community of Aragon, Spain."
Zaria,"Zaria is a metropolitan city in Nigeria which lies within four local government areas in Kaduna State; it is the capital city to the Zazzau Emirate Council, and one of the original seven Hausa city-states and a major city in the state."
Zarqa,Zarqa (Arabic: الزرقاء) is the capital of Zarqa Governorate in Jordan.
Zealand,"Zealand (Danish: Sjælland [ˈɕeˌlænˀ]) at 7,031 km2 is the largest and most populous island in Denmark proper (thus excluding Greenland and Disko Island, which are larger in size)."
Zeidae,"The Zeidae (named after Zeus, the supreme god of Greek mythology) are a family of large, showy, deep-bodied zeiform marine fish—the ""true dories""."
Zeitgeist,"In 18th- and 19th-century German philosophy, a zeitgeist (capitalized in German; German pronunciation: [ˈtsaɪtɡaɪst] )  (""spirit of the age"") is an invisible agent, force, or daemon dominating the characteristics of a given epoch in world history."
Zen,"Zen (Japanese; from Chinese Chán; in Korea Seon, Vietnam Thiền) is a school of Mahayana Buddhism that originated in China during the Tang dynasty as the Chan School (Chánzong 禪宗, ""meditation school"") or the Buddha-mind school (foxin zong),"" and later developed into various sub-schools and branches."
Zend,"Zend or Zand (Middle Persian: 𐭦𐭭𐭣) is a Zoroastrian technical term for exegetical glosses, paraphrases, commentaries and translations of the Avesta's texts."
Zephaniah,"Zephaniah (, Hebrew: צְפַנְיָה, Modern: Ṣəfanya, Tiberian: Ṣep̄anyā, ""Concealed of/is YHWH"") is the name of several people in the Hebrew Bible; the most prominent being the prophet who prophesied in the days of Josiah, king of Judah (640–609 BCE) and is attributed a book bearing his name among the Twelve Minor Prophets."
Zeppelin,A Zeppelin is a type of rigid airship named after the German inventor Ferdinand von Zeppelin (German pronunciation: [ˈt͡sɛpəliːn] ) who pioneered rigid airship development at the beginning of the 20th century.
Zeus,"Zeus (, Ancient Greek: Ζεύς) is the sky and thunder god in ancient Greek religion and mythology, who rules as king of the gods on Mount Olympus."
Ziegler,"Ziegler is a common German-language surname meaning ""brick-maker"" and may refer to the following people:


== Actors ==
Ernst Ziegler (1894–1974), German actor
Lulu Ziegler (1903–1973), Danish actress
Matilda Ziegler (born 1964), English actress
Maddie Ziegler (born 2002), American dancer and actress
Mackenzie Ziegler (born 2004), American dancer and actress


== Authors ==
Calvin Ziegler (1854–1930), Pennsylvanian poet
Christiana Mariana von Ziegler (1695–1760), German poet
Jennifer Ziegler, American author


== Fictional characters ==
Morgan Ziegler, a.k.a."
Zigadenus,"Zigadenus is a genus of flowering plants now containing only one species, Zigadenus glaberrimus, the sandbog death camas, found in the southeastern United States from Mississippi to Virginia."
Zimbabwe,"Zimbabwe (), officially the Republic of Zimbabwe, is a landlocked country in Southern Africa, between the Zambezi and Limpopo Rivers, bordered by South Africa to the south, Botswana to the southwest, Zambia to the north, and Mozambique to the east."
Zimbalist,"Zimbalist (originally Tsimbalist) is a surname that means ""one who plays the cimbalom (traditional string instrument of Central and East Europe)"" and can refer to:

Al Zimbalist (1910–1975), producer of low-budget films such as Cat Women of the Moon, Watusi, and Baby Face Nelson
Andrew Zimbalist (born 1947), American economist, father of Jeff and Michael
Efrem Zimbalist (1889–1985), Russian violinist, father of Efrem Jr."
Zinfandel,Zinfandel (also known as Primitivo) is a variety of black-skinned wine grape.
Zingiber,"The genus Zingiber is native to Southeast Asia especially in Thailand, China, the Indian Subcontinent, and New Guinea."
Zingiberaceae,"Zingiberaceae () or the ginger family is a family of flowering plants made up of about 50 genera with a total of about 1600 known species of aromatic perennial herbs with creeping horizontal or tuberous rhizomes distributed throughout tropical Africa, Asia, and the Americas."
Zinnemann,Zinnemann is a surname.
Zinsser,Zinsser is a surname.
Zion,"Zion (Hebrew: צִיּוֹן Ṣīyyōn, LXX Σιών, also variously transliterated Sion, Tzion, Tsion, Tsiyyon) is a placename in the Hebrew Bible, often used as a synonym for Jerusalem as well as for the Land of Israel as a whole."
Zionism,"Zionism (; Hebrew: צִיּוֹנוּת Tsīyyonūt, [tsijoˈnut]; derived from Zion) is a nationalist movement that emerged in the 19th century to enable the establishment of a homeland for the Jewish people in Palestine, a region roughly corresponding to the Land of Israel in Jewish tradition."
Ziziphus,"Ziziphus  is a genus of about 40 species of spiny shrubs and small trees in the buckthorn family, Rhamnaceae, distributed in the warm-temperate, subtropical and tropical regions of the world."
Zoarces,"Zoarces is a genus of marine ray-finned fishes belonging to the family Zoarcidae, the eelpouts."
Zonotrichia,Zonotrichia is a genus of five extant American sparrows of the family Passerellidae.
Zoroaster,"Zoroaster, also known as Zarathustra, was a religious reformer and spiritual founder of Zoroastrianism."
Zoroastrianism,"Zoroastrianism, also known as Mazdayasna and Behdin, is an Iranian religion and one of the world's oldest organized faiths, based on the teachings of the Iranian-speaking prophet Zoroaster."
Zostera,"Zostera is a small genus of widely distributed seagrasses, commonly called marine eelgrass, or simply seagrass or eelgrass, and also known as seaweed by some fishermen and recreational boaters including yachtsmen."
Zosteraceae,"Zosteraceae (one of the four seagrasses families, Kubitzki ed."
Zsigmondy,Zsigmondy is a Hungarian surname.
Zukerman,Zukerman is a surname.
Zurvanism,"Zurvanism is a fatalistic religious movement of Zoroastrianism in which the divinity Zurvan is a first principle (primordial creator deity) who engendered equal-but-opposite twins, Ahura Mazda and Angra Mainyu."
Zweig,"Zweig (German for ""twig"" or ""branch"") is the surname of:"
Zygnema,Zygnema is a genus of freshwater filamentous thalloid alga comprising about 100 species.
Zygnemataceae,"The Zygnemataceae are a family of filamentous or unicellular, uniseriate (unbranched) green algae."
Zygnematales,"The Zygnematales (Greek: ζυγός (zygós) and νῆμα (nḗma) (nom.), νήματος (nḗmatos) (gen.)), also called the Conjugatales, are an order of green algae, comprising several thousand different species in two families."
Zygomycota,"Zygomycota, or zygote fungi, is a former division or phylum of the kingdom Fungi."
Zygophyllaceae,Zygophyllaceae is a family of flowering plants that contains the bean-caper and caltrop.
Zygophyllum,Zygophyllum is the type genus of the flowering plant family Zygophyllaceae.
iPod,The iPod is a discontinued series of portable media players and multi-purpose mobile devices designed and marketed by Apple Inc.
pH,"In chemistry, pH ( pee-AYCH), also referred to as acidity or basicity, historically denotes ""potential of hydrogen"" (or ""power of hydrogen"")."
