word,zipf,countable,uncountable,n_senses,first_gloss,variant_of,flag_reason,wikt_pos_list,wikt_dominant_pos,wikt_abbrev,corpus_n,corpus_dominant,corpus_noun_share,corpus_tag,corpus_name,likely_noun,name_suspect,pos_tags,lemma,pos_overlap,plural_of,verdict,scowl_verdict,scowl_size,scowl_pos,scowl_american_standard
you,6.98,0,0,1,The name of the Latin script letter U/u.,,closed-class function word,pron:8;det:3;noun:1;verb:1,pron,False,16655,OTHER,0.0,,False,False,False,NOUN,,,,,noun,35,n:2;pn:1,True
it,6.95,0,0,9,One who is neither a he nor a she; a creature; a dehumanized being.,It,closed-class function word,pron:14;noun:9;adj:1;det:1,pron,False,22749,OTHER,0.001,,False,False,False,NOUN,,,,,noun,35,n:2;pn:1,True
all,6.52,1,1,3,Everything that one is capable of.,,closed-class function word,adv:5;det:4;pron:4;noun:3;adj:1;conj:1,adv,False,6540,OTHER,0.001,,False,False,False,NOUN,,,,,noun,35,n:1;aj:1;av:1;pre:1,True
if,6.47,0,0,1,"An uncertainty, possibility, condition, doubt etc.",,closed-class function word,conj:10;noun:1,conj,False,6033,OTHER,0.0,,False,False,False,,,,,,noun,35,n:2;c:1,True
up,6.39,1,1,4,The direction opposed to the pull of gravity.,,closed-class function word,adj:30;adv:19;prep:7;verb:6;noun:4,adj,False,4831,OTHER,0.005,,False,False,False,ADJ;ADV;NOUN;VERB,,"noun, also adjective/verb/adverb",,,noun,35,n:2;v:2;aj:1;av:1;pp:1;pre:1,True
what,6.38,1,1,3,Something; thing; stuff.,,closed-class function word,det:5;intj:5;pron:4;noun:3;particle:3;adv:2,det,True,5491,OTHER,0.0,,False,False,False,NOUN,,,,,noun,35,n:2;a:1;pn:1;i:1,True
her,6.3,0,0,1,A female person or animal.,,closed-class function word,det:2;noun:1;pron:1,det,False,4908,OTHER,0.0,,False,False,False,NOUN,,,,,noun,35,n:2;a:1;pn:1,True
she,6.26,0,0,1,A female.,,closed-class function word,pron:6;det:1;noun:1;verb:1,pron,False,5069,OTHER,0.0,,False,False,False,NOUN,,,,,noun,35,n:2;pn:1,True
how,6.24,0,0,3,The means by which something is accomplished.,,closed-class function word,adv:13;noun:3;intj:2;conj:1,adv,False,2623,OTHER,0.0,,False,False,False,ADV;NOUN,,"noun, also adverb",,,noun,35,n:2;av:1;c:1,True
him,6.11,0,0,1,A male person or animal.,,closed-class function word,pron:8;noun:1,pron,False,3897,OTHER,0.0,,False,False,False,NOUN,,,,,noun,35,n:2;pn:1,True
where,6.0,0,0,1,The place in which something happens.,,closed-class function word,adv:8;conj:2;noun:1;pron:1,adv,False,2190,OTHER,0.0,,False,False,False,ADV;NOUN,,"noun, also adverb",,,noun,35,n:2;a:1;c:1,True
many,5.91,0,0,2,A multitude; a great aggregate; a mass of people; the generality; the common herd.,,closed-class function word,det:2;noun:2;adj:1;pron:1,det,False,2370,ADJ,0.014,,False,False,False,NOUN,,,,,noun,35,n:1;aj:1,True
doing,5.6,1,1,1,"A deed or action, especially when somebody is held responsible for it.",,closed-class function word,intj:1;noun:1;verb:1,intj,False,678,VERB,0.006,,False,False,False,NOUN;VERB,,"noun, also verb",,,noun,35,n:2,True
physical,4.94,0,0,2,A physical examination.,,adjective in practice (corpus),adj:10;noun:2,adj,False,216,ADJ,0.009,,False,False,False,ADJ;NOUN,,"noun, also adjective",,,noun,35,n:2;aj:1,True
creative,4.6,1,1,2,A person directly involved in a creative process; a creator of creative content.,,adjective in practice (corpus),adj:5;noun:2,adj,False,110,ADJ,0.0,,False,False,False,ADJ;NOUN,,"noun, also adjective",,,noun,35,n:2;aj:1,True
brilliant,4.55,1,1,4,"A finely cut gemstone, especially a diamond, cut in a particular form with numerous facets so as to maximize light return through the top (called ""table"") of the stone.",,adjective in practice (corpus),adj:6;noun:4;verb:1,adj,False,64,ADJ,0.0,,False,False,False,ADJ;NOUN,,"noun, also adjective",,,noun,35,n:2;aj:1,True
visual,4.5,0,0,5,Any element of something that depends on sight.,,adjective in practice (corpus),noun:5;adj:2,noun,False,70,ADJ,0.014,,False,False,False,ADJ;NOUN,,"noun, also adjective",,,noun,35,n:2;aj:1,True
practical,4.48,0,0,4,A part of an exam or series of exams in which the candidate has to demonstrate their practical ability,,adjective in practice (corpus),adj:5;noun:4,adj,False,97,ADJ,0.0,,False,False,False,ADJ;NOUN,,"noun, also adjective",,,noun,35,n:1;aj:1,True
casual,4.23,0,0,9,"A worker who is only working for a company occasionally, not as its permanent employee.",,,noun:9;adj:7,noun,False,32,ADJ,0.062,usually adjective (corpus),False,True,False,ADJ;NOUN,,"noun, also adjective",,,noun,35,n:2;aj:1,True
aye,3.89,0,0,1,An affirmative vote; one who votes in the affirmative.,,intj in Wiktionary (not a noun),intj:6;adv:1;noun:1;verb:1,intj,False,32,OTHER,0.0,,False,False,False,NOUN,,,,,noun,35,n:1;av:1,True
simplex,2.97,0,0,4,"A generalization of a triangle or tetrahedron to an arbitrary dimension; more accurately, the convex hull of n+1 affinely independent points in n-dimensional space.",,,adj:7;noun:4,adj,False,1,PROPN,0.0,,False,True,False,ADJ;NOUN,,"noun, also adjective",,,noun,35,n:1;aj:1,True
expendable,2.96,0,0,1,An expendable person or object; usually used in the plural.,,,adj:4;noun:1,adj,False,2,ADJ,0.0,,False,True,False,ADJ;NOUN,,"noun, also adjective",,,noun,35,n:2;aj:1,True
multitasking,2.93,0,1,2,The simultaneous execution of multiple tasks (programs) under the control of an interrupt-driven operating system.,,,noun:2;verb:1,noun,False,11,NOUN,0.636,,False,True,False,NOUN,,,,,noun,35,n:1;aj:1,True
slog,2.87,1,1,4,"A long, tedious walk or march.",,,noun:4;verb:3,noun,False,0,,,,False,True,False,NOUN;VERB,,"noun, also verb",,,noun,35,n:1;v:1,True
chipper,2.84,0,0,10,Someone who or something which chips (e.g. wood).,,,noun:10;adj:1;verb:1,noun,False,1,ADJ,0.0,,False,True,False,NOUN,,,,,noun,35,n:2;aj:1,True
lymphatic,2.82,0,0,1,A vessel that transports lymph.,,,adj:3;noun:1,adj,False,0,,,,False,True,False,ADJ;NOUN,,"noun, also adjective",,,noun,35,n:2;aj:1,True
timescale,2.74,0,0,1,Alternative spelling of time scale.,time scale,spelling variant of another word (Wiktionary gloss),noun:1,noun,False,0,,,,False,False,False,NOUN,,,,,noun,35,n:1,True
lowdown,2.63,0,1,2,"inside information, the story or truth.",,,adj:3;noun:2;adv:1,adj,False,1,ADJ,0.0,,False,True,False,NOUN,,,,,noun,35,n:1;aj:1,True
redirection,2.58,1,1,2,The act of setting a new direction.,,,noun:2,noun,False,0,,,,False,True,False,NOUN,,,,,noun,35,n:2,True
linker,2.57,0,0,6,That which links.,,,noun:6;verb:1,noun,False,0,,,,False,True,False,NOUN,,,,,noun,35,n:2,True
typesetting,2.56,1,1,1,The setting of written material into type.,,,noun:1;verb:1,noun,False,2,NOUN,0.5,,False,True,False,NOUN,,,,,noun,35,n:1,True
trapdoor,2.49,0,0,5,A hinged or sliding door set into a floor or ceiling.,,,noun:5;verb:2,noun,False,1,NOUN,1.0,,False,True,False,NOUN,,,,,noun,35,n:2,True
corrector,2.42,0,0,3,One who corrects.,,,noun:3,noun,False,0,,,,False,True,False,NOUN,,,,,noun,35,n:1,True
structuralist,2.15,0,0,1,An advocate or follower of structuralism.,,,adj:1;noun:1,adj,False,0,,,,False,True,False,ADJ;NOUN,,"noun, also adjective",,,noun,35,n:2,True
maintainability,2.13,1,1,1,The ease with which something can be maintained.,,,noun:1,noun,False,0,,,,False,True,False,NOUN,,,,,noun,35,n:2,True
backslash,2.08,0,0,2,The punctuation mark \ (a left-leaning diagonal line). (Common uses include (1) use as a delimiter in filepaths and (2) use as an escape character to mark literals.),,,noun:2;verb:1,noun,False,0,,,,False,True,False,,,,,,noun,35,n:3,True
trunking,2.03,1,1,5,All the electrical and communications cables bundled together and distributed through a building.,,,noun:5;verb:1,noun,False,0,,,,False,True,False,,,"verb form (-ing, morphology)",,,noun,35,n:1,True
resolver,2.0,0,0,2,One who or that which resolves.,,,noun:2,noun,False,0,,,,False,True,False,NOUN,,,,,noun,35,n:2,True
sync,3.86,1,1,3,Clipping of synchronization or synchrony.,synchronization or synchrony,clipping (Wiktionary gloss),noun:3;verb:2,noun,True,2,NOUN,1.0,,False,False,False,,,,,,noun,40,v:2;n:1;aj:1,True
mister,3.56,0,0,7,"Alternative spelling of Mister, especially when used as a form of address without a name.",,spelling variant of another word (Wiktionary gloss),noun:7;verb:2,noun,False,27,PROPN,0.0,name in practice (corpus),True,False,True,NOUN,,,,,noun,40,n:2,True
biggie,3.18,0,0,1,Alternative spelling of biggy.,biggy,spelling variant of another word (Wiktionary gloss),noun:1,noun,False,0,,,,False,False,False,,,,,,noun,40,n:1,True
showbiz,3.03,0,1,1,Clipping of showbusiness.,showbusiness,clipping (Wiktionary gloss),noun:1,noun,True,0,,,,False,False,False,,,,,,noun,40,n:1,True
moisturizer,2.99,1,1,2,Something that causes moisture or a condition of wetness; something that makes things moist.,,,noun:2,noun,False,0,,,,False,True,False,NOUN,,,,,noun,40,n:1,True
reprise,2.96,0,0,7,A recurrence or resumption of an action.,,,noun:7;verb:3,noun,False,0,,,,False,True,False,NOUN;VERB,,"noun, also verb",,,noun,40,v:3;n:2,True
troubleshooting,2.96,0,1,1,"The identification and resolution of problems, especially problems of a technical nature.",,,noun:1;verb:1,noun,False,0,,,,False,True,False,NOUN;VERB,,"noun, also verb",,,noun,40,n:1,True
coed,2.9,0,0,1,Alternative form of co-ed.,co-ed,spelling variant of another word (Wiktionary gloss),adj:1;noun:1,adj,False,2,NOUN,0.5,,False,False,False,NOUN,,,,,noun,40,n:1;aj:1,True
riverfront,2.76,0,0,1,The real estate located along the banks of a river.,,,noun:1,noun,False,1,NOUN,1.0,,False,True,False,,,,,,noun,40,n:2,True
pejorative,2.74,0,0,1,"A disparaging, belittling, or derogatory word or expression.",,,adj:1;noun:1,adj,False,3,ADJ,0.0,,False,True,False,ADJ;NOUN,,"noun, also adjective",,,noun,40,n:2;aj:1,True
lookalike,2.73,0,0,2,"Someone who, or something which, physically resembles (looks like) another.",,,noun:2,noun,False,0,,,,False,True,False,ADJ;NOUN,,"noun, also adjective",,,noun,40,n:1,True
toolbar,2.73,0,0,1,"A row of buttons, usually marked with icons, used to activate the functions of an application or operating system.",,,noun:1,noun,False,2,NOUN,1.0,,False,True,False,,,,,,noun,40,n:1,True
lunchbox,2.72,0,0,7,"A container for transporting meals, especially lunch.",,,noun:7,noun,False,1,NOUN,1.0,,False,True,False,,,,,,noun,40,n:1,True
indigent,2.68,0,0,1,"A person in need, or in poverty.",,,adj:2;noun:1,adj,False,1,ADJ,0.0,,False,True,False,ADJ;NOUN,,"noun, also adjective",,,noun,40,n:2;aj:1,True
truckload,2.68,0,0,2,The contents of a full truck or lorry.,,,noun:2,noun,False,0,,,,False,True,False,NOUN,,,,,noun,40,n:1,True
recyclable,2.67,0,0,1,"An object that can be recycled, such as a soda can.",,,adj:1;noun:1,adj,False,1,ADJ,0.0,,False,True,False,ADJ;NOUN,,"noun, also adjective",,,noun,40,n:2;aj:1,True
upswing,2.66,0,0,2,An upward swing.,,,noun:2;verb:1,noun,False,2,NOUN,1.0,,False,True,False,NOUN,,,,,noun,40,n:1,True
preppy,2.63,0,0,1,A student of a prep school.,,,adj:1;noun:1,adj,False,0,,,,False,True,False,ADJ;NOUN,,"noun, also adjective",,,noun,40,aj:2;n:1,True
expansionist,2.57,0,0,1,An advocate of expansionism.,,,adj:1;noun:1,adj,False,1,NOUN,1.0,,False,True,False,ADJ;NOUN,,"noun, also adjective",,,noun,40,n:1;aj:1,True
aftershave,2.56,1,1,1,"a lotion, gel, or liquid used after finishing shaving",,,noun:1,noun,False,0,,,,False,True,False,NOUN,,,,,noun,40,n:2,True
phobic,2.53,0,0,1,A person who has a phobia.,,,adj:2;noun:1,adj,False,1,ADJ,0.0,,False,True,False,ADJ;NOUN,,"noun, also adjective",,,noun,40,n:2;aj:1,True
synch,2.53,0,0,1,Alternative spelling of sync.,sync,spelling variant of another word (Wiktionary gloss),noun:1;verb:1,noun,False,1,NOUN,1.0,,False,False,False,NOUN,,,,,noun,40,v:2;n:1;aj:1,False
moisturiser,2.51,0,0,1,Non-Oxford British English standard spelling of moisturizer.,moisturizer,,noun:1,noun,False,0,,,,False,True,False,NOUN,,,,,noun,40,n:1,False
shortwave,2.51,0,0,4,"An electromagnetic wave with a relatively short wavelength; specifically, one with a wavelength generally between 10 and 100 metres, corresponding to a frequency between 3 and 30 megahertz.",,,noun:4;adj:2;adv:1,noun,False,0,,,,False,True,False,NOUN,,,,,noun,40,n:2;aj:1,True
windsurfing,2.48,0,1,1,A marine sport in which one stands on a floating board (typically 2 - 3 meters in length) to which a sail is attached. The board is steered by tilting the sail or banking the board. Some windsurfers u,,,noun:1;verb:1,noun,False,1,VERB,0.0,,False,True,False,NOUN,,,,,noun,40,n:1,True
copter,2.46,0,0,1,A helicopter.,,,verb:3;noun:1,verb,False,0,,,,False,True,False,NOUN,,,,,noun,40,n:1,True
telethon,2.45,0,0,1,A televised fundraising event encouraging viewers to make donations via telephone.,,,noun:1,noun,False,0,,,,False,True,False,,,,,,noun,40,n:1,True
costar,2.43,0,0,2,A person who shares star billing with another.,,,noun:2;verb:2,noun,False,0,,,,False,True,False,NOUN;VERB,,"noun, also verb",,,noun,40,n:1;v:1,True
markdown,2.4,0,0,1,A reduction in price in order to stimulate sales.,,,name:1;noun:1,name,False,3,NOUN,1.0,,False,True,False,,,,,,noun,40,n:1,True
multimillionaire,2.4,0,0,1,"A person whose net worth is multiple million dollars, pounds, euros or some other currency.",,,noun:1,noun,False,1,NOUN,1.0,,False,True,False,,,,,,noun,40,n:1,True
marketability,2.39,1,1,1,The likelihood that something will sell; market appeal.,,,noun:1,noun,False,1,NOUN,1.0,,False,True,False,NOUN,,,,,noun,40,n:1,True
rollicking,2.39,0,0,1,"A scolding, a bollocking.",,,adj:1;noun:1;verb:1,adj,False,1,VERB,0.0,,False,True,False,,,"verb form (-ing, morphology)",,,noun,40,n:1,True
boombox,2.38,0,0,1,A powerful portable audio system for listening collectively to recorded or broadcast sound.,,,noun:1,noun,False,0,,,,False,True,False,,,,,,noun,40,n:1,True
northerner,2.34,0,0,1,"A native or inhabitant of the north of a region (or of the world as a whole), such as one of the northern United States, the north of Norway, etc.",,,noun:1,noun,False,4,NOUN,1.0,,False,True,False,NOUN,,,,,noun,40,n:1,True
pinup,2.32,0,0,1,Alternative form of pin-up.,pin-up,spelling variant of another word (Wiktionary gloss),noun:1,noun,False,0,,,,False,False,False,,,,,,noun,40,n:1,True
downstate,2.3,0,0,2,"The southern region of certain US states, particularly Michigan, New York, and Illinois.",,,noun:2;adj:1;adv:1,noun,False,0,,,,False,True,False,ADJ;ADV;NOUN,,"noun, also adjective/adverb",,,noun,40,n:1;aj:1,True
groundswell,2.29,0,0,2,"A broad undulation of the open ocean, often as the result of a distant disturbance.",,,noun:2,noun,False,1,NOUN,1.0,,False,True,False,NOUN,,,,,noun,40,n:2,True
sandcastle,2.27,0,0,1,"A sculpture made of sand and resembling a miniature castle; typically, but not always, made for fun by a child on a beach.",,,noun:1,noun,False,0,,,,False,True,False,,,,,,noun,40,n:1,True
layaway,2.25,1,1,3,A pit in which hides are stored.,,,noun:3;verb:2,noun,False,0,,,,False,True,False,,,,,,noun,40,n:1;a:1,True
runaround,2.24,0,0,4,An evasive explanation in the form of multiple excuses.,,,noun:4,noun,False,1,NOUN,1.0,,False,True,False,,,,,,noun,40,n:2,True
joblessness,2.21,0,1,2,The state of being jobless or unemployed.,,,noun:2,noun,False,2,NOUN,1.0,,False,True,False,NOUN,,,,,noun,40,n:1,True
reeducation,2.18,1,1,2,The act of educating again or anew so as to rehabilitate or adapt to new situations.,,,noun:2,noun,False,0,,,,False,True,False,NOUN,,,,,noun,40,n:1,True
footsie,2.12,1,1,3,"A flirting game where two people touch their feet together, under a table or otherwise concealed, as a romantic prelude.",,,noun:3,noun,False,0,,,,False,True,False,,,,,,noun,40,n:2,True
wingtip,2.12,0,0,3,"The extreme tip of the wing of an aircraft, bird, flying insect, etc.",,,noun:3,noun,False,0,,,,False,True,False,,,,,,noun,40,n:2,True
tokenism,2.06,1,1,1,"A policy of formally complying with efforts to achieve a goal by making small, token gestures; especially to hire a minimal number of ethnically diverse or disadvantaged people.",,,noun:1,noun,False,0,,,,False,True,False,NOUN,,,,,noun,40,n:1,True
workfare,2.04,0,1,1,A form of welfare in which people are required to work as a condition of receiving aid,,,noun:1,noun,False,0,,,,False,True,False,NOUN,,,,,noun,40,n:1,True
intel,4.07,0,1,1,Intelligence (secret information).,,,noun:1,noun,False,12,PROPN,0.0,name in practice (corpus),True,True,True,,,,,,noun,50,n:1,True
handheld,3.36,0,0,1,Alternative form of hand-held.,hand-held,spelling variant of another word (Wiktionary gloss),adj:1;noun:1,adj,False,2,ADJ,0.0,,False,False,False,ADJ;NOUN,,"noun, also adjective",,,noun,50,n:2;aj:1,True
palazzo,2.99,0,0,1,"A large, palatial urban building in Italy.",,,noun:1,noun,False,12,PROPN,0.25,,False,True,False,,,,,,noun,50,n:2,True
ringtone,2.99,0,0,2,The sound made by a telephone when ringing.,,,noun:2;verb:1,noun,False,1,NOUN,1.0,,False,True,False,,,,,,noun,50,n:2,True
webcast,2.97,0,0,1,A video and/or audio broadcast transmitted via the Internet,,,noun:1;verb:1,noun,False,0,,,,False,True,False,,,,,,noun,50,n:2;v:1,True
jihadist,2.96,0,0,3,"One who participates in a jihad, an Islamic holy war or conflict; a mujahid.",,,noun:3;adj:1,noun,False,1,NOUN,1.0,,False,True,False,,,,,,noun,50,n:1,True
constitutionality,2.94,0,1,1,The status of being constitutional; of being in accord with the provisions of the appropriate constitution.,,,noun:1,noun,False,1,NOUN,1.0,,False,True,False,NOUN,,,,,noun,50,n:1,True
slideshow,2.94,0,0,3,"A presentation of a series of photographic slides, usually with a spoken or recorded explanation.",,,noun:3,noun,False,0,,,,False,True,False,,,,,,noun,50,n:2,True
firefighting,2.92,0,1,3,The extinguishing of a fire.,,,noun:3,noun,False,1,NOUN,1.0,,False,True,False,NOUN,,,,,noun,50,n:1,True
soulmate,2.92,0,0,1,"Someone, especially a romantic partner, with whom one is exceptionally or uniquely compatible or has a special, almost spiritual connection.",,,noun:1,noun,False,0,,,,False,True,False,,,,,,noun,50,n:1,True
helpline,2.91,0,0,1,"A telephone service (or (by extension) one using email, SMS, or the Web) which offers help to those who call, as either a public emergency service or customer service.",,,noun:1,noun,False,0,,,,False,True,False,NOUN,,,,,noun,50,n:2,True
antivirus,2.9,0,0,1,"A piece of software that is used to detect, delete and or neutralize computer-based viruses.",,,noun:1,noun,False,0,,,,False,True,False,NOUN,,,,,noun,50,n:1,True
carotid,2.9,0,0,1,Either of the two main arteries that supply blood to the head of which the left in humans arises from the arch of the aorta and the right by bifurcation of the brachiocephalic artery with each passing,,,adj:1;noun:1,adj,False,2,NOUN,1.0,,False,True,False,ADJ;NOUN,,"noun, also adjective",,,noun,50,n:2;aj:1,True
underpinning,2.88,0,0,3,"A support or foundation, especially as a structure of masonry that supports a wall.",,,noun:3;verb:1,noun,False,3,VERB,0.333,,False,True,False,NOUN;VERB,,"noun, also verb",,,noun,50,n:2,True
widescreen,2.88,0,0,1,"A screen with a wider aspect ratio than the ordinary 35-millimeter frame, making more effective use of the human field of view and producing a more immersive view experience.",,,adj:2;noun:1,adj,False,0,,,,False,True,False,,,,,,noun,50,n:1;aj:1,True
stepdad,2.86,0,0,1,A stepfather.,,,noun:1,noun,False,0,,,,False,True,False,,,,,,noun,50,n:1,True
multiverse,2.85,0,0,3,"The world, considered as lacking in purpose, design, or predictability.",,,noun:3,noun,False,0,,,,False,True,False,,,,,,noun,50,n:1,True
mashup,2.83,0,0,4,Something consisting of two or more elements combined together.,,,noun:4,noun,False,1,NOUN,1.0,,False,True,False,,,,,,noun,50,n:2,True
cashback,2.81,0,1,1,Alternative spelling of cash-back.,cash-back,spelling variant of another word (Wiktionary gloss),noun:1,noun,False,0,,,,False,False,False,,,,,,noun,50,n:2,True
trifecta,2.81,0,0,4,A bet in which the bettor must select the first three placegetters of a race in the order in which they finish.,,,noun:4,noun,False,0,,,,False,True,False,,,,,,noun,50,n:2,True
feta,2.79,1,1,1,A variety of curd cheese made from sheep’s or goat’s milk and originating from Greece.,,,noun:1,noun,False,0,,,,False,True,False,NOUN,,,,,noun,50,n:1,True
electronica,2.78,0,1,3,Any of a wide range of electronic music genres.,,,noun:3,noun,False,0,,,,False,True,False,,,,,,noun,50,n:2,True
pippin,2.78,0,0,5,A seed.,,,noun:5,noun,False,0,,,,False,True,False,NOUN,,,,,noun,50,n:1,True
motocross,2.74,0,1,2,A form of off-road motorbike racing.,,,noun:2,noun,False,0,,,,False,True,False,,,,,,noun,50,n:2,True
modulator,2.73,0,0,3,A person who modulates.,,,noun:3,noun,False,0,,,,False,True,False,NOUN,,,,,noun,50,n:2,True
mountaintop,2.73,0,0,1,The summit of a mountain.,,,adj:1;noun:1,adj,False,1,NOUN,1.0,,False,True,False,,,,,,noun,50,n:1,True
stepmom,2.71,0,0,1,Stepmother.,,,noun:1,noun,False,0,,,,False,True,False,,,,,,noun,50,n:1,True
miscommunication,2.7,0,0,1,An interaction between two parties in which information is/was not communicated as desired.,,,noun:1,noun,False,1,NOUN,1.0,,False,True,False,NOUN,,,,,noun,50,n:2,True
hyperspace,2.69,1,1,3,An n-dimensional Euclidian space with n > 3.,,,noun:3;verb:1,noun,False,0,,,,False,True,False,NOUN,,,,,noun,50,n:2,True
subplot,2.69,0,0,2,"A plot within a story, subsidiary to the main plot.",,,noun:2;verb:1,noun,False,0,,,,False,True,False,NOUN,,,,,noun,50,n:1,True
biathlon,2.68,1,1,2,Racing combining cross-country skiing and rifle shooting,,,noun:2,noun,False,0,,,,False,True,False,NOUN,,,,,noun,50,n:2,True
encoder,2.68,0,0,2,A device or algorithm used to encode something.,,,noun:2,noun,False,0,,,,False,True,False,NOUN,,,,,noun,50,n:1,True
franchisee,2.68,0,0,1,A holder of a franchise; a person who is granted a franchise.,,,noun:1,noun,False,4,NOUN,1.0,,False,True,False,NOUN,,,,,noun,50,n:1,True
speedster,2.66,0,0,4,One who is noted for being very fast.,,,noun:4,noun,False,0,,,,False,True,False,,,,,,noun,50,n:1,True
dilly,2.64,0,0,5,Someone or something that is remarkable or unusual.,,,noun:5;adj:2,noun,False,1,VERB,0.0,,False,True,False,NOUN,,,,,noun,50,n:1,True
timestamp,2.62,0,0,2,"A variable containing the date and time at which an event occurred, often included in a log to track the sequence of events.",,,noun:2;verb:1,noun,False,0,,,,False,True,False,,,,,,noun,50,n:1,True
backstabbing,2.6,0,0,1,The act of one who backstabs.,,,noun:1;verb:1,noun,False,0,,,,False,True,False,NOUN,,,,,noun,50,n:2,True
angora,2.59,1,1,5,A Turkish Angora cat.,,,noun:5,noun,False,1,NOUN,1.0,,False,True,False,NOUN,,,,,noun,50,n:1;aj:1,True
clearinghouse,2.59,0,0,1,Alternative form of clearing house.,clearing house,spelling variant of another word (Wiktionary gloss),noun:1,noun,False,1,PROPN,0.0,,False,False,False,NOUN,,,,,noun,50,n:1,True
consumable,2.59,0,0,1,A material or product that is produced for consumption.,,,adj:2;noun:1,adj,False,0,,,,False,True,False,ADJ;NOUN,,"noun, also adjective",,,noun,50,n:1;aj:1,True
transphobia,2.59,0,1,2,"Hatred or fear of, or prejudice against, transgender and transsexual people.",,,noun:2,noun,False,0,,,,False,True,False,,,,,,noun,50,n:1,True
kidder,2.58,0,0,4,"One who kids, or teases light-heartedly.",,,noun:4,noun,False,15,PROPN,0.0,name in practice (corpus),True,True,True,,,,,,noun,50,n:1,True
byline,2.57,0,0,2,A line at the head of a newspaper or magazine article carrying the writer's name.,,,noun:2;verb:1,noun,False,1,NOUN,1.0,,False,True,False,NOUN,,,,,noun,50,n:1,True
transceiver,2.57,0,0,2,A combined radio transmitter and receiver.,,,noun:2,noun,False,0,,,,False,True,False,NOUN,,,,,noun,50,n:2,True
dotcom,2.55,0,0,1,A company whose business is based around a website or primarily via the Internet.,,,noun:1;verb:1,noun,False,0,,,,False,True,False,,,,,,noun,50,n:2,True
ladyship,2.55,0,0,2,Term of respect for a woman of the peerage without using her title.,,,noun:2,noun,False,0,,,,False,True,False,,,,,,noun,50,n:2,True
fashionista,2.54,0,0,2,"A person who creates or promotes high fashion, i.e. a fashion designer or fashion editor.",,,noun:2,noun,False,1,NOUN,1.0,,False,True,False,,,,,,noun,50,n:2,True
manoeuvring,2.54,0,0,1,A manoeuvre.,,,noun:1;verb:1,noun,False,1,VERB,0.0,,False,True,False,NOUN;VERB,,"noun, also verb",,,noun,50,n:2,False
muggle,2.54,1,1,5,Marijuana.,,,noun:5;verb:2,noun,False,4,PROPN,0.25,,False,True,False,,,,,,noun,50,n:1,True
raga,2.54,1,1,2,"Any of various melodic forms used in Indian classical music, or a piece of music composed in such a form.",,,noun:2,noun,False,0,,,,False,True,False,,,,,,noun,50,n:1,True
letterbox,2.53,0,0,4,A box into which mail is put.,,,noun:4;verb:2;adj:1,noun,False,0,,,,False,True,False,,,,,,noun,50,n:2,True
caseload,2.51,0,0,2,The workload of a person or group that handles cases; the relative volume of cases expected to be worked upon.,,,noun:2,noun,False,1,NOUN,1.0,,False,True,False,NOUN,,,,,noun,50,n:1,True
deejay,2.51,0,0,1,A disc jockey.,,,verb:2;noun:1,verb,False,0,,,,False,True,False,NOUN,,,,,noun,50,n:1,True
legwork,2.51,0,1,2,"Work, especially research or preparation, that involves significant walking, travel, or similar effort.",,,noun:2,noun,False,1,NOUN,1.0,,False,True,False,,,,,,noun,50,n:1,True
reactivation,2.51,1,1,1,The activation of something previously inactive or inactivated.,,,noun:1,noun,False,0,,,,False,True,False,NOUN,,,,,noun,50,n:1,True
botnet,2.5,0,0,2,A collection of compromised computers that is gradually built up and then unleashed as a DDOS attack or used to send very large quantities of spam.,,,noun:2,noun,False,0,,,,False,True,False,,,,,,noun,50,n:1,True
intellectualism,2.5,1,1,3,The use or development of the intellect.,,,noun:3,noun,False,0,,,,False,True,False,NOUN,,,,,noun,50,n:1,True
prenup,2.5,0,0,2,A prenuptial agreement.,,,noun:2,noun,False,0,,,,False,True,False,,,,,,noun,50,n:2,True
reconfiguration,2.5,1,1,2,A reconfigured state.,,,noun:2,noun,False,0,,,,False,True,False,NOUN,,,,,noun,50,n:1,True
flyby,2.49,0,0,5,A flight past a celestial object in order to make observations.,,,noun:5,noun,False,0,,,,False,True,False,,,,,,noun,50,n:1,True
minuteman,2.49,0,0,1,Alternative form of minute man.,minute man,spelling variant of another word (Wiktionary gloss),noun:1,noun,False,3,PROPN,0.0,,False,False,False,NOUN,,,,,noun,50,n:1,True
alleluia,2.46,0,0,3,A liturgical form of hallelujah.,,,noun:3;intj:1;verb:1,noun,False,0,,,,False,True,False,,,,,,noun,50,n:1;i:1,True
masterwork,2.46,0,0,4,A piece done to prove possession of skill sufficient to be ranked a master.,,,noun:4,noun,False,0,,,,False,True,False,NOUN,,,,,noun,50,n:1,True
sidearm,2.46,0,0,1,"A personal weapon, either a firearm (handgun type) or a cold weapon (such as a sword), carried on the hip in a belt, sheath, holster, etc., for rapid access.",,,adv:1;noun:1;verb:1,adv,False,0,,,,False,True,False,ADV;NOUN,,"noun, also adverb",,,noun,50,n:1;aj:1;av:1,True
audiophile,2.45,0,0,1,A person with an interest in high fidelity music and/or sound reproduction and its associated technology.,,,adj:1;noun:1,adj,False,0,,,,False,True,False,,,,,,noun,50,n:1,True
deniability,2.45,1,1,2,The condition of being deniable.,,,noun:2,noun,False,0,,,,False,True,False,NOUN,,,,,noun,50,n:2,True
catatonic,2.43,0,0,1,A patient in a state of catatonia.,,,adj:2;noun:1,adj,False,0,,,,False,True,False,ADJ;NOUN,,"noun, also adjective",,,noun,50,n:2;aj:1,True
spacewalk,2.43,0,0,1,Any activity by an astronaut outside of a spacecraft or space station in space.,,,noun:1;verb:1,noun,False,0,,,,False,True,False,,,,,,noun,50,v:2;n:1,True
divisiveness,2.39,0,1,1,The characteristic of being divisive.,,,noun:1,noun,False,0,,,,False,True,False,NOUN,,,,,noun,50,n:1,True
subhuman,2.38,0,0,2,Any sentient creature that is subhuman.,,,adj:2;noun:2,adj,False,0,,,,False,True,False,ADJ;NOUN,,"noun, also adjective",,,noun,50,n:2;aj:1,True
underarm,2.38,0,0,2,The armpit.,,,noun:2;adj:1;verb:1,noun,False,1,NOUN,1.0,,False,True,False,NOUN,,,,,noun,50,n:1;aj:1;av:1,True
ankh,2.37,0,0,2,"A cross shaped like a T with a loop at the top, the Egyptian hieroglyph representing the Egyptian triliteral ꜥnḫ (“life”) and often used as an amulet or charm for this concept.",,,noun:2,noun,False,0,,,,False,True,False,,,,,,noun,50,n:1,True
legroom,2.37,0,1,2,Space to stretch the legs while seated.,,,noun:2,noun,False,0,,,,False,True,False,,,,,,noun,50,n:2,True
logon,2.37,0,0,2,credentials: the combination of a user's identification and password used to enter a computer.,,,noun:2;verb:1,noun,False,0,,,,False,True,False,,,,,,noun,50,n:1,True
recheck,2.37,0,0,1,The act of checking again; reverification.,,,noun:1;verb:1,noun,False,2,NOUN,0.5,,False,True,False,NOUN;VERB,,"noun, also verb",,,noun,50,n:1;v:1,True
geoengineering,2.36,0,1,2,"The subfield of engineering concerned with designing and constructing tunnels, mines, and other human-designed geologic structures within and on earth.",,,noun:2,noun,False,0,,,,False,True,False,,,"verb form (-ing, morphology)",,,noun,50,n:1,True
polyamory,2.36,0,1,1,Any of various practices involving romantic or sexual relationships with multiple partners with the knowledge and consent of all involved.,,,noun:1,noun,False,0,,,,False,True,False,NOUN,,,,,noun,50,n:2,True
nonwhite,2.35,0,0,1,A person who is not white.,,,adj:2;noun:1,adj,False,3,ADJ,0.0,,False,True,False,ADJ;NOUN,,"noun, also adjective",,,noun,50,n:1;aj:1,True
birther,2.34,0,0,3,One who gives birth.,,,noun:3;verb:1,noun,False,0,,,,False,True,False,,,,,,noun,50,n:1,True
birthstone,2.34,0,0,2,Any of twelve gemstones traditionally associated with the month of one's birth.,,,noun:2,noun,False,0,,,,False,True,False,,,,,,noun,50,n:1,True
unbeliever,2.34,0,0,1,"One who does not believe, particularly in a deity (used by believers to describe people who do not believe in the same deity or deities as themselves).",,,noun:1,noun,False,0,,,,False,True,False,NOUN,,,,,noun,50,n:1,True
buzzkill,2.31,0,0,2,Something that or someone who spoils an otherwise enjoyable event.,,,noun:2,noun,False,1,NOUN,1.0,,False,True,False,,,,,,noun,50,n:1,True
slumdog,2.3,0,0,1,A person who lives in the slums of cities.,,,noun:1,noun,False,0,,,,False,True,False,,,,,,noun,50,n:1,True
bookmaking,2.29,0,1,2,"The art or profession of determining odds and receiving and paying off bets, especially bets on the outcome of sporting events.",,,noun:2,noun,False,0,,,,False,True,False,NOUN,,,,,noun,50,n:1,True
factionalism,2.29,1,1,2,The splitting of a group into factions.,,,noun:2,noun,False,0,,,,False,True,False,NOUN,,,,,noun,50,n:1,True
pressurization,2.29,1,1,1,The act or process of increasing pressure within a volume of space.,,,noun:1,noun,False,0,,,,False,True,False,NOUN,,,,,noun,50,n:1,True
bunkhouse,2.28,0,0,1,"A building providing sleeping quarters for workers or guests, especially in a rural setting.",,,noun:1,noun,False,0,,,,False,True,False,,,,,,noun,50,n:1,True
fanzine,2.28,0,0,1,"A magazine, normally produced by amateurs, intended for people who share a common interest.",,,noun:1,noun,False,0,,,,False,True,False,,,,,,noun,50,n:2,True
jellybean,2.28,0,0,1,Alternative spelling of jelly bean.,jelly bean,spelling variant of another word (Wiktionary gloss),adj:1;noun:1,adj,False,0,,,,False,False,False,,,,,,noun,50,n:1,True
pumper,2.28,0,0,3,One who pumps something.,,,noun:3,noun,False,0,,,,False,True,False,NOUN,,,,,noun,50,n:1,True
summoner,2.28,0,0,3,"One who summons or evokes, particularly in legal contexts.",,,noun:3,noun,False,0,,,,False,True,False,,,,,,noun,50,n:1,True
optimizer,2.27,0,0,3,A person in a large business whose task is to maximize profits and make the business more efficient.,,,noun:3,noun,False,0,,,,False,True,False,,,,,,noun,50,n:1,True
compactor,2.26,0,0,1,A machine that reduces the bulk of waste or other material by compaction.,,,noun:1,noun,False,0,,,,False,True,False,NOUN,,,,,noun,50,n:1,True
husker,2.25,0,0,2,"One who husks (as one who removes the husks, leaves, from ears of corn).",,,noun:2,noun,False,0,,,,False,True,False,,,,,,noun,50,n:1,True
offshoring,2.25,0,1,1,"The location of a business in another country for tax purposes or lowering production costs, as the labor.",,,noun:1;verb:1,noun,False,0,,,,False,True,False,,,"verb form (-ing, morphology)",,,noun,50,n:1,True
paintwork,2.25,1,1,1,"The painted surface of a car, building, etc.",,,noun:1,noun,False,0,,,,False,True,False,,,,,,noun,50,n:2,True
satay,2.24,1,1,1,"A dish made from small pieces of meat or fish grilled on a skewer and served with a spicy peanut sauce, originating from Indonesia and Malaysia.",,,noun:1,noun,False,1,NOUN,1.0,,False,True,False,,,,,,noun,50,n:2,True
noddy,2.22,1,1,11,"A silly or stupid person; a fool, an idiot.",,,noun:11;adj:2;verb:1,noun,False,0,,,,False,True,False,NOUN,,,,,noun,50,n:2,True
blackcurrant,2.21,0,0,2,"A shrub, Ribes nigrum, that produces small, very dark purple, edible berries.",,,noun:2,noun,False,0,,,,False,True,False,NOUN,,,,,noun,50,n:2,True
discriminant,2.21,0,0,2,"An expression that gives information about the roots of a polynomial; for example, the expression D = b² - 4ac determines whether the roots of the quadratic equation ax² + bx + c = 0 are real and dist",,,noun:2;adj:1,noun,False,0,,,,False,True,False,ADJ;NOUN,,"noun, also adjective",,,noun,50,n:2,True
wisher,2.21,0,0,1,Someone who makes a wish,,,noun:1,noun,False,0,,,,False,True,False,,,,,,noun,50,n:1,True
inseam,2.2,0,0,1,The seam of a trouser up the inside of the leg.,,,verb:2;noun:1,verb,False,0,,,,False,True,False,,,,,,noun,50,n:2,True
hoedown,2.19,0,0,3,A type of American folk or square dance.,,,noun:3;verb:1,noun,False,0,,,,False,True,False,,,,,,noun,50,n:1,True
cruciform,2.18,0,0,2,A cross shape in DNA; a Holliday junction.,,,noun:2;adj:1,noun,False,0,,,,False,True,False,ADJ;NOUN,,"noun, also adjective",,,noun,50,n:2;aj:1,True
maharishi,2.18,0,0,1,A teacher of Hindu mysticism.,,,noun:1,noun,False,1,PROPN,0.0,,False,True,False,NOUN,,,,,noun,50,n:1,True
reappointment,2.18,1,1,1,An act of reappointing.,,,noun:1,noun,False,0,,,,False,True,False,NOUN,,,,,noun,50,n:1,True
switchback,2.17,0,0,5,"A railway track on a steep slope in a zigzag formation, in which a train travels in a reverse direction at each switch.",,,noun:5;verb:1,noun,False,0,,,,False,True,False,NOUN,,,,,noun,50,n:1,True
ducting,2.16,0,0,1,ductwork,,,noun:1;verb:1,noun,False,0,,,,False,True,False,,,"verb form (-ing, morphology)",,,noun,50,n:2,True
archenemy,2.15,0,0,2,A principal enemy.,,,noun:2,noun,False,1,NOUN,1.0,,False,True,False,,,,,,noun,50,n:1,True
edamame,2.15,1,1,1,Fresh green soybeans boiled as a vegetable.,,,noun:1,noun,False,0,,,,False,True,False,,,,,,noun,50,n:1,True
explosiveness,2.14,0,1,1,The state of being explosive.,,,noun:1,noun,False,0,,,,False,True,False,NOUN,,,,,noun,50,n:1,True
logout,2.14,0,0,1,The act or process of logging out.,,,noun:1,noun,False,0,,,,False,True,False,,,,,,noun,50,n:1,True
teabag,2.14,0,0,1,"A cloth or paper sachet containing tea leaves or herbal tea, designed to act as an infuser when submerged in hot water.",,,verb:3;noun:1,verb,False,1,NOUN,1.0,,False,True,False,,,,,,noun,50,n:2,True
noontime,2.13,0,0,3,Noon.,,,noun:3,noun,False,1,NOUN,1.0,,False,True,False,NOUN,,,,,noun,50,n:1,True
demilitarization,2.12,0,0,1,Alternative spelling of demilitarisation.,demilitarisation,spelling variant of another word (Wiktionary gloss),noun:1,noun,False,0,,,,False,False,False,NOUN,,,,,noun,50,n:1,True
showoff,2.11,0,0,1,Alternative form of show-off.,show-off,spelling variant of another word (Wiktionary gloss),noun:1,noun,False,0,,,,False,False,False,,,,,,noun,50,n:1,True
derailleur,2.1,0,0,2,"A mechanism on a bicycle wheel used while cycling to move the bicycle chain from one sprocket (gear) to another, to change speeds.",,,noun:2,noun,False,0,,,,False,True,False,,,,,,noun,50,n:1,True
humidor,2.1,0,0,1,A container designed to keep its contents at a constant humidity; especially such a box for storing cigars.,,,noun:1,noun,False,0,,,,False,True,False,,,,,,noun,50,n:1,True
quilter,2.1,0,0,4,A person whose hobby or profession is making quilts.,,,noun:4,noun,False,0,,,,False,True,False,,,,,,noun,50,n:1,True
schismatic,2.09,0,0,1,A person involved in a schism.,,,adj:3;noun:1,adj,False,0,,,,False,True,False,ADJ;NOUN,,"noun, also adjective",,,noun,50,n:2;aj:1,True
iterator,2.08,0,0,2,One who or that which iterates.,,,noun:2,noun,False,0,,,,False,True,False,,,,,,noun,50,n:1,True
returnee,2.06,0,0,2,"Someone who comes back or returns, especially to their own country or region.",,,noun:2,noun,False,0,,,,False,True,False,NOUN,,,,,noun,50,n:1,True
livability,2.05,1,1,1,The property of being livable.,,,noun:1,noun,False,1,NOUN,1.0,,False,True,False,NOUN,,,,,noun,50,n:1,True
musicale,2.05,0,0,1,"A musical entertainment, usually private and typically involving classical music",,,noun:1,noun,False,1,OTHER,0.0,,False,True,False,,,,,,noun,50,n:1,True
roadwork,2.05,1,1,3,The construction or maintenance done to roads.,,,noun:3,noun,False,0,,,,False,True,False,,,,,,noun,50,n:2,True
truther,2.05,0,0,4,Someone who tells the truth.,,,noun:4,noun,False,0,,,,False,True,False,,,,,,noun,50,n:1,True
concertmaster,2.04,0,0,1,"The first violin in a symphony orchestra, which normally plays violin solos.",,,noun:1,noun,False,1,NOUN,1.0,,False,True,False,,,,,,noun,50,n:1,True
kibosh,2.04,0,1,3,Chiefly in put on the kibosh or put the kibosh on: something which checks or restrains.,,,noun:3;verb:1,noun,False,0,,,,False,True,False,,,,,,noun,50,n:1,True
megachurch,2.04,0,0,1,A church with an atypically large congregation.,,,noun:1,noun,False,0,,,,False,True,False,,,,,,noun,50,n:1,True
niggle,2.04,0,0,2,A minor complaint or problem.,,,verb:5;noun:2,verb,False,0,,,,False,True,False,NOUN;VERB,,"noun, also verb",,,noun,50,n:1;v:1,True
spellcheck,2.03,1,1,2,The act of spellchecking.,,,noun:2;verb:2,noun,False,0,,,,False,True,False,,,,,,noun,50,v:2;n:1,True
acupuncturist,2.01,0,0,1,A healthcare professional who is qualified or professionally engaged in the practice of acupuncture.,,,noun:1,noun,False,3,NOUN,1.0,,False,True,False,NOUN,,,,,noun,50,n:1,True
ciabatta,2.01,1,1,1,"A broad, flat, white Italian bread.",,,noun:1,noun,False,0,,,,False,True,False,,,,,,noun,50,n:2,True
wingnut,2.01,0,0,5,A deciduous tree of the genus Pterocarya native to Asia.,wing nut,,noun:5,noun,False,1,NOUN,1.0,,False,True,False,,,,,,noun,50,n:1,True
homewrecker,2.0,0,0,1,Alternative form of home wrecker.,home wrecker,spelling variant of another word (Wiktionary gloss),noun:1,noun,False,0,,,,False,False,False,,,,,,noun,50,n:1,True
polestar,2.0,0,0,1,Alternative form of pole star.,pole star,spelling variant of another word (Wiktionary gloss),noun:1,noun,False,0,,,,False,False,False,,,,,,noun,50,n:1,True
upcountry,2.0,0,1,2,The interior of a country.,,,noun:2;adj:1;adv:1,noun,False,0,,,,False,True,False,,,,,,noun,50,n:1;aj:1,True
hydro,3.63,1,1,9,Clipping of hydropower (“hydroelectric power”).,hydropower,clipping (Wiktionary gloss),noun:9;adj:3,noun,True,0,,,,False,False,False,,,,,,noun,60,n:1,True
barney,3.54,0,0,8,"A lark, a romp, some fun.",,,noun:8;verb:2;adj:1,noun,False,12,PROPN,0.0,name in practice (corpus),True,True,True,,,,,,noun,60,n:1,True
creme,3.12,1,1,1,Alternative spelling of crème.,crème,spelling variant of another word (Wiktionary gloss),adj:1;noun:1;verb:1,adj,False,2,OTHER,0.0,,False,False,False,,,,,,noun,60,n:2,True
barre,3.08,0,0,2,A handrail fixed to a wall used for ballet exercises.,barre chord,,noun:2;verb:1,noun,True,6,PROPN,0.167,,False,True,False,,,,,,noun,60,n:1,True
runtime,3.08,1,1,1,Alternative spelling of run time.,run time,spelling variant of another word (Wiktionary gloss),adj:1;noun:1,adj,False,0,,,,False,False,False,,,,,,noun,60,n:1,True
phosphorylation,2.99,1,1,1,the process of transferring a phosphate group from a donor to an acceptor; often catalysed by enzymes.,,,noun:1,noun,False,0,,,,False,True,False,,,,,,noun,60,n:2,True
vert,2.99,1,1,7,"A green colour, now only in heraldry; represented in engraving by diagonal parallel lines 45 degrees counter-clockwise.",,,noun:7;adj:2;verb:1,noun,True,0,,,,False,True,False,,,,,,noun,60,n:2;abbr:1,True
airstrike,2.98,0,0,1,Alternative form of air strike.,air strike,spelling variant of another word (Wiktionary gloss),noun:1;verb:1,noun,False,0,,,,False,False,False,,,,,,noun,60,n:1,True
menswear,2.98,0,1,1,"Men's clothing (and accessories), particularly in a retail context.",,,noun:1,noun,False,0,,,,False,True,False,,,,,,noun,60,n:1,True
airtime,2.96,1,1,5,The duration during which a radio or television program (or part of one) is transmitted.,,,noun:5,noun,False,0,,,,False,True,False,,,,,,noun,60,n:1,True
awesomeness,2.96,0,1,1,The quality of being awesome.,,,noun:1,noun,False,1,NOUN,1.0,,False,True,False,,,,,,noun,60,n:1,True
installer,2.94,0,0,2,One who installs.,,,noun:2,noun,False,0,,,,False,True,False,,,,,,noun,60,n:1,True
pregame,2.93,0,0,3,"A social gathering of friends who get together to drink before going out to a party or a sports game, in order to generate a slight feeling of intoxication before going out for the night.",,,noun:3;adj:1;verb:1,noun,False,0,,,,False,True,False,,,,,,noun,60,n:1;aj:1,True
concealer,2.92,1,1,3,"Something that, or someone who, conceals.",,,noun:3,noun,False,0,,,,False,True,False,,,,,,noun,60,n:1,True
goalscorer,2.92,0,0,1,"A person who scores a goal, or scores goals.",,,noun:1,noun,False,0,,,,False,True,False,,,,,,noun,60,n:1,True
masterclass,2.92,0,0,1,Alternative form of master class.,master class,spelling variant of another word (Wiktionary gloss),noun:1,noun,False,0,,,,False,False,False,,,,,,noun,60,n:1,True
reverb,2.92,0,1,1,An electronic effect which simulates echoes or reverberations in the sound signal being processed.,,,verb:2;noun:1,verb,False,0,,,,False,True,False,,,,,,noun,60,n:2,True
relaunch,2.91,0,0,1,The act or fact of launching again.,,,noun:1;verb:1,noun,False,0,,,,False,True,False,,,,,,noun,60,n:1;v:1,True
highlander,2.9,0,1,4,A person who inhabits the Scottish Highlands.,,,noun:4,noun,False,1,PROPN,0.0,,False,True,False,,,,,,noun,60,n:1,True
subsurface,2.89,1,0,2,Something that is below the layer that is on the surface.,,,noun:2;adj:1,noun,False,1,ADJ,0.0,,False,True,False,,,,,,noun,60,n:1;aj:1,True
zine,2.89,0,0,1,"A low-circulation, noncommercial publication of original or appropriated texts and images, especially one of minority interest.",,,noun:1,noun,False,0,,,,False,True,False,,,,,,noun,60,n:1,True
airbag,2.88,0,0,3,"A protective system in automobiles in which when a crash occurs, a bag containing nitrogen, formed by the explosive decomposition of sodium azide, quickly inflates in front of the driver or passenger,",,,noun:3,noun,False,0,,,,False,True,False,,,,,,noun,60,n:1,True
duper,2.88,0,0,1,a person who dupes another,,,noun:1,noun,False,0,,,,False,True,False,,,,,,noun,60,n:1,True
firefight,2.88,0,0,2,A skirmish involving an exchange of gunfire.,,,noun:2;verb:1,noun,False,0,,,,False,True,False,,,,,,noun,60,n:1,True
kickboxing,2.88,0,1,1,"A hybrid martial art derived from Muay Thai, karate, and especially boxing during the 1960s to 1970s; more generally, any stand-up combat sport that combines kicks and punches.",,,noun:1;verb:1,noun,False,0,,,,False,True,False,,,"verb form (-ing, morphology)",,,noun,60,n:2,True
dehydrogenase,2.87,0,0,1,Any of several enzymes that catalyze the removal of hydrogen (a proton) from biological compounds.,,,noun:1,noun,False,0,,,,False,True,False,,,,,,noun,60,n:2,True
realignment,2.87,1,1,1,The act of realigning or something realigned.,,,noun:1,noun,False,0,,,,False,True,False,,,,,,noun,60,n:1,True
carer,2.86,0,0,1,"Someone who regularly looks after another person, either as a job or often through family responsibilities.",,,noun:1,noun,False,0,,,,False,True,False,,,,,,noun,60,n:1,True
decider,2.86,0,0,3,"A person, divinity, or authoritative text which decides.",,,noun:3,noun,False,0,,,,False,True,False,,,,,,noun,60,n:1,True
airplay,2.85,0,1,1,"The playing of a particular song, band or genre on the radio, or the frequency with which it is played.",,,noun:1,noun,False,0,,,,False,True,False,,,,,,noun,60,n:1,True
mentorship,2.84,1,1,1,The role or state of being a mentor.,,,noun:1,noun,False,0,,,,False,True,False,,,,,,noun,60,n:2,True
spacer,2.83,0,0,6,"An object inserted to hold a space open in a row of items, e.g. beads or printed type.",,,noun:6,noun,False,2,NOUN,1.0,,False,True,False,,,,,,noun,60,n:1,True
kana,2.82,0,0,2,"The hiragana and katakana syllabaries. These are made up of characters that represent individual syllables, which are used to write Japanese words and particles. Kana are derived from kanji.",,,noun:2;verb:1,noun,False,0,,,,False,True,False,,,,,,noun,60,n:2,True
subtext,2.82,1,1,1,"An implicit meaning of a text, often a literary one, or a speech or dialogue.",,,noun:1;verb:1,noun,False,1,NOUN,1.0,,False,True,False,,,,,,noun,60,n:1,True
bubblegum,2.81,1,1,3,"A sweet, stretchable chewing gum designed for blowing bubbles.",,,adj:3;noun:3,adj,False,0,,,,False,True,False,,,,,,noun,60,n:1,True
midlife,2.81,0,0,1,The middle period of one's life.,,,adj:1;noun:1,adj,False,3,NOUN,1.0,,False,True,False,,,,,,noun,60,n:1,True
airbase,2.8,0,0,1,Alternative spelling of air base.,air base,spelling variant of another word (Wiktionary gloss),noun:1,noun,False,1,NOUN,1.0,,False,False,False,,,,,,noun,60,n:1,True
bullseye,2.8,0,0,15,"The centre of a target, inside the inner and magpie.",,,noun:15;intj:2,noun,False,1,NOUN,1.0,,False,True,False,,,,,,noun,60,n:1,True
hairspray,2.8,1,1,1,Alternative form of hair spray.,hair spray,spelling variant of another word (Wiktionary gloss),noun:1;verb:1,noun,False,2,NOUN,1.0,,False,False,False,,,,,,noun,60,n:1,True
screenwriting,2.8,1,1,2,The art of writing screenplays.,,,noun:2,noun,False,0,,,,False,True,False,,,"verb form (-ing, morphology)",,,noun,60,n:1,True
aureus,2.79,0,0,1,"A gold coin, minted in the Roman Empire from approximately 100 B.C.E. to 309 C.E., equal to 25 denarii.",,,noun:1,noun,False,0,,,,False,True,False,,,,,,noun,60,n:2,True
poolside,2.79,0,0,1,The area beside a pool.,,,adj:1;adv:1;noun:1,adj,False,0,,,,False,True,False,,,,,,noun,60,n:2,True
reseller,2.79,0,0,1,A company or individual that purchases goods or services with the intention of reselling them rather than consuming or using them.,,,noun:1,noun,False,3,ADJ,0.0,,False,True,False,,,,,,noun,60,n:1,True
popup,2.78,0,0,1,Alternative form of pop-up.,pop-up,spelling variant of another word (Wiktionary gloss),noun:1,noun,False,3,NOUN,1.0,,False,False,False,,,,,,noun,60,n:1,True
virtualization,2.78,0,0,2,The act of virtualizing.,,,noun:2,noun,False,0,,,,False,True,False,,,,,,noun,60,n:1,True
globalist,2.77,0,0,3,An advocate of globalism.,,,noun:3;adj:1,noun,False,0,,,,False,True,False,,,,,,noun,60,n:1;aj:1,True
backstreet,2.76,0,0,1,Alternative spelling of back street.,back street,spelling variant of another word (Wiktionary gloss),adj:2;noun:1,adj,False,0,,,,False,False,False,,,,,,noun,60,n:1,True
lovey,2.75,0,0,2,An informal mode of address (associated most often with actors and the like).,,,noun:2,noun,False,0,,,,False,True,False,,,,,,noun,60,n:1,True
scoreline,2.75,0,0,2,A line in a newspaper or other publication giving the score in a sports match,,,noun:2,noun,False,0,,,,False,True,False,,,,,,noun,60,n:1,True
enabler,2.74,0,0,3,One who or that which helps something to happen.,,,noun:3,noun,False,1,NOUN,1.0,,False,True,False,,,,,,noun,60,n:1,True
hetero,2.74,0,0,1,A heterosexual person.,,,adj:1;noun:1,adj,False,0,,,,False,True,False,,,,,,noun,60,n:1;aj:1,True
homeschooling,2.74,0,1,1,Teaching children at home instead of sending them to school.,,,noun:1;verb:1,noun,False,0,,,,False,True,False,,,"verb form (-ing, morphology)",,,noun,60,n:1,True
dumbo,2.73,0,0,1,A stupid person.,,,noun:1,noun,False,0,,,,False,True,False,,,,,,noun,60,n:1,True
surrogacy,2.73,1,1,2,The state or condition of being a surrogate.,,,noun:2,noun,False,0,,,,False,True,False,,,,,,noun,60,n:1,True
bicep,2.72,0,0,1,A biceps.,,,noun:1,noun,False,1,NOUN,1.0,,False,True,False,NOUN,,,,,noun,60,n:2,True
nightstand,2.72,0,0,1,"A small table or cabinet, often with one or more drawers or shelves, placed beside the head of a bed.",,,noun:1,noun,False,0,,,,False,True,False,,,,,,noun,60,n:1,True
lawnmower,2.7,0,0,3,"A device used for cutting grass to a chosen height, typically of landscaped lawns of residences or institutions.",,,noun:3,noun,False,1,NOUN,1.0,,False,True,False,,,,,,noun,60,n:1,True
tracksuit,2.7,0,0,1,"A garment, usually consisting of a top and trousers (commonly known as tracksuit bottoms) worn as an outer layer by participants in sporting events such as athletics. The tracksuit is usually designed",,,noun:1,noun,False,0,,,,False,True,False,,,,,,noun,60,n:1,True
wiretapping,2.7,1,1,1,The installation or monitoring of wiretaps.,,,noun:1;verb:1,noun,False,0,,,,False,True,False,,,"verb form (-ing, morphology)",,,noun,60,n:1,True
lilo,2.69,0,0,1,An inflatable air mattress.,,,noun:1,noun,False,0,,,,False,True,False,,,,,,noun,60,n:1,True
morphing,2.69,0,0,1,The smooth transformation of one image into another using digital tweening.,,,noun:1;verb:1,noun,False,0,,,,False,True,False,,,"verb form (-ing, morphology)",,,noun,60,n:1,True
wheelie,2.69,0,0,2,"An action or stunt where a bicycle, motorcycle, or other vehicle is ridden for a short period while it is standing only on its rear wheel or wheels.",,,noun:2;adj:1;verb:1,noun,False,0,,,,False,True,False,,,,,,noun,60,n:1,True
extender,2.68,0,0,6,One who extends.,,,noun:6,noun,False,0,,,,False,True,False,,,,,,noun,60,n:1,True
goalkeeping,2.68,0,1,1,The art of a goalkeeper.,,,noun:1;verb:1,noun,False,0,,,,False,True,False,,,"verb form (-ing, morphology)",,,noun,60,n:1,True
headteacher,2.68,0,0,1,The most senior teacher in a school who is responsible for its management and administration.,,,noun:1,noun,False,0,,,,False,True,False,,,,,,noun,60,n:1,True
ridership,2.68,1,1,2,The people who ride a form of transportation.,,,noun:2,noun,False,0,,,,False,True,False,,,,,,noun,60,n:1,True
divestment,2.67,0,1,1,The sale or other disposal of some kind of asset.,,,noun:1,noun,False,0,,,,False,True,False,,,,,,noun,60,n:1,True
equivalency,2.66,1,1,2,An equivalent thing.,,,noun:2,noun,False,1,NOUN,1.0,,False,True,False,,,,,,noun,60,n:2,True
exceptionalism,2.66,1,1,3,"The state of being special, exceptional or unique.",,,noun:3,noun,False,0,,,,False,True,False,,,,,,noun,60,n:2,True
laundromat,2.66,0,0,2,"A self-service laundry facility with (traditionally) coin-operated (which now may use other per-load payment methods) washing machines, dryers, and sometimes ironing or pressing machines, open to the ",,,noun:2,noun,False,0,,,,False,True,False,,,,,,noun,60,n:1,True
paracetamol,2.66,1,1,1,"A synthetic compound used as a drug to relieve and reduce fever, usually taken in tablet form.",,,noun:1,noun,False,0,,,,False,True,False,,,,,,noun,60,n:2,True
seafloor,2.66,0,0,1,Synonym of seabed.,,,noun:1,noun,False,0,,,,False,True,False,,,,,,noun,60,n:2,True
superstore,2.66,0,0,2,An extremely large store; a hypermarket.,,,noun:2,noun,False,0,,,,False,True,False,,,,,,noun,60,n:1,True
tutti,2.66,0,0,1,A passage in which all members of an orchestra are playing,,,adj:1;adv:1;noun:1,adj,False,0,,,,False,True,False,,,,,,noun,60,n:1;aj:1;av:1,True
veganism,2.66,0,1,2,A way of life which strictly avoids animal products and services involving the use of living animals.,,,noun:2,noun,False,0,,,,False,True,False,,,,,,noun,60,n:2,True
crackhead,2.65,0,0,2,A person who is addicted to or regularly uses crack cocaine.,,,noun:2,noun,False,0,,,,False,True,False,,,,,,noun,60,n:1,True
pinewood,2.65,1,1,2,The wood of a pine.,,,noun:2,noun,False,0,,,,False,True,False,,,,,,noun,60,n:1,True
stuntman,2.65,0,0,1,"In films, someone who performs stunts that are deemed too dangerous or physically difficult for the main actors to attempt.",,,noun:1,noun,False,0,,,,False,True,False,,,,,,noun,60,n:1,True
ultralight,2.65,0,0,1,An aircraft that weighs very little.,,,adj:1;noun:1,adj,False,0,,,,False,True,False,,,,,,noun,60,n:1;aj:1,True
gumball,2.64,0,0,4,Chewing gum sold as a ball usually coated with colored hard sugar.,,,noun:4,noun,False,1,NOUN,1.0,,False,True,False,,,,,,noun,60,n:1,True
radicalization,2.64,1,1,1,The process of radicalizing.,,,noun:1,noun,False,0,,,,False,True,False,,,,,,noun,60,n:1,True
regrowth,2.64,0,1,2,That which has been regrown after removal.,,,noun:2,noun,False,0,,,,False,True,False,,,,,,noun,60,n:1,True
reinvention,2.64,1,1,2,A reinventing of something.,,,noun:2,noun,False,0,,,,False,True,False,,,,,,noun,60,n:2,True
biomarker,2.63,0,0,2,"A substance used as an indicator of a biological state, most commonly disease.",,,noun:2,noun,False,0,,,,False,True,False,,,,,,noun,60,n:1,True
conman,2.63,0,0,1,A confidence trickster.,,,noun:1,noun,False,0,,,,False,True,False,,,,,,noun,60,n:1,True
phenom,2.63,0,0,2,"Someone or something that is phenomenal, especially a promising young player in sports like baseball, American football, basketball, tennis, and golf.",,,noun:2,noun,False,0,,,,False,True,False,,,,,,noun,60,n:2,True
reintegration,2.63,1,1,1,The act or process of reintegrating.,,,noun:1,noun,False,0,,,,False,True,False,,,,,,noun,60,n:1,True
renegotiation,2.63,0,0,1,The act of negotiating again.,,,noun:1,noun,False,2,NOUN,1.0,,False,True,False,,,,,,noun,60,n:1,True
timeshare,2.63,0,0,1,Alternative spelling of time-share.,time-share,spelling variant of another word (Wiktionary gloss),noun:1,noun,False,0,,,,False,False,False,,,,,,noun,60,n:2,True
weblog,2.63,0,0,1,A website in the form of an ongoing journal.,,,noun:1,noun,False,2,PROPN,0.0,,False,True,False,,,,,,noun,60,n:1,True
chippy,2.62,0,0,8,A carpenter.,,,noun:8;adj:5;verb:1,noun,False,1,NOUN,1.0,,False,True,False,,,,,,noun,60,n:1,True
gorgon,2.62,0,0,2,"A vicious female monster from Greek mythology with sharp fangs and hair of living, venomous snakes. One of the three sisters: Medusa, Stheno and Euryale",,,noun:2;adj:1,noun,False,0,,,,False,True,False,,,,,,noun,60,n:1,True
interventionist,2.62,0,0,2,One who practices or defends interventionism.,,,noun:2;adj:1,noun,False,0,,,,False,True,False,,,,,,noun,60,n:2;aj:1,True
jawline,2.62,0,0,1,"The lower edge of the side of the face (below the cheek), defined by the jawbone.",,,noun:1,noun,False,0,,,,False,True,False,,,,,,noun,60,n:1,True
storyboard,2.62,0,0,2,"A series of drawings that lay out the sequence of scenes in a film or series, especially an animated one.",,,noun:2;verb:1,noun,False,0,,,,False,True,False,,,,,,noun,60,n:2,True
taiga,2.62,0,0,1,A subarctic zone of evergreen coniferous forests situated south of the tundras and north of the steppes in the Northern Hemisphere.,,,noun:1,noun,False,0,,,,False,True,False,,,,,,noun,60,n:1,True
clicker,2.61,0,0,11,"The remote-control device used to change settings on a television set, VCR, or other electronic equipment.",clicker game,,noun:11,noun,True,1,NOUN,1.0,,False,True,False,,,,,,noun,60,n:1,True
inclusiveness,2.61,1,1,1,The property of being inclusive; inclusivity,,,noun:1,noun,False,1,NOUN,1.0,,False,True,False,,,,,,noun,60,n:1,True
senor,2.61,0,0,1,Alternative spelling of señor.,señor,spelling variant of another word (Wiktionary gloss),noun:1,noun,False,3,PROPN,0.0,,False,False,False,,,,,,noun,60,n:1,True
starburst,2.61,0,0,4,"A violent explosion, or the pattern (likened to the shape of a star) supposed to be made by such an explosion.",,,noun:4;verb:3,noun,False,0,,,,False,True,False,,,,,,noun,60,n:1,True
interactivity,2.6,0,1,1,The quality of being interactive.,,,noun:1,noun,False,0,,,,False,True,False,,,,,,noun,60,n:1,True
caballero,2.59,0,0,3,"A horseman, particularly in the Latin American context",,,noun:3,noun,False,0,,,,False,True,False,,,,,,noun,60,n:1,True
airshow,2.58,0,0,1,Alternative spelling of air show.,air show,spelling variant of another word (Wiktionary gloss),noun:1,noun,False,0,,,,False,False,False,,,,,,noun,60,n:1,True
globalism,2.58,1,1,3,"An ideology based on the belief that people, goods and information ought to be able to cross national borders unfettered.",,,noun:3,noun,False,0,,,,False,True,False,,,,,,noun,60,n:1,True
infill,2.58,1,1,3,"That which fills in a space, hole or gap.",infil,,noun:3;verb:2,noun,False,0,,,,False,True,False,,,,,,noun,60,n:1;v:1,True
microfinance,2.58,0,1,1,Finance that is provided to unemployed or low-income people or groups.,,,noun:1,noun,False,0,,,,False,True,False,,,,,,noun,60,n:1,True
prioritization,2.58,1,1,1,The process of assigning priorities to things or tasks.,,,noun:1,noun,False,0,,,,False,True,False,,,,,,noun,60,n:3,True
vocab,2.58,0,1,1,"Vocabulary, especially that acquired while learning a language.",,,noun:1,noun,False,0,,,,False,True,False,,,,,,noun,60,n:2;abbr:1,True
hora,2.56,0,1,2,"A circle dance popular in the Balkans, Israel and Yiddish culture worldwide.",,,noun:2,noun,False,0,,,,False,True,False,,,,,,noun,60,n:1,True
hyperinflation,2.56,1,1,2,Excessive inflation.,,,noun:2,noun,False,0,,,,False,True,False,,,,,,noun,60,n:2,True
pappy,2.56,0,0,2,A father.,,,noun:2;adj:1,noun,False,0,,,,False,True,False,,,,,,noun,60,n:2,True
poppa,2.56,0,0,1,"father, papa.",,,noun:1,noun,False,0,,,,False,True,False,,,,,,noun,60,n:2,True
gunship,2.55,0,0,3,A ship equipped with heavy artillery.,,,noun:3,noun,False,2,NOUN,1.0,,False,True,False,,,,,,noun,60,n:1,True
sicko,2.55,0,0,3,"A person with unpleasant tastes, views or habits.",,,noun:3;adj:1,noun,False,0,,,,False,True,False,,,,,,noun,60,n:1,True
borehole,2.54,0,0,2,A hole bored into the ground to collect samples for analysis or to extract oil or water.,,,noun:2;verb:1,noun,False,0,,,,False,True,False,,,,,,noun,60,n:1,True
handbrake,2.54,0,0,2,"A brake in a vehicle, set by hand, and usually locking on until released by hand, enabling its use when parked.",,,noun:2;verb:1,noun,False,0,,,,False,True,False,,,,,,noun,60,n:1,True
psychotropic,2.54,0,0,1,A psychotropic drug or agent.,,,adj:1;noun:1,adj,False,2,ADJ,0.0,,False,True,False,,,adjective-like (morphology),,,noun,60,n:2;aj:1,True
brownfield,2.53,0,0,1,"A site, to be used for housing or commerce, that has been previously used for industry and may be contaminated or need extensive clearing.",,,adj:1;noun:1,adj,False,0,,,,False,True,False,,,,,,noun,60,n:2,True
tootsie,2.53,0,0,3,A young woman.,,,noun:3,noun,False,4,PROPN,0.0,,False,True,False,,,,,,noun,60,n:2,True
jousting,2.52,1,1,2,A medieval European sport in which mounted knights charged at each other bearing lances.,,,noun:2;verb:1,noun,False,1,VERB,0.0,,False,True,False,NOUN;VERB,,"noun, also verb",,,noun,60,n:1,True
retest,2.52,0,0,1,A repeat test.,,,noun:1;verb:1,noun,False,0,,,,False,True,False,,,,,,noun,60,n:1;v:1,True
spaceport,2.52,0,0,1,A site for launching spacecraft.,,,noun:1,noun,False,0,,,,False,True,False,,,,,,noun,60,n:1,True
bringer,2.51,0,0,2,A person or a thing which brings something.,,,noun:2,noun,False,1,NOUN,1.0,,False,True,False,,,,,,noun,60,n:1,True
buttercream,2.5,1,1,1,"A type of thick, sweet icing or cake-filling made by creaming butter (or sometimes another fat, such as margarine) with powdered sugar.",,,noun:1,noun,False,0,,,,False,True,False,,,,,,noun,60,n:1,True
helipad,2.5,0,0,1,A small landing area for helicopters.,,,noun:1,noun,False,0,,,,False,True,False,,,,,,noun,60,n:1,True
returner,2.5,0,0,3,One who returns from another place.,,,noun:3,noun,False,0,,,,False,True,False,,,,,,noun,60,n:1,True
skeeter,2.5,0,0,1,A mosquito.,,,noun:1;verb:1,noun,False,0,,,,False,True,False,,,,,,noun,60,n:2,True
bodysuit,2.49,0,0,1,"A one-piece, skin-tight garment rather like a leotard.",,,noun:1,noun,False,0,,,,False,True,False,,,,,,noun,60,n:1,True
creationist,2.49,0,0,1,A proponent or supporter of creationism.,,,adj:1;noun:1,adj,False,0,,,,False,True,False,,,,,,noun,60,n:1,True
fraudster,2.49,0,0,1,A person who carries out fraud; a swindler.,,,noun:1,noun,False,0,,,,False,True,False,,,,,,noun,60,n:1,True
landmine,2.49,0,0,1,Alternative spelling of land mine.,land mine,spelling variant of another word (Wiktionary gloss),noun:1;verb:1,noun,False,1,NOUN,1.0,,False,False,False,,,,,,noun,60,n:1,True
riverboat,2.49,0,0,1,A watercraft designed for operating on rivers.,,,noun:1,noun,False,1,PROPN,0.0,,False,True,False,,,,,,noun,60,n:1,True
roadie,2.49,0,0,3,"One of the crew for a musical group or other travelling stage production, especially a stagehand or technician.",,,noun:3;verb:1,noun,False,0,,,,False,True,False,,,,,,noun,60,n:1,True
seasonality,2.49,1,1,1,Variation with the seasons,,,noun:1,noun,False,0,,,,False,True,False,,,,,,noun,60,n:2,True
cordillera,2.48,0,0,1,"An extensive, continent-wide chain of mountains, especially one in the Americas.",,,noun:1,noun,False,0,,,,False,True,False,,,,,,noun,60,n:1,True
shoppe,2.48,0,0,1,"A fanciful spelling of shop, chiefly used in the names of businesses to give an air of old-fashionedness.",,,noun:1,noun,False,0,,,,False,True,False,,,,,,noun,60,n:1,True
biofilm,2.47,1,1,1,"A structured community of microorganisms, such as bacteria, that adhere to a surface and are embedded in a self-produced protective matrix of mucuslike extracellular material.",,,noun:1,noun,False,0,,,,False,True,False,,,,,,noun,60,n:1,True
evaporator,2.47,0,0,2,A piece of equipment used to evaporate the solvent from a solution.,,,noun:2,noun,False,1,NOUN,1.0,,False,True,False,,,,,,noun,60,n:1,True
pyruvate,2.47,0,0,1,Any salt or ester of pyruvic acid.,,,noun:1,noun,False,2,NOUN,1.0,,False,True,False,,,,,,noun,60,n:2,True
trainspotting,2.46,0,1,1,Alternative spelling of train spotting.,train spotting,spelling variant of another word (Wiktionary gloss),noun:1,noun,False,0,,,,False,False,False,,,"verb form (-ing, morphology)",,,noun,60,n:1,True
trashcan,2.46,0,0,1,Alternative form of trash can.,trash can,spelling variant of another word (Wiktionary gloss),noun:1,noun,False,0,,,,False,False,False,,,,,,noun,60,n:1,True
triathlete,2.46,0,0,1,An athlete who competes in the triathlon.,,,noun:1,noun,False,0,,,,False,True,False,,,,,,noun,60,n:1,True
smarty,2.45,0,0,1,An obnoxiously clever or quick-witted person.,,,noun:1,noun,False,1,NOUN,1.0,,False,True,False,,,,,,noun,60,n:1,True
duopoly,2.44,1,1,3,An economic condition in which two sellers exert most control over the market of a commodity.,,,noun:3,noun,False,0,,,,False,True,False,,,adjective-like (morphology),,,noun,60,n:1,True
microfiber,2.44,1,1,1,Very fine synthetic fiber; cloth made of such fiber.,,,noun:1,noun,False,0,,,,False,True,False,,,,,,noun,60,n:1,True
tuple,2.44,0,0,4,A finite sequence of terms.,,,noun:4,noun,False,0,,,,False,True,False,,,,,,noun,60,n:1,True
zookeeper,2.44,0,0,1,A person employed at a zoo to attend to the animals.,,,noun:1,noun,False,0,,,,False,True,False,,,,,,noun,60,n:1,True
bloop,2.43,0,0,4,The sound of a fish blowing air bubbles in water.,,,noun:4;verb:4,noun,False,0,,,,False,True,False,,,,,,noun,60,n:1;v:1,True
hairdryer,2.43,0,0,1,"A small electrical appliance for drying hair, by generating a stream of hot air.",,,noun:1,noun,False,1,NOUN,1.0,,False,True,False,,,,,,noun,60,n:1,True
mentalist,2.43,0,0,2,A practitioner of mentalism.,,,noun:2;adj:1,noun,False,0,,,,False,True,False,,,,,,noun,60,n:1,True
ripoff,2.43,0,0,1,Alternative spelling of rip-off.,rip-off,spelling variant of another word (Wiktionary gloss),noun:1,noun,False,0,,,,False,False,False,,,,,,noun,60,n:1,True
nucleation,2.42,1,1,2,The first stage of a phase transition in a small region.,,,noun:2,noun,False,0,,,,False,True,False,,,,,,noun,60,n:1,True
colorway,2.41,0,0,1,Any of the schemes of two or more colors in which a design is available.,,,noun:1,noun,False,0,,,,False,True,False,,,,,,noun,60,n:1,True
groomer,2.41,0,0,8,One that grooms; that attends to apperance of a person or animal.,,,noun:8,noun,False,0,,,,False,True,False,,,,,,noun,60,n:1,True
soundscape,2.41,0,0,2,"An acoustic environment, a virtual/emotional environment created using sound.",,,noun:2;verb:1,noun,False,0,,,,False,True,False,,,,,,noun,60,n:1,True
tog,2.41,0,0,6,A cloak.,,,noun:6;verb:2;adv:1,noun,True,0,,,,False,True,False,NOUN;VERB,,"noun, also verb",,,noun,60,n:1;v:1,True
afterword,2.4,0,0,3,an epilogue.,,,noun:3,noun,False,0,,,,False,True,False,,,,,,noun,60,n:1,True
coley,2.4,0,0,1,"coalfish, Pollachius virens",,,noun:1,noun,False,0,,,,False,True,False,,,,,,noun,60,n:1,True
conflation,2.4,1,1,2,"A blowing or fusing together, as of many instruments in a concert, or of many fires in a foundry.",,,noun:2,noun,False,0,,,,False,True,False,,,,,,noun,60,n:2,True
historicity,2.4,0,1,2,Historical quality or authenticity based on fact.,,,noun:2,noun,False,2,NOUN,1.0,,False,True,False,,,,,,noun,60,n:1,True
superconductor,2.4,0,0,1,A substance that has no resistance to conducting an electric current,,,noun:1,noun,False,5,NOUN,0.8,,False,True,False,NOUN,,,,,noun,60,n:1,True
checkbox,2.39,0,0,2,A space on a paper form that can be optionally filled with a check mark.,,,noun:2,noun,False,0,,,,False,True,False,,,,,,noun,60,n:1,True
conjunct,2.39,0,0,3,Either term of a conjunction.,,,noun:3;adj:2,noun,False,1,ADJ,0.0,,False,True,False,,,,,,noun,60,n:2;aj:1,True
consumerist,2.39,0,0,1,A proponent of consumerism.,,,adj:1;noun:1,adj,False,0,,,,False,True,False,,,,,,noun,60,n:2;aj:1,True
megastar,2.39,0,0,1,A very famous or successful celebrity.,,,noun:1,noun,False,0,,,,False,True,False,,,,,,noun,60,n:1,True
politicization,2.39,0,1,1,The state of being (or process of becoming) politicized,,,noun:1,noun,False,0,,,,False,True,False,,,,,,noun,60,n:1,True
softcover,2.39,0,0,1,A book having such covers.,,,adj:1;noun:1,adj,False,0,,,,False,True,False,,,,,,noun,60,n:2,True
cavitation,2.38,1,1,3,The formation of pits on a surface.,,,noun:3,noun,False,0,,,,False,True,False,,,,,,noun,60,n:2,True
rosewater,2.38,0,1,1,"A liquid produced by steeping rose petals in water, used as a coloring agent and a flavoring ingredient in certain foods.",,,noun:1,noun,False,1,NOUN,1.0,,False,True,False,,,,,,noun,60,n:1,True
absurdist,2.37,0,0,1,"An advocate of absurdism, in particular a writer of absurd topics.",,,adj:1;noun:1,adj,False,0,,,,False,True,False,,,,,,noun,60,n:1,True
brindle,2.37,0,1,2,A streaky colouration in animals.,,,noun:2;adj:1;verb:1,noun,False,1,NOUN,1.0,,False,True,False,,,,,,noun,60,n:1;aj:1,True
payphone,2.37,0,0,1,"A public telephone that requires prepayment to operate, generally via the insertion of coins or a credit card.",,,noun:1,noun,False,0,,,,False,True,False,,,,,,noun,60,n:1,True
reconstitution,2.37,1,1,3,The process or result of reconstituting,,,noun:3,noun,False,0,,,,False,True,False,,,,,,noun,60,n:1,True
scaremongering,2.37,0,1,1,The actions of scaremongers in spreading frightening or ominous reports or rumours.,,,noun:1;verb:1,noun,False,0,,,,False,True,False,,,"verb form (-ing, morphology)",,,noun,60,n:2,True
subcategory,2.37,0,0,2,With respect to a given category; a narrower category.,,,noun:2,noun,False,0,,,,False,True,False,,,,,,noun,60,n:1,True
traceability,2.37,1,1,1,The ability to trace (identify and measure) all the stages that led to a particular point in a process that consists of a chain of interrelated events,,,noun:1,noun,False,0,,,,False,True,False,,,,,,noun,60,n:2,True
impulsivity,2.36,0,1,1,"The quality of being impulsive, impulsiveness; inclination to act on impulse rather than thought.",,,noun:1,noun,False,0,,,,False,True,False,,,,,,noun,60,n:2,True
interventionism,2.36,1,1,3,The political practice of intervening in a sovereign state's affairs.,,,noun:3,noun,False,0,,,,False,True,False,,,,,,noun,60,n:1,True
quayside,2.36,0,0,1,An area alongside a quay.,,,noun:1,noun,False,0,,,,False,True,False,,,,,,noun,60,n:1,True
tandoori,2.36,0,0,3,A dish that was cooked in a tandoor.,,,noun:3;adj:1,noun,False,0,,,,False,True,False,,,,,,noun,60,n:1;aj:1,True
whitelist,2.36,0,0,1,"A list or collection of people or entities that are known, trusted, or explicitly permitted.",,,noun:1;verb:1,noun,False,0,,,,False,True,False,,,,,,noun,60,n:1;v:1,True
carryover,2.35,1,1,3,Something whose duration has been extended or that has been transferred to another time.,,,noun:3,noun,False,13,NOUN,1.0,,False,True,False,,,,,,noun,60,n:1,True
coulee,2.35,0,0,3,"A stream, especially one in the western US or Canada, generally smaller than a bayou; it may (or may not) run dry in summer, may be sluggish, shallow, and wide (forming in effect a pond or slough), or",,,noun:3,noun,False,0,,,,False,True,False,,,,,,noun,60,n:1,True
driller,2.35,0,0,4,One who drills.,,,noun:4,noun,False,0,,,,False,True,False,,,,,,noun,60,n:1,True
taskbar,2.35,0,0,1,A bar on a computer desktop used to launch and monitor applications.,,,noun:1,noun,False,0,,,,False,True,False,,,,,,noun,60,n:1,True
tiebreak,2.35,0,0,1,"A tiebreaker, a game or an extension to a game played to resolve a tied score.",,,noun:1;verb:1,noun,False,0,,,,False,True,False,,,,,,noun,60,n:1,True
turbocharger,2.35,0,0,1,"An inlet air compressor for an internal combustion engine (either Otto or Diesel cycle), powered from the exhaust air.",,,noun:1,noun,False,0,,,,False,True,False,,,,,,noun,60,n:1,True
bipartisanship,2.34,1,1,1,"In the context of a two-party system, especially in the United States, cooperation between the competing political parties; governing in a bipartisan manner.",,,noun:1,noun,False,0,,,,False,True,False,,,,,,noun,60,n:1,True
dasher,2.34,0,0,5,A person who dashes; a fast runner.,,,noun:5,noun,False,0,,,,False,True,False,,,,,,noun,60,n:1,True
greenstone,2.34,1,1,2,"Any of several green-hued minerals used for making various artefacts in early Mesoamerican cultures, e.g. greenschist, chlorastrolite, serpentine, omphacite, or chrysoprase.",,,noun:2,noun,False,0,,,,False,True,False,,,,,,noun,60,n:1,True
journo,2.34,0,0,1,A journalist.,,,noun:1,noun,False,0,,,,False,True,False,,,,,,noun,60,n:1,True
kickball,2.34,1,1,2,"A sport similar to baseball, where a ball similar to a soccer ball, is pitched at a kicker, and is kicked rather than hit.",,,noun:2,noun,False,1,NOUN,1.0,,False,True,False,,,,,,noun,60,n:1,True
playgroup,2.34,0,0,3,A group of children who meet together for supervised play.,,,noun:3,noun,False,0,,,,False,True,False,,,,,,noun,60,n:1,True
radicalisation,2.34,1,1,1,Non-Oxford British English standard spelling of radicalization.,radicalization,,noun:1,noun,False,0,,,,False,True,False,,,,,,noun,60,n:1,False
snakeskin,2.34,1,1,2,The skin of a snake,,,noun:2;adj:1,noun,False,0,,,,False,True,False,,,,,,noun,60,n:2,True
volunteerism,2.34,1,1,2,Reliance on volunteers to perform a social or educational function.,,,noun:2,noun,False,0,,,,False,True,False,,,,,,noun,60,n:1,True
brokenness,2.33,0,1,1,The characteristic of being broken.,,,noun:1,noun,False,0,,,,False,True,False,,,,,,noun,60,n:1,True
dosh,2.33,0,1,1,Money.,,,noun:1,noun,False,0,,,,False,True,False,,,,,,noun,60,n:1,True
heptathlon,2.33,0,0,1,"An athletic contest comprising seven events; contested mostly by women, for whom this is an Olympic sport.",,,noun:1,noun,False,0,,,,False,True,False,,,,,,noun,60,n:1,True
institutionalization,2.33,1,1,3,The process of establishing a practice as a norm.,,,noun:3,noun,False,1,NOUN,1.0,,False,True,False,,,,,,noun,60,n:1,True
katakana,2.33,1,1,2,"A Japanese syllabary used when writing words borrowed from foreign languages other than Chinese, specific names of plants and animals and other jargon, onomatopoeia, or to emphasize a word or phrase. ",,,noun:2,noun,False,0,,,,False,True,False,,,,,,noun,60,n:2,True
loris,2.33,0,0,1,"Any of several small, slow-moving primates, of the subfamily Lorisinae, found in India and southeast Asia.",,,noun:1,noun,False,0,,,,False,True,False,,,,,,noun,60,n:1,True
politicking,2.33,0,0,1,"The act of engaging in politics, or in political campaigning.",,,verb:2;noun:1,verb,False,1,NOUN,1.0,,False,True,False,,,"verb form (-ing, morphology)",,,noun,60,n:1,True
soundbite,2.33,0,0,1,Alternative spelling of sound bite.,sound bite,spelling variant of another word (Wiktionary gloss),noun:1,noun,False,0,,,,False,False,False,,,,,,noun,60,n:1,True
commodification,2.32,1,1,2,The assignment of a commercial value to something previously without such value.,,,noun:2,noun,False,0,,,,False,True,False,,,,,,noun,60,n:2,True
cropland,2.32,1,1,1,arable land,,,noun:1,noun,False,0,,,,False,True,False,,,,,,noun,60,n:2,True
orienteering,2.32,0,1,1,The act of racing across unfamiliar place using a map and compass.,,,noun:1,noun,False,0,,,,False,True,False,,,"verb form (-ing, morphology)",,,noun,60,n:2,True
peacemaking,2.32,1,1,1,The act of reconciling two people or groups who disagree.,,,noun:1,noun,False,1,ADJ,0.0,,False,True,False,,,"verb form (-ing, morphology)",,,noun,60,n:1,True
showground,2.32,0,0,1,An outdoor arena or area where entertainment events and shows are held.,,,noun:1,noun,False,0,,,,False,True,False,,,,,,noun,60,n:1,True
cellmate,2.31,0,0,1,A person with whom one shares a prison cell.,,,noun:1,noun,False,0,,,,False,True,False,,,,,,noun,60,n:1,True
garcon,2.31,0,0,1,Alternative spelling of garçon.,garçon,spelling variant of another word (Wiktionary gloss),noun:1,noun,False,0,,,,False,False,False,,,,,,noun,60,n:1,True
ironstone,2.31,1,1,2,Any ore of iron which is impure through the admixture of silica or clay.,,,noun:2,noun,False,0,,,,False,True,False,,,,,,noun,60,n:1,True
meathead,2.31,0,0,3,"An ungainly, dull, or stupid person; someone who is lazy, disrespectful, and/or whose beliefs and philosophies clash with those of another.",,,noun:3,noun,False,2,NOUN,0.5,,False,True,False,,,,,,noun,60,n:2,True
underemployment,2.31,0,1,1,The condition of being underemployed.,,,noun:1,noun,False,0,,,,False,True,False,,,,,,noun,60,n:1,True
workup,2.31,1,1,6,A general medical examination to assess a person's health and fitness.,,,noun:6,noun,False,0,,,,False,True,False,,,,,,noun,60,n:1,True
dystonia,2.3,1,1,1,"A disabling neurological disorder in which prolonged and repetitive contractions of muscles cause jerking, twisting movements and abnormal postures of the body.",,,noun:1,noun,False,0,,,,False,True,False,,,,,,noun,60,n:2,True
fightback,2.3,0,0,1,A campaign of resistance; a counterattack.,,,noun:1,noun,False,0,,,,False,True,False,,,,,,noun,60,n:2,True
gratin,2.3,0,0,1,"The top crust of a dish, consisting of breadcrumbs or grated cheese heated under a grill; the dish itself.",,,noun:1,noun,False,0,,,,False,True,False,,,,,,noun,60,n:2,True
provolone,2.3,0,1,1,A semi-hard cheese made of whole milk from cows. It comes primarily from Southern Italy.,,,noun:1,noun,False,0,,,,False,True,False,,,,,,noun,60,n:1,True
rater,2.3,0,0,2,One who provides a rating or assessment.,,,noun:2,noun,False,0,,,,False,True,False,,,,,,noun,60,n:1,True
superwoman,2.3,0,0,2,A woman who looks after a home and children as well as being employed in a full-time job.,,,noun:2,noun,False,0,,,,False,True,False,,,,,,noun,60,n:1,True
bathwater,2.29,0,1,1,The water used in a bath (bathtub).,,,noun:1,noun,False,0,,,,False,True,False,,,,,,noun,60,n:2,True
chanson,2.29,0,0,2,"Any song with French words, but more specifically a classic, lyric-driven French song.",,,noun:2,noun,False,0,,,,False,True,False,,,,,,noun,60,n:1,True
frosh,2.29,0,0,3,A frog.,frosh week,,noun:3;verb:2,noun,True,0,,,,False,True,False,,,,,,noun,60,n:1,True
hiragana,2.29,1,1,2,"The main syllabary for the Japanese language, used to represent native Japanese words, including particles, and when kanji is used, to represent verb and adjective endings.",,,noun:2,noun,False,0,,,,False,True,False,,,,,,noun,60,n:2,True
practicum,2.29,0,0,2,A college course designed to give a student supervised practical knowledge of a subject previously studied theoretically.,,,noun:2,noun,False,0,,,,False,True,False,,,,,,noun,60,n:2,True
corpsman,2.28,0,0,3,A hospital corpsman.,,,noun:3,noun,False,1,NOUN,1.0,,False,True,False,,,,,,noun,60,n:1,True
nondiscrimination,2.28,0,1,1,An act or policy of not engaging in discrimination.,,,noun:1,noun,False,0,,,,False,True,False,,,,,,noun,60,n:1,True
scrapyard,2.28,0,0,1,"A junkyard; a place where scrap is stored, discarded or resold.",,,noun:1,noun,False,0,,,,False,True,False,,,,,,noun,60,n:1,True
trendsetter,2.28,0,0,1,"Someone who starts a trend, or makes something more popular.",,,noun:1,noun,False,0,,,,False,True,False,,,,,,noun,60,n:1,True
wielder,2.28,0,0,2,"A person who wields something, especially power",,,noun:2,noun,False,1,NOUN,1.0,,False,True,False,,,,,,noun,60,n:1,True
dingus,2.27,0,0,3,"A gadget, device, or object whose name is either unknown, forgotten, or omitted for the purpose of humor.",,,noun:3,noun,False,0,,,,False,True,False,,,,,,noun,60,n:1,True
druggie,2.27,0,0,1,A drug addict or abuser.,,,noun:1,noun,False,0,,,,False,True,False,,,,,,noun,60,n:1,True
milady,2.27,0,0,1,An English noblewoman or gentlewoman; the form of address to such a person; a lady.,,,noun:1;verb:1,noun,False,1,NOUN,1.0,,False,True,False,,,,,,noun,60,n:1,True
muskie,2.27,0,0,1,muskellunge; a large freshwater gamefish of the pike family.,,,noun:1,noun,False,0,,,,False,True,False,,,,,,noun,60,n:1,True
nondisclosure,2.27,1,1,1,An act or policy of not disclosing.,,,noun:1,noun,False,0,,,,False,True,False,,,,,,noun,60,n:1,True
repeatability,2.27,1,1,2,The property or quality of being repeatable.,,,noun:2,noun,False,0,,,,False,True,False,,,,,,noun,60,n:2,True
swizz,2.27,0,0,1,"A swindle, con.",,,noun:1;verb:1,noun,False,0,,,,False,True,False,,,,,,noun,60,n:2,True
waterhole,2.27,0,0,3,"A depression in which water collects, especially one where wild animals come to drink.",,,noun:3,noun,False,0,,,,False,True,False,,,,,,noun,60,n:1,True
worksite,2.27,0,0,1,A site where work occurs; usually used in reference to construction work.,,,noun:1,noun,False,0,,,,False,True,False,,,,,,noun,60,n:1,True
baler,2.26,0,0,2,"A machine for creating bales, e.g., of hay or cotton.",,,noun:2,noun,False,0,,,,False,True,False,,,,,,noun,60,n:1,True
insula,2.26,0,0,2,A block of buildings in a Roman town.,,,noun:2,noun,False,0,,,,False,True,False,,,,,,noun,60,n:1,True
gunfighter,2.25,0,0,1,A person who engages in gunfights; a gunslinger.,,,noun:1,noun,False,1,NOUN,1.0,,False,True,False,,,,,,noun,60,n:1,True
misdiagnosis,2.25,1,1,1,An incorrect diagnosis.,,,noun:1,noun,False,0,,,,False,True,False,NOUN,,,,,noun,60,n:1,True
perspex,2.25,0,1,1,"Any tough, transparent plastic that is used instead of glass for windows.",,,noun:1,noun,False,0,,,,False,True,False,,,,,,noun,60,n:1,True
underwire,2.25,0,0,2,A semicircular wire placed in a bra to support the breasts.,,,noun:2;verb:1,noun,False,0,,,,False,True,False,,,,,,noun,60,n:2,True
chappy,2.24,0,0,1,A chap; a fellow.,,,adj:2;noun:1,adj,False,0,,,,False,True,False,,,,,,noun,60,n:1,True
didgeridoo,2.24,0,0,1,"A musical instrument, endemic to the Top End of Australia, consisting of a long hollowed-out log which, when blown into, produces a low, deep mesmerising drone with sweeping rhythms.",,,noun:1;verb:1,noun,False,0,,,,False,True,False,,,,,,noun,60,n:1,True
shutoff,2.24,0,0,2,A valve used to turn something off.,,,noun:2,noun,False,1,NOUN,1.0,,False,True,False,,,,,,noun,60,n:1,True
tatami,2.24,0,0,2,"Straw matting, in a standard size, used as a floor covering in Japanese houses.",,,noun:2,noun,False,0,,,,False,True,False,,,,,,noun,60,n:1,True
candler,2.23,0,0,2,A person who makes candles; a chandler.,,,noun:2,noun,False,0,,,,False,True,False,,,,,,noun,60,n:1,True
forwarder,2.23,0,0,1,"One who, or that which, forwards something to another destination.",,,adj:1;noun:1,adj,False,0,,,,False,True,False,NOUN,,,,,noun,60,n:1,True
soundcheck,2.23,1,1,1,"An activity that takes place before a concert, etc., when the performer and sound crew run through a small portion of the upcoming show on the venue's sound system to verify the volume and tonal frequ",,,verb:2;noun:1,verb,False,0,,,,False,True,False,,,,,,noun,60,n:1,True
terrazzo,2.23,1,1,1,A faux-marble material used for flooring and countertops.,,,noun:1,noun,False,0,,,,False,True,False,,,,,,noun,60,n:1,True
camerawork,2.22,1,1,1,"Skill or technique involving the use of a camera, especially a video camera.",,,noun:1,noun,False,0,,,,False,True,False,,,,,,noun,60,n:2,True
floodwater,2.22,1,1,1,The water of a flood.,,,noun:1,noun,False,0,,,,False,True,False,,,,,,noun,60,n:2,True
gripper,2.22,0,0,6,A person who or thing which grips something.,,,noun:6,noun,False,2,NOUN,1.0,,False,True,False,,,,,,noun,60,n:1,True
jojoba,2.22,0,0,1,"Any of species Simmondsia chinensis of shrubs native to the southwestern United States and to Mexico, the only plant known to store liquid wax in its seed.",,,noun:1,noun,False,0,,,,False,True,False,,,,,,noun,60,n:2,True
videoconferencing,2.22,1,1,1,Alternative form of video conferencing.,video conferencing,spelling variant of another word (Wiktionary gloss),noun:1;verb:1,noun,False,0,,,,False,False,False,,,"verb form (-ing, morphology)",,,noun,60,n:2,True
awardee,2.21,0,0,1,The recipient of an award or special honor.,,,noun:1,noun,False,0,,,,False,True,False,,,,,,noun,60,n:1,True
comorbidity,2.21,1,1,3,The presence of one or more disorders (or diseases) in addition to a primary disease or disorder.,,,noun:3,noun,False,0,,,,False,True,False,,,,,,noun,60,n:1,True
graveside,2.21,0,0,1,The area immediately around a grave.,,,noun:1,noun,False,0,,,,False,True,False,,,,,,noun,60,n:1;aj:1,True
phonon,2.21,0,0,2,"The quantum of acoustic or vibrational energy (sound), considered a discrete particle rather than a wave.",,,noun:2,noun,False,0,,,,False,True,False,,,,,,noun,60,n:1,True
punditry,2.21,1,1,3,The state of being a pundit.,,,noun:3,noun,False,1,NOUN,1.0,,False,True,False,,,,,,noun,60,n:1,True
tachyon,2.21,0,0,2,A hypothetical particle that travels faster than the speed of light.,,,noun:2,noun,False,0,,,,False,True,False,,,,,,noun,60,n:2,True
triplex,2.21,1,1,5,A building with three apartments or divisions.,,,noun:5;adj:2;verb:1,noun,False,0,,,,False,True,False,,,,,,noun,60,n:2;aj:1,True
welly,2.21,1,1,3,A Wellington boot.,,,noun:3;adv:2,noun,False,0,,,,False,True,False,,,,,,noun,60,n:1,True
wurst,2.21,1,1,1,A German- or Austrian-style sausage.,,,noun:1,noun,False,0,,,,False,True,False,,,,,,noun,60,n:1,True
firebombing,2.2,0,0,1,An attack with a firebomb.,,,noun:1;verb:1,noun,False,0,,,,False,True,False,,,"verb form (-ing, morphology)",,,noun,60,n:1,True
mouthfeel,2.2,1,1,2,A feeling (other than taste) perceived inside the mouth.,,,noun:2,noun,False,0,,,,False,True,False,,,,,,noun,60,n:1,True
sizzler,2.2,0,0,4,"One who, or that which, sizzles.",,,noun:4,noun,False,0,,,,False,True,False,,,,,,noun,60,n:1,True
uptrend,2.2,0,0,1,"An upward trend, or an upturn.",,,noun:1;verb:1,noun,False,1,NOUN,1.0,,False,True,False,,,,,,noun,60,n:2;v:2,True
woodblock,2.2,0,0,4,A woodcut.,,,noun:4;verb:2,noun,False,0,,,,False,True,False,,,,,,noun,60,n:1,True
chapbook,2.19,0,0,1,"A small book, usually made from a single sheet, folded several times, containing poems, ballads or religious tracts.",,,noun:1,noun,False,0,,,,False,True,False,,,,,,noun,60,n:1,True
chitosan,2.19,0,0,1,"An oligosaccharide derived from chitin, sometimes used in the absorption of fat",,,noun:1,noun,False,1,NOUN,1.0,,False,True,False,,,,,,noun,60,n:2,True
cosmopolitanism,2.19,1,1,3,The quality of being cosmopolitan.,,,noun:3,noun,False,2,NOUN,1.0,,False,True,False,,,,,,noun,60,n:1,True
erector,2.19,0,0,4,"A person who, or a device which erects.",,,noun:4,noun,False,0,,,,False,True,False,,,,,,noun,60,n:1,True
monseigneur,2.19,0,0,2,"An honorific form of address for an eminent person in France, especially under the Ancien Régime.",,,noun:2,noun,False,0,,,,False,True,False,,,,,,noun,60,n:2,True
postmodernist,2.19,0,0,1,An advocate or follower of postmodernism.,,,adj:1;noun:1,adj,False,0,,,,False,True,False,,,,,,noun,60,n:1;aj:1,True
senora,2.19,0,0,1,Alternative spelling of señora.,señora,spelling variant of another word (Wiktionary gloss),noun:1,noun,False,2,NOUN,0.5,,False,False,False,,,,,,noun,60,n:1,True
classism,2.18,0,1,1,"Discrimination or prejudice that is based on social class, especially against those of lower social class.",,,noun:1,noun,False,0,,,,False,True,False,,,,,,noun,60,n:2,True
downtrend,2.18,0,0,1,Any gradual movement towards a lower state or value.,,,noun:1;verb:1,noun,False,1,NOUN,1.0,,False,True,False,,,,,,noun,60,n:2,True
regex,2.18,0,0,1,Clipping of regular expression.,regular expression,clipping (Wiktionary gloss),noun:1,noun,True,0,,,,False,False,False,,,,,,noun,60,n:1,True
superglue,2.18,1,1,1,"A very strong and instant glue, generally cyanoacrylate.",,,noun:1;verb:1,noun,False,0,,,,False,True,False,,,,,,noun,60,n:2,True
tripwire,2.18,0,0,2,"A cord or wire arranged so that when snagged or pulled by an intruder, it will trigger a detector or trap or a device, such as a land mine.",,,noun:2;verb:1,noun,False,0,,,,False,True,False,,,,,,noun,60,n:2,True
boneyard,2.17,0,0,4,A graveyard.,,,noun:4,noun,False,0,,,,False,True,False,,,,,,noun,60,n:1,True
fastback,2.17,0,0,1,A motor car having a continuous slope from the roof to the rear.,,,noun:1,noun,False,0,,,,False,True,False,,,,,,noun,60,n:1,True
hayride,2.17,0,0,1,A recreational ride in a vehicle full of hay.,,,noun:1,noun,False,0,,,,False,True,False,,,,,,noun,60,n:1,True
incapacitation,2.17,1,1,2,The act of incapacitating or state of being incapacitated; incapacity; disqualification.,,,noun:2,noun,False,0,,,,False,True,False,,,,,,noun,60,n:2,True
tabla,2.17,0,0,1,"A pair of tuned hand drums, used in various musical genres of the Indian subcontinent, that are similar to bongos.",,,noun:1,noun,False,0,,,,False,True,False,,,,,,noun,60,n:1,True
thew,2.17,0,0,4,"An attractive physical attribute; also, physical, mental, or moral strength or vigour.",,,noun:4;verb:1,noun,False,0,,,,False,True,False,,,,,,noun,60,n:1,True
watchmaking,2.17,0,1,1,The making (and repairing) of watches.,,,noun:1,noun,False,0,,,,False,True,False,,,"verb form (-ing, morphology)",,,noun,60,n:1,True
reformulation,2.16,1,1,2,The act of formulating anew.,,,noun:2,noun,False,0,,,,False,True,False,,,,,,noun,60,n:1,True
subparagraph,2.16,0,0,1,"Part of a longer paragraph that can be considered alone, as in a legal document.",,,noun:1;verb:1,noun,False,2,NOUN,1.0,,False,True,False,,,,,,noun,60,n:1,True
functor,2.15,0,0,4,A function word.,,,noun:4,noun,False,0,,,,False,True,False,,,,,,noun,60,n:2,True
hypervisor,2.15,0,0,1,"A firmware or software system that provides a virtual machine and allows it to operate directly on underlying hardware (instead of via emulation), but within specified constraints.",,,noun:1,noun,False,0,,,,False,True,False,,,,,,noun,60,n:1,True
magnon,2.15,0,0,1,A quantum of a spin wave.,,,noun:1,noun,False,0,,,,False,True,False,,,,,,noun,60,n:2,True
nightlight,2.15,1,1,2,"A small, dim light or lamp left on overnight.",,,noun:2,noun,False,0,,,,False,True,False,,,,,,noun,60,n:1,True
premed,2.15,1,1,2,A premedication.,pre-med,,noun:2,noun,False,0,,,,False,True,False,,,"verb form (-ed, morphology)",,,noun,60,n:1;aj:1,True
sendoff,2.15,0,0,4,A demonstration of affection and well-wishing to someone leaving a place or group to begin a new undertaking; a farewell.,send-off,,noun:4,noun,False,0,,,,False,True,False,,,,,,noun,60,n:1,True
sparrowhawk,2.15,0,0,4,"A Eurasian sparrowhawk, Accipiter nisus, a small, short-winged European hawk that preys on smaller birds.",sparrow hawk,,noun:4,noun,False,0,,,,False,True,False,,,,,,noun,60,n:1,True
cheviot,2.14,1,1,1,A coarse woolen fabric made from the wool of Cheviot sheep.,,,noun:1,noun,False,0,,,,False,True,False,NOUN,,,,,noun,60,n:1,True
natter,2.14,0,0,1,Mindless and irrelevant chatter.,,,verb:2;noun:1,verb,False,1,NOUN,1.0,,False,True,False,,,,,,noun,60,n:1;v:1,True
nitpicking,2.14,1,1,2,The painstaking process of removing nits (lice eggs) from someone's hair.,,,noun:2,noun,False,0,,,,False,True,False,ADJ;NOUN;VERB,,"noun, also adjective/verb",,,noun,60,n:1;aj:1,True
permittivity,2.14,1,1,1,A property of a dielectric medium that determines the forces that electric charges placed in the medium exert on each other.,,,noun:1,noun,False,0,,,,False,True,False,,,,,,noun,60,n:2,True
steno,2.14,1,1,2,"a stenographer, someone whose job is to take dictation in shorthand",,,noun:2,noun,False,0,,,,False,True,False,,,,,,noun,60,n:1,True
tollway,2.14,0,0,1,"A toll road or toll highway, where a fee is charged in order to travel on it; a turnpike.",,,noun:1,noun,False,0,,,,False,True,False,,,,,,noun,60,n:1,True
bushmaster,2.13,0,0,1,"A venomous pit viper, Lachesis muta, from tropical America.",,,noun:1,noun,False,0,,,,False,True,False,,,,,,noun,60,n:1,True
catsuit,2.13,0,0,1,"A tight-fitting one-piece women's garment, covering the legs, arms and torso.",,,noun:1,noun,False,0,,,,False,True,False,,,,,,noun,60,n:1,True
coffeemaker,2.13,0,0,2,A person who makes coffee.,,,noun:2,noun,False,0,,,,False,True,False,,,,,,noun,60,n:1,True
cosponsor,2.13,0,0,1,A joint sponsor.,,,noun:1;verb:1,noun,False,0,,,,False,True,False,NOUN;VERB,,"noun, also verb",,,noun,60,n:1;v:1,True
czarist,2.13,0,0,1,Alternative spelling of tsarist.,tsarist,spelling variant of another word (Wiktionary gloss),noun:1,noun,False,0,,,,False,False,False,,,,,,noun,60,n:1;aj:1,True
demonology,2.13,1,1,1,"The study of demons, especially the incantations required to summon and control them.",,,noun:1,noun,False,0,,,,False,True,False,,,,,,noun,60,n:2,True
embolization,2.13,1,1,1,"A nonsurgical, minimally invasive procedure that affects the selective occlusion of blood vessels by purposely introducing emboli.",,,noun:1,noun,False,0,,,,False,True,False,,,,,,noun,60,n:2,True
brander,2.12,0,0,2,A person who brands.,,,noun:2;verb:1,noun,False,0,,,,False,True,False,,,,,,noun,60,n:1,True
grazer,2.12,0,0,3,"One who or that which grazes, in any sense.",,,noun:3,noun,False,1,NOUN,1.0,,False,True,False,,,,,,noun,60,n:1,True
guv,2.12,0,0,2,"A form of address to a man, usually a stranger or a superior.",,,noun:2,noun,False,0,,,,False,True,False,,,,,,noun,60,n:2,True
histopathology,2.12,1,1,1,"The microscopic study of tissue, especially of abnormal tissue as a result of disease.",,,noun:1,noun,False,0,,,,False,True,False,,,,,,noun,60,n:2,True
multilingualism,2.12,0,1,1,The condition of being multilingual; the ability to speak multiple languages.,,,noun:1,noun,False,0,,,,False,True,False,,,,,,noun,60,n:1,True
reanimation,2.12,1,1,1,The act of reanimating; a second or subsequent animation.,,,noun:1,noun,False,0,,,,False,True,False,,,,,,noun,60,n:1,True
substituent,2.12,0,0,2,"Any atom, group, or radical substituted for another, or entering a molecule in place of some other part which is removed.",,,noun:2,noun,False,0,,,,False,True,False,,,,,,noun,60,n:2,True
wazoo,2.12,0,0,2,The anus.,,,noun:2,noun,False,0,,,,False,True,False,,,,,,noun,60,n:2,True
badman,2.11,0,0,2,A violence-prone man who has had run-ins with the law; especially one from the Old West days of U.S. history.,,,noun:2,noun,False,0,,,,False,True,False,,,,,,noun,60,n:1,True
longhouse,2.11,0,0,3,"A long communal housing of the Iroquois and some other American Indians, the Malaysians, the Indonesians, the Vikings, and many other peoples.",,,noun:3,noun,False,0,,,,False,True,False,,,,,,noun,60,n:1,True
overcapacity,2.11,1,1,1,A capacity for the production of a commodity or product that is in excess of what is needed.,,,noun:1,noun,False,3,NOUN,1.0,,False,True,False,,,,,,noun,60,n:1,True
plasmon,2.11,0,0,2,The quantum of waves produced by the collective effects of large numbers of electrons when disturbed from equilibrium.,,,noun:2,noun,False,0,,,,False,True,False,,,,,,noun,60,n:2,True
reanalysis,2.11,0,0,2,A second or subsequent analysis.,,,noun:2,noun,False,0,,,,False,True,False,,,,,,noun,60,n:1,True
bioreactor,2.1,0,0,1,"A vat or pressure vessel, containing microorganisms or biochemically active substances, used for biotechnological processes such as fermentation, waste recycling, or making drugs.",,,noun:1,noun,False,0,,,,False,True,False,,,,,,noun,60,n:1,True
cheapo,2.1,0,0,3,"A person who is stingy, a miser.",,,noun:3;adj:1,noun,False,0,,,,False,True,False,,,,,,noun,60,n:2,True
extensibility,2.1,0,1,2,The capability of being extended.,,,noun:2,noun,False,0,,,,False,True,False,,,,,,noun,60,n:2,True
formalist,2.1,0,0,2,"An overly formal person, especially one who adheres to current forms; a stickler",,,noun:2;adj:1,noun,False,0,,,,False,True,False,,,,,,noun,60,n:1;aj:1,True
hider,2.1,0,0,1,One who hides oneself or a thing.,,,noun:1,noun,False,0,,,,False,True,False,,,,,,noun,60,n:1,True
napper,2.1,0,0,4,A person who takes a nap.,,,noun:4,noun,False,0,,,,False,True,False,,,,,,noun,60,n:1,True
redlining,2.1,1,1,2,The process of or an instance of redlining.,,,noun:2;verb:1,noun,False,1,VERB,0.0,,False,True,False,,,"verb form (-ing, morphology)",,,noun,60,n:1,True
reestablishment,2.1,1,1,2,The condition of being reestablished; restoration.,,,noun:2,noun,False,0,,,,False,True,False,,,,,,noun,60,n:1,True
senorita,2.1,0,0,1,"Alternative form of señorita, the character ñ being very rarely used in English.",señorita,spelling variant of another word (Wiktionary gloss),noun:1,noun,False,1,PROPN,0.0,,False,False,False,,,,,,noun,60,n:1,True
sportsperson,2.1,0,0,1,"Someone who plays sport, regardless of gender.",,,noun:1,noun,False,0,,,,False,True,False,,,,,,noun,60,n:2,True
tailbone,2.1,0,0,1,The final fused vertebrae at the base of the spine; the coccyx.,,,noun:1,noun,False,0,,,,False,True,False,,,,,,noun,60,n:1,True
wunderkind,2.1,0,0,2,A child prodigy; a wonderchild.,,,noun:2,noun,False,0,,,,False,True,False,,,,,,noun,60,n:3,True
flatland,2.09,0,0,2,Synonym of plain (“land of relatively constant altitude”).,,,noun:2,noun,False,1,NOUN,1.0,,False,True,False,,,,,,noun,60,n:1,True
sideman,2.09,0,0,2,A soloist playing with a band or group of which he is not a regular member.,,,noun:2,noun,False,0,,,,False,True,False,,,,,,noun,60,n:1,True
windchill,2.09,1,1,1,Alternative form of wind chill.,wind chill,spelling variant of another word (Wiktionary gloss),noun:1,noun,False,0,,,,False,False,False,,,,,,noun,60,n:1,True
antifascist,2.08,0,0,1,A person opposed to the tenets of fascism.,,,adj:1;noun:1,adj,False,0,,,,False,True,False,,,,,,noun,60,n:1;aj:1,True
firetruck,2.08,0,0,1,Alternative form of fire truck.,fire truck,spelling variant of another word (Wiktionary gloss),intj:1;noun:1,intj,False,0,,,,False,False,False,,,,,,noun,60,n:1,True
headhunting,2.08,0,1,2,The practice of cutting off and preserving the head of one's enemy.,,,noun:2;verb:1,noun,False,0,,,,False,True,False,,,"verb form (-ing, morphology)",,,noun,60,n:1,True
kleptocracy,2.08,0,0,1,A corrupt and dishonest government or society characterised by theft and greed.,,,noun:1,noun,False,0,,,,False,True,False,,,,,,noun,60,n:1,True
subdomain,2.08,0,0,3,A domain or sphere that is part of a larger domain or sphere.,,,noun:3,noun,False,0,,,,False,True,False,,,,,,noun,60,n:1,True
ageist,2.07,0,0,1,A person who behaves in an ageist manner.,,,adj:1;noun:1,adj,False,0,,,,False,True,False,,,,,,noun,60,n:1,True
fajita,2.07,0,0,1,"A Tex-Mex dish of strips of spicy marinated meat and/or vegetables in a soft flour tortilla, often served with salad or a savoury filling.",,,noun:1,noun,False,0,,,,False,True,False,,,,,,noun,60,n:1,True
micromanagement,2.07,0,1,2,"The direct management of a project, etc. to an excessive degree, with too much attention to detail and insufficient delegation.",,,noun:2,noun,False,0,,,,False,True,False,,,,,,noun,60,n:1,True
nimby,2.07,0,0,1,"Someone who objects to the building of an undesirable structure in their neighborhood, especially in public policy debate.",,,adj:1;noun:1;phrase:1,adj,False,0,,,,False,True,False,,,,,,noun,60,n:2,True
psychodrama,2.07,1,1,3,A form of psychotherapy in which a patient acts a role in a context devised by a psychotherapist.,,,noun:3,noun,False,0,,,,False,True,False,,,,,,noun,60,n:1,True
recapitalization,2.07,0,0,1,A restructuring of a company's mixture of equity and debt,,,noun:1,noun,False,4,NOUN,1.0,,False,True,False,,,,,,noun,60,n:1,True
headbanging,2.06,0,1,2,"A type of dance associated with hard rock or heavy metal music, in which the head is shaken violently in time with music.",,,noun:2;adj:1;verb:1,noun,False,0,,,,False,True,False,,,"verb form (-ing, morphology)",,,noun,60,n:1,True
likability,2.06,0,1,1,Alternative spelling of likeability.,likeability,spelling variant of another word (Wiktionary gloss),noun:1,noun,False,0,,,,False,False,False,,,,,,noun,60,n:1,True
phosphodiesterase,2.06,0,0,1,Any of a family of enzymes that catalyze the cleavage of phosphodiester links in nucleic acids.,,,noun:1,noun,False,0,,,,False,True,False,,,,,,noun,60,n:2,True
reconquest,2.06,1,1,1,"The act or process of conquering something again, such as a territory.",,,noun:1;verb:1,noun,False,0,,,,False,True,False,,,,,,noun,60,n:1,True
sheerness,2.06,1,1,2,The property of being sheer.,,,noun:2,noun,False,0,,,,False,True,False,,,,,,noun,60,n:1,True
almshouse,2.05,0,0,1,"A building of residence for the poor, sick or elderly of a parish. Originally founded by the Church, and usually funded by charitable donations.",,,noun:1,noun,False,0,,,,False,True,False,,,,,,noun,60,n:1,True
biosensor,2.05,0,0,2,"Any device that detects, records or transmits physiological data, especially data concerning the presence of chemical compounds (analytes)",,,noun:2,noun,False,0,,,,False,True,False,,,,,,noun,60,n:1,True
electroencephalography,2.05,0,0,1,The measurement and recording of electrical activity in the brain for diagnostic purposes.,,,noun:1,noun,False,0,,,,False,True,False,,,,,,noun,60,n:1,True
hootenanny,2.05,0,0,2,"An informal, festive performance by folk singers, often including audience participation with the use of acoustic instruments.",,,noun:2,noun,False,0,,,,False,True,False,,,,,,noun,60,n:1,True
reemergence,2.05,1,1,1,A second or subsequent emergence after being hidden etc.,,,noun:1,noun,False,0,,,,False,True,False,,,,,,noun,60,n:1,True
sunbed,2.05,0,0,2,A device emitting ultraviolet radiation used to produce a cosmetic suntan.,,,noun:2,noun,False,0,,,,False,True,False,,,"verb form (-ed, morphology)",,,noun,60,n:1,True
worktop,2.05,0,0,1,"A surface, usually resting on cupboards or drawers that can be used to work on. Usually in a kitchen.",,,noun:1,noun,False,0,,,,False,True,False,,,,,,noun,60,n:1,True
crofting,2.04,1,1,2,"A form of land tenure and small-scale food production, unique to the Highlands and islands of Scotland, in which individual crofts are established on the better land while a large area of poor-quality",,,noun:2;verb:1,noun,False,0,,,,False,True,False,,,"verb form (-ing, morphology)",,,noun,60,n:1,True
dragster,2.04,0,0,3,A heavily modified or custom-built vehicle used in drag racing.,,,noun:3,noun,False,0,,,,False,True,False,,,,,,noun,60,n:1,True
hepatocyte,2.04,0,0,1,"Any of the cells in the liver responsible for the metabolism of protein, carbohydrate and lipid and for detoxification.",,,noun:1,noun,False,0,,,,False,True,False,,,,,,noun,60,n:1,True
pharmacotherapy,2.04,0,0,1,The use of pharmaceuticals to treat disease,,,noun:1,noun,False,0,,,,False,True,False,,,,,,noun,60,n:2,True
seiner,2.04,0,0,2,A fisherman who uses a seine to catch fish.,,,noun:2,noun,False,0,,,,False,True,False,,,,,,noun,60,n:1,True
sexologist,2.04,0,0,1,"Someone who studies, or is an expert in, sex and sexuality.",,,noun:1,noun,False,1,NOUN,1.0,,False,True,False,,,,,,noun,60,n:1,True
spiderweb,2.04,0,0,2,The net-like construct of a spider containing sticky strands to catch prey.,,,noun:2;verb:1,noun,False,0,,,,False,True,False,,,,,,noun,60,n:1,True
audiologist,2.03,0,0,1,"A healthcare professional who diagnoses, treats and/or manages hearing and balance disorders.",,,noun:1,noun,False,0,,,,False,True,False,,,,,,noun,60,n:1,True
denaturation,2.03,1,1,2,The deliberate addition of a noxious substance to alcohol to make it unfit to drink,,,noun:2,noun,False,0,,,,False,True,False,,,,,,noun,60,n:2,True
rootkit,2.03,0,0,1,A set of software tools used by a third party to gain unauthorized access to a computer system and control the system while concealing itself from the user.,,,noun:1;verb:1,noun,False,0,,,,False,True,False,,,,,,noun,60,n:1,True
agoraphobic,2.02,0,0,1,One who suffers from agoraphobia.,,,adj:1;noun:1,adj,False,0,,,,False,True,False,,,adjective-like (morphology),,,noun,60,n:1;aj:1,True
codependency,2.02,1,1,2,The state of being codependent; codependence,,,noun:2,noun,False,0,,,,False,True,False,NOUN,,,,,noun,60,n:1,True
dobro,2.02,0,0,1,An acoustic guitar with a metal resonator.,,,noun:1,noun,False,0,,,,False,True,False,,,,,,noun,60,n:1,True
dreamboat,2.02,0,0,2,"An exceptionally good-looking and sexually attractive person, particularly a man.",,,noun:2,noun,False,1,PROPN,0.0,,False,True,False,,,,,,noun,60,n:1,True
infuser,2.02,0,0,1,A device used for preparing infusions,,,noun:1,noun,False,0,,,,False,True,False,,,,,,noun,60,n:1,True
majoritarian,2.02,0,0,2,One who supports the dominance of the majority over the minority.,,,noun:2;adj:1,noun,False,0,,,,False,True,False,,,,,,noun,60,n:1,True
maladministration,2.02,1,1,2,"Faulty, improper, or inefficient administration or management, especially by a government body; (countable) an instance of this.",,,noun:2,noun,False,0,,,,False,True,False,,,,,,noun,60,n:2,True
superstardom,2.02,0,1,1,The status or position of a superstar.,,,noun:1,noun,False,0,,,,False,True,False,,,,,,noun,60,n:1,True
antivenom,2.01,1,1,1,"A medicine that counteracts venom, an antidote to biological poisons from venomous animals such as snakes and spiders.",,,noun:1,noun,False,0,,,,False,True,False,,,,,,noun,60,n:1,True
chanteuse,2.01,0,0,1,A female singer; often specifically a popular or cabaret singer.,,,noun:1,noun,False,1,NOUN,1.0,,False,True,False,,,,,,noun,60,n:1,True
frenemy,2.01,0,0,2,Someone who has traits of an enemy and a friend.,,,noun:2,noun,False,0,,,,False,True,False,,,,,,noun,60,n:1,True
hypercube,2.01,0,0,4,"A geometric figure in four or more dimensions, which is analogous to a cube in three dimensions. Specifically, the n-dimensional equivalent of a cube for any non-negative integer n.",,,noun:4,noun,False,0,,,,False,True,False,,,,,,noun,60,n:1,True
hypnotherapist,2.01,0,0,1,A practitioner of hypnotherapy.,,,noun:1,noun,False,0,,,,False,True,False,,,,,,noun,60,n:1,True
puncheon,2.01,0,0,7,"A figured stamp, die, or punch, used by goldsmiths, cutlers, etc.",,,noun:7,noun,False,0,,,,False,True,False,,,,,,noun,60,n:1,True
backstabber,2.0,0,0,1,"A traitor or hypocrite, such as a co-worker or friend assumed trustworthy but who figuratively attacks when one's back is turned.",,,noun:1,noun,False,0,,,,False,True,False,,,,,,noun,60,n:1,True
bobsledder,2.0,0,0,1,Someone who participates in bobsled.,,,noun:1,noun,False,0,,,,False,True,False,,,,,,noun,60,n:1,True
boilermaker,2.0,0,0,2,A person qualified to make or repair boilers.,,,noun:2,noun,False,0,,,,False,True,False,,,,,,noun,60,n:1,True
carder,2.0,0,0,4,A person employed to card wool.,,,noun:4,noun,False,3,PROPN,0.0,,False,True,False,,,,,,noun,60,n:1,True
combiner,2.0,0,0,1,A person who or a thing that combines.,,,noun:1,noun,False,0,,,,False,True,False,,,,,,noun,60,n:1,True
copay,2.0,0,0,1,A copayment.,,,noun:1;verb:1,noun,False,0,,,,False,True,False,,,,,,noun,60,n:1,True
dazzler,2.0,0,0,1,One who or that which dazzles; something spectacular.,,,noun:1,noun,False,1,NOUN,1.0,,False,True,False,,,,,,noun,60,n:1,True
diffusivity,2.0,0,0,2,A tendency to diffuse,,,noun:2,noun,False,0,,,,False,True,False,,,,,,noun,60,n:2,True
hydrophone,2.0,0,0,1,"a transducer that converts underwater sound waves into electrical signals, rather like a microphone",,,noun:1,noun,False,0,,,,False,True,False,,,,,,noun,60,n:1,True
soundbar,2.0,0,0,1,"A bar containing multiple speakers that can be mounted under or alongside a television, etc. instead of having separate speakers positioned around the room.",,,noun:1,noun,False,0,,,,False,True,False,,,,,,noun,60,n:1,True
telesales,2.0,0,1,1,telemarketing,,,noun:1,noun,False,0,,,,False,True,False,,,,,,noun,60,n:1,True
tuneup,2.0,0,0,1,Alternative form of tune-up.,tune-up,spelling variant of another word (Wiktionary gloss),noun:1,noun,False,0,,,,False,False,False,,,,,,noun,60,n:1,True
hong,4.53,0,0,1,A foreign trading company in China.,,,noun:1;verb:1,noun,False,223,PROPN,0.0,name in practice (corpus),True,True,True,,,,,,noun,70,n:1,True
dan,4.51,0,0,7,"A title of honour or respect similar to ""master"" or ""Sir"", used of historical and legendary figures of the past.",,,noun:7;prep:1,noun,False,79,PROPN,0.038,,False,True,False,,,,,,noun,70,n:1,True
frontline,3.35,0,0,1,Alternative form of front line.,front line,spelling variant of another word (Wiktionary gloss),adj:2;noun:1,adj,False,1,NOUN,1.0,,False,False,False,,,,,,noun,70,n:2,True
frontman,3.17,0,0,2,Alternative spelling of front man: a person acting as the public face of an organization.,front man,spelling variant of another word (Wiktionary gloss),noun:2,noun,False,0,,,,False,False,False,,,,,,noun,70,n:1,True
spinoff,3.16,0,0,1,Alternative form of spin-off.,spin-off,spelling variant of another word (Wiktionary gloss),noun:1,noun,False,11,NOUN,1.0,,False,False,False,NOUN,,,,,noun,70,n:1,True
aga,3.08,0,0,1,Alternative spelling of agha.,agha,spelling variant of another word (Wiktionary gloss),noun:1,noun,False,0,,,,False,False,False,,,,,,noun,70,n:1,True
voiceover,3.07,0,0,1,Alternative form of voice-over.,voice-over,spelling variant of another word (Wiktionary gloss),noun:1;verb:1,noun,False,0,,,,False,False,False,,,,,,noun,70,n:1,True
defenseman,3.03,0,0,1,Alternative spelling of defenceman.,defenceman,spelling variant of another word (Wiktionary gloss),noun:1,noun,False,0,,,,False,False,False,,,,,,noun,70,n:1,True
dojo,2.99,0,0,4,"A training facility, usually led by one or more sensei; a hall or room used for such training.",,,noun:4,noun,False,1,NOUN,1.0,,False,True,False,,,,,,noun,70,n:1,True
sora,2.99,0,0,1,"A rail (Porzana carolina) bird of North, Central, and northern South America.",,,noun:1,noun,False,0,,,,False,True,False,,,,,,noun,70,n:1,True
standup,2.97,1,1,1,Alternative form of stand-up.,stand-up,spelling variant of another word (Wiktionary gloss),noun:1,noun,False,3,PROPN,0.333,,False,False,False,,,,,,noun,70,n:1;a:1,True
cade,2.96,0,0,3,An animal brought up or nourished by hand.,,,noun:3;adj:1;verb:1,noun,False,0,,,,False,True,False,,,,,,noun,70,n:1,True
culver,2.96,0,0,2,"A dove or pigeon, now specifically of the species Columba palumbus.",,,noun:2,noun,False,2,PROPN,0.0,,False,True,False,,,,,,noun,70,n:1,True
maduro,2.96,0,0,1,"A cigar made with somewhat dark, medium-strength tobacco.",,,noun:1,noun,False,0,,,,False,True,False,,,,,,noun,70,n:1,True
sansa,2.95,0,0,1,Alternative spelling of zanza..,zanza,spelling variant of another word (Wiktionary gloss),noun:1,noun,False,0,,,,False,False,False,,,,,,noun,70,n:1,True
shithole,2.95,0,0,5,The anus.,,,noun:5,noun,False,0,,,,False,True,False,,,,,,noun,70,n:1,True
twink,2.93,0,1,10,"One or more very small, short bursts of light.",,,noun:10;verb:4,noun,False,0,,,,False,True,False,,,,,,noun,70,n:1;v:1,True
ballon,2.91,1,1,2,The quality of a jump by which a ballet dancer appears to pause in midair,,,noun:2,noun,False,0,,,,False,True,False,,,,,,noun,70,n:2,True
melton,2.91,1,1,1,"A tough, short-napped material used for making overcoats.",,,noun:1,noun,False,0,,,,False,True,False,,,,,,noun,70,n:2,True
podesta,2.91,0,0,2,A chief magistrate of various Italian republics and city-states in the Middle Ages.,,,noun:2,noun,False,0,,,,False,True,False,,,,,,noun,70,n:1,True
pho,2.9,0,1,1,"A Vietnamese soup with a beef base, typically served with rice noodles and optionally beef or chicken.",,,intj:1;noun:1,intj,False,7,NOUN,0.857,,False,True,False,,,,,,noun,70,n:1,True
barcode,2.89,0,0,3,"Any set of machine-readable parallel bars or concentric circles, varying in width, spacing, or height, encoding information according to a symbology.",,,noun:3;verb:1,noun,False,0,,,,False,True,False,,,,,,noun,70,n:1,True
hamza,2.89,0,0,1,"A sign used in the written Arabic language representing a glottal stop. Hamza may appear as a stand-alone letter (ء (ʔ)) or most commonly diacritically over or under other letters, e.g. أ (ʔ) (over an",,,noun:1,noun,False,0,,,,False,True,False,,,,,,noun,70,n:1,True
masala,2.89,1,1,3,"Any of many blends of spices used in Indian cuisine, most often containing cardamom, coriander, mace together with pepper, nutmeg, fennel seeds, jeera etc.",,,noun:3,noun,False,0,,,,False,True,False,,,,,,noun,70,n:2,True
clough,2.88,0,0,5,"A narrow valley; a cleft in a hillside; a ravine, glen, or gorge.",cloff,,noun:5,noun,False,3,PROPN,0.0,,False,True,False,,,,,,noun,70,n:1,True
hidalgo,2.88,0,0,1,"A member of the Spanish nobility, especially one without a title.",,,noun:1,noun,False,0,,,,False,True,False,,,,,,noun,70,n:1,True
rebranding,2.88,0,0,1,"The association of a new brand, trademark, image, or appearance with a product or service.",,,noun:1;verb:1,noun,False,0,,,,False,True,False,,,"verb form (-ing, morphology)",,,noun,70,n:1,True
grinch,2.87,0,0,2,A grouch or killjoy.,,,noun:2;verb:1,noun,False,0,,,,False,True,False,,,,,,noun,70,n:1,True
omer,2.87,0,1,4,A former small Hebrew unit of dry volume equal to about 2.3 L or 2.1 quarts.,,,noun:4,noun,False,0,,,,False,True,False,,,,,,noun,70,n:1,True
stroud,2.87,0,0,1,A kind of coarse wool used in blankets or for garment by Native Americans.,,,noun:1,noun,False,0,,,,False,True,False,,,,,,noun,70,n:1,True
barnet,2.86,0,0,1,hair (on one's head),,,noun:1,noun,False,1,PROPN,0.0,,False,True,False,,,,,,noun,70,n:1,True
gaby,2.86,0,0,1,"A stupid, foolish person; a simpleton; a dunce.",,,noun:1,noun,False,0,,,,False,True,False,,,,,,noun,70,n:1,True
holm,2.86,0,0,6,"Small island, islet.",,,noun:6,noun,False,0,,,,False,True,False,,,,,,noun,70,n:1,True
hydropower,2.86,0,1,1,hydroelectric power,,,noun:1,noun,False,1,NOUN,1.0,,False,True,False,,,,,,noun,70,n:2,True
burley,2.85,1,1,2,"A tobacco grown mainly in Kentucky, used in making cigarettes.",,,noun:2;adj:1,noun,False,1,NOUN,1.0,,False,True,False,,,,,,noun,70,n:2;aj:1,True
cig,2.85,0,0,1,Cigarette.,,,noun:1,noun,False,0,,,,False,True,False,,,,,,noun,70,n:1,True
cotta,2.85,0,0,3,"A surplice, in England and America usually one shorter and less full than the ordinary surplice and with short sleeves, or sometimes none.",katha,,noun:3,noun,False,0,,,,False,True,False,,,,,,noun,70,n:1,True
tween,2.84,0,0,3,An action of tweening (inserting frames for continuity); a sequence of frames generated by tweening.,,,noun:3;adj:1;prep:1;verb:1,noun,False,3,PROPN,0.0,,False,True,False,,,,,,noun,70,c:1;n:1,True
bilbo,2.83,0,0,2,A device for punishment. See bilboes.,,,noun:2,noun,False,0,,,,False,True,False,,,,,,noun,70,n:1,True
pandit,2.83,0,0,1,An honorary title for a learned man or scholar.,,,noun:1,noun,False,0,,,,False,True,False,,,,,,noun,70,n:1,True
getter,2.82,0,0,4,"One who, or that which, gets.",,,noun:4;verb:1,noun,False,0,,,,False,True,False,,,,,,noun,70,n:1;v:1,True
summa,2.82,0,0,2,"A comprehensive summary of, or treatise on a subject, especially theology or philosophy.",,,noun:2,noun,False,1,OTHER,0.0,,False,True,False,,,,,,noun,70,n:1,True
moly,2.81,1,1,4,A magic herb or plant used by Odysseus to overcome Circe.,,,noun:4,noun,False,0,,,,False,True,False,,,,,,noun,70,n:1,True
subtype,2.81,0,0,2,"A group of specific things within a larger, more general group.",,,noun:2;verb:1,noun,False,3,NOUN,1.0,,False,True,False,,,,,,noun,70,n:1,True
belcher,2.8,0,0,2,Someone who belches.,,,noun:2,noun,False,0,,,,False,True,False,,,,,,noun,70,n:1,True
lobo,2.8,0,0,1,A wolf.,,,noun:1,noun,False,2,NOUN,0.5,,False,True,False,,,,,,noun,70,n:1,True
amma,2.79,0,0,2,mother,,,noun:2,noun,False,0,,,,False,True,False,,,,,,noun,70,n:1,True
betta,2.79,0,0,1,"Any fish of the genus Betta, especially Betta splendens (the Siamese fighting fish).",,,adv:2;adj:1;noun:1,adv,False,4,NOUN,0.75,,False,True,False,,,,,,noun,70,n:1,True
sherpa,2.79,1,1,3,"A local mountain guide or porter, particularly a male of the Nepalese Sherpa people so employed.",,,noun:3;verb:1,noun,False,0,,,,False,True,False,,,,,,noun,70,n:1,True
defenceman,2.78,0,0,1,"In ice hockey and lacrosse, a player position with a primary responsibility to prevent the opposing team from scoring goals; same as defender in many other ballgames.",,,noun:1,noun,False,0,,,,False,True,False,,,,,,noun,70,n:1,False
dor,2.78,0,0,3,Any of species Geotrupes stercorarius of large European dung beetles that make a droning noise while flying.,,,noun:3,noun,False,0,,,,False,True,False,,,,,,noun,70,n:1,True
parietal,2.78,0,0,4,"Either of the two parietal bones, on the top and side of the skull.",,,adj:4;noun:4,adj,False,0,,,,False,True,False,,,adjective-like (morphology),,,noun,70,aj:1;n:1,True
tig,2.78,0,0,3,A light touch; a tap or pat.,,,noun:3;verb:1,noun,False,0,,,,False,True,False,,,,,,noun,70,n:1;v:1,True
chica,2.77,0,1,2,A Latin-American girl; a Latina.,,,noun:2,noun,False,2,OTHER,0.0,,False,True,False,,,,,,noun,70,n:1,True
peloton,2.77,0,0,2,"A group of riders formed during a cycling road race; especially, the main group of riders; the pack.",,,noun:2,noun,False,0,,,,False,True,False,,,,,,noun,70,n:1,True
pushback,2.77,1,1,6,"The act of repelling an enemy, etc.",,,noun:6,noun,False,0,,,,False,True,False,,,,,,noun,70,n:2,True
tui,2.77,0,0,1,"A species of honeyeater, Prosthemadera novaeseelandiae, a bird which is endemic to New Zealand.",,,noun:1,noun,False,0,,,,False,True,False,,,,,,noun,70,n:1,True
ait,2.76,0,0,2,"An island in a river, especially the River Thames in England.",,,noun:2;intj:1,noun,False,0,,,,False,True,False,,,,,,noun,70,n:1,True
gunter,2.76,0,0,2,"A device used in sailing, for two main configurations of rig:",,,noun:2,noun,False,0,,,,False,True,False,,,,,,noun,70,n:1,True
hatcher,2.76,0,0,2,"One who hatches, such as a chicken farmer.",,,noun:2,noun,False,0,,,,False,True,False,,,,,,noun,70,n:1,True
hwan,2.76,0,0,1,"The monetary unit of South Korea from February 15, 1953 to June 9, 1962.",,,noun:1,noun,False,0,,,,False,True,False,,,,,,noun,70,n:1,True
mythos,2.76,1,1,4,"Anything transmitted by word of mouth, such as a fable, legend, narrative, story, or tale (especially a poetic tale).",,,noun:4,noun,False,0,,,,False,True,False,,,,,,noun,70,n:1,True
backcountry,2.75,1,1,1,A remote region; countryside that is relatively inaccessible.,,,noun:1,noun,False,0,,,,False,True,False,,,,,,noun,70,n:2,True
bund,2.75,0,0,6,A league or confederacy; especially the confederation of German states.,bandh,,noun:6;verb:1,noun,False,1,NOUN,1.0,,False,True,False,,,,,,noun,70,n:1,True
puja,2.75,1,1,1,A religious ritual performed in South Asia as an act of worship.,,,noun:1,noun,False,0,,,,False,True,False,,,,,,noun,70,n:1,True
rishi,2.75,0,0,2,"A Vedic poet and seer who composed Rigvedic hymns, who alone or with others invokes the deities with poetry of a sacred character.",,,noun:2,noun,False,1,PROPN,0.0,,False,True,False,,,,,,noun,70,n:1,True
polis,2.74,1,1,3,A Greek city-state.,,,noun:3,noun,False,1,OTHER,0.0,,False,True,False,,,,,,noun,70,n:1,True
powerlifting,2.74,0,1,2,"A strength sport, consisting of three events: the squat, the bench press, and the deadlift. The maximum weight lifted in each event is totalled for a final score.",,,noun:2;verb:1,noun,False,0,,,,False,True,False,,,"verb form (-ing, morphology)",,,noun,70,n:2,True
raff,2.74,1,1,5,A disorderly heap; a jumble; a large quantity,,,noun:5;verb:1,noun,False,0,,,,False,True,False,,,,,,noun,70,n:1,True
bahadur,2.73,0,0,2,"A warrior, especially a Turko-Mongol.",,,noun:2,noun,False,0,,,,False,True,False,,,,,,noun,70,n:1,True
deva,2.73,0,0,1,"A god in Vedic mythology, Hinduism and Buddhism.",,,noun:1,noun,False,0,,,,False,True,False,,,,,,noun,70,n:1,True
hafiz,2.73,0,0,1,A Muslim who has memorized the whole Qur'an.,,,noun:1,noun,False,2,PROPN,0.0,,False,True,False,,,,,,noun,70,n:2,True
handjob,2.73,0,0,1,Alternative spelling of hand job.,hand job,spelling variant of another word (Wiktionary gloss),noun:1,noun,False,0,,,,False,False,False,,,,,,noun,70,n:1,True
rath,2.73,0,0,2,"A walled enclosure, especially in Ireland; a ringfort built sometime between the Iron Age and the Viking Age.",,,noun:2;adj:1,noun,False,0,,,,False,True,False,,,,,,noun,70,aj:2;n:1,True
curveball,2.71,0,0,2,"A forespin pitch thrown by rotating the index and middle fingers down and resulting in motion down ""curve""",,,noun:2;verb:1,noun,False,1,PROPN,0.0,,False,True,False,,,,,,noun,70,n:1;v:1,True
workaround,2.71,0,0,3,"A means or method of circumventing an obstacle, particularly one arising from constraints, laws or regulatory requirements.",,,noun:3,noun,False,0,,,,False,True,False,,,,,,noun,70,n:1,True
hansel,2.7,0,0,1,Alternative form of handsel.,handsel,spelling variant of another word (Wiktionary gloss),noun:1;verb:1,noun,False,0,,,,False,False,False,,,,,,noun,70,n:1;v:1,True
shockwave,2.7,0,0,1,Alternative spelling of shock wave.,shock wave,spelling variant of another word (Wiktionary gloss),noun:1,noun,False,2,NOUN,1.0,,False,False,False,,,,,,noun,70,n:1,True
frontrunner,2.69,0,0,1,Alternative form of front runner.,front runner,spelling variant of another word (Wiktionary gloss),noun:1,noun,False,0,,,,False,False,False,,,,,,noun,70,n:1,True
ghazi,2.69,0,0,1,"A Muslim warrior who fights in war against non-Muslims, especially one who has won renown as a martial champion; often used as a title.",,,noun:1,noun,False,0,,,,False,True,False,,,,,,noun,70,n:1,True
glutathione,2.69,1,1,1,"A tripeptide formed from glutamic acid, cysteine and glycine, that is active in many biological redox reactions.",,,noun:1,noun,False,0,,,,False,True,False,,,,,,noun,70,n:1,True
leadoff,2.69,0,0,1,Alternative spelling of lead off.,lead off,spelling variant of another word (Wiktionary gloss),adj:1;noun:1,adj,False,1,ADV,0.0,,False,False,False,,,,,,noun,70,n:2,True
torchwood,2.69,1,1,9,Wood exhibiting fungal bioluminescence or foxfire.,,,noun:9,noun,False,0,,,,False,True,False,,,,,,noun,70,n:2,True
backflip,2.68,0,0,2,An act of rotating one's body 360 degrees in the backward direction.,,,noun:2;verb:2,noun,False,0,,,,False,True,False,,,,,,noun,70,v:2;n:1,True
cantina,2.68,0,0,2,"A drinking establishment, often specifically of the type found in Latin America.",,,noun:2,noun,False,1,PROPN,0.0,,False,True,False,,,,,,noun,70,n:1,True
goaltending,2.68,0,1,2,"A violation which occurs when a player interferes with the movement of the ball that is on its downward path toward the basket or on or within the rim of the basket, or after the ball touched the back",,,noun:2;verb:1,noun,False,0,,,,False,True,False,,,"verb form (-ing, morphology)",,,noun,70,n:1,True
kaka,2.68,0,0,1,Any of four taxa of birds in the genus Nestor in the parrot family confined to New Zealand and adjacent islands.,,,noun:1,noun,False,0,,,,False,True,False,,,,,,noun,70,n:1,True
thar,2.68,0,0,1,Alternative spelling of tahr.,tahr,spelling variant of another word (Wiktionary gloss),adv:1;noun:1,adv,False,2,ADV,0.0,,False,False,False,,,,,,noun,70,n:1,True
bonne,2.67,0,0,1,A French nursemaid.,,,noun:1,noun,False,1,OTHER,0.0,,False,True,False,,,,,,noun,70,n:2,True
maidan,2.67,0,0,3,A marketplace or other open space in or by a city or town; an esplanade.,,,noun:3,noun,False,0,,,,False,True,False,,,,,,noun,70,n:1,True
videography,2.67,1,1,3,"The art and technology of producing moving (video) images on photosensitive surfaces, and its digital counterpart.",,,noun:3,noun,False,0,,,,False,True,False,,,,,,noun,70,n:1,True
caregiving,2.66,0,1,2,"The provision of care such as assistance with activities of daily living (e.g., feeding, bathing, dressing, transportation, household administration), usually by someone who is not a health care profe",,,noun:2,noun,False,0,,,,False,True,False,,,"verb form (-ing, morphology)",,,noun,70,n:1,True
dodgeball,2.66,1,1,2,A team sport whose main objective is to dodge or catch balls thrown by the opposition.,,,noun:2,noun,False,0,,,,False,True,False,,,,,,noun,70,n:2,True
feu,2.66,0,0,1,Land held in feudal tenure.,,,noun:1;verb:1,noun,False,0,,,,False,True,False,,,,,,noun,70,n:1,True
mignon,2.66,0,0,2,A cute or pretty person; a dandy; a pretty child.,,,noun:2;adj:1,noun,False,2,NOUN,0.5,,False,True,False,,,,,,noun,70,n:2,True
parkin,2.66,1,1,2,"A traditional soft cake of Northern England, usually made with oatmeal and treacle.",,,noun:2,noun,False,0,,,,False,True,False,,,,,,noun,70,n:1,True
riddler,2.66,0,0,2,One who asks riddles; a puzzler.,,,noun:2,noun,False,0,,,,False,True,False,,,,,,noun,70,n:1,True
aldrin,2.65,0,1,1,An insecticide and persistent organic pollutant containing a naphthalene-derived compound.,,,noun:1,noun,False,0,,,,False,True,False,,,,,,noun,70,n:2,True
meister,2.65,0,0,1,A person of great skill or authority in a particular field.,,,noun:1,noun,False,1,PROPN,0.0,,False,True,False,,,,,,noun,70,n:1,True
perp,2.65,0,0,3,A perpetrator.,,,noun:3;adj:1,noun,True,1,NOUN,1.0,,False,True,False,,,,,,noun,70,n:1,True
policymaking,2.65,0,1,1,The formulation of policies.,,,noun:1,noun,False,1,NOUN,1.0,,False,True,False,,,"verb form (-ing, morphology)",,,noun,70,n:1,True
rata,2.65,1,1,3,Any of various New Zealand plants of the genus Metrosideros.,,,noun:3,noun,False,2,OTHER,0.0,,False,True,False,,,,,,noun,70,n:1,True
rotator,2.65,0,0,4,One who or that which rotates.,,,noun:4,noun,False,0,,,,False,True,False,,,,,,noun,70,n:1,True
steelhead,2.65,0,0,2,"The anadromous form of the rainbow trout, Oncorhynchus mykiss.",,,noun:2,noun,False,0,,,,False,True,False,,,,,,noun,70,n:1,True
burnet,2.64,0,1,2,"Any of the herbs of genus Sanguisorba (syn. Poterium), including salad burnet (Sanguisorba minor), an herb used in salads and herbal teas.",,,noun:2,noun,False,2,PROPN,0.0,,False,True,False,,,,,,noun,70,n:1,True
grayling,2.64,0,0,9,"Any freshwater fish of the genus Thymallus or specifically Thymallus thymallus, of the salmon family, having a large dorsal fin.",,,noun:9,noun,False,0,,,,False,True,False,,,"verb form (-ing, morphology)",,,noun,70,n:1,True
karting,2.64,0,1,1,An open-wheeled motorsport that uses small vehicles called karts or go-karts.,,,noun:1,noun,False,0,,,,False,True,False,,,"verb form (-ing, morphology)",,,noun,70,n:2,True
boho,2.63,1,1,2,A bohemian.,,,noun:2;adj:1,noun,False,0,,,,False,True,False,,,,,,noun,70,n:1,True
dobby,2.63,1,1,5,A device in some looms that allows the weaving of small geometric patterns.,,,noun:5,noun,False,0,,,,False,True,False,,,,,,noun,70,n:1,True
oblast,2.63,0,0,1,A region or province in Slavic or Slavic-influenced countries.,,,noun:1,noun,False,0,,,,False,True,False,,,,,,noun,70,n:1,True
rance,2.63,1,1,3,A type of coloured marble from Belgium. Rance is red and often has white or blue graining.,,,noun:3;verb:1,noun,False,0,,,,False,True,False,,,,,,noun,70,n:1;v:1,True
rockaway,2.63,0,0,2,"A light, low, four-wheeled carriage with standing top, open at the sides, but with waterproof curtains for bad weather.",,,noun:2,noun,False,0,,,,False,True,False,,,,,,noun,70,n:1,True
drawdown,2.62,1,1,7,The act of reduction or depletion (including through withdrawal or utilization).,,,noun:7,noun,False,0,,,,False,True,False,,,,,,noun,70,n:1,True
midrange,2.62,0,0,1,Alternative form of mid-range.,mid-range,spelling variant of another word (Wiktionary gloss),adj:1;noun:1,adj,False,1,ADJ,0.0,,False,False,False,,,,,,noun,70,n:2,True
taskforce,2.62,0,0,1,Alternative form of task force.,task force,spelling variant of another word (Wiktionary gloss),noun:1,noun,False,0,,,,False,False,False,,,,,,noun,70,n:1,True
portobello,2.61,0,0,1,"The large, mature form of the crimini mushroom (Agaricus bisporus)",,,noun:1,noun,False,0,,,,False,True,False,,,,,,noun,70,n:1,True
statist,2.61,0,0,3,A supporter of statism.,,,noun:3;adj:1,noun,False,1,ADJ,0.0,,False,True,False,,,,,,noun,70,n:1,True
tass,2.61,0,0,4,"A heap, pile.",,,noun:4,noun,False,6,NOUN,0.5,,False,True,False,,,,,,noun,70,n:1,True
dirtbag,2.6,0,0,2,"A dirty, grimy, sleazy, or disreputable person.",,,noun:2,noun,False,0,,,,False,True,False,,,,,,noun,70,n:1,True
pec,2.6,0,1,3,The pectoralis major muscle.,pectoral sandpiper,,noun:3,noun,True,0,,,,False,True,False,,,,,,noun,70,n:1,True
tanto,2.6,0,0,1,A traditional Japanese small sword or knife; often used as a secondary weapon to a katana.,,,adv:1;noun:1,adv,False,0,,,,False,True,False,,,,,,noun,70,n:2,True
carpark,2.59,0,0,1,Alternative spelling of car park.,car park,spelling variant of another word (Wiktionary gloss),noun:1,noun,False,0,,,,False,False,False,,,,,,noun,70,n:1,True
ombre,2.59,1,1,3,"A Spanish card game, usually played by three people. It involves forty cards, omitting the ranks of 8, 9 and 10.",ombré,,noun:3,noun,False,1,PROPN,0.0,,False,True,False,,,,,,noun,70,n:2,False
reiki,2.59,1,1,1,A Japanese form of pseudomedicine that involves transferring chi through one's palms.,,,noun:1,noun,False,0,,,,False,True,False,,,,,,noun,70,n:2,True
rialto,2.59,0,0,1,"A marketplace, literally or figuratively.",,,noun:1,noun,False,0,,,,False,True,False,,,,,,noun,70,n:1,True
urbanism,2.59,1,1,4,"The study of cities, their geographic, economic, political, social, and cultural environment.",,,noun:4,noun,False,2,NOUN,1.0,,False,True,False,,,,,,noun,70,n:2,True
videographer,2.59,0,0,1,"Any person involved in the production of video material, but especially a person who uses a video camera.",,,noun:1,noun,False,0,,,,False,True,False,,,,,,noun,70,n:1,True
bowyer,2.58,0,0,2,A person who makes or sells bows (for use with arrows).,,,noun:2,noun,False,0,,,,False,True,False,,,,,,noun,70,n:1,True
dempster,2.58,0,0,1,Alternative form of deemster.,deemster,spelling variant of another word (Wiktionary gloss),noun:1,noun,False,0,,,,False,False,False,,,,,,noun,70,n:1,True
fader,2.58,0,0,2,A device used to raise and lower sound volume.,,,noun:2;adj:1,noun,False,0,,,,False,True,False,,,,,,noun,70,n:1,True
biogas,2.57,1,1,1,"A mixture of methane and carbon dioxide, produced by anaerobic digestion of organic waste matter, used as a fuel.",,,noun:1,noun,False,0,,,,False,True,False,,,,,,noun,70,n:2,True
coverup,2.57,0,0,1,Alternative spelling of cover-up.,cover-up,spelling variant of another word (Wiktionary gloss),noun:1,noun,False,0,,,,False,False,False,,,,,,noun,70,n:1,True
disulfide,2.57,0,0,3,"A functional group with two sulfur atoms bonded to one another, described by the following formula: R–S–S–R'.",,,noun:3,noun,False,0,,,,False,True,False,,,,,,noun,70,n:1,True
drivetrain,2.57,0,0,1,"The mechanical parts of the powertrain, the gears and shafts, that connect the engine to the wheels in a vehicle.",,,noun:1,noun,False,0,,,,False,True,False,,,,,,noun,70,n:1,True
employability,2.57,1,1,2,The state or quality of being employable.,,,noun:2,noun,False,0,,,,False,True,False,,,,,,noun,70,n:1,True
narco,2.57,1,1,4,Narcotics.,narcotics control officer,,noun:4,noun,True,0,,,,False,True,False,,,,,,noun,70,n:1,True
personalization,2.57,1,1,3,"The act of personalizing something, or adapting it for somebody's needs or tastes.",,,noun:3,noun,False,0,,,,False,True,False,,,,,,noun,70,n:2,True
piet,2.57,0,0,1,The magpie.,,,noun:1,noun,False,0,,,,False,True,False,,,,,,noun,70,n:1,True
soca,2.57,0,1,1,A genre of music that originated in Trinidad and Tobago in the early 1970s and developed into a range of styles during the 1980s and after which primarily includes influences of African and Indian rhy,,,noun:1,noun,False,0,,,,False,True,False,,,,,,noun,70,n:2,True
debutant,2.56,0,0,1,"A person (especially a male) who débuts, or appears for the first time.",,,noun:1,noun,False,0,,,,False,True,False,,,,,,noun,70,n:1,True
mockup,2.56,0,0,1,Alternative form of mock-up.,mock-up,spelling variant of another word (Wiktionary gloss),noun:1,noun,False,0,,,,False,False,False,,,,,,noun,70,n:1,True
platformer,2.56,0,0,1,A platform game.,,,noun:1,noun,False,0,,,,False,True,False,,,,,,noun,70,n:1,True
roque,2.56,0,1,1,"A form of croquet using short-handled mallets, and played on a hard surface.",,,noun:1,noun,False,0,,,,False,True,False,,,,,,noun,70,n:2,True
aurelia,2.55,0,0,1,"The chrysalis of an insect, especially of a butterfly.",,,noun:1,noun,False,0,,,,False,True,False,,,,,,noun,70,n:1,True
ket,2.55,1,1,6,"A column vector, in Hilbert space, especially as representing the state of a quantum mechanical system; the complex conjugate transpose of a bra (a row vector); a ket vector. Symbolised by |...〉.",,,noun:6,noun,False,0,,,,False,True,False,,,,,,noun,70,n:1,True
overfishing,2.55,0,1,1,Fishing that reduces the stock of remaining fish in an area to below that which is acceptable.,,,noun:1;verb:1,noun,False,4,VERB,0.25,,False,True,False,,,"verb form (-ing, morphology)",,,noun,70,n:1,True
roti,2.55,0,1,1,A kind of unleavened flatbread commonly consumed in South Asia and the Caribbean.,,,noun:1,noun,False,0,,,,False,True,False,,,,,,noun,70,n:1,True
seder,2.55,0,0,3,The ceremonial meal held on the first night or first two nights of Passover.,,,noun:3,noun,False,0,,,,False,True,False,,,,,,noun,70,n:1,True
wetsuit,2.55,0,0,1,"A close fitting, insulating garment usually made from neoprene or similar material designed to keep one warm during activities on or under water.",,,noun:1,noun,False,0,,,,False,True,False,,,,,,noun,70,n:1,True
biomechanics,2.54,0,1,2,The branch of biophysics that deals with the mechanics of the human or animal body; especially concerned with muscles and the skeleton.,,,noun:2,noun,False,0,,,,False,True,False,,,,,,noun,70,n:1,True
creatinine,2.54,1,1,1,"A heterocyclic amine, 2-amino-1-methyl-5H-imidazol-4-one, formed by the metabolism of creatine.",,,noun:1,noun,False,1,NOUN,1.0,,False,True,False,,,,,,noun,70,n:2,True
favela,2.54,0,0,1,"A slum or shantytown, especially in Brazil.",,,noun:1,noun,False,0,,,,False,True,False,,,,,,noun,70,n:1,True
funder,2.54,0,0,1,One who funds.,,,noun:1,noun,False,0,,,,False,True,False,,,,,,noun,70,n:1,True
mandir,2.54,0,0,1,A Hindu temple.,,,noun:1,noun,False,1,PROPN,0.0,,False,True,False,,,,,,noun,70,n:1,True
newswire,2.54,0,0,1,A service used for the transmission of breaking news to the media or to the public.,,,noun:1,noun,False,1,PROPN,0.0,,False,True,False,,,,,,noun,70,n:1,True
reacher,2.54,0,0,4,A person who reaches.,,,noun:4,noun,False,0,,,,False,True,False,,,,,,noun,70,n:1,True
reauthorization,2.54,1,1,2,A second or subsequent authorization.,,,noun:2,noun,False,0,,,,False,True,False,,,,,,noun,70,n:1,True
sourcebook,2.54,0,0,2,A book consisting of a collection of writings on a particular subject.,,,noun:2,noun,False,0,,,,False,True,False,,,,,,noun,70,n:1,True
kirkman,2.53,0,0,2,A clergyman or officer in a kirk.,,,noun:2,noun,False,0,,,,False,True,False,,,,,,noun,70,n:1,True
righty,2.53,0,0,2,A right-handed person.,,,noun:2;intj:1,noun,False,5,NOUN,0.8,,False,True,False,,,,,,noun,70,n:1,True
sherif,2.53,0,0,1,Alternative form of shereef.,shereef,spelling variant of another word (Wiktionary gloss),noun:1,noun,False,0,,,,False,False,False,,,,,,noun,70,n:1,True
thorp,2.53,0,0,1,A group of houses standing together in the country; a hamlet; a village.,,,noun:1,noun,False,2,PROPN,0.0,,False,True,False,,,,,,noun,70,n:1,True
tikka,2.53,1,1,2,A marinade made from various aromatic spices usually with a yoghurt base; often used in Indian cuisine prior to grilling in a tandoor.,tilak,,noun:2,noun,False,0,,,,False,True,False,,,,,,noun,70,n:2,True
waterpark,2.53,0,0,1,Alternative spelling of water park.,water park,spelling variant of another word (Wiktionary gloss),noun:1,noun,False,0,,,,False,False,False,,,,,,noun,70,n:1,True
agha,2.52,0,0,1,An honorific for high officials used in Turkey and certain Muslim countries.,,,noun:1,noun,False,0,,,,False,True,False,,,,,,noun,70,n:1,True
karst,2.52,0,0,1,"A type of land formation, usually with many caves formed through the dissolving of limestone by underground drainage.",,,noun:1,noun,False,0,,,,False,True,False,,,,,,noun,70,n:1,True
telnet,2.52,1,1,2,A network protocol that enables one computer to communicate with another via a local area network or the Internet.,,,noun:2;verb:1,noun,False,0,,,,False,True,False,,,,,,noun,70,n:2;v:2,True
bodhisattva,2.51,0,0,2,"A person who has taken specific lay or monastic vows and who is on the road to perfect knowledge; specifically, one who foregoes personal nirvana in order to help others achieve enlightenment.",,,noun:2,noun,False,1,PROPN,0.0,,False,True,True,,,,,,noun,70,n:1,True
doobie,2.51,1,0,2,A marijuana cigarette.,,,noun:2,noun,False,0,,,,False,True,False,,,,,,noun,70,n:1,True
lune,2.51,0,0,4,A fit of lunacy or madness; a period of frenzy; a crazy or unreasonable freak.,,,noun:4,noun,False,0,,,,False,True,False,,,,,,noun,70,n:1,True
polycarbonate,2.51,0,0,1,Any of a range of polymers of aromatic carbonates.,,,noun:1,noun,False,0,,,,False,True,False,,,,,,noun,70,n:1,True
swaraj,2.51,0,0,1,self-rule,,,noun:1,noun,False,0,,,,False,True,False,,,,,,noun,70,n:2,True
archon,2.5,0,0,4,A chief magistrate of ancient Athens.,,,noun:4,noun,False,0,,,,False,True,False,,,,,,noun,70,n:1,True
arrondissement,2.5,0,0,2,An administrative division in some French- or Dutch-speaking countries.,,,noun:2,noun,False,0,,,,False,True,False,,,,,,noun,70,n:1,True
dewan,2.5,0,0,1,"A holder of any of various offices in various (usually Islamic) countries, usually some sort of councillor.",,,noun:1,noun,False,1,PROPN,0.0,,False,True,False,,,,,,noun,70,n:1,True
droit,2.5,0,0,1,A legal right or entitlement.,,,noun:1,noun,False,0,,,,False,True,False,,,,,,noun,70,n:1,True
horseracing,2.5,0,1,1,Alternative form of horse racing.,horse racing,spelling variant of another word (Wiktionary gloss),noun:1,noun,False,2,PROPN,0.0,,False,False,False,,,"verb form (-ing, morphology)",,,noun,70,n:2,True
jughead,2.5,0,0,1,A fool.,,,noun:1,noun,False,0,,,,False,True,False,,,,,,noun,70,n:1,True
motte,2.5,0,0,3,"A raised earth mound, often topped with a wooden or stone structure and surrounded with a ditch.",mott,,noun:3,noun,False,0,,,,False,True,False,,,,,,noun,70,n:1,True
nanoparticle,2.5,0,0,1,Any microscopic particle less than about 100 nanometers (nm) in diameter.,,,noun:1,noun,False,0,,,,False,True,False,,,,,,noun,70,n:1,True
sayer,2.5,0,0,1,One who says; one who makes announcements; a crier.,,,noun:1,noun,False,0,,,,False,True,False,,,,,,noun,70,n:1,True
comparator,2.49,0,0,5,"Any of various devices for comparing a physical property of two objects, or an object with a standard.",,,noun:5,noun,False,0,,,,False,True,False,,,,,,noun,70,n:1,True
kendo,2.49,0,1,1,"A Japanese martial art using ""swords"" of split bamboo.",,,noun:1,noun,False,0,,,,False,True,False,,,,,,noun,70,n:2,True
lollapalooza,2.49,0,0,1,"An outstanding, extreme, or outrageous example of its kind.",,,noun:1,noun,False,0,,,,False,True,False,,,,,,noun,70,n:2,True
microstructure,2.49,1,1,3,Fine-scale structure.,,,noun:3,noun,False,0,,,,False,True,False,,,,,,noun,70,n:1,True
mineralization,2.49,1,1,5,A form of fossilization in which the organic parts of an organism are replaced by minerals.,,,noun:5,noun,False,0,,,,False,True,False,,,,,,noun,70,n:2,True
supergroup,2.49,0,0,6,Any group composed of other groups.,,,noun:6,noun,False,0,,,,False,True,False,,,,,,noun,70,n:1,True
touchpad,2.49,0,0,1,"A flat surface which is sensitive to touch, used mostly in laptop computers to control an on-screen cursor.",,,noun:1,noun,False,0,,,,False,True,False,,,,,,noun,70,n:1,True
carman,2.48,0,0,1,"A person who transported goods, usually with a horse and cart.",,,noun:1,noun,False,0,,,,False,True,False,,,,,,noun,70,n:1,True
dene,2.48,0,0,2,"A valley, especially the deep valley of a stream or rivulet.",,,noun:2,noun,False,0,,,,False,True,False,,,,,,noun,70,n:1,True
doozy,2.48,0,0,1,"Something that is extraordinary: often troublesome, difficult or problematic, but sometimes extraordinary in a positive sense.",,,adj:2;noun:1,adj,False,0,,,,False,True,False,,,,,,noun,70,n:1,True
haka,2.48,0,0,1,"A group dance of New Zealand's Māori people featuring rhythmic chanting, vigorous facial and arm movements, and foot stamping. Traditionally a war dance, today it is also performed to welcome guests, ",,,noun:1;verb:1,noun,False,0,,,,False,True,False,,,,,,noun,70,n:1,True
isopropyl,2.48,1,1,1,The univalent organic radical (CH₃)₂CH-.,,,noun:1,noun,False,2,NOUN,0.5,,False,True,False,,,,,,noun,70,n:2,True
pretreatment,2.48,0,0,1,Any treatment received before some other process.,,,adj:1;noun:1,adj,False,0,,,,False,True,False,,,,,,noun,70,n:1,True
soba,2.48,1,1,2,A Japanese buckwheat noodle.,,,noun:2,noun,False,1,OTHER,0.0,,False,True,False,,,,,,noun,70,n:1,True
capper,2.47,0,0,6,"A device or person that applies caps, as to bullets or bottles.",,,noun:6,noun,False,0,,,,False,True,False,,,,,,noun,70,n:1,True
courtside,2.47,0,0,1,The area that runs alongside the court of play.,,,adj:1;adv:1;noun:1,adj,False,0,,,,False,True,False,,,,,,noun,70,n:1,True
domaine,2.47,0,0,1,"A vineyard or wine estate, especially in France.",,,noun:1,noun,False,1,PROPN,0.0,,False,True,False,,,,,,noun,70,n:1,True
gambier,2.47,0,1,2,"A flowering plant, of species Uncaria gambir, family Rubiaceae, native to Southeast Asia.",,,noun:2,noun,False,0,,,,False,True,False,,,,,,noun,70,n:2,True
loup,2.47,0,0,1,"A mass or ball of iron in a pasty condition, beaten by the trip hammer or rolls.",,,noun:1,noun,False,0,,,,False,True,False,,,,,,noun,70,n:1;v:1,True
plotline,2.47,0,0,2,The basic plot of a story or group of stories.,,,noun:2,noun,False,0,,,,False,True,False,,,,,,noun,70,n:1,True
boomtown,2.46,0,0,1,Alternative form of boom town.,boom town,spelling variant of another word (Wiktionary gloss),noun:1,noun,False,3,NOUN,1.0,,False,False,False,,,,,,noun,70,n:1,True
ceviche,2.46,1,1,1,"Raw seafood cured by marination in an acidic medium such as citrus, vinegar, or other souring agent, found primarily in Latin America.",,,noun:1,noun,False,1,NOUN,1.0,,False,True,False,,,,,,noun,70,n:2,True
combe,2.46,0,0,2,"A valley, often wooded and often with no river",,,noun:2,noun,False,1,PROPN,0.0,,False,True,False,,,,,,noun,70,n:1,True
evangelization,2.46,1,1,1,The act of evangelizing; the state of being evangelized.,,,noun:1,noun,False,0,,,,False,True,False,,,,,,noun,70,n:1,True
kolo,2.46,0,0,2,"A national folk dance common in regions pertaining to South Slavic people, performed in a circle.",,,noun:2,noun,False,0,,,,False,True,False,,,,,,noun,70,n:1,True
lorimer,2.46,0,0,1,"A person who makes the bits and other metal parts of a horse's bridle, and other small metal pieces.",,,noun:1,noun,False,0,,,,False,True,False,,,,,,noun,70,n:1,True
skatepark,2.46,0,0,1,A recreational area designed for skateboarders.,,,noun:1,noun,False,0,,,,False,True,False,,,,,,noun,70,n:2,True
spearman,2.46,0,0,1,One who uses a spear; a soldier or warrior who fights with a spear; a person who hunts with a spear.,,,noun:1,noun,False,0,,,,False,True,False,,,,,,noun,70,n:1,True
cicely,2.45,0,1,2,"Myrrhis odorata, a plant in the genus Myrrhis, in the family Apiaceae.",,,noun:2,noun,False,0,,,,False,True,False,,,adjective-like (morphology),,,noun,70,n:1,True
dop,2.45,0,0,5,A diving bird.,,,noun:5;verb:3,noun,False,0,,,,False,True,False,,,,,,noun,70,n:1;v:1,True
fane,2.45,0,0,3,"A weathercock, a weather vane.",,,noun:3,noun,False,0,,,,False,True,False,,,,,,noun,70,n:1,True
phenyl,2.45,0,0,1,"A univalent hydrocarbon radical, C₆H₅ (benzene minus one hydrogen atom), and the basis of an immense number of aromatic derivatives.",,,noun:1,noun,False,0,,,,False,True,False,,,,,,noun,70,n:2,True
chowk,2.44,0,0,3,"An intersection or roundabout, where tracks or roads cross (often used in place names).",,,noun:3,noun,False,2,PROPN,0.0,,False,True,False,,,,,,noun,70,n:1,True
ident,2.44,0,0,4,An identification.,,,noun:4;adj:1;verb:1,noun,False,0,,,,False,True,False,,,,,,noun,70,n:1,True
keef,2.44,0,1,1,Alternative spelling of kif.,kif,spelling variant of another word (Wiktionary gloss),noun:1,noun,False,0,,,,False,False,False,,,,,,noun,70,n:1,True
kiva,2.44,0,0,1,A ceremonial underground chamber in a Pueblo village.,,,noun:1,noun,False,0,,,,False,True,False,,,,,,noun,70,n:1,True
koa,2.44,0,0,1,A large tree of species Acacia koa (family Fabaceae) which is endemic to and common on the islands of Hawaii; or the wood of this tree.,,,noun:1,noun,False,0,,,,False,True,False,,,,,,noun,70,n:1,True
ladyboy,2.44,0,0,1,"A trans woman or transfeminine person in or from Asia, especially Thailand.",,,noun:1,noun,False,0,,,,False,True,False,,,,,,noun,70,n:1,True
oud,2.44,1,1,2,"A short-necked and fretless plucked stringed instrument of the lute family, of Arab and Turkish origin.",,,noun:2,noun,False,1,OTHER,0.0,,False,True,False,,,,,,noun,70,n:1,True
primavera,2.44,1,1,2,"Any of species Roseodendron donnell-smithii, of Central America.",,,noun:2;adj:1,noun,False,0,,,,False,True,False,,,,,,noun,70,n:2,True
quatre,2.44,0,0,1,"A card, die, or domino with four spots or pips.",,,noun:1,noun,False,0,,,,False,True,False,,,,,,noun,70,n:1,True
refractor,2.44,0,0,2,A refracting telescope.,,,noun:2,noun,False,0,,,,False,True,False,,,,,,noun,70,n:1,True
subgenre,2.44,0,0,1,One of several categories within a particular genre.,,,noun:1,noun,False,0,,,,False,True,False,,,,,,noun,70,n:1,True
backcourt,2.43,0,0,3,A courtyard behind a housing block or tenement building.,,,noun:3,noun,False,0,,,,False,True,False,,,,,,noun,70,n:2,True
bassline,2.43,1,1,2,The relatively low-pitched instrumental part of a piece of popular music.,,,noun:2,noun,False,0,,,,False,True,False,,,,,,noun,70,n:1,True
belter,2.43,0,0,7,A maker or worker of belts.,,,noun:7;adj:1,noun,False,0,,,,False,True,False,,,,,,noun,70,n:2,True
jarl,2.43,0,0,1,"A medieval Scandinavian nobleman, especially in Norway and Denmark.",,,noun:1,noun,False,0,,,,False,True,False,,,,,,noun,70,n:1,True
livre,2.43,0,0,3,"A unit of currency formerly used in France, divided into 20 sols or sous.",,,noun:3,noun,False,0,,,,False,True,False,,,,,,noun,70,n:1,True
udo,2.43,0,1,1,Japanese spikenard,,,noun:1,noun,False,0,,,,False,True,False,,,,,,noun,70,n:1,True
bint,2.42,0,0,1,"A woman, a girl.",,,noun:1,noun,False,0,,,,False,True,False,,,,,,noun,70,n:1,True
leptin,2.42,1,1,1,A protein hormone produced in adipose tissue; it plays a role in regulating appetite and metabolism.,,,noun:1,noun,False,0,,,,False,True,False,,,,,,noun,70,n:1,True
samadhi,2.42,1,1,3,A state of transcendent union supposed to be assumed by a holy man or yogi at his death.,,,noun:3,noun,False,0,,,,False,True,False,,,,,,noun,70,n:2,True
capoeira,2.41,1,1,2,"A martial art developed in Brazil, involving complex acrobatic maneuvers and flowing movements.",,,noun:2,noun,False,0,,,,False,True,False,,,,,,noun,70,n:2,True
disruptor,2.41,0,0,1,Alternative spelling of disrupter.,disrupter,spelling variant of another word (Wiktionary gloss),noun:1,noun,False,0,,,,False,False,False,,,,,,noun,70,n:1,True
filmography,2.41,0,0,1,"A selective list of movie titles that share a similar characteristic such as the same genre, the same director, the same actor etc.",,,noun:1,noun,False,0,,,,False,True,False,,,,,,noun,70,n:1,True
illuminator,2.41,0,0,2,Agent noun of illuminate:,,,noun:2,noun,False,0,,,,False,True,False,,,,,,noun,70,n:1,True
jailbait,2.41,0,1,1,"A sexually mature person below, or appearing to be below, the legal age of consent, who is regarded, usually by an adult, as being sexually attractive and/or seductive.",,,noun:1,noun,False,0,,,,False,True,False,,,,,,noun,70,n:1,True
motorhome,2.41,0,0,1,Alternative spelling of motor home.,motor home,spelling variant of another word (Wiktionary gloss),noun:1,noun,False,0,,,,False,False,False,,,,,,noun,70,n:1,True
spurrier,2.41,0,0,1,A maker of spurs.,,,noun:1,noun,False,0,,,,False,True,False,,,,,,noun,70,n:1,True
haar,2.4,1,1,2,"Thick, cold, wet fog along the northeastern coast of Northern England and Scotland.",,,noun:2,noun,False,0,,,,False,True,False,,,,,,noun,70,n:1,True
heriot,2.4,0,0,3,The return of military equipment.,,,noun:3;verb:1,noun,False,0,,,,False,True,False,,,,,,noun,70,n:1,True
ingle,2.4,0,0,2,An open fireplace.,,,noun:2;verb:1,noun,False,0,,,,False,True,False,,,,,,noun,70,n:1,True
perfecto,2.4,0,0,2,"A large, tapered cigar.",,,noun:2;adj:1,noun,False,0,,,,False,True,False,,,,,,noun,70,n:1,True
perron,2.4,0,0,2,"A stone block used as the base of a monument, marker, etc.",,,noun:2,noun,False,0,,,,False,True,False,,,,,,noun,70,n:1,True
soundstage,2.4,0,0,1,Alternative form of sound stage.,sound stage,spelling variant of another word (Wiktionary gloss),noun:1,noun,False,0,,,,False,False,False,,,,,,noun,70,n:1,True
stimulator,2.4,0,0,1,"A person, device or substance that stimulates.",,,noun:1,noun,False,0,,,,False,True,False,,,,,,noun,70,n:1,True
basher,2.39,0,0,7,"One who bashes something, figuratively or literally.",,,noun:7,noun,False,0,,,,False,True,False,,,,,,noun,70,n:1,True
breakeven,2.39,1,1,1,Alternative spelling of break-even.,break-even,spelling variant of another word (Wiktionary gloss),adj:1;noun:1;verb:1,adj,False,1,NOUN,1.0,,False,False,False,,,,,,noun,70,n:1;aj:1,True
foosball,2.39,0,1,1,"table soccer (US), table football (UK)",,,noun:1,noun,False,0,,,,False,True,False,,,,,,noun,70,n:1,True
manitou,2.39,0,0,1,A god or spirit as the object of religious awe or ritual among some American Indians.,,,noun:1,noun,False,0,,,,False,True,False,,,,,,noun,70,n:1,True
ordo,2.39,0,0,4,A musical phrase constructed from one or more statements of one modal pattern and ending in a rest.,,,noun:4,noun,False,3,OTHER,0.0,,False,True,False,,,,,,noun,70,n:1,True
ort,2.39,0,0,2,A fragment; a scrap of leftover food; any remainder; a piece of refuse.,,,noun:2;verb:1,noun,False,0,,,,False,True,False,,,,,,noun,70,n:1,True
dominator,2.38,0,0,2,"One who, or that which, dominates.",,,noun:2,noun,False,0,,,,False,True,False,,,,,,noun,70,n:1,True
kish,2.38,0,1,2,"A basket used in Ireland, mainly for carrying turf.",,,noun:2,noun,False,0,,,,False,True,False,,,,,,noun,70,n:1,True
mog,2.38,0,0,2,A cat.,,,verb:6;noun:2,verb,False,0,,,,False,True,False,,,,,,noun,70,v:2;n:1,True
moonrise,2.38,1,1,1,The time of day or night when the moon begins to rise over the horizon.,,,noun:1,noun,False,0,,,,False,True,False,,,,,,noun,70,n:1,True
romcom,2.38,0,0,1,Clipping of romantic comedy.,romantic comedy,clipping (Wiktionary gloss),noun:1,noun,True,0,,,,False,False,False,,,,,,noun,70,n:1,True
stepney,2.38,0,0,1,A spare wheel.,,,noun:1,noun,False,0,,,,False,True,False,,,,,,noun,70,n:1,True
umami,2.38,0,1,1,"One of the five basic tastes, the savory taste of foods such as seaweed, cured fish, aged cheeses and meats.",,,noun:1,noun,False,0,,,,False,True,False,,,,,,noun,70,n:1,True
upwelling,2.38,0,0,2,An upward movement from a lower source.,,,noun:2;verb:1,noun,False,0,,,,False,True,False,,,"verb form (-ing, morphology)",,,noun,70,n:1,True
waypoint,2.38,0,0,1,Any mapped reference point on a route that can be easily identified.,,,noun:1,noun,False,0,,,,False,True,False,,,,,,noun,70,n:1,True
amrita,2.37,0,1,1,The water of life; the drink of the Hindu gods.,,,noun:1,noun,False,0,,,,False,True,False,,,,,,noun,70,n:1,True
aryl,2.37,0,0,1,Any univalent organic radical derived from an aromatic hydrocarbon by removing a hydrogen atom.,,,noun:1,noun,False,1,NOUN,1.0,,False,True,False,,,,,,noun,70,n:1,True
bindi,2.37,1,1,7,The “holy dot” traditionally worn on the forehead of Hindu women.,bhindi,,noun:7,noun,False,0,,,,False,True,False,,,,,,noun,70,n:1,True
birdwatching,2.37,0,1,3,Observing or identifying wild birds in their natural environment.,,,noun:3,noun,False,2,VERB,0.0,,False,True,False,,,"verb form (-ing, morphology)",,,noun,70,n:2,True
cep,2.37,0,0,1,An edible mushroom (Boletus edulis).,,,noun:1,noun,False,0,,,,False,True,False,,,,,,noun,70,n:1,True
eventing,2.37,0,1,3,"An equestrian event which comprises dressage, cross-country, and showjumping; a similar event using motor cars",,,noun:3;verb:1,noun,False,0,,,,False,True,False,,,"verb form (-ing, morphology)",,,noun,70,n:1,True
fibro,2.37,0,1,2,Fibro-cement; a building material consisting of asbestos fibres and cement pressed into sheets.,,,noun:2,noun,False,0,,,,False,True,False,,,,,,noun,70,n:1,True
gutta,2.37,0,0,3,"A drop (of liquid, especially a medication).",,,noun:3,noun,False,0,,,,False,True,False,,,,,,noun,70,n:1,True
interferometry,2.37,0,1,1,The design and use of optical or radio interferometers.,,,noun:1,noun,False,0,,,,False,True,False,,,,,,noun,70,n:2,True
longboard,2.37,0,0,3,"A large surfboard, around 9 or 10 feet long with a wide nose.",,,noun:3;verb:1,noun,False,0,,,,False,True,False,,,,,,noun,70,n:1,True
sigil,2.37,0,0,3,"A seal, signature or signet.",,,noun:3,noun,False,0,,,,False,True,False,,,,,,noun,70,n:1,True
womenswear,2.37,0,1,1,"Women's clothing (and accessories), particularly in a retail context.",,,noun:1,noun,False,0,,,,False,True,False,,,,,,noun,70,n:1,True
fanon,2.36,0,1,5,A vestment reserved only for the Pope for use during a pontifical Mass.,,,noun:5,noun,False,0,,,,False,True,False,,,,,,noun,70,n:1,True
gora,2.36,0,0,1,A white person; a European.,,,adj:1;noun:1,adj,False,0,,,,False,True,False,,,,,,noun,70,n:1,True
hackman,2.36,0,0,1,"The driver of a hack (a carriage, cab, or taxi).",,,noun:1,noun,False,0,,,,False,True,False,,,,,,noun,70,n:1,True
retransmission,2.36,1,1,1,"The transmission of something again, especially over a different medium or at a different time.",,,noun:1,noun,False,1,NOUN,1.0,,False,True,False,,,,,,noun,70,n:1,True
zilla,2.36,0,0,1,A subdivision of a province or state,,,noun:1,noun,False,1,NOUN,1.0,,False,True,False,,,,,,noun,70,n:1,True
chacha,2.35,1,1,3,A traditional Georgian clear strong liquor distilled from pomace.,,,noun:3,noun,False,0,,,,False,True,False,,,,,,noun,70,n:1,True
cholo,2.35,0,0,1,"A Mexican or Hispanic gang member, or somebody perceived to embody similar characteristics.",,,noun:1,noun,False,1,NOUN,1.0,,False,True,False,,,,,,noun,70,n:1,True
featurette,2.35,0,0,2,A relatively short feature film.,,,noun:2,noun,False,0,,,,False,True,False,,,,,,noun,70,n:1,True
heritability,2.35,1,1,2,The condition of being inheritable,,,noun:2,noun,False,0,,,,False,True,False,,,,,,noun,70,n:2,True
imperator,2.35,0,0,1,An emperor.,,,noun:1,noun,False,1,NOUN,1.0,,False,True,False,,,,,,noun,70,n:1,True
ribcage,2.35,0,0,1,Alternative spelling of rib cage.,rib cage,spelling variant of another word (Wiktionary gloss),noun:1,noun,False,1,NOUN,1.0,,False,False,False,,,,,,noun,70,n:1,True
tain,2.35,0,1,2,Thin tin plate,,,noun:2,noun,False,0,,,,False,True,False,,,,,,noun,70,n:1,True
airpower,2.34,1,1,1,Airborne military power; an air force.,,,noun:1,noun,False,0,,,,False,True,False,,,,,,noun,70,n:2,True
benzoyl,2.34,0,0,1,"A univalent radical formally derived from benzoic acid, C₆H₅CO-, by removal of the hydroxyl group.",,,noun:1,noun,False,0,,,,False,True,False,,,,,,noun,70,n:1,True
biosecurity,2.34,0,1,2,The protection of plants and animals against harm from disease or from human exploitation.,,,noun:2,noun,False,0,,,,False,True,False,,,,,,noun,70,n:1,True
bouldering,2.34,0,1,1,"Climbing, without ropes, on large boulders or boulder-sized objects.",,,noun:1;verb:1,noun,False,0,,,,False,True,False,,,"verb form (-ing, morphology)",,,noun,70,n:1,True
fino,2.34,0,0,1,The driest and palest type of traditional sherry.,,,noun:1,noun,False,1,NOUN,1.0,,False,True,False,,,,,,noun,70,n:1,True
flam,2.34,1,1,3,A freak or whim; an idle fancy.,,,noun:3;verb:2,noun,False,0,,,,False,True,False,,,,,,noun,70,n:1,True
jebel,2.34,0,0,1,"A hill, a mountain (especially in the Middle East or North Africa).",,,noun:1,noun,False,1,PROPN,0.0,,False,True,False,,,,,,noun,70,n:1,True
kajal,2.34,0,1,1,Kohl.,,,noun:1,noun,False,0,,,,False,True,False,,,,,,noun,70,n:1,True
mudstone,2.34,1,1,1,A fine-grained sedimentary rock whose original constituents were clays or muds.,,,noun:1,noun,False,0,,,,False,True,False,,,,,,noun,70,n:1,True
vina,2.34,0,0,1,Alternative form of veena.,veena,spelling variant of another word (Wiktionary gloss),noun:1,noun,False,0,,,,False,False,False,,,,,,noun,70,n:1,True
bougie,2.33,0,0,4,"A tapered cylindrical instrument for introducing an object into a tubular anatomical structure, or to dilate such a structure, as with an esophageal bougie.",bowjy,,noun:4;adj:2,noun,False,1,PROPN,0.0,,False,True,False,,,,,,noun,70,n:1,True
cassation,2.33,1,1,2,The abrogation of a law by a higher authority; annulment.,,,noun:2,noun,False,1,PROPN,0.0,,False,True,False,,,,,,noun,70,n:1,True
cess,2.33,0,0,6,"An assessed tax, duty, or levy; billeting.",,,noun:6;verb:2,noun,False,1,NOUN,1.0,,False,True,False,,,,,,noun,70,n:1,True
chola,2.33,0,0,1,"A female cholo (Mexican or Hispanic gang member, or somebody with similar characteristics).",,,noun:1,noun,False,0,,,,False,True,False,,,,,,noun,70,n:1,True
downlink,2.33,0,0,2,The transmission of a signal from a satellite to a receiving station on earth; or the means of this transmission.,,,noun:2;verb:1,noun,False,0,,,,False,True,False,,,,,,noun,70,n:1;v:1,True
esperance,2.33,0,0,1,"Expectation, hope.",,,noun:1,noun,False,0,,,,False,True,False,,,,,,noun,70,n:2,True
gid,2.33,0,1,1,"A disease caused by coenurosis of the brain, most commonly found in sheep and canids.",,,noun:1,noun,False,0,,,,False,True,False,,,,,,noun,70,n:2,True
infante,2.33,0,0,1,"Any son of the king of Spain or Portugal, sometimes except the eldest or heir apparent.",,,noun:1,noun,False,1,PROPN,0.0,,False,True,False,,,,,,noun,70,n:1,True
kabaddi,2.33,0,1,1,A South Asian team sport in which players must hold their breath while making raids into the opposing team's half of the field.,,,noun:1,noun,False,0,,,,False,True,False,,,,,,noun,70,n:1,True
kuna,2.33,0,0,1,"The former (until 2023) currency of Croatia, divided into 100 lipa.",,,noun:1,noun,False,0,,,,False,True,False,,,,,,noun,70,n:2,True
mosher,2.33,0,0,2,One who moshes.,,,noun:2,noun,False,0,,,,False,True,False,,,,,,noun,70,n:1,True
tilak,2.33,0,0,1,"A mark or symbol worn on the forehead by Hindus, ornamentally or as an indication of status.",,,noun:1,noun,False,0,,,,False,True,False,,,,,,noun,70,n:1,True
attunement,2.32,1,1,2,The quality of being in tune with something,,,noun:2,noun,False,0,,,,False,True,False,,,,,,noun,70,n:1,True
bhangra,2.32,1,1,5,A lively style of music originating from India.,,,noun:5,noun,False,0,,,,False,True,False,,,,,,noun,70,n:1,True
bolter,2.32,0,0,12,"A person or thing that bolts, or runs suddenly.",,,noun:12;verb:6,noun,False,0,,,,False,True,False,,,,,,noun,70,v:2;n:1,True
deadweight,2.32,0,0,1,Alternative form of dead weight.,dead weight,spelling variant of another word (Wiktionary gloss),noun:1,noun,False,1,NOUN,1.0,,False,False,False,,,,,,noun,70,n:1,True
dosa,2.32,0,0,1,"A type of thin south Indian pancake made from fermented lentils and rice blended with water, typically served with chutney or sambar.",,,noun:1,noun,False,0,,,,False,True,False,,,,,,noun,70,n:1,True
dux,2.32,0,0,3,"The top (male or female) academic student in a school, or in a year of school; the top student in a specified academic discipline.",,,noun:3,noun,False,1,PROPN,0.0,,False,True,False,,,,,,noun,70,n:1,True
ecclesia,2.32,0,0,3,The public legislative assembly of the Athenians.,,,noun:3,noun,False,0,,,,False,True,False,,,,,,noun,70,n:1,True
favorability,2.32,0,1,2,The quality or degree of being viewed favorably,,,noun:2,noun,False,0,,,,False,True,False,,,,,,noun,70,n:1,True
stalag,2.32,1,1,2,"A German prisoner-of-war camp, especially in World War II.",,,noun:2,noun,False,4,PROPN,0.0,,False,True,False,,,,,,noun,70,n:1,True
travertine,2.32,1,1,1,"A light, porous form of concretionary limestone (or calcite) deposited from solution, and sometimes quarried for building.",,,noun:1,noun,False,0,,,,False,True,False,,,,,,noun,70,n:2,True
wicketkeeper,2.32,0,0,1,"A player who stands behind the batsman’s wicket ready to catch the ball, or to stump the batsman.",,,noun:1,noun,False,0,,,,False,True,False,,,,,,noun,70,n:1,True
adjoint,2.31,0,0,7,The transpose of the cofactor matrix of a given square matrix.,,,noun:7;adj:3,noun,False,0,,,,False,True,False,,,,,,noun,70,n:2,True
birdlife,2.31,0,1,1,Birds collectively; avifauna.,,,noun:1,noun,False,0,,,,False,True,False,,,,,,noun,70,n:1,True
celt,2.31,0,0,1,A prehistoric chisel-bladed tool.,,,noun:1,noun,False,0,,,,False,True,False,,,,,,noun,70,n:1,True
concentrator,2.31,0,0,4,One who concentrates.,,,noun:4,noun,False,0,,,,False,True,False,,,,,,noun,70,n:1,True
fid,2.31,0,0,6,"A pointed tool without any sharp edges, used in weaving or knotwork to tighten and form up weaves or complex knots; used in sailing ships to open the strands of a rope before splicing.",,,noun:6;verb:1,noun,False,0,,,,False,True,False,,,,,,noun,70,n:1,True
haku,2.31,0,0,2,"A three-ply braid incorporating additional materials, used in making lei.",,,noun:2,noun,False,0,,,,False,True,False,,,,,,noun,70,n:1,True
highrise,2.31,0,0,1,Alternative spelling of high-rise.,high-rise,spelling variant of another word (Wiktionary gloss),noun:1,noun,False,3,NOUN,0.667,,False,False,False,,,,,,noun,70,n:1,True
labrum,2.31,0,0,3,"The uppermost of the mouthparts (trophi) of a typical insect, such as a cockroach. Typically resembles an upper lip and forms part of the roof of the mouth in such insects.",,,noun:3,noun,False,0,,,,False,True,False,,,,,,noun,70,n:1,True
leman,2.31,0,0,2,"One beloved; a lover, a sweetheart of either sex (especially a secret lover; a gallant or mistress).",,,noun:2,noun,False,0,,,,False,True,False,,,,,,noun,70,n:1,True
organometallic,2.31,0,0,1,Any organometallic compound.,,,adj:1;noun:1,adj,False,0,,,,False,True,False,,,adjective-like (morphology),,,noun,70,n:2,True
paneer,2.31,1,1,1,"A soft, non-matured, Indian cheese.",,,noun:1,noun,False,0,,,,False,True,False,,,,,,noun,70,n:1,True
reconnection,2.31,0,0,1,A connection of things that have been previously severed.,,,noun:1,noun,False,0,,,,False,True,False,,,,,,noun,70,n:1,True
scoresheet,2.31,0,0,2,A sheet of paper (or similar) on which score is kept.,,,noun:2,noun,False,0,,,,False,True,False,,,,,,noun,70,n:2,True
waitlist,2.31,0,0,1,A waiting list.,,,noun:1;verb:1,noun,False,0,,,,False,True,False,,,,,,noun,70,n:1;v:1,True
brutalist,2.3,0,0,1,Someone that follows brutalism.,,,noun:1,noun,False,1,PROPN,0.0,,False,True,False,,,,,,noun,70,n:1,True
changeup,2.3,0,0,1,Alternative form of change-up.,change-up,spelling variant of another word (Wiktionary gloss),noun:1,noun,False,0,,,,False,False,False,,,,,,noun,70,n:1,True
chappie,2.3,0,0,1,Alternative spelling of chappy.,chappy,spelling variant of another word (Wiktionary gloss),noun:1,noun,False,0,,,,False,False,False,,,,,,noun,70,n:1,True
playwriting,2.3,0,1,1,The writing of plays.,,,noun:1,noun,False,1,NOUN,1.0,,False,True,False,,,"verb form (-ing, morphology)",,,noun,70,n:1,True
prana,2.3,1,1,1,"Respiration, breathing, seen as a life principle or life force.",,,noun:1,noun,False,0,,,,False,True,False,,,,,,noun,70,n:2,True
renderer,2.3,0,0,3,"One who, or that which, renders.",,,noun:3,noun,False,0,,,,False,True,False,,,,,,noun,70,n:1,True
simp,2.3,0,0,5,A simple person lacking common sense; a fool or simpleton.,,,noun:5;verb:3;adj:1,noun,True,0,,,,False,True,False,,,,,,noun,70,n:1,True
yaar,2.3,0,0,2,"A friend, pal, or buddy.",,,noun:2,noun,False,1,OTHER,0.0,,False,True,False,,,,,,noun,70,n:1,True
agger,2.29,0,0,2,"A double tide, particularly a high tide in which the water rises to a given level, recedes, and then rises again (or only the second of these high waters), but sometimes equally a low tide in which th",,,noun:2,noun,False,0,,,,False,True,False,,,,,,noun,70,n:1,True
bogle,2.29,0,0,3,"A goblin, imp, bogeyman, bugbear or similar a frightful being or phantom.",,,noun:3;verb:1,noun,False,0,,,,False,True,False,,,,,,noun,70,n:1,True
collegium,2.29,0,0,3,A committee or council.,,,noun:3,noun,False,0,,,,False,True,False,,,,,,noun,70,n:1,True
craic,2.29,0,1,1,"Often preceded by the: amusement, fun, especially through enjoyable company; also, pleasant conversation.",,,noun:1,noun,False,0,,,,False,True,False,,,,,,noun,70,n:1,True
designee,2.29,0,0,1,One who has been designated,,,noun:1,noun,False,0,,,,False,True,False,,,,,,noun,70,n:1,True
langue,2.29,0,1,1,"Language as a system rather than language in use, including the formal rules, structures, and limitations of language.",,,noun:1,noun,False,0,,,,False,True,False,,,,,,noun,70,n:1,True
lovelock,2.29,0,0,2,A lock of hair that hangs down and is worn apart from the hair that remains.,,,noun:2,noun,False,0,,,,False,True,False,,,,,,noun,70,n:1,True
pancetta,2.29,0,1,1,A cured belly or pork; bacon.,,,noun:1,noun,False,1,NOUN,1.0,,False,True,False,,,,,,noun,70,n:1,True
ronde,2.29,0,1,1,"A kind of script in which the tails of the letters are curly, giving the characters a rounded look.",,,noun:1,noun,False,0,,,,False,True,False,,,,,,noun,70,n:1,True
cassis,2.28,0,1,3,A blackcurrant plant (Ribes nigrum); the flavor of its berries.,,,noun:3,noun,False,0,,,,False,True,False,,,,,,noun,70,n:1,True
extruder,2.28,0,0,1,A machine that extrudes material through shaped dies,,,noun:1,noun,False,1,NOUN,1.0,,False,True,False,,,,,,noun,70,n:1,True
franchisor,2.28,0,0,1,"A company which, or a person who, grants franchises.",,,noun:1,noun,False,0,,,,False,True,False,,,,,,noun,70,n:1,True
grift,2.28,0,0,1,A confidence game or swindle.,,,verb:3;noun:1,verb,False,0,,,,False,True,False,,,,,,noun,70,n:1;v:1,True
jefe,2.28,0,0,2,"An officer with political influence; a head or chief in government, such as a sheriff, particularly where that person is Hispanic or of Mexican descent.",,,noun:2,noun,False,1,PROPN,0.0,,False,True,False,,,,,,noun,70,n:1,True
kora,2.28,0,0,1,A type of harp or lute played in West Africa.,,,noun:1,noun,False,0,,,,False,True,False,,,,,,noun,70,n:1,True
understory,2.28,0,0,2,A story of a building below the stories generally used for residence or work.,,,noun:2,noun,False,0,,,,False,True,False,,,,,,noun,70,n:2,True
vasculature,2.28,1,1,1,"The blood vessels or their arrangement in the body, or within an organ.",,,noun:1,noun,False,1,NOUN,1.0,,False,True,False,,,,,,noun,70,n:1,True
wazir,2.28,0,0,2,Vizier.,,,noun:2,noun,False,0,,,,False,True,False,,,,,,noun,70,n:1,True
yoni,2.28,0,0,1,"The vulva or vagina, or a symbol of them, especially as an object of veneration within certain types of Hinduism, Buddhism, and other cultures.",,,noun:1,noun,False,0,,,,False,True,False,,,,,,noun,70,n:1,True
ableist,2.27,0,0,1,"One who exhibits ableism, or prejudice against the disabled.",,,adj:1;noun:1,adj,False,0,,,,False,True,False,,,,,,noun,70,n:1,True
cento,2.27,0,0,1,"A hotchpotch, a mixture; especially a piece made up of quotations from other authors, or a poem containing individual lines from other poems.",,,noun:1,noun,False,0,,,,False,True,False,,,,,,noun,70,n:1,True
chav,2.27,0,0,1,"A working-class youth, especially one associated with aggression, poor education, and a perceived ""common"" taste in clothing and lifestyle.",,,noun:1,noun,False,0,,,,False,True,False,,,,,,noun,70,n:1,True
dreamcatcher,2.27,0,0,1,"A decorative Native American object in the form of a hoop and net with attachments such as feathers, traditionally believed by the Ojibwa to “filter out” bad dreams.",,,noun:1,noun,False,0,,,,False,True,False,,,,,,noun,70,n:1,True
hellraiser,2.27,0,0,1,"A person who engages in wild, wanton behavior: one who raises hell.",,,noun:1,noun,False,0,,,,False,True,False,,,,,,noun,70,n:1,True
issei,2.27,0,0,1,"A member of the first generation of Japanese immigrants to North America, South America, or Australia.",,,noun:1,noun,False,0,,,,False,True,False,,,,,,noun,70,n:1,True
killick,2.27,0,0,1,Alternative form of killock.,killock,spelling variant of another word (Wiktionary gloss),noun:1,noun,False,0,,,,False,False,False,,,,,,noun,70,n:1,True
minke,2.27,0,0,1,Ellipsis of minke whale.,minke whale,,noun:1,noun,True,0,,,,False,True,False,,,,,,noun,70,n:1,True
outland,2.27,0,0,1,Any outlying area of a country; the provinces.,,,adj:3;noun:1;verb:1,adj,False,0,,,,False,True,False,,,,,,noun,70,n:1,True
shithouse,2.27,0,0,3,"An outhouse, an outbuilding used as a lavatory.",,,noun:3;adj:1;verb:1,noun,False,0,,,,False,True,False,,,,,,noun,70,n:1,True
subchapter,2.27,0,0,1,A subsection of a chapter.,,,noun:1,noun,False,0,,,,False,True,False,,,,,,noun,70,n:2,True
subregion,2.27,0,0,1,A region that is part of a larger region.,,,noun:1,noun,False,0,,,,False,True,False,,,,,,noun,70,n:1,True
thaler,2.27,0,0,2,"A monetary unit used in a number of central and northern European countries, known locally as daalder (Netherlands), daler (Scandinavia), Taler, Thaler (Germany), etc.",,,noun:2,noun,False,0,,,,False,True,False,,,,,,noun,70,n:1,True
taluk,2.26,0,0,1,"A hereditary estate in parts of India; subsequently, an administrative subdivision of a district.",,,noun:1,noun,False,0,,,,False,True,False,,,,,,noun,70,n:1,True
amadou,2.25,0,1,1,"A spongy, flammable substance prepared from bracket fungi, formerly used as a styptic and as tinder.",,,noun:1,noun,False,0,,,,False,True,False,,,,,,noun,70,n:1,True
broking,2.25,0,1,2,The craft or profession of a broker; mediation in a sale or transaction.,,,noun:2,noun,False,0,,,,False,True,False,,,"verb form (-ing, morphology)",,,noun,70,n:2,True
cheesesteak,2.25,0,0,1,A Philadelphia snack food consisting of chopped steak and melted cheese in a bread roll.,,,noun:1,noun,False,0,,,,False,True,False,,,,,,noun,70,n:1,True
cuesta,2.25,0,0,1,"A hill or ridge with a gentle slope on one side, and a steep slope on the other.",,,noun:1,noun,False,0,,,,False,True,False,,,,,,noun,70,n:1,True
electrophysiology,2.25,0,1,1,The branch of physiology that studies the electrical activity of organisms.,,,noun:1,noun,False,0,,,,False,True,False,,,,,,noun,70,n:2,True
hyperdrive,2.25,0,0,2,A spaceship engine that allows faster-than-light travel by entering hyperspace.,,,noun:2,noun,False,0,,,,False,True,False,,,adjective-like (morphology),,,noun,70,n:1,True
jol,2.25,0,0,2,A party.,,,noun:2;verb:1,noun,False,0,,,,False,True,False,,,,,,noun,70,n:1,True
kersey,2.25,1,1,1,A type of rough woollen cloth.,,,noun:1,noun,False,0,,,,False,True,False,,,,,,noun,70,n:2,True
metroplex,2.25,0,0,1,A large metropolitan area containing several cities and their suburbs.,,,noun:1,noun,False,1,NOUN,1.0,,False,True,False,,,,,,noun,70,n:1,True
parishad,2.25,0,0,1,A governmental assembly or council in India.,,,noun:1,noun,False,0,,,,False,True,False,,,,,,noun,70,n:1,True
seismicity,2.25,1,1,1,A measure or a degree of how seismic a region is or how prone it is to earthquakes.,,,noun:1,noun,False,0,,,,False,True,False,,,,,,noun,70,n:1,True
tedder,2.25,0,0,1,"A machine for stirring and spreading hay, to speed up its drying.",,,noun:1;verb:1,noun,False,0,,,,False,True,False,,,,,,noun,70,v:2;n:1,True
askari,2.24,0,0,1,"A member of a local African military or police unit, usually one serving in a European colonial force.",,,noun:1,noun,False,0,,,,False,True,False,,,,,,noun,70,n:1,True
blacksmithing,2.24,0,1,1,the business of a blacksmith,,,noun:1;verb:1,noun,False,2,NOUN,1.0,,False,True,False,,,"verb form (-ing, morphology)",,,noun,70,n:1,True
bris,2.24,0,0,1,Ritual male circumcision; the ceremony in which this is performed.,,,noun:1,noun,False,0,,,,False,True,False,,,,,,noun,70,n:2,True
camelback,2.24,1,1,8,The backs of camels.,,,noun:8,noun,False,0,,,,False,True,False,,,,,,noun,70,n:1,True
gasser,2.24,0,0,5,"One who gasses, or poisons with gas.",,,noun:5;adj:1,noun,False,1,NOUN,1.0,,False,True,False,,,,,,noun,70,n:1,True
gaydar,2.24,1,1,1,"The supposed ability to detect whether or not a person is gay by observing that person's appearance, mannerisms, etc.",,,noun:1,noun,False,1,PROPN,0.0,,False,True,False,,,,,,noun,70,n:2,True
gowan,2.24,1,1,2,A common daisy (Bellis perennis).,,,noun:2,noun,False,1,PROPN,0.0,,False,True,False,,,,,,noun,70,n:1,True
gribble,2.24,0,0,2,"Any of various wood-boring marine crustaceans of the genus Limnoria, especially Limnoria lignorum, which cause damage to underwater wooden structures.",,,noun:2;adj:1,noun,False,0,,,,False,True,False,,,,,,noun,70,n:1,True
hairstyling,2.24,1,1,1,The act or process of styling hair.,,,noun:1,noun,False,1,NOUN,1.0,,False,True,False,,,"verb form (-ing, morphology)",,,noun,70,n:1,True
irradiance,2.24,1,1,3,The act of irradiating; emission of rays of light.,,,noun:3,noun,False,0,,,,False,True,False,,,,,,noun,70,n:2,True
ked,2.24,0,0,1,"Any of the family Hippoboscidae of obligate parasites, especially the sheep ked, Melophagus ovinus.",,,noun:1,noun,False,0,,,,False,True,False,,,,,,noun,70,n:1,True
parasitology,2.24,0,1,1,The study of parasites.,,,noun:1,noun,False,0,,,,False,True,False,,,,,,noun,70,n:2,True
perse,2.24,1,1,2,A very dark (almost black) purple or blue-gray colour.,,,noun:2;adj:1;verb:1,noun,False,2,PROPN,0.0,,False,True,False,,,,,,noun,70,n:2,True
talkback,2.24,1,1,2,"A system in broadcasting and recording studios that enables the director to communicate with others (host, presenter, anchor) during performance.",,,noun:2,noun,False,0,,,,False,True,False,,,,,,noun,70,n:2,True
atman,2.23,0,0,1,"The true self of an individual beyond identification with worldly phenomena, the essence of an individual, an infinitesimal part of Brahman.",,,noun:1,noun,False,0,,,,False,True,False,,,,,,noun,70,n:1,True
microclimate,2.23,0,0,1,"A small, local region having a unique pattern of weather or weather effects that differ from the local climate.",,,noun:1,noun,False,0,,,,False,True,False,,,,,,noun,70,n:1,True
playdate,2.23,0,0,3,"The occasion of a child having a friend come over to play at their house, traditionally scheduled by both children's parents.",,,noun:3,noun,False,0,,,,False,True,False,,,,,,noun,70,n:1,True
stovetop,2.23,0,0,1,The top of a stove; usually specifically the burners.,,,noun:1,noun,False,0,,,,False,True,False,,,,,,noun,70,n:1,True
streetscape,2.23,0,0,1,"The visual elements of a street, including the road, adjoining buildings, sidewalks, street furniture, trees and open spaces, etc, that combine to form the street's character.",,,noun:1,noun,False,0,,,,False,True,False,,,,,,noun,70,n:1,True
trackage,2.23,1,1,3,railway tracks collectively,,,noun:3,noun,False,0,,,,False,True,False,,,,,,noun,70,n:2,True
candyman,2.22,0,0,2,A male confectioner.,,,noun:2,noun,False,0,,,,False,True,False,,,,,,noun,70,n:1,True
carcinogenesis,2.22,1,1,1,The creation of cancer cells.,,,noun:1,noun,False,0,,,,False,True,False,,,,,,noun,70,n:2,True
infanta,2.22,0,0,1,The daughter of a king in Spain or Portugal.,,,noun:1,noun,False,0,,,,False,True,False,,,,,,noun,70,n:1,True
intendant,2.22,0,0,3,The administrator of an opera house or theater.,,,noun:3;adj:1,noun,False,1,NOUN,1.0,,False,True,False,,,,,,noun,70,n:1,True
muti,2.22,1,1,1,Traditional African medicine.,,,noun:1,noun,False,0,,,,False,True,False,,,,,,noun,70,n:1,True
penna,2.22,0,0,1,a contour feather,,,noun:1,noun,False,0,,,,False,True,False,,,,,,noun,70,n:1,True
basmati,2.21,1,1,1,"A variety of long-grain rice, notable for its fragrance.",,,noun:1,noun,False,0,,,,False,True,False,,,,,,noun,70,n:2,True
conservatorship,2.21,1,1,2,"The legal status of a conservator, similar to guardianship or trusteeship.",,,noun:2,noun,False,3,NOUN,1.0,,False,True,False,,,,,,noun,70,n:2,True
glassman,2.21,0,0,1,A person who manufactures glass.,,,noun:1,noun,False,0,,,,False,True,False,,,,,,noun,70,n:1,True
kaif,2.21,0,1,1,Alternative spelling of kif.,kif,spelling variant of another word (Wiktionary gloss),noun:1,noun,False,0,,,,False,False,False,,,,,,noun,70,n:1,True
kier,2.21,0,0,1,A bleaching vat.,,,noun:1,noun,False,0,,,,False,True,False,,,,,,noun,70,n:1,True
nomen,2.21,0,0,3,"The family name of an Ancient Roman, designating their gens.",,,noun:3,noun,False,0,,,,False,True,False,,,,,,noun,70,n:1,True
perlite,2.21,0,0,2,An amorphous volcanic glass formed by the hydration of obsidian.,,,noun:2,noun,False,1,NOUN,1.0,,False,True,False,,,,,,noun,70,n:1,True
shul,2.21,0,0,1,An Ashkenazi synagogue.,,,noun:1,noun,False,0,,,,False,True,False,,,,,,noun,70,n:1,True
snowmelt,2.21,0,1,1,Runoff from melting snow.,,,noun:1,noun,False,0,,,,False,True,False,,,,,,noun,70,n:1,True
succinate,2.21,0,0,1,Any salt or ester of succinic acid.,,,noun:1,noun,False,0,,,,False,True,False,,,,,,noun,70,n:1,True
bailie,2.2,0,0,3,A bailiff.,,,noun:3,noun,False,0,,,,False,True,False,,,,,,noun,70,n:1,True
bandaid,2.2,0,0,1,Alternative spelling of band-aid.,band-aid,spelling variant of another word (Wiktionary gloss),noun:1,noun,False,0,,,,False,False,False,,,,,,noun,70,n:1,True
boyo,2.2,0,0,2,A boy or lad.,,,noun:2,noun,False,0,,,,False,True,False,,,,,,noun,70,n:1,True
calzone,2.2,0,0,1,"A baked Italian turnover made of pizza dough and stuffed with tomato, cheese and other toppings.",,,noun:1,noun,False,0,,,,False,True,False,,,,,,noun,70,n:1,True
destructor,2.2,0,0,3,One who destructs.,,,noun:3,noun,False,0,,,,False,True,False,,,,,,noun,70,n:1,True
freakout,2.2,0,0,2,"A frightening or disorientating experience, especially one that results from the use of a hallucinogenic drug.",,,noun:2,noun,False,0,,,,False,True,False,,,,,,noun,70,n:1,True
kame,2.2,0,0,1,A round hill or short ridge of sand or gravel deposited by a melting glacier.,,,noun:1,noun,False,0,,,,False,True,False,,,,,,noun,70,n:1,True
leet,2.2,0,1,6,"A portion or list, especially a list of candidates for an office; also the candidates themselves.",leat,,noun:6;adj:4;verb:1,noun,True,1,PROPN,0.0,,False,True,False,,,,,,noun,70,n:1,True
marron,2.2,0,0,2,A sweet chestnut.,,,noun:2,noun,False,0,,,,False,True,False,,,,,,noun,70,n:1,True
photoreceptor,2.2,0,0,1,A specialized neuron or other structure able to detect and react to light.,,,noun:1,noun,False,4,NOUN,0.75,,False,True,False,,,,,,noun,70,n:1,True
quintile,2.2,0,0,3,Any of the quantiles which divide an ordered sample population into five equally numerous subsets.,,,noun:3,noun,False,0,,,,False,True,False,,,,,,noun,70,n:1,True
stour,2.2,0,0,8,A blowing or deposit of dust; dust in motion or at rest; dust in general.,,,noun:8;adj:7;adv:1;verb:1,noun,False,0,,,,False,True,False,,,,,,noun,70,n:1,False
sulfite,2.2,0,0,1,Any salt of sulfurous acid.,,,noun:1,noun,False,0,,,,False,True,False,,,,,,noun,70,n:1,True
tempeh,2.2,1,1,1,An Indonesian food made from partially-cooked soybeans fermented by a fungus (either Rhizopus oligosporus or Rhizopus oryzae).,,,noun:1,noun,False,1,OTHER,0.0,,False,True,False,,,,,,noun,70,n:2,True
waterslide,2.2,0,0,1,Alternative form of water slide.,water slide,spelling variant of another word (Wiktionary gloss),noun:1,noun,False,0,,,,False,False,False,,,,,,noun,70,n:1,True
carvel,2.19,0,0,2,"Synonym of caravel (“a light, usually lateen-rigged sailing ship”).",,,noun:2,noun,False,0,,,,False,True,False,,,,,,noun,70,n:1,True
chikungunya,2.19,0,1,1,"A viral fever caused by the Chikungunya virus, an alphavirus spread by mosquito bites.",,,noun:1,noun,False,0,,,,False,True,False,,,,,,noun,70,n:1,True
daimyo,2.19,0,0,1,A lord during the Japanese feudal period.,,,noun:1,noun,False,0,,,,False,True,False,,,,,,noun,70,n:1,True
dramedy,2.19,1,1,2,A genre of film or television that lies somewhere between drama and comedy.,,,noun:2,noun,False,0,,,,False,True,False,,,,,,noun,70,n:1,True
essentialism,2.19,1,1,5,The view that objects have properties that are essential to them.,,,noun:5,noun,False,0,,,,False,True,False,,,,,,noun,70,n:2,True
freeride,2.19,0,1,1,"A form of mountain biking closely related to downhill biking and dirt jumping, focused on tricks, style, and technical trail features.",,,verb:2;noun:1,verb,False,0,,,,False,True,False,,,,,,noun,70,n:1,True
marchesa,2.19,0,0,1,An Italian marchioness.,,,noun:1,noun,False,0,,,,False,True,False,,,,,,noun,70,n:1,True
photogrammetry,2.19,0,1,2,The making of precise measurements from photographs.,,,noun:2,noun,False,0,,,,False,True,False,,,,,,noun,70,n:2,True
sexualization,2.19,1,1,1,The act or process of sexualizing.,,,noun:1,noun,False,0,,,,False,True,False,,,,,,noun,70,n:1,True
snapback,2.19,0,0,3,The reimposition of an earlier and usually higher tariff.,,,noun:3,noun,False,1,NOUN,1.0,,False,True,False,,,,,,noun,70,n:1,True
spader,2.19,0,0,1,"One who, or that which, spades; specifically, a digging machine.",,,noun:1,noun,False,0,,,,False,True,False,,,,,,noun,70,n:1,True
sweeting,2.19,0,0,2,A sweet apple.,,,noun:2;verb:1,noun,False,0,,,,False,True,False,,,"verb form (-ing, morphology)",,,noun,70,n:1,True
wildling,2.19,0,0,2,"A wild, i.e. not cultivated, plant.",,,noun:2,noun,False,0,,,,False,True,False,,,"verb form (-ing, morphology)",,,noun,70,n:1,True
beatbox,2.18,0,0,1,A type of electronic percussion device.,,,noun:1;verb:1,noun,False,0,,,,False,True,False,,,,,,noun,70,n:1;v:1,True
beatboxing,2.18,0,1,1,"The practice of using one’s mouth, lips, tongue, voice, etc. as a percussive instrument to create beats, rhythms and melodies for music, mainly hip hop.",,,noun:1;verb:1,noun,False,0,,,,False,True,False,,,"verb form (-ing, morphology)",,,noun,70,n:1,True
brewhouse,2.18,0,0,1,"The part of a brewery where the wort is made, as contrasted with the cellars and warehouses; a brewery (sometimes synonymous in cases involving a single building).",,,noun:1,noun,False,0,,,,False,True,False,,,,,,noun,70,n:1,True
caird,2.18,0,0,1,A travelling tinker or a tramp.,,,noun:1,noun,False,0,,,,False,True,False,,,,,,noun,70,n:1,True
collectivity,2.18,1,1,2,The condition of being collective.,,,noun:2,noun,False,0,,,,False,True,False,,,,,,noun,70,n:2,True
doit,2.18,0,0,3,"A small Dutch coin, equivalent to one-eighth of a stiver.",,,noun:3;verb:1,noun,False,0,,,,False,True,False,,,,,,noun,70,n:1,True
gurdwara,2.18,0,0,1,A Sikh place of worship.,,,noun:1,noun,False,0,,,,False,True,False,,,,,,noun,70,n:1,True
jetlag,2.18,0,0,1,Alternative spelling of jet lag.,jet lag,spelling variant of another word (Wiktionary gloss),noun:1,noun,False,0,,,,False,False,False,,,,,,noun,70,n:2,True
kahuna,2.18,0,0,2,A priest or priestess of the traditional Hawaiian religion.,,,noun:2,noun,False,1,PROPN,0.0,,False,True,False,,,,,,noun,70,n:1,True
merengue,2.18,1,1,3,"A type of music common in the Caribbean, originally associated with the Dominican Republic.",,,noun:3;verb:1,noun,False,0,,,,False,True,False,,,,,,noun,70,n:1,True
personalisation,2.18,1,1,1,Non-Oxford British English standard spelling of personalization.,personalization,,noun:1,noun,False,0,,,,False,True,False,,,,,,noun,70,n:2,False
vang,2.18,0,0,1,A line extended down from the end of a gaff to regulate its position.,,,verb:3;noun:1,verb,False,0,,,,False,True,False,,,,,,noun,70,n:1,True
apostolate,2.17,0,0,2,"The office, or responsibilities of an apostle.",,,noun:2,noun,False,0,,,,False,True,False,,,,,,noun,70,n:1,True
bucko,2.17,0,0,2,A boastful or bullying man.,,,noun:2,noun,False,0,,,,False,True,False,,,,,,noun,70,n:2,True
cogeneration,2.17,0,1,3,The production of heat and/or power from the waste energy of an industrial process.,,,noun:3,noun,False,2,NOUN,1.0,,False,True,False,,,,,,noun,70,n:1,True
eidolon,2.17,0,0,3,"An image or representation of an idea; a representation of an ideal form; an apparition of some actual or imaginary entity, or of some aspect of reality.",,,noun:3,noun,False,0,,,,False,True,False,,,,,,noun,70,n:1,True
enforceability,2.17,0,1,1,The quality of being enforceable.,,,noun:1,noun,False,0,,,,False,True,False,,,,,,noun,70,n:1,True
goog,2.17,0,0,1,An egg.,,,noun:1,noun,False,0,,,,False,True,False,,,,,,noun,70,n:1,True
objectivism,2.17,1,1,4,The state of being objective; objectivity.,,,noun:4,noun,False,0,,,,False,True,False,,,,,,noun,70,n:2,True
regolith,2.17,1,1,1,"The layer of loose rock, dust, sand, and soil, resting on the bedrock, that constitutes the surface layer of most dry land on Earth, the Moon, and other large solid aggregated celestial objects. Subma",,,noun:1,noun,False,0,,,,False,True,False,,,,,,noun,70,n:1,True
renminbi,2.17,0,0,1,The official currency of the People's Republic of China.,,,noun:1,noun,False,0,,,,False,True,False,,,,,,noun,70,n:1,True
shroff,2.17,0,0,3,"A provider of financial services, especially a small-scale independent banker or money changer or (historical) a local expert at detecting bad coin.",,,noun:3;verb:1,noun,False,0,,,,False,True,False,,,,,,noun,70,n:1,True
trattoria,2.17,0,0,1,"A small, informal Italian-style restaurant.",,,noun:1,noun,False,0,,,,False,True,False,,,,,,noun,70,n:1,True
whitespace,2.17,1,1,1,Alternative form of white space.,white space,spelling variant of another word (Wiktionary gloss),noun:1,noun,False,0,,,,False,False,False,,,,,,noun,70,n:1,True
celadon,2.16,0,1,3,"A pale green colour, possibly tinted with gray.",,,noun:3;adj:1,noun,False,0,,,,False,True,False,,,,,,noun,70,n:1,True
circulator,2.16,0,0,3,A person or thing that causes something to circulate,,,noun:3,noun,False,0,,,,False,True,False,,,,,,noun,70,n:1,True
iwi,2.16,0,0,1,"An extended group of Maori kin groups or families, sharing common ancestry; a tribe. (An iwi is smaller than a waka and larger than a hapu.)",,,noun:1,noun,False,0,,,,False,True,False,,,,,,noun,70,n:1,True
jota,2.16,0,0,2,A traditional popular dance of the Iberian peninsula with regional variations.,,,noun:2,noun,False,0,,,,False,True,False,,,,,,noun,70,n:1,True
methacrylate,2.16,0,0,2,"Any salt or ester of methacrylic acid, especially an ester used in the manufacture of resins and plastics.",,,noun:2,noun,False,1,NOUN,1.0,,False,True,False,,,,,,noun,70,n:1,True
mixup,2.16,0,0,1,Alternative form of mix-up.,mix-up,spelling variant of another word (Wiktionary gloss),noun:1,noun,False,0,,,,False,False,False,,,,,,noun,70,n:1,True
monolayer,2.16,0,0,2,A layer of material that is one molecule thick,,,noun:2,noun,False,0,,,,False,True,False,,,,,,noun,70,n:1,True
netizen,2.16,0,0,1,A member of the community of Internet users.,,,noun:1,noun,False,0,,,,False,True,False,,,,,,noun,70,n:1,True
newsmagazine,2.16,0,0,1,Alternative spelling of news magazine.,news magazine,spelling variant of another word (Wiktionary gloss),noun:1,noun,False,0,,,,False,False,False,,,,,,noun,70,n:1,True
objectivist,2.16,0,0,1,An advocate of objectivism.,,,adj:1;noun:1,adj,False,0,,,,False,True,False,,,,,,noun,70,n:1,True
statism,2.16,0,1,6,Synonym of secularism: subservience of religious issues to political officials and expediency.,,,noun:6,noun,False,0,,,,False,True,False,,,,,,noun,70,n:2,True
tola,2.16,0,0,2,"A unit of mass used in India, equal to the mass of a silver rupee coin, fixed at 180 troy grains (11.663 8038 grams) in 1833, and of a similar but slightly variable value before that date.",,,noun:2,noun,False,0,,,,False,True,False,,,,,,noun,70,n:1,True
boma,2.15,1,1,7,"An enclosure usually made of thorn bushes, and latterly of steel fencing, for protection from marauders.",,,noun:7,noun,False,0,,,,False,True,False,,,,,,noun,70,n:1,True
corniche,2.15,0,0,1,"A road built on a ledge (cliff), especially along water (a river, sea, etc).",,,noun:1,noun,False,0,,,,False,True,False,,,,,,noun,70,n:1,True
daman,2.15,0,0,1,The rock hyrax.,,,noun:1,noun,False,0,,,,False,True,False,,,,,,noun,70,n:1,True
dialer,2.15,0,0,2,"A person or device that dials, as using a telephone.",,,noun:2,noun,False,0,,,,False,True,False,,,,,,noun,70,n:1,True
graben,2.15,0,0,1,"An elongated block of the Earth's crust, bounded by faults, that has dropped relative to the surrounding area.",,,noun:1,noun,False,4,NOUN,1.0,,False,True,False,,,,,,noun,70,n:1,True
homebuyer,2.15,0,0,1,A person who buys or plans to buy a house.,,,noun:1,noun,False,0,,,,False,True,False,,,,,,noun,70,n:1,True
impaler,2.15,0,0,1,One who impales.,,,noun:1,noun,False,0,,,,False,True,False,,,,,,noun,70,n:1,True
subfield,2.15,0,0,2,"A smaller, more specialized area of study or occupation within a larger one",,,noun:2,noun,False,0,,,,False,True,False,,,,,,noun,70,n:2,True
wendigo,2.15,0,0,2,"A malevolent and violent cannibal spirit found in Anishinaabe, Ojibwe, and Cree mythology, which is said to inhabit the body of a living person and possess him or her to commit murder.",,,noun:2,noun,False,0,,,,False,True,False,,,,,,noun,70,n:2,True
astrophotography,2.14,0,1,1,"The photography or imaging of astronomical objects, celestial events or areas of the night sky.",,,noun:1,noun,False,0,,,,False,True,False,,,,,,noun,70,n:1,True
autocorrelation,2.14,1,1,1,The cross-correlation of a signal with itself: the correlation between values of a signal in successive time periods.,,,noun:1,noun,False,0,,,,False,True,False,,,,,,noun,70,n:1,True
blacklight,2.14,0,0,1,Alternative form of black light (“ultraviolet bulb”).,black light,spelling variant of another word (Wiktionary gloss),noun:1,noun,False,0,,,,False,False,False,,,,,,noun,70,n:1,True
breakdancing,2.14,0,1,1,An urban style of acrobatic street dance that originated in the hip hop culture of New York City in the late 20th century.,,,noun:1,noun,False,0,,,,False,True,False,,,"verb form (-ing, morphology)",,,noun,70,n:2,True
chocolatier,2.14,0,0,1,A producer of chocolate.,,,adj:2;noun:1,adj,False,0,,,,False,True,False,,,,,,noun,70,n:1,True
kif,2.14,0,1,3,"A kind of cannabis smoked in Morocco and Algeria, for its narcotic or intoxicating effects.",,,noun:3;adj:1,noun,False,0,,,,False,True,False,,,,,,noun,70,n:1,True
mannose,2.14,1,1,1,A monosaccharide aldohexose found in manna and other legumes.,,,noun:1,noun,False,0,,,,False,True,False,,,,,,noun,70,n:2,True
marchese,2.14,0,0,1,An Italian marquis.,,,noun:1,noun,False,1,PROPN,0.0,,False,True,False,,,,,,noun,70,n:1,True
misperception,2.14,1,1,1,An incorrect perception.,,,noun:1,noun,False,0,,,,False,True,False,,,,,,noun,70,n:1,True
sinfonia,2.14,0,0,3,A symphony.,,,noun:3,noun,False,0,,,,False,True,False,,,,,,noun,70,n:2,True
springwood,2.14,1,1,1,"The wood in a tree's growth ring formed earlier in the growing season, when growth is more rapid, thus composed of wider elements and usually lighter in colour.",,,noun:1,noun,False,0,,,,False,True,False,,,,,,noun,70,n:2,True
viewport,2.14,0,0,2,A viewing window.,,,noun:2;verb:1,noun,False,0,,,,False,True,False,,,,,,noun,70,n:1,True
butyrate,2.13,0,0,1,Any salt or ester of butyric acid.,,,noun:1,noun,False,9,NOUN,1.0,,False,True,False,,,,,,noun,70,n:2,True
databank,2.13,0,0,2,A database (collection of organized information in a regular structure).,,,noun:2,noun,False,0,,,,False,True,False,,,,,,noun,70,n:1,True
drabble,2.13,0,0,1,"A short fictional story, typically in fan fiction, sometimes exactly 100 words long.",,,verb:2;noun:1,verb,False,0,,,,False,True,False,,,,,,noun,70,n:1;v:1,True
haugh,2.13,0,0,1,A low-lying meadow by the side of a river.,,,noun:1,noun,False,0,,,,False,True,False,,,,,,noun,70,n:1,True
punchbowl,2.13,0,0,1,A large bowl used for making or serving punch (the beverage).,,,noun:1,noun,False,1,NOUN,1.0,,False,True,False,,,,,,noun,70,n:1,True
radionuclide,2.13,0,0,1,a radioactive nuclide,,,noun:1,noun,False,0,,,,False,True,False,,,,,,noun,70,n:1,True
speedball,2.13,1,1,7,A mixture of heroin and cocaine or sometimes other drugs.,,,noun:7;verb:2,noun,False,0,,,,False,True,False,,,,,,noun,70,n:2;v:2,True
taverna,2.13,0,0,1,A small Greek restaurant.,,,noun:1,noun,False,0,,,,False,True,False,,,,,,noun,70,n:1,True
terrane,2.13,0,0,1,"A block of the Earth's crust that differs from the surrounding material, and is separated from it by faults.",,,noun:1,noun,False,0,,,,False,True,False,,,,,,noun,70,n:2,True
accelerant,2.12,0,0,3,"Any substance that can bond or mix with, or disturb, another substance and cause an increase in the speed of a natural or artificial chemical process.",,,noun:3;adj:1,noun,False,0,,,,False,True,False,,,,,,noun,70,n:1,True
alginate,2.12,0,0,1,Any salt or ester of alginic acid.,,,noun:1,noun,False,0,,,,False,True,False,,,,,,noun,70,n:1,True
catfight,2.12,0,0,2,A fight between cats.,,,noun:2,noun,False,0,,,,False,True,False,,,,,,noun,70,n:1,True
documentarian,2.12,0,0,4,A person whose profession is to create documentary films.,,,noun:4,noun,False,0,,,,False,True,False,,,,,,noun,70,n:1,True
judoka,2.12,0,0,1,A practitioner of the Japanese martial art of judo.,,,noun:1,noun,False,0,,,,False,True,False,,,,,,noun,70,n:1,True
lectionary,2.12,0,0,1,A book or listing that contains a collection of scripture readings appointed for Christian or Jewish worship on a given day or occasion.,,,noun:1,noun,False,0,,,,False,True,False,,,adjective-like (morphology),,,noun,70,n:1,True
lipgloss,2.12,1,1,1,Alternative form of lip gloss.,lip gloss,spelling variant of another word (Wiktionary gloss),noun:1,noun,False,0,,,,False,False,False,,,,,,noun,70,n:1,True
optimality,2.12,1,1,1,The property of being optimal.,,,noun:1,noun,False,5,NOUN,1.0,,False,True,False,,,,,,noun,70,n:1,True
recycler,2.12,0,0,1,"A person who recycles, or a machine used to recycle.",,,noun:1,noun,False,0,,,,False,True,False,,,,,,noun,70,n:1,True
roofline,2.12,0,0,1,The profile of a roof or a series of roofs.,,,noun:1,noun,False,0,,,,False,True,False,,,,,,noun,70,n:1,True
stroganoff,2.12,1,1,2,A dish of sautéed pieces of beef served in a sauce with sour cream.,,,noun:2,noun,False,0,,,,False,True,False,,,,,,noun,70,n:2,True
aloo,2.11,0,0,1,potato,,,noun:1,noun,False,0,,,,False,True,False,,,,,,noun,70,n:1,True
handprint,2.11,0,0,1,"A visible mark left on a surface by the contact of a hand, not limited to fingerprints.",,,noun:1,noun,False,0,,,,False,True,False,,,,,,noun,70,n:1,True
interglacial,2.11,0,0,1,The relatively warm period between glacial periods.,,,adj:1;noun:1,adj,False,1,ADJ,0.0,,False,True,False,,,adjective-like (morphology),,,noun,70,n:2,True
moonraker,2.11,0,0,2,Someone from Wiltshire.,,,noun:2,noun,False,0,,,,False,True,False,,,,,,noun,70,n:1,True
paraglider,2.11,0,0,3,One who paraglides.,,,noun:3,noun,False,0,,,,False,True,False,,,,,,noun,70,n:1,True
photog,2.11,0,0,1,"A photographer, especially a professional one.",,,noun:1,noun,False,0,,,,False,True,False,,,,,,noun,70,n:1,True
puli,2.11,0,0,1,"One of a breed of Hungarian sheepdog with a distinctive thick, corded coat.",,,noun:1,noun,False,0,,,,False,True,False,,,,,,noun,70,n:1,True
ruddock,2.11,0,0,3,The European robin.,,,noun:3,noun,False,0,,,,False,True,False,,,,,,noun,70,n:1,True
sweeny,2.11,0,1,1,"An atrophy of the muscles, especially of the shoulder, in horses.",,,noun:1,noun,False,0,,,,False,True,False,,,,,,noun,70,n:2,True
balti,2.1,1,1,3,"A large iron pan having two handles, especially used in Pakistani cuisine",,,noun:3,noun,False,0,,,,False,True,False,,,,,,noun,70,n:1,True
birchwood,2.1,1,1,2,A wood largely populated with birch trees (Betula spp.).,,,noun:2,noun,False,0,,,,False,True,False,,,,,,noun,70,n:1,True
cella,2.1,0,0,1,"The central, enclosed part of an ancient temple, as distinguished from the open porticos.",,,noun:1,noun,False,0,,,,False,True,False,,,,,,noun,70,n:1,True
cyclosporine,2.1,0,1,1,Alternative form of ciclosporin.,ciclosporin,spelling variant of another word (Wiktionary gloss),noun:1,noun,False,0,,,,False,False,False,,,,,,noun,70,n:1,True
kayaker,2.1,0,0,1,One who kayaks.,,,noun:1,noun,False,0,,,,False,True,False,,,,,,noun,70,n:1,True
lehr,2.1,0,0,1,"A long oven or kiln, often having a moving belt, used for annealing glass.",,,noun:1,noun,False,0,,,,False,True,False,,,,,,noun,70,n:1,True
nonlinearity,2.1,1,1,2,The state of being nonlinear.,,,noun:2,noun,False,0,,,,False,True,False,,,,,,noun,70,n:1,True
pathogenicity,2.1,1,1,1,"The quality or state of causing, originating or producing disease.",,,noun:1,noun,False,0,,,,False,True,False,,,,,,noun,70,n:2,True
sepoy,2.1,0,0,2,"A native soldier of the East Indies, employed in the service of a European colonial power, notably the British India army (first under the British-chartered East India Company, later in the crown colo",,,noun:2,noun,False,0,,,,False,True,False,,,,,,noun,70,n:1,True
thiol,2.1,0,0,1,A univalent organic radical (-SH) containing a sulphur and a hydrogen atom; a compound containing such a radical.,,,noun:1,noun,False,0,,,,False,True,False,,,,,,noun,70,n:1,True
allee,2.09,0,0,1,"A tree-lined avenue, often particularly one that is part of a landscaped garden.",,,noun:1,noun,False,0,,,,False,True,False,,,,,,noun,70,n:1,True
bopper,2.09,0,0,3,A person who dances the bop.,,,noun:3,noun,False,0,,,,False,True,False,,,,,,noun,70,n:1,True
dihedral,2.09,0,0,3,An angle between two plane surfaces,,,adj:3;noun:3,adj,False,0,,,,False,True,False,,,adjective-like (morphology),,,noun,70,n:1,True
dogfighting,2.09,0,1,2,A blood sport in which dogs fight with one another.,,,noun:2;verb:1,noun,False,0,,,,False,True,False,,,"verb form (-ing, morphology)",,,noun,70,n:1,True
formwork,2.09,0,1,1,"A temporary mold, made from planks, into which concrete is poured.",,,noun:1,noun,False,1,NOUN,1.0,,False,True,False,,,,,,noun,70,n:2,True
klezmer,2.09,1,1,2,A Jewish folk musician.,,,noun:2,noun,False,0,,,,False,True,False,,,,,,noun,70,n:2,True
metrosexual,2.09,0,0,2,"A man — typically urban, heterosexual, and affluent — who is concerned with personal appearance, such as personal grooming, fashion, and aesthetics in general.",,,noun:2;adj:1,noun,False,0,,,,False,True,False,,,adjective-like (morphology),,,noun,70,n:1,True
polarizer,2.09,0,0,2,One who polarizes; one who divides a group or community into two extremes.,,,noun:2,noun,False,0,,,,False,True,False,,,,,,noun,70,n:1,True
scientism,2.09,1,1,3,"The belief that the scientific method and the assumptions and research methods of the physical sciences are applicable to all other disciplines (such as the humanities and social sciences), or that th",,,noun:3,noun,False,0,,,,False,True,False,,,,,,noun,70,n:2,True
toft,2.09,0,0,3,A hillock.,,,noun:3,noun,False,0,,,,False,True,False,,,,,,noun,70,n:1,True
vetiver,2.09,1,1,3,"The grass Chrysopogon zizanioides (synonym Vetiveria zizanioides), which is native to India, but planted throughout the tropics for its fragrant roots and for erosion control.",,,noun:3,noun,False,0,,,,False,True,False,,,,,,noun,70,n:2,True
wonga,2.09,0,1,1,Money.,,,noun:1,noun,False,0,,,,False,True,False,,,,,,noun,70,n:1,True
bedsheet,2.08,0,0,1,"A sheet, a piece of cloth cut and finished as bedlinen.",,,noun:1,noun,False,0,,,,False,True,False,,,,,,noun,70,n:1,True
classist,2.08,0,0,1,An advocate of classism.,,,adj:1;noun:1,adj,False,0,,,,False,True,False,,,,,,noun,70,n:2,True
cornetto,2.08,0,0,2,"A trumpet-like wind instrument used in European music of the medieval, Renaissance, and Baroque periods.",,,noun:2,noun,False,0,,,,False,True,False,,,,,,noun,70,n:1,True
flashmob,2.08,0,0,1,Alternative spelling of flash mob.,flash mob,spelling variant of another word (Wiktionary gloss),noun:1,noun,False,0,,,,False,False,False,,,,,,noun,70,n:1,True
kantar,2.08,0,0,1,"A unit of weight used in Eastern Mediterranean countries, varying from place to place (44.93 kg in Egypt).",,,noun:1,noun,False,0,,,,False,True,False,,,,,,noun,70,n:1,True
malm,2.08,1,1,2,"A soft, crumbly, chalky, grayish limestone.",,,noun:2,noun,False,0,,,,False,True,False,,,,,,noun,70,n:1,True
megafauna,2.08,0,0,2,"The large animals of a given region or time, considered as a group.",,,noun:2,noun,False,0,,,,False,True,False,,,,,,noun,70,n:2,True
satcom,2.08,0,1,1,Alternative form of satcoms (“satellite communications”).,satcoms,spelling variant of another word (Wiktionary gloss),noun:1,noun,False,0,,,,False,False,False,,,,,,noun,70,n:1,True
taluka,2.08,0,0,1,Alternative form of taluk.,taluk,spelling variant of another word (Wiktionary gloss),noun:1,noun,False,0,,,,False,False,False,,,,,,noun,70,n:1,True
tosa,2.08,0,0,1,A Japanese breed of fighting dog,,,noun:1,noun,False,0,,,,False,True,False,,,,,,noun,70,n:1,True
vermeil,2.08,0,0,3,Vermilion; bright red.,,,noun:3;adj:2,noun,False,1,OTHER,0.0,,False,True,False,,,,,,noun,70,n:1;v:1;m:1,True
archrival,2.07,0,0,1,A chief rival.,,,noun:1,noun,False,2,NOUN,0.5,,False,True,False,,,adjective-like (morphology),,,noun,70,n:1,True
arris,2.07,0,0,4,A sharp edge or ridge formed by the intersection of two surfaces,aris,,noun:4,noun,False,0,,,,False,True,False,,,,,,noun,70,n:1,True
biodegradation,2.07,1,1,1,The decomposition of any material by microorganisms.,,,noun:1,noun,False,0,,,,False,True,False,,,,,,noun,70,n:2,True
bipod,2.07,0,0,1,A two-legged stand or organism.,,,noun:1,noun,False,0,,,,False,True,False,,,,,,noun,70,n:1,True
braai,2.07,1,1,3,"A barbecue (grill), especially an open outdoor grill built specifically for the purpose of braaing.",,,noun:3;verb:1,noun,False,0,,,,False,True,False,,,,,,noun,70,n:1,True
bytecode,2.07,1,1,1,P-code (various forms of instruction sets designed for efficient execution by a software interpreter as well as being suitable for further compilation into machine code).,,,noun:1,noun,False,0,,,,False,True,False,,,,,,noun,70,n:1,True
clubman,2.07,0,0,2,A man who attends a social club.,,,noun:2,noun,False,0,,,,False,True,False,,,,,,noun,70,n:1,True
focaccia,2.07,1,1,2,"A flatbread similar in style, composition, and texture to modern pizza doughs and topped with herbs, cheese and other products. Focaccia typically consists of high-gluten flour, oil, water, sugar, sal",,,noun:2,noun,False,0,,,,False,True,False,,,,,,noun,70,n:1,True
heartworm,2.07,1,1,2,"A parasitic organism that afflicts dogs, of species Dirofilaria immitis of roundworms.",,,noun:2,noun,False,0,,,,False,True,False,,,,,,noun,70,n:2,True
hotfix,2.07,0,0,1,A cumulative package of one or more files used to address a problem in a software product.,,,noun:1,noun,False,0,,,,False,True,False,,,,,,noun,70,n:1,True
kaizen,2.07,1,1,2,A Japanese business practice of continuous improvement in performance and productivity.,,,noun:2;verb:1,noun,False,0,,,,False,True,False,,,,,,noun,70,n:1,True
kobold,2.07,0,0,3,"An ambivalent, sometimes vindictive, spirit that is capable of materialising as an object or human, often a child; a sprite.",,,noun:3,noun,False,0,,,,False,True,False,,,,,,noun,70,n:1,True
malthouse,2.07,0,0,1,A plant where malt is produced.,,,noun:1,noun,False,0,,,,False,True,False,,,,,,noun,70,n:1,True
mirador,2.07,0,0,1,A tower that offers a panoramic view.,,,noun:1,noun,False,0,,,,False,True,False,,,,,,noun,70,n:1,True
overman,2.07,0,0,2,"A person who supervises others; a supervisor, especially in a mine.",,,noun:2;verb:1,noun,False,0,,,,False,True,False,,,,,,noun,70,n:1,True
pash,2.07,0,0,7,A passionate kiss.,,,noun:7;verb:4,noun,False,0,,,,False,True,False,,,,,,noun,70,v:2;n:1,True
pullup,2.07,0,0,2,"An exercise done for strengthening the arms and upper body, in which one lifts one's own weight while hanging from a bar.",,,noun:2,noun,False,0,,,,False,True,False,,,,,,noun,70,n:1,True
rocketeer,2.07,0,0,1,"Somebody who designs, launches, operates, or travels in a rocket.",,,noun:1,noun,False,0,,,,False,True,False,,,,,,noun,70,n:1,True
sorbitol,2.07,1,1,1,"A faintly sweet alcohol C₆H₁₄O₆ that occurs in some fruits, is made synthetically, and is used especially as a humectant and softener and in making ascorbic acid.",,,noun:1,noun,False,0,,,,False,True,False,,,,,,noun,70,n:2,True
strummer,2.07,0,0,1,One who strums a stringed musical instrument.,,,noun:1,noun,False,0,,,,False,True,False,,,,,,noun,70,n:1,True
zaibatsu,2.07,0,0,2,"A large business conglomerate founded under the Empire of Japan, generally controlled by a single family or individual.",,,noun:2,noun,False,0,,,,False,True,False,,,,,,noun,70,n:1,True
backswing,2.06,0,0,1,"The preparatory stroke preceding that which produces contact with the target. Normally associated with sports using an implement such as a bat, club, racket or stick.",,,noun:1;verb:1,noun,False,0,,,,False,True,False,,,"verb form (-ing, morphology)",,,noun,70,n:2,True
battlecruiser,2.06,0,0,3,"A fast warship with thicker armor and heavier guns than a typical cruiser, but with armor, armament, or both still inferior to that of a dreadnought battleship; designed to act as an advanced scout of",,,noun:3,noun,False,0,,,,False,True,False,,,,,,noun,70,n:1,True
bothy,2.06,0,0,3,"A small cottage or hut; specifically (Scotland), one often left unlocked for communal use in a remote, often mountainous, area by hikers, labourers, etc.",,,noun:3,noun,False,0,,,,False,True,False,,,,,,noun,70,n:1,True
ductwork,2.06,1,1,1,The system of ducts in a particular building.,,,noun:1,noun,False,1,NOUN,1.0,,False,True,False,,,,,,noun,70,n:2,True
formate,2.06,0,0,1,Any salt or ester of formic acid.,,,noun:1;verb:1,noun,False,0,,,,False,True,False,,,,,,noun,70,n:1,True
giftedness,2.06,1,1,1,The property of being gifted.,,,noun:1,noun,False,0,,,,False,True,False,,,,,,noun,70,n:2,True
gluconeogenesis,2.06,0,1,1,"The metabolic process in which glucose is formed, mostly in the liver, from non-carbohydrate precursors",,,noun:1,noun,False,0,,,,False,True,False,,,,,,noun,70,n:2,True
isolator,2.06,0,0,3,An electrical device that detects short circuits and isolates them.,,,noun:3,noun,False,0,,,,False,True,False,,,,,,noun,70,n:1,True
knotweed,2.06,0,0,1,"Any of several plants of the genus Polygonum, with jointed stems and inconspicuous flowers",,,noun:1,noun,False,0,,,,False,True,False,,,"verb form (-ed, morphology)",,,noun,70,n:1,True
pinta,2.06,0,1,3,A pint of milk.,,,noun:3,noun,False,0,,,,False,True,False,,,,,,noun,70,n:1,True
preproduction,2.06,0,1,2,"All the preliminary arrangements that are made before the start of a project, especially before the filming of a movie.",,,noun:2,noun,False,0,,,,False,True,False,,,,,,noun,70,n:1,True
rollerball,2.06,0,0,2,A kind of ballpoint pen with a spherical nib that uses water-based liquid or gelled ink.,,,noun:2,noun,False,0,,,,False,True,False,,,,,,noun,70,n:1,True
satnav,2.06,1,1,3,A satellite navigation system.,,,noun:3,noun,False,0,,,,False,True,False,,,,,,noun,70,n:2,True
shorthair,2.06,0,0,1,"Any of several breeds of domestic cat with relatively short hair, a slender body and a large head.",,,noun:1,noun,False,0,,,,False,True,False,,,,,,noun,70,n:1,True
tolerability,2.06,1,1,1,The quality or state of being tolerable.,,,noun:1,noun,False,0,,,,False,True,False,,,,,,noun,70,n:2,True
vorticity,2.06,1,1,1,A property of a fluid flow related to local angular rotation; defined as the curl of the flow's velocity field.,,,noun:1,noun,False,0,,,,False,True,False,,,,,,noun,70,n:2,True
backplane,2.05,0,0,1,"A circuit board that connects several connectors in parallel to each other, so that each pin of each connector is linked to the same relative pin of all the other connectors, forming a computer bus.",,,noun:1,noun,False,0,,,,False,True,False,,,,,,noun,70,n:1,True
bateau,2.05,0,0,1,"A small, flat-bottomed type of boat.",,,noun:1,noun,False,2,NOUN,1.0,,False,True,False,,,,,,noun,70,n:1,True
bice,2.05,1,1,2,"A pale blue pigment, prepared from the native blue carbonate of copper, or from smalt.",,,noun:2,noun,False,0,,,,False,True,False,,,,,,noun,70,n:2,True
bort,2.05,1,1,1,"The shards or fragments removed from diamonds during cutting, used for industrial purposes such as abrasives in cutting, drilling or grinding tools; a poorly crystallized diamond.",,,noun:1,noun,False,0,,,,False,True,False,,,,,,noun,70,n:1,True
coprocessor,2.05,0,0,1,"An additional microprocessor used to supplement the functionality of the central processing unit, performing tasks such as floating-point arithmetic (floating-point unit) or graphics calculations (gra",,,noun:1,noun,False,0,,,,False,True,False,,,,,,noun,70,n:1,True
delamination,2.05,1,1,2,"The separation of the layers of a laminar composite material as a result of repeated stress, or failure of the adhesive",,,noun:2,noun,False,0,,,,False,True,False,,,,,,noun,70,n:2,True
elderflower,2.05,0,0,1,"The blossom of the elderberry, often specifically the European species Sambucus nigra",,,noun:1,noun,False,0,,,,False,True,False,,,,,,noun,70,n:1,True
groundout,2.05,0,0,1,Alternative form of ground out.,ground out,spelling variant of another word (Wiktionary gloss),noun:1,noun,False,0,,,,False,False,False,,,,,,noun,70,n:1,True
piscina,2.05,0,0,2,A drained basin near a church's altar for the disposal of water from liturgical ablutions.,,,noun:2,noun,False,0,,,,False,True,False,,,,,,noun,70,n:1,True
signee,2.05,0,0,1,"One who is signed (signed up, enlisted) by someone else; thus, one who signs a contract, especially in athletic contexts.",,,noun:1,noun,False,0,,,,False,True,False,,,,,,noun,70,n:1,True
stereochemistry,2.05,1,1,2,"the branch of chemistry that involves the spatial arrangement of the atoms of molecules, and studies how this affects the physical and chemical properties of such species",,,noun:2,noun,False,0,,,,False,True,False,,,,,,noun,70,n:2,True
alkylation,2.04,0,0,1,Any reaction in which an alkyl group is added to a molecule; used in the production of high-octane petroleum fuels.,,,noun:1,noun,False,0,,,,False,True,False,,,,,,noun,70,n:1,True
carryout,2.04,1,1,2,Food that is intended to be eaten off the premises from which it is bought.,,,noun:2,noun,False,0,,,,False,True,False,,,,,,noun,70,aj:1;n:1,True
castellan,2.04,0,0,2,A feudal lord with a fortified manor.,,,noun:2,noun,False,0,,,,False,True,False,,,,,,noun,70,n:1,True
estancia,2.04,0,0,1,A large rural estate in Latin America; a kind of ranch.,,,noun:1,noun,False,0,,,,False,True,False,,,,,,noun,70,n:1,True
firestarter,2.04,0,0,2,Someone who starts a fire or fires.,,,noun:2,noun,False,0,,,,False,True,False,,,,,,noun,70,n:1,True
hade,2.04,0,0,3,"State; order, estate, rank, degree, or quality.",,,noun:3;verb:1,noun,False,0,,,,False,True,False,,,,,,noun,70,n:2;v:1,True
hance,2.04,0,0,2,"A curve or arc, especially in architecture or in the design of a ship.",,,noun:2;verb:1,noun,False,0,,,,False,True,False,,,,,,noun,70,n:1,True
kluge,2.04,0,0,2,"Something that should not work, but does.",,,noun:2;verb:1,noun,False,0,,,,False,True,False,,,,,,noun,70,n:1,True
lactam,2.04,0,0,1,"Any of a class of cyclic amides that are the nitrogen analogs of lactones, formed by heating amino acids; the tautomeric enol forms are known as lactims.",,,noun:1,noun,False,0,,,,False,True,False,,,,,,noun,70,n:1,True
microblogging,2.04,0,1,1,The writing or publishing of a microblog.,,,noun:1;verb:1,noun,False,1,VERB,0.0,,False,True,False,,,"verb form (-ing, morphology)",,,noun,70,n:1,True
monadnock,2.04,0,0,1,A hill or mountain standing isolated above a predominantly flat plain.,,,noun:1,noun,False,0,,,,False,True,False,,,,,,noun,70,n:1,True
osteogenesis,2.04,1,1,1,The formation and development of bone.,,,noun:1,noun,False,0,,,,False,True,False,,,,,,noun,70,n:2,True
petersham,2.04,1,1,3,"A style of heavy overcoat, originally one with a short cloak on the shoulder; also, a style of frock coat with slanted pockets and velvet trimmings.",,,noun:3,noun,False,0,,,,False,True,False,,,,,,noun,70,n:1,True
powerlifter,2.04,0,0,1,One who performs powerlifting.,,,noun:1,noun,False,0,,,,False,True,False,,,,,,noun,70,n:1,True
saker,2.04,0,0,2,A falcon (Falco cherrug) native of Southern Europe and Asia.,,,noun:2,noun,False,0,,,,False,True,False,,,,,,noun,70,n:1,True
viridian,2.04,1,1,2,A bluish-green pigment made from chromium sesquioxide.,,,noun:2;adj:1,noun,False,0,,,,False,True,False,,,,,,noun,70,n:2,True
wideout,2.04,0,0,1,A wide receiver.,,,noun:1,noun,False,0,,,,False,True,False,,,,,,noun,70,n:1,True
antisemite,2.03,0,0,1,Alternative form of anti-Semite.,anti-Semite,spelling variant of another word (Wiktionary gloss),noun:1,noun,False,0,,,,False,False,False,,,,,,noun,70,n:1,True
bencher,2.03,0,0,5,A senior member of a law society in a Canadian province (except New Brunswick).,,,noun:5,noun,False,0,,,,False,True,False,,,,,,noun,70,n:1,True
bushcraft,2.03,1,1,1,"The skills needed to survive in the bush, and by extension in any natural environment.",,,noun:1,noun,False,0,,,,False,True,False,,,,,,noun,70,n:1,True
communitarian,2.03,0,0,2,An adherent of communitarianism.,,,adj:2;noun:2,adj,False,0,,,,False,True,False,,,,,,noun,70,n:1,True
essentialist,2.03,0,0,1,An advocate of essentialism.,,,adj:1;noun:1,adj,False,0,,,,False,True,False,,,,,,noun,70,n:1,True
fennec,2.03,0,0,1,"A small fox of the species Vulpes zerda, found in the Sahara (excluding the coast) and having distinctive oversized ears.",,,noun:1,noun,False,0,,,,False,True,False,,,,,,noun,70,n:1,True
frater,2.03,0,0,3,A monk.,,,noun:3,noun,False,0,,,,False,True,False,,,,,,noun,70,n:1,True
landform,2.03,0,0,1,"Any geological feature, such as a mountain or valley.",,,noun:1,noun,False,0,,,,False,True,False,,,,,,noun,70,n:1,True
lapa,2.03,0,0,2,"An open structure in South Africa, typically a thatched roof supported by wooden poles.",,,noun:2,noun,False,0,,,,False,True,False,,,,,,noun,70,n:1,True
misidentification,2.03,1,1,1,An instance of misidentifying; an erroneous identification.,,,noun:1,noun,False,0,,,,False,True,False,,,,,,noun,70,n:1,True
preventer,2.03,0,0,3,"One who, or that which, prevents.",,,noun:3,noun,False,0,,,,False,True,False,,,,,,noun,70,n:1,True
redfin,2.03,0,0,3,"A common shiner, a small North American dace of species Luxilus cornutus.",,,noun:3,noun,False,0,,,,False,True,False,,,,,,noun,70,n:1,True
tache,2.03,0,0,3,"Moustache, mustache.",,,noun:3,noun,False,4,PROPN,0.0,,False,True,False,,,,,,noun,70,n:1,True
wakeboarding,2.03,0,1,1,"A water sport where a rider on a small board is towed by a motor boat, attached by a cable.",,,noun:1,noun,False,0,,,,False,True,False,,,"verb form (-ing, morphology)",,,noun,70,n:1,True
wantage,2.03,0,1,1,want; lack; deficiency,,,noun:1,noun,False,0,,,,False,True,False,,,,,,noun,70,n:2,True
antiterrorism,2.02,0,1,1,Activity aiming at opposing or preventing terrorism.,,,noun:1,noun,False,1,NOUN,1.0,,False,True,False,,,,,,noun,70,n:1,True
broch,2.02,0,0,1,"A type of Iron Age stone tower with hollow double-layered walls found on Orkney, Shetland, in the Hebrides and parts of the Scottish mainland.",,,noun:1,noun,False,0,,,,False,True,False,,,,,,noun,70,n:2,True
evapotranspiration,2.02,1,1,1,"The transfer of water from the surface of the earth to the atmosphere by evaporation, sublimation and transpiration.",,,noun:1,noun,False,0,,,,False,True,False,,,,,,noun,70,n:2,True
mediumship,2.02,1,1,1,The state of being a medium (psychic conduit); purported ability to mediate communication between spirits of the dead and living human beings.,,,noun:1,noun,False,1,NOUN,1.0,,False,True,False,,,,,,noun,70,n:1,True
multilateralism,2.02,1,1,2,"Unbiased trade between nations, in contrast to bilateralism.",,,noun:2,noun,False,0,,,,False,True,False,,,,,,noun,70,n:2,True
paan,2.02,1,1,1,"A psychoactive preparation of betel leaf combined with areca nut and/or cured tobacco, chewed recreationally in Asia; such a preparation served wrapped in the leaf.",,,noun:1,noun,False,0,,,,False,True,False,,,,,,noun,70,n:1,True
phenology,2.02,0,1,1,The study of the effect of climate on periodic biological phenomena.,,,noun:1,noun,False,1,NOUN,1.0,,False,True,False,,,,,,noun,70,n:2,True
pneuma,2.02,0,0,3,A neume.,,,noun:3,noun,False,0,,,,False,True,False,,,,,,noun,70,n:1,True
prescriber,2.02,0,0,2,"A person who prescribes medication (usually a physician, physician assistant, or nurse practitioner).",,,noun:2,noun,False,0,,,,False,True,False,,,,,,noun,70,n:1,True
pube,2.02,0,0,1,A single pubic hair.,,,noun:1,noun,False,0,,,,False,True,False,,,,,,noun,70,n:1,True
raki,2.02,1,1,1,A Turkish liqueur flavored with anise.,,,noun:1,noun,False,0,,,,False,True,False,,,,,,noun,70,n:1,True
backhouse,2.01,0,0,2,"An outbuilding behind the main building, or an annex attached to the rear of it; especially, a scullery or washhouse.",,,noun:2,noun,False,0,,,,False,True,False,,,,,,noun,70,n:1,True
bandh,2.01,0,0,1,"A general strike, shutdown, or other form of protest used in South Asia in which a substantial portion of the population stays home and does not report to work.",,,noun:1,noun,False,0,,,,False,True,False,,,,,,noun,70,n:1,True
bookselling,2.01,0,1,1,The sale of books.,,,noun:1,noun,False,0,,,,False,True,False,,,"verb form (-ing, morphology)",,,noun,70,n:2,True
habilitation,2.01,1,1,4,Equipment; qualification.,,,noun:4,noun,False,0,,,,False,True,False,,,,,,noun,70,n:1,True
infringer,2.01,0,0,1,One who infringes.,,,noun:1,noun,False,0,,,,False,True,False,,,,,,noun,70,n:1,True
kitesurfing,2.01,0,1,1,"A type of kiteboarding that happens in the water, where the rider is on a surfboard and is propelled by a power kite.",,,noun:1;verb:1,noun,False,0,,,,False,True,False,,,"verb form (-ing, morphology)",,,noun,70,n:1,True
luciferase,2.01,0,0,1,Any one of a group of enzymes that produce bioluminescence by oxidizing luciferin.,,,noun:1,noun,False,0,,,,False,True,False,,,,,,noun,70,n:2,True
olio,2.01,1,1,4,"A rich, thick, Spanish stew consisting of meat and vegetables.",,,noun:4,noun,False,0,,,,False,True,False,,,,,,noun,70,n:1,True
periodization,2.01,1,1,3,The process of categorizing something (e.g. history) into named periods.,,,noun:3,noun,False,0,,,,False,True,False,,,,,,noun,70,n:1,True
rencontre,2.01,0,0,1,A chance or unexpected meeting or encounter.,,,noun:1;verb:1,noun,False,0,,,,False,True,False,,,,,,noun,70,n:2;v:1,False
samp,2.01,1,1,1,"An article of food consisting of coarse ground maize, or a porridge made from it.",,,noun:1,noun,False,0,,,,False,True,False,,,,,,noun,70,n:1,True
subdistrict,2.01,0,0,1,A district forming part of a larger district.,,,noun:1;verb:1,noun,False,0,,,,False,True,False,,,,,,noun,70,n:1,True
supercenter,2.01,0,0,1,"A big box, especially one that is even larger than normal.",,,noun:1,noun,False,0,,,,False,True,False,,,,,,noun,70,n:1,True
updo,2.01,0,0,1,A woman's hairdo in which most hair is kept above the neck.,,,noun:1,noun,False,2,NOUN,1.0,,False,True,False,,,,,,noun,70,n:1,True
vier,2.01,0,0,1,One who vies for something.,,,noun:1,noun,False,0,,,,False,True,False,,,,,,noun,70,n:1,True
blading,2.0,0,1,1,rollerblading (sport),,,verb:2;noun:1,verb,False,0,,,,False,True,False,,,"verb form (-ing, morphology)",,,noun,70,n:1,True
canner,2.0,0,0,4,Someone or something which cans.,,,noun:4,noun,False,0,,,,False,True,False,,,,,,noun,70,n:1,True
coble,2.0,0,0,1,"A small flat-bottomed fishing boat suitable for launching from a beach, found on the north-east coast of England and in Scotland.",,,noun:1,noun,False,1,PROPN,0.0,,False,True,False,,,,,,noun,70,n:1,True
cryptosporidium,2.0,0,0,1,"Any protozoan of the genus Cryptosporidium, intestinal parasites of humans and other vertebrates that can cause diarrhea and other symptoms in cases of low immunity.",,,noun:1,noun,False,0,,,,False,True,False,,,,,,noun,70,n:1,True
driveline,2.0,0,0,2,The drivetrain minus the engine and transmission,,,noun:2,noun,False,0,,,,False,True,False,,,,,,noun,70,n:1,True
gasper,2.0,0,0,5,A person or animal that gasps.,,,noun:5,noun,False,0,,,,False,True,False,,,,,,noun,70,n:1,True
hydroquinone,2.0,1,1,1,"The diphenol para-dihydroxy benzene, used as a mild reducing agent in photographic developing; isomeric with catechol and resorcinol.",,,noun:1,noun,False,0,,,,False,True,False,,,,,,noun,70,n:2,True
kist,2.0,0,0,4,A chest.,cist,,noun:4;verb:2,noun,False,0,,,,False,True,False,,,,,,noun,70,n:1,True
labradorite,2.0,0,1,1,"A plagioclase feldspar mineral, calcium sodium aluminum silicate, often very coarsely crystalline, used as a decorative stone for carvings and building façades.",,,noun:1,noun,False,0,,,,False,True,False,,,,,,noun,70,n:2,True
mouthguard,2.0,0,0,1,A device that fits into the mouth over one or both arches of the teeth and usually made of plastic. Such devices may protect against injury during sport or fighting or may serve a medical purpose.,,,noun:1,noun,False,0,,,,False,True,False,,,,,,noun,70,n:1,True
operability,2.0,0,1,1,The extent to which a system or device is operable.,,,noun:1,noun,False,0,,,,False,True,False,,,,,,noun,70,n:2,True
pashmina,2.0,1,1,3,A Cashmere; a goat native to Kashmir.,,,noun:3,noun,False,0,,,,False,True,False,,,,,,noun,70,n:2,True
postproduction,2.0,0,1,1,Alternative spelling of post-production.,post-production,spelling variant of another word (Wiktionary gloss),noun:1,noun,False,0,,,,False,False,False,,,,,,noun,70,n:1,True
reaver,2.0,0,0,1,"One who reaves; a plunderer, marauder, or pillager.",,,noun:1,noun,False,0,,,,False,True,False,,,,,,noun,70,n:1,True
situs,2.0,0,0,4,"The position, especially the usual, normal position, of a body part or part of a plant.",,,noun:4,noun,False,5,NOUN,1.0,,False,True,False,,,,,,noun,70,n:2,True
superfluid,2.0,0,0,1,"A substance, such as liquid helium, that exhibits superfluidity.",,,adj:1;noun:1,adj,False,0,,,,False,True,False,,,,,,noun,70,n:2,True
trampolining,2.0,0,1,1,A competitive sport performed on the trampoline.,,,noun:1;verb:1,noun,False,0,,,,False,True,False,,,"verb form (-ing, morphology)",,,noun,70,n:1,True
vindaloo,2.0,1,1,2,"A blend of chilis, tamarind, ginger, cumin, and mustard seeds, originally from Goa.",,,noun:2,noun,False,0,,,,False,True,False,,,,,,noun,70,n:1,True
workability,2.0,1,1,2,The ease with which something can be worked or fashioned.,,,noun:2,noun,False,1,NOUN,1.0,,False,True,False,,,,,,noun,70,n:2,True
