word,zipf,countable,uncountable,n_senses,first_gloss,variant_of,flag_reason,wikt_pos_list,wikt_dominant_pos,wikt_abbrev,corpus_n,corpus_dominant,corpus_noun_share,corpus_tag,corpus_name,likely_noun,name_suspect,pos_tags,lemma,pos_overlap,plural_of,verdict,scowl_verdict,scowl_size,scowl_pos,scowl_american_standard
rex,3.89,0,0,2,"A king, particularly in ancient Rome.",,,noun:2;verb:1,noun,False,26,PROPN,0.346,,False,True,False,NOUN,,,,,absent,,,
paco,2.99,1,1,2,An alpaca.,,,noun:2,noun,False,0,,,,False,True,False,,,,,,absent,,,
freer,2.99,0,0,1,One who frees.,,,adj:1;noun:1,adj,False,9,ADJ,0.0,usually adjective (corpus),False,True,False,,,,,,absent,,,
dougie,2.99,0,0,1,A hip-hop dance generally performed by moving one's body in a shimmy style and passing a hand through or near the hair on one's own head.,,,noun:1;verb:1,noun,False,0,,,,False,True,False,,,,,,absent,,,
waterhouse,2.99,0,0,1,A house on floats.,,,noun:1,noun,False,0,,,,False,True,False,,,,,,absent,,,
atta,2.99,1,1,1,A type of wholegrain flour from the Indian subcontinent.,,,contraction:1;noun:1,contraction,True,9,PROPN,0.0,,False,True,False,,,,,,absent,,,
fic,2.99,1,0,1,A fictional story set within a preexisting fandom; a fanfic.,,,noun:1,noun,False,0,,,,False,True,False,,,,,,absent,,,
garnett,2.99,0,0,1,A machine that reduces textile fibre waste to a fibrous state in preparation for carding,,,noun:1;verb:1,noun,False,2,PROPN,0.0,,False,True,False,,,,,,absent,,,
tait,2.99,0,0,1,The honey possum (Tarsipes rostratus).,,,noun:1,noun,False,0,,,,False,True,False,,,,,,absent,,,
ged,2.99,0,0,2,The pike or luce.,,,noun:2,noun,False,3,PROPN,0.0,,False,True,False,,,,,,absent,,,
sil,2.99,0,1,1,A yellowish pigment used by painters in ancient times.,,,noun:1,noun,False,0,,,,False,True,False,,,,,,absent,,,
hoon,2.99,0,0,6,A worthless person; a hooligan or lout.,,,noun:6;verb:2,noun,False,0,,,,False,True,False,,,,,,absent,,,
beal,2.99,0,0,1,A small inflammatory tumor; pustule.,,,verb:2;noun:1,verb,False,0,,,,False,True,False,,,,,,absent,,,
bibi,2.99,0,0,2,A grandmother.,,,noun:2,noun,False,0,,,,False,True,False,,,,,,absent,,,
convo,2.99,0,0,1,A conversation.,,,noun:1;verb:1,noun,False,3,NOUN,1.0,,False,True,False,,,,,,absent,,,
atari,2.98,0,0,1,A move that threatens the immediate capture of one or more stones.,,,noun:1,noun,False,0,,,,False,True,False,,,,,,absent,,,
petri,2.98,0,0,1,Ellipsis of petri dish.,petri dish,,noun:1,noun,True,2,PROPN,0.0,,False,True,False,,,,,,absent,,,
lutz,2.98,0,0,2,"A jump in which the skater takes off from the back outside edge of one skate, rotates counterclockwise and lands on the back outside edge of the other skate.",,,noun:2,noun,False,0,,,,False,True,False,,,,,,absent,,,
saas,2.98,0,0,1,"A mother-in-law, especially the mother of the groom, who lives with the married couple.",,,noun:1,noun,False,0,,,,False,True,False,,,,,,absent,,,
dosing,2.97,0,0,1,The administration of a dose,,,noun:1;verb:1,noun,False,0,,,,False,True,False,NOUN;VERB,,"noun, also verb",,,absent,,,
arg,2.97,0,1,2,An argument; a value passed as a parameter.,arg.,,noun:2;intj:1,noun,False,0,,,,False,True,False,,,,,,absent,,,
mex,2.97,0,0,1,The mex of a subset of a well-ordered set is the smallest value from the whole set that does not belong to the subset.,,,noun:1,noun,False,0,,,,False,True,False,,,,,,absent,,,
collab,2.97,0,0,1,"A collaboration, especially a work produced by several musicians who do not usually work together.",,,noun:1;verb:1,noun,False,0,,,,False,True,False,,,,,,absent,,,
naga,2.97,0,0,3,A loincloth.,,,noun:3,noun,False,0,,,,False,True,False,,,,,,absent,,,
drury,2.97,0,0,4,"Love, especially sexual love; courtship, sex.",,,noun:4,noun,False,3,PROPN,0.0,,False,True,False,,,,,,absent,,,
ug,2.97,1,1,6,"A feeling of fear, horror or disgust.",,,noun:6;verb:4;adj:1,noun,False,2,PROPN,0.0,,False,True,False,,,,,,absent,,,
deen,2.97,0,1,1,religion; religiosity; the way of life of a pious Muslim,,,noun:1,noun,False,0,,,,False,True,False,,,,,,absent,,,
sith,2.97,0,0,3,"A journey, way.",,,noun:3;conj:1,noun,False,0,,,,False,True,False,,,,,,absent,,,
crewe,2.96,0,0,1,"A group of people, especially in Louisiana, who support a Mardi Gras float in parades, as well as other charity work.",,,noun:1,noun,False,0,,,,False,True,False,,,,,,absent,,,
gabi,2.96,0,0,3,"Colocasia esculenta, raised as a food primarily for its corm, which distantly resembles potato.",,,noun:3,noun,False,0,,,,False,True,False,,,,,,absent,,,
bertram,2.96,0,0,1,A flowering plant of species Anacyclus pyrethrum.,,,noun:1,noun,False,0,,,,False,True,False,,,,,,absent,,,
soe,2.96,0,0,1,"a large wooden vessel for carrying water, especially one to be carried on a pole between two people.",,,conj:1;noun:1,conj,False,1,ADV,0.0,,False,True,False,,,,,,absent,,,
herzog,2.96,0,0,1,A German duke.,,,noun:1,noun,False,1,PROPN,0.0,,False,True,False,,,,,,absent,,,
ight,2.96,0,1,1,possession,,,contraction:1;noun:1,contraction,True,0,,,,False,True,False,,,,,,absent,,,
fleur,2.96,0,0,1,fleur-de-lis,,,noun:1,noun,False,0,,,,False,True,False,,,,,,absent,,,
nai,2.96,0,0,2,barber.,,,noun:2,noun,False,0,,,,False,True,False,,,,,,absent,,,
kaya,2.96,0,1,3,"Torreya nucifera, the Japanese nutmeg tree.",,,noun:3,noun,False,0,,,,False,True,False,,,,,,absent,,,
ayn,2.96,0,0,2,"Synonym of ayin, the various letters representing the consonant /ʕ/ in Semitic languages.",,,noun:2,noun,False,0,,,,False,True,False,,,,,,absent,,,
cee,2.96,0,0,2,The name of the Latin script letter C/c.,,,noun:2,noun,False,0,,,,False,True,False,,,,,,absent,,,
commenter,2.96,0,0,1,One who comments.,,,noun:1,noun,False,0,,,,False,True,False,,,,,,absent,,,
cleary,2.95,0,0,1,"A clear marble (sphere used in games), usually colored, but without decoration or design.",,,noun:1,noun,False,1,PROPN,0.0,,False,True,False,,,adjective-like (morphology),,,absent,,,
deo,2.95,1,1,1,deodorant,,,noun:1,noun,False,0,,,,False,True,False,,,,,,absent,,,
croc,2.95,0,0,2,A crocodile.,,,noun:2,noun,False,1,PROPN,0.0,,False,True,False,,,,,,absent,,,
forma,2.95,0,0,1,Synonym of form (“the component of a thing that determines its kind”).,,,noun:1,noun,False,3,NOUN,0.667,,False,True,False,,,,,,absent,,,
oe,2.95,0,0,2,A small island.,,,noun:2,noun,False,0,,,,False,True,False,,,,,,absent,,,
mongering,2.95,0,1,2,"Trading or peddling (typically, of a specified commodity).",,,noun:2;verb:1,noun,False,0,,,,False,True,False,NOUN,,,,,absent,,,
boyer,2.95,0,0,1,A Flemish sloop with a castle at each end.,,,noun:1,noun,False,3,PROPN,0.0,,False,True,False,,,,,,absent,,,
jiu,2.95,0,1,1,Any Chinese alcoholic beverage,,,noun:1,noun,False,2,NOUN,1.0,,False,True,False,,,,,,absent,,,
lightsaber,2.95,0,0,2,A sword having a blade made of a powerful beam of light or energy.,,,noun:2,noun,False,0,,,,False,True,False,,,,,,absent,,,
dhoni,2.95,0,0,1,"A handcrafted sailboat with a motor or lateen sails, resembling a dhow, that is used in the Maldives.",,,noun:1,noun,False,0,,,,False,True,False,,,,,,absent,,,
juve,2.94,0,0,1,A child actor.,,,noun:1,noun,False,0,,,,False,True,False,,,,,,absent,,,
katniss,2.94,0,1,1,"Sagittaria spp., herbaceous perennial flowering plants that grow in water.",,,noun:1,noun,False,0,,,,False,True,False,,,,,,absent,,,
zayn,2.94,0,0,1,The letter ز in the Arabic script.,,,noun:1,noun,False,0,,,,False,True,False,,,,,,absent,,,
deepwater,2.94,0,1,1,Brine collected in a seafloor depression (brine pool).,,,adj:1;noun:1,adj,False,0,,,,False,True,False,,,,,,absent,,,
petro,2.94,0,0,1,"A Venezuelan cryptocurrency launched in 2018, supposed to be backed by the country's oil and mineral reserves. Symbol: ₽.",,,noun:1,noun,False,2,PROPN,0.0,,False,True,False,,,,,,absent,,,
chopin,2.94,0,0,1,A liquid unit of measure of almost half a pint.,,,noun:1,noun,False,2,PROPN,0.0,,False,True,False,,,,,,absent,,,
tilly,2.94,0,0,2,An extra product given to a customer at no additional charge; a lagniappe.,,,noun:2;adj:1,noun,False,2,PROPN,0.0,,False,True,False,,,,,,absent,,,
gove,2.94,0,0,1,A mow; a rick for hay.,,,noun:1;verb:1,noun,False,0,,,,False,True,False,,,,,,absent,,,
bevan,2.94,0,0,1,a bogan,,,noun:1,noun,False,0,,,,False,True,False,,,,,,absent,,,
saad,2.94,0,0,1,The letter ص in the Arabic script.,,,noun:1,noun,False,2,PROPN,0.0,,False,True,False,,,,,,absent,,,
sed,2.94,0,0,1,A line fastening a fish-hook.,,,verb:2;name:1;noun:1,verb,False,6,VERB,0.0,usually verb (corpus),False,True,False,,,,,,absent,,,
butthole,2.94,0,0,3,The anus.,,,noun:3,noun,False,0,,,,False,True,False,,,,,,absent,,,
nao,2.93,0,0,1,A Spanish or Portuguese carrack.,,,adj:1;adv:1;noun:1,adj,False,0,,,,False,True,False,,,,,,absent,,,
photoshoot,2.93,0,0,1,A session in which a photographer takes a number of photographs of a person or group of people.,,,noun:1,noun,False,0,,,,False,True,False,,,,,,absent,,,
modus,2.93,0,0,3,"The arrangement of, or mode of expressing, the terms of a contract or conveyance.",,,noun:3,noun,False,4,NOUN,0.5,,False,True,False,,,,,,absent,,,
maki,2.93,0,1,3,A ring-tailed lemur (Lemur catta).,,,noun:3,noun,False,0,,,,False,True,False,,,,,,absent,,,
edu,2.93,0,0,1,education.,,,adj:1;noun:1,adj,True,1,NOUN,1.0,,False,True,False,,,,,,absent,,,
camino,2.93,0,0,1,The route followed on a pilgrimage through Spain.,,,noun:1,noun,False,1,PROPN,0.0,,False,True,False,,,,,,absent,,,
southside,2.93,0,0,1,"The southern side of a building, street, city, area, etc.",,,noun:1,noun,False,0,,,,False,True,False,,,,,,absent,,,
config,2.93,0,0,1,Configuration.,,,noun:1;verb:1,noun,False,2,NOUN,1.0,,False,True,False,,,,,,absent,,,
punta,2.93,0,1,1,A Garifuna style of festive music and dance.,,,noun:1,noun,False,2,PROPN,0.0,,False,True,False,,,,,,absent,,,
jacuzzi,2.92,0,0,1,A hot tub or whirlpool bath with underwater jets that massage the body.,,,verb:3;noun:1,verb,False,2,NOUN,0.5,,False,True,False,,,,,,absent,,,
bol,2.92,0,1,1,bolognese,,,noun:1,noun,False,0,,,,False,True,False,,,,,,absent,,,
caf,2.92,1,1,3,A café.,,,noun:3,noun,False,0,,,,False,True,False,,,,,,absent,,,
satoshi,2.92,0,0,1,A hundred-millionth (10⁻⁸) of a bitcoin; the same as 10 nanocoins (nBTC) or 10⁻⁸ BTC.,,,noun:1,noun,False,0,,,,False,True,False,,,,,,absent,,,
sarkar,2.92,0,0,5,An administrative unit used mostly in the Muslim states of South Asia.,,,noun:5,noun,False,0,,,,False,True,False,,,,,,absent,,,
rodman,2.92,0,0,1,Synonym of rodsman.,,,noun:1,noun,False,0,,,,False,True,False,,,,,,absent,,,
mano,2.92,0,0,1,"A stone resembling a rolling pin, used to grind maize or other grain on a metate.",,,noun:1,noun,False,2,OTHER,0.0,,False,True,False,,,,,,absent,,,
tse,2.92,0,0,1,"The Cyrillic letter Ц, ц.",,,noun:1,noun,False,2,PROPN,0.0,,False,True,False,,,,,,absent,,,
langer,2.92,0,0,3,Fool; idiot; annoying or contemptible person (usually male).,,,noun:3,noun,False,4,PROPN,0.0,,False,True,False,,,,,,absent,,,
clamping,2.91,1,1,1,The act by which something is clamped.,,,noun:1;verb:1,noun,False,3,VERB,0.0,,False,True,False,NOUN;VERB,,"noun, also verb",,,absent,,,
malia,2.91,0,0,1,"A passerine bird endemic to Sulawesi, of species Malia grata.",,,noun:1,noun,False,1,PROPN,0.0,,False,True,False,,,,,,absent,,,
shang,2.91,0,0,1,A Chinese unit of land area equivalent to 15 mu or about one hectare.,,,noun:1,noun,False,0,,,,False,True,False,,,,,,absent,,,
methylation,2.91,1,1,2,The addition of a methyl group to a molecule.,,,noun:2,noun,False,0,,,,False,True,False,,,,,,absent,,,
kwan,2.91,0,0,1,A school of Korean martial arts.,,,noun:1,noun,False,0,,,,False,True,False,,,,,,absent,,,
setlist,2.91,0,0,1,A list of the songs to be played by a particular band or musical act for a particular show or tour.,,,noun:1,noun,False,0,,,,False,True,False,,,,,,absent,,,
ema,2.91,0,0,1,"A wooden plaque bearing a prayer or wish, left hanging at a Shinto shrine.",,,noun:1,noun,False,0,,,,False,True,False,,,,,,absent,,,
boop,2.91,0,0,2,A low-pitched beeping sound.,,,noun:2;verb:2,noun,False,0,,,,False,True,False,,,,,,absent,,,
treehouse,2.91,0,0,2,"A house, or similar structure within a tree, or several trees, built with light materials.",,,noun:2,noun,False,3,NOUN,1.0,,False,True,False,,,,,,absent,,,
crowder,2.91,0,0,2,One who crowds or pushes.,,,noun:2,noun,False,2,PROPN,0.0,,False,True,False,,,,,,absent,,,
woodhouse,2.91,0,0,1,A house or shed for storing (chopped) wood,,,noun:1,noun,False,0,,,,False,True,False,,,,,,absent,,,
starfleet,2.91,0,0,1,A fleet of starships; a space navy.,,,noun:1,noun,False,0,,,,False,True,False,,,,,,absent,,,
refinancing,2.91,0,0,1,One or more loans or other borrowings that repay and replace previous financings.,,,noun:1;verb:1,noun,False,9,NOUN,1.0,,False,True,False,NOUN;VERB,,"noun, also verb",,,absent,,,
avis,2.9,0,0,1,advice; opinion; deliberation.,,,noun:1,noun,False,2,PROPN,0.0,,False,True,False,,,,,,absent,,,
baller,2.9,0,0,6,A kitchenware utensil for cutting ball-shaped pieces of foods.,baller band,,noun:6;adj:1,noun,True,0,,,,False,True,False,,,,,,absent,,,
loa,2.9,0,0,1,"In the voodoo religion, a spirit intermediary between Bondye (the creator god) and human beings.",,,noun:1,noun,False,0,,,,False,True,False,,,,,,absent,,,
shemale,2.9,0,0,3,A male-to-female transsexual or transgender person; a trans woman.,,,noun:3,noun,False,0,,,,False,True,False,,,,,,absent,,,
dowd,2.9,0,0,2,"A dowdy person, especially a woman; a frump.",,,noun:2,noun,False,1,PROPN,0.0,,False,True,False,,,,,,absent,,,
unitarian,2.9,0,0,4,"A Christian who denies the doctrine of the Trinity, usually stressing some distinctions between God the Father and God the Son without denying the divinity of Jesus.",,,noun:4;adj:2,noun,False,8,ADJ,0.0,usually adjective (corpus),False,True,False,,,,,,absent,,,
familia,2.9,0,0,2,"A household or religious community under one head, regarded as a unit.",,,noun:2,noun,False,3,PROPN,0.333,,False,True,False,,,,,,absent,,,
hain,2.9,0,0,1,An enclosure; a park,,,verb:3;noun:1,verb,False,4,PROPN,0.0,,False,True,False,,,,,,absent,,,
habeas,2.9,0,0,1,A habeas corpus.,,,noun:1,noun,False,0,,,,False,True,False,,,,,,absent,,,
bak,2.9,0,0,1,A wooden clapper used in Korean courts and rituals,,,adv:1;noun:1,adv,True,2,OTHER,0.0,,False,True,False,,,,,,absent,,,
pomona,2.89,0,0,1,A treatise on fruits.,,,noun:1,noun,False,0,,,,False,True,False,,,,,,absent,,,
wasserman,2.89,0,0,1,"A mythical sea monster, part man, thought to destroy ships.",,,noun:1,noun,False,0,,,,False,True,False,,,,,,absent,,,
mecha,2.89,0,0,1,"A large armoured robot on legs, typically controlled by a pilot seated inside.",,,noun:1,noun,False,0,,,,False,True,False,,,,,,absent,,,
barra,2.89,0,0,2,A barrow; a hand-pushed cart of the type commonly used in markets.,,,noun:2,noun,False,1,PROPN,0.0,,False,True,False,,,,,,absent,,,
maha,2.89,0,0,1,A kind of monkey; the wanderoo.,,,noun:1,noun,False,0,,,,False,True,False,,,,,,absent,,,
kryptonite,2.89,0,1,2,The one weakness of something or someone that is otherwise invulnerable.,,,noun:2;verb:2,noun,False,0,,,,False,True,False,,,,,,absent,,,
douchebag,2.89,0,0,3,A sterile container for holding fluid used in a vaginal douche.,,,noun:3,noun,False,2,NOUN,1.0,,False,True,False,,,,,,absent,,,
jihadi,2.89,0,0,1,A jihadist.,,,adj:1;noun:1,adj,False,1,ADJ,0.0,,False,True,False,,,,,,absent,,,
nene,2.89,0,0,1,"The Hawaiian goose, Branta sandvicensis, which was designated the state bird of Hawaii in 1957.",,,noun:1,noun,False,0,,,,False,True,False,,,,,,absent,,,
nerf,2.89,0,0,1,"The deterioration, weakening or worsening of a character, a weapon, a spell, etc.",,,verb:3;noun:1,verb,False,1,NOUN,1.0,,False,True,False,,,,,,absent,,,
snell,2.89,0,0,1,"A short line of horsehair, gut, monofilament, etc., by which a fishhook or lure is attached to a longer (and usually heavier) line.",,,adj:3;adv:1;noun:1;verb:1,adj,False,0,,,,False,True,False,,,,,,absent,,,
wy,2.88,0,0,1,The name of the letter Y.,,,noun:1,noun,False,0,,,,False,True,False,,,,,,absent,,,
baz,2.88,0,1,1,A metasyntactic variable used to stand for some unspecified entity; typically the third in a series after foo and bar.,,,noun:1,noun,False,0,,,,False,True,False,,,,,,absent,,,
myron,2.88,0,1,1,chrism; myrrh,,,noun:1,noun,False,4,PROPN,0.0,,False,True,False,,,,,,absent,,,
boba,2.88,1,1,3,Synonym of tapioca pearl.,boba tea,,noun:3,noun,True,0,,,,False,True,False,,,,,,absent,,,
habib,2.88,0,0,1,mate; a term of endearment for a friend,,,noun:1,noun,False,3,PROPN,0.0,,False,True,False,,,,,,absent,,,
shiro,2.88,0,1,2,A stew of Ethiopia and Eritrea origin whose primary ingredient is powdered chickpeas or broad-bean meal.,,,noun:2,noun,False,0,,,,False,True,False,,,,,,absent,,,
falk,2.88,0,0,1,The razorbill.,,,noun:1,noun,False,0,,,,False,True,False,,,,,,absent,,,
nis,2.88,0,0,1,"A nix; a hobgoblin, especially one that resides in a farm house.",,,contraction:1;noun:1,contraction,True,0,,,,False,True,False,,,,,,absent,,,
pulaski,2.88,0,0,1,"A double-ended fire-fighting tool, usually long-handled, and having an ax-blade on one side and a mattock-blade on the other.",,,noun:1,noun,False,2,PROPN,0.0,,False,True,False,,,,,,absent,,,
asha,2.88,0,1,1,"The concept of truth and existence in Zoroastrianism, usually associated with the Amesha Spentas.",,,noun:1,noun,False,0,,,,False,True,False,,,,,,absent,,,
lupe,2.88,0,0,1,The Pacific imperial pigeon (Ducula pacifica).,,,noun:1,noun,False,0,,,,False,True,False,,,,,,absent,,,
lumia,2.88,0,1,2,A certain pear-shaped citrus fruit.,,,noun:2,noun,False,1,PROPN,0.0,,False,True,False,,,,,,absent,,,
portia,2.88,0,0,1,"Thespesia populnea, a flowering plant of the mallow family, found especially in parts of India.",,,noun:1,noun,False,2,PROPN,0.0,,False,True,False,,,,,,absent,,,
kona,2.88,0,0,1,southwester,,,noun:1,noun,False,0,,,,False,True,False,,,,,,absent,,,
cro,2.88,0,1,2,Synonym of bro (“a male comrade or friend”).,,,noun:2,noun,False,0,,,,False,True,False,,,,,,absent,,,
aida,2.88,1,1,1,Synonym of Aida cloth.,,,noun:1,noun,False,1,PROPN,0.0,,False,True,False,,,,,,absent,,,
maru,2.88,0,0,3,"A Japanese ship, especially a merchant ship.",,,noun:3,noun,False,0,,,,False,True,False,,,,,,absent,,,
dba,2.88,0,0,2,An alias of a business entity.,,,noun:2;phrase:1,noun,True,1,PROPN,0.0,,False,True,False,,,,,,absent,,,
hander,2.87,0,0,3,One who hands over or transmits; a conveyor in succession,,,noun:3,noun,False,1,NOUN,1.0,,False,True,False,,,,,,absent,,,
punisher,2.87,0,0,1,One who punishes.,,,noun:1,noun,False,0,,,,False,True,False,,,,,,absent,,,
madge,2.87,0,0,2,The barn owl.,,,noun:2,noun,False,0,,,,False,True,False,,,,,,absent,,,
cac,2.87,0,0,1,A white (Caucasian) person.,,,noun:1,noun,False,0,,,,False,True,False,,,,,,absent,,,
wheezing,2.87,0,0,1,The quality or symptom of breathing with an audible wheeze,,,noun:1;verb:1,noun,False,3,VERB,0.0,,False,True,False,NOUN;VERB,,"noun, also verb",,,absent,,,
wer,2.87,0,0,2,A man; a male; a husband.,,,noun:2;verb:1,noun,False,0,,,,False,True,False,,,,,,absent,,,
reshaping,2.87,0,0,1,The process by which something is reshaped.,,,noun:1;verb:1,noun,False,2,VERB,0.0,,False,True,False,,,"verb form (-ing, morphology)",,,absent,,,
sheng,2.87,0,0,1,"A Chinese wind instrument, a free-reed mouth organ consisting of 13 or more bamboo pipes of various lengths, which are fixed at their bases in a wind chest made from a dried gourd (or, more recently, ",,,noun:1,noun,False,0,,,,False,True,False,,,,,,absent,,,
sauvignon,2.87,0,0,1,Any of several grape varieties and associated wines originally from France,,,noun:1,noun,False,7,PROPN,0.143,,False,True,False,,,,,,absent,,,
geno,2.86,0,1,1,Genocide.,,,noun:1;verb:1,noun,False,2,PROPN,0.0,,False,True,False,,,,,,absent,,,
soi,2.86,0,0,1,"In Thailand, a side-street branching off a major street; an alley or lane.",,,noun:1,noun,False,0,,,,False,True,False,,,,,,absent,,,
koko,2.86,0,0,2,The tree Albizia lebbeck.,koku,,noun:2,noun,False,0,,,,False,True,False,,,,,,absent,,,
sei,2.86,0,0,1,A sei whale.,,,noun:1,noun,False,1,NOUN,1.0,,False,True,False,,,,,,absent,,,
broderick,2.86,0,0,1,A thorough beating,,,noun:1;verb:1,noun,False,0,,,,False,True,False,,,,,,absent,,,
cale,2.86,0,0,1,Any of a number of marine fish in the family Odacidae,,,noun:1,noun,False,0,,,,False,True,False,,,,,,absent,,,
nin,2.86,0,0,1,Affectionate name for a grandmother.,,,noun:1,noun,False,0,,,,False,True,False,,,,,,absent,,,
exe,2.86,0,0,1,A Windows executable file.,,,noun:1,noun,False,0,,,,False,True,False,,,,,,absent,,,
asm,2.86,0,0,1,Pseudo-acronym of assignment.,,,noun:1,noun,False,0,,,,False,True,False,,,,,,absent,,,
woodside,2.86,0,0,1,The side of a wood; the land that borders a wood.,,,noun:1,noun,False,3,PROPN,0.0,,False,True,False,,,,,,absent,,,
razer,2.86,0,0,1,Someone who razes.,,,noun:1,noun,False,0,,,,False,True,False,,,,,,absent,,,
urs,2.86,0,0,1,"The anniversary of the death of a Sufi saint, celebrated with music and ritual.",,,noun:1;pron:1,noun,False,2,PROPN,0.0,,False,True,False,,,,,,absent,,,
libre,2.86,0,0,1,"A free (not enslaved) black person in a French- or Spanish-colonized area, especially New Orleans.",,,adj:3;noun:1,adj,False,2,PROPN,0.0,,False,True,False,,,,,,absent,,,
overthinking,2.85,1,1,1,The act of thinking too much about something.,,,noun:1;verb:1,noun,False,0,,,,False,True,False,,,"verb form (-ing, morphology)",,,absent,,,
awa,2.85,0,1,2,"Kava, specifically Piper methysticum.",,,noun:2,noun,False,0,,,,False,True,False,,,,,,absent,,,
biennale,2.85,0,0,1,A biennial celebration or exhibition,,,noun:1,noun,False,0,,,,False,True,False,,,,,,absent,,,
gul,2.85,0,0,1,Any medallionlike design on a Central or West Asian rug.,,,noun:1,noun,False,0,,,,False,True,False,,,,,,absent,,,
indica,2.85,0,0,2,"Any of the indica subspecies of the rice, Oryza sativa, which (unlike the japonica or sinica subspecies) are non-sticky and long-grained.",,,noun:2,noun,False,1,VERB,0.0,,False,True,False,,,,,,absent,,,
tek,2.85,0,0,1,"A method of, or procedure for, extracting, synthesizing, freebasing, or otherwise manufacturing or preparing recreational drugs.",,,noun:1;verb:1,noun,False,0,,,,False,True,False,,,,,,absent,,,
viv,2.85,0,0,1,vivarium,,,noun:1,noun,False,0,,,,False,True,False,,,,,,absent,,,
ber,2.85,0,0,1,A fruit-bearing tree (Ziziphus mauritiana); Indian jujube.,,,noun:1,noun,False,0,,,,False,True,False,,,,,,absent,,,
salesforce,2.85,0,0,1,A team of salespeople.,,,noun:1,noun,False,1,PROPN,0.0,,False,True,False,,,,,,absent,,,
walkie,2.85,0,0,3,A walkie-talkie.,,,noun:3,noun,False,1,NOUN,1.0,,False,True,False,,,,,,absent,,,
nur,2.84,0,0,1,Pronunciation spelling of knur.,knur,,noun:1,noun,False,0,,,,False,True,False,,,,,,absent,,,
donner,2.84,0,0,1,One who dons (something).,,,noun:1;verb:1,noun,False,1,PROPN,0.0,,False,True,False,,,,,,absent,,,
veritas,2.84,1,1,1,"Truth, particularly of a transcendent character.",,,noun:1,noun,False,0,,,,False,True,False,,,,,,absent,,,
ure,2.84,0,1,2,"Use, practise, exercise.",,,noun:2;contraction:1;verb:1,noun,True,0,,,,False,True,False,,,,,,absent,,,
const,2.84,0,0,1,A variable whose value cannot be changed directly.,,,adj:2;noun:1,adj,False,0,,,,False,True,False,,,,,,absent,,,
grundy,2.84,0,0,3,A narrow-minded person or group that is overly concerned with censoring or criticizing personal conduct.,,,noun:3;adj:1,noun,False,0,,,,False,True,False,,,,,,absent,,,
shitload,2.84,0,0,1,A large amount.,,,noun:1,noun,False,1,NOUN,1.0,,False,True,False,,,,,,absent,,,
winkler,2.84,0,0,1,One who finds and sells winkles.,,,noun:1,noun,False,2,PROPN,0.0,,False,True,False,,,,,,absent,,,
ssa,2.84,0,0,1,Filter-avoidance spelling of ass,,,noun:1,noun,False,2,PROPN,0.0,,False,True,False,,,,,,absent,,,
popeye,2.83,1,1,2,Exophthalmia.,,,noun:2,noun,False,0,,,,False,True,False,,,,,,absent,,,
okada,2.83,0,0,1,A motorcycle taxi.,,,noun:1,noun,False,1,PROPN,0.0,,False,True,False,,,,,,absent,,,
kyu,2.83,0,0,1,"A grade or rank in various Japanese activities such as martial arts, flower arranging, and the game of go.",,,noun:1,noun,False,0,,,,False,True,False,,,,,,absent,,,
tillman,2.83,0,0,1,A man who tills the earth; a husbandman.,,,noun:1,noun,False,0,,,,False,True,False,,,,,,absent,,,
fac,2.83,0,0,2,"A factotum letter, or a similar kind of ornamentally bordered letter formerly used at the start of a chapter or section of a book.",,,noun:2,noun,False,0,,,,False,True,False,,,,,,absent,,,
katana,2.83,0,0,1,"A type of Japanese longsword, having a single edge and slight curvature, historically used by samurai and ninja.",,,noun:1,noun,False,0,,,,False,True,False,,,,,,absent,,,
fanart,2.83,0,1,1,Artwork created unofficially by fans of a media work and based on that work.,,,noun:1,noun,False,0,,,,False,True,False,,,,,,absent,,,
ped,2.83,0,0,6,A pedestrian.,,,noun:6,noun,False,0,,,,False,True,False,,,,,,absent,,,
girlie,2.83,0,0,3,A magazine targeting an adult male audience and containing nude or seminude photographs of women.,,,noun:3;adj:2,noun,False,2,NOUN,1.0,,False,True,False,,,,,,absent,,,
rainer,2.83,0,0,1,"That which rains, or dispenses something in a shower.",,,noun:1,noun,False,3,PROPN,0.0,,False,True,False,,,,,,absent,,,
dipshit,2.83,0,0,1,"A stupid, obnoxious, or undesirable person.",,,noun:1,noun,False,0,,,,False,True,False,,,,,,absent,,,
eastside,2.83,0,0,1,The east side of a district or city.,,,noun:1,noun,False,0,,,,False,True,False,,,,,,absent,,,
roleplay,2.82,1,1,2,The act or practice of roleplaying; an instance of roleplaying.,,,verb:3;noun:2,verb,False,1,NOUN,1.0,,False,True,False,,,,,,absent,,,
pogo,2.82,0,0,5,A dance associated with the 1970s punk rock movement in which participants jump up and down on the spot in the manner of someone riding a pogo stick.,pogo oscillation,,verb:6;noun:5,verb,True,0,,,,False,True,False,,,,,,absent,,,
robocop,2.82,0,0,1,A cyborg police officer.,,,noun:1,noun,False,0,,,,False,True,False,,,,,,absent,,,
bioinformatics,2.82,0,1,1,"A field of science in which biology, computer science, and information technology merge into a single discipline to analyse biological information using computers and statistical techniques.",,,noun:1,noun,False,0,,,,False,True,False,,,,,,absent,,,
oni,2.82,0,0,1,A Japanese evil spirit or demon.,,,noun:1,noun,False,0,,,,False,True,False,,,,,,absent,,,
puri,2.82,1,1,2,"A type of unleavened bread from India and Pakistan, usually deep-fried.",,,noun:2,noun,False,0,,,,False,True,False,,,,,,absent,,,
jacky,2.82,1,1,2,A sailor.,,,noun:2,noun,False,1,PROPN,0.0,,False,True,False,,,,,,absent,,,
zika,2.82,0,1,2,The disease caused by the Zika virus.,,,noun:2,noun,False,0,,,,False,True,False,,,,,,absent,,,
chugging,2.82,0,0,1,The sound of something that chugs.,,,noun:1;verb:1,noun,False,3,VERB,0.0,,False,True,False,,,"verb form (-ing, morphology)",,,absent,,,
addy,2.82,0,0,2,Address (especially e-mail address).,,,noun:2,noun,False,2,NOUN,1.0,,False,True,False,,,,,,absent,,,
jud,2.82,0,0,1,A mass of coal holed or undercut so as to be thrown down by wedges.,,,noun:1,noun,False,0,,,,False,True,False,,,,,,absent,,,
ele,2.82,0,0,1,Elephant.,,,noun:1,noun,False,1,PROPN,0.0,,False,True,False,,,,,,absent,,,
lanier,2.82,0,0,2,A leather thong.,,,noun:2,noun,False,0,,,,False,True,False,,,,,,absent,,,
serrano,2.82,0,0,2,"Ellipsis of serrano pepper, a chili pepper, a cultivar of Capsicum annuum which originated in the mountainous regions of the Mexican states of Puebla and Hidalgo and is used in cooking.",serrano pepper,,noun:2,noun,True,2,NOUN,0.5,,False,True,False,,,,,,absent,,,
ugg,2.82,0,0,2,ugg boot,ug,,noun:2;verb:2,noun,False,1,PROPN,0.0,,False,True,False,,,,,,absent,,,
teflon,2.81,0,1,1,"Synonym of polytetrafluoroethylene, PTFE.",,,adj:2;noun:1,adj,False,0,,,,False,True,False,,,,,,absent,,,
raya,2.81,0,0,2,"A former territory of the mediaeval principalities of Wallachia and Moldavia held under the direct administration of the Ottoman Empire, as opposed to the principalities.",rayah,,noun:2,noun,False,0,,,,False,True,False,,,,,,absent,,,
catwoman,2.81,0,0,1,A woman in a cat costume.,,,noun:1,noun,False,0,,,,False,True,False,,,,,,absent,,,
holo,2.81,0,0,1,A hologram.,,,adj:1;noun:1,adj,False,2,NOUN,1.0,,False,True,False,,,,,,absent,,,
chee,2.81,0,0,2,Synonym of mace (“old Chinese unit of weight”).,,,noun:2,noun,False,0,,,,False,True,False,,,,,,absent,,,
pawnee,2.81,0,0,1,One or to whom a pledge is delivered as security one who takes anything in pawn.,,,noun:1,noun,False,0,,,,False,True,False,,,,,,absent,,,
beastie,2.81,0,0,1,"Beast, animal.",,,noun:1,noun,False,3,NOUN,1.0,,False,True,False,,,,,,absent,,,
foy,2.81,1,1,2,"Faith, allegiance.",,,noun:2,noun,False,2,PROPN,0.0,,False,True,False,,,,,,absent,,,
tonya,2.81,0,0,1,"A trade broker in Japan, usually a wholesaler, warehouse manager, or shipment manager.",,,noun:1,noun,False,1,PROPN,0.0,,False,True,False,,,,,,absent,,,
topshop,2.81,0,0,1,"A building found in parts of the English Midlands, having three storeys, the lower two serving as living accommodation and the upper floor as a workshop containing a weaver's loom.",,,noun:1,noun,False,0,,,,False,True,False,,,,,,absent,,,
sala,2.81,0,0,5,A large hall or reception room.,,,noun:5,noun,False,4,PROPN,0.0,,False,True,False,,,,,,absent,,,
latimer,2.81,0,0,1,Synonym of interpreter.,,,noun:1,noun,False,0,,,,False,True,False,,,,,,absent,,,
pon,2.81,0,0,1,A call for forming a set of three identical tiles using a discarded tile.,,,noun:1;prep:1;verb:1,noun,True,0,,,,False,True,False,,,,,,absent,,,
rewatching,2.81,0,0,1,The act of watching something again.,,,noun:1;verb:1,noun,False,0,,,,False,True,False,,,"verb form (-ing, morphology)",,,absent,,,
resetting,2.81,0,0,1,The act by which something is reset.,,,noun:1;verb:1,noun,False,2,PROPN,0.0,,False,True,False,NOUN;VERB,,"noun, also verb",,,absent,,,
dancehall,2.81,1,1,2,A public hall for dancing.,,,noun:2,noun,False,0,,,,False,True,False,,,,,,absent,,,
ozzie,2.81,0,0,1,A hospital.,,,noun:1,noun,False,2,PROPN,0.0,,False,True,False,,,,,,absent,,,
tama,2.8,0,0,1,"A form of votive offering in the Eastern Orthodox Church, particularly the Greek Orthodox Church, usually in the form of a small metal plaque with an embossed image symbolizing the subject of prayer f",,,noun:1,noun,False,0,,,,False,True,False,,,,,,absent,,,
spooner,2.8,0,0,2,One who spoons; one who engages in spooning.,,,noun:2;verb:1,noun,False,0,,,,False,True,False,,,,,,absent,,,
duc,2.8,0,0,1,A French duke.,,,noun:1,noun,False,0,,,,False,True,False,,,,,,absent,,,
redistricting,2.8,0,0,1,An instance of adjusting the borders that delineate districts.,,,noun:1;verb:1,noun,False,1,VERB,0.0,,False,True,False,NOUN;VERB,,"noun, also verb",,,absent,,,
tylenol,2.8,1,1,2,The pharmaceutical drug acetaminophen (“paracetamol”).,,,noun:2,noun,False,0,,,,False,True,False,,,,,,absent,,,
paloma,2.8,0,0,1,"A cocktail made with tequila, lime juice, and grapefruit soda.",,,noun:1,noun,False,0,,,,False,True,False,,,,,,absent,,,
ryo,2.8,0,1,1,"An anhemitonic pentatonic scale used in a Japanese Buddhist chant, and built up by intervals of major second, major second, minor third, major second, minor third.",,,noun:1,noun,False,0,,,,False,True,False,,,,,,absent,,,
chucky,2.8,0,0,3,chicken,,,noun:3,noun,False,0,,,,False,True,False,,,,,,absent,,,
walkthrough,2.8,0,0,5,"A tour of a space, such as a property for sale or rent.",,,noun:5;adj:1,noun,False,0,,,,False,True,False,,,,,,absent,,,
kata,2.8,0,0,5,Any of a sequence of positions and movements used in many martial arts.,kata thermometer,,noun:5;adv:1,noun,True,1,PROPN,0.0,,False,True,False,,,,,,absent,,,
aam,2.79,0,0,1,"A Dutch and German measure of liquids, used in England for Rhine wine, varying in different cities, being in Amsterdam about 41 wine gallons, in Antwerp 36½, and in Hamburg 38¼.",,,noun:1,noun,False,0,,,,False,True,False,,,,,,absent,,,
kevlar,2.79,1,1,2,"(Fabric, cordage, etc made of) aramid fiber, an exceptionally strong, light, man-made fibre used to strengthen cables and sheet materials, e.g. in stab-resistant vests.",,,noun:2,noun,False,0,,,,False,True,False,,,,,,absent,,,
auguste,2.79,0,0,1,"A kind of clown, usually serving as an anarchic foil to the whiteface.",,,noun:1,noun,False,2,PROPN,0.0,,False,True,False,,,,,,absent,,,
bute,2.79,0,1,1,Phenylbutazone.,,,noun:1,noun,False,2,PROPN,0.0,,False,True,False,,,,,,absent,,,
shanti,2.79,0,1,1,"Peace, tranquility.",,,intj:1;noun:1,intj,False,0,,,,False,True,False,,,,,,absent,,,
glyn,2.79,0,0,1,"A valley in a mountain area, especially one with a stream in the bottom.",,,noun:1,noun,False,0,,,,False,True,False,,,,,,absent,,,
rapunzel,2.79,0,1,2,"A plant with leaves and crisp roots which have been used in salads, rampion, Campanula rapunculus.",,,noun:2,noun,False,1,PROPN,0.0,,False,True,False,,,,,,absent,,,
majid,2.79,0,0,1,Any of the family Majidae of sea spiders or spider crabs.,,,noun:1,noun,False,0,,,,False,True,False,,,,,,absent,,,
fap,2.79,1,0,2,A session of masturbation.,,,noun:2;adj:1;intj:1;verb:1,noun,False,0,,,,False,True,False,,,,,,absent,,,
sud,2.79,0,0,1,A bubble of lather or foam (the singular of suds).,,,noun:1,noun,False,0,,,,False,True,False,,,,,,absent,,,
bonham,2.79,0,0,1,A piglet.,,,noun:1,noun,False,4,PROPN,0.0,,False,True,False,,,,,,absent,,,
hoyer,2.79,0,0,1,"A device for transferring a person with serious mobility issues to and from the floor, a mobility device (such as a wheelchair), seating, and a bed.",,,noun:1,noun,False,0,,,,False,True,False,,,,,,absent,,,
mondo,2.79,0,0,1,A dialogue between master and student designed to obtain an intuitive truth.,,,adj:1;adv:1;noun:1,adj,False,0,,,,False,True,False,,,,,,absent,,,
ordinator,2.79,0,0,1,One who ordains or establishes; a director.,,,noun:1,noun,False,0,,,,False,True,False,,,,,,absent,,,
sor,2.79,0,0,1,A sorority (student organization).,,,noun:1,noun,False,0,,,,False,True,False,,,,,,absent,,,
neverland,2.79,0,0,1,"An ideal, fantastical, imaginary, or dreamlike place.",,,noun:1,noun,False,1,PROPN,0.0,,False,True,False,,,,,,absent,,,
rockland,2.79,0,0,1,A rocky landscape.,,,noun:1,noun,False,2,PROPN,0.0,,False,True,False,,,,,,absent,,,
desai,2.79,0,0,1,"In west and south India, a native official in charge of a district, often held by heredity; a petty chief.",,,noun:1,noun,False,1,PROPN,0.0,,False,True,False,,,,,,absent,,,
sulu,2.79,0,0,1,An all-purpose skirt-like garment worn by men and women in Fiji.,,,noun:1,noun,False,0,,,,False,True,False,,,,,,absent,,,
witcher,2.79,0,0,3,A dowser.,,,noun:3;contraction:1,noun,True,0,,,,False,True,False,,,,,,absent,,,
yue,2.78,0,0,2,"An ancient Chinese unit of volume, notionally equivalent to the space occupied by 1200 millet seeds.",,,noun:2,noun,False,0,,,,False,True,False,,,,,,absent,,,
lapis,2.78,0,1,1,Ellipsis of lapis lazuli.,lapis lazuli,,noun:1,noun,True,2,NOUN,0.5,,False,True,False,,,,,,absent,,,
isu,2.78,0,0,1,An individual seat in the loft-like balcony of a sumo arena.,,,noun:1,noun,False,2,PROPN,0.0,,False,True,False,,,,,,absent,,,
malkin,2.78,0,0,6,A (stereotypical name for a) lower-class or uncultured woman; a kitchenmaid; a slattern.,,,noun:6,noun,False,1,PROPN,0.0,,False,True,False,,,,,,absent,,,
jeju,2.78,0,0,1,"A South American (Amazonian) erythrinid fish, Hoplerythrinus unitaeniatus (formerly sometimes Erythrinus unitaeniatus).",,,noun:1,noun,False,2,PROPN,0.0,,False,True,False,,,,,,absent,,,
wook,2.78,0,0,1,"An unwashed, unemployed moocher who enjoys traveling to festivals and crashes at other people's houses.",,,noun:1,noun,False,0,,,,False,True,False,,,,,,absent,,,
moser,2.78,0,0,1,An informer; one who tells on another.,,,noun:1;verb:1,noun,False,0,,,,False,True,False,,,,,,absent,,,
jizz,2.78,0,1,2,"The physical and behavioural characteristics of a bird that enable it to be immediately recognised by an experienced birder as a certain type of bird, especially to family or genus level.",,,noun:2;verb:2,noun,False,0,,,,False,True,False,,,,,,absent,,,
merci,2.78,0,0,1,An extra card or set of cards that is allowed to play at the end of various card games.,,,intj:1;noun:1,intj,False,1,NOUN,1.0,,False,True,False,,,,,,absent,,,
gaylord,2.78,0,0,4,Synonym of gay: a homosexual man.,,,noun:4;adj:1,noun,False,0,,,,False,True,False,,,,,,absent,,,
gelato,2.78,0,1,1,"An Italian variant of ice cream made from milk and sugar, combined with other flavourings. The ingredients are supercooled while stirring to break up ice crystals as they form.",,,noun:1,noun,False,1,NOUN,1.0,,False,True,False,,,,,,absent,,,
joshi,2.78,0,1,2,Japanese women's professional wrestling,,,noun:2,noun,False,1,PROPN,0.0,,False,True,False,,,,,,absent,,,
eyewear,2.78,0,1,1,"A vision aid or similar device worn over the eyes, such as eyeglasses, contact lenses, or protective goggles.",,,noun:1,noun,False,0,,,,False,True,False,,,,,,absent,,,
nang,2.78,0,0,1,"A metal bulb filled with nitrous oxide gas, inhaled for its disassociative effects, normally intended as a propellant for whipped cream.",,,adj:1;noun:1,adj,False,1,PROPN,0.0,,False,True,False,,,,,,absent,,,
bruv,2.78,0,0,1,"Brother, mate, friend.",,,noun:1,noun,False,0,,,,False,True,False,,,,,,absent,,,
sativa,2.78,0,1,1,"Cannabis sativa, a widely consumed form of cannabis.",,,noun:1,noun,False,0,,,,False,True,False,,,,,,absent,,,
ender,2.78,0,0,2,Something which ends another thing.,,,noun:2,noun,False,0,,,,False,True,False,,,,,,absent,,,
parti,2.77,0,0,2,"The basic, central, or main concept, drawing, or scheme of an architectural design.",,,noun:2,noun,False,2,NOUN,0.5,,False,True,False,,,,,,absent,,,
abo,2.77,0,0,1,An Aboriginal person.,,,adj:1;noun:1,adj,False,5,NOUN,1.0,,False,True,False,,,,,,absent,,,
rav,2.77,0,0,2,a rabbi,,,noun:2,noun,False,0,,,,False,True,False,,,,,,absent,,,
chubb,2.77,0,0,1,An erection of the penis.,,,noun:1,noun,False,1,PROPN,0.0,,False,True,False,,,,,,absent,,,
twerking,2.77,0,1,2,"A sexually-provocative dance, involving the performer thrusting their hips back from a low squatting stance and shaking their buttocks.",,,noun:2;verb:1,noun,False,0,,,,False,True,False,,,"verb form (-ing, morphology)",,,absent,,,
rog,2.77,1,1,3,Intoxication through freebasing.,ROG,,noun:3;intj:1;verb:1,noun,False,0,,,,False,True,False,,,,,,absent,,,
fuckery,2.77,1,1,4,"Nonsense, bullshit, or underhanded trickery.",,,noun:4,noun,False,0,,,,False,True,False,,,,,,absent,,,
spitzer,2.77,0,0,1,A pointed bullet.,,,noun:1,noun,False,0,,,,False,True,False,,,,,,absent,,,
ronin,2.77,0,0,2,A masterless samurai (who often becomes a mercenary to make ends meet).,,,noun:2,noun,False,0,,,,False,True,False,,,,,,absent,,,
baillie,2.77,0,0,2,The jurisdiction of a bailie or bailiff; a bailiwick.,,,noun:2,noun,False,1,PROPN,0.0,,False,True,False,,,,,,absent,,,
megatron,2.77,0,0,1,"A disc-seal tube, used in lighthouses or submersibles.",,,noun:1,noun,False,0,,,,False,True,False,,,,,,absent,,,
futurama,2.77,0,0,1,A palpable depiction of a (usually sensational) vision of the future.,,,noun:1,noun,False,1,PROPN,0.0,,False,True,False,,,,,,absent,,,
opie,2.77,0,0,1,Short for opilio crab.,opilio crab,,noun:1,noun,True,0,,,,False,True,False,,,,,,absent,,,
elo,2.77,0,0,1,Synonym of Elo rating.,,,noun:1,noun,False,2,OTHER,0.0,,False,True,False,,,,,,absent,,,
sab,2.77,0,1,3,"A saboteur, especially of fox hunts.",sab.,,noun:3;verb:1,noun,False,0,,,,False,True,False,,,,,,absent,,,
tasking,2.76,0,0,1,A task; an assigned item of work.,,,noun:1;verb:1,noun,False,2,NOUN,0.5,,False,True,False,NOUN;VERB,,"noun, also verb",,,absent,,,
cartman,2.76,0,0,2,A person who transports goods or people by horse and cart; a carman.,,,noun:2,noun,False,0,,,,False,True,False,,,,,,absent,,,
hillman,2.76,0,0,3,A native or inhabitant of hilly or mountainous country; a tribesman who lives in the mountains.,,,noun:3,noun,False,2,PROPN,0.0,,False,True,False,,,,,,absent,,,
licensure,2.76,1,1,2,The act of conferring a license for an activity.,,,noun:2,noun,False,0,,,,False,True,False,,,,,,absent,,,
heil,2.76,0,0,1,A Sieg Heil.,,,noun:1;verb:1,noun,False,1,PROPN,0.0,,False,True,False,,,,,,absent,,,
chapo,2.76,0,0,1,chapati (food),,,noun:1,noun,False,0,,,,False,True,False,,,,,,absent,,,
tur,2.76,0,0,1,Any member of the species Capra caucasica (West Caucasian tur) or Capra cylindricornis (East Caucasian tur) of wild goats native to Caucasus.,,,noun:1,noun,False,1,VERB,0.0,,False,True,False,,,,,,absent,,,
northside,2.76,0,0,1,"The northern side of a building, street, area etc.",,,noun:1,noun,False,0,,,,False,True,False,,,,,,absent,,,
panning,2.76,1,1,4,"The act of one who pans, as for gold.",,,noun:4;verb:1,noun,False,0,,,,False,True,False,NOUN;VERB,,"noun, also verb",,,absent,,,
waka,2.76,0,0,3,A kind of classical Japanese poem.,,,noun:3,noun,False,0,,,,False,True,False,,,,,,absent,,,
vidya,2.76,0,1,1,Video games.,,,noun:1,noun,False,0,,,,False,True,False,,,,,,absent,,,
butthurt,2.76,0,1,1,A feeling of offense caused by a perceived insult or injustice.,,,adj:1;noun:1,adj,False,0,,,,False,True,False,,,,,,absent,,,
bim,2.76,0,0,1,A woman.,,,noun:1,noun,False,0,,,,False,True,False,,,,,,absent,,,
keychain,2.76,0,0,3,A chain or ring to which a key may be attached.,,,noun:3,noun,False,0,,,,False,True,False,,,,,,absent,,,
ker,2.76,0,0,1,A chief of the Luo people.,,,noun:1,noun,False,0,,,,False,True,False,,,,,,absent,,,
tattooing,2.75,1,1,2,The act of beating out a rhythm on a drum,,,noun:2;verb:1,noun,False,0,,,,False,True,False,,,"verb form (-ing, morphology)",,,absent,,,
opa,2.75,0,0,1,"Grandfather, grandpa.",,,noun:1,noun,False,0,,,,False,True,False,,,,,,absent,,,
jardin,2.75,0,0,1,The inclusions and fissures within an emerald.,,,noun:1,noun,False,1,OTHER,0.0,,False,True,False,,,,,,absent,,,
marla,2.75,0,1,3,Plasticine; modelling clay.,,,noun:3,noun,False,0,,,,False,True,False,,,,,,absent,,,
tock,2.75,0,0,1,A clicking sound similar to one made by the hands of a clock.,,,noun:1;verb:1,noun,False,2,OTHER,0.0,,False,True,False,,,,,,absent,,,
spidey,2.75,0,0,1,A spider.,,,noun:1,noun,False,1,PROPN,0.0,,False,True,False,,,,,,absent,,,
hallo,2.75,0,0,2,"The cry ""hallo!""",,,verb:4;intj:2;noun:2,verb,False,2,OTHER,0.0,,False,True,False,,,,,,absent,,,
rona,2.75,0,1,1,COVID-19.,,,noun:1,noun,False,0,,,,False,True,False,,,,,,absent,,,
ded,2.75,0,0,1,A person who inflicts dedovshchina (a kind of hazing ritual).,,,adj:1;noun:1,adj,False,0,,,,False,True,False,,,,,,absent,,,
hiller,2.75,0,0,1,A poor rural person.,,,noun:1,noun,False,4,PROPN,0.0,,False,True,False,,,,,,absent,,,
thakur,2.75,0,0,1,A noble in the historical feudal system of the Indian subcontinent.,,,noun:1,noun,False,0,,,,False,True,False,,,,,,absent,,,
homeworld,2.75,0,0,1,The world on which someone or something originated; a home planet or moon.,,,noun:1,noun,False,0,,,,False,True,False,,,,,,absent,,,
zorro,2.75,0,0,1,"A South American canid of the species Lycalopex culpaeus, visually similar to (and sometimes referred to as) a fox but more closely related to a wolf.",,,noun:1,noun,False,0,,,,False,True,False,,,,,,absent,,,
sav,2.74,0,0,2,A saveloy.,,,noun:2;adj:1,noun,True,0,,,,False,True,False,,,,,,absent,,,
patterning,2.74,1,1,2,A pattern; the production of a pattern; the process of forming a pattern.,,,noun:2;verb:1,noun,False,1,VERB,0.0,,False,True,False,NOUN;VERB,,"noun, also verb",,,absent,,,
coker,2.74,0,0,3,The industrial plant in which coke is manufactured,,,noun:3,noun,False,0,,,,False,True,False,,,,,,absent,,,
stig,2.74,0,0,2,"Someone from a poor background, with poor dress sense.",,,noun:2;verb:1,noun,False,0,,,,False,True,False,,,,,,absent,,,
mahi,2.74,0,1,1,the work required to complete a task,,,noun:1,noun,False,0,,,,False,True,False,,,,,,absent,,,
bru,2.74,0,0,1,bro; bra; term of address for a man,,,intj:1;noun:1,intj,False,0,,,,False,True,False,,,,,,absent,,,
ghibli,2.74,0,0,1,sirocco,,,noun:1,noun,False,0,,,,False,True,False,,,,,,absent,,,
dur,2.74,0,0,1,A marijuana dealer.,,,adj:1;intj:1;noun:1,adj,False,0,,,,False,True,False,,,,,,absent,,,
amicus,2.74,0,0,1,Someone not a party to a case who submits a brief and/or presents oral argument in that case.,,,noun:1,noun,False,4,ADJ,0.0,,False,True,False,,,,,,absent,,,
mib,2.74,0,0,1,"A marble (glass ball used in games), especially one used as a target.",,,noun:1,noun,False,0,,,,False,True,False,,,,,,absent,,,
noob,2.74,0,0,2,"A newb or newbie; someone who is new to a game, concept, or idea; implying a lack of experience.",,,noun:2,noun,False,0,,,,False,True,False,,,,,,absent,,,
lexie,2.74,0,0,1,"A minimal unit of reading, such as a sentence or sentence fragment",,,noun:1,noun,False,0,,,,False,True,False,,,,,,absent,,,
flor,2.74,1,1,1,"A film of yeast that develops on the surface of some wines during fermentation, induced deliberately during the production of sherry.",,,noun:1,noun,False,1,PROPN,0.0,,False,True,False,,,,,,absent,,,
moya,2.74,1,1,1,"Flowing mud associated with a volcanic eruption (especially in South America), formed when snow or a lake near a volcano is disrupted, or when rain or steam mixes with soil or ash during an eruption.",,,noun:1,noun,False,0,,,,False,True,False,,,,,,absent,,,
laine,2.74,0,0,1,an area of arable land at the foot of a hill,,,noun:1,noun,False,0,,,,False,True,False,,,,,,absent,,,
rasa,2.74,0,0,1,An essential mental state; the dominant emotional theme of a work.,,,noun:1,noun,False,2,OTHER,0.0,,False,True,False,,,,,,absent,,,
yuen,2.74,0,0,1,A crowned gibbon or pileated gibbon (Hylobates pileatus),,,noun:1,noun,False,2,PROPN,0.0,,False,True,False,,,,,,absent,,,
redstone,2.74,0,1,2,A type of versatile material used to create electrical circuits and mechanisms.,,,noun:2,noun,False,3,PROPN,0.0,,False,True,False,,,,,,absent,,,
boardman,2.73,0,0,1,A person who wears a sandwich board.,,,noun:1,noun,False,4,PROPN,0.0,,False,True,False,,,,,,absent,,,
fishman,2.73,0,0,1,A man who sells fish.,,,noun:1,noun,False,3,PROPN,0.0,,False,True,False,,,,,,absent,,,
aro,2.73,0,0,1,A person who is aromantic.,,,adj:1;noun:1,adj,False,0,,,,False,True,False,,,,,,absent,,,
allo,2.73,0,0,1,One who is allosexual and/or alloromantic.,,,adj:1;intj:1;noun:1,adj,False,1,OTHER,0.0,,False,True,False,,,,,,absent,,,
fifi,2.73,0,0,1,An improvised vagina substitute used for masturbation.,,,noun:1,noun,False,0,,,,False,True,False,,,,,,absent,,,
bigg,2.73,0,1,1,A kind of barley.,,,adj:1;noun:1;verb:1,adj,False,0,,,,False,True,False,,,,,,absent,,,
oba,2.73,0,0,1,A king of a Yoruba polity.,,,noun:1,noun,False,2,PROPN,0.0,,False,True,False,,,,,,absent,,,
amiga,2.73,0,0,1,A female friend.,,,noun:1,noun,False,1,PROPN,0.0,,False,True,False,,,,,,absent,,,
starcraft,2.73,0,1,2,"The art of interpreting or reading the stars, astrology.",,,noun:2,noun,False,0,,,,False,True,False,,,,,,absent,,,
kimura,2.73,0,0,1,An armlock where the implementer isolates the opponent's arm and torques the shoulder in order to cause pain or injury.,,,noun:1,noun,False,0,,,,False,True,False,,,,,,absent,,,
winehouse,2.73,0,0,3,The building on a vineyard in which the winepress is located.,,,noun:3,noun,False,0,,,,False,True,False,,,,,,absent,,,
powerball,2.73,0,0,1,Synonym of speedball (“mixture of drugs”).,,,noun:1,noun,False,0,,,,False,True,False,,,,,,absent,,,
muni,2.72,1,1,6,A municipal bond.,municycling,,noun:6;verb:1,noun,True,4,PROPN,0.25,,False,True,False,,,,,,absent,,,
tink,2.72,0,0,2,"A sharp, quick sound; a tinkle.",,,noun:2;verb:2,noun,False,0,,,,False,True,False,,,,,,absent,,,
stormwater,2.72,1,1,1,"Water that is not absorbed into soil and rapidly flows downstream, increasing the level of waterways. In some municipal systems it intermixes with wastewater, increasing the volume of the latter.",,,noun:1,noun,False,0,,,,False,True,False,,,,,,absent,,,
noh,2.72,0,1,1,A form of classical Japanese music drama.,,,noun:1,noun,False,0,,,,False,True,False,,,,,,absent,,,
rearview,2.72,0,0,1,Synonym of rearview mirror.,,,adj:1;noun:1,adj,False,0,,,,False,True,False,,,,,,absent,,,
gooch,2.72,0,0,1,The perineum.,,,noun:1;verb:1,noun,False,0,,,,False,True,False,,,,,,absent,,,
rada,2.72,0,0,2,A parliamentary body in a number of Slavic countries.,,,noun:2,noun,False,0,,,,False,True,False,,,,,,absent,,,
cem,2.72,0,0,1,cemetery,,,noun:1,noun,False,1,PROPN,0.0,,False,True,False,,,,,,absent,,,
schooler,2.72,0,0,2,"A student, or in some cases member, of a particular type of school or schooling. (ordinarily used in combinations such as ""high schooler"")",,,noun:2,noun,False,0,,,,False,True,False,,,,,,absent,,,
hala,2.72,0,0,1,"Pandanus tectorius, a screw pine native to Malesia, eastern Australia, and the Pacific Islands.",,,adj:1;noun:1,adj,False,0,,,,False,True,False,,,,,,absent,,,
toa,2.71,1,1,3,"A small painted artifact made by the Diyari people of Australia, believed to have been used as place markers or signposts.",,,noun:3,noun,False,0,,,,False,True,False,,,,,,absent,,,
wizarding,2.71,0,1,1,"The magical work of a wizard; sorcery, witchcraft.",,,noun:1;verb:1,noun,False,1,ADJ,0.0,,False,True,False,,,"verb form (-ing, morphology)",,,absent,,,
cour,2.71,0,0,2,"A three-month unit of television broadcasting, corresponding to one of the four seasons.",,,noun:2,noun,False,0,,,,False,True,False,,,,,,absent,,,
tol,2.71,0,0,1,Lot.,,,adj:1;noun:1,adj,False,0,,,,False,True,False,,,,,,absent,,,
evs,2.71,0,1,1,Odds of 1:1; even money.,,,noun:1,noun,False,0,,,,False,True,False,,,,,,absent,,,
stade,2.71,0,0,10,Synonym of stadion (“former Greek unit of distance”).,,,noun:10,noun,False,0,,,,False,True,False,,,,,,absent,,,
dewar,2.71,0,0,1,"A vacuum flask; a vessel which keeps its contents hotter or cooler than their environment without the need to modify the pressure, by interposing an evacuated region to provide thermal insulation betw",,,noun:1,noun,False,3,PROPN,0.0,,False,True,False,,,,,,absent,,,
futsal,2.71,0,1,1,"A form of soccer played indoors, with five players per team.",,,noun:1,noun,False,0,,,,False,True,False,,,adjective-like (morphology),,,absent,,,
tarek,2.71,0,0,1,Synonym of pearl mullet.,,,noun:1,noun,False,0,,,,False,True,False,,,,,,absent,,,
postgame,2.71,0,0,2,A postgame show.,,,adj:2;noun:2,adj,False,0,,,,False,True,False,,,,,,absent,,,
lazer,2.7,0,0,2,One who lazes.,,,noun:2,noun,False,0,,,,False,True,False,,,,,,absent,,,
bento,2.7,0,0,5,"A Japanese takeaway lunch served in a box, often with the food arranged into an elaborate design.",,,noun:5,noun,False,0,,,,False,True,False,,,,,,absent,,,
crim,2.7,0,0,2,A criminal.,,,noun:2,noun,False,1,PROPN,0.0,,False,True,False,,,,,,absent,,,
haymarket,2.7,0,0,1,A market that sells hay as animal fodder.,,,noun:1,noun,False,0,,,,False,True,False,,,,,,absent,,,
bridger,2.7,0,0,3,One who builds bridges,,,noun:3,noun,False,1,PROPN,0.0,,False,True,False,,,,,,absent,,,
reposting,2.7,0,0,2,The act of posting something again.,,,noun:2;verb:1,noun,False,0,,,,False,True,False,,,"verb form (-ing, morphology)",,,absent,,,
interagency,2.7,0,0,1,intermediate agency,,,adj:1;noun:1,adj,False,2,NOUN,1.0,,False,True,False,,,,,,absent,,,
pala,2.7,0,1,2,A part of an insect's leg that is spade-shaped and can be used as a scoop for feeding.,,,noun:2,noun,False,0,,,,False,True,False,,,,,,absent,,,
vag,2.7,0,0,3,"Vagina (or, by extension, vulva).",,,verb:4;noun:3,verb,False,0,,,,False,True,False,,,,,,absent,,,
passcode,2.7,0,0,1,A string of characters used for authentication on a digital device.,,,noun:1,noun,False,5,NOUN,1.0,,False,True,False,,,,,,absent,,,
chipset,2.7,0,0,1,"A group of integrated circuits that are designed to work together, and are usually marketed as a single product.",,,noun:1,noun,False,0,,,,False,True,False,,,,,,absent,,,
chitty,2.7,0,0,2,"A small note, such as a pass or voucher slip; any scrip; a company chit.",chetty,,adj:4;noun:2,adj,False,0,,,,False,True,False,,,,,,absent,,,
bayside,2.7,0,0,1,The side or shore of a bay.,,,adj:1;noun:1,adj,False,1,PROPN,0.0,,False,True,False,,,,,,absent,,,
hardman,2.7,0,0,2,A man who is particularly tough or muscular,,,noun:2,noun,False,0,,,,False,True,False,,,,,,absent,,,
homeownership,2.7,0,1,1,The state of being a homeowner.,,,noun:1,noun,False,4,NOUN,0.75,,False,True,False,,,,,,absent,,,
onesie,2.69,0,0,3,Any of various one-piece attires:,,,noun:3,noun,False,1,NOUN,1.0,,False,True,False,,,,,,absent,,,
oppo,2.69,1,1,2,"A friend, associate or colleague.",,,noun:2,noun,False,0,,,,False,True,False,,,,,,absent,,,
wagga,2.69,0,0,1,"A rug created from material scraps, small raw wool scraps and hessian bags.",,,noun:1,noun,False,0,,,,False,True,False,,,,,,absent,,,
arran,2.69,0,0,1,spider,,,noun:1,noun,False,0,,,,False,True,False,,,,,,absent,,,
brough,2.69,0,0,1,"A halo or luminous disk or ring seen around the sun or moon, and in folklore considered to portend a rainstorm.",,,noun:1,noun,False,0,,,,False,True,False,,,,,,absent,,,
glyphosate,2.69,1,1,2,"N-phosphonomethyl glycine, the active ingredient of several herbicides that inhibit a plant growth enzyme.",,,noun:2,noun,False,0,,,,False,True,False,,,,,,absent,,,
goddam,2.69,0,0,1,"An English person, from the perspective of a French person or in the context of French history, originating during the Hundred Years' War.",,,intj:1;noun:1,intj,False,4,ADJ,0.0,,False,True,False,,,,,,absent,,,
midseason,2.69,0,0,1,"The middle part of a season, such as a sporting, television, or growing season.",,,adj:1;noun:1,adj,False,0,,,,False,True,False,,,,,,absent,,,
webcomic,2.69,0,0,1,"An online comic, especially one first published on the Internet.",,,noun:1,noun,False,1,NOUN,1.0,,False,True,False,,,adjective-like (morphology),,,absent,,,
indio,2.69,0,0,1,"A member of one of various indigenous peoples in the Americas, Pacific, and East Asia formerly subject to Spain or Portugal, specifically a Native American in Mexico or Brazil, or an indigenous inhabi",,,noun:1,noun,False,0,,,,False,True,False,,,,,,absent,,,
reo,2.69,0,1,3,A reinforcement (additional soldiers).,,,noun:3,noun,False,0,,,,False,True,False,,,,,,absent,,,
keeler,2.69,0,0,3,One who works on a barge or keel.,,,noun:3,noun,False,3,PROPN,0.0,,False,True,False,,,,,,absent,,,
quinton,2.69,0,0,1,A type of violin that had five strings,,,noun:1,noun,False,0,,,,False,True,False,,,,,,absent,,,
kirin,2.68,0,0,1,Synonym of qilin; typically used in Japanese contexts.,,,noun:1,noun,False,2,PROPN,0.0,,False,True,False,,,,,,absent,,,
sich,2.68,0,0,1,An administrative and military centre for the Zaporozhian and Danube Cossacks.,,,adj:1;noun:1;pron:1,adj,False,0,,,,False,True,False,,,,,,absent,,,
majlis,2.68,0,0,2,"A council, assembly, or public meeting, in some Muslim countries or territories.",,,noun:2,noun,False,0,,,,False,True,False,,,,,,absent,,,
foi,2.68,0,0,1,A depiction of a handshake.,,,noun:1,noun,False,0,,,,False,True,False,,,,,,absent,,,
mandi,2.68,0,1,3,"A traditional style of washing oneself in Indonesia and Malaysia, using a small container to scoop water out of a larger container and pour it over the body.",,,noun:3,noun,False,0,,,,False,True,False,,,,,,absent,,,
foie,2.68,0,1,1,Ellipsis of foie gras.,foie gras,,noun:1,noun,True,2,NOUN,1.0,,False,True,False,,,,,,absent,,,
nau,2.68,0,0,1,Synonym of carrack.,,,noun:1,noun,False,0,,,,False,True,False,,,,,,absent,,,
abra,2.68,0,0,2,a narrow mountain or mesa pass,,,noun:2,noun,False,1,PROPN,0.0,,False,True,False,,,,,,absent,,,
spyder,2.68,0,0,2,"A lightweight, open-topped horse-drawn carriage.",,,noun:2,noun,False,0,,,,False,True,False,,,,,,absent,,,
playthrough,2.68,0,0,2,"The act, or a recording, of playing a game from start to finish.",,,noun:2,noun,False,0,,,,False,True,False,,,,,,absent,,,
airtel,2.68,0,0,1,"A form of communication formerly used within the FBI, indicating a letter that had to be typed and mailed on the same day.",,,noun:1,noun,False,0,,,,False,True,False,,,,,,absent,,,
bodyweight,2.68,1,1,1,The weight or mass of an organism.,,,adj:1;noun:1,adj,False,1,NOUN,1.0,,False,True,False,,,,,,absent,,,
batgirl,2.68,0,0,1,The female equivalent of a batboy.,,,noun:1,noun,False,0,,,,False,True,False,,,,,,absent,,,
sark,2.68,0,0,2,"A garment worn against the torso, inclusive of shirts, tunics, undershirts, nightshirts, surplices.",,,noun:2;verb:1,noun,False,1,PROPN,0.0,,False,True,False,,,,,,absent,,,
franky,2.68,0,0,1,Synonym of Frankenstein.,,,noun:1,noun,False,0,,,,False,True,False,,,,,,absent,,,
winnebago,2.68,0,0,1,A motorhome; a recreational vehicle (RV).,,,noun:1,noun,False,1,PROPN,0.0,,False,True,False,,,,,,absent,,,
oceanside,2.67,0,0,1,The area by and around the ocean.,,,adj:1;adv:1;noun:1,adj,False,1,PROPN,0.0,,False,True,False,,,,,,absent,,,
podcasting,2.67,0,1,1,"The distribution of multimedia files over the Internet for playback on a mobile device, often in MP3 format.",,,noun:1;verb:1,noun,False,0,,,,False,True,False,,,"verb form (-ing, morphology)",,,absent,,,
spina,2.67,0,0,3,A spine; the backbone.,,,noun:3,noun,False,0,,,,False,True,False,,,,,,absent,,,
codec,2.67,0,0,2,A device or program capable of performing transformations on a data stream or signal.,,,noun:2,noun,False,0,,,,False,True,False,,,,,,absent,,,
tuan,2.67,0,0,2,"A brush-tailed phascogale (Phascogale tapoatafa), endemic to Australia.",,,noun:2,noun,False,0,,,,False,True,False,,,,,,absent,,,
chesney,2.67,0,0,1,An indentation in the slate of a table that affects the path of a ball travelling over it,,,noun:1,noun,False,0,,,,False,True,False,,,,,,absent,,,
rereading,2.67,0,0,1,A second or subsequent reading.,,,noun:1;verb:1,noun,False,1,VERB,0.0,,False,True,False,NOUN;VERB,,"noun, also verb",,,absent,,,
rulebook,2.67,0,0,1,A book containing a set of rules.,,,noun:1,noun,False,0,,,,False,True,False,,,,,,absent,,,
lichfield,2.67,0,0,1,Synonym of burial ground.,,,noun:1,noun,False,0,,,,False,True,False,,,,,,absent,,,
pullin,2.67,0,0,1,poultry,,,noun:1,noun,False,2,NOUN,0.5,,False,True,False,,,,,,absent,,,
alm,2.67,0,0,1,Something given to the poor as charity: a singular gift of alms.,,,noun:1,noun,False,0,,,,False,True,False,,,,,,absent,,,
mair,2.67,0,0,1,One of various former royal officials in the Kingdom of Scotland.,,,adj:1;adv:1;noun:1,adj,False,0,,,,False,True,False,,,,,,absent,,,
capa,2.66,1,1,2,A Spanish cloak.,,,noun:2,noun,False,0,,,,False,True,False,,,,,,absent,,,
otaku,2.66,0,0,1,"One with an obsessive interest in something, particularly (originally derogatory) an obsessive Japanese fan of anime or manga.",,,noun:1,noun,False,0,,,,False,True,False,,,,,,absent,,,
materia,2.66,0,1,1,"The physical substances which create the natural world: matter, materials, substance, etc.",,,noun:1,noun,False,0,,,,False,True,False,,,,,,absent,,,
rit,2.66,0,0,1,"A scratch, a score or a groove.",,,verb:3;adv:1;noun:1,verb,True,0,,,,False,True,False,,,,,,absent,,,
pima,2.66,0,1,1,A soft form of cotton having long fibres (Gossypium barbadense),,,noun:1,noun,False,0,,,,False,True,False,,,,,,absent,,,
ripon,2.66,0,0,1,A spur (goad for a horse etc.).,,,noun:1,noun,False,0,,,,False,True,False,,,,,,absent,,,
nighter,2.66,0,0,1,Someone or something who does something for a certain number of nights,,,noun:1,noun,False,0,,,,False,True,False,,,,,,absent,,,
lolo,2.66,0,0,1,a grandfather,,,noun:1,noun,False,0,,,,False,True,False,,,,,,absent,,,
wald,2.66,1,1,3,Power; strength.,,,noun:3;verb:1,noun,False,2,PROPN,0.0,,False,True,False,,,,,,absent,,,
airsoft,2.66,0,1,1,A modern combat sport in which participants eliminate their opponents by hitting them with spherical non-metallic pellets launched from a type of air gun running compressed air or similar compressed g,,,noun:1,noun,False,0,,,,False,True,False,,,,,,absent,,,
millicent,2.66,0,0,1,One thousandth of a cent (used in securities trading).,,,noun:1,noun,False,2,PROPN,0.0,,False,True,False,,,,,,absent,,,
cuck,2.66,0,0,3,A cuckold or cuckquean.,,,verb:5;noun:3,verb,False,0,,,,False,True,False,,,,,,absent,,,
pathophysiology,2.66,1,1,1,The physiological processes associated with disease or injury.,,,noun:1,noun,False,2,NOUN,0.5,,False,True,False,,,,,,absent,,,
nanoscale,2.65,0,0,2,A measuring tool with gradations in nanometers.,,,noun:2;adj:1,noun,False,0,,,,False,True,False,,,,,,absent,,,
morin,2.65,0,1,1,"A yellow flavonoid, extracted from fustic, once used to dye wool",,,noun:1,noun,False,0,,,,False,True,False,,,,,,absent,,,
blogosphere,2.65,0,0,1,"The totality of blogs, especially the unique jargon, cultures and shared interests created by their interconnection.",,,noun:1,noun,False,1,NOUN,1.0,,False,True,False,,,,,,absent,,,
lycra,2.65,0,1,1,Letter case form of Lycra.,,,noun:1,noun,False,0,,,,False,True,False,,,,,,absent,,,
snark,2.65,0,1,4,an attitude or expression of mocking irreverence and sarcasm.,,,noun:4;verb:2,noun,False,0,,,,False,True,False,,,,,,absent,,,
tuk,2.65,0,1,1,"A Barbadian musical style, based on British regimental music of the colonial era, but accompanied by costumed performances based on African characters.",,,noun:1,noun,False,0,,,,False,True,False,,,,,,absent,,,
padma,2.65,0,0,1,lotus blossom,,,noun:1,noun,False,0,,,,False,True,False,,,,,,absent,,,
coinbase,2.65,0,0,1,The transaction that is automatically created in every Bitcoin block to reward the miner.,,,noun:1,noun,False,0,,,,False,True,False,,,,,,absent,,,
synthase,2.65,0,0,2,Any enzyme that catalyzes the synthesis of a biological compound.,,,noun:2,noun,False,0,,,,False,True,False,,,,,,absent,,,
tulsi,2.65,0,1,1,"Holy basil, Ocimum tenuiflorum.",,,noun:1,noun,False,0,,,,False,True,False,,,,,,absent,,,
pyro,2.65,1,1,5,A pyromaniac.,,,noun:5;adj:2,noun,False,0,,,,False,True,False,,,,,,absent,,,
gilda,2.65,0,0,1,"A Spanish snack consisting of olives and chili pepper served on a small stick (like a toothpick), often with anchovy.",,,noun:1,noun,False,0,,,,False,True,False,,,,,,absent,,,
sault,2.65,0,0,3,Assault.,,,noun:3,noun,False,0,,,,False,True,False,,,,,,absent,,,
nak,2.65,0,0,1,A female yak.,,,noun:1,noun,False,4,NOUN,0.75,,False,True,False,,,,,,absent,,,
sais,2.65,0,0,2,"A groom, or servant with responsibility for the horses.",,,noun:2;verb:1,noun,False,0,,,,False,True,False,,,,,,absent,,,
americano,2.65,1,1,2,A drink made of espresso coffee diluted with hot water.,,,noun:2,noun,False,0,,,,False,True,False,,,,,,absent,,,
rta,2.65,0,1,1,The Vedic principle of natural order that regulates the operation of the universe.,,,noun:1,noun,False,0,,,,False,True,False,,,,,,absent,,,
riva,2.65,0,0,1,A rift or cleft.,,,noun:1,noun,False,0,,,,False,True,False,,,,,,absent,,,
biodiesel,2.65,1,1,1,"Fuel for diesel engines made from renewable organic raw materials, as opposed to fossil hydrocarbons.",,,noun:1,noun,False,0,,,,False,True,False,,,,,,absent,,,
esperanza,2.65,0,1,1,yellow bells (Tecoma stans),,,noun:1,noun,False,1,PROPN,0.0,,False,True,False,,,,,,absent,,,
powertrain,2.65,0,0,1,"The group of components in a vehicle that generate power and deliver it to the road surface, water, or air.",,,noun:1,noun,False,0,,,,False,True,False,,,,,,absent,,,
caron,2.65,0,0,1,háček,,,noun:1,noun,False,2,PROPN,0.0,,False,True,False,,,,,,absent,,,
cussing,2.65,0,0,1,"The act of one who cusses, or uses bad language.",,,noun:1;verb:1,noun,False,1,NOUN,1.0,,False,True,False,,,"verb form (-ing, morphology)",,,absent,,,
moh,2.64,0,1,1,"Attachment to the transient material world, which hinders the soul's search for its ultimate goal and is therefore one of the Five Evils.",,,adj:1;noun:1,adj,False,0,,,,False,True,False,,,,,,absent,,,
alban,2.64,0,1,1,A white crystalline resinous substance extracted from gutta-percha by the action of alcohol or ether.,,,noun:1,noun,False,0,,,,False,True,False,,,,,,absent,,,
shaheen,2.64,0,0,1,The shaheen falcon,,,noun:1,noun,False,0,,,,False,True,False,,,,,,absent,,,
sweetwater,2.64,1,1,4,"A variety of white grape, better known as Chasselas.",sweet water,,noun:4,noun,False,1,PROPN,0.0,,False,True,False,,,,,,absent,,,
birding,2.64,0,1,2,birdwatching,,,noun:2,noun,False,2,NOUN,0.5,,False,True,False,,,"verb form (-ing, morphology)",,,absent,,,
embiid,2.64,0,0,1,Any of the webspinners of the family Embiidae.,,,noun:1,noun,False,0,,,,False,True,False,,,,,,absent,,,
reit,2.64,1,1,1,sedge; seaweed,,,noun:1,noun,False,0,,,,False,True,False,,,,,,absent,,,
asr,2.64,0,1,1,The afternoon Islamic prayer.,,,noun:1,noun,False,0,,,,False,True,False,,,,,,absent,,,
kemper,2.64,0,0,1,"One who kemps, or strives, for superiority; a champion or knight-errant.",,,noun:1,noun,False,2,PROPN,0.0,,False,True,False,,,,,,absent,,,
showrunner,2.64,0,0,1,The person in overall charge of the production of a television series.,,,noun:1,noun,False,0,,,,False,True,False,,,,,,absent,,,
fisting,2.64,1,1,1,The act or sexual practice of inserting one or both hands into the vagina or rectum of oneself or one's sexual partner.,,,noun:1;verb:1,noun,False,0,,,,False,True,False,,,"verb form (-ing, morphology)",,,absent,,,
fido,2.64,0,0,1,"A coin that is defective, having been incorrectly minted, often prized by collectors.",,,noun:1,noun,False,1,NOUN,1.0,,False,True,False,,,,,,absent,,,
jor,2.64,0,0,1,"In Indian music, a formal section of composition in the long elaboration (alap) of a raga that forms the beginning of a performance.",,,noun:1,noun,False,0,,,,False,True,False,,,,,,absent,,,
baka,2.64,0,0,2,"An evil spirit in Haitian belief, often in the form of an animal.",,,noun:2;adj:1,noun,False,0,,,,False,True,False,,,,,,absent,,,
sturt,2.64,0,0,3,"In an embryo, an angle equal to two gons. If a mosaic forms in the embryo, the line passes between two organs with a probability, in percent, equal to the number of sturts between them.",,,noun:3;verb:2,noun,False,0,,,,False,True,False,,,,,,absent,,,
absentia,2.64,0,0,1,absence,,,noun:1,noun,False,1,NOUN,1.0,,False,True,False,,,,,,absent,,,
docklands,2.64,0,0,1,"An area of a town or city which contains, or used to contain, an industrial port.",,,noun:1,noun,False,0,,,,False,True,False,,,,,,absent,,,
ghani,2.64,0,0,1,A powered mortar and pestle used to extract oil.,,,noun:1,noun,False,0,,,,False,True,False,,,,,,absent,,,
aspirational,2.64,0,0,1,A person with aspirations.,,,adj:3;noun:1,adj,False,1,ADJ,0.0,,False,True,False,,,adjective-like (morphology),,,absent,,,
capitan,2.64,0,0,1,Captain (in Spanish-speaking contexts).,,,noun:1,noun,False,0,,,,False,True,False,,,,,,absent,,,
naka,2.64,0,0,1,A place where workers assemble to seek employment.,,,noun:1,noun,False,0,,,,False,True,False,,,,,,absent,,,
nabi,2.64,0,0,1,A prophet of Islam.,,,noun:1,noun,False,0,,,,False,True,False,,,,,,absent,,,
lightroom,2.64,0,0,2,"A small room from which the magazine of a naval vessel is lighted, being separated from the magazine by heavy glass windows.",,,noun:2,noun,False,1,NOUN,1.0,,False,True,False,,,,,,absent,,,
gameday,2.64,0,0,1,The day on which a sports team plays a game.,,,noun:1,noun,False,0,,,,False,True,False,,,,,,absent,,,
fibromyalgia,2.63,1,1,1,"A condition characterized by chronic pain, stiffness, and tenderness of the muscles, tendons, and joints.",,,noun:1,noun,False,1,PROPN,0.0,,False,True,False,,,,,,absent,,,
kono,2.63,0,0,1,A traditional Maori woven basket.,,,noun:1,noun,False,0,,,,False,True,False,,,,,,absent,,,
bitrate,2.63,0,0,1,"The frequency at which bits (binary digits) pass a given physical or metaphorical point, measured in bps (bits per second).",,,noun:1,noun,False,0,,,,False,True,False,,,,,,absent,,,
naik,2.63,0,0,2,A lord or governor in South Asia.,,,noun:2,noun,False,0,,,,False,True,False,,,,,,absent,,,
nep,2.63,0,1,3,"Catmint, catnip; Nepeta cataria.",,,noun:3;verb:1,noun,False,4,PROPN,0.0,,False,True,False,,,,,,absent,,,
rebooting,2.63,0,0,1,"The act by which something (a computer, a TV series, etc.) is rebooted.",,,noun:1;verb:1,noun,False,0,,,,False,True,False,,,"verb form (-ing, morphology)",,,absent,,,
peele,2.63,0,0,1,"A kind of antelope, the rhebok, Pelea capreolus.",,,noun:1,noun,False,0,,,,False,True,False,,,,,,absent,,,
curation,2.63,1,1,4,"The act of curating, of organizing and maintaining a collection of artworks or artifacts.",,,noun:4,noun,False,0,,,,False,True,False,,,,,,absent,,,
qual,2.63,1,1,3,"Qualifying exam. An exam taken by someone (usually a grad student or prospective grad student) to measure their mastery in something, usually an academic field.",quali,,noun:3;adj:1,noun,True,0,,,,False,True,False,,,,,,absent,,,
humpty,2.63,0,0,1,Synonym of humpty-dumpty (“an inferior player”).,,,adj:1;noun:1,adj,False,3,PROPN,0.0,,False,True,False,,,,,,absent,,,
novi,2.63,0,0,1,A new pupil.,,,noun:1,noun,False,0,,,,False,True,False,,,,,,absent,,,
elven,2.63,0,0,2,"Originally, a female elf, a fairy, a nymph; (by extension) any elf.",,,noun:2;adj:1,noun,False,0,,,,False,True,False,,,,,,absent,,,
tasker,2.63,0,0,3,One who imposes a task.,,,noun:3,noun,False,0,,,,False,True,False,,,,,,absent,,,
uhuru,2.63,0,1,1,freedom,,,noun:1,noun,False,0,,,,False,True,False,,,,,,absent,,,
loy,2.63,0,0,1,A type of one-eared spade used in Ireland.,,,noun:1,noun,False,1,PROPN,0.0,,False,True,False,,,,,,absent,,,
shaka,2.63,0,0,1,"A greeting gesture in which the thumb and little finger are extended while curling the three middle fingers in a semi-fist, used to express a variety of positive meanings including all right, hello an",,,noun:1,noun,False,0,,,,False,True,False,,,,,,absent,,,
digi,2.63,0,0,1,A scale (weighing device) with a digital readout.,,,noun:1,noun,False,1,PROPN,0.0,,False,True,False,,,,,,absent,,,
hilal,2.63,0,0,1,"The crescent moon, used in determining the start and end of Islamic months in the Hijri calendar.",,,adj:1;noun:1,adj,False,0,,,,False,True,False,,,,,,absent,,,
bandar,2.62,0,0,1,A rhesus macaque.,,,noun:1,noun,False,2,PROPN,0.0,,False,True,False,,,,,,absent,,,
koji,2.62,0,1,2,"A substance that is produced by letting a mold, especially Aspergillus oryzae, grow on rice, barley, soybeans, etc., used to make fermented products such as sake, amazake, miso, and soy sauce.",,,noun:2,noun,False,0,,,,False,True,False,,,,,,absent,,,
amira,2.62,0,0,1,A member of a wealthy class of Armenian grandees in Constantinople which was in charge of national Armenian matters in the Ottoman Empire before the Armenian National Constitution of 1860 was adopted.,,,noun:1,noun,False,1,PROPN,0.0,,False,True,False,,,,,,absent,,,
moria,2.62,0,1,1,Excessive frivolity; an inability to be serious.,,,noun:1,noun,False,0,,,,False,True,False,,,,,,absent,,,
tomo,2.62,0,0,1,A shaft formed in limestone rock dissolved by groundwater.,,,noun:1,noun,False,0,,,,False,True,False,,,,,,absent,,,
saya,2.62,0,0,1,A skirt.,,,noun:1,noun,False,2,NOUN,0.5,,False,True,False,,,,,,absent,,,
sook,2.62,0,0,7,Familiar name for a calf.,souq,,noun:7;intj:3;verb:2,noun,False,0,,,,False,True,False,,,,,,absent,,,
cabbie,2.62,0,0,1,A cabdriver; someone who drives a taxi.,,,noun:1,noun,False,0,,,,False,True,False,,,,,,absent,,,
kaiju,2.62,0,0,1,"A fictional giant monster, particularly of the kind found in Japanese science fiction films and other media, like Godzilla, King Kong or Gamera.",,,noun:1,noun,False,0,,,,False,True,False,,,,,,absent,,,
jit,2.62,0,1,6,"An inexperienced, foolhardy young man.",,,noun:6;verb:3,noun,False,0,,,,False,True,False,,,,,,absent,,,
highgate,2.62,0,0,1,A highway.,,,noun:1,noun,False,0,,,,False,True,False,,,,,,absent,,,
fenty,2.62,0,0,1,Fentanyl.,,,noun:1,noun,False,0,,,,False,True,False,,,,,,absent,,,
vel,2.62,0,0,1,"The ∨ symbol used to represent the inclusive or, which is a logical connective.",,,noun:1,noun,False,1,NOUN,1.0,,False,True,False,,,,,,absent,,,
maulana,2.62,0,0,2,"A religious scholar, especially in Central and South Asia.",,,noun:2,noun,False,1,PROPN,0.0,,False,True,False,,,,,,absent,,,
mofo,2.62,0,0,1,Syllabic abbreviation of motherfucker.,,,adj:1;adv:1;noun:1,adj,False,1,NOUN,1.0,,False,True,False,,,,,,absent,,,
ase,2.62,0,1,1,An essential energy in West African religions.,,,noun:1,noun,False,1,PROPN,0.0,,False,True,False,,,,,,absent,,,
gog,2.62,0,1,1,Haste; ardent desire to go.,,,noun:1,noun,False,1,PROPN,0.0,,False,True,False,,,,,,absent,,,
kitt,2.62,0,0,1,the kittiwake.,,,noun:1,noun,False,0,,,,False,True,False,,,,,,absent,,,
bizarro,2.61,1,1,2,"weirdo, misfit",,,adj:3;noun:2,adj,False,0,,,,False,True,False,,,,,,absent,,,
bly,2.61,0,0,1,Likeness; resemblance; look aspect; species; character.,,,noun:1,noun,False,1,PROPN,0.0,,False,True,False,,,,,,absent,,,
huerta,2.61,0,1,1,The area of Murcia and Valencia with fertile ground.,,,noun:1,noun,False,0,,,,False,True,False,,,,,,absent,,,
cryo,2.61,0,1,2,cryoprecipitate,,,noun:2,noun,False,0,,,,False,True,False,,,,,,absent,,,
feely,2.61,0,0,1,A child; a young person.,,,adj:2;noun:1,adj,False,0,,,,False,True,False,,,,,,absent,,,
martel,2.61,0,0,1,"A hammer, especially a war hammer.",,,noun:1;verb:1,noun,False,0,,,,False,True,False,,,,,,absent,,,
jamaat,2.61,0,0,3,Party; community; group; assembly.,,,noun:3,noun,False,0,,,,False,True,False,,,,,,absent,,,
smartass,2.61,0,0,2,"Synonym of know-it-all, an obnoxious clever person or a person making obnoxious efforts to seem clever by acting or behaving as if they know everything.",,,noun:2;adj:1;verb:1,noun,False,0,,,,False,True,False,,,,,,absent,,,
aris,2.61,0,0,1,arse,,,noun:1,noun,False,0,,,,False,True,False,,,,,,absent,,,
hummel,2.61,0,0,2,A stag that has failed to grow antlers; a cow that has not developed horns.,,,noun:2;verb:2,noun,False,0,,,,False,True,False,,,,,,absent,,,
brava,2.61,0,0,1,"A shout of ""brava!"".",,,intj:1;noun:1,intj,False,1,OTHER,0.0,,False,True,False,,,,,,absent,,,
bodhi,2.61,0,1,1,The state of enlightenment that finally ends the cycle of death and rebirth and leads to nirvana.,,,noun:1,noun,False,1,PROPN,0.0,,False,True,False,,,,,,absent,,,
intermodal,2.61,0,0,1,A shipping container for intermodal use.,,,adj:1;noun:1,adj,False,0,,,,False,True,False,,,adjective-like (morphology),,,absent,,,
kenner,2.61,0,0,1,One who kens or knows.,,,noun:1,noun,False,0,,,,False,True,False,,,,,,absent,,,
moc,2.61,0,0,1,moccasin (type of shoe),,,noun:1,noun,False,0,,,,False,True,False,,,,,,absent,,,
chibi,2.61,1,1,2,"A child-like character with exaggerated features, particularly in anime.",,,noun:2,noun,False,0,,,,False,True,False,,,,,,absent,,,
ronson,2.61,0,0,1,M4 Sherman tank - due to the proclivity of Shermans to burst into flames from a single hit,,,noun:1,noun,False,0,,,,False,True,False,,,,,,absent,,,
thorin,2.61,0,1,1,"A highly toxic indicator used in the determination of barium, beryllium, lithium, uranium and thorium compounds.",,,noun:1,noun,False,0,,,,False,True,False,,,,,,absent,,,
gangbang,2.61,0,0,3,An act of two or more people having sex with one person who is the focus of the sexual activity.,,,noun:3;verb:2,noun,False,0,,,,False,True,False,,,,,,absent,,,
hab,2.61,0,0,3,A habitation or habitation facility.,,,noun:3,noun,False,0,,,,False,True,False,,,,,,absent,,,
trainor,2.61,0,0,1,"A person who trains another; a coach, a trainer.",,,noun:1,noun,False,0,,,,False,True,False,,,,,,absent,,,
maas,2.61,0,1,1,sour milk,,,noun:1;verb:1,noun,False,0,,,,False,True,False,,,,,,absent,,,
injectable,2.6,0,0,1,"A liquid, such as a medicine or a Botox solution, which is injected using a needle and syringe.",,,adj:1;noun:1,adj,False,0,,,,False,True,False,,,adjective-like (morphology),,,absent,,,
nori,2.6,0,1,3,"A type of seaweed, a red alga, laver (genus Pyropia, including species P. yezoensis and P. tenera).",norry,,noun:3,noun,False,1,PROPN,0.0,,False,True,False,,,,,,absent,,,
survivability,2.6,1,1,2,The condition of being survivable,,,noun:2,noun,False,1,NOUN,1.0,,False,True,False,,,,,,absent,,,
pir,2.6,0,0,2,"A Muslim holy man or religious leader, especially Sufi.",,,noun:2,noun,False,0,,,,False,True,False,,,,,,absent,,,
mab,2.6,0,0,2,A slattern.,,,noun:2;verb:1,noun,False,0,,,,False,True,False,,,,,,absent,,,
wali,2.6,0,0,2,A provincial governor in certain Muslim contexts.,,,noun:2,noun,False,0,,,,False,True,False,,,,,,absent,,,
rutter,2.6,0,0,5,"A horseman or cavalryman, especially a German one, associated with the wars of the 16th and 17th centuries.",,,noun:5,noun,False,0,,,,False,True,False,,,,,,absent,,,
surry,2.6,0,0,1,Friend,,,noun:1,noun,False,0,,,,False,True,False,,,,,,absent,,,
blatter,2.6,1,1,3,Blather; foolish talk.,,,noun:3;verb:2,noun,False,0,,,,False,True,False,,,,,,absent,,,
zander,2.6,0,0,2,"A European freshwater fish in the family Percidae, closely related to the perch, Sander lucioperca.",,,noun:2,noun,False,0,,,,False,True,False,,,,,,absent,,,
pape,2.6,0,0,2,A painted bunting.,,,noun:2,noun,False,0,,,,False,True,False,,,,,,absent,,,
chaining,2.6,0,0,1,The act or process by which something is chained.,,,noun:1;verb:1,noun,False,0,,,,False,True,False,NOUN;VERB,,"noun, also verb",,,absent,,,
tahrir,2.6,0,0,1,a type of vocal ornamentation; especially the variant used in the Near and Middle East,,,noun:1,noun,False,0,,,,False,True,False,,,,,,absent,,,
youngblood,2.6,0,0,2,"Someone who constitutes or brings fresh blood, especially a youngster who joins an older team etc.",,,noun:2,noun,False,0,,,,False,True,False,,,,,,absent,,,
gronk,2.6,0,0,4,An unintelligent and callous person.,,,noun:4;verb:3,noun,False,0,,,,False,True,False,,,,,,absent,,,
stillman,2.6,0,0,1,The person who operates a still (device for distilling liquids).,,,noun:1,noun,False,0,,,,False,True,False,,,,,,absent,,,
croker,2.6,0,1,2,Burlap.,,,noun:2,noun,False,0,,,,False,True,False,,,,,,absent,,,
tonk,2.6,1,1,6,An illegal immigrant of any country.,,,noun:6;adj:1;intj:1;verb:1,noun,False,0,,,,False,True,False,,,,,,absent,,,
bulger,2.6,0,0,3,Something that has a bulge.,,,noun:3,noun,False,0,,,,False,True,False,,,,,,absent,,,
kawaii,2.6,0,1,2,The quality of being kawaii; cuteness.,,,noun:2;adj:1,noun,False,0,,,,False,True,False,,,,,,absent,,,
wolfpack,2.6,0,0,2,A family or other group of wild wolves.,,,noun:2;verb:1,noun,False,0,,,,False,True,False,,,,,,absent,,,
yumi,2.59,0,0,1,A type of archery bow from Japan.,,,noun:1,noun,False,0,,,,False,True,False,,,,,,absent,,,
streetwear,2.59,0,1,1,urban fashion; clothing that can be worn on the street,,,noun:1,noun,False,0,,,,False,True,False,,,,,,absent,,,
yat,2.59,0,0,3,"A vowel letter of the Cyrillic and Glagolitic alphabet (Cyrillic capital Ѣ, Cyrillic small ѣ, Glagolitic ⱑ), no longer in current use",yatt,,noun:3,noun,False,0,,,,False,True,False,,,,,,absent,,,
profiler,2.59,0,0,4,"A mechanical device that cuts complex, irregular shapes by tracing a pattern.",,,noun:4,noun,False,0,,,,False,True,False,,,,,,absent,,,
lipa,2.59,0,0,1,"A former subdivision of currency, equal to one hundredth of a Croatian kuna.",,,noun:1,noun,False,1,NOUN,1.0,,False,True,False,,,,,,absent,,,
ridgeway,2.59,0,0,1,A track or path that follows the highest part of the landscape.,,,noun:1,noun,False,0,,,,False,True,False,,,,,,absent,,,
logie,2.59,0,0,1,"A piece of fake jewellery, typically made from zinc.",,,noun:1,noun,False,0,,,,False,True,False,,,,,,absent,,,
chula,2.59,0,0,1,"A hearth, stove, or other traditional cooking-place.",,,noun:1,noun,False,0,,,,False,True,False,,,,,,absent,,,
whoring,2.59,1,1,1,"Synonym of prostitution, having sex for money; (figurative) disgracing oneself for money; having promiscuous sex.",,,noun:1;verb:1,noun,False,0,,,,False,True,False,,,"verb form (-ing, morphology)",,,absent,,,
bolognese,2.59,1,1,2,"An Italian sauce made from ground meat and tomato, originating in Bologna.",,,noun:2,noun,False,0,,,,False,True,False,,,,,,absent,,,
gare,2.59,1,1,1,Coarse wool on the legs of sheep.,,,noun:1,noun,False,3,PROPN,0.0,,False,True,False,,,,,,absent,,,
lum,2.59,0,0,4,"A chimney; also, the top part of a chimney.",,,noun:4,noun,False,0,,,,False,True,False,,,,,,absent,,,
cleve,2.59,0,0,3,A room; chamber.,,,noun:3,noun,False,0,,,,False,True,False,,,,,,absent,,,
oma,2.59,0,0,1,"Grandmother, grandma.",,,noun:1,noun,False,0,,,,False,True,False,,,,,,absent,,,
shader,2.59,0,0,2,"One who, or that which, shades.",,,noun:2,noun,False,0,,,,False,True,False,,,,,,absent,,,
oxycodone,2.59,0,1,1,"An addictive, semisynthetic opioid (trademark OxyContin) that is similar to morphine in effect and structure; C₁₈H₂₁NO₄.",,,noun:1,noun,False,0,,,,False,True,False,,,,,,absent,,,
sov,2.59,0,0,3,Pound sterling.,,,noun:3,noun,False,0,,,,False,True,False,,,,,,absent,,,
zain,2.58,0,0,1,A horse of a dark colour with no lighter spots.,,,noun:1,noun,False,0,,,,False,True,False,,,,,,absent,,,
stormtrooper,2.58,0,0,2,A soldier trained in special infiltration tactics.,,,noun:2,noun,False,0,,,,False,True,False,,,,,,absent,,,
woolsey,2.58,0,1,1,A material made of cotton and wool.,,,noun:1,noun,False,0,,,,False,True,False,,,,,,absent,,,
mook,2.58,0,0,3,A disagreeable or incompetent person.,,,noun:3,noun,False,0,,,,False,True,False,,,,,,absent,,,
hodder,2.58,0,0,1,A coal miner who hauls hods from the workface,,,noun:1,noun,False,0,,,,False,True,False,,,,,,absent,,,
crandall,2.58,0,0,1,"A kind of hammer having a head formed of a group of pointed steel bars, used for dressing ashlar, etc.",,,noun:1;verb:1,noun,False,2,PROPN,0.0,,False,True,False,,,,,,absent,,,
prosser,2.58,0,0,1,One who prosses; a sponger or scrounger.,,,noun:1,noun,False,1,PROPN,0.0,,False,True,False,,,,,,absent,,,
marcella,2.58,0,0,1,"A kind of corded or ribbed fabric made from cotton, rayon, or silk.",,,noun:1,noun,False,0,,,,False,True,False,,,,,,absent,,,
batshit,2.58,0,1,2,Fecal matter produced by bats.,,,noun:2;adj:1;adv:1,noun,False,2,NOUN,1.0,,False,True,False,,,,,,absent,,,
sunnyside,2.58,0,0,1,The top of a cooked egg.,,,noun:1,noun,False,0,,,,False,True,False,,,,,,absent,,,
jinn,2.58,0,0,1,"A human-like spiritual or immaterial being, as opposed to al-ins (people), often invisible but able to manifest in form and also inhabit people or animals; origin of the genie of Western literature, f",,,noun:1,noun,False,0,,,,False,True,False,,,,,,absent,,,
muda,2.57,0,1,1,"A form of waste, or deviation from optimal allocation of resources, that occurs when work is performed that does not add value for the customer.",,,noun:1,noun,False,0,,,,False,True,False,,,,,,absent,,,
tik,2.57,0,1,1,crystal meth or speed.,,,noun:1,noun,False,0,,,,False,True,False,,,,,,absent,,,
symbiote,2.57,0,0,1,Synonym of symbiont.,,,noun:1,noun,False,1,PROPN,0.0,,False,True,False,,,,,,absent,,,
cytotoxic,2.57,0,0,1,Any cytotoxic substance; a cytotoxin.,,,adj:2;noun:1,adj,False,0,,,,False,True,False,,,adjective-like (morphology),,,absent,,,
reimagining,2.57,0,0,1,A remake (of a dramatic work),,,noun:1;verb:1,noun,False,0,,,,False,True,False,,,"verb form (-ing, morphology)",,,absent,,,
malo,2.57,0,1,2,malolactic fermentation,,,noun:2,noun,False,0,,,,False,True,False,,,,,,absent,,,
hsien,2.57,0,0,1,"An administrative subdivision of Taiwan, commonly translated as county. (Alternative form of xian for mainland China.)",,,noun:1,noun,False,0,,,,False,True,False,,,,,,absent,,,
flipside,2.57,0,0,4,"The reverse, in contrast to the obverse.",,,noun:4,noun,False,0,,,,False,True,False,,,,,,absent,,,
bioavailability,2.57,1,1,2,"The extent to which a substance is molecularly available to cells and tissues in a living organism, which depends on factors such as solubility, pH level, and presence of enzymes and cofactors; for ex",,,noun:2,noun,False,0,,,,False,True,False,,,,,,absent,,,
oxon,2.57,0,0,1,Any organic compound derived from another in which a phosphorus-sulfur bond in the parent has been replaced by a phosphorus-oxygen bond in the derivative.,,,noun:1,noun,False,0,,,,False,True,False,,,,,,absent,,,
meu,2.57,0,1,2,"Meum athamanticum, a European herb.",,,noun:2,noun,False,0,,,,False,True,False,,,,,,absent,,,
metalcore,2.57,0,1,1,A subgenre of rock music which fuses extreme metal and hardcore punk.,,,noun:1,noun,False,0,,,,False,True,False,,,,,,absent,,,
blitzer,2.57,0,0,1,One engaging in a blitz.,,,noun:1,noun,False,2,PROPN,0.0,,False,True,False,,,,,,absent,,,
gama,2.57,0,0,1,Synonym of gama grass.,,,noun:1,noun,False,0,,,,False,True,False,,,,,,absent,,,
hing,2.57,0,1,1,"Asafoetida, especially when used as a seasoning.",,,noun:1;verb:1,noun,False,7,PROPN,0.0,,False,True,False,,,,,,absent,,,
geist,2.57,0,0,2,"A ghost, an apparition.",,,noun:2,noun,False,0,,,,False,True,False,,,,,,absent,,,
geoscience,2.57,1,1,1,earth science,,,noun:1,noun,False,0,,,,False,True,False,,,,,,absent,,,
tobe,2.57,0,0,1,A cotton garment worn in parts of northern Africa.,,,noun:1,noun,False,0,,,,False,True,False,,,,,,absent,,,
missa,2.57,0,0,1,"a mass, in the sense of a composition setting several sung parts of the liturgical service (most often chosen from the ordinary parts Kyrie, Gloria, Credo, Agnus Dei and/or Sanctus) to music, notably ",,,noun:1,noun,False,1,OTHER,0.0,,False,True,False,,,,,,absent,,,
toma,2.57,0,1,1,A semi-hard Italian cheese from Piedmont,,,noun:1,noun,False,0,,,,False,True,False,,,,,,absent,,,
cami,2.57,0,0,1,A camisole.,,,noun:1,noun,False,1,PROPN,0.0,,False,True,False,,,,,,absent,,,
buller,2.57,0,0,3,The bubbling or seething of a torrent.,,,noun:3;verb:3,noun,False,0,,,,False,True,False,,,,,,absent,,,
bara,2.57,0,1,4,"A genre of homoerotic media, usually also pornographic, typically created by gay men and targeted at gay men in Japan.",,,noun:4;adj:1,noun,False,0,,,,False,True,False,,,,,,absent,,,
rebar,2.57,1,1,2,A steel reinforcing bar in a reinforced concrete structure.,,,verb:3;noun:2,verb,False,0,,,,False,True,False,,,,,,absent,,,
kundalini,2.56,1,1,1,An energy said to lie coiled at the base of the spine and to be released by yoga.,,,noun:1,noun,False,0,,,,False,True,False,,,,,,absent,,,
isha,2.56,0,1,1,The evening/night Islamic prayer.,,,noun:1,noun,False,0,,,,False,True,False,,,,,,absent,,,
watchlist,2.56,0,0,1,A list of people or things that are assigned to receive special attention or monitoring.,,,noun:1;verb:1,noun,False,3,PROPN,0.0,,False,True,False,,,,,,absent,,,
cuny,2.56,0,0,1,An ordinary seaman.,,,noun:1,noun,False,0,,,,False,True,False,,,,,,absent,,,
ith,2.56,0,0,1,"The letter having an appearance like ⟨(⟩, which stands for the th sound (/θ/) in Pitman shorthand.",,,adj:1;noun:1,adj,False,0,,,,False,True,False,,,,,,absent,,,
chewie,2.56,1,1,2,Chewing gum.,,,noun:2,noun,False,0,,,,False,True,False,,,,,,absent,,,
wawa,2.56,0,1,3,A snow goose.,wau-wau,,noun:3,noun,False,0,,,,False,True,False,,,,,,absent,,,
hemi,2.56,0,0,5,A motor with hemispherical combustion chambers. A piston engine internal combustion engine with hemispherical piston cylinder heads.,,,noun:5,noun,False,0,,,,False,True,False,,,,,,absent,,,
embalming,2.56,0,0,1,The work of an embalmer.,,,noun:1;verb:1,noun,False,0,,,,False,True,False,NOUN;VERB,,"noun, also verb",,,absent,,,
bhagat,2.56,0,0,1,A holy man in Sikhism or Hinduism.,,,noun:1,noun,False,0,,,,False,True,False,,,,,,absent,,,
loring,2.56,0,1,1,Instructive discourse; instruction; teaching.,,,noun:1,noun,False,2,PROPN,0.0,,False,True,False,,,"verb form (-ing, morphology)",,,absent,,,
wakeup,2.56,0,0,3,An act or instance of waking up.,,,noun:3,noun,False,0,,,,False,True,False,,,,,,absent,,,
hasta,2.56,0,0,2,A hand gesture used to depict the meaning of a song,,,noun:2;intj:1;verb:1,noun,False,0,,,,False,True,False,,,,,,absent,,,
messin,2.56,0,0,1,A mongrel dog; a cur.,,,noun:1,noun,False,1,PROPN,0.0,,False,True,False,,,,,,absent,,,
freefall,2.56,1,1,3,A state of motion affected by no acceleration or force other than that of gravity.,,,noun:3;verb:2,noun,False,1,NOUN,1.0,,False,True,False,,,,,,absent,,,
modena,2.56,0,1,1,A crimson colour.,,,noun:1,noun,False,0,,,,False,True,False,,,,,,absent,,,
scudder,2.56,0,0,2,"One who, or that which, scuds.",,,noun:2,noun,False,1,PROPN,0.0,,False,True,False,,,,,,absent,,,
ome,2.56,0,0,1,"The totality of a certain type of biological entity in an organism etc., e.g. the genome or proteome.",,,noun:1,noun,False,2,NOUN,0.5,,False,True,False,,,,,,absent,,,
omi,2.56,0,0,1,A man.,,,noun:1,noun,False,0,,,,False,True,False,,,,,,absent,,,
hammam,2.56,0,0,1,A communal bathhouse in Islamic countries and communities.,,,noun:1,noun,False,0,,,,False,True,False,,,,,,absent,,,
photonics,2.56,0,1,1,"The science and technology of generating and controlling photons, particularly in the visible and near infrared light spectrum.",,,noun:1,noun,False,0,,,,False,True,False,,,,,,absent,,,
mela,2.56,0,0,2,A Hindu religious festival.,,,noun:2,noun,False,0,,,,False,True,False,,,,,,absent,,,
romancing,2.55,0,0,1,The process or result of embellishing something into a romantic ideal.,,,noun:1;verb:1,noun,False,1,VERB,0.0,,False,True,False,,,"verb form (-ing, morphology)",,,absent,,,
courant,2.55,0,0,4,A piece of music in triple time.,,,noun:4;adj:1,noun,False,0,,,,False,True,False,,,,,,absent,,,
neko,2.55,0,0,1,A catgirl or catboy.,,,noun:1,noun,False,0,,,,False,True,False,,,,,,absent,,,
amb,2.55,0,0,1,"The outline of a spore or pollen grain, as seen in a polar view.",,,noun:1,noun,False,0,,,,False,True,False,,,,,,absent,,,
whitten,2.55,0,0,1,Any of several small trees having leaves that are white and downy underneath.,,,noun:1,noun,False,2,PROPN,0.0,,False,True,False,,,,,,absent,,,
bestie,2.55,0,0,3,A best friend.,,,noun:3,noun,False,0,,,,False,True,False,,,,,,absent,,,
bogan,2.55,0,0,5,An unsophisticated person from a working class background.,,,noun:5;verb:1,noun,False,0,,,,False,True,False,,,,,,absent,,,
superboy,2.55,0,0,1,"A very remarkable, talented or otherwise exceptional boy.",,,noun:1,noun,False,0,,,,False,True,False,,,,,,absent,,,
supercell,2.55,0,0,2,"A severe thunderstorm with updrafts and downdrafts that are in near balance, allowing the storm to maintain itself for several hours. Supercells often produce large hail, powerful downpours, very stro",,,noun:2,noun,False,0,,,,False,True,False,,,,,,absent,,,
resto,2.55,0,0,2,A restaurant.,,,noun:2,noun,False,0,,,,False,True,False,,,,,,absent,,,
nizam,2.55,0,0,2,"The hereditary sovereign of Hyderabad, a former state of India.",,,noun:2,noun,False,0,,,,False,True,False,,,,,,absent,,,
ashoka,2.55,0,0,2,"A tree of species Saraca asoca, native to South Asia and western Myanmar.",,,noun:2,noun,False,0,,,,False,True,False,,,,,,absent,,,
hillcrest,2.55,0,0,1,The crest of a hill,,,noun:1,noun,False,1,PROPN,0.0,,False,True,False,,,,,,absent,,,
oper,2.55,0,0,1,A network operator on IRC.,,,noun:1,noun,False,0,,,,False,True,False,,,,,,absent,,,
braveheart,2.55,0,0,1,A brave person.,,,adj:1;noun:1,adj,False,0,,,,False,True,False,,,,,,absent,,,
selectable,2.55,0,0,1,An item that can be selected by the user.,,,adj:1;noun:1,adj,False,0,,,,False,True,False,,,adjective-like (morphology),,,absent,,,
goalscoring,2.55,0,1,1,The scoring of goals.,,,noun:1,noun,False,0,,,,False,True,False,,,"verb form (-ing, morphology)",,,absent,,,
oxo,2.55,0,1,2,A substituent oxygen atom connected to another atom by a double bond.,,,noun:2,noun,False,0,,,,False,True,False,,,,,,absent,,,
mahone,2.55,0,0,1,A large Turkish warship.,,,noun:1,noun,False,1,PROPN,0.0,,False,True,False,,,,,,absent,,,
grandstanding,2.55,0,1,1,Dramatic or showy behavior intended to impress an audience or observers.,,,noun:1;verb:1,noun,False,0,,,,False,True,False,,,"verb form (-ing, morphology)",,,absent,,,
undercard,2.55,0,0,4,"A list of minor or supporting contests printed on the same bill as the main event (primarily fighting or racing, such as the main fight at a boxing match or wrestling, horse or car racing, etc.), occu",,,noun:4,noun,False,0,,,,False,True,False,,,,,,absent,,,
taiji,2.55,0,1,3,The absolute; the condition as it existed before the creation of the world.,tai chi,,noun:3,noun,False,0,,,,False,True,False,,,,,,absent,,,
quinta,2.55,0,0,1,A country house in Madeira.,,,noun:1,noun,False,0,,,,False,True,False,,,,,,absent,,,
cumshot,2.55,0,0,3,A sex act in pornographic films in which a person ejaculates onto their partner's body.,,,noun:3,noun,False,0,,,,False,True,False,,,,,,absent,,,
opry,2.54,1,1,2,Opera.,,,noun:2,noun,False,0,,,,False,True,False,,,,,,absent,,,
divi,2.54,0,0,1,The dividend paid out by the Co-op,,,noun:1,noun,False,0,,,,False,True,False,,,,,,absent,,,
pais,2.54,0,1,1,"The country (ie: the jury); also, the people living in the district from where the jury is taken.",,,noun:1,noun,False,0,,,,False,True,False,,,,,,absent,,,
baru,2.54,0,1,1,A fibrous substance derived from the sugar palm (Arenga pinnata) used as caulk.,,,noun:1,noun,False,1,NOUN,1.0,,False,True,False,,,,,,absent,,,
rach,2.54,0,0,1,a dog that hunts by scent,,,noun:1,noun,False,0,,,,False,True,False,,,,,,absent,,,
raa,2.54,0,0,1,The letter ر in the Arabic script.,,,noun:1,noun,False,0,,,,False,True,False,,,,,,absent,,,
queenie,2.54,0,0,2,An effeminate man; a male homosexual (especially as a term of address).,,,noun:2,noun,False,0,,,,False,True,False,,,,,,absent,,,
drinkwater,2.54,0,1,1,Potable water; water intended for drinking,,,adj:1;noun:1,adj,False,0,,,,False,True,False,,,,,,absent,,,
burnie,2.54,0,0,1,A small brook.,,,noun:1,noun,False,0,,,,False,True,False,,,,,,absent,,,
phy,2.54,0,1,1,The drug physeptone.,,,noun:1,noun,False,2,NOUN,1.0,,False,True,False,,,,,,absent,,,
anker,2.54,0,0,1,A measure of wine or spirit equal to 10 gallons; a barrel of this capacity.,,,noun:1,noun,False,0,,,,False,True,False,,,,,,absent,,,
hetty,2.54,0,0,1,A heterosexual.,,,adj:1;noun:1,adj,False,2,PROPN,0.0,,False,True,False,,,,,,absent,,,
foodservice,2.54,0,1,1,The business of providing food and related services.,,,noun:1,noun,False,0,,,,False,True,False,,,,,,absent,,,
blotting,2.54,0,0,2,A blot; a stain.,,,noun:2;verb:1,noun,False,2,VERB,0.0,,False,True,False,NOUN;VERB,,"noun, also verb",,,absent,,,
meowing,2.54,1,1,1,The act of uttering a meow.,,,noun:1;verb:1,noun,False,4,VERB,0.25,,False,True,False,NOUN,,,,,absent,,,
interfacing,2.54,0,0,1,A layer of fabric inserted between other layers of a garment to provide stiffening,,,noun:1;verb:1,noun,False,0,,,,False,True,False,NOUN;VERB,,"noun, also verb",,,absent,,,
rulemaking,2.54,1,1,1,"The act or process of creating rules, especially regulations (as opposed to statutes).",,,adj:1;noun:1,adj,False,8,VERB,0.0,usually verb (corpus),False,True,False,,,"verb form (-ing, morphology)",,,absent,,,
lionheart,2.54,0,0,1,"A brave, heroic person.",,,noun:1,noun,False,0,,,,False,True,False,,,,,,absent,,,
thalia,2.54,0,0,1,Any of the genus Thalia of tropical plants found in aquatic or marshy habitats.,,,noun:1,noun,False,0,,,,False,True,False,,,,,,absent,,,
coq,2.54,0,0,1,A trimming of cock feathers on a woman's hat.,,,noun:1,noun,False,0,,,,False,True,False,,,,,,absent,,,
karam,2.53,0,0,1,The tree Adina cordifolia.,,,noun:1,noun,False,0,,,,False,True,False,,,,,,absent,,,
queso,2.53,0,1,1,"Ellipsis of chile con queso: melted cheese, used for instance as a dipping sauce.",chile con queso,,noun:1,noun,True,3,NOUN,1.0,,False,True,False,,,,,,absent,,,
niu,2.53,0,0,1,"A tall pole with yardarms from which hung ropes, circled by worshippers in the Pai Mārire religious movement.",,,noun:1,noun,False,0,,,,False,True,False,,,,,,absent,,,
quintus,2.53,0,0,1,"The fifth voice in addition to the superius, altus, tenor and bassus in a piece of vocal polyphony.",,,noun:1,noun,False,3,OTHER,0.0,,False,True,False,,,,,,absent,,,
oden,2.53,0,1,1,"A Japanese one pot winter dish, of varying ingredients.",,,noun:1,noun,False,0,,,,False,True,False,,,,,,absent,,,
namespace,2.53,0,0,1,"A conceptual space that groups classes, identifiers, etc. in order to avoid conflicts with items in unrelated code that carry the same names.",,,noun:1;verb:1,noun,False,0,,,,False,True,False,,,,,,absent,,,
wayback,2.53,0,0,3,A very remote time or place.,,,noun:3;adv:1,noun,False,0,,,,False,True,False,,,,,,absent,,,
mojito,2.53,0,0,1,"A Cuban cocktail, generally made from rum, lime, sugar, mint, etc.",,,noun:1,noun,False,0,,,,False,True,False,,,,,,absent,,,
taa,2.53,0,0,2,A kind of pagoda in China and Japan.,,,noun:2;intj:1,noun,False,0,,,,False,True,False,,,,,,absent,,,
bip,2.53,0,0,3,Synonym of spliff.,basis point,,verb:4;noun:3,verb,True,0,,,,False,True,False,,,,,,absent,,,
miko,2.53,0,0,1,A Shinto shrine maiden.,,,noun:1,noun,False,0,,,,False,True,False,,,,,,absent,,,
tro,2.53,0,0,1,A type of spike fiddle made from traditionally used in Cambodia and played vertically.,,,noun:1,noun,False,0,,,,False,True,False,,,,,,absent,,,
carle,2.53,0,0,1,peasant; fellow,,,noun:1,noun,False,0,,,,False,True,False,,,,,,absent,,,
rimmer,2.53,0,0,4,"An implement for cutting, trimming, or ornamenting the rim of anything, as the edges of pies, etc.",,,noun:4,noun,False,0,,,,False,True,False,,,,,,absent,,,
mirrorless,2.53,0,0,1,"A mirrorless interchangeable-lens camera, similar to a digital SLR, but usually made smaller by incorporating an electronic viewfinder instead of a mirror and prism.",,,adj:2;noun:1,adj,False,0,,,,False,True,False,,,adjective-like (morphology),,,absent,,,
microbiota,2.53,0,0,1,"The microbial community that inhabits a multi-cellular organism, whether the entire organism or a specific body surface.",,,noun:1,noun,False,0,,,,False,True,False,,,,,,absent,,,
cavan,2.53,0,0,3,A unit of dry capacity approximately equivalent to 2.3 US bushels.,,,noun:3,noun,False,0,,,,False,True,False,,,,,,absent,,,
simran,2.53,0,1,1,"The continuous remembrance of the finest aspect of the self, or of God, sometimes achieved by repeating a mantra.",,,noun:1,noun,False,0,,,,False,True,False,,,,,,absent,,,
bish,2.53,0,1,4,A minced oath (as a term of abuse).,,,noun:4,noun,False,0,,,,False,True,False,,,,,,absent,,,
rebalancing,2.53,0,0,1,The act or process of restoring balance.,,,noun:1;verb:1,noun,False,0,,,,False,True,False,,,"verb form (-ing, morphology)",,,absent,,,
kratom,2.53,1,1,2,"A tree, Mitragyna speciosa, endemic to Southeast Asia.",,,noun:2,noun,False,0,,,,False,True,False,,,,,,absent,,,
yaoi,2.52,1,1,2,A narrative or visual work featuring a romantic or sexual relationship between two or more men.,,,noun:2,noun,False,0,,,,False,True,False,,,,,,absent,,,
yatra,2.52,0,0,1,A Hindu pilgrimage.,,,noun:1,noun,False,0,,,,False,True,False,,,,,,absent,,,
sabo,2.52,0,0,1,A saboteur.,,,noun:1;verb:1,noun,False,0,,,,False,True,False,,,,,,absent,,,
inkjet,2.52,0,0,2,"A device, particularly one used in the printing of documents, which propels tiny droplets of ink to the paper.",,,noun:2,noun,False,0,,,,False,True,False,,,,,,absent,,,
tish,2.52,0,1,2,"A festive meal for a religious event, especially Shabbat.",,,noun:2,noun,False,0,,,,False,True,False,,,,,,absent,,,
gaslighting,2.52,0,1,2,Illumination by burning gas.,,,noun:2;verb:1,noun,False,0,,,,False,True,False,,,"verb form (-ing, morphology)",,,absent,,,
gouda,2.52,1,1,1,A type of semi-hard to hard cheese originating in the Netherlands.,,,noun:1,noun,False,0,,,,False,True,False,,,,,,absent,,,
acharya,2.52,0,0,2,"an individual who practices or is knowledgeable on any of the prevalent disciplines of customs, learning, rituals, arts, traditions, schools etc., especially one imparting them into pupils.",,,noun:2,noun,False,0,,,,False,True,False,,,,,,absent,,,
suplex,2.52,0,0,1,"A wrestling move in which the wrestler picks up their opponent off the ground (or mat) and then, using a large portion of their own body weight, drives the opponent down on the mat by throwing them ov",,,noun:1;verb:1,noun,False,0,,,,False,True,False,,,,,,absent,,,
deathmatch,2.52,0,0,1,A competitive mode found in first-person shooter games in which competitors attempt to assassinate one another.,,,verb:2;noun:1,verb,False,0,,,,False,True,False,,,,,,absent,,,
struct,2.52,0,0,1,"A data structure, especially one that serves to group a number of fields (in contrast to an object-oriented class with methods) or one that is passed by value rather than by reference.",,,noun:1,noun,False,8,PROPN,0.0,,False,True,False,,,,,,absent,,,
zaza,2.52,0,1,1,Exotic marijuana.,,,noun:1,noun,False,0,,,,False,True,False,,,,,,absent,,,
oliphant,2.52,0,0,2,An elephant.,,,noun:2,noun,False,0,,,,False,True,False,,,,,,absent,,,
shinobi,2.52,0,0,1,A male ninja.,,,noun:1,noun,False,0,,,,False,True,False,,,,,,absent,,,
sonics,2.52,0,1,1,The science and technology of sound.,,,noun:1,noun,False,0,,,,False,True,False,,,,,,absent,,,
darshan,2.52,1,1,3,"Hierophany, theophany; being in the presence of the divine or holy (as a person or object).",,,noun:3,noun,False,0,,,,False,True,False,,,,,,absent,,,
penner,2.52,0,0,2,One who pens; a writer.,,,noun:2,noun,False,0,,,,False,True,False,,,,,,absent,,,
helo,2.52,0,0,1,A helicopter.,,,noun:1;verb:1,noun,False,0,,,,False,True,False,,,,,,absent,,,
nasri,2.52,0,0,1,"A coin formerly used as a currency unit in Tunisia from medieval to Ottoman times, set at one point as one eightieth of a sultani.",,,noun:1,noun,False,0,,,,False,True,False,,,,,,absent,,,
tsarist,2.51,0,0,1,One who supports a tsar.,,,adj:3;noun:1,adj,False,0,,,,False,True,False,,,,,,absent,,,
machi,2.51,0,0,1,A traditional healer and religious leader in the Mapuche culture of Chile and Argentina.,,,noun:1,noun,False,0,,,,False,True,False,,,,,,absent,,,
wass,2.51,0,1,2,"wanton disposition, unorderly state of mind or behaviour",,,noun:2,noun,False,0,,,,False,True,False,,,,,,absent,,,
loli,2.51,0,0,2,"A childlike female character, particularly in the lolicon genre.",,,noun:2,noun,False,0,,,,False,True,False,,,,,,absent,,,
transmembrane,2.51,0,0,1,"a transmembrane protein, or the transmembrane portion of a protein",,,adj:2;noun:1,adj,False,0,,,,False,True,False,,,,,,absent,,,
bifida,2.51,0,1,1,spina bifida,,,noun:1,noun,False,0,,,,False,True,False,,,,,,absent,,,
buk,2.51,0,0,1,a traditional Korean drum,,,noun:1,noun,False,0,,,,False,True,False,,,,,,absent,,,
wining,2.51,0,0,1,A session of drinking wine socially.,,,noun:1;verb:1,noun,False,0,,,,False,True,False,,,"verb form (-ing, morphology)",,,absent,,,
lich,2.51,0,0,2,"A reanimated corpse or undead being; particularly an intelligent, undead spellcaster.",,,noun:2;adj:1,noun,False,0,,,,False,True,False,,,,,,absent,,,
femdom,2.51,1,1,3,Female domination; a sexual practice in which women dominate men or other people.,,,noun:3,noun,False,0,,,,False,True,False,,,,,,absent,,,
shura,2.51,0,0,1,A body that provides counsel to a leader.,,,noun:1,noun,False,1,NOUN,1.0,,False,True,False,,,,,,absent,,,
dimethyl,2.51,0,1,1,Two methyl groups in a molecule.,,,noun:1,noun,False,0,,,,False,True,False,,,,,,absent,,,
enduro,2.51,1,1,3,"A motorcycle sport run on predominantly off-road courses, with many obstacles and challenges.",,,noun:3,noun,False,0,,,,False,True,False,,,,,,absent,,,
cricketing,2.51,0,0,1,A game of cricket.,,,adj:1;noun:1;verb:1,adj,False,0,,,,False,True,False,,,"verb form (-ing, morphology)",,,absent,,,
inclusivity,2.51,0,1,1,The quality of being inclusive; inclusiveness.,,,noun:1,noun,False,0,,,,False,True,False,,,,,,absent,,,
timeslot,2.51,0,0,1,A conventionally defined time interval in a schedule.,,,noun:1;verb:1,noun,False,0,,,,False,True,False,,,,,,absent,,,
offsite,2.51,0,0,1,A group outing or meeting that takes place outside of the office.,,,adj:1;adv:1;noun:1,adj,False,1,NOUN,1.0,,False,True,False,,,,,,absent,,,
governorate,2.51,0,0,1,The territory governed by a governor; a province.,,,noun:1,noun,False,0,,,,False,True,False,,,,,,absent,,,
yeet,2.51,0,0,1,"A type of dance involving dipping one's shoulder and swinging both hands out, while an audience repeatedly chants ""YEET yah, yah, yah, yah"".",,,verb:4;intj:2;noun:1,verb,False,0,,,,False,True,False,,,,,,absent,,,
grogan,2.51,0,0,1,A piece of excrement. A turd.,,,noun:1,noun,False,0,,,,False,True,False,,,,,,absent,,,
omnium,2.51,0,0,2,"A multiple race event in track cycling. Historically the omnium has had a variety of formats. Currently it consists of the following six events: flying lap, points race, elimination, individual pursui",,,noun:2,noun,False,0,,,,False,True,False,,,,,,absent,,,
stephane,2.51,0,0,1,An Ancient Greek headdress like a coronet.,,,noun:1,noun,False,1,PROPN,0.0,,False,True,False,,,,,,absent,,,
diller,2.51,0,0,1,Only used in killer diller,,,noun:1,noun,False,2,PROPN,0.0,,False,True,False,,,,,,absent,,,
pardo,2.51,0,0,1,"A former money of account in Portuguese India, one twentieth of a rupia.",,,noun:1,noun,False,0,,,,False,True,False,,,,,,absent,,,
dogecoin,2.51,1,1,2,"A cryptocurrency featuring the Shiba Inu from the ""doge"" meme as its logo.",,,noun:2,noun,False,0,,,,False,True,False,,,,,,absent,,,
leng,2.51,1,1,2,A gun.,,,noun:2;adj:1,noun,False,1,PROPN,0.0,,False,True,False,,,,,,absent,,,
dern,2.51,0,0,5,A secret; secrecy.,,,noun:5;verb:2;adj:1,noun,False,0,,,,False,True,False,,,,,,absent,,,
concours,2.51,0,0,1,"A competitive examination, especially in medicine.",,,noun:1,noun,False,0,,,,False,True,False,,,,,,absent,,,
tobruk,2.51,0,0,1,a type of defensive fighting position originally employed by the Axis forces during their North African campaign.,,,noun:1,noun,False,0,,,,False,True,False,,,,,,absent,,,
yano,2.51,0,0,1,Synonym of shabono (“communal hut built by the Yanomamo people”).,,,noun:1,noun,False,0,,,,False,True,False,,,,,,absent,,,
toki,2.5,0,0,1,A Japanese crested ibis (Nipponia nippon).,,,noun:1,noun,False,0,,,,False,True,False,,,,,,absent,,,
riba,2.5,0,1,1,"interest or usury, which is haram (sinful) according to sharia law.",,,noun:1,noun,False,0,,,,False,True,False,,,,,,absent,,,
mobo,2.5,0,0,1,A motherboard.,,,noun:1,noun,False,0,,,,False,True,False,,,,,,absent,,,
mirna,2.5,0,0,1,microRNA,,,noun:1,noun,False,0,,,,False,True,False,,,,,,absent,,,
playmaking,2.5,0,1,1,The initiation of offensive play with the intent of scoring a goal (or the equivalent),,,noun:1,noun,False,0,,,,False,True,False,,,"verb form (-ing, morphology)",,,absent,,,
poopy,2.5,1,1,1,Faeces.,,,adj:5;noun:1,adj,False,0,,,,False,True,False,,,,,,absent,,,
skelter,2.5,0,0,1,A gravity-based device used to store and rotate round food and drink in a first-in-first-out manner.,,,noun:1;verb:1,noun,False,0,,,,False,True,False,,,,,,absent,,,
rdf,2.5,0,0,1,radial distribution function,,,noun:1,noun,False,1,NOUN,1.0,,False,True,False,,,,,,absent,,,
bajaj,2.5,0,0,1,A tuk-tuk.,,,noun:1,noun,False,0,,,,False,True,False,,,,,,absent,,,
blogpost,2.5,0,0,1,An entry posted to a blog.,,,noun:1;verb:1,noun,False,1,NOUN,1.0,,False,True,False,,,,,,absent,,,
downforce,2.5,0,0,1,Any force (produced by aerodynamics or gravity etc) that acts downwards,,,noun:1,noun,False,0,,,,False,True,False,,,,,,absent,,,
noll,2.5,0,0,1,"The head, especially the top of the head.",,,noun:1,noun,False,1,PROPN,0.0,,False,True,False,,,,,,absent,,,
bork,2.5,0,0,2,"The bald notothen or bald rockcod (Pagothenia borchgrevinki), a species of cod icefish (Nototheniidae) native to the Southern Ocean.",,,verb:6;noun:2,verb,False,3,PROPN,0.0,,False,True,False,,,,,,absent,,,
bata,2.5,0,0,1,"A ceremonial double-headed drum played in triplet in the religion of santería, especially in Cuba and Puerto Rico, originally from the Yoruba of Nigeria.",,,noun:1,noun,False,0,,,,False,True,False,,,,,,absent,,,
fon,2.5,0,0,2,A fool or idiot.,,,noun:2,noun,False,0,,,,False,True,False,,,,,,absent,,,
numero,2.5,0,0,1,The sign ⟨ № ⟩.,,,noun:1,noun,False,2,NOUN,1.0,,False,True,False,,,,,,absent,,,
bannerman,2.5,0,0,4,"A person assigned to carry the colours, standards or guidons of a military unit.",,,noun:4,noun,False,2,PROPN,0.0,,False,True,False,,,,,,absent,,,
phaser,2.5,0,0,4,An electronic device that produces special effects on the sound produced by an electric guitar etc.,PHASR,,noun:4;verb:1,noun,False,0,,,,False,True,False,,,,,,absent,,,
helmer,2.5,0,0,1,Synonym of showrunner.,,,noun:1,noun,False,0,,,,False,True,False,,,,,,absent,,,
eba,2.5,0,1,1,A stiff dough made by soaking garri in hot water and kneading it with a baton.,,,noun:1,noun,False,0,,,,False,True,False,,,,,,absent,,,
puta,2.5,0,1,2,"A prostitute, whore, slut, bitch, etc.",,,noun:2,noun,False,0,,,,False,True,False,,,,,,absent,,,
karo,2.5,0,1,1,"Pittosporum crassifolium, a shrub of New Zealand.",,,noun:1,noun,False,0,,,,False,True,False,,,,,,absent,,,
beachside,2.49,1,1,1,The land bordering a beach.,,,adj:1;noun:1,adj,False,0,,,,False,True,False,,,,,,absent,,,
zod,2.49,0,0,1,A loser; a contemptible or uncool person.,,,noun:1,noun,False,0,,,,False,True,False,,,,,,absent,,,
kha,2.49,0,0,1,The name of the Cyrillic script letter Х / х.,,,noun:1,noun,False,0,,,,False,True,False,,,,,,absent,,,
rodham,2.49,0,0,1,A bank of silt on the bed of a dried-up river,,,noun:1,noun,False,1,PROPN,0.0,,False,True,False,,,,,,absent,,,
rigg,2.49,0,0,1,"A strong, stormy wind (now chiefly in the phrase ""Michaelmas riggs"").",,,noun:1,noun,False,1,PROPN,0.0,,False,True,False,,,,,,absent,,,
esper,2.49,0,0,2,A person who practices the development of psychic ability.,,,noun:2,noun,False,0,,,,False,True,False,,,,,,absent,,,
sippy,2.49,0,0,1,A little sip; less than a serving of some particular drink,,,noun:1,noun,False,0,,,,False,True,False,,,,,,absent,,,
acca,2.49,0,0,2,An accumulator bet.,,,noun:2,noun,False,0,,,,False,True,False,,,,,,absent,,,
agassi,2.49,0,1,1,"Miss, a young Korean, usually unmarried woman. Used as a form of address",,,noun:1,noun,False,0,,,,False,True,False,,,,,,absent,,,
perrier,2.49,0,0,1,A short mortar used for throwing stone shot.,,,noun:1,noun,False,0,,,,False,True,False,,,,,,absent,,,
contessa,2.49,0,0,1,"A countess, often specifically an Italian countess",,,noun:1,noun,False,0,,,,False,True,False,,,,,,absent,,,
tippy,2.49,0,0,2,A dandy.,,,adj:4;noun:2,adj,False,0,,,,False,True,False,,,,,,absent,,,
westland,2.49,0,0,1,The western part of a geographic area; a land lying to the west.,,,noun:1,noun,False,0,,,,False,True,False,,,,,,absent,,,
neuroimaging,2.49,0,1,1,"The generation of images showing activity in the nervous system, usually and especially brain activity.",,,noun:1;verb:1,noun,False,1,NOUN,1.0,,False,True,False,,,"verb form (-ing, morphology)",,,absent,,,
submachine,2.49,0,0,2,A machine forming part of a larger machine.,,,noun:2;adj:1,noun,False,3,ADJ,0.0,,False,True,False,,,,,,absent,,,
fortis,2.49,0,0,1,A fortis consonant.,,,adj:1;noun:1,adj,False,0,,,,False,True,False,,,,,,absent,,,
ghulam,2.49,0,0,2,A personal guard to the shah of Persia.,,,noun:2,noun,False,1,PROPN,0.0,,False,True,False,,,,,,absent,,,
sangha,2.49,0,0,2,"The community of all followers of the Buddha; the ecclesia in which the devout take refuge; those who have ""entered the stream"" towards nirvana; one of the Three Jewels of Buddhism.",,,noun:2,noun,False,0,,,,False,True,False,,,,,,absent,,,
hori,2.49,0,0,1,A Māori.,,,noun:1,noun,False,0,,,,False,True,False,,,,,,absent,,,
cron,2.49,0,1,1,"A scheduler or timer that automatically starts a job, program, task.",,,noun:1,noun,False,0,,,,False,True,False,,,,,,absent,,,
eze,2.48,0,0,1,A chief of the Igbo people.,,,noun:1,noun,False,0,,,,False,True,False,,,,,,absent,,,
ayahuasca,2.48,0,1,2,"A giant vine native to South America (especially Banisteriopsis caapi), noted for its psychotropic properties.",,,noun:2,noun,False,0,,,,False,True,False,,,,,,absent,,,
gato,2.48,0,0,1,"cat, kitty",,,noun:1,noun,False,0,,,,False,True,False,,,,,,absent,,,
microgravity,2.48,0,1,1,"A state of very low acceleration between two free floating objects, as found in sustained freefall, in orbit, or in interstellar space.",,,noun:1,noun,False,0,,,,False,True,False,,,,,,absent,,,
jeet,2.48,0,0,2,A person of South Asian (especially Indian) ancestry.,,,noun:2;intj:1,noun,False,0,,,,False,True,False,,,,,,absent,,,
victimhood,2.48,0,1,1,The state or perception of being a victim.,,,noun:1,noun,False,0,,,,False,True,False,,,,,,absent,,,
kokoro,2.48,0,0,1,A heart.,,,noun:1,noun,False,0,,,,False,True,False,,,,,,absent,,,
celestine,2.48,1,1,2,A heavenly being: an angel or other resident of Heaven.,,,noun:2;adj:1,noun,False,0,,,,False,True,False,,,,,,absent,,,
killeen,2.48,0,0,1,An ancient Irish burial ground.,,,noun:1,noun,False,1,PROPN,0.0,,False,True,False,,,,,,absent,,,
gundy,2.48,0,0,2,A front claw of a crab.,,,noun:2,noun,False,1,PROPN,0.0,,False,True,False,,,,,,absent,,,
ponting,2.48,0,0,1,the act of posing until nearly frozen in all sorts of uncomfortable positions.,,,noun:1,noun,False,0,,,,False,True,False,,,"verb form (-ing, morphology)",,,absent,,,
ipos,2.48,0,0,1,The tuber of any one of several edible species of Perideridia spp.,,,noun:1,noun,False,0,,,,False,True,False,,,,,,absent,,,
treviso,2.48,0,1,1,"A certain mild variety of radicchio, a type of chicory",,,noun:1,noun,False,0,,,,False,True,False,,,,,,absent,,,
trev,2.48,0,0,3,A farm assistant or other rural worker; an ordinary country bloke.,tref,,noun:3,noun,False,0,,,,False,True,False,,,,,,absent,,,
stoneman,2.48,0,0,1,A miner who makes excavations in hard strata other than coal.,,,noun:1,noun,False,1,PROPN,0.0,,False,True,False,,,,,,absent,,,
heer,2.48,0,0,2,"A yarn measure of six hundred yards, or 1/24 of a spindle.",,,noun:2,noun,False,0,,,,False,True,False,,,,,,absent,,,
sev,2.48,0,1,1,An Indian snack food consisting of small pieces of crunchy noodles made from chickpea flour paste.,,,noun:1;num:1,noun,False,0,,,,False,True,False,,,,,,absent,,,
decoupling,2.48,1,1,3,The act or process by which something is decoupled.,,,noun:3;verb:1,noun,False,0,,,,False,True,False,,,"verb form (-ing, morphology)",,,absent,,,
ananda,2.48,0,1,1,The eternal bliss that accompanies the ending of the rebirth cycle.,,,noun:1,noun,False,0,,,,False,True,False,,,,,,absent,,,
kalam,2.48,0,1,1,Speculative theology.,,,noun:1,noun,False,0,,,,False,True,False,,,,,,absent,,,
swisher,2.48,0,0,3,One who swishes something.,,,noun:3;adj:1,noun,False,0,,,,False,True,False,NOUN,,,,,absent,,,
tew,2.48,0,0,5,Prep work; labour.,,,verb:8;noun:5;adv:1,verb,False,0,,,,False,True,False,,,,,,absent,,,
nong,2.48,0,0,1,An idiot.,,,noun:1,noun,False,0,,,,False,True,False,,,,,,absent,,,
bushfire,2.48,0,0,1,An uncontrolled fire in a wooded or grassy area; a wildfire.,,,noun:1,noun,False,0,,,,False,True,False,,,,,,absent,,,
witney,2.48,0,0,1,A kind of woollen cloth.,,,noun:1,noun,False,0,,,,False,True,False,,,,,,absent,,,
padang,2.48,0,0,1,Malaysian grassland,,,noun:1,noun,False,0,,,,False,True,False,,,,,,absent,,,
araki,2.48,0,1,1,A date liquor distilled illegally in Sudan.,,,noun:1,noun,False,0,,,,False,True,False,,,,,,absent,,,
diya,2.48,0,1,2,"A small bowl-shaped oil lamp, usually made from clay, with a cotton wick dipped in ghee or vegetable oil, often used on religious occasions.",diyya,,noun:2,noun,False,0,,,,False,True,False,,,,,,absent,,,
bartending,2.48,0,1,1,"The craft of mixing drinks, making cocktails, and related skills of tending a bar.",,,noun:1;verb:1,noun,False,1,VERB,0.0,,False,True,False,,,"verb form (-ing, morphology)",,,absent,,,
zahir,2.48,0,1,1,The external or apparent meaning of the Qur'an,,,noun:1,noun,False,0,,,,False,True,False,,,,,,absent,,,
koda,2.47,0,1,2,Synonym of kodo (“a kind of millet”).,,,noun:2,noun,False,0,,,,False,True,False,,,,,,absent,,,
osh,2.47,0,1,1,A Tajik dish of rice cooked with meat and oil; a kind of pilaf.,,,noun:1,noun,False,0,,,,False,True,False,,,,,,absent,,,
tracklist,2.47,0,0,1,"A tracklisting; a list of tracks appearing on an album, EP, LP etc.",,,noun:1,noun,False,0,,,,False,True,False,,,,,,absent,,,
emacs,2.47,0,0,1,Any implementation or reimplementation of Emacs.,,,noun:1,noun,False,0,,,,False,True,False,,,,,,absent,,,
topo,2.47,0,0,2,A topographic map.,,,noun:2;adj:1,noun,False,0,,,,False,True,False,,,,,,absent,,,
caerphilly,2.47,0,1,1,"A light-colored, crumbly cheese made from cow's milk.",,,noun:1,noun,False,0,,,,False,True,False,,,adjective-like (morphology),,,absent,,,
busking,2.47,0,0,1,Clothing; dress; ornaments worn.,,,noun:1;verb:1,noun,False,0,,,,False,True,False,,,"verb form (-ing, morphology)",,,absent,,,
katara,2.47,0,0,1,"An Indian push dagger with an H-shaped handle, used predominantly ceremonially, and rarely as a weapon.",,,noun:1,noun,False,0,,,,False,True,False,,,,,,absent,,,
batu,2.47,0,1,1,"The drug methamphetamine hydrochloride, crystal meth.",,,noun:1,noun,False,0,,,,False,True,False,,,,,,absent,,,
sharknado,2.47,0,0,1,A tornado containing sharks.,,,noun:1,noun,False,0,,,,False,True,False,,,,,,absent,,,
peet,2.47,0,0,1,"A paw, especially a more humanoid-looking one.",,,noun:1,noun,False,0,,,,False,True,False,,,,,,absent,,,
pradhan,2.47,0,0,1,"An official in parts of India, equivalent to vizier in rank and function.",,,noun:1,noun,False,0,,,,False,True,False,,,,,,absent,,,
heya,2.47,0,0,1,"the so-called ""stable"" of rikishi who train under the instruction of a particular shisho; the place where this group lives and trains",,,intj:1;noun:1,intj,False,16,OTHER,0.0,,False,True,False,,,,,,absent,,,
udon,2.47,0,1,1,A Japanese wheat noodle.,,,noun:1,noun,False,1,OTHER,0.0,,False,True,False,,,,,,absent,,,
yadda,2.47,0,0,1,One of a set of items which do not need to be specified; often used in conjunction with the catch phrase yadda yadda yadda.,,,intj:1;noun:1,intj,False,0,,,,False,True,False,,,,,,absent,,,
yana,2.47,0,0,1,Any of the vehicles of Buddhist or Tantric practice.,,,noun:1,noun,False,0,,,,False,True,False,,,,,,absent,,,
yad,2.47,0,0,2,A pointer used in the ritual of Torah-reading.,,,noun:2,noun,False,0,,,,False,True,False,,,,,,absent,,,
adblock,2.47,0,0,1,Synonym of adblocker.,,,noun:1,noun,False,0,,,,False,True,False,,,,,,absent,,,
tunable,2.47,0,0,1,A setting that can be configured.,,,adj:2;noun:1,adj,False,0,,,,False,True,False,,,adjective-like (morphology),,,absent,,,
mui,2.47,0,0,1,Chinese plum,,,noun:1,noun,False,1,PROPN,0.0,,False,True,False,,,,,,absent,,,
chapstick,2.47,1,1,1,Synonym of lip balm.,,,noun:1,noun,False,0,,,,False,True,False,,,,,,absent,,,
rollie,2.47,0,0,1,A cigarette rolled by hand.,,,noun:1,noun,False,1,PROPN,0.0,,False,True,False,,,,,,absent,,,
jy,2.47,0,0,1,The name of the Latin script letter J/j.,,,noun:1,noun,False,0,,,,False,True,False,,,,,,absent,,,
letty,2.47,0,0,1,Only used in scarper the letty,,,noun:1,noun,False,0,,,,False,True,False,,,,,,absent,,,
estadio,2.47,0,0,1,"A traditional Portuguese unit of distance, variously equivalent to about 185.2, 231.5, or 257.2 m depending on the number of leagues per equatorial degree.",,,noun:1,noun,False,0,,,,False,True,False,,,,,,absent,,,
presidente,2.47,0,0,1,"A Cuban cocktail made from rum, curaçao, dry vermouth, and grenadine that is stirred or shaken with cracked ice.",,,noun:1,noun,False,0,,,,False,True,False,,,,,,absent,,,
heng,2.47,0,0,1,"The character ꜧ, combining an h and an eng, which stands for the hypothetical phoneme in English that includes both [h] and [ŋ] as its allophones.",,,adj:1;noun:1,adj,False,0,,,,False,True,False,,,,,,absent,,,
triomphe,2.47,0,1,1,A card game dating from the late 15th century.,,,noun:1,noun,False,1,OTHER,0.0,,False,True,False,,,,,,absent,,,
kokomo,2.46,0,0,1,Synonym of Blyth's hornbill.,,,noun:1,noun,False,0,,,,False,True,False,,,,,,absent,,,
zebrafish,2.46,0,0,3,"A small striped fish of species Danio rerio, originally from India but now common as an aquarium fish and as a subject of genetic experiments.",,,noun:3,noun,False,0,,,,False,True,False,,,adjective-like (morphology),,,absent,,,
yuko,2.46,0,0,1,The score for a throw that lands the opponent on his or her side.,,,noun:1,noun,False,0,,,,False,True,False,,,,,,absent,,,
iyengar,2.46,0,1,1,A form of hatha (yoga) that focuses on precision in asana and pranayama,,,noun:1,noun,False,0,,,,False,True,False,,,,,,absent,,,
ringwood,2.46,0,0,1,"An Australian tree, Syzygium anisatum.",,,noun:1,noun,False,0,,,,False,True,False,,,,,,absent,,,
slurping,2.46,1,1,1,A sound or motion that slurps.,,,noun:1;verb:1,noun,False,2,VERB,0.0,,False,True,False,NOUN;VERB,,"noun, also verb",,,absent,,,
reframe,2.46,0,0,1,An instance of reframing.,,,verb:3;noun:1,verb,False,0,,,,False,True,False,,,,,,absent,,,
bih,2.46,0,0,1,A bitch.,,,noun:1,noun,False,0,,,,False,True,False,,,,,,absent,,,
estado,2.46,0,0,1,"A traditional Spanish unit of length, equivalent to about 1.67 m.",,,noun:1,noun,False,0,,,,False,True,False,,,,,,absent,,,
pupper,2.46,0,0,1,Synonym of dog or puppy.,,,noun:1,noun,False,0,,,,False,True,False,,,,,,absent,,,
gac,2.46,0,1,1,"The Southeast Asian fruit Momordica cochinchinensis, a reddish spiny gourd with high lycopene content.",,,noun:1,noun,False,0,,,,False,True,False,,,,,,absent,,,
morro,2.46,0,0,1,A round hill or point of land.,,,noun:1,noun,False,0,,,,False,True,False,,,,,,absent,,,
telematics,2.46,0,1,2,"The science of sending, receiving and storing information by means of telecommunication devices.",,,noun:2,noun,False,0,,,,False,True,False,,,,,,absent,,,
gault,2.46,1,1,1,"A type of stiff, blue clay, sometimes used for making bricks.",,,noun:1,noun,False,0,,,,False,True,False,,,,,,absent,,,
winky,2.46,0,0,2,"An emoticon or smiley that shows a winking face, such as ;-) or 😉.",,,noun:2;adj:1,noun,False,0,,,,False,True,False,,,,,,absent,,,
fansite,2.46,0,0,1,"A website aimed at fans of something, such as a singer or football team.",,,noun:1,noun,False,0,,,,False,True,False,,,,,,absent,,,
asperger,2.46,0,0,2,An aspergillum.,,,noun:2,noun,False,0,,,,False,True,False,,,,,,absent,,,
rupa,2.46,0,1,1,"form, shape, outward appearance.",,,noun:1,noun,False,0,,,,False,True,False,,,,,,absent,,,
autophagy,2.46,1,1,3,"The process of self-digestion by a cell through the action of enzymes originating within the same cell, and often a defensive or self-preservation measure.",,,noun:3,noun,False,0,,,,False,True,False,,,,,,absent,,,
softcore,2.46,0,1,1,Pornography that does not contain depictions of explicit sexual penetration.,,,adj:1;noun:1,adj,False,0,,,,False,True,False,,,,,,absent,,,
palmas,2.46,0,1,1,Clapping of the hands.,,,noun:1,noun,False,0,,,,False,True,False,,,,,,absent,,,
yuba,2.46,0,1,1,Dried tofu skin; the film that forms on top of a vat of boiling soy milk.,,,noun:1,noun,False,3,PROPN,0.0,,False,True,False,,,,,,absent,,,
colada,2.46,0,0,1,piña colada,,,noun:1,noun,False,1,NOUN,1.0,,False,True,False,,,,,,absent,,,
shand,2.46,0,1,2,Shame; scandal; disgrace.,,,noun:2;adj:1,noun,False,0,,,,False,True,False,,,,,,absent,,,
exfoliating,2.46,0,1,1,exfoliation,,,adj:1;noun:1;verb:1,adj,False,1,VERB,0.0,,False,True,False,,,"verb form (-ing, morphology)",,,absent,,,
noni,2.46,1,1,2,The Polynesian fruit tree Morinda citrifolia.,,,noun:2,noun,False,0,,,,False,True,False,,,,,,absent,,,
distro,2.45,1,1,5,"A set of software components, often open source, that have been packaged into a larger product or component for distribution to end-users.",,,noun:5,noun,False,0,,,,False,True,False,,,,,,absent,,,
rabi,2.45,0,0,2,Spring.,,,noun:2,noun,False,0,,,,False,True,False,,,,,,absent,,,
boykin,2.45,0,0,1,A little boy.,,,noun:1,noun,False,0,,,,False,True,False,,,,,,absent,,,
thumper,2.45,1,1,9,One who thumps.,,,noun:9,noun,False,0,,,,False,True,False,,,,,,absent,,,
gamepad,2.45,0,0,1,A type of game controller held in both hands and controlled with the thumbs.,,,noun:1,noun,False,0,,,,False,True,False,,,,,,absent,,,
pata,2.45,0,0,1,An Indian sword with an attached gauntlet.,,,noun:1,noun,False,0,,,,False,True,False,,,,,,absent,,,
adorno,2.45,0,0,1,"A clay ornament attached to a piece of pottery, usually at the rim.",,,noun:1,noun,False,0,,,,False,True,False,,,,,,absent,,,
erectus,2.45,0,1,1,Homo erectus.,,,noun:1,noun,False,0,,,,False,True,False,,,,,,absent,,,
soylent,2.45,0,1,1,"An undesirable, lackluster, and artificial foodstuff, as a substitute for real meat.",,,noun:1,noun,False,0,,,,False,True,False,,,,,,absent,,,
dier,2.45,0,0,1,One who dies.,,,noun:1,noun,False,0,,,,False,True,False,,,,,,absent,,,
morgenstern,2.45,0,0,1,morning star (spiked weapon),,,noun:1,noun,False,0,,,,False,True,False,,,,,,absent,,,
taha,2.45,0,0,2,"The yellow-crowned bishop, Euplectes afer, especially the southern subspecies taha.",,,noun:2,noun,False,0,,,,False,True,False,,,,,,absent,,,
bapu,2.45,0,0,1,father,,,noun:1,noun,False,0,,,,False,True,False,,,,,,absent,,,
wey,2.45,0,0,1,An old English measure of weight containing 224 pounds; equivalent to 2 hundredweight.,,,noun:1,noun,False,0,,,,False,True,False,,,,,,absent,,,
shunting,2.45,1,1,3,"The connection of an electrical component in parallel with another, the current being divided between them.",,,noun:3;verb:1,noun,False,0,,,,False,True,False,NOUN;VERB,,"noun, also verb",,,absent,,,
wellies,2.45,0,0,1,Wellington boots.,,,noun:1,noun,False,0,,,,False,True,False,,,,welly,,absent,,,
speight,2.45,0,0,1,A woodpecker.,,,noun:1,noun,False,0,,,,False,True,False,,,,,,absent,,,
chronos,2.45,0,0,1,"A steady, quantifiable beat or rhythm; measured or objective time.",,,noun:1,noun,False,0,,,,False,True,False,,,,,,absent,,,
vig,2.45,1,1,3,Synonym of vigorish (“charge taken on bets”).,,,noun:3,noun,False,0,,,,False,True,False,,,,,,absent,,,
sesh,2.45,0,0,4,A session.,,,noun:4;verb:1,noun,False,0,,,,False,True,False,,,,,,absent,,,
brandis,2.45,0,0,1,A triangular fire stand; trivet.,,,noun:1,noun,False,0,,,,False,True,False,,,,,,absent,,,
shagging,2.45,0,1,1,An act (or acts) of sexual intercourse.,,,adj:1;noun:1;verb:1,adj,False,0,,,,False,True,False,,,"verb form (-ing, morphology)",,,absent,,,
rinpoche,2.45,0,0,1,"A title warranting great respect, prefixed to the names of Tibetan Buddhists.",,,noun:1,noun,False,0,,,,False,True,False,,,,,,absent,,,
alcantara,2.45,0,1,1,"A suede-like synthetic textile, composed of polyester and polyurethane.",,,noun:1,noun,False,0,,,,False,True,False,,,,,,absent,,,
cajon,2.45,0,0,2,"A large valley surrounded by mountains of considerable height (especially in Latin America), through which a river runs.",cajón,,noun:2,noun,False,0,,,,False,True,False,,,,,,absent,,,
blackfoot,2.45,0,1,1,A tropical American bush of the genus Melampodium.,,,noun:1,noun,False,0,,,,False,True,False,,,,,,absent,,,
dono,2.45,0,0,1,A donation.,,,noun:1,noun,False,0,,,,False,True,False,,,,,,absent,,,
knockin,2.45,0,0,1,The insertion of a cDNA sequence at a particular locus in an organism's chromosome,,,noun:1,noun,False,1,VERB,0.0,,False,True,False,,,,,,absent,,,
ashfield,2.44,0,0,1,A field that is covered in ash.,,,noun:1,noun,False,0,,,,False,True,False,,,,,,absent,,,
superbike,2.44,0,0,1,"A super sport bike with a large engine, usually between 800 and 1200 cc",,,noun:1,noun,False,0,,,,False,True,False,,,,,,absent,,,
dall,2.44,0,0,1,A tile with an incised surface.,,,noun:1,noun,False,0,,,,False,True,False,,,,,,absent,,,
permaculture,2.44,1,1,2,Any system of sustainable agriculture that renews natural resources and enriches local ecosystems.,,,noun:2,noun,False,0,,,,False,True,False,,,,,,absent,,,
shastri,2.44,0,0,1,Someone who teaches the shastras.,,,noun:1,noun,False,0,,,,False,True,False,,,,,,absent,,,
darkside,2.44,1,1,5,"The side of something that is in darkness or unlit, or has less illumination.",,,noun:5,noun,False,0,,,,False,True,False,,,,,,absent,,,
multiplexing,2.44,1,1,1,The simultaneous transmission of multiple signals on the same channel.,,,noun:1;verb:1,noun,False,0,,,,False,True,False,NOUN,,,,,absent,,,
mukhtar,2.44,0,0,3,"A minor official—usually overseeing a village or town—in many Arab countries and (historical) in the Ottoman Empire and its successor states, including Turkey, Northern Cyprus, and formerly Albania.",muhtar,,noun:3,noun,False,0,,,,False,True,False,,,,,,absent,,,
mangan,2.44,0,0,1,"A win achieving five han, or three/four han with the required number of fu; worth 12,000 points if the winning player is on the East (dealer) side or 8,000 points otherwise.",,,noun:1,noun,False,0,,,,False,True,False,,,,,,absent,,,
beatdown,2.44,1,1,3,A severe beating.,,,noun:3,noun,False,0,,,,False,True,False,,,,,,absent,,,
syrah,2.44,1,1,2,"A dark-skinned variety of grape, used to produce red wines.",,,noun:2,noun,False,0,,,,False,True,False,,,,,,absent,,,
bool,2.44,0,0,1,A Boolean variable (one whose value is either true or false).,,,noun:1;verb:1,noun,False,0,,,,False,True,False,,,,,,absent,,,
coochie,2.44,0,0,3,"The hootchy-kootchy, a type of erotic dance.",,,noun:3,noun,False,0,,,,False,True,False,,,,,,absent,,,
bure,2.44,0,0,1,A traditional Fijian cottage with a steep thatched roof and wide windows.,,,noun:1,noun,False,0,,,,False,True,False,,,,,,absent,,,
kou,2.43,0,1,1,A tree of species Cordia subcordata.,,,noun:1,noun,False,0,,,,False,True,False,,,,,,absent,,,
cerevisiae,2.43,0,1,1,"The species Saccharomyces cerevisiae, or brewer's yeast.",,,noun:1,noun,False,0,,,,False,True,False,,,,,,absent,,,
imager,2.43,0,0,2,One who images or forms likenesses; a sculptor.,,,noun:2,noun,False,0,,,,False,True,False,,,,,,absent,,,
rager,2.43,0,0,3,One who rages.,,,noun:3,noun,False,0,,,,False,True,False,,,,,,absent,,,
rafale,2.43,0,0,1,"A short, intense burst of artillery fire from a number of weapons fired with the intention of overwhelming resistance or routing an attacking force.",,,noun:1,noun,False,0,,,,False,True,False,,,,,,absent,,,
propofol,2.43,1,1,1,A sedating and hypnotic agent C₁₂H₁₈O administered intravenously to induce and maintain anesthesia or sedation.,,,noun:1,noun,False,0,,,,False,True,False,,,,,,absent,,,
gord,2.43,0,0,2,An instrument of gaming; a sort of dice.,,,noun:2,noun,False,2,PROPN,0.0,,False,True,False,,,,,,absent,,,
birthdate,2.43,0,0,1,"The year, month, and day of someone's birth; a date of birth.",,,noun:1,noun,False,1,NOUN,1.0,,False,True,False,,,,,,absent,,,
goldin,2.43,0,0,1,"The golding, or corn marigold.",,,noun:1,noun,False,0,,,,False,True,False,,,,,,absent,,,
freemason,2.43,0,0,1,A member of a guild of skilled itinerant masons during the Middle Ages and early modern times.,,,noun:1,noun,False,1,PROPN,0.0,,False,True,False,,,,,,absent,,,
ibu,2.43,1,1,1,ibuprofen,,,noun:1,noun,False,0,,,,False,True,False,,,,,,absent,,,
dhamma,2.43,1,1,1,The teachings of Buddha.,,,noun:1,noun,False,0,,,,False,True,False,,,,,,absent,,,
maquis,2.43,0,1,2,Dense Mediterranean coastal scrub.,,,noun:2,noun,False,0,,,,False,True,False,,,,,,absent,,,
pharm,2.43,0,0,1,A site where organisms are produced for the creation of medicine or pharmaceuticals.,,,adj:1;noun:1;verb:1,adj,False,0,,,,False,True,False,,,,,,absent,,,
munger,2.43,0,0,2,One who mungs.,,,noun:2,noun,False,1,PROPN,0.0,,False,True,False,,,,,,absent,,,
deke,2.43,0,0,3,"A feint, fake, or other move made by the player with the puck to deceive a goaltender or defenceman.",,,noun:3;verb:2,noun,False,0,,,,False,True,False,,,,,,absent,,,
bagh,2.43,0,0,1,A type of enclosed garden common in south and south-eastern Asia.,,,noun:1,noun,False,4,PROPN,0.0,,False,True,False,,,,,,absent,,,
sudo,2.43,0,1,1,A Unix command that allows a user to run a program with the security privileges of another user.,,,noun:1;verb:1,noun,False,0,,,,False,True,False,,,,,,absent,,,
deadman,2.43,0,0,2,"A long object, often a timber or log, buried to serve as an anchor for a wall or for stays.",,,noun:2,noun,False,1,NOUN,1.0,,False,True,False,,,,,,absent,,,
oto,2.43,0,0,1,"An otocinclus (freshwater fish, genus Otocinclus).",,,noun:1,noun,False,0,,,,False,True,False,,,,,,absent,,,
politique,2.43,0,0,1,"A politician, especially one seen as being unprincipled.",,,adj:1;noun:1,adj,False,0,,,,False,True,False,,,,,,absent,,,
toyo,2.43,0,1,1,soy sauce,,,noun:1,noun,False,0,,,,False,True,False,,,,,,absent,,,
bushland,2.43,1,1,1,"An area of land in a natural, uncultivated state; wilderness, open forest.",,,noun:1,noun,False,0,,,,False,True,False,,,,,,absent,,,
bandmate,2.43,0,0,1,Someone with whom one shares membership in a band.,,,noun:1,noun,False,0,,,,False,True,False,,,,,,absent,,,
zoot,2.42,1,1,5,A zoot suit.,,,noun:5;verb:1,noun,False,11,NOUN,0.727,,False,True,False,,,,,,absent,,,
castello,2.42,0,0,1,A municipality of San Marino.,,,noun:1,noun,False,0,,,,False,True,False,,,,,,absent,,,
scapegoating,2.42,0,0,1,The act of making somebody a scapegoat.,,,noun:1;verb:1,noun,False,0,,,,False,True,False,NOUN;VERB,,"noun, also verb",,,absent,,,
iter,2.42,0,0,1,"A passage, especially the passage between the third and fourth ventricles in the brain; the cerebral aqueduct.",,,noun:1,noun,False,0,,,,False,True,False,,,,,,absent,,,
survivorship,2.42,0,1,3,The state of being a survivor.,,,noun:3,noun,False,0,,,,False,True,False,,,,,,absent,,,
lomas,2.42,0,0,1,"Fog oases, areas of fog-watered vegetation in the coastal desert of Peru and northern Chile",,,noun:1,noun,False,0,,,,False,True,False,,,,,,absent,,,
colonia,2.42,0,0,1,"a slum or shantytown near the US-Mexican border, generally without modern infrastructure",,,noun:1,noun,False,0,,,,False,True,False,,,,,,absent,,,
presale,2.42,0,0,2,"The sale of something privately, before it is available to the public",,,noun:2,noun,False,0,,,,False,True,False,,,,,,absent,,,
stache,2.42,0,0,1,A moustache.,,,noun:1,noun,False,0,,,,False,True,False,,,,,,absent,,,
pua,2.42,1,1,2,A type of fried sweet cake made of flour and sugar/jaggery popular in Northern India.,,,noun:2,noun,False,0,,,,False,True,False,,,,,,absent,,,
biopharmaceutical,2.42,0,0,1,Any drug produced using biotechnology.,,,adj:1;noun:1,adj,False,0,,,,False,True,False,,,adjective-like (morphology),,,absent,,,
ecchi,2.42,1,1,2,"A genre, especially of anime and manga, featuring playful, tongue-in-cheek usage of sexualized scenes and situations such as double entendre or flirtation, while remaining non-pornographic. Often used",,,noun:2;adj:1,noun,False,0,,,,False,True,False,,,,,,absent,,,
tard,2.42,0,0,2,A person with mental retardation.,,,noun:2,noun,False,0,,,,False,True,False,,,,,,absent,,,
asshat,2.42,0,0,1,An obnoxiously ignorant person; a fool.,,,noun:1,noun,False,0,,,,False,True,False,,,,,,absent,,,
midcentury,2.42,0,0,1,The midpoint or middle portion of a century.,,,adj:1;noun:1,adj,False,0,,,,False,True,False,,,,,,absent,,,
cheong,2.42,0,1,1,Any of various Korean sweet syrups and fruit preserves.,,,noun:1,noun,False,0,,,,False,True,False,,,,,,absent,,,
barangay,2.42,0,0,2,"The smallest local government unit in the Philippines, a subdivision of a city or municipality.",balangay,,noun:2,noun,False,0,,,,False,True,False,,,,,,absent,,,
booklist,2.42,0,0,2,Any list of books.,,,noun:2,noun,False,0,,,,False,True,False,,,,,,absent,,,
torching,2.42,1,1,2,An act of arson.,,,noun:2;verb:1,noun,False,0,,,,False,True,False,,,"verb form (-ing, morphology)",,,absent,,,
transgressive,2.42,0,0,2,"A kind of verb expressing a concurrently proceeding or following action, often found in Balto-Slavic languages.",,,adj:2;noun:2,adj,False,1,ADJ,0.0,,False,True,False,,,adjective-like (morphology),,,absent,,,
arabica,2.42,0,1,3,"A plant of species Coffea arabica, native to Ethiopia, that yields coffee beans.",,,noun:3,noun,False,0,,,,False,True,False,,,,,,absent,,,
hamada,2.42,0,0,1,"A high, desert landscape from which most of the sand has been removed by wind erosion",,,noun:1,noun,False,0,,,,False,True,False,,,,,,absent,,,
pogue,2.42,0,0,4,A kiss.,POG,,noun:4,noun,False,1,PROPN,0.0,,False,True,False,,,,,,absent,,,
cuda,2.42,0,0,1,A barracuda.,,,noun:1,noun,False,0,,,,False,True,False,,,,,,absent,,,
gau,2.42,0,0,3,A prayer box or small container worn as jewelry and containing an amulet or similar item.,jow,,noun:3;adj:2,noun,False,1,PROPN,0.0,,False,True,False,,,,,,absent,,,
ferrier,2.42,0,0,1,a ferryman,,,noun:1,noun,False,0,,,,False,True,False,,,,,,absent,,,
festa,2.42,0,0,1,"A public holiday or feast day in Italy, Portugal, etc.",,,noun:1,noun,False,0,,,,False,True,False,,,,,,absent,,,
outa,2.42,0,0,1,An old black man.,,,noun:1;prep:1,noun,False,1,OTHER,0.0,,False,True,False,,,,,,absent,,,
counterparty,2.42,0,0,1,The other party to a financial transaction.,,,noun:1,noun,False,34,NOUN,0.941,,False,True,False,,,,,,absent,,,
mochi,2.42,1,1,1,A small Japanese rice cake made from glutinous rice.,,,noun:1,noun,False,0,,,,False,True,False,,,,,,absent,,,
milla,2.42,0,0,1,"Spanish mile, a traditional Spanish unit of distance equivalent to about 1.4 km.",,,noun:1,noun,False,0,,,,False,True,False,,,,,,absent,,,
sobel,2.41,0,0,1,A government soldier who joined the rebels during the Sierra Leone civil war.,,,noun:1,noun,False,0,,,,False,True,False,,,,,,absent,,,
ruan,2.41,0,0,1,"A Chinese long-necked fretted round-bodied plucked lute which has, since the mid-20th century, been produced in a family of five sizes (from low to high).",,,noun:1,noun,False,0,,,,False,True,False,,,,,,absent,,,
playset,2.41,0,0,2,A themed collection of similar toys designed to work together to enact some action or event.,,,noun:2,noun,False,0,,,,False,True,False,,,,,,absent,,,
tradable,2.41,0,0,1,An asset which can be traded.,,,adj:1;noun:1,adj,False,0,,,,False,True,False,,,adjective-like (morphology),,,absent,,,
argan,2.41,0,0,2,"A tree of species Sideroxylon spinosum (formerly Argania spinosa), of southwestern Morocco, particularly prized for its oil.",,,noun:2,noun,False,0,,,,False,True,False,,,,,,absent,,,
aza,2.41,0,1,1,A nitrogen atom substituted for a carbon atom within a ring.,,,noun:1,noun,False,0,,,,False,True,False,,,,,,absent,,,
hamon,2.41,0,0,1,"A wavy line found on steel products that have been hardened differentially, with soft and hard steel sections, where the tempered steel is separated from the softer parts by the hamon.",,,noun:1,noun,False,0,,,,False,True,False,,,,,,absent,,,
cyclin,2.41,0,0,1,"Any of a group of proteins whose presence in a cell varies through its cycle, and that regulates this cycle by forming a complex with kinase",,,noun:1,noun,False,0,,,,False,True,False,,,,,,absent,,,
begat,2.41,0,0,1,"An element of a lineage, especially of a lineage given in the Bible",,,verb:2;noun:1,verb,False,0,,,,False,True,False,,,,,,absent,,,
clift,2.41,0,0,1,A cliff.,,,noun:1,noun,False,0,,,,False,True,False,,,,,,absent,,,
dro,2.41,0,1,1,Marijuana grown hydroponically.,,,noun:1,noun,False,0,,,,False,True,False,,,,,,absent,,,
venti,2.41,0,0,1,"A cup of coffee larger than grande, usually 20 ounces.",,,adj:1;noun:1,adj,False,4,NOUN,0.5,,False,True,False,,,,,,absent,,,
eggman,2.41,0,0,1,A man who delivers eggs.,,,noun:1,noun,False,0,,,,False,True,False,,,,,,absent,,,
biochem,2.41,0,1,1,Biochemistry (science or industry).,,,noun:1,noun,False,0,,,,False,True,False,,,,,,absent,,,
dicking,2.41,0,0,1,An act of sexual penetration; phallation.,,,noun:1;verb:1,noun,False,0,,,,False,True,False,,,"verb form (-ing, morphology)",,,absent,,,
spangler,2.41,0,0,1,Someone or something that spangles.,,,noun:1,noun,False,0,,,,False,True,False,,,,,,absent,,,
melanogaster,2.41,0,0,1,Any of several fungi of the genus Melanogaster.,,,noun:1,noun,False,0,,,,False,True,False,,,,,,absent,,,
scrapbooking,2.41,0,0,1,The process of making a scrapbook.,,,noun:1;verb:1,noun,False,0,,,,False,True,False,,,"verb form (-ing, morphology)",,,absent,,,
sperling,2.41,0,0,2,A European smelt (Osmerus eperlanus).,,,noun:2,noun,False,1,PROPN,0.0,,False,True,False,,,"verb form (-ing, morphology)",,,absent,,,
cannabinoid,2.41,0,0,1,"Substance that is structurally related to tetrahydrocannabinol (THC), a psychoactive compound present in cannabis, or that bind to cannabinoid receptors.",,,adj:1;noun:1,adj,False,0,,,,False,True,False,,,,,,absent,,,
magister,2.41,0,0,3,"Master; sir: a title used in the Middle Ages, given to a person in authority, or to one having a licence from a university to teach philosophy and the liberal arts.",,,noun:3,noun,False,0,,,,False,True,False,,,,,,absent,,,
overexpression,2.41,1,1,1,The abnormal or artificial expression of a gene in increased quantity,,,noun:1,noun,False,0,,,,False,True,False,,,,,,absent,,,
lalo,2.41,0,1,1,"baobab leaf powder, used to make soups in Western Africa.",,,noun:1,noun,False,1,OTHER,0.0,,False,True,False,,,,,,absent,,,
catawba,2.41,0,0,4,"The catawba grape, a cultivar of North American Vitis labrusca.",,,noun:4,noun,False,0,,,,False,True,False,,,,,,absent,,,
retweeting,2.41,0,0,1,A second or subsequent tweet,,,noun:1;verb:1,noun,False,0,,,,False,True,False,,,"verb form (-ing, morphology)",,,absent,,,
wargaming,2.41,0,1,1,The playing of war games.,,,noun:1;verb:1,noun,False,0,,,,False,True,False,,,"verb form (-ing, morphology)",,,absent,,,
fajr,2.41,0,1,1,the first of the five daily prayers recited by practicing Muslims.,,,noun:1,noun,False,0,,,,False,True,False,,,,,,absent,,,
hissy,2.41,0,0,1,"A tantrum, a fit.",,,adj:3;noun:1,adj,False,3,NOUN,1.0,,False,True,False,,,,,,absent,,,
shruti,2.41,0,0,2,The smallest interval of pitch that can be detected or produced.,,,noun:2,noun,False,0,,,,False,True,False,,,,,,absent,,,
pog,2.4,0,0,2,A phrase that positively compliments something; praise.,,,noun:2;adj:1;intj:1;verb:1,noun,False,0,,,,False,True,False,,,,,,absent,,,
epigenetics,2.4,0,1,2,"The study of the processes involved in the genetic development of an organism, especially the activation and deactivation of genes.",,,noun:2,noun,False,0,,,,False,True,False,,,,,,absent,,,
respawn,2.4,0,0,2,The reappearance of an item or enemy; the situation where something is respawned.,,,verb:4;noun:2,verb,False,0,,,,False,True,False,,,,,,absent,,,
oom,2.4,0,0,1,"An older man, especially an uncle. (Frequently as a respectful form of address.)",,,noun:1,noun,False,0,,,,False,True,False,,,,,,absent,,,
pascual,2.4,0,0,1,A plant of this kind.,,,adj:1;noun:1,adj,False,1,PROPN,0.0,,False,True,False,,,adjective-like (morphology),,,absent,,,
reeder,2.4,0,0,2,One who thatches with reeds.,,,noun:2,noun,False,4,PROPN,0.0,,False,True,False,,,,,,absent,,,
amaro,2.4,1,1,1,A type of Italian herbal liqueur.,,,noun:1,noun,False,0,,,,False,True,False,,,,,,absent,,,
saison,2.4,0,0,1,A kind of highly carbonated pale ale.,,,noun:1,noun,False,0,,,,False,True,False,,,,,,absent,,,
vanna,2.4,0,1,1,"A second-order measure of derivative price sensitivity, expressed as the rate of change of vega with respect to changes in the spot price, or equivalently the rate of change of delta with respect to c",,,noun:1,noun,False,3,PROPN,0.0,,False,True,False,,,,,,absent,,,
cota,2.4,0,1,1,"A perennial herb, Thelesperma megapotamicum (synonym Thelesperma gracile), native to the southwest and western plains of North America and used by the Hopi, Navajo and other American Indians for tea, ",,,noun:1,noun,False,0,,,,False,True,False,,,,,,absent,,,
shapeshifter,2.4,0,0,2,A person or creature capable of changing their appearance or form at will.,,,noun:2,noun,False,0,,,,False,True,False,,,,,,absent,,,
vocaloid,2.4,1,1,4,"An artificial singer (a voicebank, usually with an avatar) based on the Vocaloid engine.",,,noun:4,noun,False,0,,,,False,True,False,,,,,,absent,,,
ahi,2.4,0,0,1,yellowfin tuna,,,noun:1,noun,False,0,,,,False,True,False,,,,,,absent,,,
subnet,2.4,0,0,2,The abstraction of a sequence.,,,noun:2;verb:1,noun,False,1,NOUN,1.0,,False,True,False,,,,,,absent,,,
cluttering,2.4,1,1,3,"The act of making, or condition of being, cluttered.",,,noun:3;verb:1,noun,False,0,,,,False,True,False,NOUN;VERB,,"noun, also verb",,,absent,,,
hass,2.4,0,0,1,A kind of prebendal land revenue reserved for high-ranking officials of the Ottoman Empire.,,,noun:1,noun,False,0,,,,False,True,False,,,,,,absent,,,
breakpoint,2.4,0,0,4,A point in a program at which operation may be interrupted during debugging so that the state of the program at that point can be investigated.,,,noun:4;verb:1,noun,False,0,,,,False,True,False,,,,,,absent,,,
gacha,2.4,1,1,5,"A small toy sold in a plastic capsule in a vending machine, especially toys sold in or associated with Japan.",,,noun:5,noun,False,0,,,,False,True,False,,,,,,absent,,,
sog,2.4,0,0,1,"Soft, marsh-like or bog-like land; a swamp.",,,verb:2;noun:1,verb,False,0,,,,False,True,False,,,,,,absent,,,
rezoning,2.4,0,0,1,"the act, process or result of being rezoned",,,noun:1;verb:1,noun,False,0,,,,False,True,False,,,"verb form (-ing, morphology)",,,absent,,,
analyte,2.4,0,0,1,Any substance undergoing analysis.,,,noun:1,noun,False,0,,,,False,True,False,,,,,,absent,,,
ancona,2.4,0,0,2,"An altarpiece, especially one of multiple connected pictures",ancon,,noun:2,noun,False,0,,,,False,True,False,,,,,,absent,,,
boogaloo,2.4,1,1,7,"A genre of music that blends rhythm and blues and soul music with Cuban-style rhythms, originating in the United States in the 1960s.",,,noun:7;verb:1,noun,False,0,,,,False,True,False,,,,,,absent,,,
taran,2.4,0,0,2,"A species of roach (Rutilus heckelii), a fish in the Cyprinidae family. It is native to the Black Sea basin: rivers Don, Kuban, Dnieper, Dniester, rarely Danube.",,,noun:2,noun,False,0,,,,False,True,False,,,,,,absent,,,
peacebuilding,2.4,0,1,2,The creation of peace or the conditions for peace.,,,noun:2,noun,False,0,,,,False,True,False,,,"verb form (-ing, morphology)",,,absent,,,
haya,2.4,0,0,2,"A beech tree, especially a Mexican beech (Fagus mexicana).",chaya,,noun:2,noun,False,0,,,,False,True,False,,,,,,absent,,,
perma,2.4,0,1,1,Permanent.,,,verb:2;noun:1,verb,False,0,,,,False,True,False,,,,,,absent,,,
arvo,2.4,0,0,1,Afternoon.,,,noun:1,noun,False,0,,,,False,True,False,,,,,,absent,,,
hydrocodone,2.39,1,1,1,A habit-forming compound that is derived from codeine and is administered in the form of its bitartrate C₁₈H₂₁NO₃·C₄H₆O₆ usually in combination with other drugs (as acetaminophen) as an analgesic or a,,,noun:1,noun,False,0,,,,False,True,False,,,,,,absent,,,
kingsman,2.39,0,0,2,"The lowest enlisted rank in the Duke of Lancaster's Regiment of the British Army, equivalent to private in the rest of the British Army.",king's man,,noun:2,noun,False,1,PROPN,0.0,,False,True,False,,,,,,absent,,,
mito,2.39,0,1,1,Mitochondrial disease.,,,noun:1,noun,False,0,,,,False,True,False,,,,,,absent,,,
kanna,2.39,0,1,3,"Channa (Mesembryanthemum tortuosum, syn. Sceletium tortuosum), a Southern African succulent with psychoactive properties.",,,noun:3,noun,False,0,,,,False,True,False,,,,,,absent,,,
smoot,2.39,0,0,2,A unit of length defined as exactly sixty-seven inches (approximately 1.70 meters).,,,noun:2,noun,False,0,,,,False,True,False,,,,,,absent,,,
convenor,2.39,0,0,2,One who assembles people for an official or public purpose.,,,noun:2,noun,False,0,,,,False,True,False,,,,,,absent,,,
punto,2.39,0,0,2,A hit or point.,,,noun:2,noun,False,0,,,,False,True,False,,,,,,absent,,,
boof,2.39,0,1,3,"A “jump” over hydraulic backwash in a high-gradient mountain river, an action analogous to a skier jumping a cliff.",,,verb:9;noun:3;intj:2,verb,False,0,,,,False,True,False,,,,,,absent,,,
tambo,2.39,0,0,2,A tambourine player in a black minstrel troupe.,,,noun:2,noun,False,0,,,,False,True,False,,,,,,absent,,,
eep,2.39,1,1,2,A short scream or yelp.,,,noun:2;verb:2;intj:1,noun,False,0,,,,False,True,False,,,,,,absent,,,
peterman,2.39,0,0,3,A safecracker.,,,noun:3,noun,False,2,PROPN,0.0,,False,True,False,,,,,,absent,,,
supermajority,2.39,0,0,1,"A majority of the items being counted that reaches some preset threshold significantly greater than 50 percent, such as two thirds.",,,noun:1,noun,False,0,,,,False,True,False,,,,,,absent,,,
mati,2.39,0,0,1,"In Greek culture, a protective symbol resembling an eye, supposed to ward off the evil eye.",,,noun:1,noun,False,0,,,,False,True,False,,,,,,absent,,,
mandal,2.39,0,0,1,An administrative division in some countries in South Asia.,,,noun:1,noun,False,1,PROPN,0.0,,False,True,False,,,adjective-like (morphology),,,absent,,,
liss,2.39,0,1,3,Relief; ease; abatement; cessation; release.,,,noun:3;verb:2,noun,False,1,PROPN,0.0,,False,True,False,,,,,,absent,,,
rockwood,2.39,0,1,2,ligniform asbestos,,,noun:2,noun,False,0,,,,False,True,False,,,,,,absent,,,
murali,2.39,0,0,1,The matrimony vine (Lycium barbarum).,,,noun:1,noun,False,0,,,,False,True,False,,,,,,absent,,,
kak,2.39,0,1,3,"A subdivision of currency, equal to one tenth of a Cambodian riel.",,,noun:3;verb:1,noun,False,0,,,,False,True,False,,,,,,absent,,,
stam,2.39,0,0,1,Confusion.,,,noun:1;verb:1,noun,False,0,,,,False,True,False,,,,,,absent,,,
shonen,2.39,0,1,1,A style of Japanese animation and comics aimed at a younger male audience.,,,adj:1;noun:1,adj,False,0,,,,False,True,False,,,,,,absent,,,
kaito,2.39,0,0,1,A small motorized ferry or sampan that serves mostly remote islands.,,,noun:1,noun,False,0,,,,False,True,False,,,,,,absent,,,
maida,2.39,0,1,1,"A finely milled, refined and bleached wheat flour, used in making Indian foods such as samosa, chakli and bhatoora.",,,noun:1,noun,False,0,,,,False,True,False,,,,,,absent,,,
duan,2.39,0,0,2,"A division of a poem, especially an epic poem or a Scottish poem; a canto.",,,noun:2,noun,False,0,,,,False,True,False,,,,,,absent,,,
nef,2.39,0,0,1,"An extravagant table ornament and container used in the Middle Ages and Renaissance, made in the shape of a ship.",,,adj:1;noun:1,adj,False,0,,,,False,True,False,,,,,,absent,,,
headwear,2.39,0,1,1,"Clothing worn on the head (e.g. hats, helmets, headdresses, headscarves).",,,noun:1,noun,False,0,,,,False,True,False,,,,,,absent,,,
yuzu,2.39,1,1,1,"A citrus fruit originating in East Asia, Citrus ichangensis x Citrus reticulata var. austera.",,,noun:1,noun,False,0,,,,False,True,False,,,,,,absent,,,
fip,2.39,0,0,1,fippenny bit,,,noun:1,noun,False,0,,,,False,True,False,,,,,,absent,,,
ramada,2.39,0,0,1,"A simple arbour or open porch, typically roofed with branches.",,,noun:1,noun,False,0,,,,False,True,False,,,,,,absent,,,
crockpot,2.38,0,0,1,A slow cooker.,,,noun:1;verb:1,noun,False,0,,,,False,True,False,,,,,,absent,,,
castell,2.38,0,0,1,A human tower formed in festivals in Catalonia.,,,noun:1,noun,False,0,,,,False,True,False,,,,,,absent,,,
frist,2.38,1,1,3,A certain space or period of time; respite.,,,noun:3;verb:2,noun,False,1,OTHER,0.0,,False,True,False,,,,,,absent,,,
bobblehead,2.38,0,0,3,A collectible doll with a bobbing head.,,,noun:3,noun,False,0,,,,False,True,False,,,,,,absent,,,
prabhu,2.38,0,0,1,A lord.,,,noun:1,noun,False,0,,,,False,True,False,,,,,,absent,,,
mainstreaming,2.38,0,1,2,The process of bringing something into the mainstream.,,,noun:2;verb:1,noun,False,0,,,,False,True,False,NOUN;VERB,,"noun, also verb",,,absent,,,
vell,2.38,0,0,1,"The salted stomach of a calf, used in making rennet",,,noun:1;verb:1,noun,False,0,,,,False,True,False,,,,,,absent,,,
prashant,2.38,0,0,1,A croissant.,,,noun:1,noun,False,0,,,,False,True,False,,,,,,absent,,,
shinobu,2.38,0,0,1,The rabbit's-foot fern (Davallia),,,noun:1,noun,False,0,,,,False,True,False,,,,,,absent,,,
uploader,2.38,0,0,2,Someone who uploads files.,,,noun:2,noun,False,0,,,,False,True,False,,,,,,absent,,,
unlockable,2.38,0,0,1,An initially hidden feature that is made available to reward the player for some achievement.,,,adj:2;noun:1,adj,False,0,,,,False,True,False,,,adjective-like (morphology),,,absent,,,
manuka,2.38,1,1,2,"Leptospermum scoparium, a shrub or small tree native to New Zealand and southeast Australia.",,,noun:2,noun,False,0,,,,False,True,False,,,,,,absent,,,
nishi,2.38,0,0,3,"the left-hand (less prestigious) side of the banzuke (番付, “ranking list”)",,,noun:3,noun,False,0,,,,False,True,False,,,,,,absent,,,
houser,2.38,0,0,2,"One who, or that which, houses.",,,noun:2,noun,False,0,,,,False,True,False,,,,,,absent,,,
roomba,2.38,0,0,1,A robotic vacuum cleaner.,,,noun:1,noun,False,0,,,,False,True,False,,,,,,absent,,,
lig,2.38,0,0,1,A lie; an untruth.,,,verb:3;noun:1,verb,False,0,,,,False,True,False,,,,,,absent,,,
whistleblowing,2.38,0,1,1,"The disclosure to the public or to authorities, such as by an employee, of wrongdoing.",,,noun:1,noun,False,1,NOUN,1.0,,False,True,False,,,"verb form (-ing, morphology)",,,absent,,,
reynard,2.38,0,0,1,A fox.,,,noun:1,noun,False,0,,,,False,True,False,,,,,,absent,,,
metta,2.38,0,1,1,"Lovingkindness or compassion, especially if developed through meditation or mindfulness.",,,noun:1,noun,False,0,,,,False,True,False,,,,,,absent,,,
ging,2.38,0,0,3,A company; troop; a gang.,,,noun:3,noun,False,0,,,,False,True,False,,,,,,absent,,,
repurposing,2.38,0,0,1,The act by which something is repurposed.,,,noun:1;verb:1,noun,False,1,VERB,0.0,,False,True,False,,,"verb form (-ing, morphology)",,,absent,,,
wildland,2.38,1,1,1,"Land that is unfit for, or has not been modified by, cultivation or other human activity; a natural area.",,,noun:1,noun,False,1,NOUN,1.0,,False,True,False,,,,,,absent,,,
ager,2.38,0,0,3,One who or that which ages something.,,,noun:3,noun,False,0,,,,False,True,False,,,,,,absent,,,
reggaeton,2.38,0,1,1,"A style of Latin American popular music, originally developing from reggae in Panama but now more of a type of hip hop-dance music mainly associated with Puerto Rico.",,,noun:1,noun,False,0,,,,False,True,False,,,,,,absent,,,
chal,2.38,0,0,1,A male gypsy.,,,noun:1,noun,False,0,,,,False,True,False,,,,,,absent,,,
hornblower,2.38,0,0,1,Someone or something that blows a horn.,,,noun:1,noun,False,0,,,,False,True,False,,,,,,absent,,,
zin,2.38,1,1,1,Zinfandel wine.,,,noun:1,noun,False,0,,,,False,True,False,,,,,,absent,,,
rabe,2.38,1,1,2,The budding shoot of a brassica that has bolted.,,,noun:2,noun,False,0,,,,False,True,False,,,,,,absent,,,
bayan,2.38,0,0,2,A type of chromatic button accordion developed in Russia in the early 20th century.,,,noun:2,noun,False,0,,,,False,True,False,,,,,,absent,,,
tita,2.38,0,0,2,An aunt; auntie.,,,noun:2,noun,False,0,,,,False,True,False,,,,,,absent,,,
cheez,2.38,0,1,2,composition,,,noun:2,noun,False,0,,,,False,True,False,,,,,,absent,,,
backfiring,2.38,1,1,2,The occurrence of a backfire.,,,noun:2;verb:1,noun,False,0,,,,False,True,False,NOUN;VERB,,"noun, also verb",,,absent,,,
merrin,2.38,0,0,1,"A species of nailtail wallaby, Onychogalea fraenata, of NSW and Qld, with distinctive bridle-like markings.",,,noun:1,noun,False,0,,,,False,True,False,,,,,,absent,,,
abiotic,2.37,0,0,1,Any such material,,,adj:2;noun:1,adj,False,0,,,,False,True,False,,,adjective-like (morphology),,,absent,,,
tib,2.37,0,0,4,A tibia.,,,noun:4,noun,False,0,,,,False,True,False,,,,,,absent,,,
kidderminster,2.37,0,0,1,A type of two-ply carpet.,,,noun:1,noun,False,0,,,,False,True,False,,,,,,absent,,,
yair,2.37,0,0,1,An enclosure for catching salmon as the tide ebbs.,,,noun:1,noun,False,0,,,,False,True,False,,,,,,absent,,,
allegiant,2.37,0,0,1,A person who is loyal to some (specified or implied) thing; one who is allegiant.,,,adj:1;noun:1,adj,False,0,,,,False,True,False,,,,,,absent,,,
bioactive,2.37,0,0,1,Such a material,,,adj:2;noun:1,adj,False,0,,,,False,True,False,,,adjective-like (morphology),,,absent,,,
mylar,2.37,1,1,1,A polyester film.,,,noun:1,noun,False,2,PROPN,0.0,,False,True,False,,,,,,absent,,,
kade,2.37,0,0,1,"The sheep ked, Melophagus ovinus",,,noun:1,noun,False,0,,,,False,True,False,,,,,,absent,,,
shota,2.37,1,1,2,"Hentai anime or manga, or other Japanese-inspired erotic art featuring young, usually prepubescent boys.",,,noun:2,noun,False,0,,,,False,True,False,,,,,,absent,,,
defo,2.37,0,1,1,defamation,,,adj:1;adv:1;noun:1,adj,False,0,,,,False,True,False,,,,,,absent,,,
wakey,2.37,0,0,1,The day on which one wakes up and travels home.,,,intj:1;noun:1,intj,False,0,,,,False,True,False,,,,,,absent,,,
brownback,2.37,0,0,3,"A bird, the dowitcher or red-breasted snipe.",,,noun:3,noun,False,2,PROPN,0.0,,False,True,False,,,,,,absent,,,
donk,2.37,0,1,10,"A sub-genre of Scouse house music containing distinctive percussion sounds, or a sound typical of this genre.",,,noun:10;verb:6;adj:1,noun,False,0,,,,False,True,False,,,,,,absent,,,
fugly,2.37,0,0,1,An extremely ugly person.,,,adj:1;noun:1,adj,False,0,,,,False,True,False,,,,,,absent,,,
benching,2.37,0,0,1,An instance of a person being removed temporarily from an active role in a group or team activity.,,,noun:1;verb:1,noun,False,0,,,,False,True,False,,,"verb form (-ing, morphology)",,,absent,,,
mainstage,2.37,0,0,2,The largest performing space in a venue.,,,noun:2;adj:1,noun,False,0,,,,False,True,False,,,,,,absent,,,
pranking,2.37,0,0,2,A showy adornment.,,,noun:2;verb:1,noun,False,0,,,,False,True,False,,,"verb form (-ing, morphology)",,,absent,,,
biko,2.37,0,0,1,"A sweet rice cake from the Philippines, made with coconut milk and brown sugar.",,,noun:1,noun,False,0,,,,False,True,False,,,,,,absent,,,
lep,2.37,0,0,1,A butterfly or moth.,,,noun:1,noun,False,3,PROPN,0.0,,False,True,False,,,,,,absent,,,
butthead,2.37,0,0,1,An annoying person or someone who is difficult to get along with.,,,noun:1,noun,False,0,,,,False,True,False,,,,,,absent,,,
linea,2.37,0,0,2,"Any long marking, dark or bright, on a planet or moon's surface.",,,noun:2,noun,False,0,,,,False,True,False,,,,,,absent,,,
blam,2.37,0,1,2,"A sudden, explosive sound, such as is made by a gunshot.",,,verb:5;noun:2;intj:1,verb,False,0,,,,False,True,False,,,,,,absent,,,
lightspeed,2.37,1,1,2,The speed of light (in vacuum unless another medium is specified).,,,noun:2,noun,False,0,,,,False,True,False,,,"verb form (-ed, morphology)",,,absent,,,
mura,2.37,0,1,2,Nonuniformity in the luminance of a display device.,,,noun:2,noun,False,0,,,,False,True,False,,,,,,absent,,,
cooldown,2.37,0,0,4,"The rest period between sets or workout sessions, when cooling of body temperature may occur.",,,noun:4,noun,False,0,,,,False,True,False,,,,,,absent,,,
modularity,2.37,1,1,1,The property of being modular.,,,noun:1,noun,False,0,,,,False,True,False,,,,,,absent,,,
grampa,2.37,0,0,1,grandfather,,,noun:1,noun,False,0,,,,False,True,False,,,,,,absent,,,
gentoo,2.37,0,0,1,gentoo penguin,,,noun:1,noun,False,0,,,,False,True,False,,,,,,absent,,,
platforming,2.37,0,1,2,The video game activity of jumping from one platform to another.,,,noun:2;verb:1,noun,False,0,,,,False,True,False,,,"verb form (-ing, morphology)",,,absent,,,
habanero,2.37,0,0,1,"An intensely spicy chili pepper, Capsicum chinense.",,,noun:1,noun,False,0,,,,False,True,False,,,,,,absent,,,
tice,2.37,0,0,2,A ball bowled to strike the ground about a bat's length in front of the wicket; a yorker.,,,noun:2;verb:1,noun,False,0,,,,False,True,False,,,,,,absent,,,
oliva,2.37,0,0,1,olivary body,,,noun:1,noun,False,0,,,,False,True,False,,,,,,absent,,,
reframing,2.37,1,1,1,Framing anew or again.,,,noun:1;verb:1,noun,False,0,,,,False,True,False,,,"verb form (-ing, morphology)",,,absent,,,
morena,2.36,0,0,1,"Someone in authority, a master or leader, especially among Sotho-speakers.",,,noun:1,noun,False,0,,,,False,True,False,,,,,,absent,,,
ganache,2.36,1,1,3,"A rich sauce, made of chocolate and cream, used also as the filling of truffles, and as a glaze.",,,noun:3;verb:1,noun,False,0,,,,False,True,False,,,,,,absent,,,
kumari,2.36,0,0,1,A living goddess; a prepubescent girl worshipped as a manifestation of divine female energy.,,,noun:1,noun,False,0,,,,False,True,False,,,,,,absent,,,
houlihan,2.36,0,0,1,A kind of lasso throw.,,,noun:1,noun,False,0,,,,False,True,False,,,,,,absent,,,
bussy,2.36,0,0,4,A bus driver.,,,noun:4;adj:2,noun,False,0,,,,False,True,False,,,,,,absent,,,
sica,2.36,0,0,1,"A curved dagger used in Ancient Roman times, associated with the Thracian and Illyrians, gladiators, and Sicarii.",,,noun:1,noun,False,0,,,,False,True,False,,,,,,absent,,,
soler,2.36,0,0,1,One who fits the soles to shoes.,,,noun:1,noun,False,1,PROPN,0.0,,False,True,False,,,,,,absent,,,
aspartate,2.36,0,0,1,"The conjugate base of aspartic acid, or any salt or ester of it.",,,noun:1,noun,False,2,NOUN,1.0,,False,True,False,,,,,,absent,,,
screencap,2.36,0,0,1,A screenshot.,,,noun:1;verb:1,noun,False,0,,,,False,True,False,,,,,,absent,,,
snuggly,2.36,0,0,1,"Anything cosy or cuddly, such as soft clothing, a plush toy, or an animal.",,,adj:2;adv:1;noun:1,adj,False,0,,,,False,True,False,,,adjective-like (morphology),,,absent,,,
wideband,2.36,0,1,1,A communications transmission rate between that of narrowband and broadband.,,,noun:1,noun,False,0,,,,False,True,False,,,,,,absent,,,
natick,2.36,0,0,1,An intersection of two obscure crossword puzzle clues.,,,noun:1,noun,False,0,,,,False,True,False,,,,,,absent,,,
padawan,2.36,0,0,2,An apprentice or student Jedi.,,,noun:2,noun,False,0,,,,False,True,False,,,,,,absent,,,
dasha,2.36,1,1,1,"One of various systems of Hindu astrology based on planetary periods, in which these planetary periods have good or bad effects depending on their placement by sign, house, combinations with other pla",,,noun:1,noun,False,0,,,,False,True,False,,,,,,absent,,,
principia,2.36,0,0,1,First principles; elementary material.,,,noun:1,noun,False,2,OTHER,0.0,,False,True,False,,,,,,absent,,,
otome,2.36,0,0,1,Ellipsis of otome game.,otome game,,noun:1,noun,True,0,,,,False,True,False,,,,,,absent,,,
onsen,2.36,0,0,2,A (Japanese) hot spring.,,,noun:2,noun,False,0,,,,False,True,False,,,,,,absent,,,
binky,2.36,0,0,3,"A stuffed animal, pillow, blanket, or toy that a small child is more attached to than any other, and often sleeps with.",,,noun:3;verb:1,noun,False,0,,,,False,True,False,,,,,,absent,,,
amla,2.36,0,0,2,"Phyllanthus emblica, a deciduous tree.",,,noun:2,noun,False,0,,,,False,True,False,,,,,,absent,,,
johar,2.36,0,1,1,The Rajput practice whereby women are sacrificed in a fire to avoid their being captured by an enemy.,,,noun:1,noun,False,3,PROPN,0.0,,False,True,False,,,,,,absent,,,
hanif,2.36,0,0,1,"Any person, from before the time of Muhammad, who followed a non-pagan monotheistic religion.",,,noun:1,noun,False,0,,,,False,True,False,,,,,,absent,,,
tej,2.36,0,1,1,A type of honey wine or mead from Ethiopia and Eritrea typically served in a specialized glass vessel known as a berele.,,,noun:1,noun,False,0,,,,False,True,False,,,,,,absent,,,
andor,2.36,0,0,3,"Synonym of dandy or hammock litter, a strong cloth suspended from a pole or set of poles used as an open sedan chair.",,,noun:3,noun,False,0,,,,False,True,False,,,,,,absent,,,
janney,2.36,0,0,1,A mummer.,,,noun:1;verb:1,noun,False,0,,,,False,True,False,,,,,,absent,,,
normie,2.36,0,0,3,"A normal person; one with commonly held, normative beliefs, neurology, tastes or interests.",,,noun:3;adj:1,noun,False,0,,,,False,True,False,,,,,,absent,,,
flava,2.36,1,1,1,flavor,,,noun:1,noun,False,0,,,,False,True,False,,,,,,absent,,,
tce,2.36,0,0,1,terrace,,,noun:1,noun,False,0,,,,False,True,False,,,,,,absent,,,
guk,2.36,0,1,1,A class of soup-like dishes in Korean cuisine.,,,noun:1,noun,False,0,,,,False,True,False,,,,,,absent,,,
maslin,2.36,1,1,2,A mixture composed of different materials; especially:,,,noun:2;adj:1,noun,False,0,,,,False,True,False,,,,,,absent,,,
kaj,2.36,0,0,1,A spirit of storm and wind;,,,noun:1,noun,False,0,,,,False,True,False,,,,,,absent,,,
nightline,2.36,0,0,2,"An overnight telephone counselling service, typically for students.",,,noun:2,noun,False,1,PROPN,0.0,,False,True,False,,,,,,absent,,,
tabula,2.36,1,1,7,A plate or frame on which a title or inscription is carved.,,,noun:7,noun,False,2,OTHER,0.0,,False,True,False,,,,,,absent,,,
rng,2.36,0,0,1,"An algebraic structure satisfying the same properties as a ring, except that multiplication need not have an identity element.",,,noun:1,noun,False,0,,,,False,True,False,,,,,,absent,,,
linotype,2.35,0,0,2,A form of typesetting machine in which a complete line of characters is set at once.,,,noun:2;verb:1,noun,False,0,,,,False,True,False,,,,,,absent,,,
resveratrol,2.35,1,1,1,"A phenolic substance, 3,5,4'-trihydroxystilbene, a stilbenoid and phytoalexin, that is found in some fruits and nuts, and in red wine, and is reputed to have some beneficial properties for humans.",,,noun:1,noun,False,0,,,,False,True,False,,,,,,absent,,,
vill,2.35,0,0,2,"The smallest administrative unit of land in feudal England, corresponding to the Anglo-Saxon tithing and the modern parish.",,,noun:2;verb:1,noun,False,0,,,,False,True,False,,,,,,absent,,,
clas,2.35,0,0,1,A Celtic monastery,,,noun:1,noun,False,0,,,,False,True,False,,,,,,absent,,,
cooch,2.35,0,0,2,"The hootchy-kootchy, a type of erotic dance.",,,noun:2,noun,False,2,PROPN,0.0,,False,True,False,,,,,,absent,,,
jarrah,2.35,1,1,2,"A eucalypt tree of species Eucalyptus marginata, occurring in the southwest of Western Australia.",,,noun:2,noun,False,0,,,,False,True,False,,,,,,absent,,,
rideau,2.35,0,0,1,"A fortification or barrier such as a small earthen mound or ridge, a file of troops, etc.",,,noun:1,noun,False,0,,,,False,True,False,,,,,,absent,,,
rebbe,2.35,0,0,2,The spiritual leader of a Hasidic Jewish community.,,,noun:2,noun,False,0,,,,False,True,False,,,,,,absent,,,
rashi,2.35,0,0,1,A zodiac sign.,,,noun:1,noun,False,0,,,,False,True,False,,,,,,absent,,,
tumi,2.35,0,0,1,A ceremonial axe used by some Incan and pre-Incan cultures of South America.,,,noun:1,noun,False,0,,,,False,True,False,,,,,,absent,,,
lusk,2.35,0,0,1,A lazy or slothful person.,,,adj:2;noun:1;verb:1,adj,False,1,PROPN,0.0,,False,True,False,,,,,,absent,,,
rando,2.35,0,0,4,An arbitrary person with whom one has no shared social connection.,randomizer,,noun:4;adj:2,noun,True,0,,,,False,True,False,,,,,,absent,,,
tonka,2.35,0,1,1,"A flavoring or fragrance used in foodstuffs and perfumes, derived from the tonka bean which contains coumarin.",,,noun:1,noun,False,1,PROPN,0.0,,False,True,False,,,,,,absent,,,
reem,2.35,0,0,1,"A large horned animal in ancient Hebrew literature, variously identified with the wild ox or aurochs (Bos primigenius), the Arabian oryx, or a mythical creature (compare unicorn).",,,adj:1;noun:1;verb:1,adj,False,0,,,,False,True,False,,,,,,absent,,,
coppa,2.35,0,1,1,capicola,,,noun:1,noun,False,0,,,,False,True,False,,,,,,absent,,,
seahawk,2.35,0,0,2,A rapacious gull-like bird of the genus Stercorarius.,,,noun:2,noun,False,0,,,,False,True,False,,,,,,absent,,,
diz,2.35,0,0,1,"A tool, often a flat circle, with one or more holes for passing wool through to form roving of a specified thickness.",,,verb:3;noun:1,verb,False,0,,,,False,True,False,,,,,,absent,,,
frac,2.35,0,0,5,Frac job.,,,noun:5;adj:1;verb:1,noun,False,0,,,,False,True,False,,,,,,absent,,,
tartare,2.35,1,1,2,A foodstuff chopped fine and served raw.,tartare sauce,,noun:2;adj:1,noun,True,0,,,,False,True,False,,,,,,absent,,,
licensor,2.35,0,0,1,A party that grants a license to another.,,,noun:1,noun,False,0,,,,False,True,False,,,,,,absent,,,
barbera,2.35,1,1,1,"An Italian grape variety grown for use in red wine, or a wine made from such grapes.",,,noun:1,noun,False,0,,,,False,True,False,,,,,,absent,,,
rocher,2.35,0,0,1,A quenelle (in the sense of food moulded into an elliptical shape) made using one spoon rather than two.,,,noun:1,noun,False,0,,,,False,True,False,,,,,,absent,,,
dawa,2.35,0,0,2,"A medicine, particularly a native one or one used by witch doctors.",,,noun:2,noun,False,2,PROPN,0.0,,False,True,False,,,,,,absent,,,
helio,2.35,0,0,1,A heliotrope (surveying instrument).,,,noun:1,noun,False,0,,,,False,True,False,,,,,,absent,,,
ruffin,2.35,0,0,1,A ruffian.,,,adj:1;noun:1,adj,False,0,,,,False,True,False,,,,,,absent,,,
kettlebell,2.35,0,0,1,A weight consisting of a cast iron ball with a single handle for gripping the weight during exercise.,,,noun:1,noun,False,0,,,,False,True,False,,,,,,absent,,,
spiritus,2.35,0,0,3,A breathing.,,,noun:3,noun,False,0,,,,False,True,False,,,,,,absent,,,
kuti,2.35,0,1,1,A traditional Ethiopian tisane made from steeped coffee leaves.,,,noun:1,noun,False,0,,,,False,True,False,,,,,,absent,,,
dubbo,2.35,0,0,1,A foolish person.,,,noun:1,noun,False,0,,,,False,True,False,,,,,,absent,,,
holodeck,2.35,0,0,1,"A room that provides holographic simulations for recreation, training, etc.",,,noun:1,noun,False,0,,,,False,True,False,,,,,,absent,,,
downloader,2.35,0,0,2,Someone who downloads files from the Internet.,,,noun:2,noun,False,0,,,,False,True,False,,,,,,absent,,,
morita,2.35,0,0,1,A reddish-brown variety of chipotle.,,,noun:1,noun,False,2,PROPN,0.0,,False,True,False,,,,,,absent,,,
rocksteady,2.34,0,1,1,A genre of Jamaican music somewhat slower than ska.,,,noun:1,noun,False,0,,,,False,True,False,,,,,,absent,,,
entendre,2.34,0,0,1,"A meaning, especially one that is implied rather than explicitly stated.",,,noun:1,noun,False,0,,,,False,True,False,,,,,,absent,,,
sux,2.34,0,1,1,Suxamethonium.,,,noun:1;verb:1,noun,False,1,VERB,0.0,,False,True,False,,,,,,absent,,,
zar,2.34,0,1,1,"A religious set of beliefs and practices in parts of northern Africa and the Middle East, involving the possession of an individual (usually female) by a type of spirit.",,,noun:1,noun,False,0,,,,False,True,False,,,,,,absent,,,
acai,2.34,0,0,2,"Any of several South American palms, of the genus Euterpe, having a dark purple drupe.",,,noun:2,noun,False,0,,,,False,True,False,,,,,,absent,,,
rakhi,2.34,0,0,1,"An ornamental cotton wristband tied by a girl or woman on to the wrist of her brother, or of one who takes on the responsibilities of a brother, particularly during the Raksha Bandhan festival.",,,noun:1,noun,False,0,,,,False,True,False,,,,,,absent,,,
guna,2.34,1,1,2,"A lengthening of the simple vowels a, i, u, by prefixing an a element.",,,noun:2,noun,False,0,,,,False,True,False,,,,,,absent,,,
jenkin,2.34,0,0,1,A narrow excavation driven through a pillar of coal.,,,noun:1,noun,False,0,,,,False,True,False,,,,,,absent,,,
rann,2.34,0,0,1,A stanza of Irish poetry.,,,noun:1,noun,False,0,,,,False,True,False,,,,,,absent,,,
yerba,2.34,0,1,1,"Ilex paraguariensis, a species of holly native to southern South America; or the dried leaves and twigs of this plant, used to make the caffeine-rich beverage maté.",,,noun:1,noun,False,0,,,,False,True,False,,,,,,absent,,,
intergroup,2.34,0,0,1,"A group of members of the European Parliament of no particular party or committee, to facilitate the exchange of views.",,,adj:1;noun:1,adj,False,4,ADJ,0.0,,False,True,False,,,,,,absent,,,
replicator,2.34,0,0,2,"Something capable of self-replication, like a gene or meme.",,,noun:2,noun,False,0,,,,False,True,False,,,,,,absent,,,
manhunter,2.34,0,0,2,Someone who hunts down a target in a manhunt.,,,noun:2,noun,False,0,,,,False,True,False,,,,,,absent,,,
maron,2.34,0,0,1,An alpine guide.,,,noun:1,noun,False,0,,,,False,True,False,,,,,,absent,,,
ameen,2.34,0,0,1,"Any of various native Indian officials employed by the civil courts, for example to investigate accounts connected with a suit, to prosecute local enquiries of any kind bearing on a suit, to sell or t",,,noun:1,noun,False,0,,,,False,True,False,,,,,,absent,,,
crossrail,2.34,0,0,2,A rail that goes across something.,,,noun:2,noun,False,0,,,,False,True,False,,,,,,absent,,,
multifunction,2.34,0,0,1,A multivalued function.,,,adj:1;noun:1,adj,False,0,,,,False,True,False,,,,,,absent,,,
eastland,2.34,0,0,1,The eastern part of a geographic area; a land lying to the east.,,,noun:1,noun,False,1,PROPN,0.0,,False,True,False,,,,,,absent,,,
sintering,2.34,1,1,1,A process in which the particles of a powder are welded together by pressure and heating to a temperature below its melting point.,,,noun:1;verb:1,noun,False,0,,,,False,True,False,,,"verb form (-ing, morphology)",,,absent,,,
seif,2.34,0,0,1,A sand dune that elongates parallel to the prevailing wind.,,,noun:1,noun,False,0,,,,False,True,False,,,,,,absent,,,
bomba,2.34,1,1,1,"A form of traditional drumming, and an associated form of dance, from Puerto Rico.",,,noun:1,noun,False,0,,,,False,True,False,,,,,,absent,,,
woon,2.34,0,0,1,A Burmese governor or officer of administration.,,,noun:1,noun,False,0,,,,False,True,False,,,,,,absent,,,
shor,2.34,0,0,1,A salt lake.,,,noun:1,noun,False,0,,,,False,True,False,,,,,,absent,,,
goel,2.34,0,0,1,"A person who, as the nearest relative of another, has certain obligations toward them, such as having to free them from slavery, to repurchase their property if sold through poverty, and to avenge the",,,adj:1;noun:1,adj,False,0,,,,False,True,False,,,,,,absent,,,
dorr,2.34,0,0,2,"A dor, or dorbeetle.",,,noun:2,noun,False,3,PROPN,0.0,,False,True,False,,,,,,absent,,,
gata,2.34,0,0,2,A kind of pastry in Armenia and some neighboring countries.,,,noun:2,noun,False,0,,,,False,True,False,,,,,,absent,,,
dookie,2.34,1,1,3,"swimming costume, bathing suit",dukey,,noun:3;adj:1,noun,False,0,,,,False,True,False,,,,,,absent,,,
gooder,2.34,0,0,1,Something good; a good one; goodie.,,,adj:1;noun:1,adj,False,0,,,,False,True,False,,,,,,absent,,,
eam,2.34,0,0,1,Uncle.,,,noun:1,noun,False,0,,,,False,True,False,,,,,,absent,,,
storer,2.34,0,0,2,One who lays up or forms a store.,,,noun:2,noun,False,1,PROPN,0.0,,False,True,False,,,,,,absent,,,
microarray,2.34,0,0,1,"Any of several devices, containing a two-dimensional array of small quantities of biological material, used for various types of assay; the assay itself",,,noun:1,noun,False,0,,,,False,True,False,,,,,,absent,,,
seva,2.33,0,1,1,Selfless service that is performed without any expectation of reward for performing it.,,,noun:1,noun,False,0,,,,False,True,False,,,,,,absent,,,
mell,2.33,0,1,6,Discourse; conversation.,,,noun:6;verb:2,noun,False,0,,,,False,True,False,,,,,,absent,,,
karn,2.33,0,0,1,A pile of rocks.,,,noun:1,noun,False,0,,,,False,True,False,,,,,,absent,,,
salo,2.33,0,1,1,"a type of fatback, or non-rendered underskin pig fat consumed in Central and Eastern Europe, usually seasoned",,,noun:1,noun,False,0,,,,False,True,False,,,,,,absent,,,
suman,2.33,0,1,1,"Rice cake from the Philippines made from glutinous rice cooked in coconut milk, usually eaten sprinkled with sugar or laden with latik.",,,noun:1,noun,False,0,,,,False,True,False,,,,,,absent,,,
wark,2.33,0,0,3,Pain; ache.,,,noun:3;verb:1,noun,False,1,PROPN,0.0,,False,True,False,,,,,,absent,,,
soong,2.33,0,1,1,"In American Chinese cuisine, minced meat or vegetables.",,,noun:1,noun,False,0,,,,False,True,False,,,,,,absent,,,
voxel,2.33,0,0,1,"The three-dimensional analogue of a pixel; a volume element representing some numerical quantity, such as the colour, of a point in three-dimensional space, used in the visualisation and analysis of t",,,noun:1,noun,False,0,,,,False,True,False,,,,,,absent,,,
securitization,2.33,1,1,2,"The fact or process of securitizing assets; the conversion of loans into securities, usually in order to sell them on to other investors.",,,noun:2,noun,False,6,NOUN,1.0,,False,True,False,,,,,,absent,,,
miya,2.33,0,0,1,A Japanese shrine.,,,noun:1,noun,False,0,,,,False,True,False,,,,,,absent,,,
mockumentary,2.33,0,0,1,A film or television programme presented as if it were a documentary but that is not factual and often a parody or satire.,,,noun:1,noun,False,0,,,,False,True,False,,,adjective-like (morphology),,,absent,,,
motu,2.33,0,1,2,"A reef islet formed by broken coral and sand, surrounding an atoll.",,,noun:2,noun,False,0,,,,False,True,False,,,,,,absent,,,
khutor,2.33,0,0,1,A single-homestead rural settlement of Eastern Europe.,,,noun:1,noun,False,0,,,,False,True,False,,,,,,absent,,,
dopaminergic,2.33,0,0,1,Any substance that affects the production of dopamine or is a dopamine receptor agonist.,,,adj:1;noun:1,adj,False,0,,,,False,True,False,,,adjective-like (morphology),,,absent,,,
gena,2.33,0,0,3,The cheek; the feathered side of the under mandible of a bird.,,,noun:3,noun,False,0,,,,False,True,False,,,,,,absent,,,
skelly,2.33,0,1,3,A squint.,skully,,noun:3;verb:2,noun,False,0,,,,False,True,False,,,adjective-like (morphology),,,absent,,,
medio,2.33,0,0,2,"A traditional Spanish unit of dry measure, equivalent to about 2.3 L.",,,noun:2,noun,False,0,,,,False,True,False,,,,,,absent,,,
objectifying,2.33,1,1,1,Objectification.,,,noun:1;verb:1,noun,False,0,,,,False,True,False,,,"verb form (-ing, morphology)",,,absent,,,
harmer,2.33,0,0,1,One who harms.,,,noun:1,noun,False,2,PROPN,0.0,,False,True,False,,,,,,absent,,,
vada,2.33,0,0,1,A type of savoury doughnut eaten as a snack in south Asia.,,,noun:1;verb:1,noun,False,0,,,,False,True,False,,,,,,absent,,,
terraforming,2.33,0,1,1,"The hypothetical process of deliberately modifying the atmosphere, temperature, surface topography or ecology of a planet, moon, etc. to make it similar to those of Earth and thus suitable for human l",,,noun:1;verb:1,noun,False,0,,,,False,True,False,,,"verb form (-ing, morphology)",,,absent,,,
nuc,2.33,0,0,1,A nucleus colony; a small bee colony created from a larger colony.,,,noun:1,noun,False,0,,,,False,True,False,,,,,,absent,,,
tcf,2.33,0,0,2,thousand cubic feet,,,noun:2,noun,True,0,,,,False,True,False,,,,,,absent,,,
riverwalk,2.33,0,0,1,"A pedestrian street or pathway alongside a river, providing a space for outdoor activity.",,,noun:1,noun,False,0,,,,False,True,False,,,,,,absent,,,
ock,2.33,0,0,1,"A man of Middle Eastern descent that runs a deli or bodega, typically in New York.",,,intj:1;noun:1,intj,False,0,,,,False,True,False,,,,,,absent,,,
conus,2.33,0,0,1,A cone.,,,noun:1,noun,False,0,,,,False,True,False,,,,,,absent,,,
brookside,2.33,0,0,1,The side of a brook.,,,adj:1;noun:1,adj,False,0,,,,False,True,False,,,,,,absent,,,
luft,2.33,0,0,1,A piece moved in front of a king to prevent a back-rank mate.,,,noun:1,noun,False,0,,,,False,True,False,,,,,,absent,,,
lowrie,2.33,0,0,1,A fox.,,,noun:1,noun,False,0,,,,False,True,False,,,,,,absent,,,
brack,2.33,1,1,4,Salty or brackish water.,,,noun:4;adj:1,noun,False,2,NOUN,1.0,,False,True,False,,,,,,absent,,,
yuka,2.32,0,1,2,"A secular Afro-Cuban musical tradition with drumming, singing and dancing, developed by Kongo slaves in colonial times.",yuca,,noun:2,noun,False,0,,,,False,True,False,,,,,,absent,,,
tramadol,2.32,0,1,1,A synthetic opioid analgesic administered orally in the form of its hydrochloride C₁₆H₂₅NO₂·HCl to treat moderate to severe pain.,,,noun:1,noun,False,0,,,,False,True,False,,,,,,absent,,,
wireline,2.32,0,0,2,A wire that runs from a drill rig down into the drill hole to support a dead load or other downhole tool.,,,noun:2,noun,False,1,ADJ,0.0,,False,True,False,,,,,,absent,,,
loong,2.32,0,0,1,A Chinese dragon.,,,noun:1,noun,False,0,,,,False,True,False,,,,,,absent,,,
olivet,2.32,0,0,1,An imitation pearl manufactured for trade with native peoples.,,,noun:1,noun,False,1,PROPN,0.0,,False,True,False,,,,,,absent,,,
parm,2.32,1,1,2,A dish served in the parmigiana style (combined with cheese and coated with tomato sauce before baking).,,,noun:2,noun,False,0,,,,False,True,False,,,,,,absent,,,
washi,2.32,0,1,1,A tough paper used in traditional Japanese art forms.,,,noun:1,noun,False,0,,,,False,True,False,,,,,,absent,,,
dinger,2.32,0,0,10,A bell or chime.,,,noun:10,noun,False,0,,,,False,True,False,,,,,,absent,,,
lage,2.32,0,1,1,Water; any weak alcoholic beverage.,,,noun:1;verb:1,noun,False,0,,,,False,True,False,,,,,,absent,,,
rebounder,2.32,0,0,3,One who rebounds.,,,noun:3,noun,False,0,,,,False,True,False,,,,,,absent,,,
grav,2.32,0,0,3,A unit of force or acceleration equal to the standard acceleration of free fall.,,,noun:3,noun,False,0,,,,False,True,False,,,,,,absent,,,
cingulate,2.32,0,0,1,"Any mammal of the order Cingulata, an armadillo.",,,adj:1;noun:1,adj,False,0,,,,False,True,False,,,,,,absent,,,
carfax,2.32,0,0,2,A junction of four roads.,,,noun:2,noun,False,0,,,,False,True,False,,,,,,absent,,,
komi,2.32,0,1,1,Bonus points given to the white player to compensate for the fact that black plays first.,,,noun:1,noun,False,0,,,,False,True,False,,,,,,absent,,,
kitsune,2.32,0,0,1,"A Japanese fox spirit, often but not exclusively female, said to have powers such as shape-shifting, and whose power is symbolized by increase in number of tails.",,,noun:1,noun,False,0,,,,False,True,False,,,,,,absent,,,
snowpack,2.32,1,1,1,"An accumulation of packed snow, usually the seasonal amount.",,,noun:1,noun,False,0,,,,False,True,False,,,,,,absent,,,
soju,2.32,0,1,1,"A Korean distilled alcoholic beverage, similar to shochu.",,,noun:1,noun,False,0,,,,False,True,False,,,,,,absent,,,
telos,2.32,0,0,1,"The aim, purpose, or end goal.",,,noun:1,noun,False,0,,,,False,True,False,,,,,,absent,,,
hangul,2.32,0,1,2,The phonetic alphabet used to write the Korean language.,,,noun:2,noun,False,0,,,,False,True,False,,,,,,absent,,,
rego,2.32,1,1,3,Registration for a motor vehicle.,,,noun:3,noun,False,0,,,,False,True,False,,,,,,absent,,,
bardo,2.32,0,0,1,The state of existence between death and subsequent reincarnation.,,,noun:1,noun,False,0,,,,False,True,False,,,,,,absent,,,
saic,2.32,0,0,1,"A kind of ketch heavily used in the Black Sea, Tisa, Danube and Sava",,,noun:1,noun,False,0,,,,False,True,False,,,,,,absent,,,
bygones,2.32,0,0,1,Things that happened in the past.,,,noun:1,noun,False,0,,,,False,True,False,,,,bygone,,absent,,,
storytime,2.32,0,0,1,The time at which a story is told.,,,noun:1,noun,False,1,NOUN,1.0,,False,True,False,,,,,,absent,,,
octa,2.32,0,0,1,"The proportion of the sky that is obscured by clouds, in eighths (one octa means that one eighth of the sky is obscured, two octas that one quarter is obscured, and so on).",,,noun:1,noun,False,0,,,,False,True,False,,,,,,absent,,,
stackable,2.32,0,0,1,A network switch that can be set up to operate with other network switches.,,,adj:2;noun:1,adj,False,0,,,,False,True,False,,,adjective-like (morphology),,,absent,,,
iwan,2.32,0,0,1,"A large, vaulted chamber with a monumental arched opening on one side.",,,noun:1,noun,False,0,,,,False,True,False,,,,,,absent,,,
minigame,2.32,0,0,1,"A small and simple game, especially an incidental game within a larger video game.",,,noun:1,noun,False,0,,,,False,True,False,,,,,,absent,,,
roading,2.32,0,1,2,The construction of roads.,,,noun:2,noun,False,0,,,,False,True,False,,,"verb form (-ing, morphology)",,,absent,,,
biro,2.32,1,1,3,A Biro brand ballpoint pen.,,,noun:3,noun,False,0,,,,False,True,False,,,,,,absent,,,
vineland,2.32,0,0,1,land where vines are grown,,,noun:1,noun,False,0,,,,False,True,False,,,,,,absent,,,
grizz,2.32,0,0,1,A grizzly bear.,,,noun:1,noun,False,0,,,,False,True,False,,,,,,absent,,,
alanna,2.32,0,0,1,child,,,noun:1,noun,False,0,,,,False,True,False,,,,,,absent,,,
mancha,2.32,0,1,1,A high-quality grade of Spanish saffron.,,,noun:1,noun,False,0,,,,False,True,False,,,,,,absent,,,
chana,2.32,0,1,2,A dish principally made from chickpeas or chickpea paste.,,,noun:2,noun,False,0,,,,False,True,False,,,,,,absent,,,
birt,2.32,0,0,1,A fish of the turbot kind; the brill.,,,noun:1,noun,False,0,,,,False,True,False,,,,,,absent,,,
shoah,2.31,0,0,1,A mass murder.,,,noun:1;verb:1,noun,False,0,,,,False,True,False,,,,,,absent,,,
slava,2.31,0,0,1,"The custom of honoring a family patron saint, celebrated chiefly by the Serbs, but also by some Macedonians, Montenegrins, Bulgarians and Gorani.",,,noun:1,noun,False,0,,,,False,True,False,,,,,,absent,,,
mox,2.31,1,1,2,"Energy, vigor, courage, pluck.",,,noun:2,noun,False,0,,,,False,True,False,,,,,,absent,,,
shimada,2.31,0,0,1,"A traditional type of formal hairstyle for unmarried women in Japan, whereby the hair is gathered together and fastened to the top of the head.",,,noun:1,noun,False,0,,,,False,True,False,,,,,,absent,,,
onc,2.31,0,1,1,Oncology.,,,adj:1;noun:1,adj,False,0,,,,False,True,False,,,,,,absent,,,
luma,2.31,0,1,2,"A currency unit of Armenia, worth one hundredth of an Armenian dram.",,,noun:2,noun,False,0,,,,False,True,False,,,,,,absent,,,
fusarium,2.31,0,0,1,"Any of various fungi, of the genus Fusarium, some of which are pathogenic to plants and animals.",,,noun:1,noun,False,0,,,,False,True,False,,,,,,absent,,,
bioenergy,2.31,1,1,2,Energy produced from a biological resource such as biomass as biofuel.,,,noun:2,noun,False,0,,,,False,True,False,,,,,,absent,,,
parter,2.31,0,0,3,A work in a specified number of parts.,,,noun:3,noun,False,0,,,,False,True,False,,,,,,absent,,,
aal,2.31,0,0,2,"The Indian mulberry or noni (Morinda citrifolia, Morinda tinctoria), a shrub found in Southeast Asia, the East Indies and the Pacific islands as far as French Polynesia.",,,noun:2,noun,False,0,,,,False,True,False,,,,,,absent,,,
doody,2.31,0,1,2,"Excrement, poop.",,,noun:2;verb:1,noun,False,1,OTHER,0.0,,False,True,False,,,,,,absent,,,
imani,2.31,0,1,1,faith (in the context of African-American culture),,,noun:1,noun,False,0,,,,False,True,False,,,,,,absent,,,
sentai,2.31,0,0,1,"A Japanese military unit; a squadron, task force, group or wing.",,,noun:1,noun,False,0,,,,False,True,False,,,,,,absent,,,
kut,2.31,0,0,1,A traditional Korean shamanic ritual.,,,noun:1,noun,False,2,PROPN,0.0,,False,True,False,,,,,,absent,,,
fayre,2.31,0,0,2,"A fair, a market.",,,noun:2;adj:1,noun,False,0,,,,False,True,False,,,,,,absent,,,
fuckface,2.31,0,0,1,An ugly or otherwise undesirable or annoying person.,,,noun:1,noun,False,0,,,,False,True,False,,,,,,absent,,,
ose,2.31,0,0,1,An esker.,,,noun:1,noun,False,0,,,,False,True,False,,,,,,absent,,,
naam,2.31,0,1,2,The taking of property for the purpose of compensation.,,,noun:2,noun,False,0,,,,False,True,False,,,,,,absent,,,
octo,2.31,0,0,1,An octopus (safety device).,,,noun:1,noun,False,0,,,,False,True,False,,,,,,absent,,,
sapa,2.31,0,1,1,"A reduction of must in Ancient Roman cuisine, made by boiling down grape juice or must in large kettles until reduced to a third of the original volume.",,,noun:1,noun,False,0,,,,False,True,False,,,,,,absent,,,
papillomavirus,2.31,0,0,2,Any of various viruses that cause warts.,,,noun:2,noun,False,0,,,,False,True,False,,,,,,absent,,,
sawa,2.31,0,1,1,Synonym of Japanese millet (“Echinochloa esculenta”),,,noun:1,noun,False,0,,,,False,True,False,,,,,,absent,,,
carbo,2.31,0,0,1,carbohydrate,,,noun:1,noun,False,0,,,,False,True,False,,,,,,absent,,,
redrawing,2.31,0,0,1,A second or subsequent drawing,,,noun:1;verb:1,noun,False,0,,,,False,True,False,NOUN;VERB,,"noun, also verb",,,absent,,,
bromo,2.31,0,0,1,A dose of a proprietary sedative containing bromide (a bromo-seltzer).,,,noun:1,noun,False,0,,,,False,True,False,,,,,,absent,,,
mitty,2.31,0,0,1,The storm petrel.,,,noun:1,noun,False,0,,,,False,True,False,,,,,,absent,,,
joanie,2.31,0,0,1,A small ornament of glass or china.,,,noun:1,noun,False,0,,,,False,True,False,,,,,,absent,,,
epipen,2.31,0,0,1,"An epinephrine/adrenaline autoinjector. A device designed to ease the symptoms of anaphylaxis/anaphylactic shock, so as to save the life of the victim of the extreme allergic reaction, by injecting a ",,,noun:1,noun,False,0,,,,False,True,False,,,,,,absent,,,
supermax,2.31,0,0,1,A prison with the highest possible level of security.,,,adj:1;noun:1,adj,False,0,,,,False,True,False,,,,,,absent,,,
replanting,2.31,1,1,1,The planting of new plants to replace those that have been harvested.,,,noun:1;verb:1,noun,False,0,,,,False,True,False,,,"verb form (-ing, morphology)",,,absent,,,
nek,2.31,0,0,1,A col (a dip on a mountain ridge between two peaks).,,,noun:1,noun,False,0,,,,False,True,False,,,,,,absent,,,
grayscale,2.31,1,1,2,A printed strip of graduated tones used to check exposure and development times.,,,noun:2;adj:1;verb:1,noun,False,0,,,,False,True,False,,,,,,absent,,,
eme,2.31,0,0,2,An uncle.,,,noun:2,noun,False,0,,,,False,True,False,,,,,,absent,,,
electrodynamics,2.31,0,1,1,"The phenomena associated with moving electric charges, and their interaction with electric and magnetic fields; the study of these phenomena.",,,noun:1,noun,False,1,NOUN,1.0,,False,True,False,NOUN,,,,,absent,,,
unga,2.31,0,0,1,"Sarotherodon linnellii, a cichlid endemic to Lake Barombi Mbo in western Cameroon.",,,noun:1,noun,False,0,,,,False,True,False,,,,,,absent,,,
bukkake,2.31,0,1,2,"A method of pouring broth over cold noodles, commonly udon.",,,noun:2;verb:1,noun,False,0,,,,False,True,False,,,,,,absent,,,
banca,2.31,0,0,1,A canoe; an outrigger canoe or dugout.,,,noun:1,noun,False,1,PROPN,0.0,,False,True,False,,,,,,absent,,,
riad,2.31,0,0,1,A traditional Moroccan house or palace with an interior garden.,,,noun:1,noun,False,0,,,,False,True,False,,,,,,absent,,,
libero,2.31,0,0,2,"A central defender to whom no forward is assigned for marking, forming the last line of defence and often initiating the offensive play.",,,noun:2,noun,False,2,NOUN,1.0,,False,True,False,,,,,,absent,,,
upskirt,2.31,0,0,2,An image of this kind.,,,noun:2;adj:1;verb:1,noun,False,0,,,,False,True,False,,,,,,absent,,,
chabot,2.31,0,0,1,"A kind of fish, mainly found on the coat of arms of the Chabot family (""or, three chabots gules"").",,,noun:1,noun,False,0,,,,False,True,False,,,,,,absent,,,
yojana,2.31,0,0,1,"A Vedic unit of distance used in ancient India, believed to be approximately 6 to 15 kilometers (4 to 9 miles).",,,noun:1,noun,False,0,,,,False,True,False,,,,,,absent,,,
khatib,2.3,0,0,1,A person who delivers the khutbah.,,,noun:1,noun,False,1,PROPN,0.0,,False,True,False,,,,,,absent,,,
centrale,2.3,0,0,1,"The central, or one of the central, bones of the carpus or tarsus in most vertebrates. In the human tarsus it is represented by the navicular.",,,noun:1,noun,False,2,OTHER,0.0,,False,True,False,,,,,,absent,,,
vampiric,2.3,0,0,1,A vampire or vampire-like creature.,,,adj:1;noun:1,adj,False,0,,,,False,True,False,,,adjective-like (morphology),,,absent,,,
defunding,2.3,0,0,1,An instance of something being defunded; withdrawal of funds.,,,noun:1;verb:1,noun,False,0,,,,False,True,False,,,"verb form (-ing, morphology)",,,absent,,,
daud,2.3,0,0,2,"A blow, a heavy thump.",,,noun:2;verb:1,noun,False,0,,,,False,True,False,,,,,,absent,,,
supa,2.3,0,0,1,A superchat.,,,adj:1;noun:1,adj,False,0,,,,False,True,False,,,,,,absent,,,
preselection,2.3,1,1,4,"The process by which a candidate for public office is selected, usually by a political party",,,noun:4,noun,False,0,,,,False,True,False,,,,,,absent,,,
gravesite,2.3,0,0,2,The location of a grave.,,,noun:2,noun,False,0,,,,False,True,False,,,,,,absent,,,
roshi,2.3,0,0,1,An elderly and revered Buddhist monk.,,,noun:1,noun,False,0,,,,False,True,False,,,,,,absent,,,
bilayer,2.3,0,0,1,Any structure consisting of two layers of molecules,,,noun:1,noun,False,0,,,,False,True,False,,,,,,absent,,,
vari,2.3,0,0,1,The ring-tailed lemur.,,,noun:1,noun,False,0,,,,False,True,False,,,,,,absent,,,
gummi,2.3,1,1,3,"A sugary, gelatinous material used to make candies.",,,noun:3,noun,False,0,,,,False,True,False,,,,,,absent,,,
tota,2.3,0,0,1,"A kind of monkey, the grivet or waag.",,,noun:1,noun,False,0,,,,False,True,False,,,,,,absent,,,
shawarma,2.3,0,1,1,"A Middle Eastern sandwich-like wrap of shaved lamb, goat, chicken, turkey, beef, or a mixture of these.",,,noun:1,noun,False,0,,,,False,True,False,,,,,,absent,,,
shapeshifting,2.3,1,1,1,A change in shape; a transformation.,,,noun:1;verb:1,noun,False,0,,,,False,True,False,,,"verb form (-ing, morphology)",,,absent,,,
fava,2.3,0,0,1,A fava bean; a bean (seed or seed pod) of plants of species Vicia faba or the plant itself.,,,noun:1,noun,False,0,,,,False,True,False,,,,,,absent,,,
thurrock,2.3,0,0,1,"The hold of a ship; also, the bilge.",,,noun:1,noun,False,0,,,,False,True,False,,,,,,absent,,,
binning,2.3,1,1,5,"A data pre-processing technique in which original data values fall into a small interval (""bin"") and are replaced by a value representative of that interval, often the central value.",,,noun:5;verb:1,noun,False,0,,,,False,True,False,NOUN;VERB,,"noun, also verb",,,absent,,,
kati,2.3,0,0,1,"A weight equivalent to about 1.5 pounds, adopted as a standard by British companies.",,,noun:1,noun,False,0,,,,False,True,False,,,,,,absent,,,
homesteading,2.3,0,1,2,"The act of appropriation of an unowned, scarce means, thereby gaining ownership of it; initial possession.",,,noun:2;verb:1,noun,False,0,,,,False,True,False,,,"verb form (-ing, morphology)",,,absent,,,
bahar,2.3,0,0,1,"A weight used in the 18th and 19th century in the Middle East and the East Indies, of no single standard but rather of varying sizes sometimes termed little bahars and great bahars.",,,noun:1,noun,False,0,,,,False,True,False,,,,,,absent,,,
parfum,2.3,0,1,2,Fragrance; perfume.,,,noun:2,noun,False,0,,,,False,True,False,,,,,,absent,,,
barrowman,2.3,0,0,2,"A putter: one who puts the tubs of coal from the workings to the cranes, flats, or stations, so that they can be conveyed to the surface.",,,noun:2,noun,False,0,,,,False,True,False,,,,,,absent,,,
sammie,2.3,0,0,1,A sandwich.,,,noun:1,noun,False,0,,,,False,True,False,,,,,,absent,,,
castellano,2.3,0,0,2,"A traditional Spanish unit of mass, equivalent to about 4.8 g.",,,noun:2,noun,False,0,,,,False,True,False,,,,,,absent,,,
saco,2.3,0,0,1,"A traditional Spanish unit of dry measure, equivalent to about 111 L.",,,noun:1,noun,False,0,,,,False,True,False,,,,,,absent,,,
rehydration,2.3,0,1,1,The replenishment of water and electrolytes lost through dehydration.,,,noun:1,noun,False,0,,,,False,True,False,,,,,,absent,,,
noy,2.3,0,0,1,Annoyance.,,,noun:1;verb:1,noun,False,0,,,,False,True,False,,,,,,absent,,,
superfan,2.29,0,0,1,An extremely dedicated fan (enthusiast).,,,noun:1,noun,False,0,,,,False,True,False,,,,,,absent,,,
gopi,2.29,0,0,1,Any of the milkmaids that were companions of Krishna in Indian mythology.,,,noun:1,noun,False,0,,,,False,True,False,,,,,,absent,,,
taff,2.29,0,0,1,A Welshman.,,,noun:1,noun,False,0,,,,False,True,False,,,,,,absent,,,
gori,2.29,0,0,1,A white woman.,,,noun:1,noun,False,0,,,,False,True,False,,,,,,absent,,,
glycosylation,2.29,1,1,1,The reaction of a saccharide with a hydroxy or amino functional group to form a glycoside; especially the reaction with a protein or lipid to form a glycoprotein or glycolipid.,,,noun:1,noun,False,0,,,,False,True,False,,,,,,absent,,,
fanservice,2.29,0,1,3,Elements added to a television program or similar entertainment that appeal to avid fans but are of little interest to outsiders.,,,noun:3,noun,False,0,,,,False,True,False,,,,,,absent,,,
iru,2.29,0,1,1,A West African condiment made from fermented locust beans.,,,noun:1,noun,False,0,,,,False,True,False,,,,,,absent,,,
puna,2.29,0,0,1,"An alpine biological community in the central portion of the Andes in which short, coarse grass supports a Native American population.",,,noun:1,noun,False,0,,,,False,True,False,,,,,,absent,,,
acha,2.29,0,1,1,"fonio, esp. Digitaria exilis (white fonio) (a cereal cultivated in western Africa)",,,noun:1,noun,False,0,,,,False,True,False,,,,,,absent,,,
akuma,2.29,0,0,1,A Japanese demon.,,,noun:1,noun,False,0,,,,False,True,False,,,,,,absent,,,
sumi,2.29,0,0,1,A Japanese inkstick.,,,noun:1,noun,False,0,,,,False,True,False,,,,,,absent,,,
nazar,2.29,0,0,1,An eye-shaped amulet supposed to protect against the evil eye in certain cultures.,,,noun:1,noun,False,0,,,,False,True,False,,,,,,absent,,,
hawn,2.29,0,0,1,A haven or harbour.,,,noun:1,noun,False,0,,,,False,True,False,,,,,,absent,,,
eyeballing,2.29,1,1,2,An act of staring or ogling.,,,noun:2;verb:1,noun,False,1,VERB,0.0,,False,True,False,,,"verb form (-ing, morphology)",,,absent,,,
erlang,2.29,0,0,1,A dimensionless statistical measure of the volume of telecommunications traffic relative to the capacity of a single channel.,,,noun:1,noun,False,0,,,,False,True,False,,,,,,absent,,,
memoria,2.29,0,1,1,One of the five canons of classical rhetoric: the discipline of memory and recall.,,,noun:1,noun,False,0,,,,False,True,False,,,,,,absent,,,
fretboard,2.29,0,0,1,"A fret or plate put over the neck of musical instruments or its fingerboard, to create a different sound of notes.",,,noun:1,noun,False,0,,,,False,True,False,,,,,,absent,,,
pullen,2.29,0,1,3,domestic fowl; poultry,,,noun:3,noun,False,4,PROPN,0.0,,False,True,False,,,,,,absent,,,
dropship,2.29,0,0,1,"A flying transport that drops troops or equipment onto a planet, etc.",,,noun:1;verb:1,noun,False,0,,,,False,True,False,,,,,,absent,,,
playability,2.29,0,1,2,The state or property of being playable.,,,noun:2,noun,False,0,,,,False,True,False,,,,,,absent,,,
ubiquitin,2.29,0,0,1,"Any of a class of small protein, or polypeptide, present in the cells of all eukaryotes, that play a part in modifying and degrading proteins.",,,noun:1,noun,False,0,,,,False,True,False,,,,,,absent,,,
ohana,2.29,0,0,1,An extended Hawaiian family unit.,,,noun:1,noun,False,0,,,,False,True,False,,,,,,absent,,,
arusha,2.29,0,1,1,A fiber made from the plant Callicarpa candicans.,,,noun:1,noun,False,0,,,,False,True,False,,,,,,absent,,,
troon,2.29,0,0,1,"A transgender person, especially a trans woman.",,,verb:2;noun:1,verb,False,0,,,,False,True,False,,,,,,absent,,,
fini,2.29,0,0,1,Ellipsis of fini flight,fini flight,,noun:1,noun,True,0,,,,False,True,False,,,,,,absent,,,
cowie,2.29,0,0,2,"A pill, especially of the drug ecstasy.",,,noun:2,noun,False,0,,,,False,True,False,,,,,,absent,,,
iwa,2.29,0,0,1,A great frigatebird (Fregata minor).,,,noun:1,noun,False,0,,,,False,True,False,,,,,,absent,,,
kaji,2.29,0,0,1,an ugly anthropomorphic spirit,,,noun:1,noun,False,0,,,,False,True,False,,,,,,absent,,,
katsu,2.29,1,1,2,Panko breaded and deep-fried Japanese food,,,noun:2;intj:1,noun,False,0,,,,False,True,False,,,,,,absent,,,
kaep,2.29,0,0,1,A type of proa native to Palau,,,noun:1,noun,False,0,,,,False,True,False,,,,,,absent,,,
cabeza,2.29,0,1,1,"Beef cheek or similar meat, especially in Mexican cooking",,,noun:1,noun,False,0,,,,False,True,False,,,,,,absent,,,
crossbody,2.29,0,0,1,"a move in which a wrestler jumps onto his opponent and lands horizontally across the opponent's torso, forcing them to the mat.",,,adj:1;noun:1,adj,False,0,,,,False,True,False,,,,,,absent,,,
samaj,2.29,0,0,1,"A society, community or congregation, especially of the Brahmo Samaj.",,,noun:1,noun,False,0,,,,False,True,False,,,,,,absent,,,
starrer,2.29,0,0,2,A film featuring a particular movie star.,,,noun:2,noun,False,0,,,,False,True,False,,,,,,absent,,,
jann,2.29,0,0,2,The father of the jinn preceding humanity.,,,noun:2,noun,False,2,PROPN,0.0,,False,True,False,,,,,,absent,,,
nasheed,2.29,0,0,1,"An Islamic musical composition, typically performed a cappella, focusing on religious, spiritual, or moral messages.",,,noun:1,noun,False,0,,,,False,True,False,,,"verb form (-ed, morphology)",,,absent,,,
suey,2.29,1,1,2,Suicide (act of self-killing).,,,noun:2,noun,False,1,NOUN,1.0,,False,True,False,,,,,,absent,,,
circ,2.29,0,0,2,An amphitheatrical circle for sports; a circus.,,,noun:2;verb:1,noun,False,0,,,,False,True,False,,,,,,absent,,,
blakey,2.29,0,0,1,A shoe protector (metal stud or plate affixed to the sole or heel of a shoe to prevent excessive wear).,,,noun:1,noun,False,3,PROPN,0.0,,False,True,False,,,,,,absent,,,
facemask,2.29,0,0,8,A covering used to protect or disguise the face.,,,noun:8,noun,False,0,,,,False,True,False,,,,,,absent,,,
sella,2.29,0,0,1,Synonym of sella turcica.,,,noun:1,noun,False,0,,,,False,True,False,,,,,,absent,,,
basti,2.29,0,0,1,A slum.,,,noun:1,noun,False,0,,,,False,True,False,,,,,,absent,,,
abled,2.29,0,0,1,A person who has no disability.,,,adj:1;noun:1;verb:1,adj,False,0,,,,False,True,False,,,"verb form (-ed, morphology)",,,absent,,,
doki,2.29,0,0,1,"Any of the female characters from the visual novel video game Doki Doki Literature Club!, that is, Monika, Natsuki, Sayori, and Yuri.",,,noun:1,noun,False,0,,,,False,True,False,,,,,,absent,,,
bachata,2.29,1,1,2,A genre of music originating in the Dominican Republic.,,,noun:2,noun,False,0,,,,False,True,False,,,,,,absent,,,
superyacht,2.28,0,0,1,A very large luxury yacht.,,,noun:1,noun,False,0,,,,False,True,False,,,,,,absent,,,
limehouse,2.28,0,0,1,An oast house that uses a limekiln.,,,noun:1,noun,False,0,,,,False,True,False,,,,,,absent,,,
overclocking,2.28,0,0,1,"An instance or incident of processor (CPU), or any electronic logic device, running at a speed higher than is recommended by the manufacturer.",,,noun:1;verb:1,noun,False,0,,,,False,True,False,,,"verb form (-ing, morphology)",,,absent,,,
globus,2.28,1,1,2,A spherical or nearly spherical structure.,globus oculi,,noun:2,noun,True,0,,,,False,True,False,,,,,,absent,,,
xun,2.28,0,0,1,A clay or ceramic globular vessel flute originating in China.,,,noun:1,noun,False,0,,,,False,True,False,,,,,,absent,,,
frappuccino,2.28,0,0,1,"An iced coffee drink made with cappuccino blended with other ingredients, such as flavored syrups and whipped cream.",,,noun:1,noun,False,0,,,,False,True,False,,,,,,absent,,,
esh,2.28,0,0,2,The IPA symbol ʃ.,,,noun:2,noun,False,0,,,,False,True,False,,,,,,absent,,,
metropole,2.28,0,0,3,A metropolis; the main city of a country or area.,,,noun:3,noun,False,0,,,,False,True,False,,,,,,absent,,,
metra,2.28,0,0,2,The uterus.,,,noun:2,noun,False,1,PROPN,0.0,,False,True,False,,,,,,absent,,,
empath,2.28,0,0,2,Someone with an extraordinarily high capability of sensing the emotions of others.,,,noun:2,noun,False,0,,,,False,True,False,,,,,,absent,,,
autoplay,2.28,0,1,2,"Any software feature that plays (a video, a compact disc, etc.) automatically.",,,noun:2;verb:1,noun,False,0,,,,False,True,False,,,,,,absent,,,
leatherhead,2.28,0,0,3,The friarbird.,,,noun:3,noun,False,0,,,,False,True,False,,,,,,absent,,,
karoo,2.28,0,0,2,Any vast prairie bordering a desert.,,,noun:2,noun,False,0,,,,False,True,False,,,,,,absent,,,
retroviral,2.28,0,0,1,A retrovirus,,,adj:1;noun:1,adj,False,0,,,,False,True,False,,,adjective-like (morphology),,,absent,,,
tase,2.28,0,0,1,An electric shock administered with a taser.,,,noun:1;verb:1,noun,False,0,,,,False,True,False,,,,,,absent,,,
preparer,2.28,0,0,1,"One who, or that which, prepares, fits, or makes ready.",,,noun:1,noun,False,1,NOUN,1.0,,False,True,False,,,,,,absent,,,
millman,2.28,0,0,1,A male worker in a mill.,,,noun:1,noun,False,0,,,,False,True,False,,,,,,absent,,,
codeword,2.28,0,0,3,A string representing an encoded piece of text.,,,noun:3,noun,False,0,,,,False,True,False,,,,,,absent,,,
puro,2.28,0,0,1,"A cigar, especially one made with tobacco from a single country.",,,noun:1,noun,False,0,,,,False,True,False,,,,,,absent,,,
puto,2.28,0,0,1,A rice cake made of boiled or steamed rice.,,,noun:1,noun,False,1,PROPN,0.0,,False,True,False,,,,,,absent,,,
ume,2.28,0,0,1,"Chinese plum, a species of Asian plum, Prunus mume.",,,noun:1,noun,False,0,,,,False,True,False,,,,,,absent,,,
alim,2.28,0,0,1,An educated scholar of Islamic law; a member of the ulema class,,,noun:1,noun,False,0,,,,False,True,False,,,,,,absent,,,
jacko,2.28,0,0,1,laughing kookaburra,,,noun:1,noun,False,0,,,,False,True,False,,,,,,absent,,,
sanna,2.28,0,0,1,"A spongy steamed rice cake, popular in parts of India.",,,noun:1,noun,False,0,,,,False,True,False,,,,,,absent,,,
bache,2.28,0,0,1,The dale of a stream or rivulet.,,,noun:1,noun,False,1,PROPN,0.0,,False,True,False,,,,,,absent,,,
refactoring,2.28,1,1,1,An act or process in which code is refactored.,,,noun:1;verb:1,noun,False,0,,,,False,True,False,,,"verb form (-ing, morphology)",,,absent,,,
bostock,2.28,1,1,1,"Stale brioche, spread with almond cream and sliced almonds and then baked",,,noun:1,noun,False,0,,,,False,True,False,,,,,,absent,,,
fuckable,2.28,0,0,1,A sexually desirable person.,,,adj:1;noun:1,adj,False,1,ADJ,0.0,,False,True,False,,,adjective-like (morphology),,,absent,,,
chek,2.28,0,0,1,A Hong Kong foot.,,,noun:1,noun,False,1,PROPN,0.0,,False,True,False,,,,,,absent,,,
cheval,2.28,0,0,2,A support or frame.,cheval glass,,noun:2,noun,True,0,,,,False,True,False,,,adjective-like (morphology),,,absent,,,
gracilis,2.28,0,0,1,A slender superficial muscle of the inner thigh.,,,noun:1,noun,False,0,,,,False,True,False,,,,,,absent,,,
hydroxylase,2.28,0,0,1,Any of several enzymes that catalyze the oxidation of compounds by the introduction of hydroxyl groups.,,,noun:1,noun,False,0,,,,False,True,False,,,,,,absent,,,
homecare,2.28,0,1,2,The care and maintenance of one's home.,,,noun:2,noun,False,0,,,,False,True,False,,,,,,absent,,,
tomoe,2.28,0,0,1,"A circular design of swirling water, commonly used in Japanese family crests and corporation logos.",,,noun:1,noun,False,0,,,,False,True,False,,,,,,absent,,,
toph,2.28,1,1,1,A kind of sandstone.,,,noun:1,noun,False,2,PROPN,0.0,,False,True,False,,,,,,absent,,,
dyno,2.28,0,0,2,A dynamic climbing move or jump to reach a hold that cannot otherwise be reached.,,,noun:2,noun,False,0,,,,False,True,False,,,,,,absent,,,
funhouse,2.28,0,0,1,"A structure, usually at a circus or amusement park, enclosing several interactive attractions such as distorting mirrors, ramps, slides, stairs, rotating barrel slides, etc., that usually do not invol",,,noun:1,noun,False,0,,,,False,True,False,,,,,,absent,,,
krantz,2.28,0,0,1,An encircling or overhanging wall of rock.,,,noun:1,noun,False,0,,,,False,True,False,,,,,,absent,,,
changelog,2.28,0,0,1,"A log that records changes between versions, as in source control.",,,noun:1;verb:1,noun,False,0,,,,False,True,False,,,,,,absent,,,
tuco,2.28,0,1,1,"A tomato-based pasta sauce, similar to a ragout or bolognese, traditionally consumed in South America.",,,noun:1,noun,False,0,,,,False,True,False,,,,,,absent,,,
jumbotron,2.28,0,0,1,"A very large video screen, typically used in a stadium or concert venue to show close-up shots.",,,noun:1,noun,False,0,,,,False,True,False,,,,,,absent,,,
ratcheting,2.28,1,1,2,The act by which something is ratcheted.,,,noun:2;verb:1,noun,False,2,VERB,0.0,,False,True,False,NOUN;VERB,,"noun, also verb",,,absent,,,
shinigami,2.28,0,0,1,A deity and/or personification of death.,,,noun:1,noun,False,0,,,,False,True,False,,,,,,absent,,,
partido,2.28,0,0,1,"A subdivision of the province of Buenos Aires, Argentina.",,,noun:1,noun,False,0,,,,False,True,False,,,,,,absent,,,
pato,2.28,0,1,1,"The national sport of Argentina, a game played on horseback that combines elements of polo and basketball.",,,noun:1,noun,False,0,,,,False,True,False,,,,,,absent,,,
abaddon,2.28,0,0,1,An informer; a criminal who informs on other criminals to the authorities.,,,noun:1,noun,False,0,,,,False,True,False,,,,,,absent,,,
abbasi,2.28,0,0,4,"A silver coin of Persia, introduced by Safavid Shah Abbas in 16th century, worth about twenty cents.",,,noun:4,noun,False,0,,,,False,True,False,,,,,,absent,,,
shoop,2.28,0,0,3,The fruit of the rose; rosehip.,,,noun:3;intj:1;verb:1,noun,False,2,OTHER,0.0,,False,True,False,,,,,,absent,,,
pennine,2.27,1,1,1,Synonym of penninite.,,,noun:1,noun,False,0,,,,False,True,False,,,,,,absent,,,
xor,2.27,0,0,1,"The logic function exclusive OR (as opposed to inclusive OR), whose output is true only when exactly one of its inputs is true.",,,conj:1;noun:1,conj,False,0,,,,False,True,False,,,,,,absent,,,
wythe,2.27,0,0,2,"A continuous vertical section of masonry, one unit in thickness.",,,noun:2,noun,False,0,,,,False,True,False,,,,,,absent,,,
doot,2.27,0,0,4,Doubt.,,,verb:5;noun:4,verb,False,0,,,,False,True,False,,,,,,absent,,,
wonderwall,2.27,0,0,1,A very dependable person,,,noun:1,noun,False,0,,,,False,True,False,,,,,,absent,,,
soldado,2.27,0,0,1,"A soldier, in Spanish-speaking contexts.",,,noun:1,noun,False,1,PROPN,0.0,,False,True,False,,,,,,absent,,,
shabbos,2.27,1,1,1,Shabbat or shabbat (the biblical seventh-day Sabbath).,,,noun:1,noun,False,0,,,,False,True,False,,,,,,absent,,,
koro,2.27,0,1,2,"A delusional syndrome found in Malay and southern Chinese populations, characterized by a belief that the subject's penis will retract into the abdomen and cause death.",,,noun:2,noun,False,0,,,,False,True,False,,,,,,absent,,,
bridgeman,2.27,0,0,1,A worker who operates a moving bridge.,,,noun:1,noun,False,0,,,,False,True,False,,,,,,absent,,,
photobook,2.27,0,0,1,"A book of photographs, often by a single photographer.",,,noun:1,noun,False,0,,,,False,True,False,,,,,,absent,,,
photovoltaics,2.27,0,1,1,The technology of the conversion of sunlight into electricity using semiconductors that exhibit the photovoltaic effect.,,,noun:1,noun,False,0,,,,False,True,False,,,,photovoltaic,,absent,,,
malbec,2.27,1,1,2,"A variety of grape used in making red wine, originally from France, but now predominantly grown in Argentina.",,,noun:2,noun,False,1,PROPN,0.0,,False,True,False,,,,,,absent,,,
manti,2.27,0,0,1,"A type of dumpling served in Turkish, Armenian and Central Asian cuisine.",,,noun:1,noun,False,0,,,,False,True,False,,,,,,absent,,,
falciparum,2.27,0,1,1,The parasitic protozoan Plasmodium falciparum that causes falciparum malaria,,,noun:1,noun,False,0,,,,False,True,False,,,,,,absent,,,
matta,2.27,0,0,1,The false start of a bout due to mutual misunderstanding.,,,noun:1,noun,False,0,,,,False,True,False,,,,,,absent,,,
councilmember,2.27,0,0,1,"A councilman or councilwoman; a member of a council, often a city council or town council.",,,noun:1,noun,False,0,,,,False,True,False,,,,,,absent,,,
meester,2.27,0,0,1,"Pronunciation spelling of mister, representing Latino- or French-accented English.",mister,,noun:1,noun,False,0,,,,False,True,False,,,,,,absent,,,
darknet,2.27,0,0,1,"A network of computers that can only be accessed using special software, configuration, or authorization, usually characterized by the anonymization of users, participating hosts, or both.",,,noun:1,noun,False,0,,,,False,True,False,,,,,,absent,,,
swire,2.27,0,0,2,The neck.,,,noun:2,noun,False,0,,,,False,True,False,,,,,,absent,,,
throwdown,2.27,0,0,8,"A fall, indicating defeat.",,,noun:8,noun,False,0,,,,False,True,False,,,,,,absent,,,
ridesharing,2.27,0,1,1,"A form of commercial transportation in which, through social media, clients call a driver who privately owns his vehicle, and proceed in their trip as passengers.",,,noun:1;verb:1,noun,False,0,,,,False,True,False,,,"verb form (-ing, morphology)",,,absent,,,
meron,2.27,0,0,3,Either of the pair of entities that together make up an instanton.,,,noun:3,noun,False,0,,,,False,True,False,,,,,,absent,,,
commedia,2.27,1,1,1,Ellipsis of commedia dell'arte.,commedia dell'arte,,noun:1,noun,True,0,,,,False,True,False,,,,,,absent,,,
mele,2.27,0,0,2,"A chant in Polynesia, especially Hawaii, typically in praise of a leader or to commemorate some significant event.",mell,,noun:2;verb:1,noun,False,0,,,,False,True,False,,,,,,absent,,,
trackpad,2.27,0,0,1,touchpad,,,noun:1,noun,False,0,,,,False,True,False,,,,,,absent,,,
imu,2.27,0,0,1,"A traditional Hawaiian underground oven, consisting mainly of a hole in the ground.",,,noun:1,noun,False,1,PROPN,0.0,,False,True,False,,,,,,absent,,,
stim,2.27,1,1,5,Sensory stimulation.,,,noun:5;verb:1,noun,False,0,,,,False,True,False,,,,,,absent,,,
compostela,2.27,0,0,1,A certificate of accomplishment given to pilgrims on completing an official route on the pilgramage to Camino de Santiago.,,,noun:1,noun,False,0,,,,False,True,False,,,,,,absent,,,
qigong,2.27,0,1,1,"A Chinese system of breathing control, physical exercise and meditation.",,,noun:1,noun,False,0,,,,False,True,False,,,,,,absent,,,
blinky,2.27,0,0,1,"in digital photography, a flashing pixel.",,,adj:3;noun:1,adj,False,0,,,,False,True,False,,,,,,absent,,,
sasse,2.27,0,0,1,"A sluice or lock, as in a river or canal, to make it more navigable.",,,noun:1,noun,False,0,,,,False,True,False,,,,,,absent,,,
dort,2.27,0,0,1,A sulky or sullen mood; the sulks.,,,noun:1;verb:1,noun,False,0,,,,False,True,False,,,,,,absent,,,
abuela,2.27,0,0,1,A Hispanic grandmother.,,,noun:1,noun,False,0,,,,False,True,False,,,,,,absent,,,
mazar,2.26,0,0,1,A mausoleum or shrine in the Arab world.,,,noun:1,noun,False,0,,,,False,True,False,,,,,,absent,,,
manton,2.26,0,0,1,A shawl or wrap.,,,noun:1,noun,False,0,,,,False,True,False,,,,,,absent,,,
campervan,2.26,0,0,1,A vehicle that provides both transport and sleeping accommodation.,,,noun:1;verb:1,noun,False,0,,,,False,True,False,,,,,,absent,,,
fasciitis,2.26,0,1,1,Inflammation of the fascia.,,,noun:1,noun,False,0,,,,False,True,False,,,,,,absent,,,
perkin,2.26,0,0,1,A kind of weak perry.,,,noun:1,noun,False,0,,,,False,True,False,,,,,,absent,,,
intermedia,2.26,0,1,1,"interdisciplinary activities between media, such as those between drawing and poetry, or between painting and theatre",,,noun:1,noun,False,0,,,,False,True,False,,,,,,absent,,,
entrainment,2.26,1,1,7,"Enthusiasm, liveliness; impulsiveness.",,,noun:7,noun,False,0,,,,False,True,False,,,,,,absent,,,
lycan,2.26,0,0,1,A werewolf.,,,noun:1,noun,False,0,,,,False,True,False,,,,,,absent,,,
orf,2.26,0,1,2,"An exanthemous disease caused by a parapox virus, occurring primarily in sheep and goats but also capable of infecting humans.",orfe,,noun:2;adj:1;adv:1;prep:1,noun,False,0,,,,False,True,False,,,,,,absent,,,
spink,2.26,0,0,3,The chaffinch.,,,noun:3;verb:1,noun,False,0,,,,False,True,False,,,,,,absent,,,
kabuto,2.26,0,0,1,"A traditional Japanese military helmet, especially worn by samurai.",,,noun:1,noun,False,0,,,,False,True,False,,,,,,absent,,,
problema,2.26,0,0,1,A problem set forth in the Ancient Greek scholarly tradition.,,,noun:1,noun,False,0,,,,False,True,False,,,,,,absent,,,
astin,2.26,0,0,1,Any of a group of cyclical pentapeptides originating from the plant Aster tataricus.,,,noun:1,noun,False,1,PROPN,0.0,,False,True,False,,,,,,absent,,,
viner,2.26,0,0,1,A winegrower.,,,noun:1,noun,False,0,,,,False,True,False,,,,,,absent,,,
diggity,2.26,0,1,1,An expletive or partially reduplicative form used in word games or idioms.,,,adv:1;intj:1;noun:1,adv,False,0,,,,False,True,False,,,,,,absent,,,
chama,2.26,0,0,2,Any of several types of informal cooperative society.,,,noun:2,noun,False,0,,,,False,True,False,,,,,,absent,,,
zina,2.26,0,1,1,"Adultery, fornication.",,,noun:1,noun,False,0,,,,False,True,False,,,,,,absent,,,
premarket,2.26,0,1,1,"The informal market in stocks and other securities, held before the official markets open",,,adj:1;noun:1,adj,False,0,,,,False,True,False,,,,,,absent,,,
schelling,2.26,0,0,1,A silver coin formerly current in the Low Countries.,,,noun:1,noun,False,2,PROPN,0.0,,False,True,False,,,"verb form (-ing, morphology)",,,absent,,,
geocaching,2.26,0,1,1,"A pastime in which participants use a GPS receiver to find a hidden container at a specific latitude and longitude, or to hide a container to be found in this manner.",,,noun:1;verb:1,noun,False,0,,,,False,True,False,,,"verb form (-ing, morphology)",,,absent,,,
wagyu,2.26,1,1,2,Any of several Japanese breeds of cattle genetically predisposed to intense marbling and to producing a high percentage of oleaginous unsaturated fat.,,,noun:2,noun,False,0,,,,False,True,False,,,,,,absent,,,
crema,2.26,1,1,2,"The light-colored, orangish head of foam on a cup of espresso.",,,noun:2,noun,False,0,,,,False,True,False,,,,,,absent,,,
refurb,2.26,0,0,2,a thing that has been refurbished,,,noun:2;verb:1,noun,False,1,NOUN,1.0,,False,True,False,,,,,,absent,,,
ayu,2.26,0,1,1,"A sweetfish, an amphidromous game fish of East Asia of species Plecoglossus altivelis, prized for its sweet-tasting flesh and subject to extensive aquaculture.",,,noun:1,noun,False,0,,,,False,True,False,NOUN,,,,,absent,,,
superseding,2.26,0,0,1,The process by which something is superseded.,,,noun:1;verb:1,noun,False,7,VERB,0.0,usually verb (corpus),False,True,False,,,"verb form (-ing, morphology)",,,absent,,,
vio,2.26,0,0,2,A ripoff.,,,noun:2,noun,False,0,,,,False,True,False,,,,,,absent,,,
mogwai,2.25,0,0,1,A kind of demon held to be harmful to humans.,,,noun:1,noun,False,0,,,,False,True,False,,,,,,absent,,,
zipline,2.25,0,0,2,"A pulley suspended on a cable mounted on an incline, designed to enable a user to travel from one point to another by means of gravity.",,,noun:2;verb:1,noun,False,0,,,,False,True,False,,,,,,absent,,,
klang,2.25,0,0,1,"Any periodic sound, especially one composed of a fundamental and harmonics, as opposed to simple periodic sounds (sine tones).",,,noun:1,noun,False,0,,,,False,True,False,,,,,,absent,,,
pinnock,2.25,0,0,2,"Prunella modularis, the dunnock.",,,noun:2,noun,False,0,,,,False,True,False,,,,,,absent,,,
silvana,2.25,0,0,1,"A Filipino dessert, a frozen cookie made from a layer of buttercream sandwiched between two cashew-meringue wafers coated with cookie crumbs.",,,noun:1,noun,False,0,,,,False,True,False,,,,,,absent,,,
kula,2.25,0,1,2,"A tower, turret or steeple in Southeastern Europe erected during the period of Ottoman domination on the area.",,,noun:2,noun,False,0,,,,False,True,False,,,,,,absent,,,
hubba,2.25,0,0,2,A grain.,,,noun:2,noun,False,2,OTHER,0.0,,False,True,False,,,,,,absent,,,
genki,2.25,0,0,1,"A playful, hyperactive girl.",,,adj:1;noun:1,adj,False,0,,,,False,True,False,,,,,,absent,,,
domina,2.25,0,0,3,The head of a nunnery.,,,noun:3,noun,False,2,OTHER,0.0,,False,True,False,,,,,,absent,,,
modafinil,2.25,0,1,1,"A stimulant often used in the treatment of various sleep disorders, having the chemical formula C₁₅H₁₅NO₂S",,,noun:1,noun,False,0,,,,False,True,False,,,,,,absent,,,
dryland,2.25,1,1,1,"Land that is arid, but not so dry as to be a desert.",,,noun:1,noun,False,0,,,,False,True,False,,,,,,absent,,,
schreiner,2.25,0,0,1,An engraved roller used for schreinerizing textiles.,,,noun:1,noun,False,0,,,,False,True,False,,,,,,absent,,,
hird,2.25,0,0,2,"In Norwegian history, an informal retinue of personal armed companions, hirdmen or housecarls.",,,noun:2,noun,False,0,,,,False,True,False,,,,,,absent,,,
parle,2.25,1,1,2,Parley; talk.,,,noun:2;verb:1,noun,False,0,,,,False,True,False,,,,,,absent,,,
keirin,2.25,1,1,1,"A form of track cycling originating in Japan, where riders must initially race behind a motorised pace-setter, the derny.",,,noun:1,noun,False,0,,,,False,True,False,,,,,,absent,,,
kermode,2.25,0,0,1,Kermode bear,,,noun:1,noun,False,0,,,,False,True,False,,,,,,absent,,,
domus,2.25,0,0,2,"A farmstead with its people, plants and animals, considered as a unit.",,,noun:2,noun,False,0,,,,False,True,False,,,,,,absent,,,
murry,2.25,0,0,1,moray eel,,,adj:1;adv:1;noun:1,adj,False,0,,,,False,True,False,,,,,,absent,,,
whois,2.25,0,1,1,The WHOIS protocol or service.,,,noun:1;verb:1,noun,False,0,,,,False,True,False,,,,,,absent,,,
kulkarni,2.25,0,0,1,A person in parts of India who was responsible for maintaining the accounts and records of a village.,,,noun:1,noun,False,0,,,,False,True,False,,,,,,absent,,,
berkut,2.25,0,0,1,Synonym of golden eagle.,,,noun:1,noun,False,0,,,,False,True,False,,,,,,absent,,,
highline,2.25,0,0,1,An elevated slackline; a slackline which is mounted across a deep drop; a slackline that is strung up high.,,,noun:1,noun,False,1,NOUN,1.0,,False,True,False,,,,,,absent,,,
vicomte,2.25,0,0,1,A French viscount.,,,noun:1,noun,False,0,,,,False,True,False,,,,,,absent,,,
longue,2.25,0,0,1,Synonym of mackinaw trout.,,,noun:1,noun,False,3,PROPN,0.0,,False,True,False,,,,,,absent,,,
trib,2.25,0,0,1,A tributary.,,,noun:1;verb:1,noun,False,0,,,,False,True,False,,,,,,absent,,,
firewire,2.25,0,0,2,A high-speed digital link standard covered by the IEEE 1394-1995 standard.,,,noun:2,noun,False,0,,,,False,True,False,,,,,,absent,,,
machinima,2.25,1,1,2,"The rendering of computer-generated imagery using low-end (real time) 3D engines such as those found in video games, as opposed to the high-end, complex 3D engines used by professionals.",,,noun:2,noun,False,0,,,,False,True,False,,,,,,absent,,,
rosehill,2.25,0,0,1,Synonym of rosella (“type of parrot”),,,noun:1,noun,False,0,,,,False,True,False,,,,,,absent,,,
callout,2.25,0,0,11,An outgoing telephone call.,,,noun:11,noun,False,0,,,,False,True,False,,,,,,absent,,,
oleh,2.25,0,0,2,A Jew who has recently made aliyah to Israel; an immigrant to Israel.,,,noun:2,noun,False,0,,,,False,True,False,,,,,,absent,,,
ramage,2.25,0,0,4,"wildness, spirit, courage, ferocity",,,noun:4;adj:2,noun,False,0,,,,False,True,False,,,,,,absent,,,
triphosphate,2.25,0,0,2,Any salt or ester containing three phosphate groups.,,,noun:2,noun,False,1,NOUN,1.0,,False,True,False,,,,,,absent,,,
azadi,2.25,0,1,1,"Freedom, independence.",,,noun:1,noun,False,0,,,,False,True,False,,,,,,absent,,,
campylobacter,2.25,0,0,1,Any bacteria of the genus Campylobacter; a principal cause of food poisoning.,,,noun:1,noun,False,0,,,,False,True,False,,,,,,absent,,,
maka,2.25,0,0,1,eye,,,noun:1,noun,False,0,,,,False,True,False,,,,,,absent,,,
toit,2.25,0,0,1,A cushion.,,,noun:1,noun,False,0,,,,False,True,False,,,,,,absent,,,
cytometry,2.25,0,1,1,The measurement or the counting and classification of cells,,,noun:1,noun,False,0,,,,False,True,False,,,,,,absent,,,
ribeye,2.25,0,0,3,"Ellipsis of ribeye steak, a boneless ribsteak; a cut of steak from the beef rib.",ribeye steak,,noun:3,noun,True,0,,,,False,True,False,,,,,,absent,,,
ridder,2.25,0,0,2,a sieve,,,noun:2;verb:1,noun,False,0,,,,False,True,False,,,,,,absent,,,
thermite,2.25,1,1,1,"A mixture of a metal and a metal oxide capable of producing a thermite reaction, such as aluminium metal and ferric oxide; used in incendiary devices.",,,noun:1,noun,False,0,,,,False,True,False,,,,,,absent,,,
malley,2.25,0,0,1,A gardener.,,,noun:1,noun,False,0,,,,False,True,False,,,,,,absent,,,
tante,2.25,0,0,1,A Jewish aunt.,,,noun:1,noun,False,0,,,,False,True,False,,,,,,absent,,,
aven,2.25,0,0,2,"A vertical shaft leading upward from a cave passage, sometimes connecting with passages above.",,,noun:2,noun,False,0,,,,False,True,False,,,,,,absent,,,
mand,2.25,0,0,2,A verbal operant in which the response is reinforced by a characteristic consequence and is therefore under the functional control of relevant conditions of deprivation or aversive stimulation.,,,noun:2;verb:1,noun,False,0,,,,False,True,False,,,,,,absent,,,
tari,2.25,0,0,1,"A small gold coin, worth a quarter of a dinar, struck by the Arabs of Sicily in the 9th century.",,,noun:1,noun,False,0,,,,False,True,False,,,,,,absent,,,
gigging,2.25,0,1,3,gerund of gig (in various senses).,,,noun:3;verb:1,noun,False,0,,,,False,True,False,,,"verb form (-ing, morphology)",,,absent,,,
zahid,2.24,0,0,1,An ascetic.,,,noun:1,noun,False,0,,,,False,True,False,,,,,,absent,,,
abacha,2.24,0,1,1,"A Nigerian food made from dried shredded cassava with fish, eggs, spices, etc.",,,noun:1,noun,False,0,,,,False,True,False,,,,,,absent,,,
yaa,2.24,0,0,1,The letter ي (y) in the Arabic script.,,,noun:1,noun,False,0,,,,False,True,False,,,,,,absent,,,
sira,2.24,0,0,2,A traditional Muslim biography of Muhammad.,,,noun:2,noun,False,0,,,,False,True,False,,,,,,absent,,,
shahi,2.24,0,0,1,"A former currency unit of Iran, worth one twentieth of a qiran.",,,noun:1,noun,False,0,,,,False,True,False,,,,,,absent,,,
isoform,2.24,0,0,1,"Any of several different forms of the same protein, arising from either single nucleotide polymorphisms, differential splicing of mRNA, or post-translational modifications (e.g. sulfation, glycosylati",,,noun:1,noun,False,1,NOUN,1.0,,False,True,False,,,,,,absent,,,
polycyclic,2.24,0,0,1,A polycyclic compound.,,,adj:3;noun:1,adj,False,0,,,,False,True,False,,,adjective-like (morphology),,,absent,,,
poonam,2.24,0,0,1,"A sari made of imported polyester, as opposed to a traditional cotton sari.",,,noun:1,noun,False,0,,,,False,True,False,,,,,,absent,,,
dunder,2.24,0,1,3,"The lees or dregs of cane juice, used in the distillation of rum.",,,noun:3,noun,False,0,,,,False,True,False,,,,,,absent,,,
poulter,2.24,0,0,1,"Synonym of poulterer, a dealer in poultry.",,,noun:1,noun,False,0,,,,False,True,False,,,,,,absent,,,
brickworks,2.24,0,0,1,"A place where bricks are manufactured, particularly organised as a factory.",,,noun:1,noun,False,2,NOUN,1.0,,False,True,False,,,,brickwork,,absent,,,
synthetase,2.24,0,0,2,Any enzyme that catalyzes the synthesis of a biological compound.,,,noun:2,noun,False,2,NOUN,1.0,,False,True,False,,,,,,absent,,,
wakeman,2.24,0,0,2,A watchman,,,noun:2,noun,False,0,,,,False,True,False,,,,,,absent,,,
scaredy,2.24,0,0,1,A coward.,,,adj:1;noun:1,adj,False,0,,,,False,True,False,,,,,,absent,,,
lesbo,2.24,0,0,1,A lesbian.,,,adj:1;noun:1,adj,False,1,NOUN,1.0,,False,True,False,,,,,,absent,,,
sandhya,2.24,0,0,1,Morning or evening prayers.,,,noun:1,noun,False,0,,,,False,True,False,,,,,,absent,,,
hizb,2.24,0,0,1,each of the roughly equilongitudinal 60 parts in which the Quran has been traditionally divided to ease its reading and memorization,,,noun:1,noun,False,1,PROPN,0.0,,False,True,False,,,,,,absent,,,
francisca,2.24,0,0,1,A throwing axe used as a weapon during the Early Middle Ages by the Franks.,,,noun:1,noun,False,0,,,,False,True,False,,,,,,absent,,,
antisense,2.24,0,0,1,The strand of nucleic acid complementary to a strand which codes for an RNA or protein.,,,adj:1;noun:1,adj,False,1,NOUN,1.0,,False,True,False,,,,,,absent,,,
compensator,2.24,0,0,4,"A party or thing which compensates, pays or otherwise provides a compensation",,,noun:4,noun,False,0,,,,False,True,False,,,,,,absent,,,
comtesse,2.24,0,0,1,A French countess.,,,noun:1,noun,False,0,,,,False,True,False,,,,,,absent,,,
bez,2.24,0,0,1,The second tine of an antler's beam.,,,verb:2;noun:1,verb,False,0,,,,False,True,False,,,,,,absent,,,
capitaine,2.24,0,0,1,A captain.,,,noun:1,noun,False,0,,,,False,True,False,,,,,,absent,,,
halfling,2.24,0,0,3,A fictional small humanoid creature featuring in fantasy fiction; a hobbit.,,,noun:3,noun,False,0,,,,False,True,False,,,"verb form (-ing, morphology)",,,absent,,,
creat,2.24,0,1,2,An usher to a riding master (riding instructor).,,,noun:2,noun,False,0,,,,False,True,False,,,,,,absent,,,
robusta,2.24,0,1,2,"Any plant of the species Coffea canephora of coffee plants, native to Africa, cultivated widely in Brazil.",,,noun:2,noun,False,0,,,,False,True,False,,,,,,absent,,,
contralateral,2.24,0,0,1,The opposite side of the body,,,adj:1;noun:1,adj,False,0,,,,False,True,False,,,adjective-like (morphology),,,absent,,,
necro,2.24,0,0,1,Necromancer.,,,verb:2;noun:1,verb,False,0,,,,False,True,False,,,,,,absent,,,
cous,2.24,0,1,2,"cousin (usually as a term of address, but not necessarily towards one's cousin)",kouse,,noun:2,noun,False,0,,,,False,True,False,,,,,,absent,,,
shitbag,2.24,0,0,3,A colostomy bag.,,,noun:3,noun,False,0,,,,False,True,False,,,,,,absent,,,
keyring,2.24,0,0,2,"A ring, normally of metal or plastic, for holding keys together.",,,noun:2,noun,False,0,,,,False,True,False,,,"verb form (-ing, morphology)",,,absent,,,
khair,2.24,0,0,1,The tree Senegalia catechu from which cutch is obtained,,,noun:1,noun,False,0,,,,False,True,False,,,,,,absent,,,
carnitine,2.24,1,1,1,"A betaine, 3-hydroxy-4-trimethylammonio-butanoate, that is found in the liver and has a function in fatty acid transport.",,,noun:1,noun,False,0,,,,False,True,False,,,,,,absent,,,
marra,2.24,0,0,1,"A friend, pal, buddy, mate.",,,noun:1,noun,False,0,,,,False,True,False,,,,,,absent,,,
phthalate,2.24,0,0,1,Any salt or ester of a phthalic acid.,,,noun:1,noun,False,1,NOUN,1.0,,False,True,False,,,,,,absent,,,
glasser,2.24,0,0,3,A person who applies fibreglass and resin to a surfboard during its manufacture.,,,noun:3,noun,False,0,,,,False,True,False,,,,,,absent,,,
pinder,2.24,0,0,3,"A peanut, the nut-like pod containing the edible seed(s) of a leguminous plant.",,,noun:3,noun,False,0,,,,False,True,False,,,,,,absent,,,
kir,2.24,1,1,1,A cocktail made with a measure of crème de cassis topped up with white wine.,,,noun:1,noun,False,0,,,,False,True,False,,,,,,absent,,,
armbar,2.24,0,0,1,A joint lock where the elbow is hyperextended in order to cause pain or injury.,,,noun:1;verb:1,noun,False,0,,,,False,True,False,,,,,,absent,,,
shinkansen,2.23,0,0,2,A Japanese high-speed railway line.,,,noun:2,noun,False,0,,,,False,True,False,,,,,,absent,,,
acro,2.23,0,1,3,Acrobatic gymnastics.,acrow,,noun:3;adj:1,noun,False,0,,,,False,True,False,,,,,,absent,,,
casco,2.23,0,0,1,"A flat-bottomed, square-ended boat once used in the Philippines as a lighter to ferry goods between ship and shore",,,noun:1,noun,False,0,,,,False,True,False,,,,,,absent,,,
basha,2.23,0,0,2,A tarpaulin or plastic waterproof sheet.,,,noun:2,noun,False,0,,,,False,True,False,,,,,,absent,,,
fiqh,2.23,0,1,1,"Jurisprudence in the Islamic law, shari'a.",,,noun:1,noun,False,0,,,,False,True,False,,,,,,absent,,,
bokeh,2.23,0,1,1,A subjective aesthetic quality of out-of-focus areas of an image projected by a camera lens.,,,noun:1,noun,False,0,,,,False,True,False,,,,,,absent,,,
headedness,2.23,0,1,1,The state or quality of having a particular type of head (in various senses).,,,noun:1,noun,False,0,,,,False,True,False,,,,,,absent,,,
superfly,2.23,0,0,2,"An ostentatious, self-confident person, especially a black drug dealer.",,,noun:2;adj:1,noun,False,0,,,,False,True,False,,,adjective-like (morphology),,,absent,,,
endocytosis,2.23,1,1,1,The process by which the plasma membrane of a cell folds inwards to ingest material.,,,noun:1,noun,False,0,,,,False,True,False,,,,,,absent,,,
underfunding,2.23,0,1,1,The condition of being underfunded.,,,noun:1;verb:1,noun,False,0,,,,False,True,False,,,"verb form (-ing, morphology)",,,absent,,,
combinatorics,2.23,0,1,1,a branch of mathematics that studies (usually finite) collections of objects that satisfy specified criteria,,,noun:1,noun,False,0,,,,False,True,False,,,,,,absent,,,
rakyat,2.23,0,0,2,An ordinary citizen.,,,noun:2,noun,False,0,,,,False,True,False,,,,,,absent,,,
steelmaking,2.23,0,1,1,The manufacture of steel.,,,noun:1,noun,False,0,,,,False,True,False,,,"verb form (-ing, morphology)",,,absent,,,
roker,2.23,0,0,1,The thornback ray.,,,noun:1,noun,False,0,,,,False,True,False,,,,,,absent,,,
swaddling,2.23,1,1,2,The practice of wrapping infants in clothing that restricts movement.,,,noun:2;verb:1,noun,False,0,,,,False,True,False,NOUN;VERB,,"noun, also verb",,,absent,,,
coppin,2.23,0,0,1,A cop of thread.,,,noun:1,noun,False,0,,,,False,True,False,,,,,,absent,,,
erythematosus,2.23,0,0,1,An eruption of red lesions.,,,noun:1,noun,False,0,,,,False,True,False,,,,,,absent,,,
crunk,2.23,0,1,1,A type of hip hop that originated in the southern United States.,,,verb:2;adj:1;noun:1,verb,False,0,,,,False,True,False,,,,,,absent,,,
norovirus,2.23,0,0,1,"Norovirus, the genus of Norwalk virus, which causes gastric distress in humans.",,,noun:1,noun,False,0,,,,False,True,False,,,,,,absent,,,
prac,2.23,0,0,1,A practical.,,,noun:1,noun,False,0,,,,False,True,False,,,,,,absent,,,
domme,2.23,0,0,1,A female dominant in a sadomasochistic relationship.,,,noun:1,noun,False,0,,,,False,True,False,,,,,,absent,,,
soper,2.23,0,0,2,Methaqualone.,,,noun:2,noun,False,2,PROPN,0.0,,False,True,False,,,,,,absent,,,
kavya,2.23,0,1,2,A highly artificial Sanskrit literary style used by Indian court poets in the early centuries AD.,,,noun:2,noun,False,0,,,,False,True,False,,,,,,absent,,,
factbook,2.23,0,0,1,A book of facts.,,,noun:1,noun,False,0,,,,False,True,False,,,,,,absent,,,
choon,2.23,0,0,1,"A song or track, especially one that is catchy.",,,noun:1,noun,False,0,,,,False,True,False,,,,,,absent,,,
fudging,2.23,1,1,1,"The act of something being fudged, altered so as to hide a flaw or uncertainty.",,,adv:1;noun:1;verb:1,adv,False,1,NOUN,1.0,,False,True,False,NOUN;VERB,,"noun, also verb",,,absent,,,
cholinergic,2.23,0,0,1,Any drug or substance producing or having the same function as acetylcholine.,,,adj:1;noun:1,adj,False,0,,,,False,True,False,,,adjective-like (morphology),,,absent,,,
nade,2.23,0,0,1,A grenade.,,,noun:1;verb:1,noun,False,0,,,,False,True,False,,,,,,absent,,,
aarti,2.23,1,1,1,"A particular Hindu prayer ritual, involving candles made from clarified butter.",,,noun:1,noun,False,0,,,,False,True,False,,,,,,absent,,,
taiko,2.23,0,0,3,"A traditional drum, beaten by yobidashi to announce the beginning of a tournament, and at the end of each day",,,noun:3,noun,False,0,,,,False,True,False,,,,,,absent,,,
abid,2.23,0,0,3,slave,,,noun:3;verb:1,noun,False,0,,,,False,True,False,,,,,,absent,,,
zay,2.23,0,0,1,"zayin, the seventh letter of many Semitic alphabets.",,,noun:1;pron:1;verb:1,noun,False,0,,,,False,True,False,,,,,,absent,,,
bere,2.23,0,1,2,"Barley, especially four-rowed barley or six-rowed barley.",,,noun:2,noun,False,1,PROPN,0.0,,False,True,False,,,,,,absent,,,
porteous,2.23,0,0,1,A portable breviary.,,,noun:1,noun,False,0,,,,False,True,False,,,adjective-like (morphology),,,absent,,,
slopestyle,2.23,0,1,1,A discipline of freestyle skiing or snowboarding involving an obstacle course.,,,noun:1,noun,False,0,,,,False,True,False,,,,,,absent,,,
pookie,2.23,0,0,1,"A glass pipe designed for freebasing cocaine, methamphetamine, or other drugs.",,,name:1;noun:1,name,False,0,,,,False,True,False,,,,,,absent,,,
tassie,2.23,0,0,3,A cup or goblet for drinking wine.,,,noun:3,noun,False,0,,,,False,True,False,,,,,,absent,,,
hig,2.23,0,0,1,"A huff; a fit of passion, annoyance, or offense.",,,noun:1,noun,False,0,,,,False,True,False,,,,,,absent,,,
frigidaire,2.23,0,0,1,Trademark for a refrigerator.,,,noun:1,noun,False,0,,,,False,True,False,,,,,,absent,,,
civitas,2.23,0,0,4,the social body of the citizens united by law,,,noun:4,noun,False,0,,,,False,True,False,,,,,,absent,,,
outgroup,2.23,0,0,2,The group of people who do not belong to one's own social group.,,,noun:2;verb:1,noun,False,0,,,,False,True,False,,,,,,absent,,,
blick,2.23,0,0,3,The brightening or iridescence appearing on silver or gold at the end of the cupelling or refinishing process.,,,verb:4;noun:3,verb,False,0,,,,False,True,False,,,,,,absent,,,
underfloor,2.23,0,0,1,A layer of flooring beneath the main floor surface.,,,adj:1;noun:1,adj,False,0,,,,False,True,False,,,,,,absent,,,
regula,2.23,0,0,2,A book of rules for a religious establishment.,,,noun:2,noun,False,0,,,,False,True,False,,,,,,absent,,,
cisplatin,2.23,1,1,2,A platinum-containing antineoplastic drug cis-diamminedichloro-platinum(II) (Cl₂H₆N₂Pt) that is cytotoxic and is used especially in the treatment of testicular and ovarian tumors and advanced bladder ,,,noun:2,noun,False,0,,,,False,True,False,,,,,,absent,,,
telenovela,2.23,0,0,1,A television soap opera presented as a miniseries.,,,noun:1,noun,False,0,,,,False,True,False,,,,,,absent,,,
safehouse,2.22,0,0,1,"A secure location, known to only a few trusted people, suitable for hiding witnesses, agents or other persons perceived as being in danger.",,,noun:1,noun,False,0,,,,False,True,False,,,,,,absent,,,
bluer,2.22,0,0,1,"A blue blazer, part of the school uniform at Harrow School.",,,adj:1;noun:1,adj,False,2,NOUN,0.5,,False,True,False,,,,,,absent,,,
fleshlight,2.22,0,0,1,"A vagina-, anus-, or mouth-shaped sex toy which is designed to stimulate and fit around the penis to aid masturbation.",,,noun:1,noun,False,0,,,,False,True,False,,,,,,absent,,,
bhatti,2.22,0,0,1,An oven.,,,noun:1,noun,False,0,,,,False,True,False,,,,,,absent,,,
testbed,2.22,0,0,1,"Any platform used for testing a scientific theory, computational tool or new technology.",,,noun:1;verb:1,noun,False,0,,,,False,True,False,,,"verb form (-ed, morphology)",,,absent,,,
maca,2.22,1,1,1,"Any member of the species Lepidium meyenii, an Andean medicinal herb, or an extract of the root of this plant.",,,noun:1,noun,False,0,,,,False,True,False,,,,,,absent,,,
megaman,2.22,0,0,1,A very large or powerful man.,,,noun:1,noun,False,0,,,,False,True,False,,,,,,absent,,,
brumby,2.22,0,0,1,A wild or feral horse.,,,noun:1,noun,False,2,PROPN,0.0,,False,True,False,,,,,,absent,,,
melty,2.22,1,1,1,meltdown,,,adj:2;noun:1,adj,False,0,,,,False,True,False,,,,,,absent,,,
espace,2.22,0,1,1,space.,,,noun:1,noun,False,0,,,,False,True,False,,,,,,absent,,,
shoegaze,2.22,0,1,1,Synonym of shoegazing.,,,noun:1;verb:1,noun,False,0,,,,False,True,False,,,,,,absent,,,
yarborough,2.22,0,0,1,"A hand, in bridge or whist, that has no card with a value greater than nine (and no aces), though in some circles it is no card above a ten.",,,noun:1,noun,False,0,,,,False,True,False,,,,,,absent,,,
workgroup,2.22,0,0,2,A group of workers engaged in a series of collaborative tasks who usually work together.,,,noun:2,noun,False,1,NOUN,1.0,,False,True,False,,,,,,absent,,,
plushie,2.22,0,0,2,Synonym of plush toy.,,,noun:2,noun,False,0,,,,False,True,False,,,,,,absent,,,
autosport,2.22,1,1,1,motorsport,,,noun:1,noun,False,0,,,,False,True,False,,,,,,absent,,,
tawa,2.22,0,0,2,A frying pan or griddle.,,,noun:2,noun,False,0,,,,False,True,False,,,,,,absent,,,
podge,2.22,0,0,2,A fat person.,,,noun:2,noun,False,0,,,,False,True,False,,,,,,absent,,,
weh,2.22,0,0,1,A red panda.,,,intj:1;noun:1,intj,False,0,,,,False,True,False,,,,,,absent,,,
lambie,2.22,0,0,1,A lamb.,,,noun:1,noun,False,0,,,,False,True,False,,,,,,absent,,,
nug,2.22,0,1,4,A lump; a block.,noog,,noun:4,noun,False,0,,,,False,True,False,,,,,,absent,,,
carlito,2.22,0,0,1,A Philippine tarsier (Carlito syrichta).,,,noun:1,noun,False,0,,,,False,True,False,,,,,,absent,,,
kuku,2.22,1,1,1,An Iranian dish somewhat resembling a quiche or omelette.,,,intj:1;noun:1,intj,False,0,,,,False,True,False,,,,,,absent,,,
grenache,2.22,1,1,1,"A specific, widely-planted variety of red wine grape, or a wine made from such grapes.",,,noun:1,noun,False,0,,,,False,True,False,,,,,,absent,,,
schlong,2.22,0,0,1,"A penis, especially a long one.",,,verb:3;noun:1,verb,False,0,,,,False,True,False,,,,,,absent,,,
strategizing,2.22,0,0,1,The formulation of a strategy.,,,noun:1;verb:1,noun,False,0,,,,False,True,False,,,"verb form (-ing, morphology)",,,absent,,,
andro,2.22,0,1,2,"A Meitei traditional type of alcoholic beverage or drink, originated from Andro village, Manipur, India.",,,noun:2;adj:1,noun,False,0,,,,False,True,False,,,,,,absent,,,
diethyl,2.22,1,1,1,Two ethyl groups attached to the same molecule.,,,noun:1,noun,False,0,,,,False,True,False,,,,,,absent,,,
subarachnoid,2.22,0,0,1,Ellipsis of subarachnoid space.,subarachnoid space,,adj:1;noun:1,adj,True,0,,,,False,True,False,,,,,,absent,,,
malate,2.22,0,0,1,Any salt or ester of malic acid.,,,noun:1,noun,False,0,,,,False,True,False,,,,,,absent,,,
jaish,2.22,0,0,1,An army or legion.,,,noun:1,noun,False,0,,,,False,True,False,,,,,,absent,,,
minny,2.22,0,0,1,A minnow.,,,noun:1,noun,False,0,,,,False,True,False,,,,,,absent,,,
katha,2.22,1,1,3,The recitation of a Hindu religious story.,,,noun:3,noun,False,0,,,,False,True,False,,,,,,absent,,,
crip,2.22,0,0,2,A cripple.,,,noun:2;verb:2,noun,False,2,PROPN,0.0,,False,True,False,,,,,,absent,,,
vipassana,2.22,0,1,1,"Insight into the true nature of reality, namely as the three marks of existence: impermanence, suffering or unsatisfactoriness, and the realisation of nonself.",,,noun:1,noun,False,0,,,,False,True,False,,,,,,absent,,,
vivant,2.22,0,0,1,"In mort, bridge, and similar games, the partner of dummy.",,,noun:1,noun,False,0,,,,False,True,False,,,,,,absent,,,
ralphie,2.22,0,0,1,A scruffy school child.,,,noun:1,noun,False,0,,,,False,True,False,,,,,,absent,,,
traduction,2.22,1,1,4,The act of converting text from one language to another.,,,noun:4,noun,False,0,,,,False,True,False,,,,,,absent,,,
carib,2.22,0,0,1,A hummingbird of the genus Eulampis.,,,noun:1,noun,False,0,,,,False,True,False,,,,,,absent,,,
ghazal,2.21,0,0,1,"A poetic form mostly used for love poetry in Middle Eastern, South, and Central Asian poetry.",,,noun:1,noun,False,1,OTHER,0.0,,False,True,False,,,adjective-like (morphology),,,absent,,,
gazzetta,2.21,0,0,1,"An old Venetian coin, equal to a halfpenny.",,,noun:1,noun,False,0,,,,False,True,False,,,,,,absent,,,
drow,2.21,1,1,5,A member of a race of folkloric beings from Orkney and Shetland; cognate to the Scandinavian troll.,,,noun:5,noun,False,0,,,,False,True,False,,,,,,absent,,,
integrin,2.21,0,0,1,Any of many heterodimeric transmembrane proteins that function as receptors in communication between cells.,,,noun:1,noun,False,0,,,,False,True,False,,,,,,absent,,,
towie,2.21,0,0,1,A tow truck.,,,noun:1,noun,False,0,,,,False,True,False,,,,,,absent,,,
marling,2.21,0,0,1,"An application of marl to the soil, to aid agriculture.",,,noun:1;verb:1,noun,False,0,,,,False,True,False,,,"verb form (-ing, morphology)",,,absent,,,
cornhole,2.21,1,1,3,A small room connected to a threshing floor.,,,noun:3;verb:1,noun,False,0,,,,False,True,False,,,,,,absent,,,
bogue,2.21,0,0,2,A species of seabream fish native to the eastern Atlantic (Boops boops).,,,noun:2;verb:1,noun,False,0,,,,False,True,False,,,,,,absent,,,
supercomputing,2.21,0,1,1,The design and use of supercomputers.,,,noun:1,noun,False,0,,,,False,True,False,,,"verb form (-ing, morphology)",,,absent,,,
loke,2.21,0,0,4,The wicket or hatch of a door.,,,noun:4,noun,False,0,,,,False,True,False,,,,,,absent,,,
baseband,2.21,1,1,3,The frequency range occupied by a message signal prior to modulation.,,,noun:3,noun,False,0,,,,False,True,False,,,,,,absent,,,
ragdoll,2.21,0,0,3,A modern American breed of domestic cat with a longhair colourpoint coat that relaxes completely when picked up.,rag doll,,noun:3;verb:3,noun,False,0,,,,False,True,False,,,,,,absent,,,
deadass,2.21,0,0,1,A lazy or unenergetic person.,,,adj:3;adv:2;noun:1,adj,False,0,,,,False,True,False,,,,,,absent,,,
strikeforce,2.21,0,0,2,A group in an organization such as the police or the army that has been trained especially for dealing with serious and urgent threats.,,,noun:2,noun,False,0,,,,False,True,False,,,,,,absent,,,
ruckman,2.21,0,0,1,A ruck; a player who contests rucks.,,,noun:1,noun,False,0,,,,False,True,False,,,,,,absent,,,
bluey,2.21,1,1,11,The metal lead.,,,noun:11;adj:1,noun,False,0,,,,False,True,False,,,,,,absent,,,
corrin,2.21,0,0,1,A molecular species that contains four reduced pyrrole rings joined in a macrocycle by three -CH= groups and one direct bond; central to the cobalt-containing vitamin cobalamin.,,,noun:1,noun,False,0,,,,False,True,False,,,,,,absent,,,
rasul,2.21,1,1,2,"A prophet or messenger in Islam; Muhammad, as a special messenger of God.",,,noun:2,noun,False,0,,,,False,True,False,,,,,,absent,,,
carden,2.21,0,0,1,"A garden grown inside of a car, usually in the dashboard.",,,noun:1;verb:1,noun,False,0,,,,False,True,False,,,,,,absent,,,
thana,2.21,0,0,3,A military outpost.,,,noun:3,noun,False,0,,,,False,True,False,,,,,,absent,,,
preprint,2.21,0,0,1,A preliminary form of an academic paper that has not yet been published in a journal.,,,noun:1;verb:1,noun,False,0,,,,False,True,False,,,,,,absent,,,
texturing,2.21,0,0,1,The application of a texture to something.,,,noun:1;verb:1,noun,False,0,,,,False,True,False,NOUN;VERB,,"noun, also verb",,,absent,,,
swee,2.21,0,0,1,"A finch of species Coccopygia melanotis, found in sub-Saharan Africa.",,,adj:3;noun:1,adj,False,0,,,,False,True,False,,,,,,absent,,,
owt,2.21,0,1,1,Anything.,,,adv:1;noun:1;pron:1,adv,False,0,,,,False,True,False,,,,,,absent,,,
bleeping,2.21,0,0,1,An instance of bleeping; a sound that bleeps.,,,adj:1;noun:1;verb:1,adj,False,0,,,,False,True,False,,,"verb form (-ing, morphology)",,,absent,,,
lawyering,2.21,1,1,1,The practicing of law as a profession; being a lawyer.,,,noun:1;verb:1,noun,False,0,,,,False,True,False,,,"verb form (-ing, morphology)",,,absent,,,
buprenorphine,2.21,0,1,1,A semisynthetic narcotic analgesic that is administered in the form of its hydrochloride C₂₉H₄₁NO₄·HCl to control moderate to severe pain and treat opioid dependence.,,,noun:1,noun,False,0,,,,False,True,False,,,,,,absent,,,
grigio,2.21,0,0,1,A Pinot Grigio wine.,,,noun:1,noun,False,0,,,,False,True,False,,,,,,absent,,,
choreo,2.21,0,1,1,choreography,,,noun:1,noun,False,0,,,,False,True,False,,,,,,absent,,,
seki,2.21,0,0,1,"In the game of Go, a state of impasse where neither player can benefit from playing in a location",,,noun:1,noun,False,0,,,,False,True,False,,,,,,absent,,,
cyclo,2.21,0,0,2,A tuk-tuk.,,,noun:2,noun,False,0,,,,False,True,False,,,,,,absent,,,
dagmar,2.21,0,0,1,"One of the bullet-shaped protrusions on the bumpers of various 1950s cars, especially Cadillacs.",,,noun:1,noun,False,3,PROPN,0.0,,False,True,False,,,,,,absent,,,
laika,2.21,0,0,1,A type of hunting dog from Russia.,,,noun:1,noun,False,0,,,,False,True,False,,,,,,absent,,,
afrobeat,2.21,0,1,1,"Music that combines West African musical styles (such as traditional Yoruba music and highlife) with American funk, jazz, and soul influences, with a focus on chanted vocals, complex intersecting rhyt",,,noun:1,noun,False,0,,,,False,True,False,,,,,,absent,,,
chargeback,2.21,1,1,2,"A reversal of an accounting entry, especially of a disputed credit card transaction.",,,noun:2,noun,False,0,,,,False,True,False,,,,,,absent,,,
marga,2.21,1,1,4,"The canon of established forms of classical music, dance etc., as opposed to modern or regional developments.",,,noun:4,noun,False,0,,,,False,True,False,,,,,,absent,,,
tamas,2.21,0,1,1,"One of the three gunas in Hindu philosophy, representing things that are inert, resistant, or dark and destructive.",,,noun:1,noun,False,0,,,,False,True,False,,,,,,absent,,,
kori,2.21,0,0,1,"The monetary unit of Kutch prior to 1947, divided into 24 dokdas.",,,noun:1,noun,False,1,PROPN,0.0,,False,True,False,,,,,,absent,,,
kopi,2.21,0,1,2,"A variety of gypsum found in southern Australia, sometimes containing opal, and traditionally used by Indigenous Australian in powdered form as body ornamentation for mourning ceremonies.",,,noun:2,noun,False,0,,,,False,True,False,,,,,,absent,,,
bando,2.21,1,1,4,"A Welsh team sport related to hockey, hurling, shinty, and bandy.",,,noun:4,noun,False,0,,,,False,True,False,,,,,,absent,,,
blackwall,2.21,0,0,1,A tyre/tire with black sidewalls.,,,noun:1,noun,False,0,,,,False,True,False,,,,,,absent,,,
zeid,2.2,0,0,1,Any fish in the family Zeidae.,,,noun:1,noun,False,0,,,,False,True,False,,,,,,absent,,,
casus,2.2,0,0,1,"A possible world, as a starting point for reasoning.",,,noun:1,noun,False,0,,,,False,True,False,,,,,,absent,,,
iftar,2.2,1,1,1,"The evening meal that breaks each day's fast during Ramadan, traditionally beginning with dates and water.",,,noun:1,noun,False,0,,,,False,True,False,,,,,,absent,,,
arad,2.2,0,0,1,A nomadic herder.,,,noun:1,noun,False,0,,,,False,True,False,,,,,,absent,,,
stoping,2.2,1,1,1,"The removal of the desired ore from an underground mine, leaving behind an open space known as a stope.",,,noun:1,noun,False,0,,,,False,True,False,,,"verb form (-ing, morphology)",,,absent,,,
hout,2.2,0,0,1,A black African.,,,noun:1,noun,False,0,,,,False,True,False,,,,,,absent,,,
delisting,2.2,0,0,1,Formal removal from an official list.,,,noun:1;verb:1,noun,False,0,,,,False,True,False,,,"verb form (-ing, morphology)",,,absent,,,
motorhead,2.2,0,0,2,"A car, truck, or motorcycle enthusiast.",,,noun:2,noun,False,0,,,,False,True,False,,,,,,absent,,,
cashel,2.2,0,0,1,"In early Ireland, a ringfort or a circular stone structure used for defense.",,,noun:1,noun,False,0,,,,False,True,False,,,,,,absent,,,
bolsa,2.2,0,0,1,An exchange for the transaction of business.,,,noun:1,noun,False,0,,,,False,True,False,,,,,,absent,,,
homocysteine,2.2,1,1,1,An amino acid which is monitored in the blood to estimate risk of cardiovascular disease.,,,noun:1,noun,False,0,,,,False,True,False,,,,,,absent,,,
sapien,2.2,0,0,1,"A human, a specimen of Homo sapiens.",,,noun:1,noun,False,2,NOUN,1.0,,False,True,False,,,,,,absent,,,
tayo,2.2,0,0,1,"A garment like an apron, worn by indigenous South Americans.",,,noun:1,noun,False,0,,,,False,True,False,,,,,,absent,,,
elif,2.2,1,1,1,"A conditional statement in computer code that runs after an ""if"" statement.",,,noun:1,noun,False,0,,,,False,True,False,,,,,,absent,,,
beltline,2.2,0,0,2,"The imaginary line marking the upper end of the lower body of an automobile, running just below the bottoms of the windows",,,noun:2,noun,False,0,,,,False,True,False,,,,,,absent,,,
cuatro,2.2,0,0,1,Any of several stringed instruments of Latino origin; a Venezuelan ukulele-like instrument with four strings; a Puerto Rican violin-like instrument with ten strings in five courses (most commonly).,,,noun:1,noun,False,0,,,,False,True,False,,,,,,absent,,,
teardown,2.2,0,0,2,A well-maintained structure purchased and torn down to make way for a new structure.,,,noun:2;verb:1,noun,False,0,,,,False,True,False,,,,,,absent,,,
teleporter,2.2,0,0,3,A person who teleports.,,,noun:3,noun,False,0,,,,False,True,False,,,,,,absent,,,
kumbaya,2.2,0,0,1,"Used to evoke spiritual unity and interpersonal harmony, with varying degrees of sincerity or sarcasm, as referring to the folk song.",,,noun:1,noun,False,0,,,,False,True,False,,,,,,absent,,,
pembina,2.2,0,0,2,"Squashberry, lowbush cranberry (Viburnum edule).",,,noun:2,noun,False,4,PROPN,0.0,,False,True,False,,,,,,absent,,,
neurotoxicity,2.2,1,1,1,The state or property of being neurotoxic.,,,noun:1,noun,False,0,,,,False,True,False,,,,,,absent,,,
terroir,2.2,1,1,1,"The complete set of local conditions in which a particular wine or family of wines is produced, including soil type, weather conditions, topography, and wine-making savoir-faire.",,,noun:1,noun,False,1,NOUN,1.0,,False,True,False,,,,,,absent,,,
hatha,2.2,0,1,1,The fundamental form of yoga that focuses on asanas,,,noun:1,noun,False,0,,,,False,True,False,,,,,,absent,,,
riddim,2.2,1,1,2,"An instrumental version of a song in Jamaican or Caribbean music, usually with a drum pattern and a prominent bassline, meant to be reused as a backing track in other productions.",,,noun:2,noun,False,0,,,,False,True,False,,,,,,absent,,,
tmg,2.2,0,0,2,"Trimethylgallium, the most preferred metalorganic source of Gallium used in MOCVD of compound semiconductors for opto-electronics applications.",,,noun:2;phrase:1,noun,False,0,,,,False,True,False,,,,,,absent,,,
handi,2.2,0,0,1,"A deep, narrow-mouthed vessel used in north Indian, Pakistani and Bengali cooking.",,,noun:1,noun,False,0,,,,False,True,False,,,,,,absent,,,
reperfusion,2.2,1,1,1,"The restoration of blood flow to an organ, after it was cut off (e.g. in an operation).",,,noun:1,noun,False,0,,,,False,True,False,,,,,,absent,,,
refried,2.2,0,0,1,Ellipsis of refried bean.,refried bean,,noun:1;verb:1,noun,True,0,,,,False,True,False,,,"verb form (-ed, morphology)",,,absent,,,
gelder,2.2,0,0,1,One who gelds or castrates.,,,noun:1,noun,False,0,,,,False,True,False,,,,,,absent,,,
jund,2.2,0,0,1,An Arab military colony in the conquered lands of early caliphates.,,,noun:1,noun,False,0,,,,False,True,False,,,,,,absent,,,
readme,2.2,0,0,1,A text file meant to be read before taking any significant action with the items it accompanies.,,,noun:1,noun,False,2,NOUN,0.5,,False,True,False,,,,,,absent,,,
commish,2.2,1,1,2,A commissioner.,,,noun:2;verb:1,noun,False,0,,,,False,True,False,,,adjective-like (morphology),,,absent,,,
flav,2.2,0,0,1,"A member of the species Drunella flavilinea, a species of spiny crawler mayfly found in Central and North America as far north as Canada, used in fly fishing.",,,noun:1,noun,False,0,,,,False,True,False,,,,,,absent,,,
oon,2.2,0,0,1,An oven.,,,noun:1,noun,False,0,,,,False,True,False,,,,,,absent,,,
tubulin,2.2,0,0,2,Any of a group of proteins used as the material for microtubules.,,,noun:2,noun,False,0,,,,False,True,False,,,,,,absent,,,
quadra,2.2,0,0,3,"The plinth, or lowest member, of any pedestal, podium, water table, or the like.",,,noun:3,noun,False,1,NOUN,1.0,,False,True,False,,,,,,absent,,,
fluoro,2.2,0,0,1,A fluorescent light.,,,adj:1;noun:1,adj,False,0,,,,False,True,False,,,,,,absent,,,
overworld,2.2,0,0,5,The celestial world.,,,noun:5,noun,False,0,,,,False,True,False,,,,,,absent,,,
overwintering,2.2,1,1,2,The action of overwintering.,,,noun:2;verb:1,noun,False,0,,,,False,True,False,,,"verb form (-ing, morphology)",,,absent,,,
wushu,2.2,0,1,2,Any Chinese martial art.,,,noun:2,noun,False,0,,,,False,True,False,,,,,,absent,,,
khel,2.2,0,0,1,A Pashtun subtribe.,,,noun:1,noun,False,0,,,,False,True,False,,,,,,absent,,,
albie,2.2,0,0,1,A false albacore.,,,noun:1,noun,False,0,,,,False,True,False,,,,,,absent,,,
pahlavi,2.2,0,0,1,The principal gold coin of the Pahlavi dynasty (1925–1979).,,,noun:1,noun,False,0,,,,False,True,False,,,,,,absent,,,
veena,2.2,0,0,1,"A plucked stringed instrument with five or seven steel strings stretched on a long fretted finger-board over two gourds, used mostly in Carnatic Indian classical music.",,,noun:1,noun,False,0,,,,False,True,False,,,,,,absent,,,
grat,2.2,0,0,1,A gratuity or tip.,,,noun:1,noun,False,0,,,,False,True,False,,,,,,absent,,,
vore,2.2,0,1,1,"The genre of creative work appreciated by vorarephiles, involving characters being eaten or swallowed, or any creative works that fall under this category.",,,noun:1;verb:1,noun,False,0,,,,False,True,False,,,,,,absent,,,
perovskite,2.2,0,0,1,"A minor accessory mineral, CaTiO₃, occurring in basic rocks, as orthorhombic crystals.",,,noun:1,noun,False,0,,,,False,True,False,,,,,,absent,,,
kittel,2.2,0,0,1,"A white linen or cotton robe worn by religious Ashkenazi Jews on holidays, in the synagogue, or at home when leading the Passover seder.",,,noun:1,noun,False,0,,,,False,True,False,,,,,,absent,,,
zoonotic,2.2,0,0,1,Synonym of zoonosis.,,,adj:1;noun:1,adj,False,0,,,,False,True,False,,,adjective-like (morphology),,,absent,,,
yola,2.2,0,1,1,cocaine,,,noun:1,noun,False,0,,,,False,True,False,,,,,,absent,,,
ziff,2.19,0,0,3,A beard.,,,noun:3,noun,False,0,,,,False,True,False,,,,,,absent,,,
zerg,2.19,0,0,1,A very large group of units or players.,,,noun:1;verb:1,noun,False,0,,,,False,True,False,,,,,,absent,,,
fiori,2.19,0,1,1,A form of decorative extruded pasta.,,,noun:1,noun,False,1,PROPN,0.0,,False,True,False,,,,,,absent,,,
mudge,2.19,0,1,1,mud; sludge,,,noun:1;verb:1,noun,False,0,,,,False,True,False,,,,,,absent,,,
sey,2.19,0,0,1,A cut of beef.,,,noun:1,noun,False,0,,,,False,True,False,,,,,,absent,,,
paracord,2.19,1,1,1,"A lightweight nylon rope, originally used for the suspension lines of parachutes.",,,noun:1,noun,False,0,,,,False,True,False,,,,,,absent,,,
tengu,2.19,0,0,1,"A mythical Japanese creature, typically birdlike and having a long nose.",,,noun:1,noun,False,0,,,,False,True,False,,,,,,absent,,,
trou,2.19,0,1,2,Trousers.,,,noun:2,noun,False,0,,,,False,True,False,,,,,,absent,,,
swingman,2.19,0,0,1,"A player who can swing between two different positions, often the small forward and shooting guard positions in basketball.",,,noun:1,noun,False,0,,,,False,True,False,,,,,,absent,,,
loverboy,2.19,0,0,2,"A male lover, especially a young one.",,,noun:2,noun,False,0,,,,False,True,False,,,,,,absent,,,
pisco,2.19,1,1,1,"A liquor distilled from grapes (a brandy) made in wine-producing regions of Peru and Chile. It is the most widely consumed spirit in Argentina, Bolivia, Chile and Peru.",,,noun:1,noun,False,0,,,,False,True,False,,,,,,absent,,,
shayla,2.19,0,0,1,"A traditional Islamic headcovering worn by some Muslim women to observe sartorial hijab; typically wrapped and pinned, and sometimes worn as a partial niqab (veil for the face).",,,noun:1,noun,False,0,,,,False,True,False,,,,,,absent,,,
gaijin,2.19,0,0,2,A non-Japanese person.,,,noun:2,noun,False,0,,,,False,True,False,,,,,,absent,,,
vika,2.19,0,0,1,"A large, tree-dwelling rodent (Uromys vika) found in the Solomon Islands",,,noun:1,noun,False,0,,,,False,True,False,,,,,,absent,,,
gumby,2.19,0,0,1,An inexperienced climber.,,,noun:1,noun,False,0,,,,False,True,False,,,,,,absent,,,
macha,2.19,0,0,1,best friend,,,adj:1;noun:1,adj,False,0,,,,False,True,False,,,,,,absent,,,
dreamscape,2.19,0,0,1,The landscape within a dream.,,,noun:1,noun,False,0,,,,False,True,False,,,,,,absent,,,
grom,2.19,0,0,1,"A young surfer, wakeskater, wakeboarder, snowboarder, skimboarder, skateboarder, or kiteboarder.",,,noun:1,noun,False,0,,,,False,True,False,,,,,,absent,,,
fortin,2.19,0,0,1,A small fort; a fortlet.,,,noun:1,noun,False,1,PROPN,0.0,,False,True,False,,,,,,absent,,,
coady,2.19,0,1,1,"A sauce, usually made from boiled molasses, spices, and an acid such as vinegar or lemon juice.",,,noun:1,noun,False,0,,,,False,True,False,,,,,,absent,,,
magisterium,2.19,0,0,3,The teaching authority or office of the Roman Catholic Church.,,,noun:3,noun,False,0,,,,False,True,False,,,,,,absent,,,
mafic,2.19,0,0,1,A rock with such properties.,,,adj:1;noun:1,adj,False,0,,,,False,True,False,,,,,,absent,,,
kapp,2.19,0,0,1,A headcovering worn by many women of certain Anabaptist Christian traditions (especially Mennonites and Amish) for religious reasons.,,,noun:1,noun,False,0,,,,False,True,False,,,,,,absent,,,
shiller,2.19,0,0,1,One who shills: Synonym of shill.,,,noun:1,noun,False,0,,,,False,True,False,,,,,,absent,,,
dropdown,2.19,0,0,1,An instance of a selection object that hides the contents (especially the other choices) until activated.,,,adj:1;noun:1,adj,False,0,,,,False,True,False,,,,,,absent,,,
cosmodrome,2.19,0,0,1,"A site for launching spacecraft, usually in reference to such Soviet or Russian built sites as the Baikonur, Kazakhstan and Plesetsk, Russia cosmodromes.",,,noun:1,noun,False,0,,,,False,True,False,,,,,,absent,,,
carpaccio,2.19,1,1,1,"Thinly sliced raw beef or tuna, usually served as an appetizer.",,,noun:1,noun,False,0,,,,False,True,False,,,,,,absent,,,
doucet,2.19,0,0,2,A sweetened dish.,,,noun:2,noun,False,0,,,,False,True,False,,,,,,absent,,,
decima,2.19,0,0,4,"A tenth, particularly",,,noun:4,noun,False,0,,,,False,True,False,,,,,,absent,,,
hardstyle,2.19,0,1,2,"A genre of electronic dance music that combines elements of trance, techno, and hardcore, with origins in the Netherlands and Belgium.",,,noun:2,noun,False,0,,,,False,True,False,,,,,,absent,,,
curcumin,2.19,1,1,1,"A polyphenol (1E,6E)-1,7-bis(4-hydroxy-3-methoxyphenyl)hepta-1,6-diene-3,5-dione; a major constituent of the spice turmeric.",,,noun:1,noun,False,0,,,,False,True,False,,,,,,absent,,,
thrifting,2.19,0,1,1,"Shopping for cheap items, as for example at a garage sale, flea market, or thrift shop.",,,noun:1;verb:1,noun,False,1,NOUN,1.0,,False,True,False,,,"verb form (-ing, morphology)",,,absent,,,
makepeace,2.19,0,0,2,A peacemaker; one who reconciles persons at variance with one another; a composer of strife; an adjuster of differences.,,,noun:2,noun,False,1,PROPN,0.0,,False,True,False,,,,,,absent,,,
bimini,2.19,0,0,1,"A lightweight cover, usually made of fabric stretched on a metal frame which is readily removable, for the cockpit or deck of a speedboat or sailboat.",,,noun:1,noun,False,1,PROPN,0.0,,False,True,False,,,,,,absent,,,
froot,2.19,0,0,1,"A boot (storage compartment) located at the front rather than the rear of a car, especially an electric vehicle.",,,noun:1,noun,False,0,,,,False,True,False,,,,,,absent,,,
smee,2.19,0,0,1,"The pintail, wigeon, pochard, or smew.",,,noun:1,noun,False,0,,,,False,True,False,,,,,,absent,,,
sadhana,2.19,0,1,1,A spiritual practice or discipline leading to a goal.,,,noun:1,noun,False,0,,,,False,True,False,,,,,,absent,,,
coromandel,2.19,1,1,2,Synonym of calamander.,,,noun:2,noun,False,0,,,,False,True,False,,,,,,absent,,,
univariate,2.19,0,0,1,A polynomial or function with only one variable,,,adj:1;noun:1,adj,False,0,,,,False,True,False,,,,,,absent,,,
borgo,2.19,0,0,1,A small Italian village.,,,noun:1,noun,False,0,,,,False,True,False,,,,,,absent,,,
biffy,2.19,0,0,2,A toilet.,,,noun:2,noun,False,0,,,,False,True,False,,,,,,absent,,,
arkwright,2.19,0,0,1,A maker of cabinets or chests.,,,noun:1,noun,False,0,,,,False,True,False,,,,,,absent,,,
projet,2.19,0,0,1,A proposed plan; a draft or project.,,,noun:1,noun,False,0,,,,False,True,False,,,,,,absent,,,
pulver,2.19,1,1,1,Powder.,,,noun:1;verb:1,noun,False,0,,,,False,True,False,,,,,,absent,,,
gim,2.19,0,1,1,Edible seaweed in Korean cuisine.,,,adj:1;noun:1,adj,False,0,,,,False,True,False,,,,,,absent,,,
garg,2.19,0,0,1,A gargoyle.,,,noun:1,noun,False,0,,,,False,True,False,,,,,,absent,,,
dewatering,2.19,1,1,2,"Any of various techniques for the removal of water, either from a solid or from a structure.",,,noun:2;verb:1,noun,False,0,,,,False,True,False,,,"verb form (-ing, morphology)",,,absent,,,
dysregulation,2.19,0,0,1,A failure to regulate properly.,,,noun:1,noun,False,0,,,,False,True,False,,,,,,absent,,,
ison,2.19,0,0,1,Accompanying drone in Byzantine music.,,,noun:1,noun,False,0,,,,False,True,False,,,,,,absent,,,
kesh,2.19,0,1,2,"The practice of allowing one's hair to grow naturally, one of the five Ks.",,,noun:2,noun,False,0,,,,False,True,False,,,,,,absent,,,
rostral,2.19,0,0,1,A scale in reptiles on the median plate of the tip of the snout that borders the mouth opening.,,,adj:2;noun:1,adj,False,0,,,,False,True,False,,,adjective-like (morphology),,,absent,,,
roop,2.18,0,0,1,Hoarseness.,,,verb:3;noun:1,verb,False,0,,,,False,True,False,,,,,,absent,,,
rosalia,2.18,0,0,1,"A form of melody in which a phrase or passage is successively repeated, each time a tone or semi-tone higher or lower",,,noun:1,noun,False,0,,,,False,True,False,,,,,,absent,,,
kennet,2.18,0,0,1,A small hunting dog,,,noun:1,noun,False,0,,,,False,True,False,,,,,,absent,,,
nazim,2.18,0,0,1,The chief elected official of a local government in Pakistan.,,,noun:1,noun,False,0,,,,False,True,False,,,,,,absent,,,
deni,2.18,0,0,1,"A subdivision of currency, equal to 0.01 Macedonian denar.",,,noun:1,noun,False,0,,,,False,True,False,,,,,,absent,,,
lookbook,2.18,0,0,3,"A comprehensive directory of fashion-related companies and people, such as fashion designers, industry figures, brands and retail stores.",,,noun:3;verb:1,noun,False,0,,,,False,True,False,,,,,,absent,,,
tattersall,2.18,1,1,1,A fabric pattern containing squares of dark lines on a light background.,,,noun:1,noun,False,0,,,,False,True,False,,,,,,absent,,,
cadherin,2.18,0,0,1,Any of a class of transmembrane proteins important in maintaining tissue structure.,,,noun:1,noun,False,0,,,,False,True,False,,,,,,absent,,,
replicant,2.18,0,0,2,"A robot or artificial being that is an exact copy of a genuine lifeform, especially a human.",,,noun:2;adj:1,noun,False,0,,,,False,True,False,,,,,,absent,,,
northbridge,2.18,0,0,1,A microchip connected directly to the CPU (unlike the southbridge) and thus responsible for tasks that require the highest performance.,,,noun:1,noun,False,0,,,,False,True,False,,,,,,absent,,,
stromboli,2.18,0,0,1,"A type of turnover filled with various cheeses, typically mozzarella, and Italian meats such as salami, capicola and bresaola.",,,noun:1,noun,False,0,,,,False,True,False,,,,,,absent,,,
kagome,2.18,0,0,2,"An arrangement of laths composed of interlaced triangles such that each point where two laths cross has four neighboring points. Although called a lattice, it is more closely related to the trihexagon",,,noun:2,noun,False,0,,,,False,True,False,,,,,,absent,,,
sandhill,2.18,0,0,2,A dune or sandpile.,,,noun:2,noun,False,0,,,,False,True,False,,,,,,absent,,,
bomberman,2.18,0,0,1,A male bomber (person who sets bombs),,,noun:1,noun,False,0,,,,False,True,False,,,,,,absent,,,
kairos,2.18,0,0,1,A time when conditions are right for the accomplishment of a crucial action; the opportune and decisive moment.,,,noun:1,noun,False,0,,,,False,True,False,,,,,,absent,,,
comandante,2.18,0,0,1,commandant,,,noun:1,noun,False,0,,,,False,True,False,,,,,,absent,,,
appy,2.18,0,0,6,An appetizer.,appaloosa,,noun:6,noun,True,2,NOUN,1.0,,False,True,False,,,,,,absent,,,
burd,2.18,0,0,1,"maiden, young woman",,,noun:1,noun,False,0,,,,False,True,False,,,,,,absent,,,
harewood,2.18,0,1,1,"stained sycamore maple wood, used in cabinet making",,,noun:1,noun,False,0,,,,False,True,False,,,,,,absent,,,
puy,2.18,0,0,2,"Any of several cone-shaped hills in the Auvergne, France that are the remains of extinct volcanos.",,,noun:2,noun,False,0,,,,False,True,False,,,,,,absent,,,
mechatronics,2.18,0,1,1,"The synergistic combination of mechanical engineering, electronic engineering and software engineering for the study of automata from an engineering perspective and the control of advanced hybrid syst",,,noun:1,noun,False,0,,,,False,True,False,,,,,,absent,,,
indwelling,2.18,0,0,1,"A dwelling within, especially lodgement or habitation in the mind or soul.",,,adj:2;noun:1,adj,False,2,VERB,0.0,,False,True,False,,,"verb form (-ing, morphology)",,,absent,,,
bunton,2.18,0,0,1,A wooden cross-stay in a shaft; a support for shaft slides.,,,noun:1,noun,False,0,,,,False,True,False,,,,,,absent,,,
stormer,2.18,0,0,2,Someone who storms.,,,noun:2,noun,False,0,,,,False,True,False,,,,,,absent,,,
clownfish,2.18,0,0,1,"Any of the colorful fish of genera Amphiprion and Premnas in subfamily Amphiprioninae of family Pomacentridae, native to the Pacific and Indian Oceans, notable for their mutual relationship with sea a",,,noun:1,noun,False,0,,,,False,True,False,,,adjective-like (morphology),,,absent,,,
tant,2.18,0,0,1,A tantalum capacitor.,,,noun:1,noun,False,0,,,,False,True,False,,,,,,absent,,,
valk,2.18,0,0,1,valkyrie,,,noun:1,noun,False,0,,,,False,True,False,,,,,,absent,,,
microenvironment,2.18,0,0,3,A very small area that has different characteristics than its surroundings; the milieu (set of conditions) within this area.,,,noun:3,noun,False,1,NOUN,1.0,,False,True,False,,,,,,absent,,,
rappelling,2.18,0,1,1,A method used to descend heights with a rope.,,,noun:1;verb:1,noun,False,0,,,,False,True,False,,,"verb form (-ing, morphology)",,,absent,,,
dut,2.18,0,0,1,A snug woolly hat.,,,intj:1;noun:1,intj,False,0,,,,False,True,False,,,,,,absent,,,
sportsbook,2.18,0,0,1,"A place where a gambler can bet on various sports competitions; the company that runs it; the website that is its online presence. (Most such companies offer online betting, subject to geofencing by s",,,noun:1,noun,False,0,,,,False,True,False,,,,,,absent,,,
spurting,2.18,0,0,1,The act of something that spurts.,,,noun:1;verb:1,noun,False,0,,,,False,True,False,,,"verb form (-ing, morphology)",,,absent,,,
wheatland,2.18,0,0,1,An area where wheat is produced.,,,noun:1,noun,False,0,,,,False,True,False,,,,,,absent,,,
recordkeeping,2.18,0,1,1,"The creation, collection and management of records, especially of a business or governmental nature.",,,noun:1,noun,False,1,NOUN,1.0,,False,True,False,,,"verb form (-ing, morphology)",,,absent,,,
petre,2.18,0,1,2,saltpetre,pet regression,,noun:2,noun,True,0,,,,False,True,False,,,,,,absent,,,
bottega,2.18,0,0,1,A workshop or studio in Italy.,,,noun:1,noun,False,1,PROPN,0.0,,False,True,False,,,,,,absent,,,
hoovering,2.18,1,1,1,The act of cleaning using a vacuum cleaner.,,,noun:1;verb:1,noun,False,0,,,,False,True,False,,,"verb form (-ing, morphology)",,,absent,,,
netter,2.18,0,0,2,"One who nets (in any sense), or who uses a net.",,,noun:2,noun,False,0,,,,False,True,False,,,,,,absent,,,
guruji,2.18,0,0,1,A guru or spiritual teacher.,,,noun:1,noun,False,0,,,,False,True,False,,,,,,absent,,,
crutcher,2.18,0,0,2,A vessel in which the ingredients of soap are stirred with a crutch (form of prop).,,,noun:2,noun,False,1,PROPN,0.0,,False,True,False,,,,,,absent,,,
tiburon,2.18,0,0,1,"A shark; now specifically, Sphyrna tiburo or Negaprion brevirostris.",,,noun:1,noun,False,1,PROPN,0.0,,False,True,False,,,,,,absent,,,
gue,2.18,0,0,2,A kind of fiddle or violin played on the Shetland Islands.,,,noun:2,noun,False,0,,,,False,True,False,,,,,,absent,,,
datasheet,2.18,0,0,2,A document summarizing the performance and other technical characteristics of a product.,,,noun:2,noun,False,0,,,,False,True,False,,,,,,absent,,,
mutch,2.18,0,0,2,A nightcap (hat worn to bed).,,,noun:2,noun,False,0,,,,False,True,False,,,,,,absent,,,
homotopy,2.18,1,1,5,A continuous deformation of one continuous function or map to another.,homotopy theory,,noun:5,noun,True,0,,,,False,True,False,,,,,,absent,,,
traipsing,2.18,1,1,1,Laborious walking.,,,noun:1;verb:1,noun,False,2,VERB,0.0,,False,True,False,,,"verb form (-ing, morphology)",,,absent,,,
rukia,2.18,0,0,1,"Any bird of the genus Rukia, native to Micronesia.",,,noun:1,noun,False,0,,,,False,True,False,,,,,,absent,,,
embryogenesis,2.18,0,1,1,The process by which an embryo is formed and develops.,,,noun:1,noun,False,1,NOUN,1.0,,False,True,False,,,,,,absent,,,
churro,2.18,0,0,1,"A fried pastry from Spain, typically eaten as a dessert and with chocolate beverage.",,,noun:1,noun,False,0,,,,False,True,False,,,,,,absent,,,
anthro,2.18,1,1,3,Anthropology.,,,noun:3;adj:1,noun,False,0,,,,False,True,False,,,,,,absent,,,
ensuite,2.18,0,0,1,"A private bathroom connected to a bedroom, as in an apartment or hotel room.",,,adj:3;noun:1,adj,False,0,,,,False,True,False,,,,,,absent,,,
qutb,2.18,0,0,1,One of the Sufi spiritual leaders of a particular era.,,,noun:1,noun,False,0,,,,False,True,False,,,,,,absent,,,
intercooler,2.18,0,0,1,A heat-exchange device located between other devices or processes.,,,noun:1,noun,False,0,,,,False,True,False,,,,,,absent,,,
unibody,2.17,1,1,4,An automobile construction technique in which the body is integrated into a single unit with the chassis rather than having a separate body-on-frame.,,,noun:4,noun,False,0,,,,False,True,False,,,,,,absent,,,
unelectable,2.17,0,0,1,"A person who is unable, unlikely, or unfit to be elected to office.",,,adj:1;noun:1,adj,False,1,ADJ,0.0,,False,True,False,,,adjective-like (morphology),,,absent,,,
cliffside,2.17,0,0,1,The side of a cliff.,,,noun:1,noun,False,1,PROPN,0.0,,False,True,False,,,,,,absent,,,
catenin,2.17,0,0,1,Any of a class of proteins that have a role in cell adhesion.,,,noun:1,noun,False,0,,,,False,True,False,,,,,,absent,,,
earmuffs,2.17,0,0,1,"A headphone-like device designed to cover a person's ears for protection against cold or noise. They consist of a thermoplastic or metal head-band, that fits over the top of the head, and a pad at eac",,,noun:1,noun,False,1,NOUN,1.0,,False,True,False,NOUN,earmuff,,earmuff,,absent,,,
brickman,2.17,0,0,3,A brickmaker.,,,noun:3,noun,False,0,,,,False,True,False,,,,,,absent,,,
rooker,2.17,0,0,1,A person who rooks (cheats or swindles).,,,noun:1,noun,False,0,,,,False,True,False,,,,,,absent,,,
monotherapy,2.17,0,0,1,A therapy which is administered by itself,,,noun:1,noun,False,0,,,,False,True,False,,,,,,absent,,,
alco,2.17,0,0,2,"A small South American dog, domesticated by the natives, now thought to be extinct.",,,noun:2,noun,False,0,,,,False,True,False,,,,,,absent,,,
doy,2.17,0,0,1,A term of address to a young child.,,,intj:1;noun:1,intj,False,0,,,,False,True,False,,,,,,absent,,,
vives,2.17,0,1,1,"A disease of animals, especially horses, based in the glands under the ear, where a tumour is formed which sometimes ends in suppuration.",,,noun:1,noun,False,0,,,,False,True,False,,,,viv,,absent,,,
corpo,2.17,0,0,2,"A person, especially an executive, who works for or serves the interests of a big business or corporation.",,,noun:2,noun,False,0,,,,False,True,False,,,,,,absent,,,
germline,2.17,0,0,1,Those cells of an individual that have genetic material that could be passed to offspring; the source of gametes.,,,noun:1,noun,False,0,,,,False,True,False,,,,,,absent,,,
qubit,2.17,0,0,1,A quantum bit; the basic unit of quantum information described by a superposition of two states; a quantum bit in a quantum computer capable of being in a state of superposition; A binary qudit.,,,noun:1,noun,False,0,,,,False,True,False,,,,,,absent,,,
combinator,2.17,0,0,1,A lambda expression which has no free variables in it.,,,noun:1,noun,False,0,,,,False,True,False,,,,,,absent,,,
theming,2.17,1,1,1,The application of a theme.,,,noun:1;verb:1,noun,False,0,,,,False,True,False,,,"verb form (-ing, morphology)",,,absent,,,
emerg,2.17,0,0,1,The emergency department of a hospital.,,,noun:1,noun,False,0,,,,False,True,False,,,,,,absent,,,
emption,2.17,0,1,1,The act of buying; purchase.,,,noun:1,noun,False,0,,,,False,True,False,,,,,,absent,,,
emptier,2.17,0,0,1,"A person who, or device which empties.",,,adj:1;noun:1,adj,False,2,ADJ,0.0,,False,True,False,ADJ;NOUN,empty,"noun, also adjective",,,absent,,,
stapling,2.17,0,0,1,The act by which something is stapled.,,,noun:1;verb:1,noun,False,1,NOUN,1.0,,False,True,False,NOUN;VERB,,"noun, also verb",,,absent,,,
adamantium,2.17,0,1,1,A fictional metal which is indestructible or nearly so.,,,noun:1,noun,False,0,,,,False,True,False,,,,,,absent,,,
toko,2.17,0,1,2,"A shop in the Netherlands selling mainly Asian food products, and generally Asian- or Indo-European-owned.",toco,,noun:2,noun,False,0,,,,False,True,False,,,,,,absent,,,
defensor,2.17,0,0,3,one who defends; a defender,,,noun:3,noun,False,0,,,,False,True,False,,,,,,absent,,,
teil,2.17,0,0,1,"The lime tree, or linden.",,,noun:1,noun,False,0,,,,False,True,False,,,,,,absent,,,
danza,2.17,0,1,1,A Puerto Rican music genre associated with ballroom dancing.,,,noun:1,noun,False,0,,,,False,True,False,,,,,,absent,,,
transfection,2.17,1,1,1,The introduction of foreign genetic material (such as DNA or RNA) into a eukaryotic cell.,,,noun:1,noun,False,0,,,,False,True,False,,,,,,absent,,,
laneway,2.17,0,0,1,A narrow roadway; a lane,,,noun:1,noun,False,0,,,,False,True,False,,,,,,absent,,,
loveday,2.17,0,0,2,A day appointed for a meeting intended to amicably resolve a dispute; also the meeting held on such a day.,,,noun:2,noun,False,0,,,,False,True,False,,,,,,absent,,,
interdimensional,2.17,0,0,1,A hypothetical being that can move between dimensions.,,,adj:1;noun:1,adj,False,0,,,,False,True,False,,,adjective-like (morphology),,,absent,,,
cineplex,2.17,0,0,1,A cinema having multiple theatres (showing rooms).,,,noun:1,noun,False,2,PROPN,0.0,,False,True,False,,,,,,absent,,,
darr,2.17,0,0,1,"A bird, the black tern.",,,noun:1,noun,False,0,,,,False,True,False,,,,,,absent,,,
pitter,2.17,0,0,1,A device that removes pits from fruit such as olives or cherries.,,,noun:1;verb:1,noun,False,0,,,,False,True,False,,,,,,absent,,,
pils,2.17,1,1,1,Pilsner.,,,noun:1,noun,False,1,NOUN,1.0,,False,True,False,,,,,,absent,,,
marceline,2.17,1,1,1,A thin silk fabric used for linings etc. in hats and ladies' dresses.,,,noun:1,noun,False,0,,,,False,True,False,,,,,,absent,,,
genny,2.17,0,0,2,A person from the suburbs who moves to a low-income urban area.,,,noun:2,noun,False,0,,,,False,True,False,,,,,,absent,,,
snowmobiling,2.17,0,1,1,The use of a snowmobile for amusement.,,,noun:1,noun,False,0,,,,False,True,False,NOUN,,,,,absent,,,
mero,2.17,0,0,2,Any of several large groupers of warm seas.,,,noun:2,noun,False,0,,,,False,True,False,,,,,,absent,,,
sug,2.17,0,0,1,sugar; sweetheart (as a term of endearment),,,noun:1;verb:1,noun,False,0,,,,False,True,False,,,,,,absent,,,
stallman,2.17,0,0,2,"A male stallholder, especially one who sells books.",,,noun:2,noun,False,0,,,,False,True,False,,,,,,absent,,,
rito,2.17,0,1,2,"The young leaves of the coconut palm, used in traditional weaving in the Pacific.",,,noun:2,noun,False,0,,,,False,True,False,,,,,,absent,,,
homescreen,2.17,0,0,1,The main or first interface shown in a graphical user interface.,,,noun:1,noun,False,0,,,,False,True,False,,,,,,absent,,,
manju,2.17,0,0,1,"A traditional Japanese confection; most have an outside made from flour, rice powder, kudzu, and buckwheat, and a filling of red bean paste, usually made from boiled azuki beans and sugar; in Hawaii, ",,,noun:1,noun,False,1,PROPN,0.0,,False,True,False,,,,,,absent,,,
heartedness,2.17,1,1,2,The state or quality of being hearted.,,,noun:2,noun,False,0,,,,False,True,False,,,,,,absent,,,
boulanger,2.17,1,1,1,Eggplant; aubergine.,,,noun:1,noun,False,0,,,,False,True,False,,,,,,absent,,,
espada,2.17,0,0,1,A matador.,,,noun:1,noun,False,0,,,,False,True,False,,,,,,absent,,,
archy,2.16,0,1,1,A political theory or practice that supports hierarchy and authority; the opposite of anarchy.,,,adj:1;noun:1,adj,False,0,,,,False,True,False,,,,,,absent,,,
dione,2.16,0,0,1,diketone,,,noun:1,noun,False,0,,,,False,True,False,,,,,,absent,,,
odum,2.16,0,0,1,"Synonym of mvule (""a tree of species Milicia excelsa"")",,,noun:1,noun,False,0,,,,False,True,False,,,,,,absent,,,
cama,2.16,0,0,1,A hybrid animal produced by breeding a camel and a llama.,,,noun:1,noun,False,0,,,,False,True,False,,,,,,absent,,,
homestand,2.16,0,0,1,A series of games played at a team's home field,,,noun:1,noun,False,0,,,,False,True,False,,,,,,absent,,,
earworm,2.16,0,0,3,"A tune that keeps replaying in one's head or that one keeps thinking about, especially if unwanted.",corn earworm,,noun:3,noun,True,0,,,,False,True,False,,,,,,absent,,,
chaya,2.16,0,0,3,A teahouse in Japan.,,,noun:3,noun,False,0,,,,False,True,False,,,,,,absent,,,
kayser,2.16,0,0,1,"A unit of wavenumber in the CGS system of units, equivalent to the number of waves in one centimeter.",,,noun:1,noun,False,0,,,,False,True,False,,,,,,absent,,,
sexo,2.16,0,1,2,A sexual offender.,,,noun:2,noun,False,0,,,,False,True,False,,,,,,absent,,,
lovat,2.16,1,1,1,A dusty blue-green colour.,,,adj:1;noun:1,adj,False,0,,,,False,True,False,,,,,,absent,,,
piledriver,2.16,0,0,4,A very hard shot.,pile driver,,noun:4,noun,False,0,,,,False,True,False,,,,,,absent,,,
chook,2.16,0,0,4,"A chicken, especially a hen.",,,noun:4;intj:2,noun,False,0,,,,False,True,False,,,,,,absent,,,
trackside,2.16,0,0,1,The area that borders a track.,,,adj:1;noun:1,adj,False,0,,,,False,True,False,,,,,,absent,,,
kanga,2.16,0,0,3,"A comb, required to be worn at all times by Sikhs, one of the five Ks.",,,noun:3,noun,False,0,,,,False,True,False,,,,,,absent,,,
ebit,2.16,0,0,1,An entangled bit (in a quantum computer),,,noun:1,noun,False,0,,,,False,True,False,,,,,,absent,,,
dalal,2.16,0,0,1,A broker; a middleman.,,,noun:1,noun,False,0,,,,False,True,False,,,,,,absent,,,
orl,2.16,0,0,2,An alder tree.,,,noun:2;adv:1,noun,False,0,,,,False,True,False,,,,,,absent,,,
fod,2.16,0,0,1,"forehead, particularly a large one",,,noun:1,noun,False,0,,,,False,True,False,,,,,,absent,,,
metastable,2.16,0,0,1,"A particle, etc. in the metastable state.",,,adj:1;noun:1,adj,False,0,,,,False,True,False,,,adjective-like (morphology),,,absent,,,
ranga,2.16,0,0,1,An orange-haired or red-haired person.,,,noun:1,noun,False,0,,,,False,True,False,,,,,,absent,,,
agung,2.16,0,0,1,A gong used in the Philippines and Indonesia.,,,noun:1,noun,False,0,,,,False,True,False,,,,,,absent,,,
lumpkin,2.16,0,0,1,"A clumsy, heavy, stupid, silly or blundering person.",,,noun:1,noun,False,0,,,,False,True,False,,,,,,absent,,,
renate,2.16,0,0,1,Any animal with a kidney.,,,adj:1;noun:1;verb:1,adj,False,0,,,,False,True,False,,,,,,absent,,,
cyclocross,2.16,0,1,1,"A form of bicycle racing consisting of many laps of a short course featuring pavement, wooded trails, grass, steep hills and obstacles and requiring the rider to quickly dismount, carry the bike whils",,,noun:1,noun,False,0,,,,False,True,False,,,,,,absent,,,
ansa,2.16,0,0,2,"The most protruding part of planetary rings as seen from a distance, perceived to project like handles on either side of the disc of the planet.",,,noun:2;adj:1,noun,False,0,,,,False,True,False,,,,,,absent,,,
gummer,2.16,0,0,3,A person or machine that applies gum.,,,noun:3,noun,False,0,,,,False,True,False,,,,,,absent,,,
agroforestry,2.16,0,1,1,An agricultural approach of using the interactive benefits from combining trees and shrubs with crops and/or livestock.,,,noun:1,noun,False,0,,,,False,True,False,,,,,,absent,,,
haplogroup,2.16,0,0,1,A group of closely related haplotypes.,,,noun:1,noun,False,0,,,,False,True,False,,,,,,absent,,,
paperwhite,2.16,0,0,2,"A bulbous perennial, of species Narcissus papyraceus, native to the Mediterranean region, with fragrant bunches of white flowers.",,,noun:2,noun,False,0,,,,False,True,False,,,,,,absent,,,
autocar,2.16,0,0,1,A road vehicle powered by steam or electricity rather than by traction.,,,noun:1,noun,False,0,,,,False,True,False,,,,,,absent,,,
incognita,2.16,0,0,2,A woman who is unknown or in disguise.,,,noun:2;adj:1,noun,False,0,,,,False,True,False,,,,,,absent,,,
moksha,2.16,0,1,1,"In Indian philosophy and theology, the final liberation of the soul or consciousness from samsara and the bringing to an end of all the suffering involved in being subject to the cycle of reincarnatio",,,noun:1,noun,False,0,,,,False,True,False,,,,,,absent,,,
enviro,2.16,0,0,1,An ecofreak.,,,noun:1,noun,False,0,,,,False,True,False,,,,,,absent,,,
denuclearization,2.16,1,1,1,The act or process of denuclearizing.,,,noun:1,noun,False,0,,,,False,True,False,,,,,,absent,,,
benda,2.16,0,0,1,"An old Guinean unit of mass, equivalent to 0.0642 kilograms.",,,noun:1,noun,False,1,PROPN,0.0,,False,True,False,,,,,,absent,,,
samiti,2.16,0,0,1,A local political association,,,noun:1,noun,False,0,,,,False,True,False,,,,,,absent,,,
yachty,2.16,0,0,1,A yachtsman or yachtswoman.,,,adj:1;noun:1,adj,False,0,,,,False,True,False,,,,,,absent,,,
paclitaxel,2.16,0,1,1,"A taxane antineoplastic drug C₄₇H₅₁NO₁₄ originally isolated from the bark of the Pacific yew, Taxus brevifolia, but now typically derived as a semisynthetic product of the English yew; it interferes w",,,noun:1,noun,False,0,,,,False,True,False,,,,,,absent,,,
frontcourt,2.16,0,0,2,The half of the court where a team's offensive basket is located.,,,noun:2,noun,False,0,,,,False,True,False,,,,,,absent,,,
bullcrap,2.16,0,1,1,Bullshit.,,,noun:1;verb:1,noun,False,0,,,,False,True,False,,,,,,absent,,,
princeps,2.16,0,0,3,The title of the Roman emperor during the principate.,,,noun:3,noun,False,0,,,,False,True,False,,,,,,absent,,,
matsu,2.16,0,0,1,"Pinus thunbergii, the Japanese pine.",,,noun:1,noun,False,1,PROPN,0.0,,False,True,False,,,,,,absent,,,
bester,2.16,0,0,1,A fraudulent bookmaker.,,,adj:1;noun:1,adj,False,1,PROPN,0.0,,False,True,False,,,,,,absent,,,
gotch,2.16,0,0,1,Men's underwear.,,,noun:1,noun,False,0,,,,False,True,False,,,,,,absent,,,
bandura,2.16,0,0,1,"A Ukrainian plucked stringed instrument with a tear-shaped body, like an asymmetrical lute or a vertical zither, which is played with both hands while held upright on the lap.",,,noun:1,noun,False,0,,,,False,True,False,,,,,,absent,,,
gamertag,2.16,0,0,1,A pseudonym by which an individual playing an online game with others is identified,,,noun:1,noun,False,0,,,,False,True,False,,,,,,absent,,,
derecho,2.16,0,0,1,"A windstorm characterized by strong, straight-line winds.",,,noun:1,noun,False,0,,,,False,True,False,,,,,,absent,,,
culottes,2.16,0,0,1,A type of loose shorts which look like a skirt; a divided skirt.,,,noun:1,noun,False,0,,,,False,True,False,NOUN,culotte,,culotte,,absent,,,
bridie,2.16,0,0,1,"A Scottish meat pastry, similar to a Cornish pasty.",,,noun:1,noun,False,0,,,,False,True,False,,,,,,absent,,,
nametag,2.16,0,0,1,A tag with one's name inscribed on it.,,,noun:1,noun,False,0,,,,False,True,False,,,,,,absent,,,
mailroom,2.16,0,0,1,A room used for receiving and (usually) sending mail.,,,noun:1,noun,False,0,,,,False,True,False,,,,,,absent,,,
chron,2.15,0,0,1,A period of time between two geomagnetic reversals.,,,noun:1,noun,False,1,PROPN,0.0,,False,True,False,,,,,,absent,,,
horcrux,2.15,0,0,2,"In Harry Potter, an object in which a wizard has concealed a part of their soul through magic, rendering them immortal until the object is irreparably damaged or destroyed.",,,noun:2,noun,False,0,,,,False,True,False,,,,,,absent,,,
tule,2.15,0,0,2,"Any of a number of large freshwater sedges of western North America formerly classified in the genus Scirpus, but now mostly as Schoenoplectus",,,noun:2,noun,False,0,,,,False,True,False,,,,,,absent,,,
olay,2.15,1,1,1,"palm leaves, prepared for being written upon with a steel-tipped stylus",,,noun:1,noun,False,0,,,,False,True,False,,,,,,absent,,,
bisphenol,2.15,0,0,1,"Any of a class of organic compounds, derived from methylenediphenol, CH₂(C₆H₄OH)₂, formed by the condensation of a phenol with an aldehyde or ketone.",,,noun:1,noun,False,0,,,,False,True,False,,,,,,absent,,,
khon,2.15,0,1,1,A Thai form of dance with music and narration.,,,noun:1,noun,False,0,,,,False,True,False,,,,,,absent,,,
murr,2.15,0,0,2,A catarrh.,,,noun:2;adj:1;verb:1,noun,False,0,,,,False,True,False,,,,,,absent,,,
hythe,2.15,0,0,1,A landing-place in a river; a harbour or small port.,,,noun:1,noun,False,0,,,,False,True,False,,,,,,absent,,,
brazing,2.15,1,1,2,A method of joining metals by using heat and a filler,,,noun:2;verb:1,noun,False,0,,,,False,True,False,,,"verb form (-ing, morphology)",,,absent,,,
kegel,2.15,0,0,2,The pubococcygeal muscles.,,,noun:2;verb:1,noun,True,0,,,,False,True,False,,,,,,absent,,,
quadrupole,2.15,0,0,2,A distribution of either electric charge or magnetization equivalent to two dipoles that point in opposite directions.,,,noun:2,noun,False,0,,,,False,True,False,,,,,,absent,,,
tweaker,2.15,0,0,5,A person who tweaks something.,,,noun:5,noun,False,0,,,,False,True,False,,,,,,absent,,,
brinkman,2.15,0,0,1,One who advocates for brinkmanship.,,,noun:1,noun,False,0,,,,False,True,False,,,,,,absent,,,
susu,2.15,0,0,1,"An informal money pooling scheme practised in Africa, the Caribbean, and some immigrant communities.",,,noun:1,noun,False,0,,,,False,True,False,,,,,,absent,,,
yoi,2.15,0,1,2,"A preparatory position in karate, with the arms slightly forward, elbows slightly bent, and fists closed.",,,noun:2,noun,False,0,,,,False,True,False,,,,,,absent,,,
roon,2.15,0,0,1,A shred or remnant (usually of cloth).,,,adj:1;noun:1,adj,False,0,,,,False,True,False,,,,,,absent,,,
negara,2.15,0,0,1,A constituent state of Indonesia when it was under Dutch control.,,,noun:1,noun,False,0,,,,False,True,False,,,,,,absent,,,
denialism,2.15,0,1,1,"The practice of rejecting propositions which are strongly supported by scientific or historical evidence, and often of seeking to influence policy processes and outcomes accordingly.",,,noun:1,noun,False,0,,,,False,True,False,,,,,,absent,,,
waterworld,2.15,0,0,1,A planet or other large environment that is dominated by water.,,,noun:1,noun,False,0,,,,False,True,False,,,,,,absent,,,
weta,2.15,0,0,1,"Any of about 70 insect species in the families Anostostomatidae and Rhaphidophoridae, endemic to New Zealand, resembling katydids or crickets.",,,noun:1,noun,False,0,,,,False,True,False,,,,,,absent,,,
pano,2.15,0,1,2,A panoramic image.,,,noun:2,noun,False,0,,,,False,True,False,,,,,,absent,,,
moka,2.15,0,1,2,A moka pot.,,,noun:2,noun,False,0,,,,False,True,False,,,,,,absent,,,
ricker,2.15,0,0,1,"A thick pole for use in making a rick, or for a spar to a boat.",,,noun:1,noun,False,0,,,,False,True,False,,,,,,absent,,,
crewmember,2.15,0,0,1,A member of a crew.,,,noun:1,noun,False,11,NOUN,1.0,,False,True,False,,,,,,absent,,,
parkrun,2.15,1,1,1,An informal weekly 5 km (2 km for junior parkrun) running event that takes place in a park or similar location.,,,noun:1;verb:1,noun,False,0,,,,False,True,False,,,,,,absent,,,
energetics,2.15,0,1,3,The field of study focused on the flow and transformation of energy.,,,noun:3,noun,False,1,NOUN,1.0,,False,True,False,,,,energetic,,absent,,,
sango,2.15,0,0,2,A sandwich.,,,noun:2,noun,False,0,,,,False,True,False,,,,,,absent,,,
leatherman,2.15,0,0,3,"A member of a homosexual male subculture that grew out of male-only motorcycle clubs formed by homosexual veterans returning from World War II, stressing masculinity in contradiction to androgynous an",,,noun:3,noun,False,1,PROPN,0.0,,False,True,False,,,,,,absent,,,
delt,2.15,0,0,1,The deltoid muscle.,,,noun:1;verb:1,noun,False,0,,,,False,True,False,,,,,,absent,,,
taupo,2.15,0,0,1,"In Samoan culture, a ceremonial virgin, the daughter of a village chief.",,,noun:1,noun,False,0,,,,False,True,False,,,,,,absent,,,
makan,2.15,0,1,1,Food.,,,noun:1;verb:1,noun,False,0,,,,False,True,False,,,,,,absent,,,
higashi,2.15,0,0,4,The (more prestigious) right-hand side of the banzuke.,,,noun:4,noun,False,0,,,,False,True,False,,,,,,absent,,,
samsonite,2.15,0,1,1,"A black, monoclinic silver manganese antimony sulfosalt mineral.",,,noun:1,noun,False,0,,,,False,True,False,,,,,,absent,,,
homeware,2.15,1,1,1,"Furnishings for the home, such as furniture and cushions.",,,noun:1,noun,False,0,,,,False,True,False,,,,,,absent,,,
jobsite,2.15,0,0,1,"A physical location where work is done, especially construction work.",,,noun:1,noun,False,1,NOUN,1.0,,False,True,False,,,,,,absent,,,
gigafactory,2.15,0,0,2,A very large manufacturing facility.,,,noun:2,noun,False,0,,,,False,True,False,,,,,,absent,,,
trialling,2.15,0,1,2,The process of running a trial; an experiment or pilot.,,,noun:2;verb:1,noun,False,0,,,,False,True,False,,,"verb form (-ing, morphology)",,,absent,,,
hooley,2.15,0,0,2,"A noisy celebration or party; also, an evening of traditional music and dance.",,,noun:2,noun,False,0,,,,False,True,False,,,,,,absent,,,
chitra,2.15,0,1,2,A sandfly.,,,noun:2,noun,False,0,,,,False,True,False,,,,,,absent,,,
chiao,2.15,0,1,1,A Taoist ritual of cosmic renewal.,,,noun:1,noun,False,0,,,,False,True,False,,,,,,absent,,,
duchesse,2.15,1,1,4,A French duchess.,duchesse lace,,noun:4,noun,True,0,,,,False,True,False,,,,,,absent,,,
raad,2.15,0,0,2,An assembly in one of the Boer republics of South Africa.,,,noun:2,noun,False,0,,,,False,True,False,,,,,,absent,,,
sambal,2.15,1,1,1,A hot relish made from chili peppers and other ingredients.,,,noun:1,noun,False,0,,,,False,True,False,,,adjective-like (morphology),,,absent,,,
propionate,2.15,0,0,1,Any salt or ester of propionic acid.,,,noun:1,noun,False,2,NOUN,1.0,,False,True,False,,,,,,absent,,,
kampung,2.15,0,0,2,A traditional village.,,,noun:2,noun,False,0,,,,False,True,False,,,,,,absent,,,
designator,2.15,0,0,2,"A person who, or term that, designates.",,,noun:2,noun,False,0,,,,False,True,False,,,,,,absent,,,
fuckwit,2.15,0,0,2,A very stupid person.,,,noun:2,noun,False,0,,,,False,True,False,,,,,,absent,,,
bundt,2.15,0,0,1,"A baking pan with a hollow, circular, raised area in the middle.",,,noun:1,noun,False,0,,,,False,True,False,,,,,,absent,,,
cocksucking,2.15,0,1,1,Fellatio.,,,adj:1;noun:1;verb:1,adj,False,0,,,,False,True,False,,,"verb form (-ing, morphology)",,,absent,,,
coro,2.15,0,0,1,Syllabic abbreviation of coroutine.,,,noun:1,noun,False,0,,,,False,True,False,,,,,,absent,,,
recalibration,2.14,1,1,1,"A second, subsequent, or corrected calibration.",,,noun:1,noun,False,0,,,,False,True,False,,,,,,absent,,,
dural,2.14,0,1,1,Synonym of duralumin.,,,adj:1;noun:1,adj,False,0,,,,False,True,False,,,,,,absent,,,
drumline,2.14,0,0,1,"A group of percussionists in a marching band, consisting of the battery and front ensemble.",,,noun:1,noun,False,0,,,,False,True,False,,,,,,absent,,,
rehoming,2.14,0,0,1,The process of finding a new home for somebody.,,,noun:1;verb:1,noun,False,0,,,,False,True,False,,,"verb form (-ing, morphology)",,,absent,,,
germplasm,2.14,1,1,1,"Seeds or tissues maintained for the purpose of animal or plant breeding, preservation or other research uses.",,,noun:1,noun,False,0,,,,False,True,False,,,,,,absent,,,
longlist,2.14,0,0,1,"An initial, relatively long, shortlist, from which a further shortlist is selected.",,,noun:1;verb:1,noun,False,0,,,,False,True,False,,,,,,absent,,,
betamax,2.14,0,0,2,a Betamax (videocassette tape),,,noun:2,noun,False,0,,,,False,True,False,,,,,,absent,,,
suboxone,2.14,0,1,1,"A combination drug of buprenorphine and naloxone, used to treat opiate addictions.",,,noun:1,noun,False,0,,,,False,True,False,,,,,,absent,,,
kartel,2.14,0,0,2,A German industrial cartel.,,,noun:2,noun,False,0,,,,False,True,False,,,,,,absent,,,
plunket,2.14,1,1,1,Synonym of blunket.,,,noun:1,noun,False,0,,,,False,True,False,,,,,,absent,,,
wookie,2.14,0,0,2,"Wookiee, Wookie (a tall hairy humanoid fictional race from Star Wars)",,,noun:2,noun,False,1,PROPN,0.0,,False,True,False,,,,,,absent,,,
ahu,2.14,0,0,2,"The goitered gazelle, Gazella subgutturosa.",,,noun:2,noun,False,0,,,,False,True,False,,,,,,absent,,,
seinen,2.14,0,0,1,"A kind of manga written for an older male audience, generally 18-30 years old (and older).",,,noun:1,noun,False,0,,,,False,True,False,,,,,,absent,,,
relaunching,2.14,0,0,1,A second or subsequent launching.,,,noun:1;verb:1,noun,False,0,,,,False,True,False,,,"verb form (-ing, morphology)",,,absent,,,
campanella,2.14,0,0,1,A smallish suspended bell used in medieval monastic cloisters.,,,noun:1,noun,False,0,,,,False,True,False,,,,,,absent,,,
shraddha,2.14,1,1,1,"A Hindu ceremony performed in commemoration of one's deceased relatives, especially a parent.",,,noun:1,noun,False,0,,,,False,True,False,,,,,,absent,,,
owler,2.14,0,0,2,The alder tree.,,,noun:2,noun,False,0,,,,False,True,False,,,,,,absent,,,
backman,2.14,0,0,1,A defender in Australian rules football.,,,noun:1,noun,False,0,,,,False,True,False,,,,,,absent,,,
hapa,2.14,0,0,2,"A person of mixed ethnic heritage, especially half East or Southeast Asian or Pacific Islander and half White.",,,noun:2,noun,False,0,,,,False,True,False,,,,,,absent,,,
tanjung,2.14,0,0,1,A cape; a headland.,,,noun:1,noun,False,0,,,,False,True,False,,,,,,absent,,,
blueline,2.14,0,0,1,"A reproduction of the material submitted for printing, computer-generated or printed from film, provided to the customer for approval before the material is printed.",,,verb:6;noun:1,verb,False,0,,,,False,True,False,,,,,,absent,,,
toolset,2.14,0,0,2,A collection of tools; a toolkit.,,,noun:2,noun,False,0,,,,False,True,False,,,,,,absent,,,
gaster,2.14,0,0,2,The stomach.,,,noun:2,noun,False,0,,,,False,True,False,,,,,,absent,,,
demain,2.14,0,0,1,"A demesne, especially the ancient demesne claimed by William the Conqueror.",,,noun:1,noun,False,0,,,,False,True,False,,,,,,absent,,,
yandere,2.14,0,0,1,"A character, usually a girl, who has an obsessive and possessive side regarding their crush, ready to use violent (if not murderous) means to maintain an exclusive bond.",,,noun:1,noun,False,0,,,,False,True,False,,,,,,absent,,,
alif,2.14,0,0,1,The first letter of the Arabic alphabet: ا (ʔalif).,,,noun:1,noun,False,0,,,,False,True,False,,,,,,absent,,,
sawgrass,2.14,0,0,1,"Any of several Cladium species, long sedges with saw-like sharp, serrated edges, such as Cladium californicum, Cladium jamaicense, and Cladium mariscoides",,,noun:1,noun,False,0,,,,False,True,False,,,,,,absent,,,
starman,2.14,0,0,3,A spaceman.,,,noun:3,noun,False,0,,,,False,True,False,,,,,,absent,,,
sloot,2.14,0,0,3,A ditch.,,,noun:3,noun,False,0,,,,False,True,False,,,,,,absent,,,
fromage,2.14,1,1,1,Synonym of cheese.,,,noun:1,noun,False,0,,,,False,True,False,,,,,,absent,,,
cleantech,2.14,1,1,1,Technologies that support increased productivity or profitability while also reducing resource consumption or pollution.,,,noun:1,noun,False,0,,,,False,True,False,,,,,,absent,,,
cohomology,2.14,1,1,2,"A method of contravariantly associating a family of invariant quotient groups to each algebraic or geometric object of a category, including categories of geometric and algebraic objects.",,,noun:2,noun,False,0,,,,False,True,False,,,,,,absent,,,
enum,2.14,0,0,1,An enumeration.,,,noun:1,noun,False,0,,,,False,True,False,,,,,,absent,,,
stickman,2.14,0,0,8,A simple drawing of a man with lines to represent limbs and torso.,,,noun:8,noun,False,1,NOUN,1.0,,False,True,False,,,,,,absent,,,
lightbox,2.14,0,0,5,"A box containing a source of light and a white, translucent cover, used to view photographic transparencies.",,,noun:5,noun,False,0,,,,False,True,False,,,,,,absent,,,
bruschetta,2.14,1,1,1,"A light Italian dish of toasted bread with a topping of olive oil, garlic and chopped tomatoes.",,,noun:1,noun,False,0,,,,False,True,False,,,,,,absent,,,
bergh,2.14,0,0,1,A hill.,,,noun:1,noun,False,2,PROPN,0.0,,False,True,False,,,,,,absent,,,
aji,2.14,1,1,5,"A spicy Peruvian sauce, often containing tomatoes, cilantro, hot peppers, and onions.",,,noun:5,noun,False,0,,,,False,True,False,,,,,,absent,,,
kanal,2.14,0,0,1,"A unit of area used in parts of northern India and in Pakistan, equivalent to one eighth of an acre.",,,noun:1,noun,False,0,,,,False,True,False,,,,,,absent,,,
venta,2.14,0,0,1,A roadside inn in Spain.,,,noun:1,noun,False,1,PROPN,0.0,,False,True,False,,,,,,absent,,,
aisling,2.14,0,0,1,"A kind of Irish poem, developed during the late 17th and 18th centuries, in which Ireland appears to the poet in a vision in the form of a woman, lamenting the state of the Irish people and predicting",,,noun:1,noun,False,0,,,,False,True,False,,,"verb form (-ing, morphology)",,,absent,,,
neurodegeneration,2.14,1,1,1,The degeneration (and death) of neurons.,,,noun:1,noun,False,0,,,,False,True,False,,,,,,absent,,,
pecorino,2.14,1,1,1,Any of a family of Italian hard cheeses made from ewe's milk.,,,noun:1,noun,False,0,,,,False,True,False,,,,,,absent,,,
grandy,2.14,0,0,1,A grandparent: either a grandfather or a grandmother.,,,noun:1,noun,False,0,,,,False,True,False,,,,,,absent,,,
chandu,2.14,0,1,1,Opium prepared for smoking.,,,noun:1,noun,False,0,,,,False,True,False,,,,,,absent,,,
rudge,2.14,0,0,1,A partridge.,,,noun:1,noun,False,0,,,,False,True,False,,,,,,absent,,,
cavorting,2.14,0,0,1,The action of the verb to cavort,,,noun:1;verb:1,noun,False,2,NOUN,0.5,,False,True,False,,,"verb form (-ing, morphology)",,,absent,,,
abdo,2.13,0,1,1,Abdomen.,,,adj:1;noun:1,adj,False,0,,,,False,True,False,,,,,,absent,,,
chateaubriand,2.13,1,1,1,"A thick, juicy cut from the center of a beef tenderloin.",,,noun:1,noun,False,0,,,,False,True,False,,,,,,absent,,,
webtoon,2.13,0,0,2,An animated cartoon published on the World Wide Web.,,,noun:2,noun,False,0,,,,False,True,False,,,,,,absent,,,
bricker,2.13,0,0,2,A brickmaker.,,,noun:2,noun,False,1,PROPN,0.0,,False,True,False,,,,,,absent,,,
blathering,2.13,0,0,2,Incoherent or foolish talk.,,,noun:2;verb:1,noun,False,0,,,,False,True,False,,,"verb form (-ing, morphology)",,,absent,,,
lightman,2.13,0,0,1,A man who carries or takes care of a light.,,,noun:1,noun,False,0,,,,False,True,False,,,,,,absent,,,
donat,2.13,0,0,2,A rank in some knightly orders.,,,noun:2,noun,False,0,,,,False,True,False,,,,,,absent,,,
albo,2.13,0,0,1,An Albanian.,,,noun:1,noun,False,0,,,,False,True,False,,,,,,absent,,,
clindamycin,2.13,0,1,1,"A lincosamide antibiotic drug C₁₈H₃₃ClN₂O₅S, mostly used to treat infections with anaerobic bacteria.",,,noun:1,noun,False,0,,,,False,True,False,,,,,,absent,,,
dek,2.13,0,0,1,The subhead of a news story.,,,noun:1;num:1,noun,False,0,,,,False,True,False,,,,,,absent,,,
tepe,2.13,0,0,1,"hill, tell",,,noun:1,noun,False,0,,,,False,True,False,,,,,,absent,,,
goji,2.13,0,0,1,"A fruit in the genus Lycium, especially in commercial products where it is promoted as a superfruit.",,,noun:1,noun,False,0,,,,False,True,False,,,,,,absent,,,
winer,2.13,0,0,1,A person who habitually drinks wine.,,,noun:1,noun,False,0,,,,False,True,False,,,,,,absent,,,
fogle,2.13,0,0,1,A handkerchief.,,,noun:1,noun,False,0,,,,False,True,False,,,,,,absent,,,
amala,2.13,0,1,1,"A thick paste made from yam or cassava flour, eaten chiefly in Yoruba cuisine.",,,noun:1,noun,False,0,,,,False,True,False,,,,,,absent,,,
moyen,2.13,1,1,1,Intercession; intervention.,,,noun:1,noun,False,0,,,,False,True,False,,,,,,absent,,,
longus,2.13,0,0,1,A long muscle in the body.,,,noun:1,noun,False,0,,,,False,True,False,,,,,,absent,,,
longa,2.13,0,0,1,A musical note equal to two (or occasionally three) breves or whole notes.,,,noun:1;prep:1,noun,False,0,,,,False,True,False,,,,,,absent,,,
hepatology,2.13,0,1,1,"The study or treatment of the liver, gallbladder, and pancreas.",,,noun:1,noun,False,0,,,,False,True,False,,,,,,absent,,,
everclear,2.13,0,1,1,"Any home-brewed distilled grain alcohol, especially one with a very high concentration of alcohol (such as 90-some percent, that is, 180-some proof); but generally not one rife with impurities or adul",,,noun:1,noun,False,0,,,,False,True,False,,,,,,absent,,,
lacrimal,2.13,0,0,2,Ellipsis of lacrimal bone.,lacrimal bone,,adj:2;noun:2,adj,True,0,,,,False,True,False,ADJ;NOUN,,"noun, also adjective",,,absent,,,
lackland,2.13,0,0,1,A person who does not own land.,,,noun:1,noun,False,0,,,,False,True,False,,,,,,absent,,,
biogeochemical,2.13,0,0,1,A geochemical of biological origin.,,,adj:1;noun:1,adj,False,0,,,,False,True,False,,,adjective-like (morphology),,,absent,,,
superset,2.13,0,0,2,"(symbol: ⊇) With respect to another set, a set such that each of the elements of the other set is also an element of the set.",,,noun:2;verb:1,noun,False,0,,,,False,True,False,,,,,,absent,,,
basho,2.13,0,0,1,A sumo tournament of any kind.,,,noun:1,noun,False,0,,,,False,True,False,,,,,,absent,,,
multipoint,2.13,0,0,1,A collection of points treated as a single object.,,,adj:3;noun:1,adj,False,1,NOUN,1.0,,False,True,False,,,,,,absent,,,
koku,2.13,0,0,2,"A unit of measure in feudal Japan, the amount of rice needed to feed one person for a year.",,,noun:2,noun,False,0,,,,False,True,False,,,,,,absent,,,
bossman,2.13,0,0,3,A male boss or employer.,,,noun:3,noun,False,1,NOUN,1.0,,False,True,False,,,,,,absent,,,
asswipe,2.13,1,1,2,"An annoying, contemptible, or worthless person.",,,noun:2,noun,False,0,,,,False,True,False,,,,,,absent,,,
marikina,2.13,0,0,1,"A small marmoset, the golden lion tamarin, Leontopithecus rosalia.",,,noun:1,noun,False,0,,,,False,True,False,,,,,,absent,,,
bubby,2.13,0,0,3,A woman's breast.,bubbe,,noun:3,noun,False,0,,,,False,True,False,,,,,,absent,,,
toty,2.13,0,0,1,A low-caste laborer hired as a messenger etc.,,,noun:1,noun,False,0,,,,False,True,False,,,,,,absent,,,
nunu,2.13,0,0,5,A true bug (or a similar other bug).,,,noun:5,noun,False,0,,,,False,True,False,,,,,,absent,,,
pollan,2.13,0,0,1,"A freshwater fish, Coregonus pollan, resembling a herring",,,noun:1,noun,False,0,,,,False,True,False,,,,,,absent,,,
karuna,2.13,0,1,1,Compassion; mercy.,,,noun:1,noun,False,0,,,,False,True,False,,,,,,absent,,,
zale,2.13,0,0,1,Any of the genus Zale of erebid moths.,,,noun:1,noun,False,0,,,,False,True,False,,,,,,absent,,,
kultur,2.13,0,1,1,"German culture or civilization, especially seen as authoritarian or racist during the period of world wars (1914-18 and 1939-45)",,,noun:1,noun,False,0,,,,False,True,False,,,,,,absent,,,
kitab,2.13,0,0,1,An Islamic book.,,,noun:1,noun,False,0,,,,False,True,False,,,,,,absent,,,
whooshing,2.12,0,0,1,A sound or motion that whooshes.,,,noun:1;verb:1,noun,False,0,,,,False,True,False,,,"verb form (-ing, morphology)",,,absent,,,
crossman,2.12,0,0,1,"A thief, forger, or other criminal.",,,noun:1,noun,False,2,PROPN,0.0,,False,True,False,,,,,,absent,,,
routh,2.12,0,0,1,"Plenty, abundance.",,,noun:1,noun,False,0,,,,False,True,False,,,,,,absent,,,
neer,2.12,0,0,1,(anatomy) Kidney.,,,noun:1,noun,False,0,,,,False,True,False,,,,,,absent,,,
telepath,2.12,0,0,1,"A person with telepathic ability, capable of reading the thoughts of others around them. Telepaths also have the ability to project thought.",,,noun:1;verb:1,noun,False,0,,,,False,True,False,,,,,,absent,,,
cumbia,2.12,0,1,1,"A traditional style of Colombian dance and music, or a piece in this style.",,,noun:1,noun,False,0,,,,False,True,False,,,,,,absent,,,
pickpocketing,2.12,1,1,1,The act of stealing from the pocket of a passerby; the crime committed by a pickpocket.,,,noun:1;verb:1,noun,False,0,,,,False,True,False,,,"verb form (-ing, morphology)",,,absent,,,
nym,2.12,0,0,1,A pseudonym used when posting messages.,,,noun:1,noun,False,0,,,,False,True,False,,,,,,absent,,,
kra,2.12,0,0,2,"The letter Κʻ or ĸ, formerly used to write the Kalaallisut language of Greenland, replaced in 1973 by the letter q.",,,noun:2,noun,False,0,,,,False,True,False,,,,,,absent,,,
garba,2.12,1,1,1,"A form of dance from the state of Gujarat in India, performed in a circle often around a lamp.",,,noun:1,noun,False,0,,,,False,True,False,,,,,,absent,,,
fucktard,2.12,0,0,1,An extraordinarily stupid person.,,,noun:1,noun,False,0,,,,False,True,False,,,,,,absent,,,
blart,2.12,0,0,1,A loud noise or cry.,,,verb:2;noun:1,verb,False,0,,,,False,True,False,,,,,,absent,,,
bullshitter,2.12,0,0,1,"Someone who lies or exaggerates a lot, especially in order to preserve or enhance their reputation.",,,noun:1,noun,False,0,,,,False,True,False,,,,,,absent,,,
chay,2.12,0,0,2,A chaise (horse-drawn carriage).,,,noun:2,noun,False,0,,,,False,True,False,,,,,,absent,,,
pottinger,2.12,0,0,1,Synonym of porringer (“a small cup or bowl”).,,,noun:1,noun,False,0,,,,False,True,False,,,,,,absent,,,
beeman,2.12,0,0,1,"One who tends bees, usually as an occupation; beekeeper.",,,noun:1,noun,False,0,,,,False,True,False,,,,,,absent,,,
ocha,2.12,0,1,1,"Japanese tea, usually green tea.",,,noun:1,noun,False,0,,,,False,True,False,,,,,,absent,,,
taba,2.12,1,1,1,"A lump of dried tobacco, occasionally mixed with other recreational drugs, placed in the vagina for its stimulating effects.",,,noun:1,noun,False,0,,,,False,True,False,,,,,,absent,,,
woodie,2.12,0,0,6,"An early station wagon or estate car whose rear bodywork is made of wood, often associated with Southern California surfing culture.",,,noun:6,noun,False,0,,,,False,True,False,,,,,,absent,,,
ansible,2.12,0,0,1,"A hypothetical device that enables users to communicate instantaneously across great distances; that is, a faster-than-light communication device.",,,noun:1,noun,False,0,,,,False,True,False,,,adjective-like (morphology),,,absent,,,
clemence,2.12,0,1,1,Synonym of clemency.,,,noun:1,noun,False,1,PROPN,0.0,,False,True,False,,,,,,absent,,,
linsey,2.12,1,1,2,A cloth made of linen and wool.,,,noun:2,noun,False,0,,,,False,True,False,,,,,,absent,,,
chok,2.12,0,0,1,A law or commandment without a comprehensible explanation or purpose.,,,noun:1,noun,False,1,PROPN,0.0,,False,True,False,,,,,,absent,,,
tretinoin,2.12,0,1,1,"The all-trans isomer of retinoic acid that is applied to the skin to treat severe acne and reduce facial wrinkles, roughness, and pigmented spots.",,,noun:1,noun,False,0,,,,False,True,False,,,,,,absent,,,
vani,2.12,0,1,1,"A custom in parts of Pakistan where girls, often minors, are given in marriage or servitude to an aggrieved family as compensation for a dispute, often over murder.",,,noun:1,noun,False,0,,,,False,True,False,,,,,,absent,,,
mazza,2.12,1,1,2,Madness; something that is mad; a crazy situation.,meze,,noun:2,noun,False,1,PROPN,0.0,,False,True,False,,,,,,absent,,,
maza,2.12,0,0,1,An Ancient Greek barley cake.,,,noun:1,noun,False,0,,,,False,True,False,,,,,,absent,,,
harmonia,2.12,0,0,2,"A harmonic mode in ancient Greek music, characterized by a particular set of chords and rhythmic patterns.",,,noun:2,noun,False,0,,,,False,True,False,,,,,,absent,,,
blabbering,2.12,0,0,1,Foolish or incoherent talk; blather; babble.,,,noun:1;verb:1,noun,False,0,,,,False,True,False,,,"verb form (-ing, morphology)",,,absent,,,
kayfabe,2.12,0,1,2,"The act, situation, or code of portraying staged events, performances, rivalries, etc as authentic or spontaneous.",,,noun:2;adj:1;verb:1,noun,False,0,,,,False,True,False,,,,,,absent,,,
outcall,2.12,0,0,2,"A visit by a provider of some service, such as a massage therapist or a prostitute, to a client.",,,noun:2;verb:1,noun,False,0,,,,False,True,False,,,,,,absent,,,
poling,2.12,1,1,3,The act of supporting or of propelling by means of a pole or poles.,,,noun:3;verb:1,noun,False,2,VERB,0.0,,False,True,False,NOUN;VERB,,"noun, also verb",,,absent,,,
kilian,2.12,0,0,1,A type of ice dance performed by a pair of skaters side-by-side,,,noun:1,noun,False,0,,,,False,True,False,,,,,,absent,,,
lakin,2.12,0,0,2,A toy.,ladykin,,noun:2,noun,False,0,,,,False,True,False,,,,,,absent,,,
gose,2.12,1,1,1,"A beer brewed since the 16th century, in Goslar and later Leipzig, with malted wheat, salt, and coriander.",,,noun:1,noun,False,0,,,,False,True,False,,,,,,absent,,,
backhaul,2.12,1,1,4,A return trip after delivery of cargo.,,,noun:4;verb:1,noun,False,0,,,,False,True,False,,,,,,absent,,,
shiel,2.12,0,0,2,A shepherd's hut or shieling.,,,noun:2;verb:1,noun,False,0,,,,False,True,False,,,,,,absent,,,
megalodon,2.12,0,0,1,A species of extinct shark that lived during the Miocene and Pliocene epochs (†Otodus megalodon).,,,noun:1,noun,False,0,,,,False,True,False,,,,,,absent,,,
cambio,2.12,0,0,1,bureau de change; currency exchange,,,noun:1,noun,False,0,,,,False,True,False,,,,,,absent,,,
triforce,2.12,0,0,1,"A shape composed of three equilateral triangles arranged in such a manner that a fourth triangle of identical size, but pointing the opposite direction, could fit between them.",,,noun:1;verb:1,noun,False,0,,,,False,True,False,,,,,,absent,,,
aromatase,2.12,1,1,1,An enzyme responsible for aromatization of androgen hormones into estrogens.,,,noun:1,noun,False,0,,,,False,True,False,,,,,,absent,,,
proteasome,2.12,0,0,1,"A complex protein, found in bacterial, archeal and eukaryotic cells, that breaks down other proteins via proteolysis.",,,noun:1,noun,False,0,,,,False,True,False,,,,,,absent,,,
paar,2.12,0,0,1,"A hypothesized shifting of four geologic blocks: northeast Africa west of Red Sea and north of the Ethiopian valley, the Arabian Peninsula, the Sinai Peninsula, and the Horn of Africa east of the rift",,,noun:1,noun,False,0,,,,False,True,False,,,,,,absent,,,
finca,2.12,0,0,1,"A country estate, farm or ranch in Spain or Hispanic America.",,,noun:1,noun,False,0,,,,False,True,False,,,,,,absent,,,
finasteride,2.12,0,1,1,A medication used to treat male pattern baldness and benign prostatic hyperplasia in males.,,,noun:1,noun,False,0,,,,False,True,False,,,,,,absent,,,
ogi,2.12,0,1,1,"A fermented cereal porridge from West Africa, typically made from maize, sorghum, or millet.",,,noun:1,noun,False,0,,,,False,True,False,,,,,,absent,,,
ratu,2.12,0,0,1,A Fijian chief or chiefly titleholder.,,,noun:1,noun,False,0,,,,False,True,False,,,,,,absent,,,
railgun,2.12,0,0,3,An electromagnetic gun that uses a large electrical current to propel a projectile down a track of two parallel conductive rails.,,,noun:3,noun,False,0,,,,False,True,False,,,,,,absent,,,
shutup,2.12,0,0,1,A steep canyon in the Solitario region of Texas in the United States.,,,noun:1;verb:1,noun,False,0,,,,False,True,False,,,,,,absent,,,
ingo,2.12,0,0,3,"The frame of a door, window, fireplace, or similar structure.",,,noun:3,noun,False,2,PROPN,0.0,,False,True,False,,,,,,absent,,,
nanoscience,2.12,1,1,1,The underlying science of nanotechnology.,,,noun:1,noun,False,0,,,,False,True,False,,,,,,absent,,,
creepypasta,2.12,1,1,1,"Frightening urban legends and short stories in the horror genre, circulated on the Internet.",,,noun:1,noun,False,0,,,,False,True,False,,,,,,absent,,,
shaadi,2.12,1,1,2,Synonym of wedding.,,,noun:2,noun,False,0,,,,False,True,False,,,,,,absent,,,
brune,2.12,0,0,1,A brunette.,,,adj:1;noun:1,adj,False,0,,,,False,True,False,,,,,,absent,,,
amm,2.11,0,0,1,Synonym of amnesia (a potent sativa-dominant strain of marijuana).,,,noun:1,noun,False,0,,,,False,True,False,,,,,,absent,,,
bootable,2.11,0,0,1,A disk or other medium from which the system can be booted.,,,adj:1;noun:1,adj,False,0,,,,False,True,False,,,adjective-like (morphology),,,absent,,,
crosslinking,2.11,1,1,1,Synonym of crosslinkage.,,,noun:1;verb:1,noun,False,1,VERB,0.0,,False,True,False,,,"verb form (-ing, morphology)",,,absent,,,
amba,2.11,0,1,2,"A characteristic landform in Ethiopia: a steep-sided, flat-topped mountain, often the site of a settlement.",,,noun:2,noun,False,0,,,,False,True,False,,,,,,absent,,,
pib,2.11,0,0,1,Synonym of pibgorn.,,,noun:1,noun,False,0,,,,False,True,False,,,,,,absent,,,
matsuri,2.11,0,0,1,A Japanese festival.,,,noun:1,noun,False,0,,,,False,True,False,,,,,,absent,,,
immunohistochemical,2.11,0,0,1,Any immunological histochemical,,,adj:1;noun:1,adj,False,0,,,,False,True,False,,,adjective-like (morphology),,,absent,,,
cyclase,2.11,0,0,1,Any enzyme that catalyzes the cyclization of a compound,,,noun:1,noun,False,1,NOUN,1.0,,False,True,False,,,,,,absent,,,
sny,2.11,0,0,3,Upward curving observed in the planks of a wooden ship or boat.,,,noun:3;verb:2,noun,False,1,PROPN,0.0,,False,True,False,,,,,,absent,,,
panton,2.11,0,0,2,"A horseshoe to correct a narrow, hoofbound heel.",,,noun:2,noun,False,0,,,,False,True,False,,,,,,absent,,,
mikan,2.11,0,0,1,"An orange seedless citrus fruit Citrus unshiu, originating from Japan, about the size of a tangerine.",,,noun:1,noun,False,0,,,,False,True,False,,,,,,absent,,,
handwashing,2.11,1,1,1,The washing of one's hands.,,,noun:1;verb:1,noun,False,0,,,,False,True,False,,,"verb form (-ing, morphology)",,,absent,,,
malu,2.11,0,0,1,A culturally significant tattoo on a Samoan woman's upper leg.,,,adj:1;noun:1,adj,False,0,,,,False,True,False,,,,,,absent,,,
lalla,2.11,0,0,4,"In Persia, a kind of domestic tutor.",,,noun:4,noun,False,0,,,,False,True,False,,,,,,absent,,,
screamo,2.11,0,1,4,"A genre of aggressive lo-fi guitar-driven music with predominantly screaming vocals, while preserving structural aspects of the emocore/hardcore emo genres of the early 1990's.",,,noun:4,noun,False,1,PROPN,0.0,,False,True,False,,,,,,absent,,,
seamer,2.11,0,0,3,A person who sews seams.,,,noun:3,noun,False,0,,,,False,True,False,,,,,,absent,,,
anju,2.11,0,1,1,Korean food consumed with alcohol.,,,noun:1,noun,False,0,,,,False,True,False,,,,,,absent,,,
sitch,2.11,0,0,2,"A brook; an occasional small waterway: a ditch, a gutter or drain; a ravine.",,,noun:2;det:1,noun,False,0,,,,False,True,False,,,,,,absent,,,
lilliput,2.11,0,0,1,"Any of various small freshwater mussels of the genus Toxolasma, found mainly in the southeastern United States.",,,noun:1,noun,False,0,,,,False,True,False,,,,,,absent,,,
kickboxer,2.11,0,0,1,One who practices the martial art of kickboxing.,,,noun:1,noun,False,0,,,,False,True,False,,,,,,absent,,,
insigne,2.11,0,0,1,An insignia.,,,noun:1,noun,False,0,,,,False,True,False,NOUN,,,,,absent,,,
impactor,2.11,0,0,2,"Any of several machines or devices in which a part impacts on another, or on a material.",,,noun:2,noun,False,0,,,,False,True,False,,,,,,absent,,,
sefer,2.11,0,0,1,"A book, especially a religious book.",,,noun:1,noun,False,0,,,,False,True,False,,,,,,absent,,,
troponin,2.11,1,1,1,"A heterotrimeric regulatory protein complex found in the thin filaments of striated muscle fibers, including both skeletal and cardiac muscle, that controls calcium-mediated muscle contraction.",,,noun:1,noun,False,0,,,,False,True,False,,,,,,absent,,,
decluttering,2.11,1,1,1,"The act or process of removing clutter; tidying, removing unwanted or messy items from a given place.",,,noun:1;verb:1,noun,False,0,,,,False,True,False,,,"verb form (-ing, morphology)",,,absent,,,
homebuilding,2.11,0,1,1,The part of the construction industry concerned with building individual homes.,,,noun:1,noun,False,1,ADJ,0.0,,False,True,False,,,"verb form (-ing, morphology)",,,absent,,,
menudo,2.11,1,1,2,A traditional Mexican soup made with tripe and chili peppers.,,,noun:2,noun,False,0,,,,False,True,False,,,,,,absent,,,
bolas,2.11,0,0,2,"A throwing weapon made of weights on the ends of interconnected cords, designed to capture animals by entangling their legs.",,,noun:2,noun,False,0,,,,False,True,False,NOUN,bola,,,,absent,,,
looove,2.11,0,1,1,Elongated form of love.,,,noun:1;verb:1,noun,False,0,,,,False,True,False,,,,,,absent,,,
shearling,2.11,0,0,2,A sheep that has been shorn for the first time,,,noun:2,noun,False,0,,,,False,True,False,,,"verb form (-ing, morphology)",,,absent,,,
garrow,2.11,0,0,1,Garo people,,,noun:1,noun,False,0,,,,False,True,False,,,,,,absent,,,
aguinaldo,2.11,1,1,6,A gift given at Christmas or at the Feast of the Epiphany.,,,noun:6,noun,False,0,,,,False,True,False,,,,,,absent,,,
beka,2.11,0,0,1,"an ancient Biblical unit of weight, half a shekel",,,noun:1,noun,False,0,,,,False,True,False,,,,,,absent,,,
timespan,2.11,0,0,1,An interval of time.,,,noun:1,noun,False,0,,,,False,True,False,,,,,,absent,,,
rogaine,2.11,0,0,1,A session of the sport of rogaining.,,,noun:1,noun,False,0,,,,False,True,False,,,,,,absent,,,
balrog,2.11,0,0,1,A fiery demonic creature.,,,noun:1,noun,False,0,,,,False,True,False,,,,,,absent,,,
ouroboros,2.11,0,0,2,"A serpent, dragon or worm that eats its own tail, a representation of the continuous cycle of life and death.",,,noun:2,noun,False,0,,,,False,True,False,,,,,,absent,,,
gugu,2.11,0,0,1,A Filipino.,,,noun:1,noun,False,0,,,,False,True,False,,,,,,absent,,,
kaisa,2.11,0,1,1,A variant of the game billiards played chiefly in Finland and Russia.,,,noun:1,noun,False,0,,,,False,True,False,,,,,,absent,,,
hoochie,2.11,0,0,7,A woman who dresses scantily or in a revealing fashion.,hutchie,,noun:7,noun,False,0,,,,False,True,False,,,,,,absent,,,
backscatter,2.11,1,1,4,The deflection of particles or radiation through angles greater than 90 degrees to the original direction of travel.,,,noun:4;verb:1,noun,False,0,,,,False,True,False,,,,,,absent,,,
shero,2.11,0,0,1,A female hero.,,,noun:1,noun,False,0,,,,False,True,False,,,,,,absent,,,
ube,2.11,0,1,1,"The purple yam, Dioscorea alata.",,,noun:1,noun,False,0,,,,False,True,False,,,,,,absent,,,
whitestone,2.11,1,1,2,A light-coloured stone formerly used for scrubbing.,,,noun:2;verb:1,noun,False,0,,,,False,True,False,,,,,,absent,,,
diphosphate,2.11,0,0,2,any salt or ester containing two phosphate groups,,,noun:2,noun,False,0,,,,False,True,False,,,,,,absent,,,
yester,2.1,1,1,1,Yesterday.,,,adj:1;adv:1;noun:1,adj,False,0,,,,False,True,False,,,,,,absent,,,
pepito,2.1,0,0,2,"A sandwich of Spanish origin and popular in Latin America, made with beef, pork, or chicken.",,,noun:2,noun,False,0,,,,False,True,False,,,,,,absent,,,
doke,2.1,0,0,1,A dimple or dint.,,,noun:1,noun,False,0,,,,False,True,False,,,,,,absent,,,
lene,2.1,0,0,2,The smooth breathing (spiritus lenis).,,,noun:2,noun,False,0,,,,False,True,False,,,,,,absent,,,
juvie,2.1,1,1,2,Synonym of juvenile hall (a youth detention centre).,,,noun:2,noun,False,0,,,,False,True,False,,,,,,absent,,,
caca,2.1,0,1,1,Excrement; feces.,,,noun:1,noun,False,1,NOUN,1.0,,False,True,False,,,,,,absent,,,
elastomeric,2.1,0,0,1,"An elastomeric item, especially an elastomeric ligature used in orthodontics.",,,adj:1;noun:1,adj,False,0,,,,False,True,False,,,adjective-like (morphology),,,absent,,,
munshi,2.1,0,0,2,A clerk or secretary.,,,noun:2,noun,False,0,,,,False,True,False,,,,,,absent,,,
genderqueer,2.1,0,0,1,Someone who is genderqueer.,,,adj:1;noun:1;verb:1,adj,False,0,,,,False,True,False,,,,,,absent,,,
shuriken,2.1,0,0,1,"A dart or throwing blade, sometimes with multiple points, used as a weapon by ninja (or samurai).",,,noun:1,noun,False,0,,,,False,True,False,,,,,,absent,,,
winterbourne,2.1,0,0,1,"A stream that only flows in winter or after wet weather, particularly in an area rich in limestone.",,,noun:1,noun,False,0,,,,False,True,False,,,,,,absent,,,
wingsuit,2.1,0,0,1,"A special jumpsuit, used in extreme sports like a parachute, which adds surface area to the wearer's body to create lift.",,,noun:1,noun,False,0,,,,False,True,False,,,,,,absent,,,
opo,2.1,0,0,1,The calabash or bottle gourd.,,,noun:1,noun,False,0,,,,False,True,False,,,,,,absent,,,
carrow,2.1,0,0,1,A gambler in Ireland.,,,noun:1,noun,False,0,,,,False,True,False,,,,,,absent,,,
longline,2.1,0,0,3,"Gear consisting of a long and thick mainline, with baited hooks attached at intervals by means of branch lines called snoods or gangions.",,,noun:3;adj:1;verb:1,noun,False,1,NOUN,1.0,,False,True,False,,,,,,absent,,,
cienega,2.1,0,0,1,A marshy spring where groundwater bubbles to the surface.,,,noun:1,noun,False,0,,,,False,True,False,,,,,,absent,,,
chaudhuri,2.1,0,0,1,A leader or representative of a group of traders.,,,noun:1,noun,False,0,,,,False,True,False,,,,,,absent,,,
carine,2.1,0,0,1,A keel.,,,noun:1,noun,False,0,,,,False,True,False,,,,,,absent,,,
immer,2.1,0,0,1,A bird in genus Gavia.,,,noun:1,noun,False,0,,,,False,True,False,,,,,,absent,,,
jerkoff,2.1,0,0,2,"Someone who behaves obnoxiously, rudely, inappropriately, or is ignorant of certain social norms, usually a male.",,,noun:2,noun,False,0,,,,False,True,False,,,,,,absent,,,
snus,2.1,0,1,1,"A type of tobacco snuff consumed in the form of a moist powder which is placed under the (usually upper) lip, without chewing, for extended periods of time.",,,noun:1,noun,False,0,,,,False,True,False,,,,,,absent,,,
wau,2.1,0,0,1,Digamma (Ϝ/ϝ).,,,noun:1,noun,False,0,,,,False,True,False,,,,,,absent,,,
negroni,2.1,0,0,1,"A cocktail consisting of gin, Campari and vermouth, usually in equal parts.",,,noun:1,noun,False,0,,,,False,True,False,,,,,,absent,,,
zolpidem,2.1,0,1,1,A sedative and hypnotic drug administered orally in the form of its tartrate (C₁₉H₂₁N₃O)₂·C₄H₆O₆ in the short-term treatment of insomnia.,,,noun:1,noun,False,0,,,,False,True,False,,,,,,absent,,,
rotorcraft,2.1,0,0,1,Any aircraft that obtains its lift from rotors (usually either a helicopter or an aerial drone with rotors).,,,noun:1,noun,False,0,,,,False,True,False,,,,,,absent,,,
biller,2.1,0,0,2,An issuer of a bill.,,,noun:2,noun,False,0,,,,False,True,False,,,,,,absent,,,
binny,2.1,0,0,1,"Niger barb (Labeobarbus bynni or Barbus bynni), a species of yellowfish found in the Nile.",,,noun:1,noun,False,0,,,,False,True,False,,,,,,absent,,,
darl,2.1,0,0,1,darling (as a term of address),,,noun:1,noun,False,0,,,,False,True,False,,,,,,absent,,,
mantri,2.1,0,0,1,A minister or high official.,,,noun:1,noun,False,0,,,,False,True,False,,,,,,absent,,,
gatekeeping,2.1,0,1,1,"The act or process of limiting another party's participation in a collective identity or an activity, usually due to undue pettiness, resentment, selfishness, complacency, or overprotectiveness.",,,noun:1;verb:1,noun,False,0,,,,False,True,False,,,"verb form (-ing, morphology)",,,absent,,,
cueing,2.1,1,1,1,The act or process by which something is cued.,,,noun:1;verb:1,noun,False,0,,,,False,True,False,NOUN;VERB,,"noun, also verb",,,absent,,,
mija,2.1,0,0,1,A term of endearment for a woman or girl.,,,noun:1,noun,False,0,,,,False,True,False,,,,,,absent,,,
roguelike,2.1,0,0,1,"Any of a genre of computer role playing games loosely characterized by various characteristics such as randomised environment generation, permadeath, turn-based movement, text-based or primitive tile-",,,adj:1;noun:1,adj,False,0,,,,False,True,False,,,,,,absent,,,
warg,2.1,0,0,1,A type of particularly wild or hostile wolf.,,,verb:2;noun:1,verb,False,0,,,,False,True,False,,,,,,absent,,,
flipboard,2.1,0,0,1,"A set of cards hinged together on an easel, used in making presentations.",,,noun:1,noun,False,0,,,,False,True,False,,,,,,absent,,,
helly,2.1,0,0,1,Synonym of hell.,,,adj:1;noun:1,adj,False,0,,,,False,True,False,,,,,,absent,,,
riverrun,2.1,0,0,1,The course a river shapes through a landscape,,,noun:1,noun,False,0,,,,False,True,False,,,,,,absent,,,
inari,2.1,0,1,1,A type of sushi with rice wrapped in a pouch of fried tofu (aburaage).,,,noun:1,noun,False,0,,,,False,True,False,,,,,,absent,,,
bacha,2.1,0,0,1,A dancing boy in parts of Central Asia.,,,noun:1,noun,False,0,,,,False,True,False,,,,,,absent,,,
regio,2.1,0,0,2,Any large area of a planet or moon that is strongly differentiated from neighbouring areas by colour or albedo.,,,noun:2,noun,False,0,,,,False,True,False,,,,,,absent,,,
jobseeker,2.1,0,0,2,A person seeking employment.,,,noun:2,noun,False,0,,,,False,True,False,,,,,,absent,,,
dorf,2.1,0,0,3,A village in a German-speaking area.,,,noun:3,noun,False,0,,,,False,True,False,,,,,,absent,,,
mardy,2.1,0,0,1,"A sulky, whiny mood; a fit of petulance.",,,adj:2;noun:1,adj,False,0,,,,False,True,False,,,,,,absent,,,
penton,2.09,0,0,1,A pentagonal capsomere of an adenovirus capsid.,,,noun:1,noun,False,0,,,,False,True,False,,,,,,absent,,,
pern,2.09,0,0,2,"Part of a spinning wheel, a conical spool onto which the thread is wound from the spindle.",,,noun:2;verb:1,noun,False,0,,,,False,True,False,,,,,,absent,,,
perdita,2.09,0,0,1,A woman who has fallen into prostitution.,,,noun:1,noun,False,0,,,,False,True,False,,,,,,absent,,,
zhe,2.09,0,0,1,"The letter Ж, ж.",,,noun:1,noun,False,0,,,,False,True,False,,,,,,absent,,,
umrah,2.09,0,0,1,"A minor hajj, a lesser pilgrimage to Mecca, other than at the time of the hajj.",,,noun:1,noun,False,0,,,,False,True,False,,,,,,absent,,,
chaebol,2.09,0,0,1,"A large, family-controlled, South Korean business conglomerate.",,,noun:1,noun,False,0,,,,False,True,False,,,,,,absent,,,
diene,2.09,0,0,1,"An organic compound, especially a hydrocarbon, containing two double bonds.",,,noun:1,noun,False,0,,,,False,True,False,,,,,,absent,,,
bandgap,2.09,0,0,2,The energy difference between two allowed ranges of electron energy in a solid; especially the difference between the energies of the valence band and the conduction band.,,,noun:2,noun,False,0,,,,False,True,False,,,,,,absent,,,
moche,2.09,0,0,1,An imported package of spun silk.,,,noun:1,noun,False,0,,,,False,True,False,,,,,,absent,,,
glucan,2.09,0,0,1,Any polysaccharide that is a polymer of glucose,,,noun:1,noun,False,0,,,,False,True,False,,,,,,absent,,,
subnational,2.09,0,0,1,A region or organization that operates within a subdivision of a nation.,,,adj:1;noun:1,adj,False,0,,,,False,True,False,,,adjective-like (morphology),,,absent,,,
grouting,2.09,1,1,2,An application of grout.,,,noun:2;verb:1,noun,False,0,,,,False,True,False,,,"verb form (-ing, morphology)",,,absent,,,
carbonite,2.09,1,1,3,"An explosive manufactured from a variety of materials, including nitroglycerine, wood meal and nitrates.",,,noun:3,noun,False,0,,,,False,True,False,,,,,,absent,,,
puh,2.09,0,0,1,Filter-avoidance spelling of pussy.,,,intj:1;noun:1,intj,False,0,,,,False,True,False,,,,,,absent,,,
psoriatic,2.09,0,0,1,A person who has psoriasis.,,,adj:1;noun:1,adj,False,0,,,,False,True,False,,,adjective-like (morphology),,,absent,,,
neuroplasticity,2.09,1,1,1,"The state or quality of being neuroplastic, of having a brain that adapts to experience.",,,noun:1,noun,False,0,,,,False,True,False,,,,,,absent,,,
wavefunction,2.09,0,0,1,"A mathematical function that describes the propagation of the quantum mechanical wave associated with a particle (or system of particles), related to the probability of finding the particle in a parti",,,noun:1,noun,False,0,,,,False,True,False,,,,,,absent,,,
fister,2.09,0,0,1,Someone who takes part in the sexual practice of fisting.,,,noun:1,noun,False,0,,,,False,True,False,,,,,,absent,,,
crosser,2.09,0,0,1,Someone who crosses; agent noun of cross,,,adj:1;noun:1,adj,False,0,,,,False,True,False,ADJ;NOUN,cross,"noun, also adjective",,,absent,,,
overconsumption,2.09,0,1,1,Excessive consumption.,,,noun:1,noun,False,0,,,,False,True,False,,,,,,absent,,,
overgrazing,2.09,1,1,1,Excessive grazing to an extent that the land is damaged.,,,noun:1;verb:1,noun,False,1,VERB,0.0,,False,True,False,,,"verb form (-ing, morphology)",,,absent,,,
wonderboy,2.09,0,0,1,"A male child prodigy, or (loosely) a talented male of any age.",,,noun:1,noun,False,0,,,,False,True,False,,,,,,absent,,,
sherm,2.09,1,1,3,The drug phencyclidine (PCP).,,,noun:3,noun,False,0,,,,False,True,False,,,,,,absent,,,
underinsured,2.09,0,0,1,One who has insufficient insurance.,,,adj:2;noun:1,adj,False,0,,,,False,True,False,,,"verb form (-ed, morphology)",,,absent,,,
bote,2.09,1,1,3,"Atonement, compensation, amends, satisfaction; as, manbote, a compensation for a man slain.",,,noun:3,noun,False,0,,,,False,True,False,,,,,,absent,,,
untreatable,2.09,0,0,1,A person with a condition that cannot be treated.,,,adj:1;noun:1,adj,False,0,,,,False,True,False,,,adjective-like (morphology),,,absent,,,
adda,2.09,0,0,2,An informal meeting place for conversation.,,,noun:2,noun,False,0,,,,False,True,False,,,,,,absent,,,
tarin,2.09,0,0,1,"A bird, the siskin.",,,noun:1,noun,False,0,,,,False,True,False,,,,,,absent,,,
bungo,2.09,0,1,3,"A Japanese written language established mainly during the Heian period, circa 900–1200 C.E., and commonly used until circa 1900.",,,noun:3,noun,False,0,,,,False,True,False,,,,,,absent,,,
pantanal,2.09,0,0,1,"A marsh (a broad, flat area with pools of water and trees) in the Pantanal region of South America.",,,noun:1,noun,False,0,,,,False,True,False,,,adjective-like (morphology),,,absent,,,
milam,2.09,0,1,1,Synonym of dream yoga.,,,noun:1,noun,False,0,,,,False,True,False,,,,,,absent,,,
moley,2.09,1,1,1,A kind of coconut curry from Madras.,,,adj:2;noun:1,adj,False,0,,,,False,True,False,,,,,,absent,,,
clonazepam,2.09,0,1,1,A benzodiazepine with potent anticonvulsant used especially in the treatment of epilepsy and other seizure disorders; C₁₅H₁₀ClN₃O₃. It is the generic name for Klonopin. It is a derivative of nitrazepa,,,noun:1,noun,False,0,,,,False,True,False,,,,,,absent,,,
livestreaming,2.09,1,1,1,The act or practice of broadcasting an event live over the Internet.,,,noun:1;verb:1,noun,False,0,,,,False,True,False,,,"verb form (-ing, morphology)",,,absent,,,
dala,2.09,0,0,1,"The currency of Hawaii between 1847 and 1898, equal to the United States dollar.",,,noun:1,noun,False,0,,,,False,True,False,,,,,,absent,,,
dle,2.09,0,0,1,"A short, daily web-based guessing game or puzzle, especially one of many played one after another.",,,noun:1,noun,False,0,,,,False,True,False,,,,,,absent,,,
reshoot,2.09,0,0,1,An instance of reshooting.,,,noun:1;verb:1,noun,False,0,,,,False,True,False,,,,,,absent,,,
tooltip,2.09,0,0,1,An element of a graphical user interface in the form of a box of text that appears when a cursor is made to hover over an item; normally used to explain the function of the item.,,,verb:2;noun:1,verb,False,0,,,,False,True,False,,,,,,absent,,,
havering,2.09,0,1,1,"Indecision, indecisive behaviour.",,,adj:2;noun:1;verb:1,adj,False,0,,,,False,True,False,,,"verb form (-ing, morphology)",,,absent,,,
tinkler,2.09,0,0,3,A small bell.,,,noun:3,noun,False,0,,,,False,True,False,,,,,,absent,,,
cishet,2.09,0,0,1,A cisgender and heterosexual person.,,,adj:1;noun:1,adj,False,0,,,,False,True,False,,,,,,absent,,,
breading,2.09,1,1,1,"The coating of a thin slice of meat in flour, egg and breadcrumbs prior to frying",,,noun:1;verb:1,noun,False,0,,,,False,True,False,,,"verb form (-ing, morphology)",,,absent,,,
reupload,2.09,0,0,1,A second or subsequent upload.,,,noun:1;verb:1,noun,False,0,,,,False,True,False,,,,,,absent,,,
nomos,2.09,0,0,2,"The body of law, especially that governing human behaviour.",,,noun:2,noun,False,0,,,,False,True,False,,,,,,absent,,,
katsura,2.09,0,0,1,"One of two species of trees in the genus Cercidiphyllum, most commonly Cercidiphyllum japonicum, one of the largest trees in Asia.",,,noun:1,noun,False,0,,,,False,True,False,,,,,,absent,,,
mansa,2.09,0,0,1,A king of ancient Mali.,,,noun:1,noun,False,0,,,,False,True,False,,,,,,absent,,,
headbutting,2.09,1,1,1,The act of giving a headbutt.,,,noun:1;verb:1,noun,False,0,,,,False,True,False,,,"verb form (-ing, morphology)",,,absent,,,
sory,2.08,0,1,1,"iron(II) sulfate, or some earth impregnated with it",,,adj:1;noun:1,adj,False,0,,,,False,True,False,,,,,,absent,,,
discal,2.08,0,0,1,The central area of an insect's elytron or wing.,,,adj:2;noun:1,adj,False,0,,,,False,True,False,,,adjective-like (morphology),,,absent,,,
chemokine,2.08,0,0,1,"Any of various chemotactic cytokines, produced during inflammation, that organize the leukocytes.",,,noun:1,noun,False,0,,,,False,True,False,,,,,,absent,,,
upregulation,2.08,1,1,1,"The process, in the regulation of gene expression, in which the number, or activity of receptors increases in order to increase sensitivity.",,,noun:1,noun,False,2,NOUN,1.0,,False,True,False,,,,,,absent,,,
stell,2.08,0,0,4,A place; station.,,,noun:4;verb:2,noun,False,0,,,,False,True,False,,,,,,absent,,,
vivax,2.08,0,1,1,Malaria caused by the parasite Plasmodium vivax.,,,noun:1,noun,False,0,,,,False,True,False,,,,,,absent,,,
playfield,2.08,0,0,3,A playing field.,,,noun:3,noun,False,0,,,,False,True,False,,,,,,absent,,,
kuh,2.08,0,0,1,The sound produced in English by the letter k or a hard c.,,,noun:1,noun,False,0,,,,False,True,False,,,,,,absent,,,
misr,2.08,0,0,1,"An Arab frontier outpost or garrison town, chiefly in the period of early Islamic expansion.",,,noun:1,noun,False,0,,,,False,True,False,,,,,,absent,,,
popolo,2.08,1,1,2,black nightshade (Solanum nigrum).,,,noun:2,noun,False,0,,,,False,True,False,,,,,,absent,,,
fugazi,2.08,0,0,1,"A thing or (less commonly) a person that is fake; a fake, a fraud.",,,adj:2;noun:1,adj,False,0,,,,False,True,False,,,,,,absent,,,
polyclonal,2.08,0,0,1,Synonym of polyclonal antibody.,,,adj:1;noun:1,adj,False,1,NOUN,1.0,,False,True,False,,,adjective-like (morphology),,,absent,,,
underperformance,2.08,0,1,1,The state or quality of underperforming,,,noun:1,noun,False,0,,,,False,True,False,,,,,,absent,,,
unbundling,2.08,1,1,1,The process by which something is unbundled.,,,noun:1;verb:1,noun,False,0,,,,False,True,False,,,"verb form (-ing, morphology)",,,absent,,,
starbase,2.08,0,0,2,"A base (for trading, military operations, etc.) located in space, among the stars.",star base,,noun:2,noun,False,0,,,,False,True,False,,,,,,absent,,,
spirulina,2.08,0,1,1,A food supplement prepared from blue-green algae of the genus Arthrospira found in soda lakes.,,,noun:1,noun,False,0,,,,False,True,False,,,,,,absent,,,
frontside,2.08,0,0,1,"The obverse, in contrast to the reverse.",,,adj:1;adv:1;noun:1,adj,False,0,,,,False,True,False,,,,,,absent,,,
stempel,2.08,0,0,1,"A shelf set into a mineshaft for storing waste material, or for use as a step or support.",,,noun:1,noun,False,0,,,,False,True,False,,,,,,absent,,,
doof,2.08,1,1,3,A simpleton.,,,noun:3;intj:1,noun,False,0,,,,False,True,False,,,,,,absent,,,
dodie,2.08,0,0,1,A baby's pacifier or soother.,,,noun:1,noun,False,0,,,,False,True,False,,,,,,absent,,,
pada,2.08,0,0,1,"The basic metric unit of Vedic poetry, consisting of one line of verse in Sanskrit, typically as part of a four-line stanza.",,,noun:1,noun,False,0,,,,False,True,False,,,,,,absent,,,
ministership,2.08,1,1,1,The position held by a minister,,,noun:1,noun,False,0,,,,False,True,False,,,,,,absent,,,
moko,2.08,0,0,2,"A traditional Maori tattoo (image made in the skin), traditionally done with chisels; also, such an image used as a personal sign or signature.",,,noun:2,noun,False,0,,,,False,True,False,,,,,,absent,,,
incharge,2.08,0,0,1,"The person who is in charge of something; an employee with responsibility for a department of a company; a manager, supervisor.",,,noun:1,noun,False,0,,,,False,True,False,,,,,,absent,,,
preggo,2.08,0,0,1,A pregnant female.,,,adj:1;noun:1,adj,False,0,,,,False,True,False,,,,,,absent,,,
callosum,2.08,0,0,1,corpus callosum,,,noun:1,noun,False,0,,,,False,True,False,,,,,,absent,,,
cele,2.08,0,0,1,celebrity,,,noun:1,noun,False,0,,,,False,True,False,,,,,,absent,,,
remastering,2.08,0,0,2,The production of a new version of a recording by remixing the original master recordings.,,,noun:2;verb:1,noun,False,0,,,,False,True,False,,,"verb form (-ing, morphology)",,,absent,,,
hassler,2.08,0,0,1,One who hassles.,,,noun:1,noun,False,0,,,,False,True,False,,,,,,absent,,,
maghrib,2.08,0,1,1,The sunset Islamic prayer.,,,noun:1,noun,False,0,,,,False,True,False,,,,,,absent,,,
renormalization,2.08,1,1,1,Any of several techniques in statistical mechanics and quantum electrodynamics used to construct mathematical relationships between observable quantities.,,,noun:1,noun,False,0,,,,False,True,False,,,,,,absent,,,
tey,2.08,0,0,1,"An English measure of length for rope, perhaps equivalent to the fathom.",,,noun:1,noun,False,0,,,,False,True,False,,,,,,absent,,,
riverbend,2.08,0,0,1,A knee or meander in a river.,,,noun:1,noun,False,0,,,,False,True,False,,,,,,absent,,,
thal,2.08,0,1,1,thalassaemia,,,noun:1,noun,False,0,,,,False,True,False,,,,,,absent,,,
ambi,2.08,0,0,1,An ambidextrous person.,,,adj:1;noun:1,adj,False,0,,,,False,True,False,,,,,,absent,,,
amparo,2.08,0,0,1,In some Hispanic jurisdictions (such as Mexico) a writ or an appeal demanding or seeking the protection of constitutional rights similar to a habeas corpus acting as a remedy for the violation of a pe,,,noun:1,noun,False,0,,,,False,True,False,,,,,,absent,,,
binational,2.08,0,0,1,A person of two nationalities.,,,adj:1;noun:1,adj,False,1,NOUN,1.0,,False,True,False,,,adjective-like (morphology),,,absent,,,
ticky,2.08,0,0,1,"a tick (particularly, a check mark).",,,adj:1;intj:1;noun:1,adj,False,0,,,,False,True,False,,,,,,absent,,,
siggy,2.08,0,0,1,A sig (signature used in posted messages).,,,noun:1,noun,False,0,,,,False,True,False,,,,,,absent,,,
oga,2.08,0,0,1,"A chief, employer, or superior.",,,noun:1,noun,False,0,,,,False,True,False,,,,,,absent,,,
tribble,2.08,0,0,2,A horizontal frame with wires stretched across it for drying paper.,,,noun:2,noun,False,0,,,,False,True,False,,,,,,absent,,,
occlusal,2.08,0,0,1,occlusion,,,adj:2;noun:1,adj,False,0,,,,False,True,False,,,adjective-like (morphology),,,absent,,,
lamin,2.08,0,0,1,"Any of a class of fibrous proteins that provide structure, and regulate transcription in a cell nucleus",,,noun:1,noun,False,0,,,,False,True,False,,,,,,absent,,,
arroz,2.08,0,0,1,Any Spanish rice-based dish.,,,noun:1,noun,False,0,,,,False,True,False,,,,,,absent,,,
firman,2.08,0,0,1,"a royal decree issued by a sovereign in certain historical Islamic states, especially by the Sultan of the Ottoman Empire.",,,noun:1,noun,False,0,,,,False,True,False,,,,,,absent,,,
biopharma,2.08,0,1,1,The biopharmaceutical industry.,,,noun:1,noun,False,0,,,,False,True,False,,,,,,absent,,,
tuzla,2.08,0,0,1,A kind of central Anatolian rug.,,,noun:1,noun,False,0,,,,False,True,False,,,,,,absent,,,
mooching,2.08,0,0,1,An idle stroll.,,,noun:1;verb:1,noun,False,0,,,,False,True,False,,,"verb form (-ing, morphology)",,,absent,,,
ultrabook,2.08,0,0,1,A very lightweight and thin portable computer the areal size of a notebook computer or subnotebook.,,,noun:1,noun,False,0,,,,False,True,False,,,,,,absent,,,
cyclophosphamide,2.08,1,1,1,"An immunosuppressive, antineoplastic drug used in the treatment of Hodgkin's disease and certain other forms of cancer.",,,noun:1,noun,False,0,,,,False,True,False,,,,,,absent,,,
brane,2.08,0,0,1,"A hypothetical object extending across a number of (often specified) spatial dimensions, with strings in string theory seen as one-dimensional examples.",,,noun:1,noun,False,0,,,,False,True,False,,,,,,absent,,,
instore,2.08,0,0,1,a performance or other event taking place within a store or a shop,,,adj:1;noun:1;verb:1,adj,False,0,,,,False,True,False,,,,,,absent,,,
burpee,2.08,0,0,1,"A physical exercise performed by bending over, performing a squat thrust, returning to a standing position, and jumping once.",,,noun:1,noun,False,0,,,,False,True,False,,,,,,absent,,,
hitmaker,2.08,0,0,1,A musician who frequently produces hits; a star.,,,noun:1,noun,False,0,,,,False,True,False,,,,,,absent,,,
muscarinic,2.08,0,0,1,A muscarinic drug: one that modulates (enhances or blocks) the activity of muscarinic acetylcholine receptors.,,,adj:2;noun:1,adj,False,0,,,,False,True,False,,,adjective-like (morphology),,,absent,,,
symbiont,2.08,0,0,1,An organism that lives in a symbiotic relationship.,,,noun:1,noun,False,0,,,,False,True,False,,,,,,absent,,,
anticorruption,2.08,0,1,1,Movement or actions opposing corruption.,,,adj:1;noun:1,adj,False,0,,,,False,True,False,,,,,,absent,,,
superstorm,2.08,0,0,1,A major storm (weather phenomenon).,,,noun:1,noun,False,0,,,,False,True,False,,,,,,absent,,,
switchover,2.08,0,0,1,"A complete change or switch from one state, system or course of action to another.",,,noun:1,noun,False,0,,,,False,True,False,,,,,,absent,,,
teel,2.08,0,1,1,sesame,,,noun:1,noun,False,0,,,,False,True,False,,,,,,absent,,,
marler,2.08,0,0,1,A laborer in a marlpit.,,,noun:1,noun,False,0,,,,False,True,False,,,,,,absent,,,
nanite,2.08,0,0,1,Synonym of nanorobot.,,,noun:1,noun,False,0,,,,False,True,False,,,,,,absent,,,
becher,2.08,0,0,1,A kiddush cup,,,noun:1,noun,False,0,,,,False,True,False,,,,,,absent,,,
mamacita,2.08,0,0,1,"A babe, a hottie (sexually attractive woman).",,,noun:1,noun,False,0,,,,False,True,False,,,,,,absent,,,
widebody,2.08,0,0,3,"An airliner capable of seating seven or more passengers in a single row of economy seating, with two aisles or more.",,,noun:3,noun,False,0,,,,False,True,False,,,,,,absent,,,
ivermectin,2.08,1,1,1,"A compound of the avermectin group, used as an anthelmintic in veterinary medicine and as a treatment for river blindness.",,,noun:1,noun,False,0,,,,False,True,False,,,,,,absent,,,
chetty,2.07,0,0,1,"A member of one of various South Indian castes of merchants, money-lenders and land-owners.",,,noun:1,noun,False,0,,,,False,True,False,,,,,,absent,,,
deshmukh,2.07,0,0,1,The head or ruler of a district.,,,noun:1,noun,False,0,,,,False,True,False,,,,,,absent,,,
alastor,2.07,0,0,3,"An avenging spirit or deity, variously associated with the Erinyes, Nemesis, and more.",,,noun:3,noun,False,4,PROPN,0.0,,False,True,False,,,,,,absent,,,
skene,2.07,0,0,2,An element of ancient Greek theater: the structure at the back of the stage.,skean,,noun:2,noun,False,0,,,,False,True,False,,,,,,absent,,,
desa,2.07,0,0,1,A rural village terminology.,,,noun:1,noun,False,0,,,,False,True,False,,,,,,absent,,,
misericordia,2.07,1,1,7,An amercement.,,,noun:7,noun,False,0,,,,False,True,False,,,,,,absent,,,
chirality,2.07,1,1,1,"The phenomenon, in chemistry, physics and mathematics, in which objects are mirror images of each other, but are otherwise identical; handedness.",,,noun:1,noun,False,0,,,,False,True,False,,,,,,absent,,,
goli,2.07,0,1,2,A traditional dance and masquerade of the Baoulé people of the Ivory Coast.,,,noun:2,noun,False,0,,,,False,True,False,,,,,,absent,,,
planta,2.07,0,0,1,The sole of the foot.,,,noun:1,noun,False,0,,,,False,True,False,,,,,,absent,,,
sportster,2.07,0,0,2,A sporty automobile or motorcycle.,,,noun:2,noun,False,0,,,,False,True,False,,,,,,absent,,,
kalu,2.07,0,1,1,a dark-skinned person.,,,noun:1,noun,False,0,,,,False,True,False,,,,,,absent,,,
ganna,2.07,0,1,1,"A plant formerly used to provide alkaline ashes for soap-making, Salsola aphylla.",,,noun:1,noun,False,0,,,,False,True,False,,,,,,absent,,,
aquaponics,2.07,0,1,1,"A sustainable food production system that combines traditional aquaculture with hydroponics, with effluent from the water in which fish are reared being used as nutrition for plants.",,,noun:1,noun,False,0,,,,False,True,False,,,,,,absent,,,
moai,2.07,0,0,1,One of the large stone statues on Easter Island (Rapa Nui).,,,noun:1,noun,False,6,NOUN,1.0,,False,True,False,,,,,,absent,,,
urf,2.07,0,1,1,"The customs of an Arab society, used in jurisprudence when the Qur'an and Sunnah do not mandate a ruling.",,,noun:1,noun,False,0,,,,False,True,False,,,,,,absent,,,
drafthouse,2.07,0,0,1,"A business establishment where alcoholic beverages such as beer, wine, ale, etc, are served, but not hard liquor.",,,noun:1,noun,False,0,,,,False,True,False,,,,,,absent,,,
shola,2.07,1,1,2,"A wild plant of species Aeschynomene aspera, found in Bengal and Assam, having a milky-white, spongy pith used for the manufacture of pith helmets and decorative artifacts.",,,noun:2,noun,False,0,,,,False,True,False,,,,,,absent,,,
reh,2.07,0,0,2,The Arabic letter ر.,,,noun:2,noun,False,0,,,,False,True,False,,,,,,absent,,,
injun,2.07,0,0,1,A Native American.,,,noun:1,noun,False,4,PROPN,0.0,,False,True,False,,,,,,absent,,,
consigliere,2.07,0,0,1,"A counselor or advisor, especially to Mafia bosses.",,,noun:1,noun,False,0,,,,False,True,False,,,,,,absent,,,
topman,2.07,0,0,3,"The man stationed in the top on a sailing vessel, responsible for the setting of the sails",,,noun:3,noun,False,0,,,,False,True,False,,,,,,absent,,,
maiko,2.07,0,0,1,An apprentice geisha.,,,noun:1,noun,False,0,,,,False,True,False,,,,,,absent,,,
loadout,2.07,1,1,3,"The set of objects (e.g., equipment, supplies) to be carried into battle, onto a jobsite, etc.; all that one needs for a specific purpose.",,,noun:3,noun,False,0,,,,False,True,False,,,,,,absent,,,
queef,2.07,0,0,2,"An emission of air from the vagina, especially when audible; vaginal flatulence.",,,noun:2;verb:2,noun,False,0,,,,False,True,False,,,,,,absent,,,
quizlet,2.07,0,0,1,A short quiz.,,,noun:1,noun,False,0,,,,False,True,False,,,,,,absent,,,
hoult,2.07,0,0,1,A wood; copse.,,,noun:1,noun,False,0,,,,False,True,False,,,,,,absent,,,
houndstooth,2.07,1,1,3,A two-colour fabric pattern of broken checks.,,,noun:3,noun,False,0,,,,False,True,False,,,,,,absent,,,
punny,2.07,0,0,1,A punishment.,,,adj:3;noun:1,adj,False,0,,,,False,True,False,,,,,,absent,,,
filmer,2.07,0,0,2,One who films with a camera.,,,noun:2,noun,False,0,,,,False,True,False,,,,,,absent,,,
stritch,2.07,0,0,1,Nickname for a type of saxophone.,,,noun:1,noun,False,1,PROPN,0.0,,False,True,False,,,,,,absent,,,
fibronectin,2.07,1,1,1,An adhesive blood glycoprotein that has several cellular functions,,,noun:1,noun,False,0,,,,False,True,False,,,,,,absent,,,
trie,2.07,0,0,1,An ordered tree data structure that is used to store an associative array where the keys are usually strings.,,,noun:1;verb:1,noun,False,0,,,,False,True,False,,,,,,absent,,,
transhumanism,2.07,1,1,1,"A philosophy favouring the use of science and technology, especially neurotechnology, biotechnology, and nanotechnology, to overcome human limitations and improve the human condition.",,,noun:1,noun,False,0,,,,False,True,False,,,,,,absent,,,
makerspace,2.07,0,0,1,A hackerspace where people develop electronic hardware or other physical objects.,,,noun:1,noun,False,0,,,,False,True,False,,,,,,absent,,,
bazin,2.07,0,0,1,"An unleavened bread in the cuisine of Libya prepared with barley, water and salt",,,noun:1,noun,False,0,,,,False,True,False,,,,,,absent,,,
moscato,2.07,1,1,2,"A white grape variety used to make light, sweet white wine.",,,noun:2,noun,False,0,,,,False,True,False,,,,,,absent,,,
neta,2.07,0,0,2,A politician.,,,noun:2,noun,False,0,,,,False,True,False,,,,,,absent,,,
cryopreservation,2.07,1,1,1,"the preservation of biological tissue at cryogenic temperatures, typically at -80°C (dry ice temperature) or -196°C (the boiling point of liquid nitrogen).",,,noun:1,noun,False,0,,,,False,True,False,,,,,,absent,,,
deathcore,2.07,0,1,1,An extreme fusion genre of death metal and metalcore.,,,noun:1,noun,False,0,,,,False,True,False,,,,,,absent,,,
kero,2.07,0,1,2,Kerosene.,,,noun:2,noun,False,0,,,,False,True,False,,,,,,absent,,,
ipe,2.07,1,1,1,"A type of wood of the genus Tabebuia, similar to teak, used for outdoor decking and furniture.",,,noun:1,noun,False,0,,,,False,True,False,,,,,,absent,,,
tarring,2.07,0,0,1,An application of tar.,,,noun:1;verb:1,noun,False,0,,,,False,True,False,,,"verb form (-ing, morphology)",,,absent,,,
shearman,2.07,0,0,2,One whose occupation is to shear cloth.,,,noun:2,noun,False,0,,,,False,True,False,,,,,,absent,,,
sessional,2.07,0,0,1,An instructor hired by a college or universities on a temporary basis.,,,adj:1;noun:1,adj,False,0,,,,False,True,False,,,adjective-like (morphology),,,absent,,,
nakba,2.07,0,0,1,In Arab contexts: a catastrophe; a grave setback.,,,name:1;noun:1,name,False,0,,,,False,True,False,,,,,,absent,,,
tachi,2.07,0,0,1,"A pre-katana style Japanese sword, characterized by a longer blade with more curvature.",,,noun:1,noun,False,0,,,,False,True,False,,,,,,absent,,,
mehndi,2.07,1,1,4,A henna plant (Lawsonia inermis).,,,noun:4,noun,False,0,,,,False,True,False,,,,,,absent,,,
pickler,2.07,0,0,5,One who pickles food products.,,,noun:5,noun,False,0,,,,False,True,False,,,,,,absent,,,
photobomb,2.07,0,0,2,An act of photobombing.,,,noun:2;verb:1,noun,False,0,,,,False,True,False,,,,,,absent,,,
ifrit,2.06,0,0,3,A kind of djinn mentioned in the Qur'an.,,,noun:3,noun,False,0,,,,False,True,False,,,,,,absent,,,
cayo,2.06,0,0,1,A small island or ledge of rock in the water; a key.,,,noun:1,noun,False,0,,,,False,True,False,,,,,,absent,,,
synthpop,2.06,0,1,1,A style of pop music in which the synthesizer is the dominant musical instrument.,,,noun:1,noun,False,0,,,,False,True,False,,,,,,absent,,,
hield,2.06,0,0,3,An inclination; a cant.,,,verb:6;noun:3,verb,False,0,,,,False,True,False,,,,,,absent,,,
dorje,2.06,0,0,1,Synonym of vajra (“Buddhist ceremonial mace”).,,,noun:1,noun,False,0,,,,False,True,False,,,,,,absent,,,
maximalist,2.06,0,0,6,"A person with maximalist beliefs or tendencies; someone who prefers redundancy or excess, especially in the arts.",,,noun:6;adj:4,noun,False,1,NOUN,1.0,,False,True,False,,,,,,absent,,,
tweek,2.06,1,1,1,A form of atmospherics (radio interference) produced when the high-frequency components reach the receiver before the low-frequency components.,,,noun:1;verb:1,noun,False,0,,,,False,True,False,,,,,,absent,,,
boudin,2.06,0,0,3,"A kind of blood sausage in French, Belgian, Luxembourgish and related cuisines.",,,noun:3,noun,False,0,,,,False,True,False,,,,,,absent,,,
bouton,2.06,0,0,1,"A bud-like swelling, especially one at the end of an axon.",,,noun:1,noun,False,2,PROPN,0.0,,False,True,False,,,,,,absent,,,
loanee,2.06,0,0,2,borrower; someone who is loaned something,,,noun:2,noun,False,0,,,,False,True,False,,,,,,absent,,,
ceramide,2.06,0,0,1,Any of various lipids formed by linking a fatty acid to sphingosine and found widely but in small amounts in plant and animal tissue,,,noun:1,noun,False,0,,,,False,True,False,,,,,,absent,,,
incall,2.06,0,0,2,"A visit by a client to a provider of some service, such as a massage therapist or a prostitute.",,,noun:2,noun,False,0,,,,False,True,False,,,,,,absent,,,
recertification,2.06,1,1,1,The act or process of recertifying.,,,noun:1,noun,False,0,,,,False,True,False,,,,,,absent,,,
hok,2.06,0,0,1,A kind of small hut.,,,noun:1,noun,False,0,,,,False,True,False,,,,,,absent,,,
sukuk,2.06,0,0,1,A bond that generates a return to an investor without infringing Islamic laws against interest.,,,noun:1,noun,False,0,,,,False,True,False,,,,,,absent,,,
freeloading,2.06,0,1,1,The act of one who freeloads.,,,noun:1;verb:1,noun,False,0,,,,False,True,False,,,"verb form (-ing, morphology)",,,absent,,,
sando,2.06,0,0,3,Sandwich.,,,noun:3,noun,False,0,,,,False,True,False,,,,,,absent,,,
chillout,2.06,1,1,2,"A period of quiet, rest and relaxation, especially after a party, etc.",,,noun:2,noun,False,1,NOUN,1.0,,False,True,False,,,,,,absent,,,
prr,2.06,0,0,1,Onomatopeia for a feline's purr.,,,noun:1,noun,False,0,,,,False,True,False,,,,,,absent,,,
gopnik,2.06,0,0,1,"In Russia, Eastern Europe, former Soviet republics, and other Slavic countries, a member of a subculture of young people of lower-class low-income backgrounds, mostly millennials, who usually live in ",,,noun:1,noun,False,0,,,,False,True,False,,,,,,absent,,,
microsatellite,2.06,0,0,3,A miniature satellite.,,,noun:3,noun,False,0,,,,False,True,False,,,,,,absent,,,
shapewear,2.06,0,1,1,"Foundation garments, designed to hold a part of the body in a particular form.",,,noun:1,noun,False,0,,,,False,True,False,,,,,,absent,,,
marah,2.06,0,0,1,"A gratuity in the form of deductions from the gross produce of cultivated lands, granted to a mirasidar.",,,noun:1,noun,False,0,,,,False,True,False,,,,,,absent,,,
adat,2.06,1,1,1,"Traditional custom or law, in Islamic parts of Southeast Asia.",,,noun:1,noun,False,0,,,,False,True,False,,,,,,absent,,,
agarose,2.06,0,0,1,A polymeric cross-linked polysaccharide extracted from the seaweed agar; used to make gels that are used in electrophoresis.,,,noun:1,noun,False,1,NOUN,1.0,,False,True,False,,,,,,absent,,,
snicket,2.06,0,0,1,A narrow passage or alley.,,,noun:1,noun,False,0,,,,False,True,False,,,,,,absent,,,
lish,2.06,0,0,1,"A hybrid variety of English having a name that is derived from a portmanteau of the name of one language and the word English, such as Chinglish (Chinese + English), Spanglish (Spanish + English), Tag",,,adj:1;noun:1,adj,False,0,,,,False,True,False,,,,,,absent,,,
berthe,2.06,0,0,1,A sort of trim added to the neckline of a dress.,,,noun:1,noun,False,0,,,,False,True,False,,,,,,absent,,,
frogger,2.06,0,0,3,The pronged plater used in frogging (transferring cells to another plate).,,,noun:3;verb:1,noun,False,0,,,,False,True,False,,,,,,absent,,,
kalo,2.06,0,0,1,taro (Colocasia esculenta),,,noun:1,noun,False,0,,,,False,True,False,,,,,,absent,,,
splish,2.06,0,0,1,A light splashing sound.,,,noun:1;verb:1,noun,False,1,VERB,0.0,,False,True,False,,,adjective-like (morphology),,,absent,,,
dreamtime,2.06,0,0,1,The time for dreaming.,,,name:1;noun:1,name,False,0,,,,False,True,False,,,,,,absent,,,
sater,2.06,0,0,1,That which sates.,,,noun:1,noun,False,0,,,,False,True,False,,,,,,absent,,,
tranter,2.06,0,0,1,a peddler.,,,noun:1,noun,False,0,,,,False,True,False,,,,,,absent,,,
naptime,2.06,1,1,1,The time when one takes a short sleep.,,,noun:1,noun,False,0,,,,False,True,False,,,,,,absent,,,
fers,2.06,0,0,2,The medieval chess piece that developed into the modern queen.,,,noun:2,noun,False,0,,,,False,True,False,,,,,,absent,,,
enablement,2.06,1,1,1,The act of enabling.,,,noun:1,noun,False,0,,,,False,True,False,,,,,,absent,,,
normale,2.06,0,0,1,"A normal espresso drink, neither ristretto (shorter) nor lungo (longer).",,,noun:1,noun,False,1,PROPN,0.0,,False,True,False,,,,,,absent,,,
visite,2.06,0,0,1,"A light cape or short cloak made of silk or lace, formerly worn by women in summer.",,,noun:1,noun,False,0,,,,False,True,False,,,,,,absent,,,
restrictor,2.06,0,0,1,Anything that restricts,,,noun:1,noun,False,0,,,,False,True,False,,,,,,absent,,,
aimer,2.06,0,0,1,One who aims; one who is responsible for aiming.,,,noun:1,noun,False,0,,,,False,True,False,,,,,,absent,,,
chikara,2.06,0,0,3,An Indian antelope (Gazella bennettii).,,,noun:3,noun,False,0,,,,False,True,False,,,,,,absent,,,
warfighter,2.06,0,0,1,A servicemember of an armed force; (often specifically) one who sees combat.,,,noun:1,noun,False,0,,,,False,True,False,,,,,,absent,,,
ulu,2.06,0,0,2,"An all-purpose knife traditionally used by Yup'ik, Inuit, and Aleut women.",,,noun:2;adj:1,noun,False,0,,,,False,True,False,,,,,,absent,,,
aguayo,2.06,0,0,1,"A rectangular piece of patterned cloth, used in traditional South American communities to carry children, goods, etc.",,,noun:1,noun,False,0,,,,False,True,False,,,,,,absent,,,
selly,2.06,0,0,1,A marvel; wonder; something wonderful or rare,,,adj:1;adv:1;noun:1,adj,False,0,,,,False,True,False,,,,,,absent,,,
couponing,2.06,0,1,1,The use or distribution of money-saving coupons.,,,noun:1,noun,False,0,,,,False,True,False,,,"verb form (-ing, morphology)",,,absent,,,
reusability,2.06,0,1,1,The property or degree of being reusable.,,,noun:1,noun,False,0,,,,False,True,False,,,,,,absent,,,
supercross,2.06,0,1,1,A sport in which high-performance off-road motorcycles are raced on an artificially made dirt track consisting of steep jumps and obstacles.,,,noun:1,noun,False,0,,,,False,True,False,,,,,,absent,,,
bahu,2.06,0,0,1,"A daughter-in-law or sister-in-law, especially one who lives with her husband's family when married.",,,noun:1,noun,False,0,,,,False,True,False,,,,,,absent,,,
vaporwave,2.06,0,1,1,"A genre of electronic music and visual arts style that emerged in the early 2010s. As a musical genre, it evolved from chillwave and seapunk with influences from lounge music, elevator music, smooth j",,,noun:1,noun,False,0,,,,False,True,False,,,,,,absent,,,
precure,2.06,0,0,1,The treatment of rubber in this way.,,,noun:1;verb:1,noun,False,0,,,,False,True,False,,,,,,absent,,,
paver,2.06,0,0,3,"A flat stone used to pave a pathway, such as a walkway to one's home.",,,noun:3,noun,False,0,,,,False,True,False,,,,,,absent,,,
aquarian,2.06,0,0,1,A person who keeps an aquarium.,,,adj:1;noun:1,adj,False,0,,,,False,True,False,,,,,,absent,,,
rosado,2.06,1,1,1,A Spanish rosé wine.,,,noun:1,noun,False,1,PROPN,0.0,,False,True,False,,,,,,absent,,,
jihadism,2.06,0,1,1,The ideological movement within modern Islamism that advocates armed jihad and hostility against non-believers.,,,noun:1,noun,False,0,,,,False,True,False,,,,,,absent,,,
mukti,2.05,0,1,1,"Feminine synonym of masculine substantive noun मोक्ष (mokṣa, “liberation”).",,,noun:1,noun,False,0,,,,False,True,False,,,,,,absent,,,
semigroup,2.05,0,0,1,Any set for which there is a binary operation that is closed and associative.,,,noun:1,noun,False,0,,,,False,True,False,,,,,,absent,,,
pomodoro,2.05,1,1,3,A variety of pear-shaped tomato from Italy; San Marzano tomato.,pomodoro sauce,,noun:3,noun,True,1,PROPN,0.0,,False,True,False,,,,,,absent,,,
tanuki,2.05,0,0,3,"A raccoon dog, Nyctereutes viverrinus.",,,noun:3,noun,False,0,,,,False,True,False,,,,,,absent,,,
chondroitin,2.05,0,0,1,"Any of a range of mucopolysaccharides, derived from galactosamine and glucuronic acid, that occur in cartilage and bone.",,,noun:1,noun,False,0,,,,False,True,False,,,,,,absent,,,
childline,2.05,0,0,1,A telephone counselling service for children and young people.,,,noun:1,noun,False,0,,,,False,True,False,,,,,,absent,,,
flossie,2.05,0,0,1,"A sexually promiscuous person (usually a woman); a sex worker, prostitute.",,,noun:1,noun,False,0,,,,False,True,False,,,,,,absent,,,
cursus,2.05,0,0,5,A course; a journey or progression.,,,noun:5,noun,False,1,ADJ,0.0,,False,True,False,,,,,,absent,,,
nain,2.05,0,0,1,A grandmother.,,,noun:1,noun,False,1,NOUN,1.0,,False,True,False,,,,,,absent,,,
oropharyngeal,2.05,0,0,1,Ellipsis of oropharyngeal airway (“an adjunct device used to open and secure a patient's airway during emergencies”).,oropharyngeal airway,,adj:2;noun:1,adj,True,0,,,,False,True,False,,,adjective-like (morphology),,,absent,,,
alliant,2.05,0,0,1,An ally; a confederate.,,,noun:1,noun,False,0,,,,False,True,False,,,,,,absent,,,
hostname,2.05,0,0,3,The unique name by which any device attached to a computer network is known.,,,noun:3,noun,False,0,,,,False,True,False,,,,,,absent,,,
piti,2.05,0,0,1,An Azerbaijani soup made with mutton and vegetables in individual crocks with a glazed interior.,,,noun:1,noun,False,0,,,,False,True,False,,,,,,absent,,,
ragini,2.05,0,0,1,The feminine counterpart of a raga in Indian music.,,,noun:1,noun,False,0,,,,False,True,False,,,,,,absent,,,
piedra,2.05,0,1,1,A hair disease caused by a fungus.,,,noun:1,noun,False,0,,,,False,True,False,,,,,,absent,,,
lona,2.05,0,0,1,A bonus scored in the game of kabaddi for getting the entire opposing team declared as out.,,,noun:1,noun,False,0,,,,False,True,False,,,,,,absent,,,
cogito,2.05,0,1,1,"The argument ""cogito, ergo sum"" (""I think therefore I am"") from the philosophy of René Descartes; the mental act of thinking this thought; a conscious being which performs this mental act.",,,noun:1,noun,False,0,,,,False,True,False,,,,,,absent,,,
serotype,2.05,0,0,1,A group of microorganisms characterised by a specific set of antigens.,,,noun:1;verb:1,noun,False,0,,,,False,True,False,,,,,,absent,,,
kugel,2.05,1,1,3,"A traditional savoury or sweet Jewish dish consisting of a baked pudding of pasta, potatoes, or rice, with vegetables, or raisins and spices.",,,noun:3,noun,False,0,,,,False,True,False,,,,,,absent,,,
jetson,2.05,1,1,1,jetsam,,,noun:1,noun,False,0,,,,False,True,False,,,,,,absent,,,
moco,2.05,0,0,1,Rock cavy (Kerodon rupestris).,,,noun:1,noun,False,0,,,,False,True,False,,,,,,absent,,,
malling,2.05,0,1,2,the transformation of a district by building shopping malls,,,noun:2,noun,False,0,,,,False,True,False,,,"verb form (-ing, morphology)",,,absent,,,
pronotum,2.05,0,0,1,The dorsal plate of the prothorax in insects,,,noun:1,noun,False,0,,,,False,True,False,,,,,,absent,,,
fum,2.05,0,0,1,"The fenghuang, a mythological Chinese bird.",,,noun:1;verb:1,noun,False,0,,,,False,True,False,,,,,,absent,,,
ligase,2.05,0,0,1,Any of a group of enzymes that catalyze the binding of two molecules; synthetase.,,,noun:1,noun,False,0,,,,False,True,False,,,,,,absent,,,
programm,2.05,0,0,1,Same as programme.,,,noun:1,noun,False,0,,,,False,True,False,,,,,,absent,,,
shiz,2.05,0,1,1,shit (in any sense),,,noun:1,noun,False,0,,,,False,True,False,,,,,,absent,,,
feis,2.05,0,0,2,"An Irish festival, usually including folk music, dancing, and sports.",,,noun:2,noun,False,1,PROPN,0.0,,False,True,False,,,,,,absent,,,
hominin,2.05,0,0,1,"Any member of the taxonomic tribe Hominini, the evolutionary group that includes modern humans and now-extinct bipedal relatives.",,,noun:1,noun,False,0,,,,False,True,False,,,,,,absent,,,
morra,2.05,0,1,1,A game in which two (or more) players each suddenly display a hand showing zero to five fingers and call out what they think will be the sum of all fingers shown.,,,noun:1,noun,False,0,,,,False,True,False,,,,,,absent,,,
targum,2.05,0,0,1,An Aramaic translation of the Tanakh written or compiled between the Second Temple period and the early Middle Ages.,,,noun:1,noun,False,0,,,,False,True,False,,,,,,absent,,,
bichon,2.05,0,0,2,Any of a class of toy dogs with curly or wavy hair and long curled tails.,,,noun:2,noun,False,0,,,,False,True,False,,,,,,absent,,,
trant,2.05,0,0,1,A turn; trick; stratagem.,,,verb:3;noun:1,verb,False,0,,,,False,True,False,,,,,,absent,,,
doujin,2.05,0,0,2,A product produced and sold independently of corporations (in Japan); an indie work.,doujinshi,,noun:2,noun,True,0,,,,False,True,False,,,,,,absent,,,
yersinia,2.05,0,0,1,"A Gram-negative bacterium, of the genus Yersinia, that is an etiological agent of several diseases in animals and humans, notably Yersinia pestis, which causes bubonic plague.",,,noun:1,noun,False,0,,,,False,True,False,,,,,,absent,,,
hench,2.05,0,0,3,"The narrow side of chimney stack, a haunch.",,,noun:3;adj:2;verb:2,noun,False,0,,,,False,True,False,,,,,,absent,,,
futur,2.05,0,0,1,A fiancé.,,,noun:1,noun,False,0,,,,False,True,False,,,,,,absent,,,
shahin,2.05,0,0,1,The shaheen falcon.,,,noun:1,noun,False,0,,,,False,True,False,,,,,,absent,,,
mado,2.05,0,1,1,"Any fish in the genus Atypichthys, in Australia mostly Atypichthys strigatus and in New Zealand Atypichthys latus.",,,noun:1,noun,False,0,,,,False,True,False,,,,,,absent,,,
cinerea,2.05,0,1,1,The grey matter of the brain,,,noun:1,noun,False,0,,,,False,True,False,,,,,,absent,,,
whatta,2.05,0,0,1,A scaffold used by the Tahitians for animal sacrifices.,,,contraction:1;noun:1,contraction,True,0,,,,False,True,False,,,,,,absent,,,
sucralose,2.05,1,1,1,"A selectively chlorinated sucrose, used as an artificial sweetener.",,,noun:1,noun,False,0,,,,False,True,False,,,,,,absent,,,
sunland,2.05,0,0,1,A sunny region or landscape.,,,noun:1,noun,False,0,,,,False,True,False,,,,,,absent,,,
utis,2.05,0,0,2,"A racket, din",utas,,noun:2,noun,False,0,,,,False,True,False,,,,,,absent,,,
malum,2.05,0,0,2,An evil or wrongdoing.,,,noun:2,noun,False,0,,,,False,True,False,,,,,,absent,,,
nias,2.05,0,0,1,A young hawk; an eyas.,,,noun:1,noun,False,0,,,,False,True,False,,,,,,absent,,,
preprocessing,2.05,1,1,2,The act of processing beforehand.,,,noun:2;verb:1,noun,False,0,,,,False,True,False,,,"verb form (-ing, morphology)",,,absent,,,
preprocessor,2.05,0,0,1,program that processes its input data to produce output that is used as input to another program,,,noun:1,noun,False,0,,,,False,True,False,,,,,,absent,,,
tela,2.05,0,0,1,"A thin, web-like structure or membrane.",,,noun:1,noun,False,2,PROPN,0.0,,False,True,False,,,,,,absent,,,
paik,2.05,0,0,1,"A foot soldier or armed attendant, in some cases holding land in exchange for military service.",,,noun:1,noun,False,0,,,,False,True,False,,,,,,absent,,,
novela,2.05,0,0,1,A Latin American soap opera.,,,noun:1,noun,False,0,,,,False,True,False,,,,,,absent,,,
novum,2.05,1,1,3,"A new feature, a novelty.",,,noun:3,noun,False,0,,,,False,True,False,,,,,,absent,,,
rimfire,2.05,0,0,1,"A type of firearm cartridge where the primer is in the back rim, rather than a central primer cap. They are cheap to produce but cannot be reloaded with powder.",,,noun:1,noun,False,0,,,,False,True,False,,,,,,absent,,,
beastmaster,2.05,0,0,3,A character in video games who fights monsters and other creatures.,,,noun:3,noun,False,0,,,,False,True,False,,,,,,absent,,,
amaru,2.05,0,0,1,A double-headed serpent in Inca and other Andean mythology.,,,noun:1,noun,False,0,,,,False,True,False,,,,,,absent,,,
abend,2.05,0,0,2,The abnormal termination of a program.,,,noun:2;verb:1,noun,False,0,,,,False,True,False,,,,,,absent,,,
zouk,2.05,0,0,1,"A style of dance music originating in the French Antilles, combining Latin American, African and Western disco rhythms; a dance to this music",,,noun:1;verb:1,noun,False,2,NOUN,1.0,,False,True,False,,,,,,absent,,,
brachytherapy,2.05,1,1,1,"Radiotherapy using radioactive sources positioned within (or close to) the treatment volume, typically with radiopharmaceuticals as opposed to external-beam sources.",,,noun:1,noun,False,0,,,,False,True,False,,,,,,absent,,,
peroxidation,2.04,1,1,2,"Any oxidation reaction, especially of an oxide, that produces a peroxide.",,,noun:2,noun,False,0,,,,False,True,False,,,,,,absent,,,
pierogi,2.04,0,0,1,"A square- or crescent-shaped dumpling of unleavened dough, stuffed with sauerkraut, cheese, mashed potatoes, cabbage, onion, meat, or any combination of these, or with a fruit filling.",,,noun:1,noun,False,0,,,,False,True,False,,,,,,absent,,,
kanban,2.04,1,1,3,"A card containing a set of manufacturing specifications and requirements, used to regulate the supply of components.",,,noun:3,noun,False,0,,,,False,True,False,,,,,,absent,,,
nyanza,2.04,0,0,1,A lake (in Africa).,,,noun:1,noun,False,0,,,,False,True,False,,,,,,absent,,,
malky,2.04,0,0,2,A beating.,,,verb:4;noun:2,verb,False,0,,,,False,True,False,,,,,,absent,,,
malle,2.04,0,0,1,"A heavy hammer or beetle, often made of wood or lead.",,,noun:1,noun,False,3,PROPN,0.0,,False,True,False,,,,,,absent,,,
mico,2.04,0,0,1,"A small South American monkey (Mico melanurus, syn. Callithrix melanura), allied to the marmoset.",,,noun:1,noun,False,0,,,,False,True,False,,,,,,absent,,,
bima,2.04,0,0,1,The raised platform in the front of a synagogue where the Torah is read on a podium.,,,noun:1,noun,False,0,,,,False,True,False,,,,,,absent,,,
failover,2.04,1,1,1,"An automatic switch to a secondary system on failure of the primary system, such as a means for ensuring high availability of some critical resource (such as a computer system), involving a parallel b",,,noun:1,noun,False,0,,,,False,True,False,,,,,,absent,,,
awf,2.04,0,0,2,An elf.,,,noun:2;adv:1;prep:1,noun,False,0,,,,False,True,False,,,,,,absent,,,
townsite,2.04,0,0,1,"In former British colonies, a tract of land authorized to be developed as a town and then surveyed and marked out with streets.",,,noun:1,noun,False,0,,,,False,True,False,,,,,,absent,,,
ritsu,2.04,0,1,1,"An anhemitonic pentatonic scale used in a Japanese Buddhist chant, and built up by intervals of major second, minor third, major second, major second, minor third.",,,noun:1,noun,False,0,,,,False,True,False,,,,,,absent,,,
tinley,2.04,0,0,1,"A torch, made from burning straw, supposed to represent the burning of souls",,,noun:1,noun,False,0,,,,False,True,False,,,,,,absent,,,
neuroprotective,2.04,0,0,1,Any neuroprotective agent.,,,adj:1;noun:1,adj,False,0,,,,False,True,False,,,adjective-like (morphology),,,absent,,,
bhajan,2.04,0,0,1,A type of Indian devotional song.,,,noun:1,noun,False,0,,,,False,True,False,,,,,,absent,,,
maddock,2.04,0,0,1,An earthworm or maggot.,,,noun:1,noun,False,0,,,,False,True,False,,,,,,absent,,,
poy,2.04,0,0,3,A support structure.,,,noun:3,noun,False,0,,,,False,True,False,,,,,,absent,,,
grindcore,2.04,0,1,1,"A fusion genre of extreme metal and hardcore punk, incorporating aggressive guitar riffs; extremely rapid drumming; and loud, largely unintelligible screaming.",,,noun:1,noun,False,0,,,,False,True,False,,,,,,absent,,,
carnitas,2.04,0,1,1,"A Mexican dish of strips or chunks of pork (or sometimes other meat) which are braised or roasted, especially in their own fat.",,,noun:1,noun,False,0,,,,False,True,False,,,,,,absent,,,
shish,2.04,0,0,1,The spine of a shish kebab structure.,,,adj:1;intj:1;noun:1;verb:1,adj,False,3,NOUN,1.0,,False,True,False,,,,,,absent,,,
jeepney,2.04,0,0,1,"Synonym of shared taxi or minibus, especially one with flamboyant decoration and usually heavily crowded.",,,noun:1,noun,False,0,,,,False,True,False,,,,,,absent,,,
flatscreen,2.04,0,0,2,A screen of this kind.,,,noun:2;adj:1,noun,False,1,NOUN,1.0,,False,True,False,,,,,,absent,,,
webstore,2.04,0,0,1,A sales outlet which supplies goods or services over the World Wide Web.,,,noun:1,noun,False,0,,,,False,True,False,,,,,,absent,,,
randomizer,2.04,0,0,2,"One who, or that which, randomizes (often practically extended to pseudorandomization as well).",,,noun:2,noun,False,0,,,,False,True,False,,,,,,absent,,,
sifu,2.04,0,0,2,"A master or teacher in the context of martial arts, especially kung fu and tai chi.",,,noun:2,noun,False,0,,,,False,True,False,,,,,,absent,,,
asiago,2.04,1,1,1,A hard Italian cheese similar to Parmesan.,,,noun:1,noun,False,0,,,,False,True,False,,,,,,absent,,,
upliftment,2.04,1,1,1,Lifting up; elevation or promotion.,,,noun:1,noun,False,0,,,,False,True,False,,,,,,absent,,,
jizya,2.04,0,1,1,"A per capita tax levied on a section of an Islamic state's non-Muslim citizens, who meet certain criteria.",,,noun:1,noun,False,0,,,,False,True,False,,,,,,absent,,,
tawhid,2.04,0,1,1,The central Islamic doctrine of God's divine unity.,,,noun:1,noun,False,2,PROPN,0.0,,False,True,False,,,,,,absent,,,
homi,2.04,0,0,1,A homicide.,,,noun:1,noun,False,0,,,,False,True,False,,,,,,absent,,,
sarma,2.04,0,1,2,A dumpling of minced meat and other ingredients wrapped in a leaf (grape or cabbage).,,,noun:2,noun,False,0,,,,False,True,False,,,,,,absent,,,
cheeseman,2.04,0,0,1,A man who makes cheese.,,,noun:1,noun,False,0,,,,False,True,False,,,,,,absent,,,
servlet,2.04,0,0,1,A Java program running on an Internet server that generates web content dynamically in response to requests from clients.,,,noun:1,noun,False,0,,,,False,True,False,,,,,,absent,,,
polyphemus,2.04,0,0,1,Synonym of polyphemus moth.,,,noun:1,noun,False,0,,,,False,True,False,,,,,,absent,,,
ipi,2.04,0,0,1,The long-tailed pangolin (Manis tetradactyla),,,noun:1,noun,False,0,,,,False,True,False,,,,,,absent,,,
sanga,2.04,0,0,1,Sandwich.,,,noun:1,noun,False,0,,,,False,True,False,,,,,,absent,,,
degen,2.04,0,0,2,Sword.,,,noun:2;adj:1,noun,False,0,,,,False,True,False,,,,,,absent,,,
lipopolysaccharide,2.04,0,0,1,Any of a large class of lipids conjugated with polysaccharides,,,noun:1,noun,False,0,,,,False,True,False,,,,,,absent,,,
fearmongering,2.04,0,1,1,The act of spreading needless fear; exaggerating purported threats in order to incite fear.,,,noun:1;verb:1,noun,False,0,,,,False,True,False,,,"verb form (-ing, morphology)",,,absent,,,
shama,2.04,0,0,1,"Copsychus malabaricus (white-rumped shama), a saxicoline songbird of India, glossy black with a white rump and brown underparts, and six other species in genus Copsychus.",,,noun:1,noun,False,0,,,,False,True,False,,,,,,absent,,,
maci,2.04,0,1,1,"A traditional Chinese rice cake snack made of glutinous rice, peanuts, and sugar.",,,noun:1,noun,False,0,,,,False,True,False,,,,,,absent,,,
rueda,2.04,0,0,1,A kind of salsa round dance.,,,noun:1,noun,False,1,PROPN,0.0,,False,True,False,,,,,,absent,,,
concho,2.04,0,0,1,A silver ornament either stamped with a design or inlaid with a stone.,,,noun:1,noun,False,0,,,,False,True,False,,,,,,absent,,,
toymaker,2.04,0,0,1,A craftsman who makes toys.,,,noun:1,noun,False,0,,,,False,True,False,,,,,,absent,,,
torta,2.04,1,1,5,"A sandwich, served either hot or cold, on an oblong white sandwich roll, derived from Mexican cuisine.",,,noun:5,noun,False,0,,,,False,True,False,,,,,,absent,,,
blankie,2.04,0,0,1,"A blanket, especially one used as a security blanket.",,,noun:1,noun,False,2,NOUN,1.0,,False,True,False,,,,,,absent,,,
tumorigenesis,2.04,0,0,2,Production of a new tumor or tumors.,,,noun:2,noun,False,0,,,,False,True,False,,,,,,absent,,,
optoelectronics,2.04,0,1,1,"The branch of physics that deals with the interaction of light with electronic devices, or the production of light from such devices",,,noun:1,noun,False,0,,,,False,True,False,,,,,,absent,,,
monophosphate,2.04,0,0,1,any compound containing a single phosphate unit,,,noun:1,noun,False,0,,,,False,True,False,,,,,,absent,,,
loreal,2.04,0,0,1,Any of the loreal scales.,,,adj:1;noun:1,adj,False,0,,,,False,True,False,,,adjective-like (morphology),,,absent,,,
gurdy,2.04,0,0,1,A manual crank used on fishing lines,,,noun:1,noun,False,0,,,,False,True,False,,,,,,absent,,,
yiff,2.04,0,1,3,The bark of a fox.,,,verb:4;noun:3;intj:2,verb,False,0,,,,False,True,False,,,,,,absent,,,
foon,2.04,0,0,1,Synonym of spork.,,,noun:1,noun,False,0,,,,False,True,False,,,,,,absent,,,
bupropion,2.04,0,1,1,An antidepressant drug which is also given to relieve the symptoms of nicotine withdrawal.,,,noun:1,noun,False,0,,,,False,True,False,,,,,,absent,,,
multimode,2.04,0,0,1,A simultaneous superposition of modes.,,,adj:1;noun:1,adj,False,0,,,,False,True,False,,,,,,absent,,,
backlink,2.04,0,0,3,A hyperlink to a webpage from an external website.,,,noun:3;verb:1,noun,False,0,,,,False,True,False,,,,,,absent,,,
mesoscale,2.04,0,0,1,A scale of intermediate size.,,,adj:2;noun:1,adj,False,0,,,,False,True,False,,,,,,absent,,,
dashi,2.04,1,1,1,"A type of soup or cooking stock, often made from kelp.",,,noun:1,noun,False,0,,,,False,True,False,,,,,,absent,,,
pacifico,2.04,0,0,1,A peaceful native in Cuba or the Philippines who did not oppose Spanish colonization.,,,noun:1,noun,False,0,,,,False,True,False,,,,,,absent,,,
erf,2.03,0,0,3,Inheritance; patrimony.,,,noun:3,noun,False,0,,,,False,True,False,,,,,,absent,,,
balaban,2.03,0,0,1,An Azerbaijani wind instrument made of wood.,,,noun:1,noun,False,2,PROPN,0.0,,False,True,False,,,,,,absent,,,
gestion,2.03,1,1,1,"The act of managing, conducting or administrating something.",,,noun:1,noun,False,0,,,,False,True,False,,,,,,absent,,,
zein,2.03,1,1,1,"A protein derived from corn/maize, having many industrial applications.",,,noun:1,noun,False,0,,,,False,True,False,,,,,,absent,,,
waqf,2.03,0,0,1,An endowment of land given for religious or charitable purposes.,,,noun:1;verb:1,noun,False,0,,,,False,True,False,,,,,,absent,,,
paya,2.03,0,1,1,"A dish from the Indian subcontinent, made from an animal's trotters cooked with herbs and spices.",,,noun:1,noun,False,0,,,,False,True,False,,,,,,absent,,,
paedo,2.03,1,1,2,A paedophile.,,,noun:2;adj:1,noun,False,0,,,,False,True,False,,,,,,absent,,,
nicotinamide,2.03,1,1,1,The amide of nicotinic acid (or niacin).,,,noun:1,noun,False,0,,,,False,True,False,,,,,,absent,,,
caretaking,2.03,0,1,2,The act of taking care or taking charge of something.,,,noun:2,noun,False,0,,,,False,True,False,,,"verb form (-ing, morphology)",,,absent,,,
ciphertext,2.03,1,1,1,Encoded or encrypted text.,,,noun:1,noun,False,0,,,,False,True,False,,,,,,absent,,,
parklife,2.03,0,1,1,The lifestyle and culture of parkgoers.,,,noun:1,noun,False,0,,,,False,True,False,,,,,,absent,,,
buka,2.03,0,0,3,"The short introduction to a gamelan piece, generally played by a single instrument in a free rhythm, with the kendhang coming in on the last few notes to set the tempo.",,,noun:3,noun,False,0,,,,False,True,False,,,,,,absent,,,
extinguishment,2.03,1,1,2,"The act of extinguishing, putting out, or quenching, or the state of being extinguished.",,,noun:2,noun,False,0,,,,False,True,False,,,,,,absent,,,
farro,2.03,1,1,1,Emmer wheat (Triticum turgidum).,,,noun:1,noun,False,0,,,,False,True,False,,,,,,absent,,,
nyet,2.03,0,1,1,A no; a negative response (in a Russian context).,,,intj:1;noun:1,intj,False,0,,,,False,True,False,,,,,,absent,,,
zari,2.03,0,1,1,"A fine gold or silver thread used in traditional Indian, Pakistani and Persian garments, especially as brocade in saris etc.",,,noun:1,noun,False,0,,,,False,True,False,,,,,,absent,,,
laserjet,2.03,0,0,1,A laser printer.,,,noun:1,noun,False,0,,,,False,True,False,,,,,,absent,,,
nill,2.03,0,1,3,Shining sparks thrown off from melted brass.,,,noun:3;verb:3,noun,False,0,,,,False,True,False,,,,,,absent,,,
makeout,2.03,0,0,1,An act of making out; passionate kissing or petting.,,,noun:1,noun,False,0,,,,False,True,False,,,,,,absent,,,
campagna,2.03,0,0,1,A flat stretch of countryside; open rural plain.,,,noun:1,noun,False,1,OTHER,0.0,,False,True,False,,,,,,absent,,,
casse,2.03,0,1,1,"A fault in wine, caused by an enzyme, making it turn from red to brown, or white to yellow, on exposure to air.",,,noun:1,noun,False,0,,,,False,True,False,,,,,,absent,,,
coliform,2.03,0,0,1,Such a bacterium.,,,adj:1;noun:1,adj,False,0,,,,False,True,False,,,,,,absent,,,
kanon,2.03,0,0,2,Synonym of monochord (used mainly in reference to ancient Greek music),,,noun:2,noun,False,0,,,,False,True,False,,,,,,absent,,,
herstory,2.03,1,1,3,"History that emphasizes the role of women, or that is told from a woman's (or from a feminist) point of view.",,,noun:3,noun,False,0,,,,False,True,False,,,,,,absent,,,
recueil,2.03,0,0,1,"compendium, literary compilation",,,noun:1,noun,False,0,,,,False,True,False,,,,,,absent,,,
carboxy,2.03,0,1,1,The carboxyl group.,,,noun:1,noun,False,0,,,,False,True,False,,,,,,absent,,,
interweb,2.03,0,0,1,The Internet.,,,noun:1,noun,False,1,PROPN,0.0,,False,True,False,,,,,,absent,,,
octopussy,2.03,0,0,1,An octopus.,,,noun:1,noun,False,0,,,,False,True,False,,,,,,absent,,,
doujinshi,2.03,1,1,1,A fan-produced book or magazine of Japanese fiction; especially manga.,,,noun:1,noun,False,0,,,,False,True,False,,,,,,absent,,,
halligan,2.03,0,0,1,"A tool, used mostly by firemen, to pry open buildings, manholes, wrecked cars, etc.",,,noun:1,noun,False,0,,,,False,True,False,,,,,,absent,,,
sheetrock,2.03,0,1,1,"A building material comprising a sheet of gypsum sandwiched between two pieces of heavy paper, used mainly for interior walls and ceilings; drywall.",,,noun:1;verb:1,noun,False,0,,,,False,True,False,,,,,,absent,,,
neisseria,2.03,0,0,1,Any of several Gram-negative bacteria of the genus Neisseria.,,,noun:1,noun,False,0,,,,False,True,False,,,,,,absent,,,
garn,2.03,0,1,1,Yarn (twisted fibers for weaving) or worsted (woolen yarn).,,,intj:1;noun:1,intj,False,0,,,,False,True,False,,,,,,absent,,,
ruleset,2.03,0,0,1,A set of rules.,,,noun:1,noun,False,0,,,,False,True,False,,,,,,absent,,,
sangeet,2.03,0,0,1,A gathering for the purpose of singing songs; a musical ceremony.,,,noun:1,noun,False,2,PROPN,0.0,,False,True,False,,,,,,absent,,,
varroa,2.03,0,1,1,"Infestation with the mite Varroa destructor, or the disease caused by such mites.",,,noun:1,noun,False,0,,,,False,True,False,,,,,,absent,,,
cun,2.03,0,0,1,"A traditional Chinese unit of length, originally the width of a person's thumb at the knuckle.",,,verb:2;noun:1,verb,False,0,,,,False,True,False,,,,,,absent,,,
anglaise,2.03,0,0,1,A kind of English country dance.,,,noun:1,noun,False,0,,,,False,True,False,,,,,,absent,,,
pidge,2.03,0,0,2,A pigeonhole.,,,noun:2;verb:1,noun,False,0,,,,False,True,False,,,,,,absent,,,
multithreading,2.03,0,1,1,The use of multithreaded code.,,,noun:1,noun,False,0,,,,False,True,False,,,"verb form (-ing, morphology)",,,absent,,,
fluence,2.03,1,1,3,Fluency,,,noun:3,noun,False,0,,,,False,True,False,,,,,,absent,,,
hihi,2.03,0,0,1,Synonym of stitchbird.,,,intj:1;noun:1,intj,False,0,,,,False,True,False,,,,,,absent,,,
salto,2.03,0,0,1,A somersault.,,,noun:1,noun,False,0,,,,False,True,False,,,,,,absent,,,
menton,2.03,0,0,1,The lowest point of the chin / mandibular symphysis.,,,noun:1,noun,False,0,,,,False,True,False,,,,,,absent,,,
shug,2.03,1,0,1,A term of endearment.,,,verb:2;noun:1,verb,False,0,,,,False,True,False,,,,,,absent,,,
artbook,2.03,0,0,2,"A book about art, particularly concept art for an animated media production.",,,noun:2,noun,False,0,,,,False,True,False,,,,,,absent,,,
backstab,2.03,0,0,1,An act of backstabbing.,,,noun:1;verb:1,noun,False,0,,,,False,True,False,,,,,,absent,,,
unicom,2.03,0,0,1,An air-ground communication facility operated by a private agency (not air traffic control) to provide advice at uncontrolled aerodromes and airports and to provide non-flight services such as request,,,noun:1,noun,False,0,,,,False,True,False,,,,,,absent,,,
chiro,2.03,1,1,2,A chiropractor.,,,noun:2,noun,False,5,NOUN,1.0,,False,True,False,,,,,,absent,,,
llyn,2.03,0,0,1,An upland lake in Wales.,,,noun:1,noun,False,0,,,,False,True,False,,,,,,absent,,,
ultraviolence,2.03,0,1,1,"Unnecessary, unprovoked (usually brutal) violence; violent acts simply for the thrill and entertainment of it.",,,noun:1,noun,False,0,,,,False,True,False,,,,,,absent,,,
comitatus,2.03,0,0,2,A group of warriors or nobles accompanying a king or other leader.,,,noun:2,noun,False,0,,,,False,True,False,,,,,,absent,,,
gein,2.03,0,1,1,Humic acid.,,,noun:1,noun,False,0,,,,False,True,False,,,,,,absent,,,
lasing,2.03,0,0,1,The application of a laser beam.,,,noun:1;verb:1,noun,False,0,,,,False,True,False,,,"verb form (-ing, morphology)",,,absent,,,
basa,2.03,0,0,1,The catfish Pangasius bocourti.,,,noun:1,noun,False,0,,,,False,True,False,,,,,,absent,,,
supertramp,2.03,0,0,1,A creature of organism that disperses widely and is not adapted to any specific environment.,,,noun:1,noun,False,0,,,,False,True,False,,,,,,absent,,,
spinosaurus,2.03,0,0,1,"A large, extinct, carnivorous dinosaur of genus †Spinosaurus, with a long snout like that of a crocodile and with a sail on its back. It is considered to be the largest theropod dinosaur.",,,noun:1,noun,False,3,PROPN,0.0,,False,True,False,,,,,,absent,,,
southbridge,2.02,0,0,1,A secondary microchip connected to the CPU only through the northbridge.,,,noun:1,noun,False,0,,,,False,True,False,,,,,,absent,,,
diener,2.02,0,0,1,"A morgue worker responsible for handling, moving, and cleaning the corpse.",,,noun:1,noun,False,0,,,,False,True,False,,,,,,absent,,,
glaucus,2.02,0,0,2,"Any member of the genus Glaucus of nudibranchiate mollusks, found in the warmer latitudes, swimming in the open sea, strikingly colored with blue and silvery white.",,,noun:2,noun,False,0,,,,False,True,False,,,,,,absent,,,
kumara,2.02,0,0,1,The sweet potato.,,,noun:1,noun,False,0,,,,False,True,False,,,,,,absent,,,
outshot,2.02,0,0,1,An extension to a building.,,,noun:1;verb:1,noun,False,0,,,,False,True,False,,,,,,absent,,,
allosteric,2.02,0,0,1,An allosteric modulator,,,adj:1;noun:1,adj,False,1,ADJ,0.0,,False,True,False,,,adjective-like (morphology),,,absent,,,
grindhouse,2.02,0,0,1,A low-budget film theater that shows primarily exploitation films,,,noun:1,noun,False,0,,,,False,True,False,,,,,,absent,,,
ultramafic,2.02,0,0,1,A rock with such properties.,,,adj:1;noun:1,adj,False,0,,,,False,True,False,,,adjective-like (morphology),,,absent,,,
slappy,2.02,0,0,1,A grind on a curb without doing an ollie.,,,adj:1;noun:1,adj,False,0,,,,False,True,False,,,,,,absent,,,
moonbase,2.02,0,0,1,A base or outpost located on a moon.,,,noun:1,noun,False,0,,,,False,True,False,,,,,,absent,,,
lof,2.02,0,0,1,"Community, tribe: basic social organization of the Mapuche, Huilliche, and Picunche peoples, a (familial) clan which recognizes the authority of a lonco.",,,noun:1,noun,False,0,,,,False,True,False,,,,,,absent,,,
moorman,2.02,0,0,1,A man who lives on or around the moors.,,,noun:1,noun,False,0,,,,False,True,False,,,,,,absent,,,
hospitalist,2.02,0,0,2,A hospitaller.,,,noun:2,noun,False,0,,,,False,True,False,,,,,,absent,,,
jolley,2.02,0,0,2,One who jigs.,,,noun:2;verb:1,noun,False,0,,,,False,True,False,,,,,,absent,,,
localhost,2.02,0,0,1,"The computer being used locally, contrasted with remote computers elsewhere on a network.",,,noun:1,noun,False,0,,,,False,True,False,,,,,,absent,,,
folklife,2.02,0,1,1,Folklore; those cultural traditions passed down orally or informally.,,,noun:1,noun,False,0,,,,False,True,False,,,,,,absent,,,
flippy,2.02,0,0,2,A flippy disk.,,,noun:2;adj:1,noun,False,0,,,,False,True,False,,,,,,absent,,,
signoria,2.02,0,1,1,"lordship, especially in medieval Italian city states",,,noun:1,noun,False,0,,,,False,True,False,,,,,,absent,,,
juco,2.02,1,1,2,Junior college.,,,noun:2,noun,False,0,,,,False,True,False,,,,,,absent,,,
shud,2.02,0,0,1,A shed.,,,noun:1;verb:1,noun,False,0,,,,False,True,False,,,,,,absent,,,
centeredness,2.02,0,1,2,The state of being centered.,,,noun:2,noun,False,0,,,,False,True,False,,,,,,absent,,,
lineout,2.02,0,0,3,A set piece where the hooker throws the ball into play between a row of players from each team.,,,noun:3,noun,False,0,,,,False,True,False,,,,,,absent,,,
jip,2.02,0,1,1,Ejaculated semen.,,,noun:1;verb:1,noun,False,0,,,,False,True,False,,,,,,absent,,,
benihana,2.02,0,0,1,"An aerial trick where one hand grabs the tail of the board, and the back foot is released from the board.",,,noun:1,noun,False,0,,,,False,True,False,,,,,,absent,,,
transcoding,2.02,0,0,1,A conversion between encodings.,,,noun:1;verb:1,noun,False,0,,,,False,True,False,,,"verb form (-ing, morphology)",,,absent,,,
urbano,2.02,0,1,1,An umbrella term for various popular Latin American music genres.,,,noun:1,noun,False,1,PROPN,0.0,,False,True,False,,,,,,absent,,,
excimer,2.02,0,0,1,Any diatomic exciplex,,,noun:1,noun,False,0,,,,False,True,False,,,,,,absent,,,
thema,2.02,0,0,1,A subject or theme.,,,noun:1,noun,False,0,,,,False,True,False,,,,,,absent,,,
parp,2.02,0,0,1,The sound of a horn or breaking wind.,,,verb:4;intj:1;noun:1,verb,False,0,,,,False,True,False,,,,,,absent,,,
riverdance,2.02,0,0,1,A theatrical show based on traditional Irish music and dance.,,,noun:1;verb:1,noun,False,0,,,,False,True,False,,,,,,absent,,,
fadeaway,2.02,0,0,3,"An instance of fading away, of diminishing in proximity or intensity.",,,noun:3,noun,False,0,,,,False,True,False,,,,,,absent,,,
fursona,2.02,0,0,1,"An animal character, typically anthropomorphic, used to represent oneself online or in furry role-playing.",,,noun:1,noun,False,0,,,,False,True,False,,,,,,absent,,,
whitebeard,2.02,0,0,1,An old man; a greybeard.,,,noun:1,noun,False,0,,,,False,True,False,,,,,,absent,,,
powerbomb,2.02,0,0,1,A professional wrestling throw in which an opponent is lifted up (usually so that they are sitting on the wrestler's shoulders) and then slammed back-first down to the mat.,,,noun:1;verb:1,noun,False,0,,,,False,True,False,,,,,,absent,,,
ristorante,2.02,0,0,1,An Italian restaurant.,,,noun:1,noun,False,1,PROPN,0.0,,False,True,False,,,,,,absent,,,
sheth,2.02,0,0,1,The bar on a plough which projects downward beneath the beam to connect to the sole.,,,noun:1,noun,False,0,,,,False,True,False,,,,,,absent,,,
minimax,2.02,0,0,1,"A decision rule used for minimizing the maximum possible loss, or maximizing the minimum gain.",,,verb:2;noun:1,verb,False,0,,,,False,True,False,,,,,,absent,,,
minifigure,2.02,0,0,1,"A small figure of a person, especially in toys such as Lego.",,,noun:1,noun,False,0,,,,False,True,False,,,,,,absent,,,
skydome,2.02,0,0,1,"A sphere or hemisphere with a texture on its inner face, used to simulate the sky or similar backdrop around a three-dimensional playfield.",,,noun:1,noun,False,0,,,,False,True,False,,,,,,absent,,,
skittering,2.02,0,0,1,The act of one who skitters.,,,noun:1;verb:1,noun,False,0,,,,False,True,False,,,"verb form (-ing, morphology)",,,absent,,,
distributable,2.02,0,0,2,Any of the costs that are not directly associated with a specific account.,,,noun:2;adj:1,noun,False,2,ADJ,0.0,,False,True,False,,,adjective-like (morphology),,,absent,,,
palenque,2.02,0,0,1,A community of runaway slaves.,,,noun:1,noun,False,0,,,,False,True,False,,,,,,absent,,,
microcredit,2.02,1,1,2,"The practice of making very small loans, especially to poor people to promote self-employment; microlending.",,,noun:2,noun,False,0,,,,False,True,False,,,,,,absent,,,
shellie,2.02,0,0,1,A small or miniature shell.,,,noun:1,noun,False,0,,,,False,True,False,,,,,,absent,,,
worldbuilding,2.02,0,1,3,"The conception and description of a fictional world, often as the setting of a work of fiction, particularly in speculative fiction.",,,noun:3,noun,False,0,,,,False,True,False,,,"verb form (-ing, morphology)",,,absent,,,
kingslayer,2.02,0,0,1,One who kills a king.,,,noun:1,noun,False,0,,,,False,True,False,,,,,,absent,,,
circuiting,2.02,0,0,1,circuitous movement,,,noun:1;verb:1,noun,False,0,,,,False,True,False,,,"verb form (-ing, morphology)",,,absent,,,
preg,2.02,0,0,1,Pregnancy.,,,adj:1;noun:1,adj,False,0,,,,False,True,False,,,,,,absent,,,
vario,2.02,0,0,1,Variometer,,,noun:1,noun,False,0,,,,False,True,False,,,,,,absent,,,
cribbing,2.02,1,1,5,"The members used to build a (structural) crib, usually of timbers or logs, but also of concrete, steel or even plastic; cribwork.",,,noun:5;verb:1,noun,False,0,,,,False,True,False,NOUN,,,,,absent,,,
cyclization,2.02,1,1,2,"The process of cyclizing, of becoming or causing to become aromatic.",,,noun:2,noun,False,0,,,,False,True,False,,,,,,absent,,,
schmoozing,2.02,1,1,1,The act of one who schmoozes.,,,verb:2;noun:1,verb,False,0,,,,False,True,False,,,"verb form (-ing, morphology)",,,absent,,,
warfighting,2.02,0,1,1,The fighting of a war.,,,noun:1,noun,False,0,,,,False,True,False,,,"verb form (-ing, morphology)",,,absent,,,
workrate,2.02,0,0,1,The rate at which work is performed.,,,noun:1,noun,False,0,,,,False,True,False,,,,,,absent,,,
kokoda,2.02,0,1,1,"A Fijian dish of raw fish marinated in citrus juice (especially lime or lemon), typically mixed with coconut cream, onions, chillies, and tomatoes; the Fijian version of ceviche.",,,noun:1,noun,False,0,,,,False,True,False,,,,,,absent,,,
multifactorial,2.02,0,0,1,A generalization of a factorial in which each element to be multiplied differs from the next by an integer (e.g. n(n-3)(n-6)(n-9)...).,,,adj:2;noun:1,adj,False,0,,,,False,True,False,,,adjective-like (morphology),,,absent,,,
neera,2.02,0,1,1,"A sweet sap extracted from the inflorescence of various species of toddy palm and widely consumed in India and other Asian countries, sometimes fermented to produce toddy.",,,noun:1,noun,False,0,,,,False,True,False,,,,,,absent,,,
herdman,2.02,0,0,1,Someone who herds animals; a herdsman.,,,noun:1,noun,False,0,,,,False,True,False,,,,,,absent,,,
bif,2.02,0,0,1,A public washroom.,,,noun:1,noun,False,0,,,,False,True,False,,,,,,absent,,,
dahi,2.02,0,1,1,A yogurt or fermented milk product.,,,noun:1,noun,False,0,,,,False,True,False,,,,,,absent,,,
genotyping,2.02,1,1,1,The process of determining a genotype,,,noun:1;verb:1,noun,False,0,,,,False,True,False,,,"verb form (-ing, morphology)",,,absent,,,
cyberwarfare,2.02,0,1,1,"Warfare taking place on the Internet, as by disrupting critical online services.",,,noun:1,noun,False,0,,,,False,True,False,,,,,,absent,,,
nads,2.02,0,0,2,The testicles.,,,noun:2,noun,False,1,NOUN,1.0,,False,True,False,,,,,,absent,,,
roza,2.02,0,0,1,"A garden, especially one at a mausoleum.",,,noun:1,noun,False,0,,,,False,True,False,,,,,,absent,,,
arche,2.02,1,1,1,"The first principle of existing things in pre-Socratic philosophy, initially assumed to be of water.",,,noun:1,noun,False,0,,,,False,True,False,,,,,,absent,,,
esca,2.02,0,0,4,The fleshy growth from an anglerfish's head that acts as a lure for its prey.,,,noun:4,noun,False,0,,,,False,True,False,,,,,,absent,,,
whare,2.02,0,0,2,A Maori house or other building.,,,noun:2,noun,False,0,,,,False,True,False,,,,,,absent,,,
zoomer,2.01,0,0,6,That which zooms.,,,noun:6,noun,False,0,,,,False,True,False,,,,,,absent,,,
remapping,2.01,0,0,1,A new mapping.,,,noun:1;verb:1,noun,False,0,,,,False,True,False,,,"verb form (-ing, morphology)",,,absent,,,
subcarrier,2.01,0,0,1,"A separate signal carried on a main radio transmission, often carrying additional information such as voice or data.",,,noun:1,noun,False,0,,,,False,True,False,,,,,,absent,,,
halloumi,2.01,0,1,1,"A traditional cheese from Cyprus, made from goat's and/or sheep's milk.",,,noun:1,noun,False,0,,,,False,True,False,,,,,,absent,,,
yager,2.01,0,0,2,"A heavy, muzzle-loading hunting rifle",,,noun:2,noun,False,0,,,,False,True,False,,,,,,absent,,,
yayo,2.01,0,1,1,cocaine,,,noun:1,noun,False,0,,,,False,True,False,,,,,,absent,,,
prest,2.01,0,0,5,A payment of wages in advance,,,noun:5;adj:3;verb:2,noun,False,0,,,,False,True,False,,,,,,absent,,,
apolipoprotein,2.01,0,0,1,Any polypeptide or protein that can serve as an apoprotein by binding with a lipid to form a lipoprotein.,,,noun:1,noun,False,0,,,,False,True,False,,,,,,absent,,,
orval,2.01,0,1,1,"A sage, of species Salvia viridis.",,,noun:1,noun,False,0,,,,False,True,False,,,,,,absent,,,
undeliverable,2.01,0,0,1,"A message, parcel, etc. that cannot be delivered.",,,adj:1;noun:1,adj,False,1,ADJ,0.0,,False,True,False,,,adjective-like (morphology),,,absent,,,
botrytis,2.01,0,1,1,"Any fungus of the genus Botrytis, especially Botrytis cinerea which is responsible for the formation of noble rot on grapes.",,,noun:1,noun,False,0,,,,False,True,False,,,,,,absent,,,
alvar,2.01,0,0,1,A limestone pavement.,,,noun:1,noun,False,0,,,,False,True,False,,,,,,absent,,,
barfi,2.01,0,0,1,"An Indian dessert made from sweetened, condensed milk flavoured with fruit and spices.",,,noun:1,noun,False,0,,,,False,True,False,,,,,,absent,,,
humbucker,2.01,0,0,1,"A pickup, on an electric guitar, that has a pair of coils of reverse polarity connected in series in order to reduce buzzing noise caused by mains frequency.",,,noun:1,noun,False,0,,,,False,True,False,,,,,,absent,,,
cerrado,2.01,1,1,2,A type of tropical savanna biome found in much of central Brazil and parts of Paraguay.,,,noun:2,noun,False,0,,,,False,True,False,,,,,,absent,,,
mahila,2.01,0,1,1,Woman or women.,,,noun:1,noun,False,0,,,,False,True,False,,,,,,absent,,,
superdrug,2.01,0,0,1,An especially potent or effective drug.,,,noun:1,noun,False,0,,,,False,True,False,,,,,,absent,,,
methoxy,2.01,0,0,1,The univalent radical CH₃-O- derived from methanol,,,noun:1,noun,False,0,,,,False,True,False,,,,,,absent,,,
beardy,2.01,0,0,5,A bearded person or animal:,,,noun:5;adj:2,noun,False,0,,,,False,True,False,,,,,,absent,,,
cannabidiol,2.01,0,0,1,A nonintoxicating cannabinoid found in the hemp plant Cannabis sativa.,,,noun:1,noun,False,0,,,,False,True,False,,,,,,absent,,,
infectivity,2.01,1,1,1,The ability of a pathogen to establish an infection,,,noun:1,noun,False,0,,,,False,True,False,,,,,,absent,,,
retinoid,2.01,0,0,1,Any of a class of compounds whose structure or effects on the body resemble retinol (vitamin A).,,,adj:1;noun:1,adj,False,0,,,,False,True,False,,,,,,absent,,,
counterstrike,2.01,0,0,1,The tactic of counterattacking.,,,noun:1;verb:1,noun,False,0,,,,False,True,False,,,,,,absent,,,
carbamazepine,2.01,1,1,1,"A synthetic compound of the benzodiazepine class, used as an anticonvulsant and analgesic drug.",,,noun:1,noun,False,0,,,,False,True,False,,,,,,absent,,,
toxoplasma,2.01,0,0,1,Any member of the genus Toxoplasma of parasitic sporozoans.,,,noun:1,noun,False,0,,,,False,True,False,,,,,,absent,,,
topline,2.01,0,0,5,"The upper curvature of a horse's or dog's withers, back, and loin.",,,noun:5;verb:3,noun,False,1,NOUN,1.0,,False,True,False,,,,,,absent,,,
bivariate,2.01,0,0,1,A polynomial or function with exactly two variables.,,,adj:1;noun:1,adj,False,1,ADJ,0.0,,False,True,False,,,,,,absent,,,
pandan,2.01,1,1,2,"A screw pine, screw palms (Pandanus spp.).",,,noun:2,noun,False,0,,,,False,True,False,,,,,,absent,,,
azz,2.01,0,0,1,ass; backside,,,noun:1,noun,False,0,,,,False,True,False,,,,,,absent,,,
fano,2.01,0,0,1,A non-singular complete algebraic variety whose anticanonical bundle is ample.,,,noun:1,noun,False,0,,,,False,True,False,,,,,,absent,,,
panko,2.01,0,1,1,"Coarse, dry breadcrumbs used in Japanese cuisine.",,,noun:1,noun,False,1,NOUN,1.0,,False,True,False,,,,,,absent,,,
debye,2.01,0,0,1,"The CGS unit of electric dipole moment, defined as 1 D = 10⁻¹⁸ statcoulomb-centimetre and computable from the SI unit coulomb-metre by multiplying by the factor 3.33564 × 10⁻³⁰.",,,noun:1,noun,False,0,,,,False,True,False,,,,,,absent,,,
neuropeptide,2.01,0,0,1,"Any of several peptides, such as endorphins, that function as neurotransmitters.",,,noun:1,noun,False,0,,,,False,True,False,,,,,,absent,,,
kuya,2.01,0,0,2,An elder brother.,,,noun:2,noun,False,0,,,,False,True,False,,,,,,absent,,,
kercher,2.01,0,0,1,A bandana.,,,noun:1,noun,False,0,,,,False,True,False,,,,,,absent,,,
gorn,2.01,0,1,1,"A work that dwells upon graphic and realistic scenes of sadistic torture, mutilation, vivisection, cannibalism, etc. to the point of being pornographic.",,,noun:1;verb:1,noun,False,0,,,,False,True,False,,,,,,absent,,,
banky,2.01,0,0,1,A child's blanket.,,,adj:1;noun:1,adj,False,0,,,,False,True,False,,,,,,absent,,,
bankside,2.01,0,0,1,The land by a riverbank.,,,noun:1,noun,False,0,,,,False,True,False,,,,,,absent,,,
pendejo,2.01,0,0,1,A stupid person.,,,noun:1,noun,False,0,,,,False,True,False,,,,,,absent,,,
nanga,2.01,0,0,1,A simple wooden harp or zither used in central and eastern Africa.,,,noun:1,noun,False,0,,,,False,True,False,,,,,,absent,,,
emeril,2.01,0,0,2,emery,,,noun:2,noun,False,0,,,,False,True,False,,,,,,absent,,,
kalamata,2.01,0,0,1,kalamata olive,,,noun:1,noun,False,0,,,,False,True,False,,,,,,absent,,,
hoose,2.01,0,0,1,house,,,noun:1,noun,False,0,,,,False,True,False,,,,,,absent,,,
wellbore,2.01,0,0,1,The hole produced when drilling an oil or gas well.,,,noun:1,noun,False,0,,,,False,True,False,,,,,,absent,,,
arber,2.01,0,0,1,One who engages in arbitrage; an arbitrageur.,,,noun:1,noun,False,0,,,,False,True,False,,,,,,absent,,,
kringle,2.01,0,0,1,"A Scandinavian pastry, a variety of pretzel.",,,noun:1,noun,False,1,PROPN,0.0,,False,True,False,,,,,,absent,,,
chala,2.01,0,0,1,"Croton scouleri, a tree native to the Galapagos.",,,noun:1,noun,False,0,,,,False,True,False,,,,,,absent,,,
epoxide,2.01,0,0,2,"Any of a class of organic compound, cyclic ethers, having a three-membered ring; they are prepared by the selective oxidation of alkenes or by ring-closure of halohydrins; used to make plastics.",,,noun:2,noun,False,0,,,,False,True,False,,,,,,absent,,,
malwa,2.01,0,1,1,"beer made with millet, common in Africa",,,noun:1,noun,False,0,,,,False,True,False,,,,,,absent,,,
widdle,2.01,1,1,2,Urine.,,,noun:2;verb:2;adj:1,noun,False,1,OTHER,0.0,,False,True,False,,,,,,absent,,,
multipolar,2.01,0,0,1,An electromagnetic machine in which several magnetic poles exist.,,,adj:2;noun:1,adj,False,1,ADJ,0.0,,False,True,False,,,,,,absent,,,
perine,2.01,0,0,1,A sporoderm layer surrounding the exine of many spores,,,noun:1,noun,False,0,,,,False,True,False,,,,,,absent,,,
tafsir,2.01,1,1,1,"A grammatical, historical, allegorical and/or traditional interpretation of the Qur'an.",,,noun:1,noun,False,0,,,,False,True,False,,,,,,absent,,,
taqueria,2.01,0,0,1,A restaurant specializing in tacos and other Mexican food.,,,noun:1,noun,False,0,,,,False,True,False,,,,,,absent,,,
merkin,2.01,0,0,4,"A woman's pubic wig. Worn for nude stage appearances and by women, originally after shaving their pubic hair to eliminate lice or for other reasons, now often as a fashion item.",,,noun:4;adj:1,noun,False,0,,,,False,True,False,,,,,,absent,,,
mux,2.01,0,1,2,"Dirt, filth or muck.",,,noun:2;verb:2,noun,False,0,,,,False,True,False,,,,,,absent,,,
megamind,2.01,0,0,1,A mind that is composed of other minds nested within it.,,,noun:1,noun,False,0,,,,False,True,False,,,,,,absent,,,
muthafucka,2.01,0,0,1,motherfucker,,,noun:1,noun,False,0,,,,False,True,False,,,,,,absent,,,
symplectic,2.01,0,0,2,"A symplectic bilinear form, manifold, geometry, etc.",,,adj:7;noun:2,adj,False,0,,,,False,True,False,,,adjective-like (morphology),,,absent,,,
godman,2.01,0,0,1,A charismatic male guru.,,,noun:1,noun,False,0,,,,False,True,False,,,,,,absent,,,
kuda,2.01,0,0,1,The Malayan tapir (Tapirus indicus).,,,noun:1,noun,False,0,,,,False,True,False,,,,,,absent,,,
abseiling,2.01,1,1,1,The process or act of abseiling.,,,noun:1;verb:1,noun,False,0,,,,False,True,False,,,"verb form (-ing, morphology)",,,absent,,,
absurdum,2.0,0,0,1,An illogical conclusion or state.,,,noun:1,noun,False,0,,,,False,True,False,,,,,,absent,,,
brak,2.0,0,0,1,A dog of mixed breed; a mongrel.,,,adj:1;noun:1,adj,False,0,,,,False,True,False,,,,,,absent,,,
lassi,2.0,1,1,1,A drink made with yogurt diluted with water and flavoured with salt or fruit juice.,,,noun:1,noun,False,0,,,,False,True,False,,,,,,absent,,,
chup,2.0,0,0,1,"A short, loud, and urgent sound, usually of a bird.",,,adj:1;intj:1;noun:1;verb:1,adj,False,0,,,,False,True,False,,,,,,absent,,,
vinyasa,2.0,0,0,2,"The transition between poses executed in succession, often timed with regular breathing.",,,noun:2,noun,False,0,,,,False,True,False,,,,,,absent,,,
viscoelastic,2.0,0,0,1,Such a material.,,,adj:1;noun:1,adj,False,4,ADJ,0.0,,False,True,False,,,adjective-like (morphology),,,absent,,,
citalopram,2.0,0,1,1,A drug that functions as a SSRI and is administered orally in the form of its hydrobromide C₂₀H₂₁FN₂O·HBr to treat depression and anxiety. It is marketed under the trademark Celexa.,,,noun:1,noun,False,0,,,,False,True,False,,,,,,absent,,,
levan,2.0,0,1,1,A homopolysaccharide composed of D-fructofuranosyl.,,,noun:1,noun,False,0,,,,False,True,False,,,,,,absent,,,
lifeform,2.0,0,0,1,Any specific living organism.,,,noun:1,noun,False,0,,,,False,True,False,,,,,,absent,,,
ustad,2.0,0,0,1,"a master, especially of music, in South Asia and the Middle East",,,noun:1,noun,False,0,,,,False,True,False,,,,,,absent,,,
util,2.0,1,1,3,A hypothetical unit measuring satisfaction.,,,noun:3,noun,False,0,,,,False,True,False,,,,,,absent,,,
unibrow,2.0,0,0,1,A pair of eyebrows which meet in the middle.,,,noun:1,noun,False,0,,,,False,True,False,,,,,,absent,,,
compostable,2.0,0,0,1,That which is suitable for compost.,,,adj:1;noun:1,adj,False,0,,,,False,True,False,,,adjective-like (morphology),,,absent,,,
trem,2.0,0,0,1,The vibrato system on a guitar.,,,noun:1,noun,False,0,,,,False,True,False,,,,,,absent,,,
connex,2.0,0,0,1,A correspondence between a projective space and its dual.,,,verb:2;adj:1;noun:1,verb,False,1,PROPN,0.0,,False,True,False,,,,,,absent,,,
amphibia,2.0,0,0,1,The amphibians.,,,noun:1,noun,False,0,,,,False,True,False,,,,,,absent,,,
makai,2.0,0,0,1,Any of the species Anthoshorea assamica (syn. Shorea assamica of trees of India.,,,adv:1;noun:1,adv,False,0,,,,False,True,False,,,,,,absent,,,
izzat,2.0,0,1,1,"Honour, pride; reputation.",,,contraction:1;noun:1,contraction,True,0,,,,False,True,False,,,,,,absent,,,
telemovie,2.0,0,0,1,A feature film produced and originally distributed by a television network.,,,noun:1,noun,False,0,,,,False,True,False,,,,,,absent,,,
terai,2.0,0,0,2,"A belt of marshy land, which lies between the foothills of the Himalayas and the plains.",,,noun:2,noun,False,0,,,,False,True,False,,,,,,absent,,,
cvm,2.0,0,1,1,Filter-avoidance spelling of cum.,,,noun:1;verb:1,noun,False,0,,,,False,True,False,,,,,,absent,,,
biggy,2.0,0,0,4,Something large in size in comparison to similar things.,,,noun:4,noun,False,0,,,,False,True,False,,,,,,absent,,,
danna,2.0,1,1,2,Human feces.,dunny,,noun:2,noun,False,0,,,,False,True,False,,,,,,absent,,,
calmodulin,2.0,1,1,1,A calcium-binding protein found in all nucleated cells,,,noun:1,noun,False,0,,,,False,True,False,,,,,,absent,,,
boff,2.0,0,0,5,A big laugh.,,,noun:5;verb:2,noun,False,0,,,,False,True,False,,,,,,absent,,,
superhot,2.0,0,0,1,A very hot chili pepper.,,,adj:1;noun:1,adj,False,0,,,,False,True,False,,,,,,absent,,,
microscale,2.0,0,0,3,A very small or microscopic scale.,,,noun:3;adj:1,noun,False,0,,,,False,True,False,,,,,,absent,,,
caballo,2.0,0,0,1,A horse.,,,noun:1,noun,False,0,,,,False,True,False,,,,,,absent,,,
mithril,2.0,0,1,1,"A fictional silvery metal of great strength and value, primarily in fantasy and role-playing settings.",,,noun:1,noun,False,0,,,,False,True,False,,,,,,absent,,,
idiocracy,2.0,1,1,2,A government run by idiots.,,,noun:2,noun,False,0,,,,False,True,False,,,,,,absent,,,
dimerization,2.0,1,1,1,Any chemical reaction in which two monomers react to form a dimer.,,,noun:1,noun,False,0,,,,False,True,False,,,,,,absent,,,
softshell,2.0,1,1,2,A softshell turtle (Trionychidae).,,,noun:2;adj:1,noun,False,0,,,,False,True,False,,,,,,absent,,,
modder,2.0,0,0,1,"Often preceded by a descriptive word: one who modifies a mass-manufactured object, especially computer hardware or software, or a motor vehicle.",,,adj:1;noun:1,adj,False,0,,,,False,True,False,,,,,,absent,,,
smokie,2.0,0,0,2,"A type of smoked sausage, often used for hot dogs.",,,noun:2,noun,False,0,,,,False,True,False,,,,,,absent,,,
sicario,2.0,0,0,1,"hitman, hired killer (especially when referring to Latin American drug cartels)",,,noun:1,noun,False,0,,,,False,True,False,,,,,,absent,,,
sieving,2.0,0,0,2,The act of passing something through a sieve.,,,noun:2;verb:1,noun,False,0,,,,False,True,False,NOUN;VERB,,"noun, also verb",,,absent,,,
motherfuck,2.0,0,0,2,A motherfucker.,,,noun:2;intj:1;verb:1,noun,False,0,,,,False,True,False,,,,,,absent,,,
moringa,2.0,0,0,1,"Any of several trees, of genus Moringa, that grow in tropical and subtropical India and Africa.",,,noun:1,noun,False,0,,,,False,True,False,,,,,,absent,,,
mortier,2.0,0,0,1,A cap of state worn by legal functionaries in France.,,,noun:1,noun,False,0,,,,False,True,False,,,,,,absent,,,
shafter,2.0,0,0,1,One who or that which shafts.,,,noun:1,noun,False,0,,,,False,True,False,,,,,,absent,,,
artha,2.0,0,1,1,"One of the four aims of human life in Indian philosophy, along with dharma (righteousness), kama (desire), and moksha (liberation). The concept is variously translated, with translations including ""me",,,noun:1,noun,False,0,,,,False,True,False,,,,,,absent,,,
ascorbate,2.0,0,0,1,Any salt or ester of ascorbic acid.,,,noun:1,noun,False,0,,,,False,True,False,,,,,,absent,,,
ashman,2.0,0,0,1,One employed to collect ash.,,,noun:1,noun,False,1,PROPN,0.0,,False,True,False,,,,,,absent,,,
serotonergic,2.0,0,0,1,That which is serotonergic.,,,adj:2;noun:1,adj,False,0,,,,False,True,False,,,adjective-like (morphology),,,absent,,,
multipath,2.0,0,1,1,A wireless propagation phenomenon that results in a signal reaching the receiving antenna by two or more paths.,,,adj:1;noun:1,adj,False,0,,,,False,True,False,,,,,,absent,,,
schizoaffective,2.0,0,0,1,A person who has a schizoaffective disorder.,,,adj:1;noun:1,adj,False,0,,,,False,True,False,,,adjective-like (morphology),,,absent,,,
seleucid,2.0,0,0,1,Any member of the Seleucidae.,,,noun:1,noun,False,1,PROPN,0.0,,False,True,False,,,,,,absent,,,
kodama,2.0,0,0,1,A type of Japanese tree spirit.,,,noun:1,noun,False,2,PROPN,0.0,,False,True,False,,,,,,absent,,,
edtech,2.0,1,1,2,"Educational technology, that is, technology (usually information technology) that is focused on education.",,,noun:2,noun,False,0,,,,False,True,False,,,,,,absent,,,
beemer,2.0,0,0,1,A BMW motorcycle or automobile.,,,noun:1,noun,False,0,,,,False,True,False,,,,,,absent,,,
sangiovese,2.0,1,1,2,Either of two grape varieties grown in Tuscany and Romagna.,,,noun:2,noun,False,0,,,,False,True,False,,,,,,absent,,,
bemba,2.0,0,0,1,A type of folk drum used in Trinidad and Tobago.,,,noun:1,noun,False,0,,,,False,True,False,,,,,,absent,,,
enneagram,2.0,0,0,2,A nine-pointed stellate polygon,,,noun:2,noun,False,0,,,,False,True,False,,,,,,absent,,,
rother,2.0,0,0,2,"A horned animal, especially an ox.",,,noun:2,noun,False,0,,,,False,True,False,,,,,,absent,,,
rituximab,2.0,0,1,1,A chimeric monoclonal antibody (trademark Rituxan) administered by intravenous injection especially to treat non-Hodgkin lymphoma and chronic lymphocytic leukemia by binding to the protein CD20 found ,,,noun:1,noun,False,0,,,,False,True,False,,,,,,absent,,,
riegel,2.0,0,0,1,A transverse ridge of bedrock that has been exposed by glacial erosion.,,,noun:1,noun,False,0,,,,False,True,False,,,,,,absent,,,
rikishi,2.0,0,0,1,A sumo wrestler.,,,noun:1,noun,False,0,,,,False,True,False,,,,,,absent,,,
kirtan,2.0,0,0,1,A call-and-response chant performed in India's devotional traditions.,,,noun:1,noun,False,0,,,,False,True,False,,,,,,absent,,,
ferd,2.0,0,1,5,A journey; a voyage.,,,noun:5;adj:2,noun,False,0,,,,False,True,False,,,,,,absent,,,
hamsa,2.0,0,0,1,The Hand of Fatima.,,,noun:1,noun,False,0,,,,False,True,False,,,,,,absent,,,
bayfront,2.0,0,0,1,The strip of land running along the shore of a bay,,,adj:1;noun:1,adj,False,0,,,,False,True,False,,,,,,absent,,,
broadhead,2.0,0,0,1,"A flat arrowhead with razor-sharp sides, intended to kill prey by causing severe bleeding.",,,noun:1,noun,False,0,,,,False,True,False,,,,,,absent,,,
onde,2.0,0,1,2,envy; hatred; malice,,,noun:2;verb:1,noun,False,0,,,,False,True,False,,,,,,absent,,,
guro,2.0,0,1,1,A subgenre of manga and anime focusing on gore and mutilation.,,,noun:1,noun,False,0,,,,False,True,False,,,,,,absent,,,
quim,2.0,0,0,2,The female genitalia; the vulva.,,,adj:2;noun:2,adj,False,0,,,,False,True,False,,,,,,absent,,,
purp,2.0,0,1,1,A variety of marijuana with purple flowers.,,,noun:1,noun,False,0,,,,False,True,False,,,,,,absent,,,
overclock,2.0,0,0,1,The act of overclocking.,,,noun:1;verb:1,noun,False,0,,,,False,True,False,,,,,,absent,,,
xylitol,2.0,1,1,1,"A pentahydric alcohol, C₅H₁₂O₅, penta-hydroxy pentane; derived from xylose; used as a sweetener.",,,noun:1,noun,False,0,,,,False,True,False,,,,,,absent,,,
prox,2.0,0,0,1,"The ticket or list of candidates at elections, presented to the people for their votes.",,,noun:1,noun,False,0,,,,False,True,False,,,,,,absent,,,
fumarate,2.0,0,0,1,Any salt or ester of fumaric acid; they are produced in the body as part of the urea cycle.,,,noun:1,noun,False,0,,,,False,True,False,,,,,,absent,,,
porcini,2.0,0,0,1,"An edible mushroom (Boletus edulis), prized for its flavor.",,,noun:1,noun,False,0,,,,False,True,False,,,,,,absent,,,
paulin,2.0,0,0,1,A tarpaulin.,,,noun:1,noun,False,0,,,,False,True,False,,,,,,absent,,,
playland,2.0,0,0,1,An area of free recreation,,,noun:1,noun,False,1,NOUN,1.0,,False,True,False,,,,,,absent,,,
phentermine,2.0,0,1,1,An appetite suppressant of the amphetamine and phenethylamine classes.,,,noun:1,noun,False,0,,,,False,True,False,,,,,,absent,,,
phospholipase,2.0,0,0,1,Any of several enzymes that hydrolyze the phosphate ester bonds of phospholipids.,,,noun:1,noun,False,0,,,,False,True,False,,,,,,absent,,,
san,4.97,0,0,2,"An Ancient Greek letter representing /s/ (uppercase Ϻ, lowercase ϻ), originally used in some dialects instead of sigma.",,,noun:2,noun,False,342,PROPN,0.006,name in practice (corpus),True,True,True,,,,,,absent,,,
sam,4.64,0,0,1,Federal narcotics agent.,,,verb:5;adj:2;adv:1;noun:1,verb,False,110,PROPN,0.0,name in practice (corpus),True,True,True,,,,,,absent,,,
jim,4.62,0,0,3,A one-pound banknote.,jeem,,noun:3;verb:1,noun,False,115,PROPN,0.017,name in practice (corpus),True,True,True,,,,,,absent,,,
daniel,4.62,0,0,1,The buttocks.,,,noun:1,noun,False,59,PROPN,0.0,name in practice (corpus),True,True,True,,,,,,absent,,,
kong,4.49,0,0,2,A set of four identical tiles.,,,noun:2,noun,False,218,PROPN,0.0,name in practice (corpus),True,True,True,,,,,,absent,,,
eric,4.49,0,0,1,A fine paid as compensation for violent crimes.,,,noun:1,noun,False,32,PROPN,0.0,name in practice (corpus),True,True,True,,,,,,absent,,,
jeff,4.45,0,0,2,A rope.,,,noun:2;verb:1,noun,False,82,PROPN,0.0,name in practice (corpus),True,True,True,,,,,,absent,,,
andy,4.43,0,0,1,android,,,noun:1,noun,False,57,PROPN,0.018,name in practice (corpus),True,True,True,,,,,,absent,,,
morgan,4.42,0,0,1,A unit for expressing the relative distance between genes on a chromosome.,,,noun:1,noun,False,108,PROPN,0.0,name in practice (corpus),True,True,True,NOUN,,,,,absent,,,
diego,4.36,0,0,1,"A Spanish-speaker, especially from Latin America.",,,noun:1,noun,False,35,PROPN,0.0,name in practice (corpus),True,True,True,,,,,,absent,,,
ann,4.35,0,0,1,An annate.,,,noun:1,noun,False,44,PROPN,0.0,name in practice (corpus),True,True,True,,,,,,absent,,,
kate,4.34,0,0,1,"The brambling finch, Fringilla montifringilla.",,,noun:1,noun,False,49,PROPN,0.02,name in practice (corpus),True,True,True,,,,,,absent,,,
jonathan,4.31,0,0,1,An instrument used by smokers to light pipes.,,,noun:1,noun,False,21,PROPN,0.0,name in practice (corpus),True,True,True,,,,,,absent,,,
barry,4.26,0,0,1,"A field divided transversely into several equal parts, and consisting of two different tinctures interchangeably disposed.",,,adj:2;noun:1,adj,False,10,PROPN,0.0,name in practice (corpus),True,True,True,,,,,,absent,,,
roy,4.25,0,0,1,A king.,,,adj:1;noun:1,adj,False,90,PROPN,0.0,name in practice (corpus),True,True,True,,,,,,absent,,,
steven,4.24,0,0,3,"Voice, especially when loud or strong.",,,noun:3,noun,False,71,PROPN,0.0,name in practice (corpus),True,True,True,,,,,,absent,,,
laura,4.24,0,0,2,A number of hermitages or cells in the same neighborhood occupied by anchorites who were under the same superior,,,noun:2,noun,False,35,PROPN,0.0,name in practice (corpus),True,True,True,,,,,,absent,,,
emma,4.23,0,0,1,M in RAF phonetic alphabet,,,noun:1,noun,False,14,PROPN,0.0,name in practice (corpus),True,True,True,,,,,,absent,,,
ron,4.22,0,1,1,heroin,,,noun:1,noun,False,27,PROPN,0.037,name in practice (corpus),True,True,True,,,,,,absent,,,
craig,4.18,0,0,1,A rocky crag.,,,noun:1,noun,False,22,PROPN,0.045,name in practice (corpus),True,True,True,,,,,,absent,,,
madison,4.17,0,0,2,"A track cycling relay race in which team members take turns while racing round the track for the largest number of laps, and exchange places with a team mate by means of a touch, which may be a push o",,,noun:2,noun,False,29,PROPN,0.0,name in practice (corpus),True,True,True,,,,,,absent,,,
jake,4.17,1,1,5,A juvenile male turkey.,,,noun:5;adj:1;verb:1,noun,False,20,PROPN,0.0,name in practice (corpus),True,True,True,,,,,,absent,,,
norman,4.14,0,0,2,"A wooden bar, or iron pin.",,,noun:2,noun,False,27,PROPN,0.0,name in practice (corpus),True,True,True,,,,,,absent,,,
vincent,4.14,0,0,1,"The victim or dupe in a betting game, especially bowls.",,,noun:1,noun,False,28,PROPN,0.0,name in practice (corpus),True,True,True,,,,,,absent,,,
juan,4.12,0,0,1,"A scroll of a traditional Chinese book, often (but not necessarily) corresponding to a single chapter or fascicle.",,,noun:1,noun,False,14,PROPN,0.071,name in practice (corpus),True,True,True,,,,,,absent,,,
ralph,4.1,0,0,1,A raven.,,,noun:1;verb:1,noun,False,40,PROPN,0.0,name in practice (corpus),True,True,True,,,,,,absent,,,
ellen,4.05,0,1,3,Zeal.,,,noun:3,noun,False,16,PROPN,0.0,name in practice (corpus),True,True,True,,,,,,absent,,,
chan,4.0,0,0,4,An IRC channel.,,,noun:4,noun,False,17,PROPN,0.059,name in practice (corpus),True,True,True,,,,,,absent,,,
karl,4.0,0,0,1,A medieval Scandinavian freeman.,,,noun:1,noun,False,21,PROPN,0.048,name in practice (corpus),True,True,True,,,,,,absent,,,
cohen,3.98,0,0,1,"A Jewish priest: direct male descendant of the Biblical high priest Aaron, brother of Moses.",,,noun:1,noun,False,9,PROPN,0.0,name in practice (corpus),True,True,True,,,,,,absent,,,
claire,3.98,0,0,1,A small enclosed pond used for gathering and greening oysters.,,,noun:1,noun,False,22,PROPN,0.0,name in practice (corpus),True,True,True,,,,,,absent,,,
han,3.93,0,1,1,"Sorrowful resentment, as a part of the Korean cultural identity.",,,noun:1;verb:1,noun,False,12,PROPN,0.0,name in practice (corpus),True,True,True,,,,,,absent,,,
vic,3.84,0,0,1,A victim of a homicide.,,,noun:1,noun,False,8,PROPN,0.0,name in practice (corpus),True,True,True,,,,,,absent,,,
dana,3.82,0,1,1,"The virtue of generosity or giving, a form of alms, in Indian philosophy.",,,noun:1,noun,False,5,PROPN,0.0,name in practice (corpus),True,True,True,,,,,,absent,,,
maggie,3.8,0,0,2,"Any of several kinds of bird in the family Corvidae, especially Pica pica.",,,noun:2,noun,False,24,PROPN,0.0,name in practice (corpus),True,True,True,,,,,,absent,,,
hal,3.67,0,0,1,"A special temporary state of consciousness, generally understood to be the product of a Sufi's spiritual practices while on his way toward God.",,,noun:1,noun,False,29,PROPN,0.0,name in practice (corpus),True,True,True,,,,,,absent,,,
alec,3.65,1,1,2,"An anchovy or herring, especially pickled or dried.",,,noun:2,noun,False,25,PROPN,0.0,name in practice (corpus),True,True,True,,,,,,absent,,,
frankie,3.65,0,0,2,An Indian snack resembling a burrito.,,,noun:2,noun,False,17,PROPN,0.0,name in practice (corpus),True,True,True,,,,,,absent,,,
yuri,3.62,0,1,1,A narrative or visual work featuring a romantic or sexual relationship between women.,,,noun:1,noun,False,7,PROPN,0.0,name in practice (corpus),True,True,True,,,,,,absent,,,
pam,3.6,1,1,5,The jack of clubs in loo played with hands of 5 cards.,palmo,,noun:5;verb:1,noun,False,11,PROPN,0.0,name in practice (corpus),True,True,True,,,,,,absent,,,
lawson,3.6,0,0,1,a chemical and dye found in henna (Lawsonia inermis),,,noun:1,noun,False,18,PROPN,0.0,name in practice (corpus),True,True,True,,,,,,absent,,,
calcutta,3.52,0,0,1,A form of auction in which people invest in a player's success,,,noun:1,noun,False,8,PROPN,0.0,name in practice (corpus),True,True,True,,,,,,absent,,,
yorker,3.49,0,0,1,A ball bowled so as to bounce at or near the batsman's popping crease.,,,noun:1,noun,False,12,PROPN,0.0,name in practice (corpus),True,True,True,,,,,,absent,,,
laurence,3.44,0,0,1,Synonym of lowrie.,,,noun:1,noun,False,22,PROPN,0.0,name in practice (corpus),True,True,True,,,,,,absent,,,
kemp,3.43,1,1,4,"A coarse or bristly hair, whisker; (in the plural) knotty hairs that will not felt.",,,noun:4;adj:1;verb:1,noun,False,6,PROPN,0.0,name in practice (corpus),True,True,True,,,,,,absent,,,
shea,3.38,0,0,2,"A tree (Vitellaria paradoxa) indigenous to Africa, occurring in Mali, Cameroon, Congo, Côte d'Ivoire, Ghana, Guinea, Togo, Nigeria, Senegal, Sudan, Burkina Faso and Uganda.",,,noun:2,noun,False,12,PROPN,0.083,name in practice (corpus),True,True,True,,,,,,absent,,,
dodd,3.36,0,0,1,A rounded summit of a hill; a lower summit or shoulder to a hill,,,noun:1;verb:1,noun,False,6,PROPN,0.0,name in practice (corpus),True,True,True,,,,,,absent,,,
hud,3.35,0,0,1,"A huck or hull, as of a nut.",,,noun:1,noun,False,24,PROPN,0.0,name in practice (corpus),True,True,True,,,,,,absent,,,
manu,3.34,0,0,2,"A method of diving similar to a cannonball/bomb but with the lower back entering the water first, causing a large splash.",,,noun:2,noun,False,5,PROPN,0.0,name in practice (corpus),True,True,True,,,,,,absent,,,
melvin,3.34,0,0,2,A wedgie performed from in front of the victim.,,,noun:2,noun,False,11,PROPN,0.0,name in practice (corpus),True,True,True,,,,,,absent,,,
palo,3.31,0,0,1,Any of the traditional musical forms in flamenco.,,,noun:1,noun,False,13,PROPN,0.0,name in practice (corpus),True,True,True,,,,,,absent,,,
lew,3.27,0,0,3,A French gold coin circulated in 15th-century Scotland.,,,adj:5;verb:4;noun:3;intj:1,adj,False,6,PROPN,0.0,name in practice (corpus),True,True,True,,,,,,absent,,,
matilda,3.26,0,0,1,"A bundle of possessions, often tied up in a sack; a swag.",,,noun:1,noun,False,7,PROPN,0.0,name in practice (corpus),True,True,True,,,,,,absent,,,
millie,3.2,0,0,2,"A mill worker, usually a young working-class woman working in the factories of Ireland's linen industry.",,,noun:2,noun,False,5,PROPN,0.0,name in practice (corpus),True,True,True,,,,,,absent,,,
conner,3.17,0,0,2,A corkwing wrasse (Symphodus melops),,,noun:2,noun,False,5,PROPN,0.0,name in practice (corpus),True,True,True,,,,,,absent,,,
osha,3.09,0,1,1,"A perennial herb of species Ligusticum porteri, found in parts of the Rocky Mountains and northern New Mexico.",,,noun:1,noun,False,11,PROPN,0.0,name in practice (corpus),True,True,True,,,,,,absent,,,
banco,3.03,0,0,2,"A bank, especially that of Venice; formerly used to indicate bank money, as distinguished from the current money when it has become depreciated.",,,noun:2;adj:1;verb:1,noun,False,9,PROPN,0.0,name in practice (corpus),True,True,True,,,,,,absent,,,
cray,3.01,0,0,1,A crayfish or lobster.,,,adj:1;noun:1,adj,False,37,PROPN,0.0,name in practice (corpus),True,True,True,,,,,,absent,,,
whig,2.99,0,0,2,"Acidulated whey, sometimes mixed with buttermilk and sweet herbs, used as a cooling beverage.",,,verb:3;noun:2,verb,False,7,PROPN,0.0,name in practice (corpus),True,True,True,,,,,,absent,,,
ritter,2.99,0,0,1,knight,,,noun:1,noun,False,9,PROPN,0.0,name in practice (corpus),True,True,True,,,,,,absent,,,
frisco,2.94,0,0,1,Synonym of frisk (“brisk and lively movement”).,,,noun:1,noun,False,9,PROPN,0.0,name in practice (corpus),True,True,True,,,,,,absent,,,
polaroid,2.91,0,0,4,"A sheet of plastic embedded with microscopic crystals of herapathite or similarly acting material, so that light passing through it is polarized.",,,noun:4;verb:1,noun,False,17,PROPN,0.0,name in practice (corpus),True,True,True,,,,,,absent,,,
hammersmith,2.91,0,0,1,A maker of hammers.,,,noun:1,noun,False,5,PROPN,0.0,name in practice (corpus),True,True,True,,,,,,absent,,,
zheng,2.89,0,0,1,Synonym of guzheng.,,,noun:1,noun,False,23,PROPN,0.0,name in practice (corpus),True,True,True,,,,,,absent,,,
chara,2.82,0,0,2,A green alga of the genus Chara.,,,noun:2,noun,False,0,,,,False,True,True,,,,,,absent,,,
needham,2.81,0,0,1,"A dessert bar made from sugar, chocolate, coconut, and potato, chiefly made and consumed in Maine in the US.",,,noun:1,noun,False,12,PROPN,0.0,name in practice (corpus),True,True,True,,,,,,absent,,,
merc,2.81,0,0,1,A mercenary.,,,noun:1;verb:1,noun,False,18,PROPN,0.056,name in practice (corpus),True,True,True,,,,,,absent,,,
tonto,2.67,0,1,2,Synonym of idiot: someone who is foolish or stupid.,,,noun:2;adj:1,noun,False,6,PROPN,0.0,name in practice (corpus),True,True,True,,,,,,absent,,,
masa,2.67,0,1,2,"A strong form of paper, smooth on one side and lightly textured on the other, used for drawing and painting.",,,noun:2,noun,False,2,PROPN,0.0,,False,True,True,,,,,,absent,,,
shriver,2.66,0,0,1,A person who shrives; a confessor,,,noun:1,noun,False,6,PROPN,0.0,name in practice (corpus),True,True,True,,,,,,absent,,,
verdun,2.66,0,0,1,A 16th-century form of rapier.,,,noun:1,noun,False,0,,,,False,True,True,,,,,,absent,,,
oakwood,2.63,1,1,2,A wood populated with oak trees.,,,noun:2,noun,False,5,PROPN,0.0,name in practice (corpus),True,True,True,,,,,,absent,,,
delphine,2.62,0,1,1,A fatty substance contained in the oil of the dolphin,,,adj:1;noun:1,adj,False,12,PROPN,0.0,name in practice (corpus),True,True,True,,,,,,absent,,,
brin,2.61,0,0,2,"One of the radiating sticks of a fan. The outermost are larger and longer, and are called panaches.",,,noun:2,noun,False,5,PROPN,0.0,name in practice (corpus),True,True,True,,,,,,absent,,,
arco,2.56,0,0,1,A passage to be played in this way.,,,adv:1;noun:1,adv,False,8,PROPN,0.0,name in practice (corpus),True,True,True,,,,,,absent,,,
latrobe,2.53,0,0,1,"A form of stove set into a fireplace, heating the room by radiation and the rooms above by hot air.",,,noun:1,noun,False,0,,,,False,True,True,,,,,,absent,,,
gorton,2.5,0,0,1,Synonym of creton.,,,noun:1,noun,False,32,PROPN,0.0,name in practice (corpus),True,True,True,,,,,,absent,,,
daf,2.46,0,0,2,"A large frame drum, resembling a tambourine, used to accompany popular and classical music in the Middle East.",,,noun:2;phrase:1,noun,True,8,PROPN,0.0,name in practice (corpus),True,True,True,,,,,,absent,,,
brandywine,2.45,1,1,1,Brandy.,,,noun:1,noun,False,7,PROPN,0.0,name in practice (corpus),True,True,True,,,,,,absent,,,
elkhorn,2.37,0,0,2,The horn of an elk.,,,noun:2,noun,False,5,PROPN,0.0,name in practice (corpus),True,True,True,,,,,,absent,,,
brannigan,2.24,0,0,2,"binge, bender, booze-up (where alcohol is drunk)",,,noun:2,noun,False,8,PROPN,0.0,name in practice (corpus),True,True,True,,,,,,absent,,,
mangal,2.21,0,0,2,A tropical and subtropical coastal intertidal swampland ecosystem characterized by mangroves or similar shrubs and trees.,,,noun:2,noun,False,8,PROPN,0.0,name in practice (corpus),True,True,True,,,adjective-like (morphology),,,absent,,,
nonna,2.21,0,0,1,"A grandmother, especially one with Italian ancestry.",,,noun:1,noun,False,6,PROPN,0.0,name in practice (corpus),True,True,True,,,,,,absent,,,
sugarman,2.17,0,0,1,A worker in sugar production.,,,noun:1,noun,False,5,PROPN,0.0,name in practice (corpus),True,True,True,,,,,,absent,,,
barger,2.09,0,0,2,One who barges or shoves.,,,noun:2,noun,False,5,PROPN,0.0,name in practice (corpus),True,True,True,,,,,,absent,,,
rohe,2.07,0,0,1,"A Māori tribal territory or region; (loosely), an area or region.",,,noun:1,noun,False,5,PROPN,0.0,name in practice (corpus),True,True,True,,,,,,absent,,,
tolley,2.0,0,0,1,Synonym of tawse (“strap or thong for corporal punishment in schools”).,,,noun:1,noun,False,6,PROPN,0.0,name in practice (corpus),True,True,True,,,,,,absent,,,
comes,5.36,0,0,1,"The answer to the theme, or dux, in a fugue.",,verb in practice (corpus),noun:1;verb:1,noun,False,382,VERB,0.0,,False,False,False,NOUN;VERB,,"noun, also verb",come,,absent,,,
lol,5.05,0,0,1,Alternative letter-case form of LOL.,LOL,letter-case variant (Wiktionary gloss),intj:2;noun:1;particle:1;verb:1,intj,False,865,OTHER,0.01,,False,False,False,,,,,,absent,,,
ve,4.56,0,0,1,The name of the Cyrillic script letter В / в.,,pron in Wiktionary (not a noun),pron:2;noun:1,pron,False,27,VERB,0.407,usually verb (corpus),False,False,False,,,,,,absent,,,
da,4.54,0,1,2,Father.,,intj in Wiktionary (not a noun),intj:2;noun:2;article:1,intj,False,51,OTHER,0.157,,False,False,False,,,,,,absent,,,
bc,4.49,0,0,3,Abbreviation of basso continuo.,basso continuo,initialism or abbreviation (Wiktionary gloss),noun:3;adv:1;conj:1,noun,True,19,PROPN,0.316,,False,False,False,,,,,,absent,,,
na,4.42,0,0,1,Abbreviation of noun animate.,noun animate,initialism or abbreviation (Wiktionary gloss),adv:4;intj:1;noun:1,adv,True,183,OTHER,0.0,,False,False,False,,,,,,absent,,,
sc,4.18,0,0,4,Initialism of softcover.,softcover,initialism or abbreviation (Wiktionary gloss),noun:4,noun,True,3,PROPN,0.0,,False,False,False,,,,,,absent,,,
mps,4.16,0,0,1,Initialism of meter per second.,meter per second,initialism or abbreviation (Wiktionary gloss),noun:1,noun,True,1,PROPN,0.0,,False,False,False,,,,,,absent,,,
vi,4.09,0,0,1,"Initialism of verb intransitive or intransitive verb, often in dictionaries.",verb intransitive or intransitive verb,initialism or abbreviation (Wiktionary gloss),noun:1,noun,True,13,OTHER,0.0,,False,False,False,,,,,,absent,,,
lgbt,4.04,0,0,1,Alternative letter-case form of LGBT.,LGBT,letter-case variant (Wiktionary gloss),noun:1,noun,False,2,PROPN,0.0,,False,False,False,,,,,,absent,,,
au,4.02,0,0,5,Abbreviation of atomic unit.,atomic unit,initialism or abbreviation (Wiktionary gloss),noun:5,noun,True,3,NOUN,0.667,,False,False,False,,,,,,absent,,,
neo,3.99,0,0,5,Clipping of neofan.,neofan,clipping (Wiktionary gloss),noun:5,noun,True,8,PROPN,0.0,,False,False,False,,,,,,absent,,,
jin,3.98,0,0,2,Alternative spelling of jinn.,jinn,spelling variant of another word (Wiktionary gloss),noun:2,noun,False,1,PROPN,0.0,,False,False,False,,,,,,absent,,,
alot,3.93,0,1,1,Alternative form of a lot.,a lot,spelling variant of another word (Wiktionary gloss),adv:1;noun:1;verb:1,adv,False,12,ADV,0.25,usually adverb (corpus),False,False,False,,,,,,absent,,,
ni,3.93,0,0,1,Initialism of noun inanimate.,noun inanimate,initialism or abbreviation (Wiktionary gloss),noun:1,noun,True,0,,,,False,False,False,,,,,,absent,,,
td,3.89,0,0,1,"Abbreviation of table data (standard cells that contains data, no table headers).",table data,initialism or abbreviation (Wiktionary gloss),adv:1;noun:1,adv,True,2,NOUN,1.0,,False,False,False,,,,,,absent,,,
sd,3.89,0,0,1,Alternative letter-case form of SD (“standard deviation”).,SD,letter-case variant (Wiktionary gloss),noun:1,noun,False,3,PROPN,0.333,,False,False,False,,,,,,absent,,,
gf,3.88,0,0,1,Alternative letter-case form of GF (“girlfriend”).,GF,letter-case variant (Wiktionary gloss),noun:1,noun,False,5,NOUN,1.0,,False,False,False,,,,,,absent,,,
ahh,3.86,0,0,2,Alternative spelling of aah.,aah,spelling variant of another word (Wiktionary gloss),noun:2;intj:1;particle:1;verb:1,noun,False,7,OTHER,0.0,,False,False,False,,,,,,absent,,,
vii,3.84,0,0,1,Initialism of verb inanimate intransitive.,verb inanimate intransitive,initialism or abbreviation (Wiktionary gloss),noun:1,noun,True,4,PROPN,0.0,,False,False,False,,,,,,absent,,,
bb,3.84,0,0,2,Alternative spelling of BB.,BB,spelling variant of another word (Wiktionary gloss),noun:2,noun,True,1,NOUN,1.0,,False,False,False,,,,,,absent,,,
ce,3.83,0,0,1,Alternative form of cee (“the letter C”).,cee,spelling variant of another word (Wiktionary gloss),noun:1,noun,False,3,NOUN,1.0,,False,False,False,,,,,,absent,,,
cp,3.79,0,0,2,Abbreviation of codepage.,codepage,initialism or abbreviation (Wiktionary gloss),noun:2;verb:1,noun,True,4,NOUN,0.75,,False,False,False,,,,,,absent,,,
ky,3.77,0,1,2,Alternative form of kye: plural of cow.,kye,spelling variant of another word (Wiktionary gloss),noun:2;symbol:1,noun,False,6,PROPN,0.167,,False,False,False,,,,,,absent,,,
aaa,3.77,0,0,6,Initialism of abdominal aortic aneurysm.,abdominal aortic aneurysm,initialism or abbreviation (Wiktionary gloss),noun:6,noun,True,2,NOUN,0.5,,False,False,False,,,,,,absent,,,
vip,3.76,0,0,1,Alternative letter-case form of VIP (“very important person”).,VIP,letter-case variant (Wiktionary gloss),noun:1,noun,False,3,NOUN,0.667,,False,False,False,,,,,,absent,,,
nt,3.75,0,0,2,Alternative form of n/t (“no text”).,n/t,spelling variant of another word (Wiktionary gloss),noun:2,noun,True,99,ADV,0.01,,False,False,False,,,,,,absent,,,
xxx,3.73,0,1,1,"An abbreviation for kisses, usually placed at the end of a letter or text message, often alongside ooo (hugs).",,initialism or abbreviation (Wiktionary gloss),noun:1,noun,True,24,NOUN,0.833,,False,False,False,,,,,,absent,,,
og,3.72,0,0,1,Initialism of own goal.,own goal,initialism or abbreviation (Wiktionary gloss),noun:1,noun,True,0,,,,False,False,False,,,,,,absent,,,
uc,3.72,0,1,1,Initialism of upper case.,upper case,initialism or abbreviation (Wiktionary gloss),noun:1,noun,True,3,PROPN,0.0,,False,False,False,,,,,,absent,,,
sm,3.71,0,0,1,Initialism of slip marker.,slip marker,initialism or abbreviation (Wiktionary gloss),adv:1;noun:1,adv,True,2,PROPN,0.0,,False,False,False,,,,,,absent,,,
ipod,3.69,0,0,1,Misspelling of iPod.,iPod,misspelling (Wiktionary gloss),noun:1,noun,False,8,NOUN,0.625,,False,False,False,,,,,,absent,,,
az,3.68,0,1,2,Alternative form of az. (“azure”).,az.,spelling variant of another word (Wiktionary gloss),noun:2;adv:1,noun,False,3,PROPN,0.0,,False,False,False,,,,,,absent,,,
acc,3.67,0,0,2,Abbreviation of accusative case,accusative case,initialism or abbreviation (Wiktionary gloss),noun:2;adv:1;verb:1,noun,True,0,,,,False,False,False,,,,,,absent,,,
heh,3.67,0,0,1,"The fifth letter of many Semitic alphabets (Phoenician 𐤄, Aramaic 𐡄, Hebrew ה, Syriac ܗ, Arabic ه, and others).",,intj in Wiktionary (not a noun),intj:2;noun:1,intj,False,21,OTHER,0.048,,False,False,False,,,,,,absent,,,
bbq,3.66,0,0,1,Alternative letter-case form of BBQ.,BBQ,letter-case variant (Wiktionary gloss),noun:1,noun,False,4,NOUN,1.0,,False,False,False,,,,,,absent,,,
hc,3.65,0,0,1,Alternative letter-case form of HC (“headcanon”).,HC,letter-case variant (Wiktionary gloss),noun:1;verb:1,noun,False,0,,,,False,False,False,,,,,,absent,,,
romney,3.64,1,1,1,Alternative form of rumney.,rumney,spelling variant of another word (Wiktionary gloss),noun:1,noun,False,1,PROPN,0.0,,False,False,False,,,,,,absent,,,
saunders,3.63,0,1,1,Alternative form of sanders (“sandalwood”).,sanders,spelling variant of another word (Wiktionary gloss),noun:1,noun,False,2,PROPN,0.0,,False,False,False,,,,,,absent,,,
hath,3.62,0,0,1,Alternative form of hauth (“unit of measure”).,hauth,spelling variant of another word (Wiktionary gloss),noun:1;verb:1,noun,False,3,OTHER,0.0,,False,False,False,,,,,,absent,,,
ay,3.61,0,0,2,Alternative spelling of aye (“yes”).,aye,spelling variant of another word (Wiktionary gloss),intj:6;noun:2;adv:1,intj,False,1,OTHER,0.0,,False,False,False,,,,,,absent,,,
kickstarter,3.59,0,0,1,Alternative form of kick-starter.,kick-starter,spelling variant of another word (Wiktionary gloss),noun:1,noun,False,2,PROPN,0.0,,False,False,False,,,,,,absent,,,
gc,3.57,0,0,1,Initialism of group chat.,group chat,initialism or abbreviation (Wiktionary gloss),noun:1;phrase:1,noun,True,0,,,,False,False,False,,,,,,absent,,,
rf,3.55,0,0,1,Initialism of radio frequency.,radio frequency,initialism or abbreviation (Wiktionary gloss),noun:1,noun,True,1,NOUN,1.0,,False,False,False,,,,,,absent,,,
ul,3.54,0,0,1,Alternative form of UL (“upload”).,UL,spelling variant of another word (Wiktionary gloss),contraction:1;noun:1;verb:1,contraction,True,1,PROPN,0.0,,False,False,False,,,,,,absent,,,
pb,3.52,0,0,1,Abbreviation of power brakes.,power brakes,initialism or abbreviation (Wiktionary gloss),noun:1,noun,True,1,NOUN,1.0,,False,False,False,,,,,,absent,,,
lc,3.52,0,1,1,Initialism of lower case.,lower case,initialism or abbreviation (Wiktionary gloss),noun:1,noun,True,1,NOUN,1.0,,False,False,False,,,,,,absent,,,
shi,3.46,0,1,2,Abbreviation of shibire.,shibire,initialism or abbreviation (Wiktionary gloss),noun:2;intj:1;pron:1,noun,True,0,,,,False,False,False,,,,,,absent,,,
wah,3.45,0,0,2,The red panda.,,intj in Wiktionary (not a noun),intj:3;noun:2,intj,False,1,PROPN,0.0,,False,False,False,,,,,,absent,,,
nv,3.45,0,1,1,Initialism of novel/new variant.,novel/new variant,initialism or abbreviation (Wiktionary gloss),noun:1,noun,True,2,PROPN,0.0,,False,False,False,,,,,,absent,,,
qc,3.44,0,1,1,Abbreviation of quaternionic contact.,quaternionic contact,initialism or abbreviation (Wiktionary gloss),noun:1,noun,True,1,PROPN,0.0,,False,False,False,,,,,,absent,,,
gg,3.44,0,0,1,"Loss, defeat, game over.",,intj in Wiktionary (not a noun),intj:2;noun:1,intj,True,1,PROPN,0.0,,False,False,False,,,,,,absent,,,
tp,3.43,0,0,2,Initialism of toilet paper.,toilet paper,initialism or abbreviation (Wiktionary gloss),noun:2;verb:1,noun,True,1,NOUN,1.0,,False,False,False,,,,,,absent,,,
irl,3.43,0,0,1,Alternative letter-case form of IRL.,IRL,letter-case variant (Wiktionary gloss),adj:1;adv:1;noun:1,adj,False,1,PROPN,0.0,,False,False,False,,,,,,absent,,,
offseason,3.43,0,0,1,Alternative form of off-season.,off-season,spelling variant of another word (Wiktionary gloss),noun:1,noun,False,0,,,,False,False,False,,,,,,absent,,,
duffy,3.41,0,0,1,Archaic form of duppy (“Caribbean ghost or spirit”).,duppy,spelling variant of another word (Wiktionary gloss),noun:1,noun,False,2,PROPN,0.0,,False,False,False,,,,,,absent,,,
maj,3.41,0,1,1,Alternative form of maj..,maj.,spelling variant of another word (Wiktionary gloss),noun:1,noun,False,0,,,,False,False,False,,,,,,absent,,,
wc,3.41,0,0,1,Initialism of word choice.,word choice,initialism or abbreviation (Wiktionary gloss),noun:1,noun,True,1,OTHER,0.0,,False,False,False,,,,,,absent,,,
womens,3.4,0,0,2,Alternative form of women (“plural of woman”).,women,spelling variant of another word (Wiktionary gloss),noun:2,noun,False,0,,,,False,False,False,,,,,,absent,,,
gu,3.4,0,0,2,Alternative spelling of gue (“Shetland fiddle”).,gue,spelling variant of another word (Wiktionary gloss),noun:2,noun,False,0,,,,False,False,False,,,,,,absent,,,
oooh,3.39,0,0,1,Elongated form of ooh.,,intj in Wiktionary (not a noun),intj:1;noun:1;verb:1,intj,False,2,PROPN,0.0,,False,False,False,,,,,,absent,,,
lv,3.39,1,1,10,Initialism of latent variable.,latent variable,initialism or abbreviation (Wiktionary gloss),noun:10,noun,True,2,PROPN,0.0,,False,False,False,,,,,,absent,,,
louie,3.38,0,0,1,Alternative form of looey.,looey,spelling variant of another word (Wiktionary gloss),noun:1,noun,False,0,,,,False,False,False,,,,,,absent,,,
nb,3.37,0,0,1,Initialism of no ball.,no ball,initialism or abbreviation (Wiktionary gloss),adj:1;noun:1;phrase:1;pron:1,adj,True,3,PROPN,0.0,,False,False,False,,,,,,absent,,,
fulham,3.37,0,0,2,Alternative form of fullam (“loaded die”).,fullam,spelling variant of another word (Wiktionary gloss),noun:2,noun,False,2,PROPN,0.0,,False,False,False,,,,,,absent,,,
judd,3.37,0,0,1,Alternative form of jud.,jud,spelling variant of another word (Wiktionary gloss),noun:1,noun,False,4,PROPN,0.0,,False,False,False,,,,,,absent,,,
cheng,3.37,0,0,1,Alternative form of sheng (Chinese wind instrument),sheng,spelling variant of another word (Wiktionary gloss),noun:1,noun,False,3,PROPN,0.0,,False,False,False,,,,,,absent,,,
cher,3.36,0,0,1,Alternative spelling of 'cher.,'cher,spelling variant of another word (Wiktionary gloss),noun:1,noun,False,1,PROPN,0.0,,False,False,False,,,,,,absent,,,
rubin,3.35,0,0,1,Alternative form of rubine (“(obsolete) a ruby”).,rubine,spelling variant of another word (Wiktionary gloss),noun:1,noun,False,1,PROPN,0.0,,False,False,False,,,,,,absent,,,
wp,3.34,0,0,1,Alternative form of WP.,WP,spelling variant of another word (Wiktionary gloss),noun:1,noun,True,3,PROPN,0.0,,False,False,False,,,,,,absent,,,
ww,3.33,0,0,1,Initialism of wrong word.,wrong word,initialism or abbreviation (Wiktionary gloss),noun:1,noun,True,1,PROPN,0.0,,False,False,False,,,,,,absent,,,
tata,3.33,0,0,1,Alternative form of ta-ta (“breast”).,ta-ta,spelling variant of another word (Wiktionary gloss),intj:1;noun:1,intj,False,0,,,,False,False,False,,,,,,absent,,,
nye,3.32,0,0,1,Alternative form of nide (“nest of pheasants”).,nide,spelling variant of another word (Wiktionary gloss),noun:1,noun,False,2,PROPN,0.0,,False,False,False,,,,,,absent,,,
siri,3.3,0,1,1,Alternative form of sirih (“plant”).,sirih,spelling variant of another word (Wiktionary gloss),noun:1,noun,False,2,PROPN,0.0,,False,False,False,,,,,,absent,,,
thankyou,3.29,0,0,1,Alternative spelling of thank-you.,thank-you,spelling variant of another word (Wiktionary gloss),intj:1;noun:1,intj,False,1,PROPN,0.0,,False,False,False,,,,,,absent,,,
ying,3.28,0,0,1,Alternative form of ching (“knife”).,ching,spelling variant of another word (Wiktionary gloss),noun:1;verb:1,noun,False,1,PROPN,0.0,,False,False,False,,,,,,absent,,,
cpi,3.28,0,0,2,Initialism of characters per inch.,,initialism or abbreviation (Wiktionary gloss),noun:2,noun,True,7,NOUN,0.571,,False,False,False,,,,,,absent,,,
bj,3.28,0,0,1,Initialism of blow job.,blow job,initialism or abbreviation (Wiktionary gloss),noun:1,noun,True,3,PROPN,0.0,,False,False,False,,,,,,absent,,,
mh,3.28,0,0,1,Initialism of mental health.,mental health,initialism or abbreviation (Wiktionary gloss),noun:1,noun,True,2,OTHER,0.0,,False,False,False,,,,,,absent,,,
str,3.27,0,1,7,Abbreviation of string(s).,string(s),initialism or abbreviation (Wiktionary gloss),noun:7;adj:3;adv:2,noun,True,0,,,,False,False,False,,,,,,absent,,,
jb,3.27,0,1,1,Initialism of jailbait.,jailbait,initialism or abbreviation (Wiktionary gloss),noun:1,noun,True,0,,,,False,False,False,,,,,,absent,,,
isp,3.25,0,0,1,Abbreviation of ichnospecies.,ichnospecies,initialism or abbreviation (Wiktionary gloss),noun:1,noun,True,0,,,,False,False,False,,,,,,absent,,,
deadpool,3.24,0,0,2,Alternative form of dead pool (“a point at which a reservoir no longer has enough water”).,dead pool,spelling variant of another word (Wiktionary gloss),noun:2;verb:1,noun,False,0,,,,False,False,False,,,,,,absent,,,
abt,3.24,0,1,1,Initialism of all but thesis.,all but thesis,initialism or abbreviation (Wiktionary gloss),noun:1;prep:1,noun,True,1,OTHER,0.0,,False,False,False,,,,,,absent,,,
hua,3.24,0,0,2,Alternative form of hooer.,hooer,spelling variant of another word (Wiktionary gloss),noun:2,noun,True,0,,,,False,False,False,,,,,,absent,,,
bw,3.23,0,1,2,Abbreviation of bodyweight.,bodyweight,initialism or abbreviation (Wiktionary gloss),noun:2,noun,True,6,NOUN,0.833,,False,False,False,,,,,,absent,,,
ctrl,3.22,0,0,1,Alternative form of ctrl. Abbreviation of control.,ctrl.,spelling variant of another word (Wiktionary gloss),noun:1,noun,True,1,PROPN,0.0,,False,False,False,,,,,,absent,,,
mrna,3.2,0,0,1,Alternative form of mRNA.,mRNA,spelling variant of another word (Wiktionary gloss),noun:1,noun,False,8,NOUN,1.0,,False,False,False,,,,,,absent,,,
har,3.2,0,0,1,A hinge.,,intj in Wiktionary (not a noun),intj:1;noun:1;particle:1,intj,False,0,,,,False,False,False,,,,,,absent,,,
gis,3.2,0,1,1,Alternative spelling of jizz.,jizz,spelling variant of another word (Wiktionary gloss),contraction:1;noun:1,contraction,True,10,NOUN,0.9,,False,False,False,,,,,,absent,,,
antifa,3.2,1,1,2,Clipping of antifascism.,antifascism,clipping (Wiktionary gloss),noun:2;adj:1;name:1,noun,True,0,,,,False,False,False,,,,,,absent,,,
lvl,3.18,0,0,1,Alternative letter-case form of LVL.,LVL,letter-case variant (Wiktionary gloss),noun:1,noun,False,0,,,,False,False,False,,,,,,absent,,,
adm,3.18,0,0,1,"Abbreviation of administer and related forms of that word (administering, administrate, administration. administrative, administrator, etc.)",administer and related forms of that word,initialism or abbreviation (Wiktionary gloss),noun:1,noun,True,0,,,,False,False,False,,,,,,absent,,,
bama,3.17,0,0,1,Alternative form of bamma (“an unstylish rural person; a hick”).,bamma,spelling variant of another word (Wiktionary gloss),noun:1,noun,False,0,,,,False,False,False,,,,,,absent,,,
sn,3.17,0,0,1,Abbreviation of screenname.,screenname,initialism or abbreviation (Wiktionary gloss),noun:1,noun,True,0,,,,False,False,False,,,,,,absent,,,
timeframe,3.16,0,0,1,Alternative spelling of time frame.,time frame,spelling variant of another word (Wiktionary gloss),noun:1,noun,False,2,NOUN,1.0,,False,False,False,,,,,,absent,,,
roadmap,3.16,0,0,1,Alternative form of road map.,road map,spelling variant of another word (Wiktionary gloss),noun:1;verb:1,noun,False,1,NOUN,1.0,,False,False,False,,,,,,absent,,,
gsm,3.15,0,0,1,Initialism of grams per square metre (unit for measuring the weight of paper).,grams per square metre,initialism or abbreviation (Wiktionary gloss),noun:1,noun,True,0,,,,False,False,False,,,,,,absent,,,
carney,3.14,1,1,1,Alternative spelling of carny.,carny,spelling variant of another word (Wiktionary gloss),noun:1;verb:1,noun,False,3,PROPN,0.0,,False,False,False,,,,,,absent,,,
hawkeye,3.13,0,0,1,Alternative spelling of hawk-eye.,hawk-eye,spelling variant of another word (Wiktionary gloss),noun:1,noun,False,0,,,,False,False,False,,,,,,absent,,,
xo,3.13,0,0,1,"Alternative form of xoxo (an abbreviation for hugs and kisses, usually placed at the end of a letter.)",xoxo,spelling variant of another word (Wiktionary gloss),noun:1,noun,False,0,,,,False,False,False,,,,,,absent,,,
bpd,3.1,0,0,1,Initialism of barrels per day.,barrels per day,initialism or abbreviation (Wiktionary gloss),noun:1,noun,True,5,NOUN,1.0,,False,False,False,,,,,,absent,,,
ppg,3.1,0,0,1,Alternative letter-case form of PPG.,PPG,letter-case variant (Wiktionary gloss),noun:1,noun,False,2,PROPN,0.0,,False,False,False,,,,,,absent,,,
mooney,3.1,0,0,1,Alternative form of moony.,moony,spelling variant of another word (Wiktionary gloss),adj:1;noun:1,adj,False,1,PROPN,0.0,,False,False,False,,,,,,absent,,,
amtrak,3.09,0,0,1,Alternative form of amtrac (“amphibious vehicle”).,amtrac,spelling variant of another word (Wiktionary gloss),noun:1,noun,False,4,PROPN,0.0,,False,False,False,,,,,,absent,,,
nbsp,3.09,0,0,1,Initialism of non-breaking space.,non-breaking space,initialism or abbreviation (Wiktionary gloss),noun:1,noun,True,0,,,,False,False,False,,,,,,absent,,,
carlin,3.07,0,0,2,Alternative form of carline (“old woman”).,carline,spelling variant of another word (Wiktionary gloss),noun:2,noun,False,0,,,,False,False,False,,,,,,absent,,,
goto,3.07,0,0,1,Alternative letter-case form of GOTO.,GOTO,letter-case variant (Wiktionary gloss),noun:1,noun,False,1,PROPN,0.0,,False,False,False,,,,,,absent,,,
tron,3.07,0,0,1,Obsolete form of trone (“weighing machine”).,trone,spelling variant of another word (Wiktionary gloss),noun:1,noun,False,0,,,,False,False,False,,,,,,absent,,,
boyz,3.07,0,0,1,Eye dialect spelling of boys; plural of boy.,boys,spelling variant of another word (Wiktionary gloss),noun:1,noun,False,1,PROPN,0.0,,False,False,False,,,,,,absent,,,
ze,3.06,0,0,1,The name of the Cyrillic script letter З / з.,,article in Wiktionary (not a noun),article:1;noun:1;pron:1,article,False,0,,,,False,False,False,,,,,,absent,,,
signup,3.06,0,0,1,Alternative spelling of sign-up.,sign-up,spelling variant of another word (Wiktionary gloss),noun:1,noun,False,0,,,,False,False,False,,,,,,absent,,,
kee,3.06,0,0,1,Alternative form of kye (“cow”).,kye,spelling variant of another word (Wiktionary gloss),noun:1,noun,False,1,VERB,0.0,,False,False,False,,,,,,absent,,,
tas,3.03,0,0,1,Alternative spelling of tass.,tass,spelling variant of another word (Wiktionary gloss),noun:1,noun,False,0,,,,False,False,False,,,,,,absent,,,
suk,3.02,0,0,1,Alternative spelling of souq.,souq,spelling variant of another word (Wiktionary gloss),noun:1,noun,False,0,,,,False,False,False,,,,,,absent,,,
berwick,3.01,0,0,1,Alternative form of berewick,berewick,spelling variant of another word (Wiktionary gloss),noun:1,noun,False,0,,,,False,False,False,,,,,,absent,,,
aq,2.99,0,0,1,Abbreviation of aqueous solution.,aqueous solution,initialism or abbreviation (Wiktionary gloss),adj:1;noun:1,adj,True,1,PROPN,0.0,,False,False,False,,,,,,absent,,,
wishlist,2.99,0,0,1,Alternative form of wish list.,wish list,spelling variant of another word (Wiktionary gloss),noun:1;verb:1,noun,False,1,PROPN,0.0,,False,False,False,,,,,,absent,,,
oss,2.98,0,0,1,Alternative spelling of 'oss.,'oss,spelling variant of another word (Wiktionary gloss),verb:2;noun:1,verb,False,0,,,,False,False,False,,,,,,absent,,,
gre,2.98,0,0,1,Obsolete form of gree.,gree,spelling variant of another word (Wiktionary gloss),noun:1,noun,False,0,,,,False,False,False,,,,,,absent,,,
img,2.98,0,0,1,Alternative form of IMG.,IMG,spelling variant of another word (Wiktionary gloss),noun:1,noun,False,0,,,,False,False,False,,,,,,absent,,,
lala,2.98,0,1,2,Alternative form of ilala.,ilala,spelling variant of another word (Wiktionary gloss),noun:2,noun,False,1,OTHER,0.0,,False,False,False,,,,,,absent,,,
psu,2.98,0,0,1,Initialism of practical salinity unit.,practical salinity unit,initialism or abbreviation (Wiktionary gloss),noun:1,noun,True,1,NOUN,1.0,,False,False,False,,,,,,absent,,,
acton,2.97,0,1,2,Alternative form of aketon.,aketon,spelling variant of another word (Wiktionary gloss),noun:2,noun,False,2,PROPN,0.0,,False,False,False,,,,,,absent,,,
bhp,2.97,0,0,1,Initialism of brake horsepower.,brake horsepower,initialism or abbreviation (Wiktionary gloss),noun:1,noun,True,0,,,,False,False,False,,,,,,absent,,,
todo,2.96,0,0,1,Alternative form of to-do.,to-do,spelling variant of another word (Wiktionary gloss),noun:1,noun,False,0,,,,False,False,False,,,,,,absent,,,
crabtree,2.96,0,0,1,Alternative form of crab tree.,crab tree,spelling variant of another word (Wiktionary gloss),noun:1,noun,False,0,,,,False,False,False,,,,,,absent,,,
pfft,2.96,0,0,1,A short puffing sound.,,intj in Wiktionary (not a noun),intj:4;noun:1,intj,False,4,OTHER,0.0,,False,False,False,,,,,,absent,,,
bff,2.95,0,0,1,Alternative letter-case form of BFF.,BFF,letter-case variant (Wiktionary gloss),noun:1,noun,False,0,,,,False,False,False,,,,,,absent,,,
abv,2.95,1,1,1,Alternative letter-case form of ABV (“alcohol by volume”).,ABV,letter-case variant (Wiktionary gloss),noun:1,noun,False,0,,,,False,False,False,,,,,,absent,,,
fung,2.95,0,0,2,Alternative form of fum (“fabulous Chinese bird”).,fum,spelling variant of another word (Wiktionary gloss),noun:2,noun,False,2,PROPN,0.0,,False,False,False,,,,,,absent,,,
dooley,2.95,0,0,1,Alternative form of dooly (“basic Indian litter; stretcher; litter”).,dooly,spelling variant of another word (Wiktionary gloss),noun:1,noun,False,1,PROPN,0.0,,False,False,False,,,,,,absent,,,
palma,2.94,0,0,1,"Alternative form of palmo, traditional Portuguese and Spanish units of length.",palmo,spelling variant of another word (Wiktionary gloss),noun:1,noun,False,2,PROPN,0.0,,False,False,False,,,,,,absent,,,
videogame,2.93,0,0,1,Alternative spelling of video game.,video game,spelling variant of another word (Wiktionary gloss),noun:1,noun,False,0,,,,False,False,False,,,,,,absent,,,
cooley,2.93,0,0,1,Alternative spelling of coulee.,coulee,spelling variant of another word (Wiktionary gloss),noun:1,noun,False,0,,,,False,False,False,,,,,,absent,,,
ppi,2.93,0,1,2,Initialism of pixels per inch.,pixels per inch,initialism or abbreviation (Wiktionary gloss),noun:2,noun,True,4,PROPN,0.25,,False,False,False,,,,,,absent,,,
jpg,2.93,0,0,1,Alternative letter-case form of JPG.,JPG,letter-case variant (Wiktionary gloss),noun:1,noun,False,0,,,,False,False,False,,,,,,absent,,,
silverstone,2.92,1,1,1,Alternative form of silver stone (“silver ore”).,silver stone,spelling variant of another word (Wiktionary gloss),noun:1,noun,False,0,,,,False,False,False,,,,,,absent,,,
wiseman,2.92,0,0,1,Obsolete form of wise man.,wise man,spelling variant of another word (Wiktionary gloss),noun:1,noun,False,0,,,,False,False,False,,,,,,absent,,,
nou,2.92,0,1,1,Alternative form of noh (“classical Japanese music drama”).,noh,spelling variant of another word (Wiktionary gloss),noun:1,noun,False,0,,,,False,False,False,,,,,,absent,,,
freeport,2.92,0,0,1,Alternative form of free port.,free port,spelling variant of another word (Wiktionary gloss),noun:1,noun,False,2,PROPN,0.0,,False,False,False,,,,,,absent,,,
matchday,2.91,0,0,1,Alternative form of match day.,match day,spelling variant of another word (Wiktionary gloss),noun:1,noun,False,0,,,,False,False,False,,,,,,absent,,,
jer,2.91,0,0,2,Clipping of jerfalcon.,jerfalcon,clipping (Wiktionary gloss),noun:2,noun,True,0,,,,False,False,False,,,,,,absent,,,
zo,2.9,0,0,1,Alternative spelling of dzo.,dzo,spelling variant of another word (Wiktionary gloss),noun:1,noun,False,0,,,,False,False,False,,,,,,absent,,,
pooja,2.9,1,1,1,Alternative form of puja.,puja,spelling variant of another word (Wiktionary gloss),noun:1,noun,False,0,,,,False,False,False,,,,,,absent,,,
erick,2.89,0,0,1,Alternative form of eric (“fine paid as compensation for violent crimes”).,eric,spelling variant of another word (Wiktionary gloss),noun:1,noun,False,2,PROPN,0.0,,False,False,False,,,,,,absent,,,
fein,2.89,0,0,1,Alternate spelling of feen. Popularized by Travis Scott,feen,spelling variant of another word (Wiktionary gloss),noun:1,noun,False,0,,,,False,False,False,,,,,,absent,,,
shoutout,2.89,0,0,1,Alternative spelling of shout-out.,shout-out,spelling variant of another word (Wiktionary gloss),noun:1,noun,False,0,,,,False,False,False,,,,,,absent,,,
xxxx,2.89,0,0,1,Alternative letter-case form of XXXX (“fuck”).,XXXX,letter-case variant (Wiktionary gloss),noun:1,noun,False,3,NOUN,0.667,,False,False,False,,,,,,absent,,,
lifecycle,2.87,0,0,1,Alternative spelling of life cycle.,life cycle,spelling variant of another word (Wiktionary gloss),noun:1,noun,False,0,,,,False,False,False,,,,,,absent,,,
ack,2.87,0,0,2,The letter A as used in signalling and other types of communications.,,intj in Wiktionary (not a noun),intj:3;noun:2;verb:2,intj,False,2,NOUN,0.5,,False,False,False,,,,,,absent,,,
apo,2.87,0,0,1,Clipping of apolipoprotein.,apolipoprotein,clipping (Wiktionary gloss),adj:1;noun:1,adj,True,0,,,,False,False,False,,,,,,absent,,,
bootcamp,2.86,0,0,1,Alternative form of boot camp.,boot camp,spelling variant of another word (Wiktionary gloss),noun:1,noun,False,0,,,,False,False,False,,,,,,absent,,,
cpp,2.86,0,0,1,Initialism of character(s) per pica.,character(s) per pica,initialism or abbreviation (Wiktionary gloss),noun:1,noun,True,0,,,,False,False,False,,,,,,absent,,,
litchfield,2.85,0,0,1,Alternative spelling of lichfield.,lichfield,spelling variant of another word (Wiktionary gloss),noun:1,noun,False,0,,,,False,False,False,,,,,,absent,,,
stillwater,2.85,0,1,1,Alternative form of still water.,still water,spelling variant of another word (Wiktionary gloss),noun:1,noun,False,0,,,,False,False,False,,,,,,absent,,,
fae,2.85,1,1,1,Alternative spelling of fey (“fairy folk”).,fey,spelling variant of another word (Wiktionary gloss),adj:1;noun:1;pron:1,adj,False,0,,,,False,False,False,,,,,,absent,,,
pedo,2.84,0,0,1,Alternative spelling of paedo (“pedophile”).,paedo,spelling variant of another word (Wiktionary gloss),noun:1,noun,False,0,,,,False,False,False,,,,,,absent,,,
pornstar,2.84,0,0,1,Alternative form of porn star.,porn star,spelling variant of another word (Wiktionary gloss),noun:1,noun,False,0,,,,False,False,False,,,,,,absent,,,
scifi,2.83,0,1,1,Alternative form of sci-fi.,sci-fi,spelling variant of another word (Wiktionary gloss),noun:1,noun,False,0,,,,False,False,False,,,,,,absent,,,
sona,2.83,0,0,2,Clipping of fursona.,fursona,clipping (Wiktionary gloss),noun:2,noun,True,0,,,,False,False,False,,,,,,absent,,,
mds,2.82,0,1,1,"Abbreviation of merchandise and related forms of that word (merchandising, merchandised, merchandiser, etc.)",merchandise and related forms of that word,initialism or abbreviation (Wiktionary gloss),noun:1,noun,True,0,,,,False,False,False,,,,,,absent,,,
fanfiction,2.82,1,1,1,Alternative form of fan fiction.,fan fiction,spelling variant of another word (Wiktionary gloss),noun:1,noun,False,0,,,,False,False,False,,,,,,absent,,,
kagan,2.81,0,0,1,Alternative spelling of khagan.,khagan,spelling variant of another word (Wiktionary gloss),noun:1,noun,False,1,PROPN,0.0,,False,False,False,,,,,,absent,,,
facetime,2.81,0,1,1,Alternative form of face time.,face time,spelling variant of another word (Wiktionary gloss),noun:1;verb:1,noun,False,0,,,,False,False,False,,,,,,absent,,,
fina,2.81,0,1,1,Clipping of finasteride,finasteride,clipping (Wiktionary gloss),contraction:1;noun:1,contraction,True,1,PROPN,0.0,,False,False,False,,,,,,absent,,,
fnc,2.8,0,0,2,Initialism of forum non conveniens.,forum non conveniens,initialism or abbreviation (Wiktionary gloss),noun:2,noun,True,1,PROPN,0.0,,False,False,False,,,,,,absent,,,
simi,2.8,0,0,1,A short sword or dagger used by the Kikuyu people.,,pron in Wiktionary (not a noun),pron:2;noun:1,pron,False,0,,,,False,False,False,,,,,,absent,,,
whoo,2.79,0,0,1,"A ""whoo"" sound; the cry of an owl or similar.",,intj in Wiktionary (not a noun),intj:3;noun:1;verb:1,intj,False,2,PROPN,0.0,,False,False,False,,,,,,absent,,,
mattie,2.79,0,0,1,Alternative form of matie (“herring”).,matie,spelling variant of another word (Wiktionary gloss),noun:1,noun,False,1,PROPN,0.0,,False,False,False,,,,,,absent,,,
hj,2.78,0,0,1,Initialism of hand job.,hand job,initialism or abbreviation (Wiktionary gloss),noun:1,noun,True,0,,,,False,False,False,,,,,,absent,,,
moab,2.78,0,0,1,Alternative form of MOAB.,MOAB,spelling variant of another word (Wiktionary gloss),noun:1,noun,False,0,,,,False,False,False,,,,,,absent,,,
vk,2.78,0,0,1,Abbreviation of votekick.,votekick,initialism or abbreviation (Wiktionary gloss),noun:1;verb:1,noun,True,0,,,,False,False,False,,,,,,absent,,,
px,2.78,0,0,1,Abbreviation of pixels.,pixels,initialism or abbreviation (Wiktionary gloss),noun:1,noun,True,8,NOUN,0.5,,False,False,False,,,,,,absent,,,
asf,2.77,0,1,1,"Initialism of age-sex-from: what is your age, what sex are you, and where are you from?",age-sex-from,initialism or abbreviation (Wiktionary gloss),phrase:2;noun:1,phrase,True,0,,,,False,False,False,,,,,,absent,,,
saif,2.77,0,0,2,Alternative form of seif (“type of sand dune”).,seif,spelling variant of another word (Wiktionary gloss),noun:2,noun,False,0,,,,False,False,False,,,,,,absent,,,
liao,2.77,0,1,1,"Meats, vegetables, and other ingredients added to an otherwise plain dish.",,particle in Wiktionary (not a noun),particle:3;noun:1,particle,False,0,,,,False,False,False,,,,,,absent,,,
wich,2.77,0,0,2,Alternative spelling of wych (“brine spring or well”).,wych,spelling variant of another word (Wiktionary gloss),noun:2;conj:1;det:1;pron:1,noun,False,3,NOUN,1.0,,False,False,False,,,,,,absent,,,
mcm,2.77,0,0,1,Initialism of million(s) of cubic meters.,million(s) of cubic meters,initialism or abbreviation (Wiktionary gloss),noun:1,noun,True,0,,,,False,False,False,,,,,,absent,,,
masha,2.77,0,0,1,Alternative spelling of maasha.,maasha,spelling variant of another word (Wiktionary gloss),noun:1,noun,False,0,,,,False,False,False,,,,,,absent,,,
conde,2.77,0,0,2,Alternative spelling of conn.,conn,spelling variant of another word (Wiktionary gloss),noun:2;verb:1,noun,False,0,,,,False,False,False,,,,,,absent,,,
cardi,2.77,0,0,1,Alternative spelling of cardie.,cardie,spelling variant of another word (Wiktionary gloss),noun:1,noun,False,0,,,,False,False,False,,,,,,absent,,,
corrigan,2.76,0,0,1,Alternative spelling of korrigan,korrigan,spelling variant of another word (Wiktionary gloss),noun:1,noun,False,1,PROPN,0.0,,False,False,False,,,,,,absent,,,
redman,2.75,0,0,1,"Alternative form of red man (“American Indian; Native American”, offensive).",red man,spelling variant of another word (Wiktionary gloss),noun:1,noun,False,1,PROPN,0.0,,False,False,False,,,,,,absent,,,
keri,2.75,0,0,1,Alternative form of kere.,kere,spelling variant of another word (Wiktionary gloss),noun:1,noun,False,0,,,,False,False,False,,,,,,absent,,,
tcm,2.75,0,0,2,Abbreviation of trillions of cubic metres.,trillions of cubic metres,initialism or abbreviation (Wiktionary gloss),noun:2,noun,True,0,,,,False,False,False,,,,,,absent,,,
nrg,2.75,0,1,1,Alternative letter-case form of NRG (“energy”).,NRG,letter-case variant (Wiktionary gloss),noun:1,noun,False,0,,,,False,False,False,,,,,,absent,,,
corby,2.75,0,0,1,Alternative form of corbie (“type of bird”).,corbie,spelling variant of another word (Wiktionary gloss),noun:1,noun,False,0,,,,False,False,False,,,,,,absent,,,
ccm,2.75,0,0,1,Abbreviation of cubic centimeter.,cubic centimeter,initialism or abbreviation (Wiktionary gloss),noun:1,noun,True,0,,,,False,False,False,,,,,,absent,,,
gpl,2.74,0,1,1,Abbreviation of grams per litre.,grams per litre,initialism or abbreviation (Wiktionary gloss),noun:1,noun,True,1,PROPN,0.0,,False,False,False,,,,,,absent,,,
warhammer,2.74,0,0,1,Alternative form of war hammer.,war hammer,spelling variant of another word (Wiktionary gloss),noun:1,noun,False,0,,,,False,False,False,,,,,,absent,,,
boing,2.74,0,0,2,The sound made by an elastic object (such as a spring) when bouncing; the sound of a bounce.,,intj in Wiktionary (not a noun),intj:3;noun:2;verb:1,intj,False,1,OTHER,0.0,,False,False,False,,,,,,absent,,,
namaste,2.74,0,0,2,"The traditional greeting when saying the word namaste, with folded hands and a slight bow.",,intj in Wiktionary (not a noun),intj:2;noun:2;verb:1,intj,False,0,,,,False,False,False,,,,,,absent,,,
lawrie,2.73,0,0,1,Alternative form of lowrie.,lowrie,spelling variant of another word (Wiktionary gloss),noun:1,noun,False,0,,,,False,False,False,,,,,,absent,,,
xing,2.73,0,0,1,Abbreviation of crossing or pedestrian crossing.,crossing or pedestrian crossing,initialism or abbreviation (Wiktionary gloss),noun:1,noun,True,1,PROPN,0.0,,False,False,False,,,,,,absent,,,
cfm,2.72,0,0,1,Abbreviation of cubic feet per minute.,cubic feet per minute,initialism or abbreviation (Wiktionary gloss),noun:1,noun,True,0,,,,False,False,False,,,,,,absent,,,
backline,2.72,0,0,1,Alternative form of back line.,back line,spelling variant of another word (Wiktionary gloss),noun:1,noun,False,0,,,,False,False,False,,,,,,absent,,,
rik,2.72,0,0,1,Alternative spelling of riq.,riq,spelling variant of another word (Wiktionary gloss),noun:1,noun,False,0,,,,False,False,False,,,,,,absent,,,
vom,2.72,0,1,1,Vomit.,,intj in Wiktionary (not a noun),intj:1;noun:1;verb:1,intj,False,2,NOUN,0.5,,False,False,False,,,,,,absent,,,
oldman,2.71,0,0,1,Alternative form of old man.,old man,spelling variant of another word (Wiktionary gloss),noun:1,noun,False,0,,,,False,False,False,,,,,,absent,,,
gol,2.71,0,0,1,Alternative form of gul.,gul,spelling variant of another word (Wiktionary gloss),noun:1,noun,False,0,,,,False,False,False,,,,,,absent,,,
dua,2.71,1,1,1,Alternative spelling of du'a'.,du'a',spelling variant of another word (Wiktionary gloss),noun:1,noun,False,0,,,,False,False,False,,,,,,absent,,,
blackie,2.7,0,0,1,Alternative spelling of blacky.,blacky,spelling variant of another word (Wiktionary gloss),noun:1,noun,False,0,,,,False,False,False,,,,,,absent,,,
mohr,2.7,0,0,2,Alternative form of mhorr.,mhorr,spelling variant of another word (Wiktionary gloss),noun:2,noun,False,0,,,,False,False,False,,,,,,absent,,,
dancefloor,2.7,0,0,1,Alternative form of dance floor.,dance floor,spelling variant of another word (Wiktionary gloss),noun:1,noun,False,0,,,,False,False,False,,,,,,absent,,,
jetpack,2.7,0,0,1,Alternative spelling of jet pack.,jet pack,spelling variant of another word (Wiktionary gloss),noun:1;verb:1,noun,False,0,,,,False,False,False,,,,,,absent,,,
dif,2.7,0,0,1,Alternative form of diff (“difference”).,diff,spelling variant of another word (Wiktionary gloss),noun:1,noun,False,0,,,,False,False,False,,,,,,absent,,,
wf,2.7,0,0,1,Initialism of wrong font.,wrong font,initialism or abbreviation (Wiktionary gloss),noun:1,noun,True,0,,,,False,False,False,,,,,,absent,,,
awol,2.7,0,0,1,Alternative letter-case form of AWOL.,AWOL,letter-case variant (Wiktionary gloss),adj:1;noun:1,adj,False,3,ADJ,0.333,,False,False,False,,,,,,absent,,,
zhen,2.69,0,0,1,Clipping of zhenniao,zhenniao,clipping (Wiktionary gloss),noun:1,noun,True,0,,,,False,False,False,,,,,,absent,,,
mothership,2.69,0,1,2,Alternative spelling of mother ship.,mother ship,spelling variant of another word (Wiktionary gloss),noun:2,noun,False,0,,,,False,False,False,,,,,,absent,,,
ldp,2.68,0,0,1,Abbreviation of lordship/ladyship.,lordship/ladyship,initialism or abbreviation (Wiktionary gloss),noun:1,noun,True,0,,,,False,False,False,,,,,,absent,,,
warmup,2.68,0,0,1,Alternative spelling of warm-up.,warm-up,spelling variant of another word (Wiktionary gloss),noun:1,noun,False,1,NOUN,1.0,,False,False,False,,,,,,absent,,,
pina,2.68,0,0,1,Alternative form of piña.,piña,spelling variant of another word (Wiktionary gloss),noun:1,noun,False,1,PROPN,0.0,,False,False,False,,,,,,absent,,,
gx,2.68,0,1,1,Abbreviation of grex.,grex,initialism or abbreviation (Wiktionary gloss),noun:1,noun,True,0,,,,False,False,False,,,,,,absent,,,
ppt,2.67,0,0,2,Initialism of parts per trillion.,parts per trillion,initialism or abbreviation (Wiktionary gloss),noun:2,noun,True,1,NOUN,1.0,,False,False,False,,,,,,absent,,,
lun,2.67,0,0,1,Alternative form of lown.,lown,spelling variant of another word (Wiktionary gloss),noun:1,noun,False,0,,,,False,False,False,,,,,,absent,,,
rar,2.66,0,0,1,Alternative letter-case form of RAR.,RAR,letter-case variant (Wiktionary gloss),noun:1,noun,False,0,,,,False,False,False,,,,,,absent,,,
hea,2.65,0,1,1,Alternative spelling of hea'.,hea',spelling variant of another word (Wiktionary gloss),adj:3;adv:1;noun:1,adj,False,0,,,,False,False,False,,,,,,absent,,,
babyface,2.65,0,0,1,Alternative form of baby face.,baby face,spelling variant of another word (Wiktionary gloss),noun:1,noun,False,0,,,,False,False,False,,,,,,absent,,,
lod,2.65,0,0,1,"Initialism of logarithm of odds, a measure of likelihood calculated by taking the log of the ratio of the probability of a hypothesis being true given the observed data over the probability that the h",logarithm of odds,initialism or abbreviation (Wiktionary gloss),noun:1,noun,True,0,,,,False,False,False,,,,,,absent,,,
devel,2.65,0,0,1,Alternative spelling of devvel (a hard blow),devvel,spelling variant of another word (Wiktionary gloss),noun:1;verb:1,noun,False,0,,,,False,False,False,,,,,,absent,,,
keir,2.64,0,0,1,Alternative form of kier.,kier,spelling variant of another word (Wiktionary gloss),noun:1,noun,False,0,,,,False,False,False,,,,,,absent,,,
rez,2.64,0,0,5,Clipping of reservation or reserve (semiautonomous Indigenous territory).,reservation or reserve,clipping (Wiktionary gloss),noun:5;verb:2,noun,True,0,,,,False,False,False,,,,,,absent,,,
warzone,2.64,0,0,1,Alternative form of war zone.,war zone,spelling variant of another word (Wiktionary gloss),noun:1,noun,False,1,NOUN,1.0,,False,False,False,,,,,,absent,,,
hiphop,2.64,0,1,1,Alternative form of hip-hop.,hip-hop,spelling variant of another word (Wiktionary gloss),noun:1,noun,False,0,,,,False,False,False,,,,,,absent,,,
chiba,2.64,0,1,1,Alternative form of cheeba (“marijuana”).,cheeba,spelling variant of another word (Wiktionary gloss),noun:1,noun,False,1,PROPN,0.0,,False,False,False,,,,,,absent,,,
morningstar,2.63,0,0,1,Alternative spelling of morning star.,morning star,spelling variant of another word (Wiktionary gloss),noun:1,noun,False,1,PROPN,0.0,,False,False,False,,,,,,absent,,,
nand,2.63,0,0,1,Alternative letter-case form of NAND.,NAND,letter-case variant (Wiktionary gloss),noun:1,noun,False,0,,,,False,False,False,,,,,,absent,,,
peachtree,2.63,0,0,1,Alternative form of peach tree.,peach tree,spelling variant of another word (Wiktionary gloss),noun:1,noun,False,0,,,,False,False,False,,,,,,absent,,,
xoxo,2.62,0,0,1,"Abbreviation of hugs and kisses, usually placed at the end of a letter.",hugs and kisses,initialism or abbreviation (Wiktionary gloss),noun:1,noun,True,0,,,,False,False,False,,,,,,absent,,,
mello,2.62,0,0,1,Clipping of mellophone.,mellophone,clipping (Wiktionary gloss),noun:1,noun,True,0,,,,False,False,False,,,,,,absent,,,
neet,2.62,0,0,2,Alternative letter-case form of NEET.,NEET,letter-case variant (Wiktionary gloss),noun:2,noun,False,0,,,,False,False,False,,,,,,absent,,,
wim,2.62,1,1,1,Initialism of warm ionized medium.,warm ionized medium,initialism or abbreviation (Wiktionary gloss),noun:1,noun,True,1,PROPN,0.0,,False,False,False,,,,,,absent,,,
py,2.62,0,0,2,Initialism of pack-year.,pack-year,initialism or abbreviation (Wiktionary gloss),noun:2;prep:1,noun,True,0,,,,False,False,False,,,,,,absent,,,
tash,2.61,0,0,2,Alternative form of tass (“Oriental silk fabric”).,tass,spelling variant of another word (Wiktionary gloss),noun:2,noun,False,0,,,,False,False,False,,,,,,absent,,,
rika,2.61,0,0,1,Alternative spelling of riq'a.,riq'a,spelling variant of another word (Wiktionary gloss),noun:1,noun,False,0,,,,False,False,False,,,,,,absent,,,
faceoff,2.61,0,0,1,Alternative form of face-off.,face-off,spelling variant of another word (Wiktionary gloss),noun:1,noun,False,0,,,,False,False,False,,,,,,absent,,,
perdue,2.6,0,0,1,Alternative spelling of perdu.,perdu,spelling variant of another word (Wiktionary gloss),adj:1;noun:1,adj,False,0,,,,False,False,False,,,,,,absent,,,
codename,2.6,0,0,1,Alternative form of code name.,code name,spelling variant of another word (Wiktionary gloss),noun:1;verb:1,noun,False,0,,,,False,False,False,,,,,,absent,,,
ginn,2.6,0,0,1,Alternative spelling of jinn.,jinn,spelling variant of another word (Wiktionary gloss),noun:1;verb:1,noun,False,1,PROPN,0.0,,False,False,False,,,,,,absent,,,
neu,2.6,0,1,2,Abbreviation of neuroglioblastoma cell line.,neuroglioblastoma cell line,initialism or abbreviation (Wiktionary gloss),noun:2,noun,True,0,,,,False,False,False,,,,,,absent,,,
yoyo,2.59,0,0,1,Alternative spelling of yo-yo.,yo-yo,spelling variant of another word (Wiktionary gloss),noun:1;verb:1,noun,False,0,,,,False,False,False,,,,,,absent,,,
filesystem,2.59,0,0,1,Alternative form of file system.,file system,spelling variant of another word (Wiktionary gloss),noun:1,noun,False,2,NOUN,1.0,,False,False,False,,,,,,absent,,,
cair,2.59,0,0,1,Alternative form of caer (“Welsh fortress”).,caer,spelling variant of another word (Wiktionary gloss),verb:3;noun:1,verb,False,0,,,,False,False,False,,,,,,absent,,,
galt,2.59,0,0,1,Alternative form of gault.,gault,spelling variant of another word (Wiktionary gloss),noun:1,noun,False,2,PROPN,0.0,,False,False,False,,,,,,absent,,,
boku,2.59,0,0,1,"Alternative spelling of beaucoup (lots, a large amount)",beaucoup,spelling variant of another word (Wiktionary gloss),adv:1;det:1;noun:1,adv,False,0,,,,False,False,False,,,,,,absent,,,
fj,2.58,0,0,1,Initialism of foot job.,foot job,initialism or abbreviation (Wiktionary gloss),noun:1,noun,True,0,,,,False,False,False,,,,,,absent,,,
cdna,2.58,0,0,1,Alternative form of cDNA.,cDNA,spelling variant of another word (Wiktionary gloss),noun:1,noun,False,1,NOUN,1.0,,False,False,False,,,,,,absent,,,
miho,2.58,0,0,1,Alternative form of mijo.,mijo,spelling variant of another word (Wiktionary gloss),noun:1,noun,False,0,,,,False,False,False,,,,,,absent,,,
racecar,2.58,0,0,1,Alternative spelling of race car.,race car,spelling variant of another word (Wiktionary gloss),noun:1,noun,False,0,,,,False,False,False,,,,,,absent,,,
datacenter,2.58,0,0,1,Alternative spelling of data centre.,data centre,spelling variant of another word (Wiktionary gloss),noun:1,noun,False,0,,,,False,False,False,,,,,,absent,,,
haan,2.58,0,1,1,"Alternative form of han (“sorrowful resentment, as a part of the Korean cultural identity”).",han,spelling variant of another word (Wiktionary gloss),noun:1,noun,False,0,,,,False,False,False,,,,,,absent,,,
omo,2.58,0,1,1,Clipping of omorashi.,omorashi,clipping (Wiktionary gloss),intj:1;noun:1,intj,True,0,,,,False,False,False,,,,,,absent,,,
nono,2.57,0,0,1,Alternative spelling of no-no.,no-no,spelling variant of another word (Wiktionary gloss),noun:1,noun,False,0,,,,False,False,False,,,,,,absent,,,
engle,2.57,0,0,1,Alternative spelling of ingle (“paramour”),ingle,spelling variant of another word (Wiktionary gloss),noun:1;verb:1,noun,False,0,,,,False,False,False,,,,,,absent,,,
oban,2.57,0,0,1,Archaic form of obang (“Japanese coin”).,obang,spelling variant of another word (Wiktionary gloss),noun:1,noun,False,0,,,,False,False,False,,,,,,absent,,,
bcm,2.57,0,0,1,Initialism of billions of cubic metres.,billions of cubic metres,initialism or abbreviation (Wiktionary gloss),noun:1,noun,True,0,,,,False,False,False,,,,,,absent,,,
powerplant,2.57,0,0,1,Alternative spelling of power plant.,power plant,spelling variant of another word (Wiktionary gloss),noun:1,noun,False,0,,,,False,False,False,,,,,,absent,,,
timezone,2.56,0,0,1,Alternative form of time zone (chiefly US),time zone,spelling variant of another word (Wiktionary gloss),noun:1,noun,False,0,,,,False,False,False,,,,,,absent,,,
berkowitz,2.56,0,0,1,Alternative form of berkovets.,berkovets,spelling variant of another word (Wiktionary gloss),noun:1,noun,False,0,,,,False,False,False,,,,,,absent,,,
epub,2.56,0,0,1,Alternative letter-case form of EPUB.,EPUB,letter-case variant (Wiktionary gloss),noun:1,noun,False,0,,,,False,False,False,,,,,,absent,,,
freeform,2.55,0,0,1,Alternative spelling of free-form.,free-form,spelling variant of another word (Wiktionary gloss),adj:1;noun:1,adj,False,0,,,,False,False,False,,,,,,absent,,,
daya,2.55,0,0,1,Alternative form of dhye (“wet-nurse”).,dhye,spelling variant of another word (Wiktionary gloss),noun:1,noun,False,0,,,,False,False,False,,,,,,absent,,,
taki,2.55,0,0,1,Alternative form of takhi.,takhi,spelling variant of another word (Wiktionary gloss),noun:1,noun,False,0,,,,False,False,False,,,,,,absent,,,
mota,2.55,0,1,1,Alternative form of mootah.,mootah,spelling variant of another word (Wiktionary gloss),noun:1,noun,False,0,,,,False,False,False,,,,,,absent,,,
kitkat,2.55,0,0,1,Alternative form of kit-cat.,kit-cat,spelling variant of another word (Wiktionary gloss),noun:1,noun,False,0,,,,False,False,False,,,,,,absent,,,
shetty,2.54,0,0,1,Alternative form of chete (“knife”).,chete,spelling variant of another word (Wiktionary gloss),noun:1,noun,False,0,,,,False,False,False,,,,,,absent,,,
mcf,2.54,0,0,1,Abbreviation of thousand cubic feet.,thousand cubic feet,initialism or abbreviation (Wiktionary gloss),noun:1,noun,True,0,,,,False,False,False,,,,,,absent,,,
nid,2.53,0,0,2,Alternative form of nide (“nest of pheasants”).,nide,spelling variant of another word (Wiktionary gloss),noun:2,noun,True,0,,,,False,False,False,,,,,,absent,,,
octavius,2.53,0,0,1,Alternative form of octarius (the pint (eighth of a gallon) in the apothecaries' system),octarius,spelling variant of another word (Wiktionary gloss),noun:1,noun,False,1,PROPN,0.0,,False,False,False,,,,,,absent,,,
sangh,2.53,0,0,1,Alternative form of sangha.,sangha,spelling variant of another word (Wiktionary gloss),noun:1,noun,False,0,,,,False,False,False,,,,,,absent,,,
whitepaper,2.53,0,0,1,Alternative spelling of white paper.,white paper,spelling variant of another word (Wiktionary gloss),noun:1,noun,False,0,,,,False,False,False,,,,,,absent,,,
vai,2.53,0,0,2,Initialism of verb animate intransitive: an intransitive verb that agrees with an animate subject.,verb animate intransitive,initialism or abbreviation (Wiktionary gloss),noun:2,noun,True,0,,,,False,False,False,,,,,,absent,,,
kgs,2.52,0,0,1,Abbreviation of kilograms plural of kg (“kilogram”) Nonstandard form of kg (“kilogramme”).,kilograms plural of kg,initialism or abbreviation (Wiktionary gloss),noun:1,noun,True,0,,,,False,False,False,,,,,,absent,,,
mmol,2.52,0,0,1,Abbreviation of millimole.,millimole,initialism or abbreviation (Wiktionary gloss),noun:1,noun,True,0,,,,False,False,False,,,,,,absent,,,
brackett,2.52,0,1,1,Alternative form of bragget (“drink made with ale and honey”).,bragget,spelling variant of another word (Wiktionary gloss),noun:1,noun,False,0,,,,False,False,False,,,,,,absent,,,
wilco,2.52,0,0,1,"A species of South American tree, Anadenanthera colubrina.",,intj in Wiktionary (not a noun),intj:1;noun:1;verb:1,intj,False,0,,,,False,False,False,,,,,,absent,,,
kes,2.52,0,1,2,Alternative form of kesh.,kesh,spelling variant of another word (Wiktionary gloss),noun:2,noun,False,0,,,,False,False,False,,,,,,absent,,,
lightyear,2.51,0,0,1,Alternative spelling of light year.,light year,spelling variant of another word (Wiktionary gloss),noun:1,noun,False,0,,,,False,False,False,,,,,,absent,,,
haut,2.51,0,0,1,Alternative form of hauth (“unit of measure”).,hauth,spelling variant of another word (Wiktionary gloss),adj:2;noun:1,adj,False,1,PROPN,0.0,,False,False,False,,,,,,absent,,,
ppb,2.51,0,0,1,Initialism of parts per billion.,parts per billion,initialism or abbreviation (Wiktionary gloss),noun:1,noun,True,1,PROPN,0.0,,False,False,False,,,,,,absent,,,
trop,2.5,0,1,2,Abbreviation of troponin.,troponin,initialism or abbreviation (Wiktionary gloss),noun:2,noun,True,2,OTHER,0.0,,False,False,False,,,,,,absent,,,
chuckie,2.5,0,0,2,Alternative form of chucky (“chicken”).,chucky,spelling variant of another word (Wiktionary gloss),noun:2,noun,False,0,,,,False,False,False,,,,,,absent,,,
rrna,2.5,1,1,1,Alternative form of rRNA.,rRNA,spelling variant of another word (Wiktionary gloss),noun:1,noun,False,0,,,,False,False,False,,,,,,absent,,,
endzone,2.5,0,0,1,Alternative spelling of end zone.,end zone,spelling variant of another word (Wiktionary gloss),noun:1,noun,False,0,,,,False,False,False,,,,,,absent,,,
ngs,2.5,0,0,1,Abbreviation of nanograms plural of ng (“nanogramme”); Nonstandard form of ng (“nanogrammes”).,nanograms plural of ng,initialism or abbreviation (Wiktionary gloss),noun:1,noun,True,0,,,,False,False,False,,,,,,absent,,,
yn,2.5,0,1,2,Alternative letter-case form of YN.,YN,letter-case variant (Wiktionary gloss),noun:2,noun,False,0,,,,False,False,False,,,,,,absent,,,
ntr,2.5,0,1,1,Alternative form of NTR (“netorare”).,NTR,spelling variant of another word (Wiktionary gloss),noun:1,noun,False,0,,,,False,False,False,,,,,,absent,,,
elvin,2.5,0,0,1,"Alternative spelling of elven (“an elm”) (a tree of the genus Ulmus, particularly the wych elm or Scots elm (Ulmus glabra))",elven,spelling variant of another word (Wiktionary gloss),noun:1,noun,False,0,,,,False,False,False,,,,,,absent,,,
masterplan,2.49,0,0,1,Alternative form of master plan.,master plan,spelling variant of another word (Wiktionary gloss),noun:1;verb:1,noun,False,0,,,,False,False,False,,,,,,absent,,,
powerplay,2.49,0,0,1,Alternative spelling of power play.,power play,spelling variant of another word (Wiktionary gloss),noun:1,noun,False,0,,,,False,False,False,,,,,,absent,,,
friendzone,2.49,0,0,1,Alternative spelling of friend zone.,friend zone,spelling variant of another word (Wiktionary gloss),noun:1;verb:1,noun,False,0,,,,False,False,False,,,,,,absent,,,
gabba,2.48,1,1,2,Alternative spelling of gabber.,gabber,spelling variant of another word (Wiktionary gloss),noun:2,noun,False,0,,,,False,False,False,,,,,,absent,,,
gumtree,2.48,0,0,1,Alternative form of gum tree.,gum tree,spelling variant of another word (Wiktionary gloss),noun:1,noun,False,1,NOUN,1.0,,False,False,False,,,,,,absent,,,
rincon,2.48,0,0,1,Alternative spelling of rincón.,rincón,spelling variant of another word (Wiktionary gloss),noun:1,noun,False,0,,,,False,False,False,,,,,,absent,,,
nettie,2.48,0,0,2,Alternative form of netty: an outhouse; a lavatory; a toilet.,netty,spelling variant of another word (Wiktionary gloss),noun:2,noun,False,0,,,,False,False,False,,,,,,absent,,,
msw,2.48,1,1,1,Initialism of metre sea water.,metre sea water,initialism or abbreviation (Wiktionary gloss),noun:1,noun,True,0,,,,False,False,False,,,,,,absent,,,
homerun,2.48,0,0,1,Alternative form of home run.,home run,spelling variant of another word (Wiktionary gloss),noun:1,noun,False,2,NOUN,1.0,,False,False,False,,,,,,absent,,,
lata,2.48,0,1,1,Alternative form of latah.,latah,spelling variant of another word (Wiktionary gloss),noun:1,noun,False,0,,,,False,False,False,,,,,,absent,,,
raab,2.48,0,0,2,Alternative form of rabe.,rabe,spelling variant of another word (Wiktionary gloss),noun:2,noun,False,0,,,,False,False,False,,,,,,absent,,,
cashflow,2.48,0,0,1,Alternative form of cash flow.,cash flow,spelling variant of another word (Wiktionary gloss),adj:1;noun:1,adj,False,0,,,,False,False,False,,,,,,absent,,,
gyan,2.47,0,1,1,"Alternative form of jnana, reflecting the Hindi pronunciation /ɡjɑːn/","jnana, reflecting the Hindi pronunciation /ɡjɑːn/",spelling variant of another word (Wiktionary gloss),noun:1,noun,False,0,,,,False,False,False,,,,,,absent,,,
mtdna,2.47,1,1,1,Alternative spelling of mtDNA.,mtDNA,spelling variant of another word (Wiktionary gloss),noun:1,noun,False,0,,,,False,False,False,,,,,,absent,,,
bossa,2.47,1,1,1,Clipping of bossa nova.,bossa nova,clipping (Wiktionary gloss),noun:1,noun,True,0,,,,False,False,False,,,,,,absent,,,
ksi,2.46,0,0,1,Abbreviation of kilopound per square inch.,kilopound per square inch,initialism or abbreviation (Wiktionary gloss),noun:1,noun,True,0,,,,False,False,False,,,,,,absent,,,
timelapse,2.46,0,0,1,Alternative form of time-lapse.,time-lapse,spelling variant of another word (Wiktionary gloss),adj:1;noun:1,adj,False,0,,,,False,False,False,,,,,,absent,,,
gos,2.46,0,0,1,Alternative form of goes (“plural of go”).,goes,spelling variant of another word (Wiktionary gloss),noun:1,noun,False,0,,,,False,False,False,,,,,,absent,,,
gameplan,2.45,0,0,1,Alternative form of game plan.,game plan,spelling variant of another word (Wiktionary gloss),noun:1,noun,False,0,,,,False,False,False,,,,,,absent,,,
nowell,2.45,0,0,1,Archaic spelling of noel.,noel,spelling variant of another word (Wiktionary gloss),noun:1,noun,False,0,,,,False,False,False,,,,,,absent,,,
alu,2.45,0,0,1,Alternative form of aloo.,aloo,spelling variant of another word (Wiktionary gloss),noun:1,noun,False,0,,,,False,False,False,,,,,,absent,,,
unsub,2.45,0,0,3,Abbreviation of unknown subject of an investigation..,unknown subject of an investigation,initialism or abbreviation (Wiktionary gloss),noun:3;verb:1,noun,True,0,,,,False,False,False,,,,,,absent,,,
perc,2.45,0,1,4,Clipping of perchloroethylene: a common solvent used in dry-cleaning.,perchloroethylene,clipping (Wiktionary gloss),noun:4;adj:1,noun,True,0,,,,False,False,False,,,,,,absent,,,
kray,2.45,0,0,1,Alternative form of krai.,krai,spelling variant of another word (Wiktionary gloss),noun:1,noun,False,0,,,,False,False,False,,,,,,absent,,,
kidz,2.45,0,0,1,Eye dialect spelling of kids; plural of kid.,kids,spelling variant of another word (Wiktionary gloss),noun:1,noun,False,0,,,,False,False,False,,,,,,absent,,,
cest,2.44,0,0,1,Alternative form of cestus (“woman's girdle”).,cestus,spelling variant of another word (Wiktionary gloss),noun:1,noun,False,1,PROPN,0.0,,False,False,False,,,,,,absent,,,
popo,2.44,0,0,1,Alternative spelling of po-po.,po-po,spelling variant of another word (Wiktionary gloss),noun:1,noun,False,0,,,,False,False,False,,,,,,absent,,,
leftwing,2.44,0,0,1,Alternative spelling of left wing.,left wing,spelling variant of another word (Wiktionary gloss),adj:1;noun:1,adj,False,0,,,,False,False,False,,,"verb form (-ing, morphology)",,,absent,,,
ccf,2.43,0,0,1,Abbreviation of one hundred cubic feet.,one hundred cubic feet,initialism or abbreviation (Wiktionary gloss),noun:1,noun,True,0,,,,False,False,False,,,,,,absent,,,
frontpage,2.43,0,0,1,Alternative spelling of front page.,front page,spelling variant of another word (Wiktionary gloss),adj:1;noun:1;verb:1,adj,False,1,NOUN,1.0,,False,False,False,,,,,,absent,,,
arti,2.43,1,1,1,Alternative form of aarti.,aarti,spelling variant of another word (Wiktionary gloss),noun:1,noun,False,0,,,,False,False,False,,,,,,absent,,,
naf,2.43,0,0,1,Alternative spelling of naff.,naff,spelling variant of another word (Wiktionary gloss),noun:1,noun,False,0,,,,False,False,False,,,,,,absent,,,
tren,2.43,0,1,1,Clipping of trenbolone (a steroid used to increase muscle growth).,trenbolone,clipping (Wiktionary gloss),noun:1,noun,True,0,,,,False,False,False,,,,,,absent,,,
stockmarket,2.43,0,0,1,Alternative form of stock market.,stock market,spelling variant of another word (Wiktionary gloss),noun:1,noun,False,0,,,,False,False,False,,,,,,absent,,,
ayo,2.43,0,1,1,A type of mancala strategy game played by the Yoruba.,,intj in Wiktionary (not a noun),intj:2;noun:1,intj,False,0,,,,False,False,False,,,,,,absent,,,
pwr,2.43,0,0,1,Alternative form of PWR.,PWR,spelling variant of another word (Wiktionary gloss),noun:1,noun,False,0,,,,False,False,False,,,,,,absent,,,
artic,2.42,0,0,2,Abbreviation of articulated lorry; A semi-trailer truck.,articulated lorry,initialism or abbreviation (Wiktionary gloss),noun:2,noun,True,1,ADJ,0.0,,False,False,False,,,,,,absent,,,
dau,2.42,0,0,1,Abbreviation of daughter or daughter of.,daughter or daughter of,initialism or abbreviation (Wiktionary gloss),noun:1,noun,True,0,,,,False,False,False,,,,,,absent,,,
futa,2.42,0,0,1,Clipping of futanari.,futanari,clipping (Wiktionary gloss),noun:1,noun,True,0,,,,False,False,False,,,,,,absent,,,
soundwave,2.42,0,0,1,Alternative spelling of sound wave.,sound wave,spelling variant of another word (Wiktionary gloss),noun:1,noun,False,0,,,,False,False,False,,,,,,absent,,,
kamui,2.42,0,0,1,Alternative spelling of kamuy.,kamuy,spelling variant of another word (Wiktionary gloss),noun:1,noun,False,0,,,,False,False,False,,,,,,absent,,,
rpt,2.42,0,0,1,Alternative form of rpt..,rpt.,spelling variant of another word (Wiktionary gloss),noun:1,noun,False,0,,,,False,False,False,,,,,,absent,,,
fieldhouse,2.42,0,0,1,Alternative form of field house.,field house,spelling variant of another word (Wiktionary gloss),noun:1,noun,False,0,,,,False,False,False,,,,,,absent,,,
skillset,2.41,0,0,1,Alternative form of skill set.,skill set,spelling variant of another word (Wiktionary gloss),noun:1,noun,False,0,,,,False,False,False,,,,,,absent,,,
roundtrip,2.41,0,0,1,Alternative form of round trip.,round trip,spelling variant of another word (Wiktionary gloss),verb:2;noun:1,verb,False,0,,,,False,False,False,,,,,,absent,,,
sportscar,2.41,0,0,1,Alternative spelling of sports car.,sports car,spelling variant of another word (Wiktionary gloss),noun:1,noun,False,0,,,,False,False,False,,,,,,absent,,,
npm,2.41,0,0,1,Initialism of node package manager.,node package manager,initialism or abbreviation (Wiktionary gloss),noun:1,noun,True,0,,,,False,False,False,,,,,,absent,,,
ballinger,2.41,0,0,1,Alternative spelling of balinger.,balinger,spelling variant of another word (Wiktionary gloss),noun:1,noun,False,1,PROPN,0.0,,False,False,False,,,,,,absent,,,
fwb,2.41,0,0,1,Alternative letter-case form of FWB.,FWB,letter-case variant (Wiktionary gloss),noun:1,noun,False,0,,,,False,False,False,,,,,,absent,,,
yume,2.41,0,0,1,Alternative form of yumeshipper.,yumeshipper,spelling variant of another word (Wiktionary gloss),noun:1;verb:1,noun,False,0,,,,False,False,False,,,,,,absent,,,
orisa,2.41,0,0,1,Alternative spelling of orisha.,orisha,spelling variant of another word (Wiktionary gloss),noun:1,noun,False,0,,,,False,False,False,,,,,,absent,,,
boyband,2.4,0,0,1,Alternative spelling of boy band.,boy band,spelling variant of another word (Wiktionary gloss),noun:1,noun,False,0,,,,False,False,False,,,,,,absent,,,
tif,2.4,0,0,1,Abbreviation of TIFF.,TIFF,initialism or abbreviation (Wiktionary gloss),noun:1,noun,True,0,,,,False,False,False,,,,,,absent,,,
zam,2.4,0,0,1,An examination (formal test).,,intj in Wiktionary (not a noun),intj:2;noun:1,intj,False,0,,,,False,False,False,,,,,,absent,,,
sqft,2.4,0,0,1,Abbreviation of square feet.,square feet,initialism or abbreviation (Wiktionary gloss),noun:1,noun,True,0,,,,False,False,False,,,,,,absent,,,
goodfellow,2.4,0,0,1,Alternative form of goodfella.,goodfella,spelling variant of another word (Wiktionary gloss),noun:1;verb:1,noun,False,2,PROPN,0.0,,False,False,False,,,,,,absent,,,
bigtime,2.4,0,0,1,Alternative form of big time.,big time,spelling variant of another word (Wiktionary gloss),adj:1;adv:1;noun:1,adj,False,0,,,,False,False,False,,,,,,absent,,,
trainwreck,2.4,0,0,1,Alternative form of train wreck.,train wreck,spelling variant of another word (Wiktionary gloss),noun:1;verb:1,noun,False,0,,,,False,False,False,,,,,,absent,,,
mache,2.4,0,0,3,Alternative spelling of mâche.,mâche,spelling variant of another word (Wiktionary gloss),noun:3,noun,False,0,,,,False,False,False,,,,,,absent,,,
flexi,2.39,1,1,2,Clipping of flexitime.,flexitime,clipping (Wiktionary gloss),noun:2;adj:1,noun,True,0,,,,False,False,False,,,,,,absent,,,
gympie,2.39,0,0,1,Alternative form of gympie-gympie.,gympie-gympie,spelling variant of another word (Wiktionary gloss),noun:1,noun,False,0,,,,False,False,False,,,,,,absent,,,
gabbard,2.39,0,0,1,Alternative form of gabbart.,gabbart,spelling variant of another word (Wiktionary gloss),noun:1,noun,False,0,,,,False,False,False,,,,,,absent,,,
holme,2.39,0,0,1,Alternative form of holm.,holm,spelling variant of another word (Wiktionary gloss),noun:1,noun,False,0,,,,False,False,False,,,,,,absent,,,
citra,2.39,0,1,1,Alternative form of chitra (“Indian art genre”).,chitra,spelling variant of another word (Wiktionary gloss),noun:1,noun,False,0,,,,False,False,False,,,,,,absent,,,
shonda,2.39,0,0,1,Alternative form of shanda.,shanda,spelling variant of another word (Wiktionary gloss),noun:1,noun,False,0,,,,False,False,False,,,,,,absent,,,
dso,2.39,0,0,1,Alternative spelling of dzo.,dzo,spelling variant of another word (Wiktionary gloss),noun:1,noun,False,0,,,,False,False,False,,,,,,absent,,,
barstool,2.38,0,0,1,Alternative form of bar stool.,bar stool,spelling variant of another word (Wiktionary gloss),noun:1,noun,False,2,PROPN,0.0,,False,False,False,,,,,,absent,,,
bsf,2.38,0,0,1,Abbreviation of best friend.,best friend,initialism or abbreviation (Wiktionary gloss),noun:1,noun,True,0,,,,False,False,False,,,,,,absent,,,
screentime,2.38,1,1,1,Alternative form of screen time.,screen time,spelling variant of another word (Wiktionary gloss),noun:1,noun,False,0,,,,False,False,False,,,,,,absent,,,
boxset,2.38,0,0,1,Alternative form of box set (“collection of media”).,box set,spelling variant of another word (Wiktionary gloss),noun:1,noun,False,0,,,,False,False,False,,,,,,absent,,,
fundy,2.38,0,0,1,Alternative spelling of fundie.,fundie,spelling variant of another word (Wiktionary gloss),noun:1,noun,False,0,,,,False,False,False,,,,,,absent,,,
popstar,2.38,0,0,1,Alternative spelling of pop star.,pop star,spelling variant of another word (Wiktionary gloss),noun:1,noun,False,0,,,,False,False,False,,,,,,absent,,,
swinney,2.37,0,1,1,Archaic form of sweeny.,sweeny,spelling variant of another word (Wiktionary gloss),noun:1,noun,False,0,,,,False,False,False,,,,,,absent,,,
colum,2.37,0,0,2,Alternative form of coolung.,coolung,spelling variant of another word (Wiktionary gloss),noun:2,noun,False,0,,,,False,False,False,,,,,,absent,,,
jat,2.37,0,0,1,Alternative spelling of yat (“letter or vowel”).,yat,spelling variant of another word (Wiktionary gloss),noun:1,noun,False,0,,,,False,False,False,,,,,,absent,,,
sheva,2.37,0,0,1,Alternative form of shva (“Hebrew vowel sign”).,shva,spelling variant of another word (Wiktionary gloss),noun:1,noun,False,0,,,,False,False,False,,,,,,absent,,,
hifi,2.37,0,1,1,Alternative letter-case form of hi-fi.,hi-fi,letter-case variant (Wiktionary gloss),noun:1,noun,False,1,NOUN,1.0,,False,False,False,,,,,,absent,,,
nop,2.37,0,0,1,A no-op; a CPU instruction that does nothing.,,intj in Wiktionary (not a noun),intj:1;noun:1;verb:1,intj,False,2,NOUN,1.0,,False,False,False,,,,,,absent,,,
weightloss,2.37,0,1,1,Alternative form of weight loss.,weight loss,spelling variant of another word (Wiktionary gloss),noun:1,noun,False,0,,,,False,False,False,,,,,,absent,,,
erna,2.37,0,0,1,Alternative form of eRNA.,eRNA,spelling variant of another word (Wiktionary gloss),noun:1,noun,False,0,,,,False,False,False,,,,,,absent,,,
gds,2.36,0,1,1,Abbreviation of goods.,goods,initialism or abbreviation (Wiktionary gloss),noun:1,noun,True,0,,,,False,False,False,,,,,,absent,,,
rov,2.36,0,0,1,Alternative form of rav.,rav,spelling variant of another word (Wiktionary gloss),noun:1,noun,False,2,NOUN,1.0,,False,False,False,,,,,,absent,,,
sacre,2.36,0,0,1,Alternative form of saker (“type of cannon”).,saker,spelling variant of another word (Wiktionary gloss),noun:1;verb:1,noun,False,2,OTHER,0.0,,False,False,False,,,,,,absent,,,
faw,2.36,0,0,1,A gypsy.,,intj in Wiktionary (not a noun),intj:1;noun:1;prep:1,intj,False,0,,,,False,False,False,,,,,,absent,,,
ulan,2.35,0,0,1,Alternative form of uhlan.,uhlan,spelling variant of another word (Wiktionary gloss),noun:1,noun,False,0,,,,False,False,False,,,,,,absent,,,
failsafe,2.35,0,0,1,Alternative form of fail-safe.,fail-safe,spelling variant of another word (Wiktionary gloss),adj:1;noun:1;verb:1,adj,False,0,,,,False,False,False,,,,,,absent,,,
fatass,2.35,0,0,1,Alternative form of fat-ass.,fat-ass,spelling variant of another word (Wiktionary gloss),noun:1,noun,False,0,,,,False,False,False,,,,,,absent,,,
capel,2.35,0,1,3,Alternative spelling of caple (horse),caple,spelling variant of another word (Wiktionary gloss),noun:3,noun,False,4,PROPN,0.0,,False,False,False,,,,,,absent,,,
aad,2.35,0,0,4,Initialism of active acoustic device; active acoustical device.,active acoustic device,initialism or abbreviation (Wiktionary gloss),noun:4;adj:1,noun,True,0,,,,False,False,False,,,,,,absent,,,
powerline,2.35,0,0,1,Alternative form of power line.,power line,spelling variant of another word (Wiktionary gloss),noun:1,noun,False,0,,,,False,False,False,,,,,,absent,,,
roadtrip,2.35,0,0,1,Alternative form of road trip.,road trip,spelling variant of another word (Wiktionary gloss),noun:1,noun,False,1,NOUN,1.0,,False,False,False,,,,,,absent,,,
kbps,2.35,0,0,1,Initialism of kilobits per second.,kilobits per second,initialism or abbreviation (Wiktionary gloss),noun:1,noun,True,0,,,,False,False,False,,,,,,absent,,,
braindead,2.34,0,0,1,Alternative form of brain-dead.,brain-dead,spelling variant of another word (Wiktionary gloss),adj:1;noun:1,adj,False,0,,,,False,False,False,,,,,,absent,,,
radioshack,2.34,0,0,1,Alternative form of radio shack.,radio shack,spelling variant of another word (Wiktionary gloss),noun:1,noun,False,0,,,,False,False,False,,,,,,absent,,,
cfu,2.34,0,0,1,Alternative form of CFU.,CFU,spelling variant of another word (Wiktionary gloss),noun:1,noun,False,0,,,,False,False,False,,,,,,absent,,,
sado,2.34,0,1,1,Alternative form of chado (“Japanese tea ceremony”).,chado,spelling variant of another word (Wiktionary gloss),noun:1,noun,False,0,,,,False,False,False,,,,,,absent,,,
breastmilk,2.34,1,1,1,Alternative spelling of breast milk.,breast milk,spelling variant of another word (Wiktionary gloss),noun:1,noun,False,0,,,,False,False,False,,,,,,absent,,,
gox,2.34,0,1,1,Alternative form of GOX (“gaseous oxygen”).,GOX,spelling variant of another word (Wiktionary gloss),noun:1,noun,False,0,,,,False,False,False,,,,,,absent,,,
preamp,2.33,0,0,1,Alternative spelling of pre-amp.,pre-amp,spelling variant of another word (Wiktionary gloss),noun:1;verb:1,noun,False,0,,,,False,False,False,,,,,,absent,,,
aqa,2.33,0,0,1,Alternative spelling of agha.,agha,spelling variant of another word (Wiktionary gloss),noun:1,noun,False,0,,,,False,False,False,,,,,,absent,,,
seaview,2.33,0,0,1,Alternative form of sea-view.,sea-view,spelling variant of another word (Wiktionary gloss),noun:1,noun,False,1,NOUN,1.0,,False,False,False,,,,,,absent,,,
gomer,2.33,0,0,9,Alternative form of omer: a former Hebrew unit of dry volume equal to about 2.3 L or 2.1 quarts.,omer,spelling variant of another word (Wiktionary gloss),noun:9,noun,False,1,OTHER,0.0,,False,False,False,,,,,,absent,,,
modulo,2.33,0,1,1,The operation or function that returns the remainder of one number divided by another.,,prep in Wiktionary (not a noun),prep:3;noun:1,prep,False,0,,,,False,False,False,,,,,,absent,,,
autotune,2.33,0,1,1,Alternative form of auto-tune.,auto-tune,spelling variant of another word (Wiktionary gloss),noun:1;verb:1,noun,False,0,,,,False,False,False,,,,,,absent,,,
cutscene,2.33,0,0,1,Alternative spelling of cut scene.,cut scene,spelling variant of another word (Wiktionary gloss),noun:1,noun,False,0,,,,False,False,False,,,,,,absent,,,
averill,2.33,0,0,1,Alternative spelling of arval.,arval,spelling variant of another word (Wiktionary gloss),noun:1,noun,False,0,,,,False,False,False,,,,,,absent,,,
rais,2.33,0,0,1,Alternative form of reis (“holder of military rank”).,reis,spelling variant of another word (Wiktionary gloss),noun:1,noun,False,0,,,,False,False,False,,,,,,absent,,,
capex,2.32,0,1,1,Alternative form of CAPEX.,CAPEX,spelling variant of another word (Wiktionary gloss),noun:1,noun,False,0,,,,False,False,False,,,,,,absent,,,
goyal,2.32,0,0,1,Alternative form of goyle.,goyle,spelling variant of another word (Wiktionary gloss),noun:1,noun,False,0,,,,False,False,False,,,,,,absent,,,
wildman,2.32,0,0,1,Alternative form of wild man.,wild man,spelling variant of another word (Wiktionary gloss),noun:1,noun,False,0,,,,False,False,False,,,,,,absent,,,
hatta,2.32,0,0,1,Alternative spelling of hattah.,hattah,spelling variant of another word (Wiktionary gloss),noun:1,noun,False,0,,,,False,False,False,,,,,,absent,,,
acapella,2.32,0,0,1,Misspelling of a cappella.,a cappella,misspelling (Wiktionary gloss),adv:1;noun:1,adv,False,0,,,,False,False,False,,,,,,absent,,,
psf,2.32,0,0,1,Initialism of pound per square foot.,pound per square foot,initialism or abbreviation (Wiktionary gloss),noun:1,noun,True,0,,,,False,False,False,,,,,,absent,,,
fubar,2.32,0,0,1,Alternative form of foobar.,foobar,spelling variant of another word (Wiktionary gloss),adj:1;noun:1,adj,False,0,,,,False,False,False,,,,,,absent,,,
nayak,2.32,0,0,1,Alternative form of naik.,naik,spelling variant of another word (Wiktionary gloss),noun:1,noun,False,0,,,,False,False,False,,,,,,absent,,,
caffe,2.32,0,0,1,Alternative spelling of caffè (“Italian café”).,caffè,spelling variant of another word (Wiktionary gloss),noun:1,noun,False,1,PROPN,0.0,,False,False,False,,,,,,absent,,,
knowhow,2.31,1,1,1,Alternative spelling of know-how.,know-how,spelling variant of another word (Wiktionary gloss),noun:1,noun,False,0,,,,False,False,False,,,,,,absent,,,
bega,2.31,0,0,1,Alternative form of bigha (“unit of area”).,bigha,spelling variant of another word (Wiktionary gloss),noun:1,noun,False,0,,,,False,False,False,,,,,,absent,,,
samarra,2.31,0,0,1,Alternative form of simar.,simar,spelling variant of another word (Wiktionary gloss),noun:1,noun,False,2,PROPN,0.0,,False,False,False,,,,,,absent,,,
stf,2.31,0,1,1,Abbreviation of scientifiction.,scientifiction,initialism or abbreviation (Wiktionary gloss),noun:1,noun,True,0,,,,False,False,False,,,,,,absent,,,
quatro,2.31,0,0,2,Alternative form of cuatro.,cuatro,spelling variant of another word (Wiktionary gloss),noun:2,noun,False,0,,,,False,False,False,,,,,,absent,,,
sqm,2.31,0,0,1,Abbreviation of square metre.,square metre,initialism or abbreviation (Wiktionary gloss),noun:1,noun,True,0,,,,False,False,False,,,,,,absent,,,
crossdressing,2.31,0,1,1,Alternative spelling of cross-dressing.,cross-dressing,spelling variant of another word (Wiktionary gloss),noun:1,noun,False,0,,,,False,False,False,,,"verb form (-ing, morphology)",,,absent,,,
nonbinary,2.31,0,0,1,Alternative form of non-binary.,non-binary,spelling variant of another word (Wiktionary gloss),adj:1;noun:1,adj,False,0,,,,False,False,False,,,adjective-like (morphology),,,absent,,,
plaintext,2.31,0,0,1,Alternative spelling of plain text.,plain text,spelling variant of another word (Wiktionary gloss),adj:1;noun:1,adj,False,0,,,,False,False,False,,,,,,absent,,,
fairplay,2.3,0,1,1,Alternative form of fair play.,fair play,spelling variant of another word (Wiktionary gloss),noun:1,noun,False,0,,,,False,False,False,,,,,,absent,,,
cgm,2.3,0,0,1,Abbreviation of centigram.,centigram,initialism or abbreviation (Wiktionary gloss),noun:1,noun,True,0,,,,False,False,False,,,,,,absent,,,
layin,2.3,0,0,1,Alternative form of lay-in.,lay-in,spelling variant of another word (Wiktionary gloss),noun:1,noun,False,0,,,,False,False,False,,,,,,absent,,,
usin,2.3,0,0,1,Alternative form of ussun (“someone on the same side of the Northern Irish sectarian divide (from the speaker's perspective)”).,ussun,spelling variant of another word (Wiktionary gloss),noun:1,noun,False,0,,,,False,False,False,,,,,,absent,,,
orde,2.3,0,0,1,Alternative form of ord.,ord,spelling variant of another word (Wiktionary gloss),noun:1,noun,False,0,,,,False,False,False,,,,,,absent,,,
howto,2.3,0,0,1,Alternative form of how-to.,how-to,spelling variant of another word (Wiktionary gloss),noun:1,noun,False,0,,,,False,False,False,,,,,,absent,,,
dobie,2.3,0,0,1,Alternative form of dhobi (“laundryman or washerman”).,dhobi,spelling variant of another word (Wiktionary gloss),noun:1,noun,False,0,,,,False,False,False,,,,,,absent,,,
bosa,2.29,1,1,1,Alternative spelling of boza.,boza,spelling variant of another word (Wiktionary gloss),noun:1,noun,False,0,,,,False,False,False,,,,,,absent,,,
fanclub,2.29,0,0,1,Alternative form of fan club.,fan club,spelling variant of another word (Wiktionary gloss),noun:1,noun,False,0,,,,False,False,False,,,,,,absent,,,
pitstop,2.29,0,0,1,Alternative form of pit stop.,pit stop,spelling variant of another word (Wiktionary gloss),noun:1,noun,False,0,,,,False,False,False,,,,,,absent,,,
nutjob,2.29,0,0,1,Alternative spelling of nut job.,nut job,spelling variant of another word (Wiktionary gloss),noun:1,noun,False,0,,,,False,False,False,,,,,,absent,,,
writeup,2.29,0,0,1,Alternative form of write-up.,write-up,spelling variant of another word (Wiktionary gloss),noun:1,noun,False,0,,,,False,False,False,,,,,,absent,,,
radiofrequency,2.29,0,0,1,Alternative form of radio frequency.,radio frequency,spelling variant of another word (Wiktionary gloss),adj:1;noun:1,adj,False,0,,,,False,False,False,,,,,,absent,,,
jussi,2.29,0,1,1,Alternative form of jusi.,jusi,spelling variant of another word (Wiktionary gloss),noun:1,noun,False,0,,,,False,False,False,,,,,,absent,,,
homebase,2.29,1,1,1,Alternative form of home base.,home base,spelling variant of another word (Wiktionary gloss),noun:1,noun,False,0,,,,False,False,False,,,,,,absent,,,
livewire,2.29,0,0,1,Alternative spelling of live wire.,live wire,spelling variant of another word (Wiktionary gloss),noun:1,noun,False,0,,,,False,False,False,,,,,,absent,,,
owari,2.28,0,1,1,Alternative form of oware.,oware,spelling variant of another word (Wiktionary gloss),noun:1,noun,False,0,,,,False,False,False,,,,,,absent,,,
rosser,2.28,0,0,1,Alternative form of rozzer (“police officer”).,rozzer,spelling variant of another word (Wiktionary gloss),noun:1,noun,False,0,,,,False,False,False,,,,,,absent,,,
vali,2.28,0,0,1,Alternative form of wali.,wali,spelling variant of another word (Wiktionary gloss),noun:1,noun,False,0,,,,False,False,False,,,,,,absent,,,
sarai,2.28,0,0,2,Alternative form of serai (“caravanserai”).,serai,spelling variant of another word (Wiktionary gloss),noun:2,noun,False,0,,,,False,False,False,,,,,,absent,,,
madd,2.28,0,0,1,Alternative form of maddah.,maddah,spelling variant of another word (Wiktionary gloss),noun:1,noun,False,3,PROPN,0.0,,False,False,False,,,,,,absent,,,
downpayment,2.28,0,0,1,Alternative form of down payment.,down payment,spelling variant of another word (Wiktionary gloss),noun:1,noun,False,2,NOUN,1.0,,False,False,False,,,,,,absent,,,
smalltalk,2.27,0,1,1,Alternative form of small talk.,small talk,spelling variant of another word (Wiktionary gloss),noun:1,noun,False,0,,,,False,False,False,,,,,,absent,,,
mula,2.27,0,1,1,Alternative spelling of moola.,moola,spelling variant of another word (Wiktionary gloss),noun:1,noun,False,0,,,,False,False,False,,,,,,absent,,,
ponty,2.27,0,0,1,Alternative form of punty.,punty,spelling variant of another word (Wiktionary gloss),noun:1,noun,False,0,,,,False,False,False,,,,,,absent,,,
homefront,2.27,0,0,1,Alternative form of home front.,home front,spelling variant of another word (Wiktionary gloss),noun:1,noun,False,0,,,,False,False,False,,,,,,absent,,,
songz,2.27,0,0,1,Informal spelling of songs; plural of song.,songs,spelling variant of another word (Wiktionary gloss),noun:1,noun,False,0,,,,False,False,False,,,,,,absent,,,
glassdoor,2.27,0,0,1,Alternative form of glass door.,glass door,spelling variant of another word (Wiktionary gloss),noun:1,noun,False,0,,,,False,False,False,,,,,,absent,,,
rolly,2.27,0,0,2,Alternative form of rolley (“horse-drawn wheeled vehicle used in a mine”).,rolley,spelling variant of another word (Wiktionary gloss),adj:2;noun:2,adj,False,0,,,,False,False,False,,,,,,absent,,,
riviere,2.27,0,0,1,Alternative form of rivière (“necklace of precious stones”).,rivière,spelling variant of another word (Wiktionary gloss),noun:1,noun,False,0,,,,False,False,False,,,,,,absent,,,
machinegun,2.27,0,0,1,Alternative spelling of machine gun.,machine gun,spelling variant of another word (Wiktionary gloss),noun:1;verb:1,noun,False,1,NOUN,1.0,,False,False,False,,,,,,absent,,,
lovie,2.27,0,0,1,Alternative form of lovey (“term of address”).,lovey,spelling variant of another word (Wiktionary gloss),noun:1,noun,False,1,NOUN,1.0,,False,False,False,,,,,,absent,,,
aircon,2.27,1,1,1,Alternative form of air-con (“air conditioning; air conditioner”).,air-con,spelling variant of another word (Wiktionary gloss),noun:1;verb:1,noun,False,0,,,,False,False,False,,,,,,absent,,,
diecast,2.27,0,0,1,Alternative spelling of die-cast.,die-cast,spelling variant of another word (Wiktionary gloss),adj:1;noun:1;verb:1,adj,False,0,,,,False,False,False,,,,,,absent,,,
vihar,2.27,0,0,1,Alternative form of vihara.,vihara,spelling variant of another word (Wiktionary gloss),noun:1,noun,False,0,,,,False,False,False,,,,,,absent,,,
shitshow,2.27,0,0,1,Alternative form of shit show.,shit show,spelling variant of another word (Wiktionary gloss),noun:1,noun,False,0,,,,False,False,False,,,,,,absent,,,
jatt,2.26,0,0,1,Alternative form of jatty.,jatty,spelling variant of another word (Wiktionary gloss),noun:1,noun,False,0,,,,False,False,False,,,,,,absent,,,
jomo,2.26,0,0,2,Alternative spelling of dzomo (“female yak–cow hybrid”).,dzomo,spelling variant of another word (Wiktionary gloss),noun:2,noun,False,0,,,,False,False,False,,,,,,absent,,,
lez,2.26,0,0,1,Alternative form of les.,les,spelling variant of another word (Wiktionary gloss),adj:1;noun:1,adj,False,5,ADJ,0.0,usually adjective (corpus),False,False,False,,,,,,absent,,,
guid,2.26,0,0,1,Alternative form of GUID.,GUID,spelling variant of another word (Wiktionary gloss),noun:1,noun,False,0,,,,False,False,False,,,,,,absent,,,
mineola,2.26,0,0,1,Alternative form of minneola.,minneola,spelling variant of another word (Wiktionary gloss),noun:1,noun,False,0,,,,False,False,False,,,,,,absent,,,
shoujo,2.26,0,1,1,Alternative spelling of shojo (“a style of anime and manga intended for young women”).,shojo,spelling variant of another word (Wiktionary gloss),adj:1;noun:1,adj,False,0,,,,False,False,False,,,,,,absent,,,
moga,2.26,0,1,1,Alternative form of muga (“type of silk”).,muga,spelling variant of another word (Wiktionary gloss),noun:1,noun,False,0,,,,False,False,False,,,,,,absent,,,
larp,2.26,1,1,1,Alternative letter-case form of LARP (“live-action roleplay”).,LARP,letter-case variant (Wiktionary gloss),noun:1;verb:1,noun,False,0,,,,False,False,False,,,,,,absent,,,
tomtom,2.26,0,0,1,Alternative form of tom-tom.,tom-tom,spelling variant of another word (Wiktionary gloss),noun:1;verb:1,noun,False,0,,,,False,False,False,,,,,,absent,,,
figo,2.26,0,0,1,Alternative form of fico.,fico,spelling variant of another word (Wiktionary gloss),noun:1,noun,False,0,,,,False,False,False,,,,,,absent,,,
agressive,2.25,0,0,1,Misspelling of aggressive.,aggressive,misspelling (Wiktionary gloss),noun:1,noun,False,0,,,,False,False,False,,,adjective-like (morphology),,,absent,,,
soundsystem,2.25,0,0,1,Alternative spelling of sound system (chiefly the Jamaican sense),sound system,spelling variant of another word (Wiktionary gloss),noun:1,noun,False,0,,,,False,False,False,,,,,,absent,,,
appleseed,2.25,0,0,1,Alternative form of apple seed.,apple seed,spelling variant of another word (Wiktionary gloss),noun:1,noun,False,0,,,,False,False,False,,,"verb form (-ed, morphology)",,,absent,,,
wargame,2.25,0,0,1,Alternative spelling of war game.,war game,spelling variant of another word (Wiktionary gloss),noun:1;verb:1,noun,False,0,,,,False,False,False,,,,,,absent,,,
flim,2.25,0,0,1,Clipping of flim-flam (“confidence trick”).,flim-flam,clipping (Wiktionary gloss),noun:1,noun,True,0,,,,False,False,False,,,,,,absent,,,
gwan,2.25,0,0,1,"A hybrid between a goose and a swan, especially the offspring of a gander (male goose) and a pen (female swan).",,intj in Wiktionary (not a noun),intj:3;noun:1,intj,False,0,,,,False,False,False,,,,,,absent,,,
halfpipe,2.25,0,0,1,Alternative form of half-pipe.,half-pipe,spelling variant of another word (Wiktionary gloss),noun:1,noun,False,0,,,,False,False,False,,,,,,absent,,,
meep,2.25,0,0,1,A high-pitched exclamation of fear or concern.,,intj in Wiktionary (not a noun),intj:3;noun:1;verb:1,intj,False,1,OTHER,0.0,,False,False,False,,,,,,absent,,,
pfp,2.24,0,0,1,Abbreviation of profile picture.,profile picture,initialism or abbreviation (Wiktionary gloss),noun:1,noun,True,0,,,,False,False,False,,,,,,absent,,,
doggystyle,2.24,0,1,1,Alternative form of doggy style.,doggy style,spelling variant of another word (Wiktionary gloss),adj:1;adv:1;noun:1;verb:1,adj,False,0,,,,False,False,False,,,,,,absent,,,
qanon,2.24,0,0,1,Alternative spelling of qanun.,qanun,spelling variant of another word (Wiktionary gloss),noun:1,noun,False,0,,,,False,False,False,,,,,,absent,,,
rippon,2.24,0,0,1,Alternative form of ripon (“a spur”).,ripon,spelling variant of another word (Wiktionary gloss),noun:1,noun,False,0,,,,False,False,False,,,,,,absent,,,
treeline,2.24,0,0,1,Alternative spelling of tree line.,tree line,spelling variant of another word (Wiktionary gloss),noun:1,noun,False,0,,,,False,False,False,,,,,,absent,,,
riyad,2.24,0,0,1,Alternative spelling of riad.,riad,spelling variant of another word (Wiktionary gloss),noun:1,noun,False,0,,,,False,False,False,,,,,,absent,,,
headstart,2.24,0,0,1,Alternative spelling of head start.,head start,spelling variant of another word (Wiktionary gloss),noun:1,noun,False,0,,,,False,False,False,,,,,,absent,,,
sigint,2.23,1,1,1,Alternative letter-case form of SIGINT.,SIGINT,letter-case variant (Wiktionary gloss),noun:1,noun,False,0,,,,False,False,False,,,,,,absent,,,
moyo,2.23,0,0,1,Archaic form of moio.,moio,spelling variant of another word (Wiktionary gloss),noun:1,noun,False,0,,,,False,False,False,,,,,,absent,,,
beli,2.23,0,0,1,Alternative form of bael.,bael,spelling variant of another word (Wiktionary gloss),noun:1,noun,False,2,PROPN,0.0,,False,False,False,,,,,,absent,,,
mistry,2.23,0,0,1,Alternative form of maistry (“foreman or artisan”).,maistry,spelling variant of another word (Wiktionary gloss),verb:2;noun:1,verb,False,0,,,,False,False,False,,,,,,absent,,,
afterparty,2.23,0,0,1,Alternative spelling of after-party.,after-party,spelling variant of another word (Wiktionary gloss),noun:1,noun,False,0,,,,False,False,False,,,,,,absent,,,
greystone,2.23,1,1,1,Alternative form of graystone.,graystone,spelling variant of another word (Wiktionary gloss),noun:1,noun,False,0,,,,False,False,False,,,,,,absent,,,
dooby,2.23,0,0,1,Alternative form of doobie (“marijuana cigarette”).,doobie,spelling variant of another word (Wiktionary gloss),noun:1,noun,False,0,,,,False,False,False,,,,,,absent,,,
resi,2.23,0,1,1,Clipping of residential real estate.,residential real estate,clipping (Wiktionary gloss),adj:1;noun:1,adj,True,0,,,,False,False,False,,,,,,absent,,,
blech,2.23,0,0,1,A metal sheet used to cover stovetop burners on Shabbat to allow food to be kept warm without violating the prohibition against cooking.,,intj in Wiktionary (not a noun),intj:1;noun:1;verb:1,intj,False,1,OTHER,0.0,,False,False,False,,,,,,absent,,,
quintin,2.22,0,0,1,Alternative form of quintain.,quintain,spelling variant of another word (Wiktionary gloss),noun:1,noun,False,0,,,,False,False,False,,,,,,absent,,,
mendy,2.22,0,1,1,Obsolete form of mehndi (“henna”).,mehndi,spelling variant of another word (Wiktionary gloss),noun:1,noun,False,0,,,,False,False,False,,,,,,absent,,,
arthouse,2.22,0,0,1,Alternative spelling of art house.,art house,spelling variant of another word (Wiktionary gloss),noun:1,noun,False,0,,,,False,False,False,,,,,,absent,,,
mtx,2.22,0,0,1,Abbreviation of microtransaction.,microtransaction,initialism or abbreviation (Wiktionary gloss),noun:1,noun,True,0,,,,False,False,False,,,,,,absent,,,
fantasyland,2.22,0,0,1,Alternative form of fantasy land.,fantasy land,spelling variant of another word (Wiktionary gloss),noun:1,noun,False,0,,,,False,False,False,,,,,,absent,,,
booyah,2.22,1,1,1,"A thick stew of European origin made throughout the Upper Midwestern United States, based on a broth of meat bones to which vegetables are added.",,intj in Wiktionary (not a noun),intj:2;noun:1,intj,False,1,OTHER,0.0,,False,False,False,,,,,,absent,,,
jari,2.22,0,1,1,Alternative form of zari.,zari,spelling variant of another word (Wiktionary gloss),noun:1,noun,False,0,,,,False,False,False,,,,,,absent,,,
freekick,2.22,0,0,1,Alternative spelling of free kick.,free kick,spelling variant of another word (Wiktionary gloss),noun:1,noun,False,0,,,,False,False,False,,,,,,absent,,,
townhall,2.22,0,0,1,Alternative form of town hall.,town hall,spelling variant of another word (Wiktionary gloss),noun:1,noun,False,0,,,,False,False,False,,,,,,absent,,,
olam,2.21,0,0,1,Alternative form of ollamh,ollamh,spelling variant of another word (Wiktionary gloss),noun:1,noun,False,0,,,,False,False,False,,,,,,absent,,,
killzone,2.21,0,0,1,Alternative form of kill zone.,kill zone,spelling variant of another word (Wiktionary gloss),noun:1,noun,False,0,,,,False,False,False,,,,,,absent,,,
ofer,2.21,0,0,1,Alternative form of oh for.,oh for,spelling variant of another word (Wiktionary gloss),noun:1,noun,False,0,,,,False,False,False,,,,,,absent,,,
companys,2.21,0,0,1,Misspelling of companies.,companies,misspelling (Wiktionary gloss),noun:1,noun,False,0,,,,False,False,False,,,,company,,absent,,,
uid,2.21,0,0,1,Alternative form of UID.,UID,spelling variant of another word (Wiktionary gloss),noun:1,noun,False,0,,,,False,False,False,,,,,,absent,,,
hattrick,2.21,0,0,1,Alternative form of hat trick; three goals in one game.,hat trick,spelling variant of another word (Wiktionary gloss),noun:1,noun,False,0,,,,False,False,False,,,,,,absent,,,
muta,2.21,0,1,1,Alternative form of mootah (“marijuana”).,mootah,spelling variant of another word (Wiktionary gloss),noun:1,noun,False,0,,,,False,False,False,,,,,,absent,,,
cullum,2.21,0,0,1,Alternative form of coolung.,coolung,spelling variant of another word (Wiktionary gloss),noun:1,noun,False,0,,,,False,False,False,,,,,,absent,,,
byelection,2.2,0,0,1,Alternative form of by-election.,by-election,spelling variant of another word (Wiktionary gloss),noun:1,noun,False,0,,,,False,False,False,,,,,,absent,,,
sidenote,2.2,0,0,1,Alternative form of side note.,side note,spelling variant of another word (Wiktionary gloss),noun:1,noun,False,1,NOUN,1.0,,False,False,False,,,,,,absent,,,
drumroll,2.2,0,0,1,Alternative spelling of drum roll.,drum roll,spelling variant of another word (Wiktionary gloss),intj:1;noun:1,intj,False,1,NOUN,1.0,,False,False,False,,,,,,absent,,,
tanna,2.2,0,0,1,Alternative form of thana.,thana,spelling variant of another word (Wiktionary gloss),noun:1,noun,False,0,,,,False,False,False,,,,,,absent,,,
etoile,2.2,0,0,2,Alternative form of estoile.,estoile,spelling variant of another word (Wiktionary gloss),noun:2,noun,False,0,,,,False,False,False,,,,,,absent,,,
tika,2.2,0,0,1,Alternative form of tilak (“Hindu caste mark on forehead”).,tilak,spelling variant of another word (Wiktionary gloss),noun:1,noun,False,0,,,,False,False,False,,,,,,absent,,,
coronel,2.2,0,0,2,Alternative form of cronel.,cronel,spelling variant of another word (Wiktionary gloss),noun:2,noun,False,1,PROPN,0.0,,False,False,False,,,,,,absent,,,
halim,2.2,0,1,1,Alternative form of haleem (“stew-like dish”).,haleem,spelling variant of another word (Wiktionary gloss),noun:1,noun,False,0,,,,False,False,False,,,,,,absent,,,
tude,2.2,1,1,1,Alternative spelling of 'tude.,'tude,spelling variant of another word (Wiktionary gloss),noun:1,noun,False,0,,,,False,False,False,,,,,,absent,,,
foodbank,2.2,0,0,1,Alternative spelling of food bank.,food bank,spelling variant of another word (Wiktionary gloss),noun:1,noun,False,0,,,,False,False,False,,,,,,absent,,,
backpage,2.2,0,0,1,Alternative form of back page.,back page,spelling variant of another word (Wiktionary gloss),noun:1,noun,False,0,,,,False,False,False,,,,,,absent,,,
chupacabra,2.2,0,0,1,Alternative form of chupacabras.,chupacabras,spelling variant of another word (Wiktionary gloss),noun:1,noun,False,0,,,,False,False,False,,,,,,absent,,,
gcd,2.2,0,0,1,Initialism of greatest common divisor.,greatest common divisor,initialism or abbreviation (Wiktionary gloss),noun:1,noun,True,0,,,,False,False,False,,,,,,absent,,,
freakshow,2.2,0,0,1,Alternative spelling of freak show.,freak show,spelling variant of another word (Wiktionary gloss),noun:1,noun,False,0,,,,False,False,False,,,,,,absent,,,
pudsey,2.2,0,0,1,Alternative form of pudsy.,pudsy,spelling variant of another word (Wiktionary gloss),noun:1,noun,False,0,,,,False,False,False,,,,,,absent,,,
balla,2.19,0,0,1,"Alternative form of baller (all senses except ""person who divides molten metal"")",baller,spelling variant of another word (Wiktionary gloss),noun:1,noun,False,0,,,,False,False,False,,,,,,absent,,,
habibi,2.19,0,0,1,Alternative form of habib.,habib,spelling variant of another word (Wiktionary gloss),noun:1,noun,False,0,,,,False,False,False,,,,,,absent,,,
powerup,2.19,0,0,1,Alternative spelling of power-up.,power-up,spelling variant of another word (Wiktionary gloss),noun:1,noun,False,0,,,,False,False,False,,,,,,absent,,,
knorr,2.19,0,0,1,Alternative form of knarr (“large merchant ship used in mediaeval Scandinavia”).,knarr,spelling variant of another word (Wiktionary gloss),noun:1,noun,False,0,,,,False,False,False,,,,,,absent,,,
shir,2.19,0,0,1,Alternative form of shirr.,shirr,spelling variant of another word (Wiktionary gloss),noun:1;verb:1,noun,False,0,,,,False,False,False,,,,,,absent,,,
repub,2.19,0,1,2,Clipping of republished.,republished,clipping (Wiktionary gloss),noun:2,noun,True,0,,,,False,False,False,,,,,,absent,,,
cmm,2.19,0,0,1,Abbreviation of cubic millimetre.,cubic millimetre,initialism or abbreviation (Wiktionary gloss),noun:1,noun,True,0,,,,False,False,False,,,,,,absent,,,
gameshow,2.19,0,0,1,Alternative spelling of game show.,game show,spelling variant of another word (Wiktionary gloss),noun:1,noun,False,0,,,,False,False,False,,,,,,absent,,,
widowmaker,2.19,0,0,1,Alternative form of widow-maker.,widow-maker,spelling variant of another word (Wiktionary gloss),noun:1,noun,False,0,,,,False,False,False,,,,,,absent,,,
readymade,2.18,0,0,1,Alternative form of ready-made.,ready-made,spelling variant of another word (Wiktionary gloss),adj:1;noun:1,adj,False,0,,,,False,False,False,,,,,,absent,,,
highpoint,2.18,0,0,1,Alternative form of high point.,high point,spelling variant of another word (Wiktionary gloss),noun:1,noun,False,2,NOUN,1.0,,False,False,False,,,,,,absent,,,
kranz,2.18,0,0,1,Alternative form of krantz.,krantz,spelling variant of another word (Wiktionary gloss),noun:1,noun,False,0,,,,False,False,False,,,,,,absent,,,
coombe,2.18,0,0,1,Alternative form of combe.,combe,spelling variant of another word (Wiktionary gloss),noun:1,noun,False,0,,,,False,False,False,,,,,,absent,,,
gogglebox,2.18,0,0,1,Alternative spelling of goggle box.,goggle box,spelling variant of another word (Wiktionary gloss),noun:1,noun,False,0,,,,False,False,False,,,,,,absent,,,
atma,2.18,0,0,1,Alternative form of atman.,atman,spelling variant of another word (Wiktionary gloss),noun:1,noun,False,0,,,,False,False,False,,,,,,absent,,,
zog,2.17,0,0,1,Alternative form of ZOG.,ZOG,spelling variant of another word (Wiktionary gloss),noun:1,noun,False,0,,,,False,False,False,,,,,,absent,,,
amrit,2.17,0,1,1,Alternative form of amrita.,amrita,spelling variant of another word (Wiktionary gloss),noun:1,noun,False,0,,,,False,False,False,,,,,,absent,,,
daye,2.17,0,0,2,Alternative form of dhye (“wet-nurse”).,dhye,spelling variant of another word (Wiktionary gloss),noun:2,noun,False,0,,,,False,False,False,,,,,,absent,,,
lockscreen,2.17,0,0,1,Alternative form of lock screen.,lock screen,spelling variant of another word (Wiktionary gloss),noun:1,noun,False,0,,,,False,False,False,,,,,,absent,,,
fud,2.17,1,1,2,Alternative form of fuddy-duddy.,fuddy-duddy,spelling variant of another word (Wiktionary gloss),noun:2,noun,False,0,,,,False,False,False,,,,,,absent,,,
strapon,2.17,0,0,1,Alternative spelling of strap-on.,strap-on,spelling variant of another word (Wiktionary gloss),noun:1,noun,False,0,,,,False,False,False,,,,,,absent,,,
chur,2.17,0,0,1,An island or shoal in a river.,,intj in Wiktionary (not a noun),intj:2;adj:1;noun:1;verb:1,intj,False,0,,,,False,False,False,,,,,,absent,,,
creo,2.17,0,0,1,Clipping of creationist.,creationist,clipping (Wiktionary gloss),adj:1;noun:1,adj,True,0,,,,False,False,False,,,,,,absent,,,
oopsie,2.17,0,0,1,Alternative spelling of oopsy.,oopsy,spelling variant of another word (Wiktionary gloss),intj:1;noun:1;verb:1,intj,False,0,,,,False,False,False,,,,,,absent,,,
ragu,2.16,1,1,1,Alternative spelling of ragù.,ragù,spelling variant of another word (Wiktionary gloss),noun:1,noun,False,1,PROPN,0.0,,False,False,False,,,,,,absent,,,
luan,2.16,1,1,1,Alternative spelling of lauan.,lauan,spelling variant of another word (Wiktionary gloss),noun:1,noun,False,2,OTHER,0.0,,False,False,False,,,,,,absent,,,
guapo,2.16,0,1,1,Alternative form of gwop.,gwop,spelling variant of another word (Wiktionary gloss),noun:1,noun,False,0,,,,False,False,False,,,,,,absent,,,
equipe,2.16,0,0,1,Alternative form of équipe (“a team”).,équipe,spelling variant of another word (Wiktionary gloss),noun:1,noun,False,1,NOUN,1.0,,False,False,False,,,,,,absent,,,
kix,2.16,0,0,1,Alternative form of kex.,kex,spelling variant of another word (Wiktionary gloss),noun:1,noun,False,0,,,,False,False,False,,,,,,absent,,,
mourne,2.15,0,0,1,Alternative spelling of morne,morne,spelling variant of another word (Wiktionary gloss),noun:1;verb:1,noun,False,0,,,,False,False,False,,,,,,absent,,,
zinke,2.15,1,1,2,Alternative spelling of zink (“musical instrument”).,zink,spelling variant of another word (Wiktionary gloss),noun:2,noun,False,0,,,,False,False,False,,,,,,absent,,,
redbook,2.15,0,0,1,Alternative form of red book,red book,spelling variant of another word (Wiktionary gloss),noun:1,noun,False,0,,,,False,False,False,,,,,,absent,,,
rajon,2.15,0,0,1,Alternative spelling of raion.,raion,spelling variant of another word (Wiktionary gloss),noun:1,noun,False,0,,,,False,False,False,,,,,,absent,,,
hardwork,2.15,0,1,1,Alternative form of hard work.,hard work,spelling variant of another word (Wiktionary gloss),noun:1,noun,False,0,,,,False,False,False,,,,,,absent,,,
tsun,2.15,0,0,1,Dated form of cun (“Chinese unit of length”).,cun,spelling variant of another word (Wiktionary gloss),noun:1,noun,False,0,,,,False,False,False,,,,,,absent,,,
mnt,2.15,0,1,1,Abbreviation of maleonitriledithiolate.,maleonitriledithiolate,initialism or abbreviation (Wiktionary gloss),noun:1,noun,True,0,,,,False,False,False,,,,,,absent,,,
curragh,2.15,0,0,1,Alternative spelling of currach.,currach,spelling variant of another word (Wiktionary gloss),noun:1,noun,False,0,,,,False,False,False,,,,,,absent,,,
livingroom,2.14,0,0,1,Alternative form of living room.,living room,spelling variant of another word (Wiktionary gloss),noun:1,noun,False,0,,,,False,False,False,,,,,,absent,,,
infosec,2.14,0,1,1,Abbreviation of information security.,information security,initialism or abbreviation (Wiktionary gloss),noun:1,noun,True,0,,,,False,False,False,,,,,,absent,,,
morphe,2.14,0,0,1,Alternative spelling of morphew.,morphew,spelling variant of another word (Wiktionary gloss),noun:1,noun,False,0,,,,False,False,False,,,,,,absent,,,
shuler,2.14,0,0,1,Alternative form of shooler (“a beggar”).,shooler,spelling variant of another word (Wiktionary gloss),noun:1,noun,False,0,,,,False,False,False,,,,,,absent,,,
gak,2.14,0,1,2,Alternative form of gack (“crystal meth”).,gack,spelling variant of another word (Wiktionary gloss),intj:2;noun:2,intj,False,0,,,,False,False,False,,,,,,absent,,,
killswitch,2.14,0,0,1,Alternative spelling of kill switch.,kill switch,spelling variant of another word (Wiktionary gloss),noun:1,noun,False,0,,,,False,False,False,,,,,,absent,,,
chainmail,2.13,0,1,1,Alternative spelling of chain mail.,chain mail,spelling variant of another word (Wiktionary gloss),noun:1,noun,False,0,,,,False,False,False,,,,,,absent,,,
framerate,2.13,1,1,1,Alternative form of frame rate.,frame rate,spelling variant of another word (Wiktionary gloss),noun:1,noun,False,0,,,,False,False,False,,,,,,absent,,,
prudhomme,2.13,0,0,1,Alternative form of prud'homme.,prud'homme,spelling variant of another word (Wiktionary gloss),noun:1,noun,False,0,,,,False,False,False,,,,,,absent,,,
roid,2.13,0,0,3,"Clipping of steroid Steroids, especially those used illegally for performance enhancement.",steroid Steroids,clipping (Wiktionary gloss),noun:3,noun,True,0,,,,False,False,False,,,,,,absent,,,
stubblefield,2.13,0,0,1,Alternative spelling of stubble field.,stubble field,spelling variant of another word (Wiktionary gloss),noun:1,noun,False,4,PROPN,0.0,,False,False,False,,,,,,absent,,,
cand,2.13,0,1,1,Alternative form of kand.,kand,spelling variant of another word (Wiktionary gloss),noun:1,noun,False,1,NOUN,1.0,,False,False,False,,,,,,absent,,,
sewa,2.13,0,1,1,Alternative form of seva.,seva,spelling variant of another word (Wiktionary gloss),noun:1,noun,False,0,,,,False,False,False,,,,,,absent,,,
sweetcorn,2.13,1,1,1,Alternative form of sweet corn.,sweet corn,spelling variant of another word (Wiktionary gloss),noun:1,noun,False,0,,,,False,False,False,,,,,,absent,,,
harr,2.13,0,0,2,Alternative form of haar (“sea fog; wind which blows in this fog”).,haar,spelling variant of another word (Wiktionary gloss),noun:2,noun,False,0,,,,False,False,False,,,,,,absent,,,
gametime,2.13,1,1,1,Alternative form of game time.,game time,spelling variant of another word (Wiktionary gloss),noun:1,noun,False,0,,,,False,False,False,,,,,,absent,,,
rost,2.12,1,1,2,Alternative form of roust (“strong tide or current”).,roust,spelling variant of another word (Wiktionary gloss),noun:2;adj:1;verb:1,noun,False,0,,,,False,False,False,,,,,,absent,,,
spn,2.12,0,0,1,Initialism of substitution-permutation network.,substitution-permutation network,initialism or abbreviation (Wiktionary gloss),noun:1,noun,True,0,,,,False,False,False,,,,,,absent,,,
boardgame,2.12,0,0,1,Alternative form of board game.,board game,spelling variant of another word (Wiktionary gloss),noun:1,noun,False,0,,,,False,False,False,,,,,,absent,,,
kungfu,2.12,0,1,1,Alternative spelling of kung fu.,kung fu,spelling variant of another word (Wiktionary gloss),noun:1,noun,False,0,,,,False,False,False,,,,,,absent,,,
chenango,2.12,0,0,1,Alternative form of shenango.,shenango,spelling variant of another word (Wiktionary gloss),noun:1,noun,False,0,,,,False,False,False,,,,,,absent,,,
griz,2.12,0,0,1,Alternative form of grizz (“grizzly bear”).,grizz,spelling variant of another word (Wiktionary gloss),noun:1,noun,False,0,,,,False,False,False,,,,,,absent,,,
dtr,2.12,0,0,1,Abbreviation of double treble crochet.,double treble crochet,initialism or abbreviation (Wiktionary gloss),noun:1,noun,True,0,,,,False,False,False,,,,,,absent,,,
bbg,2.12,0,0,1,Alternative form of baby girl (term of endearment).,baby girl,spelling variant of another word (Wiktionary gloss),noun:1,noun,False,0,,,,False,False,False,,,,,,absent,,,
tipoff,2.11,0,0,1,Alternative spelling of tip-off.,tip-off,spelling variant of another word (Wiktionary gloss),noun:1,noun,False,1,PROPN,0.0,,False,False,False,,,,,,absent,,,
factsheet,2.11,0,0,1,Alternative spelling of fact sheet.,fact sheet,spelling variant of another word (Wiktionary gloss),noun:1,noun,False,0,,,,False,False,False,,,,,,absent,,,
froyo,2.11,1,1,1,Alternative form of fro-yo.,fro-yo,spelling variant of another word (Wiktionary gloss),noun:1,noun,False,0,,,,False,False,False,,,,,,absent,,,
hct,2.11,0,1,1,Abbreviation of hematocrit/haematocrit.,hematocrit/haematocrit,initialism or abbreviation (Wiktionary gloss),noun:1,noun,True,0,,,,False,False,False,,,,,,absent,,,
warpaint,2.11,1,1,1,Alternative spelling of war paint.,war paint,spelling variant of another word (Wiktionary gloss),noun:1,noun,False,0,,,,False,False,False,,,,,,absent,,,
hamzah,2.11,0,0,1,Alternative form of hamza.,hamza,spelling variant of another word (Wiktionary gloss),noun:1,noun,False,0,,,,False,False,False,,,,,,absent,,,
clipart,2.11,0,1,1,Alternative spelling of clip art.,clip art,spelling variant of another word (Wiktionary gloss),noun:1,noun,False,0,,,,False,False,False,,,,,,absent,,,
realestate,2.11,0,1,1,Alternative form of real estate.,real estate,spelling variant of another word (Wiktionary gloss),noun:1,noun,False,2,VERB,0.0,,False,False,False,,,,,,absent,,,
decisionmaking,2.11,0,1,1,Alternative form of decision making.,decision making,spelling variant of another word (Wiktionary gloss),noun:1,noun,False,1,NOUN,1.0,,False,False,False,,,"verb form (-ing, morphology)",,,absent,,,
defacto,2.11,0,0,1,Alternative form of de facto.,de facto,spelling variant of another word (Wiktionary gloss),noun:1,noun,False,0,,,,False,False,False,,,,,,absent,,,
bellend,2.11,0,0,1,Alternative spelling of bell-end.,bell-end,spelling variant of another word (Wiktionary gloss),noun:1,noun,False,0,,,,False,False,False,,,,,,absent,,,
oudh,2.11,1,1,1,Alternative form of oud,oud,spelling variant of another word (Wiktionary gloss),noun:1,noun,False,0,,,,False,False,False,,,,,,absent,,,
kmc,2.11,0,0,1,Abbreviation of kilomegacycle.,kilomegacycle,initialism or abbreviation (Wiktionary gloss),noun:1,noun,True,0,,,,False,False,False,,,,,,absent,,,
cfg,2.1,0,0,1,Alternative letter-case form of CFG.,CFG,letter-case variant (Wiktionary gloss),noun:1,noun,False,0,,,,False,False,False,,,,,,absent,,,
rasool,2.1,0,0,1,Alternative form of rasul.,rasul,spelling variant of another word (Wiktionary gloss),noun:1,noun,False,0,,,,False,False,False,,,,,,absent,,,
waterboy,2.1,0,0,1,Alternative spelling of water boy.,water boy,spelling variant of another word (Wiktionary gloss),noun:1,noun,False,0,,,,False,False,False,,,,,,absent,,,
fpm,2.1,0,0,1,Initialism of feet per minute.,feet per minute,initialism or abbreviation (Wiktionary gloss),noun:1,noun,True,0,,,,False,False,False,,,,,,absent,,,
blindspot,2.1,0,0,1,Alternative form of blind spot.,blind spot,spelling variant of another word (Wiktionary gloss),noun:1,noun,False,0,,,,False,False,False,,,,,,absent,,,
bonzo,2.1,0,0,1,Alternative form of bonze (“Buddhist monk or priest in East Asia”).,bonze,spelling variant of another word (Wiktionary gloss),noun:1,noun,False,0,,,,False,False,False,,,,,,absent,,,
jetski,2.1,0,0,1,Alternative form of jet ski.,jet ski,spelling variant of another word (Wiktionary gloss),noun:1;verb:1,noun,False,0,,,,False,False,False,,,,,,absent,,,
chode,2.1,0,0,1,Alternative spelling of choad.,choad,spelling variant of another word (Wiktionary gloss),noun:1;verb:1,noun,False,0,,,,False,False,False,,,,,,absent,,,
fogo,2.09,0,0,1,Alternative form of hogo (“strong unpleasant smell”).,hogo,spelling variant of another word (Wiktionary gloss),noun:1,noun,False,0,,,,False,False,False,,,,,,absent,,,
kpc,2.09,0,0,1,Abbreviation of kiloparsec.,kiloparsec,initialism or abbreviation (Wiktionary gloss),noun:1,noun,True,0,,,,False,False,False,,,,,,absent,,,
phonecall,2.09,0,0,1,Alternative form of phone call.,phone call,spelling variant of another word (Wiktionary gloss),noun:1,noun,False,0,,,,False,False,False,,,,,,absent,,,
sonofabitch,2.09,0,0,1,Alternative spelling of son of a bitch.,son of a bitch,spelling variant of another word (Wiktionary gloss),noun:1,noun,False,4,NOUN,1.0,,False,False,False,,,,,,absent,,,
jif,2.09,0,0,2,Alternative form of jiff.,jiff,spelling variant of another word (Wiktionary gloss),noun:2,noun,True,0,,,,False,False,False,,,,,,absent,,,
doop,2.09,0,0,1,Alternative form of dop (“cup in which diamond is cut”).,dop,spelling variant of another word (Wiktionary gloss),noun:1,noun,False,0,,,,False,False,False,,,,,,absent,,,
babydoll,2.09,0,0,1,Alternative form of baby doll.,baby doll,spelling variant of another word (Wiktionary gloss),noun:1,noun,False,0,,,,False,False,False,,,,,,absent,,,
asoka,2.09,0,0,1,Alternative form of ashoka.,ashoka,spelling variant of another word (Wiktionary gloss),noun:1,noun,False,0,,,,False,False,False,,,,,,absent,,,
talwar,2.09,0,0,1,Alternative spelling of tulwar.,tulwar,spelling variant of another word (Wiktionary gloss),noun:1,noun,False,0,,,,False,False,False,,,,,,absent,,,
youngman,2.08,0,0,2,Obsolete form of young man.,young man,spelling variant of another word (Wiktionary gloss),noun:2,noun,False,0,,,,False,False,False,,,,,,absent,,,
fuckboy,2.08,0,0,1,Alternative spelling of fuck boy.,fuck boy,spelling variant of another word (Wiktionary gloss),noun:1,noun,False,0,,,,False,False,False,,,,,,absent,,,
maggy,2.08,0,0,1,Alternative form of maggie (“type of bird”).,maggie,spelling variant of another word (Wiktionary gloss),noun:1,noun,False,0,,,,False,False,False,,,,,,absent,,,
hayfever,2.08,0,1,1,Alternative spelling of hay fever.,hay fever,spelling variant of another word (Wiktionary gloss),noun:1,noun,False,0,,,,False,False,False,,,,,,absent,,,
checkmark,2.08,0,0,1,Alternative form of check mark.,check mark,spelling variant of another word (Wiktionary gloss),noun:1;verb:1,noun,False,0,,,,False,False,False,,,,,,absent,,,
athan,2.08,0,0,1,Alternative spelling of adhan.,adhan,spelling variant of another word (Wiktionary gloss),noun:1,noun,False,0,,,,False,False,False,,,,,,absent,,,
burak,2.08,0,1,1,Alternative form of borak.,borak,spelling variant of another word (Wiktionary gloss),noun:1,noun,False,0,,,,False,False,False,,,,,,absent,,,
mwa,2.08,0,1,1,Alternative spelling of mwah.,mwah,spelling variant of another word (Wiktionary gloss),intj:1;noun:1,intj,False,0,,,,False,False,False,,,,,,absent,,,
moyle,2.08,0,0,2,Alternative form of moil.,moil,spelling variant of another word (Wiktionary gloss),noun:2;verb:1,noun,False,0,,,,False,False,False,,,,,,absent,,,
crosscountry,2.08,1,1,1,Alternative form of cross country.,cross country,spelling variant of another word (Wiktionary gloss),adj:1;noun:1,adj,False,0,,,,False,False,False,,,,,,absent,,,
jambo,2.08,0,0,1,Obsolete form of jambul.,jambul,spelling variant of another word (Wiktionary gloss),noun:1,noun,False,0,,,,False,False,False,,,,,,absent,,,
supercup,2.08,0,0,1,Alternative form of super cup.,super cup,spelling variant of another word (Wiktionary gloss),noun:1,noun,False,0,,,,False,False,False,,,,,,absent,,,
birdseye,2.07,1,1,1,Alternative form of bird's-eye.,bird's-eye,spelling variant of another word (Wiktionary gloss),adj:1;noun:1,adj,False,0,,,,False,False,False,,,,,,absent,,,
apres,2.07,0,1,1,Abbreviation of après-ski.,après-ski,initialism or abbreviation (Wiktionary gloss),noun:1;prep:1,noun,True,0,,,,False,False,False,,,,,,absent,,,
airconditioning,2.07,0,1,1,Alternative form of air conditioning.,air conditioning,spelling variant of another word (Wiktionary gloss),noun:1;verb:1,noun,False,0,,,,False,False,False,,,"verb form (-ing, morphology)",,,absent,,,
spen,2.07,0,0,1,Alternative form of spean.,spean,spelling variant of another word (Wiktionary gloss),noun:1,noun,False,0,,,,False,False,False,,,,,,absent,,,
arclight,2.07,0,0,1,Alternative form of arc light.,arc light,spelling variant of another word (Wiktionary gloss),noun:1,noun,False,0,,,,False,False,False,,,,,,absent,,,
coffeeshop,2.07,0,0,1,Alternative spelling of coffee shop.,coffee shop,spelling variant of another word (Wiktionary gloss),noun:1,noun,False,1,NOUN,1.0,,False,False,False,,,,,,absent,,,
exper,2.07,0,1,1,Alternative form of exper. (“experience”),exper.,spelling variant of another word (Wiktionary gloss),noun:1,noun,False,0,,,,False,False,False,,,,,,absent,,,
bestfriend,2.07,0,0,1,Alternative form of best friend.,best friend,spelling variant of another word (Wiktionary gloss),noun:1,noun,False,1,NOUN,1.0,,False,False,False,,,,,,absent,,,
bidi,2.07,0,0,1,Alternative form of beedi (“Indian cigarette”).,beedi,spelling variant of another word (Wiktionary gloss),adj:1;noun:1,adj,True,0,,,,False,False,False,,,,,,absent,,,
tanah,2.07,0,0,1,Alternative form of thana.,thana,spelling variant of another word (Wiktionary gloss),noun:1,noun,False,0,,,,False,False,False,,,,,,absent,,,
talkshow,2.07,0,0,1,Alternative form of talk show.,talk show,spelling variant of another word (Wiktionary gloss),noun:1,noun,False,1,NOUN,1.0,,False,False,False,,,,,,absent,,,
peanutbutter,2.06,1,1,1,Alternative spelling of peanut butter.,peanut butter,spelling variant of another word (Wiktionary gloss),noun:1,noun,False,0,,,,False,False,False,,,,,,absent,,,
muang,2.06,0,0,1,Alternative form of mueang.,mueang,spelling variant of another word (Wiktionary gloss),noun:1,noun,False,1,PROPN,0.0,,False,False,False,,,,,,absent,,,
pmf,2.06,0,0,1,Initialism of probability mass function.,probability mass function,initialism or abbreviation (Wiktionary gloss),noun:1,noun,True,0,,,,False,False,False,,,,,,absent,,,
simson,2.06,0,1,1,Alternative form of sencion (“groundsel”).,sencion,spelling variant of another word (Wiktionary gloss),noun:1,noun,False,0,,,,False,False,False,,,,,,absent,,,
hitz,2.06,0,0,1,Informal spelling of hits; plural of hit.,hits,spelling variant of another word (Wiktionary gloss),noun:1,noun,False,0,,,,False,False,False,,,,,,absent,,,
rato,2.06,1,1,1,Alternative form of RATO (“rocket-assisted takeoff”).,RATO,spelling variant of another word (Wiktionary gloss),noun:1,noun,False,0,,,,False,False,False,,,,,,absent,,,
oldtown,2.06,0,0,1,Alternative form of old town.,old town,spelling variant of another word (Wiktionary gloss),noun:1,noun,False,0,,,,False,False,False,,,,,,absent,,,
callsign,2.06,0,0,1,Alternative form of call sign.,call sign,spelling variant of another word (Wiktionary gloss),noun:1,noun,False,0,,,,False,False,False,,,,,,absent,,,
artform,2.06,0,0,1,Alternative spelling of art form.,art form,spelling variant of another word (Wiktionary gloss),noun:1,noun,False,0,,,,False,False,False,,,,,,absent,,,
arnot,2.06,0,0,1,Alternative spelling of arnut.,arnut,spelling variant of another word (Wiktionary gloss),noun:1,noun,False,0,,,,False,False,False,,,,,,absent,,,
hdc,2.06,0,0,2,Initialism of half double crochet.,half double crochet,initialism or abbreviation (Wiktionary gloss),noun:2,noun,True,0,,,,False,False,False,,,,,,absent,,,
poot,2.06,0,0,2,"A fart, perhaps a relatively quiet one.",,intj in Wiktionary (not a noun),intj:2;noun:2;verb:2,intj,False,1,OTHER,0.0,,False,False,False,,,,,,absent,,,
sqrt,2.06,0,0,1,Abbreviation of square root.,square root,initialism or abbreviation (Wiktionary gloss),noun:1,noun,True,0,,,,False,False,False,,,,,,absent,,,
carphone,2.06,0,0,1,Alternative form of car phone.,car phone,spelling variant of another word (Wiktionary gloss),noun:1,noun,False,0,,,,False,False,False,,,,,,absent,,,
bajan,2.06,0,0,1,Alternative form of bayan (“type of accordion”).,bayan,spelling variant of another word (Wiktionary gloss),noun:1,noun,False,0,,,,False,False,False,,,,,,absent,,,
networth,2.06,1,1,1,Alternative form of net worth.,net worth,spelling variant of another word (Wiktionary gloss),noun:1,noun,False,0,,,,False,False,False,,,,,,absent,,,
thinktank,2.06,0,0,1,Alternative spelling of think tank.,think tank,spelling variant of another word (Wiktionary gloss),noun:1;verb:1,noun,False,0,,,,False,False,False,,,,,,absent,,,
capulet,2.05,0,0,1,Alternative form of capellet.,capellet,spelling variant of another word (Wiktionary gloss),noun:1,noun,False,0,,,,False,False,False,,,,,,absent,,,
anata,2.05,0,1,1,Alternative form of anatta.,anatta,spelling variant of another word (Wiktionary gloss),noun:1,noun,False,0,,,,False,False,False,,,,,,absent,,,
backburner,2.05,1,1,1,Alternative form of back burner.,back burner,spelling variant of another word (Wiktionary gloss),noun:1;verb:1,noun,False,0,,,,False,False,False,,,,,,absent,,,
hardcopy,2.05,0,0,1,Alternative form of hard copy.,hard copy,spelling variant of another word (Wiktionary gloss),noun:1,noun,False,1,PROPN,0.0,,False,False,False,,,,,,absent,,,
passionfruit,2.05,0,0,1,Alternative form of passion fruit.,passion fruit,spelling variant of another word (Wiktionary gloss),noun:1,noun,False,0,,,,False,False,False,,,,,,absent,,,
portas,2.05,0,0,1,Obsolete form of portass.,portass,spelling variant of another word (Wiktionary gloss),noun:1,noun,False,1,PROPN,0.0,,False,False,False,,,,,,absent,,,
crossdresser,2.05,0,0,1,Alternative spelling of cross-dresser.,cross-dresser,spelling variant of another word (Wiktionary gloss),noun:1,noun,False,0,,,,False,False,False,,,,,,absent,,,
hef,2.05,0,0,1,Clipping of hefeweizen.,hefeweizen,clipping (Wiktionary gloss),noun:1,noun,True,0,,,,False,False,False,,,,,,absent,,,
timebomb,2.05,0,0,1,Alternative form of time bomb.,time bomb,spelling variant of another word (Wiktionary gloss),noun:1,noun,False,0,,,,False,False,False,,,,,,absent,,,
perrot,2.05,0,0,1,Obsolete form of periot.,periot,spelling variant of another word (Wiktionary gloss),noun:1,noun,False,0,,,,False,False,False,,,,,,absent,,,
squee,2.04,0,0,1,A cry of squee.,,intj in Wiktionary (not a noun),intj:1;noun:1;verb:1,intj,False,0,,,,False,False,False,,,,,,absent,,,
ezine,2.04,0,0,1,Alternative spelling of e-zine.,e-zine,spelling variant of another word (Wiktionary gloss),noun:1,noun,False,0,,,,False,False,False,,,,,,absent,,,
oblongata,2.04,0,0,1,Clipping of medulla oblongata.,medulla oblongata,clipping (Wiktionary gloss),noun:1,noun,True,0,,,,False,False,False,,,,,,absent,,,
vta,2.04,0,0,1,Initialism of verb transitive animate.,verb transitive animate,initialism or abbreviation (Wiktionary gloss),noun:1,noun,True,0,,,,False,False,False,,,,,,absent,,,
rango,2.04,0,0,1,Alternative form of arango.,arango,spelling variant of another word (Wiktionary gloss),noun:1,noun,False,0,,,,False,False,False,,,,,,absent,,,
arish,2.04,0,0,1,Alternative form of earsh.,earsh,spelling variant of another word (Wiktionary gloss),noun:1,noun,False,0,,,,False,False,False,,,,,,absent,,,
photobooth,2.04,0,0,1,Alternative form of photo booth.,photo booth,spelling variant of another word (Wiktionary gloss),noun:1,noun,False,0,,,,False,False,False,,,,,,absent,,,
webseries,2.04,0,0,1,Alternative form of web series.,web series,spelling variant of another word (Wiktionary gloss),noun:1,noun,False,0,,,,False,False,False,,,,,,absent,,,
booboo,2.04,0,0,1,Alternative form of boo-boo.,boo-boo,spelling variant of another word (Wiktionary gloss),noun:1,noun,False,2,NOUN,1.0,,False,False,False,,,,,,absent,,,
dobbie,2.03,0,0,1,Alternative spelling of dobby.,dobby,spelling variant of another word (Wiktionary gloss),noun:1,noun,False,0,,,,False,False,False,,,,,,absent,,,
dbh,2.03,0,1,1,"Initialism of diameter at breast height, a standard method of expressing the diameter of the trunk or bole of a standing tree, measured at the supposed height above ground of an adult's breast (which ",diameter at breast height,initialism or abbreviation (Wiktionary gloss),noun:1,noun,True,0,,,,False,False,False,,,,,,absent,,,
yok,2.03,0,0,2,Alternative form of yock.,yock,spelling variant of another word (Wiktionary gloss),noun:2;verb:1,noun,False,0,,,,False,False,False,,,,,,absent,,,
linney,2.03,0,0,1,Alternative form of linhay.,linhay,spelling variant of another word (Wiktionary gloss),noun:1,noun,False,0,,,,False,False,False,,,,,,absent,,,
gamechanger,2.03,0,0,1,Alternative form of game changer.,game changer,spelling variant of another word (Wiktionary gloss),noun:1,noun,False,0,,,,False,False,False,,,,,,absent,,,
gali,2.03,0,1,2,Alternative form of galee (“abuse; bad language”).,galee,spelling variant of another word (Wiktionary gloss),noun:2,noun,False,0,,,,False,False,False,,,,,,absent,,,
dropoff,2.03,0,0,1,Alternative form of drop-off.,drop-off,spelling variant of another word (Wiktionary gloss),noun:1,noun,False,0,,,,False,False,False,,,,,,absent,,,
rdna,2.03,0,0,1,Alternative form of rDNA.,rDNA,spelling variant of another word (Wiktionary gloss),noun:1,noun,False,0,,,,False,False,False,,,,,,absent,,,
lbm,2.03,0,0,1,Abbreviation of pound-mass (“unit of mass”).,pound-mass,initialism or abbreviation (Wiktionary gloss),noun:1,noun,True,0,,,,False,False,False,,,,,,absent,,,
floorplan,2.03,0,0,1,Alternative spelling of floor plan.,floor plan,spelling variant of another word (Wiktionary gloss),noun:1,noun,False,0,,,,False,False,False,,,,,,absent,,,
middleclass,2.03,0,0,1,Alternative form of middle class.,middle class,spelling variant of another word (Wiktionary gloss),adj:1;noun:1,adj,False,0,,,,False,False,False,,,,,,absent,,,
kie,2.03,0,0,1,"Alternative spelling of kye, plural of cow",kye,spelling variant of another word (Wiktionary gloss),noun:1,noun,False,0,,,,False,False,False,,,,,,absent,,,
channa,2.02,0,1,1,Alternative form of chana.,chana,spelling variant of another word (Wiktionary gloss),noun:1,noun,False,0,,,,False,False,False,,,,,,absent,,,
shounen,2.02,0,1,1,Alternative form of shonen.,shonen,spelling variant of another word (Wiktionary gloss),noun:1,noun,False,0,,,,False,False,False,,,,,,absent,,,
lumb,2.02,0,0,1,Alternative spelling of lum (“chimney”).,lum,spelling variant of another word (Wiktionary gloss),noun:1,noun,False,0,,,,False,False,False,,,,,,absent,,,
trenchcoat,2.02,0,0,1,Alternative spelling of trench coat.,trench coat,spelling variant of another word (Wiktionary gloss),noun:1,noun,False,0,,,,False,False,False,,,,,,absent,,,
nightshift,2.02,0,0,1,Alternative spelling of night shift.,night shift,spelling variant of another word (Wiktionary gloss),noun:1,noun,False,0,,,,False,False,False,,,,,,absent,,,
kneejerk,2.02,0,0,1,Alternative form of knee-jerk.,knee-jerk,spelling variant of another word (Wiktionary gloss),adj:1;noun:1,adj,False,0,,,,False,False,False,,,,,,absent,,,
swara,2.02,0,1,2,Alternative form of svara.,svara,spelling variant of another word (Wiktionary gloss),noun:2,noun,False,0,,,,False,False,False,,,,,,absent,,,
lbf,2.02,0,0,1,Abbreviation of pound-force (“unit of force”).,pound-force,initialism or abbreviation (Wiktionary gloss),noun:1,noun,True,0,,,,False,False,False,,,,,,absent,,,
seabass,2.02,0,0,1,"Alternative form of sea bass, used especially in compound terms.",sea bass,spelling variant of another word (Wiktionary gloss),noun:1,noun,False,15,NOUN,0.933,,False,False,False,,,,,,absent,,,
darndest,2.02,0,1,1,Alternative spelling of darnedest.,darnedest,spelling variant of another word (Wiktionary gloss),adj:1;noun:1,adj,False,0,,,,False,False,False,,,,,,absent,,,
lipsync,2.01,0,1,1,Alternative form of lip sync.,lip sync,spelling variant of another word (Wiktionary gloss),noun:1;verb:1,noun,False,0,,,,False,False,False,,,,,,absent,,,
spacebar,2.01,0,0,1,Alternative spelling of space bar.,space bar,spelling variant of another word (Wiktionary gloss),noun:1,noun,False,0,,,,False,False,False,,,,,,absent,,,
bloodwork,2.01,0,1,1,Alternative spelling of blood work.,blood work,spelling variant of another word (Wiktionary gloss),noun:1,noun,False,0,,,,False,False,False,,,,,,absent,,,
patta,2.01,0,0,1,Alternative form of pata (“type of sword”).,pata,spelling variant of another word (Wiktionary gloss),noun:1,noun,False,0,,,,False,False,False,,,,,,absent,,,
fanpage,2.01,0,0,1,Alternative form of fan page.,fan page,spelling variant of another word (Wiktionary gloss),noun:1,noun,False,0,,,,False,False,False,,,,,,absent,,,
marechal,2.01,0,0,1,Alternative form of mareschal.,mareschal,spelling variant of another word (Wiktionary gloss),noun:1,noun,False,0,,,,False,False,False,,,adjective-like (morphology),,,absent,,,
zira,2.0,0,1,1,Alternative form of jeera (“cumin”).,jeera,spelling variant of another word (Wiktionary gloss),noun:1,noun,False,0,,,,False,False,False,,,,,,absent,,,
webhosting,2.0,0,1,1,Alternative form of web hosting.,web hosting,spelling variant of another word (Wiktionary gloss),noun:1,noun,False,0,,,,False,False,False,,,"verb form (-ing, morphology)",,,absent,,,
jum,2.0,0,1,1,Alternative form of jhum.,jhum,spelling variant of another word (Wiktionary gloss),noun:1,noun,False,0,,,,False,False,False,,,,,,absent,,,
jetstream,2.0,0,0,1,Alternative spelling of jet stream.,jet stream,spelling variant of another word (Wiktionary gloss),noun:1,noun,False,0,,,,False,False,False,,,,,,absent,,,
countrys,2.0,0,0,1,Misspelling of countries.,countries,misspelling (Wiktionary gloss),noun:1,noun,False,0,,,,False,False,False,,,,country,,absent,,,
crapo,2.0,0,0,1,Alternative form of crappo (“toad”).,crappo,spelling variant of another word (Wiktionary gloss),noun:1,noun,False,0,,,,False,False,False,,,,,,absent,,,
crewneck,2.0,0,0,1,Alternative form of crew neck.,crew neck,spelling variant of another word (Wiktionary gloss),noun:1,noun,False,0,,,,False,False,False,,,,,,absent,,,
medtech,2.0,1,1,2,Abbreviation of medical technology.,medical technology,initialism or abbreviation (Wiktionary gloss),noun:2,noun,True,0,,,,False,False,False,,,,,,absent,,,
mfd,2.0,0,0,1,Abbreviation of manufacturing date.,manufacturing date,initialism or abbreviation (Wiktionary gloss),adj:1;noun:1,adj,True,0,,,,False,False,False,,,,,,absent,,,
ecker,2.0,0,1,1,Alternative spelling of ekker.,ekker,spelling variant of another word (Wiktionary gloss),noun:1,noun,False,0,,,,False,False,False,,,,,,absent,,,
nkosi,2.0,0,0,1,Alternative form of inkosi,inkosi,spelling variant of another word (Wiktionary gloss),noun:1,noun,False,0,,,,False,False,False,,,,,,absent,,,
nole,2.0,0,0,1,Alternative spelling of noll (“the head”).,noll,spelling variant of another word (Wiktionary gloss),noun:1,noun,False,0,,,,False,False,False,,,,,,absent,,,
blackhole,2.0,0,0,1,Alternative form of black hole.,black hole,spelling variant of another word (Wiktionary gloss),noun:1;verb:1,noun,False,0,,,,False,False,False,,,,,,absent,,,
refi,2.0,1,1,1,Abbreviation of refinancing.,refinancing,initialism or abbreviation (Wiktionary gloss),noun:1,noun,True,1,NOUN,1.0,,False,False,False,,,,,,absent,,,
rati,2.0,0,0,1,Alternative form of ratti (“Indian unit of measure”).,ratti,spelling variant of another word (Wiktionary gloss),noun:1,noun,False,0,,,,False,False,False,,,,,,absent,,,
rapamycin,2.0,0,1,1,Alternative form of sirolimus.,sirolimus,spelling variant of another word (Wiktionary gloss),noun:1,noun,False,0,,,,False,False,False,,,,,,absent,,,
greyscale,2.0,1,1,1,Alternative spelling of grayscale.,grayscale,spelling variant of another word (Wiktionary gloss),adj:1;noun:1;verb:1,adj,False,0,,,,False,False,False,,,,,,absent,,,
goodmorning,2.0,0,0,1,Alternative form of good morning.,good morning,spelling variant of another word (Wiktionary gloss),noun:1;verb:1,noun,False,0,,,,False,False,False,,,"verb form (-ing, morphology)",,,absent,,,
gazi,2.0,0,0,1,Alternative form of ghazi.,ghazi,spelling variant of another word (Wiktionary gloss),noun:1,noun,False,0,,,,False,False,False,,,,,,absent,,,
peepee,2.0,1,1,1,Alternative spelling of pee-pee.,pee-pee,spelling variant of another word (Wiktionary gloss),noun:1,noun,False,0,,,,False,False,False,,,,,,absent,,,
ballsack,2.0,0,0,1,Alternative form of ball sack.,ball sack,spelling variant of another word (Wiktionary gloss),noun:1,noun,False,0,,,,False,False,False,,,,,,absent,,,
kissel,2.0,1,1,1,Alternative spelling of kisel (“type of dessert”).,kisel,spelling variant of another word (Wiktionary gloss),noun:1,noun,False,0,,,,False,False,False,,,,,,absent,,,
steve,4.71,0,0,1,Alternative form of STEVE.,STEVE,spelling variant of another word (Wiktionary gloss),noun:1;verb:1,noun,False,74,PROPN,0.0,name in practice (corpus),True,False,True,,,,,,absent,,,
kim,4.59,0,1,1,Alternative form of gim (“edible seaweed”).,gim,spelling variant of another word (Wiktionary gloss),noun:1,noun,False,39,PROPN,0.0,name in practice (corpus),True,False,True,,,,,,absent,,,
jan,4.51,0,0,1,Obsolete form of jinn.,jinn,spelling variant of another word (Wiktionary gloss),noun:1,noun,False,27,PROPN,0.0,name in practice (corpus),True,False,True,,,,,,absent,,,
alan,4.45,0,0,1,Alternative form of alaunt.,alaunt,spelling variant of another word (Wiktionary gloss),noun:1,noun,False,94,PROPN,0.0,name in practice (corpus),True,False,True,,,,,,absent,,,
phil,4.37,0,1,1,Alternative form of phil..,phil.,spelling variant of another word (Wiktionary gloss),noun:1,noun,False,77,PROPN,0.0,name in practice (corpus),True,False,True,,,,,,absent,,,
mc,4.0,0,0,3,Abbreviation of madarchod.,madarchod,initialism or abbreviation (Wiktionary gloss),noun:3,noun,True,22,PROPN,0.045,name in practice (corpus),True,False,True,,,,,,absent,,,
willie,3.89,0,0,1,Alternative spelling of willy,willy,spelling variant of another word (Wiktionary gloss),noun:1,noun,False,14,PROPN,0.0,name in practice (corpus),True,False,True,,,,,,absent,,,
ivan,3.86,0,0,1,Alternative form of iwan.,iwan,spelling variant of another word (Wiktionary gloss),noun:1,noun,False,9,PROPN,0.0,name in practice (corpus),True,False,True,,,,,,absent,,,
bp,3.83,0,0,3,Initialism of base pair.,base pair,initialism or abbreviation (Wiktionary gloss),noun:3,noun,True,5,PROPN,0.0,name in practice (corpus),True,False,True,,,,,,absent,,,
rita,3.75,0,1,2,Alternative form of rta (“Vedic principle”).,rta,spelling variant of another word (Wiktionary gloss),noun:2,noun,False,6,PROPN,0.0,name in practice (corpus),True,False,True,,,,,,absent,,,
lizzie,3.34,0,0,1,Alternative form of lezzie (“lesbian”).,lezzie,spelling variant of another word (Wiktionary gloss),noun:1,noun,False,18,PROPN,0.0,name in practice (corpus),True,False,True,,,,,,absent,,,
df,3.32,0,0,1,Alternative form of DOF (“degree(s) of freedom”).,DOF,spelling variant of another word (Wiktionary gloss),noun:1,noun,False,8,PROPN,0.0,name in practice (corpus),True,False,True,,,,,,absent,,,
francesca,3.31,0,0,1,Alternative form of francisca (“throwing axe used by the Franks”).,francisca,spelling variant of another word (Wiktionary gloss),noun:1,noun,False,8,PROPN,0.0,name in practice (corpus),True,False,True,,,,,,absent,,,
tue,3.24,0,0,1,Archaic form of tui (species of honeyeater).,tui,spelling variant of another word (Wiktionary gloss),noun:1,noun,False,50,PROPN,0.0,name in practice (corpus),True,False,True,,,,,,absent,,,
tia,3.2,0,0,1,Initialism of transient ischemic attack.,transient ischemic attack,initialism or abbreviation (Wiktionary gloss),name:2;noun:1;phrase:1,name,True,43,PROPN,0.0,name in practice (corpus),True,False,True,,,,,,absent,,,
nellie,3.1,0,0,2,"Clipping of high nellie, a type of roadster bicycle.",high nellie,clipping (Wiktionary gloss),noun:2,noun,True,6,PROPN,0.0,name in practice (corpus),True,False,True,,,,,,absent,,,
vo,3.09,0,0,1,Obsolete form of voe (“sea inlet”).,voe,spelling variant of another word (Wiktionary gloss),noun:1,noun,False,73,PROPN,0.0,name in practice (corpus),True,False,True,,,,,,absent,,,
capcom,3.07,0,0,1,Alternative letter-case form of CAPCOM.,CAPCOM,letter-case variant (Wiktionary gloss),noun:1,noun,False,9,PROPN,0.0,name in practice (corpus),True,False,True,,,,,,absent,,,
tempe,3.01,1,1,1,Alternative form of tempeh.,tempeh,spelling variant of another word (Wiktionary gloss),noun:1,noun,False,6,PROPN,0.0,name in practice (corpus),True,False,True,,,,,,absent,,,
blackman,2.89,0,0,1,Alternative form of black man.,black man,spelling variant of another word (Wiktionary gloss),noun:1,noun,False,15,PROPN,0.0,name in practice (corpus),True,False,True,,,,,,absent,,,
nara,2.86,0,0,1,Alternative form of naras.,naras,spelling variant of another word (Wiktionary gloss),noun:1,noun,False,6,PROPN,0.0,name in practice (corpus),True,False,True,,,,,,absent,,,
reebok,2.85,0,0,1,Alternative spelling of rhebok.,rhebok,spelling variant of another word (Wiktionary gloss),noun:1,noun,False,5,PROPN,0.0,name in practice (corpus),True,False,True,,,,,,absent,,,
bcc,2.78,0,0,1,Initialism of blind carbon copy.,blind carbon copy,initialism or abbreviation (Wiktionary gloss),adj:1;noun:1;verb:1,adj,True,10,PROPN,0.1,name in practice (corpus),True,False,True,,,,,,absent,,,
gow,2.69,0,1,2,Alternative spelling of jow (“a pre-metric unit of length in India”).,jow,spelling variant of another word (Wiktionary gloss),noun:2,noun,False,8,PROPN,0.0,name in practice (corpus),True,False,True,,,,,,absent,,,
appstore,2.37,0,0,1,Alternative form of app store.,app store,spelling variant of another word (Wiktionary gloss),noun:1,noun,False,5,PROPN,0.0,name in practice (corpus),True,False,True,,,,,,absent,,,
heald,2.34,0,0,2,Alternative form of hield.,hield,spelling variant of another word (Wiktionary gloss),noun:2;verb:1,noun,False,5,PROPN,0.0,name in practice (corpus),True,False,True,,,,,,absent,,,
