word,zipf,n_senses,first_gloss
english,5.19,2,"Spinning or rotary motion given to a ball around the vertical axis, as in pool, billiards or bowling; spin, sidespin."
garnett,2.99,1,A machine that reduces textile fibre waste to a fibrous state in preparation for carding
waterhouse,2.99,1,A house on floats.
dougie,2.99,1,A hip-hop dance generally performed by moving one's body in a shimmy style and passing a hand through or near the hair on one's own head.
atari,2.98,1,A move that threatens the immediate capture of one or more stones.
sapiens,2.97,1,A human being (Homo sapiens).
drury,2.97,4,"Love, especially sexual love; courtship, sex."
crewe,2.96,1,"A group of people, especially in Louisiana, who support a Mardi Gras float in parades, as well as other charity work."
herzog,2.96,1,A German duke.
fleur,2.96,1,fleur-de-lis
bertram,2.96,1,A flowering plant of species Anacyclus pyrethrum.
dhoni,2.95,1,"A handcrafted sailboat with a motor or lateen sails, resembling a dhow, that is used in the Maldives."
hardline,2.95,3,A retail product collection consisting primarily of hardware targeting the do-it-yourself customer.
boyer,2.95,1,A Flemish sloop with a castle at each end.
cleary,2.95,1,"A clear marble (sphere used in games), usually colored, but without decoration or design."
tilly,2.94,2,An extra product given to a customer at no additional charge; a lagniappe.
bevan,2.94,1,a bogan
katniss,2.94,1,"Sagittaria spp., herbaceous perennial flowering plants that grow in water."
chopin,2.94,1,A liquid unit of measure of almost half a pint.
modus,2.93,3,"The arrangement of, or mode of expressing, the terms of a contract or conveyance."
punta,2.93,1,A Garifuna style of festive music and dance.
camino,2.93,1,The route followed on a pilgrimage through Spain.
sarkar,2.92,5,An administrative unit used mostly in the Muslim states of South Asia.
langer,2.92,3,Fool; idiot; annoying or contemptible person (usually male).
starfleet,2.91,1,A fleet of starships; a space navy.
shang,2.91,1,A Chinese unit of land area equivalent to 15 mu or about one hectare.
malia,2.91,1,"A passerine bird endemic to Sulawesi, of species Malia grata."
crowder,2.91,2,One who crowds or pushes.
familia,2.9,2,"A household or religious community under one head, regarded as a unit."
wasserman,2.89,1,"A mythical sea monster, part man, thought to destroy ships."
pomona,2.89,1,A treatise on fruits.
barra,2.89,2,A barrow; a hand-pushed cart of the type commonly used in markets.
myron,2.88,1,chrism; myrrh
portia,2.88,1,"Thespesia populnea, a flowering plant of the mallow family, found especially in parts of India."
lumia,2.88,2,A certain pear-shaped citrus fruit.
madge,2.87,2,The barn owl.
hander,2.87,3,One who hands over or transmits; a conveyor in succession
woodside,2.86,1,The side of a wood; the land that borders a wood.
broderick,2.86,1,A thorough beating
razer,2.86,1,Someone who razes.
grundy,2.84,3,A narrow-minded person or group that is overly concerned with censoring or criticizing personal conduct.
veritas,2.84,1,"Truth, particularly of a transcendent character."
donner,2.84,1,One who dons (something).
winkler,2.84,1,One who finds and sells winkles.
popeye,2.83,2,Exophthalmia.
rainer,2.83,1,"That which rains, or dispenses something in a shower."
tillman,2.83,1,A man who tills the earth; a husbandman.
robocop,2.82,1,A cyborg police officer.
jacky,2.82,2,A sailor.
lanier,2.82,2,A leather thong.
ozzie,2.81,1,A hospital.
topshop,2.81,1,"A building found in parts of the English Midlands, having three storeys, the lower two serving as living accommodation and the upper floor as a workshop containing a weaver's loom."
pawnee,2.81,1,One or to whom a pledge is delivered as security one who takes anything in pawn.
tonya,2.81,1,"A trade broker in Japan, usually a wholesaler, warehouse manager, or shipment manager."
catwoman,2.81,1,A woman in a cat costume.
chucky,2.8,3,chicken
spooner,2.8,2,One who spoons; one who engages in spooning.
majid,2.79,1,Any of the family Majidae of sea spiders or spider crabs.
witcher,2.79,3,A dowser.
desai,2.79,1,"In west and south India, a native official in charge of a district, often held by heredity; a petty chief."
rapunzel,2.79,2,"A plant with leaves and crisp roots which have been used in salads, rampion, Campanula rapunculus."
rockland,2.79,1,A rocky landscape.
hoyer,2.79,1,"A device for transferring a person with serious mobility issues to and from the floor, a mobility device (such as a wheelchair), seating, and a bed."
auguste,2.79,1,"A kind of clown, usually serving as an anarchic foil to the whiteface."
bonham,2.79,1,A piglet.
ordinator,2.79,1,One who ordains or establishes; a director.
malkin,2.78,6,A (stereotypical name for a) lower-class or uncultured woman; a kitchenmaid; a slattern.
moser,2.78,1,An informer; one who tells on another.
ender,2.78,2,Something which ends another thing.
chubb,2.77,1,An erection of the penis.
baillie,2.77,2,The jurisdiction of a bailie or bailiff; a bailiwick.
megatron,2.77,1,"A disc-seal tube, used in lighthouses or submersibles."
parti,2.77,2,"The basic, central, or main concept, drawing, or scheme of an architectural design."
futurama,2.77,1,A palpable depiction of a (usually sensational) vision of the future.
chapo,2.76,1,chapati (food)
hillman,2.76,3,A native or inhabitant of hilly or mountainous country; a tribesman who lives in the mountains.
cartman,2.76,2,A person who transports goods or people by horse and cart; a carman.
tasking,2.76,1,A task; an assigned item of work.
jardin,2.75,1,The inclusions and fissures within an emerald.
hiller,2.75,1,A poor rural person.
spidey,2.75,1,A spider.
marla,2.75,3,Plasticine; modelling clay.
ghibli,2.74,1,sirocco
laine,2.74,1,an area of arable land at the foot of a hill
redstone,2.74,2,A type of versatile material used to create electrical circuits and mechanisms.
lexie,2.74,1,"A minimal unit of reading, such as a sentence or sentence fragment"
coker,2.74,3,The industrial plant in which coke is manufactured
winehouse,2.73,3,The building on a vineyard in which the winepress is located.
starcraft,2.73,2,"The art of interpreting or reading the stars, astrology."
twisty,2.73,3,"Something that is twisty, such as a road"
fishman,2.73,1,A man who sells fish.
boardman,2.73,1,A person who wears a sandwich board.
bridger,2.7,3,One who builds bridges
lazer,2.7,2,One who lazes.
hardman,2.7,2,A man who is particularly tough or muscular
haymarket,2.7,1,A market that sells hay as animal fodder.
keeler,2.69,3,One who works on a barge or keel.
brough,2.69,1,"A halo or luminous disk or ring seen around the sun or moon, and in folklore considered to portend a rainstorm."
indio,2.69,1,"A member of one of various indigenous peoples in the Americas, Pacific, and East Asia formerly subject to Spain or Portugal, specifically a Native American in Mexico or Brazil, or an indigenous inhabi"
wagga,2.69,1,"A rug created from material scraps, small raw wool scraps and hessian bags."
arran,2.69,1,spider
quinton,2.69,1,A type of violin that had five strings
batgirl,2.68,1,The female equivalent of a batboy.
spyder,2.68,2,"A lightweight, open-topped horse-drawn carriage."
airtel,2.68,1,"A form of communication formerly used within the FBI, indicating a letter that had to be typed and mailed on the same day."
spina,2.67,3,A spine; the backbone.
chesney,2.67,1,An indentation in the slate of a table that affects the path of a ball travelling over it
pullin,2.67,1,poultry
materia,2.66,1,"The physical substances which create the natural world: matter, materials, substance, etc."
ripon,2.66,1,A spur (goad for a horse etc.).
sault,2.65,3,Assault.
esperanza,2.65,1,yellow bells (Tecoma stans)
kemper,2.64,1,"One who kemps, or strives, for superiority; a champion or knight-errant."
lightroom,2.64,2,"A small room from which the magazine of a naval vessel is lighted, being separated from the magazine by heavy glass windows."
sturt,2.64,3,"In an embryo, an angle equal to two gons. If a mosaic forms in the embryo, the line passes between two organs with a probability, in percent, equal to the number of sturts between them."
embiid,2.64,1,Any of the webspinners of the family Embiidae.
capitan,2.64,1,Captain (in Spanish-speaking contexts).
sweetwater,2.64,4,"A variety of white grape, better known as Chasselas."
peele,2.63,1,"A kind of antelope, the rhebok, Pelea capreolus."
elven,2.63,2,"Originally, a female elf, a fairy, a nymph; (by extension) any elf."
tasker,2.63,3,One who imposes a task.
amira,2.62,1,A member of a wealthy class of Armenian grandees in Constantinople which was in charge of national Armenian matters in the Ottoman Empire before the Armenian National Constitution of 1860 was adopted.
bandar,2.62,1,A rhesus macaque.
redraw,2.62,2,An update to the screen display.
moria,2.62,1,Excessive frivolity; an inability to be serious.
highgate,2.62,1,A highway.
martel,2.61,1,"A hammer, especially a war hammer."
kenner,2.61,1,One who kens or knows.
trainor,2.61,1,"A person who trains another; a coach, a trainer."
ronson,2.61,1,M4 Sherman tank - due to the proclivity of Shermans to burst into flames from a single hit
huerta,2.61,1,The area of Murcia and Valencia with fertile ground.
hummel,2.61,2,A stag that has failed to grow antlers; a cow that has not developed horns.
gronk,2.6,4,An unintelligent and callous person.
surry,2.6,1,Friend
blatter,2.6,3,Blather; foolish talk.
bulger,2.6,3,Something that has a bulge.
croker,2.6,2,Burlap.
tahrir,2.6,1,a type of vocal ornamentation; especially the variant used in the Near and Middle East
stillman,2.6,1,The person who operates a still (device for distilling liquids).
rutter,2.6,5,"A horseman or cavalryman, especially a German one, associated with the wars of the 16th and 17th centuries."
cleve,2.59,3,A room; chamber.
chula,2.59,1,"A hearth, stove, or other traditional cooking-place."
logie,2.59,1,"A piece of fake jewellery, typically made from zinc."
prosser,2.58,1,One who prosses; a sponger or scrounger.
sunnyside,2.58,1,The top of a cooked egg.
ovate,2.58,4,An egg-shaped hand axe.
marcella,2.58,1,"A kind of corded or ribbed fabric made from cotton, rayon, or silk."
crandall,2.58,1,"A kind of hammer having a head formed of a group of pointed steel bars, used for dressing ashlar, etc."
woolsey,2.58,1,A material made of cotton and wool.
hodder,2.58,1,A coal miner who hauls hods from the workface
droll,2.58,2,"A funny person; a buffoon, a wag."
hocus,2.57,4,"A magician, illusionist, one who practises sleight of hand."
buller,2.57,3,The bubbling or seething of a torrent.
blitzer,2.57,1,One engaging in a blitz.
missa,2.57,1,"a mass, in the sense of a composition setting several sung parts of the liturgical service (most often chosen from the ordinary parts Kyrie, Gloria, Credo, Agnus Dei and/or Sanctus) to music, notably "
hsien,2.57,1,"An administrative subdivision of Taiwan, commonly translated as county. (Alternative form of xian for mainland China.)"
scudder,2.56,2,"One who, or that which, scuds."
bhagat,2.56,1,A holy man in Sikhism or Hinduism.
chewie,2.56,2,Chewing gum.
messin,2.56,1,A mongrel dog; a cur.
hasta,2.56,2,A hand gesture used to depict the meaning of a song
modena,2.56,1,A crimson colour.
kaboom,2.56,2,"The sound of an explosion, typically seen in comic strips or heard in a light-hearted conversation."
loring,2.56,1,Instructive discourse; instruction; teaching.
taiji,2.55,3,The absolute; the condition as it existed before the creation of the world.
mahone,2.55,1,A large Turkish warship.
ashoka,2.55,2,"A tree of species Saraca asoca, native to South Asia and western Myanmar."
quinta,2.55,1,A country house in Madeira.
whitten,2.55,1,Any of several small trees having leaves that are white and downy underneath.
hillcrest,2.55,1,The crest of a hill
superboy,2.55,1,"A very remarkable, talented or otherwise exceptional boy."
nizam,2.55,2,"The hereditary sovereign of Hyderabad, a former state of India."
courant,2.55,4,A piece of music in triple time.
hammy,2.55,3,The hamstring.
anker,2.54,1,A measure of wine or spirit equal to 10 gallons; a barrel of this capacity.
burnie,2.54,1,A small brook.
queenie,2.54,2,An effeminate man; a male homosexual (especially as a term of address).
thalia,2.54,1,Any of the genus Thalia of tropical plants found in aquatic or marshy habitats.
deliberative,2.53,2,"A discourse in which a question is discussed, or weighed and examined."
wayback,2.53,3,A very remote time or place.
carle,2.53,1,peasant; fellow
simran,2.53,1,"The continuous remembrance of the finest aspect of the self, or of God, sometimes achieved by repeating a mantra."
cavan,2.53,3,A unit of dry capacity approximately equivalent to 2.3 US bushels.
rimmer,2.53,4,"An implement for cutting, trimming, or ornamenting the rim of anything, as the edges of pies, etc."
quintus,2.53,1,"The fifth voice in addition to the superius, altus, tenor and bassus in a piece of vocal polyphony."
rebalancing,2.53,1,The act or process of restoring balance.
karam,2.53,1,The tree Adina cordifolia.
penner,2.52,2,One who pens; a writer.
inkjet,2.52,2,"A device, particularly one used in the printing of documents, which propels tiny droplets of ink to the paper."
gaslighting,2.52,2,Illumination by burning gas.
yatra,2.52,1,A Hindu pilgrimage.
darshan,2.52,3,"Hierophany, theophany; being in the presence of the divine or holy (as a person or object)."
acharya,2.52,2,"an individual who practices or is knowledgeable on any of the prevalent disciplines of customs, learning, rituals, arts, traditions, schools etc., especially one imparting them into pupils."
nasri,2.52,1,"A coin formerly used as a currency unit in Tunisia from medieval to Ottoman times, set at one point as one eightieth of a sultani."
oliphant,2.52,2,An elephant.
timeslot,2.51,1,A conventionally defined time interval in a schedule.
bifida,2.51,1,spina bifida
enduro,2.51,3,"A motorcycle sport run on predominantly off-road courses, with many obstacles and challenges."
governorate,2.51,1,The territory governed by a governor; a province.
shura,2.51,1,A body that provides counsel to a leader.
machi,2.51,1,A traditional healer and religious leader in the Mapuche culture of Chile and Argentina.
inclusivity,2.51,1,The quality of being inclusive; inclusiveness.
wining,2.51,1,A session of drinking wine socially.
diller,2.51,1,Only used in killer diller
dimethyl,2.51,1,Two methyl groups in a molecule.
femdom,2.51,3,Female domination; a sexual practice in which women dominate men or other people.
dogecoin,2.51,2,"A cryptocurrency featuring the Shiba Inu from the ""doge"" meme as its logo."
stephane,2.51,1,An Ancient Greek headdress like a coronet.
concours,2.51,1,"A competitive examination, especially in medicine."
grogan,2.51,1,A piece of excrement. A turd.
pardo,2.51,1,"A former money of account in Portuguese India, one twentieth of a rupia."
tobruk,2.51,1,a type of defensive fighting position originally employed by the Axis forces during their North African campaign.
omnium,2.51,2,"A multiple race event in track cycling. Historically the omnium has had a variety of formats. Currently it consists of the following six events: flying lap, points race, elimination, individual pursui"
numero,2.5,1,The sign ⟨ № ⟩.
downforce,2.5,1,Any force (produced by aerodynamics or gravity etc) that acts downwards
preform,2.5,3,An object that has undergone preliminary shaping but is not yet in its final form.
bannerman,2.5,4,"A person assigned to carry the colours, standards or guidons of a military unit."
bajaj,2.5,1,A tuk-tuk.
phaser,2.5,4,An electronic device that produces special effects on the sound produced by an electric guitar etc.
skelter,2.5,1,A gravity-based device used to store and rotate round food and drink in a first-in-first-out manner.
blogpost,2.5,1,An entry posted to a blog.
mirna,2.5,1,microRNA
playmaking,2.5,1,The initiation of offensive play with the intent of scoring a goal (or the equivalent)
ghulam,2.49,2,A personal guard to the shah of Persia.
sippy,2.49,1,A little sip; less than a serving of some particular drink
rodham,2.49,1,A bank of silt on the bed of a dried-up river
submachine,2.49,2,A machine forming part of a larger machine.
neuroimaging,2.49,1,"The generation of images showing activity in the nervous system, usually and especially brain activity."
agassi,2.49,1,"Miss, a young Korean, usually unmarried woman. Used as a form of address"
perrier,2.49,1,A short mortar used for throwing stone shot.
westland,2.49,1,The western part of a geographic area; a land lying to the west.
sangha,2.49,2,"The community of all followers of the Buddha; the ecclesia in which the devout take refuge; those who have ""entered the stream"" towards nirvana; one of the Three Jewels of Buddhism."
contessa,2.49,1,"A countess, often specifically an Italian countess"
esper,2.49,2,A person who practices the development of psychic ability.
stoneman,2.48,1,A miner who makes excavations in hard strata other than coal.
microgravity,2.48,1,"A state of very low acceleration between two free floating objects, as found in sustained freefall, in orbit, or in interstellar space."
witney,2.48,1,A kind of woollen cloth.
ponting,2.48,1,the act of posing until nearly frozen in all sorts of uncomfortable positions.
treviso,2.48,1,"A certain mild variety of radicchio, a type of chicory"
bartending,2.48,1,"The craft of mixing drinks, making cocktails, and related skills of tending a bar."
killeen,2.48,1,An ancient Irish burial ground.
bushfire,2.48,1,An uncontrolled fire in a wooded or grassy area; a wildfire.
ayahuasca,2.48,2,"A giant vine native to South America (especially Banisteriopsis caapi), noted for its psychotropic properties."
celestine,2.48,2,A heavenly being: an angel or other resident of Heaven.
gundy,2.48,2,A front claw of a crab.
padang,2.48,1,Malaysian grassland
araki,2.48,1,A date liquor distilled illegally in Sudan.
kalam,2.48,1,Speculative theology.
backlight,2.48,5,Light shining from a source behind the object of interest or attention.
swisher,2.48,3,One who swishes something.
decoupling,2.48,3,The act or process by which something is decoupled.
victimhood,2.48,1,The state or perception of being a victim.
kokoro,2.48,1,A heart.
ananda,2.48,1,The eternal bliss that accompanies the ending of the rebirth cycle.
zahir,2.48,1,The external or apparent meaning of the Qur'an
katara,2.47,1,"An Indian push dagger with an H-shaped handle, used predominantly ceremonially, and rarely as a weapon."
triomphe,2.47,1,A card game dating from the late 15th century.
sharknado,2.47,1,A tornado containing sharks.
tracklist,2.47,1,"A tracklisting; a list of tracks appearing on an album, EP, LP etc."
pradhan,2.47,1,"An official in parts of India, equivalent to vizier in rank and function."
emacs,2.47,1,Any implementation or reimplementation of Emacs.
estadio,2.47,1,"A traditional Portuguese unit of distance, variously equivalent to about 185.2, 231.5, or 257.2 m depending on the number of leagues per equatorial degree."
rollie,2.47,1,A cigarette rolled by hand.
busking,2.47,1,Clothing; dress; ornaments worn.
caerphilly,2.47,1,"A light-colored, crumbly cheese made from cow's milk."
presidente,2.47,1,"A Cuban cocktail made from rum, curaçao, dry vermouth, and grenadine that is stirred or shaken with cracked ice."
letty,2.47,1,Only used in scarper the letty
fletch,2.46,2,"The vane toward the back of an arrow, used to stabilise the arrow during flight."
telematics,2.46,2,"The science of sending, receiving and storing information by means of telecommunication devices."
fansite,2.46,1,"A website aimed at fans of something, such as a singer or football team."
slurping,2.46,1,A sound or motion that slurps.
morro,2.46,1,A round hill or point of land.
autophagy,2.46,3,"The process of self-digestion by a cell through the action of enzymes originating within the same cell, and often a defensive or self-preservation measure."
zebrafish,2.46,3,"A small striped fish of species Danio rerio, originally from India but now common as an aquarium fish and as a subject of genetic experiments."
palmas,2.46,1,Clapping of the hands.
ringwood,2.46,1,"An Australian tree, Syzygium anisatum."
asperger,2.46,2,An aspergillum.
estado,2.46,1,"A traditional Spanish unit of length, equivalent to about 1.67 m."
winky,2.46,2,"An emoticon or smiley that shows a winking face, such as ;-) or 😉."
colada,2.46,1,piña colada
gault,2.46,1,"A type of stiff, blue clay, sometimes used for making bricks."
iyengar,2.46,1,A form of hatha (yoga) that focuses on precision in asana and pranayama
shand,2.46,2,Shame; scandal; disgrace.
alcantara,2.45,1,"A suede-like synthetic textile, composed of polyester and polyurethane."
knockin,2.45,1,The insertion of a cDNA sequence at a particular locus in an organism's chromosome
wellies,2.45,1,Wellington boots.
shunting,2.45,3,"The connection of an electrical component in parallel with another, the current being divided between them."
adorno,2.45,1,"A clay ornament attached to a piece of pottery, usually at the rim."
erectus,2.45,1,Homo erectus.
chronos,2.45,1,"A steady, quantifiable beat or rhythm; measured or objective time."
boykin,2.45,1,A little boy.
soylent,2.45,1,"An undesirable, lackluster, and artificial foodstuff, as a substitute for real meat."
brandis,2.45,1,A triangular fire stand; trivet.
speight,2.45,1,A woodpecker.
morgenstern,2.45,1,morning star (spiked weapon)
rinpoche,2.45,1,"A title warranting great respect, prefixed to the names of Tibetan Buddhists."
distro,2.45,5,"A set of software components, often open source, that have been packaged into a larger product or component for distribution to end-users."
blackfoot,2.45,1,A tropical American bush of the genus Melampodium.
thumper,2.45,9,One who thumps.
cajon,2.45,2,"A large valley surrounded by mountains of considerable height (especially in Latin America), through which a river runs."
gamepad,2.45,1,A type of game controller held in both hands and controlled with the thumbs.
aliphatic,2.44,2,A compound of this type.
shastri,2.44,1,Someone who teaches the shastras.
darkside,2.44,5,"The side of something that is in darkness or unlit, or has less illumination."
mangan,2.44,1,"A win achieving five han, or three/four han with the required number of fu; worth 12,000 points if the winning player is on the East (dealer) side or 8,000 points otherwise."
permaculture,2.44,2,Any system of sustainable agriculture that renews natural resources and enriches local ecosystems.
superbike,2.44,1,"A super sport bike with a large engine, usually between 800 and 1200 cc"
beatdown,2.44,3,A severe beating.
coochie,2.44,3,"The hootchy-kootchy, a type of erotic dance."
ashfield,2.44,1,A field that is covered in ash.
pally,2.44,3,An affectionate term of address.
mukhtar,2.44,3,"A minor official—usually overseeing a village or town—in many Arab countries and (historical) in the Ottoman Empire and its successor states, including Turkey, Northern Cyprus, and formerly Albania."
syrah,2.44,2,"A dark-skinned variety of grape, used to produce red wines."
freemason,2.43,1,A member of a guild of skilled itinerant masons during the Middle Ages and early modern times.
propofol,2.43,1,A sedating and hypnotic agent C₁₂H₁₈O administered intravenously to induce and maintain anesthesia or sedation.
maquis,2.43,2,Dense Mediterranean coastal scrub.
cerevisiae,2.43,1,"The species Saccharomyces cerevisiae, or brewer's yeast."
goldin,2.43,1,"The golding, or corn marigold."
birthdate,2.43,1,"The year, month, and day of someone's birth; a date of birth."
deadman,2.43,2,"A long object, often a timber or log, buried to serve as an anchor for a wall or for stays."
imager,2.43,2,One who images or forms likenesses; a sculptor.
munger,2.43,2,One who mungs.
bandmate,2.43,1,Someone with whom one shares membership in a band.
dhamma,2.43,1,The teachings of Buddha.
leaguer,2.43,4,A siege.
laryngeal,2.43,3,An anatomical part (such as a nerve or artery) that supplies or is associated with the larynx.
bushland,2.43,1,"An area of land in a natural, uncultivated state; wilderness, open forest."
rager,2.43,3,One who rages.
rafale,2.43,1,"A short, intense burst of artillery fire from a number of weapons fired with the intention of overwhelming resistance or routing an attacking force."
cheong,2.42,1,Any of various Korean sweet syrups and fruit preserves.
presale,2.42,2,"The sale of something privately, before it is available to the public"
milla,2.42,1,"Spanish mile, a traditional Spanish unit of distance equivalent to about 1.4 km."
mochi,2.42,1,A small Japanese rice cake made from glutinous rice.
ecchi,2.42,2,"A genre, especially of anime and manga, featuring playful, tongue-in-cheek usage of sexualized scenes and situations such as double entendre or flirtation, while remaining non-pornographic. Often used"
pogue,2.42,4,A kiss.
hamada,2.42,1,"A high, desert landscape from which most of the sand has been removed by wind erosion"
scapegoating,2.42,1,The act of making somebody a scapegoat.
hexadecimal,2.42,2,"A number system with base sixteen, using the digits 0, 1, 2, 3, 4, 5, 6, 7, 8, 9, A, B, C, D, E and F, most used in computing as a hexadecimal digit can represent four bits, half a standard byte, and "
asshat,2.42,1,An obnoxiously ignorant person; a fool.
counterparty,2.42,1,The other party to a financial transaction.
survivorship,2.42,3,The state of being a survivor.
torching,2.42,2,An act of arson.
stache,2.42,1,A moustache.
arabica,2.42,3,"A plant of species Coffea arabica, native to Ethiopia, that yields coffee beans."
lomas,2.42,1,"Fog oases, areas of fog-watered vegetation in the coastal desert of Peru and northern Chile"
colonia,2.42,1,"a slum or shantytown near the US-Mexican border, generally without modern infrastructure"
festa,2.42,1,"A public holiday or feast day in Italy, Portugal, etc."
ferrier,2.42,1,a ferryman
barangay,2.42,2,"The smallest local government unit in the Philippines, a subdivision of a city or municipality."
castello,2.42,1,A municipality of San Marino.
booklist,2.42,2,Any list of books.
overexpression,2.41,1,The abnormal or artificial expression of a gene in increased quantity
playset,2.41,2,A themed collection of similar toys designed to work together to enact some action or event.
argan,2.41,2,"A tree of species Sideroxylon spinosum (formerly Argania spinosa), of southwestern Morocco, particularly prized for its oil."
picayune,2.41,4,A small coin of the value of six-and-a-quarter cents; a Spanish coin with a value of half a real; a fippenny bit.
sperling,2.41,2,A European smelt (Osmerus eperlanus).
eggman,2.41,1,A man who delivers eggs.
shruti,2.41,2,The smallest interval of pitch that can be detected or produced.
retweeting,2.41,1,A second or subsequent tweet
clift,2.41,1,A cliff.
preload,2.41,2,The end diastolic pressure that stretches the right or left ventricle of the heart to its greatest geometric dimensions under variable physiologic demand.
melanogaster,2.41,1,Any of several fungi of the genus Melanogaster.
scrapbooking,2.41,1,The process of making a scrapbook.
wargaming,2.41,1,The playing of war games.
spangler,2.41,1,Someone or something that spangles.
catawba,2.41,4,"The catawba grape, a cultivar of North American Vitis labrusca."
biochem,2.41,1,Biochemistry (science or industry).
dicking,2.41,1,An act of sexual penetration; phallation.
sobel,2.41,1,A government soldier who joined the rebels during the Sierra Leone civil war.
hamon,2.41,1,"A wavy line found on steel products that have been hardened differentially, with soft and hard steel sections, where the tempered steel is separated from the softer parts by the hamon."
cyclin,2.41,1,"Any of a group of proteins whose presence in a cell varies through its cycle, and that regulates this cycle by forming a complex with kinase"
magister,2.41,3,"Master; sir: a title used in the Middle Ages, given to a person in authority, or to one having a licence from a university to teach philosophy and the liberal arts."
rezoning,2.4,1,"the act, process or result of being rezoned"
ancona,2.4,2,"An altarpiece, especially one of multiple connected pictures"
analyte,2.4,1,Any substance undergoing analysis.
taran,2.4,2,"A species of roach (Rutilus heckelii), a fish in the Cyprinidae family. It is native to the Black Sea basin: rivers Don, Kuban, Dnieper, Dniester, rarely Danube."
breakpoint,2.4,4,A point in a program at which operation may be interrupted during debugging so that the state of the program at that point can be investigated.
epigenetics,2.4,2,"The study of the processes involved in the genetic development of an organism, especially the activation and deactivation of genes."
saison,2.4,1,A kind of highly carbonated pale ale.
cluttering,2.4,3,"The act of making, or condition of being, cluttered."
reeder,2.4,2,One who thatches with reeds.
peacebuilding,2.4,2,The creation of peace or the conditions for peace.
shapeshifter,2.4,2,A person or creature capable of changing their appearance or form at will.
amaro,2.4,1,A type of Italian herbal liqueur.
gacha,2.4,5,"A small toy sold in a plastic capsule in a vending machine, especially toys sold in or associated with Japan."
boogaloo,2.4,7,"A genre of music that blends rhythm and blues and soul music with Cuban-style rhythms, originating in the United States in the 1960s."
subnet,2.4,2,The abstraction of a sequence.
vanna,2.4,1,"A second-order measure of derivative price sensitivity, expressed as the rate of change of vega with respect to changes in the spot price, or equivalently the rate of change of delta with respect to c"
vocaloid,2.4,4,"An artificial singer (a voicebank, usually with an avatar) based on the Vocaloid engine."
mandal,2.39,1,An administrative division in some countries in South Asia.
rockwood,2.39,2,ligniform asbestos
headwear,2.39,1,"Clothing worn on the head (e.g. hats, helmets, headdresses, headscarves)."
kaito,2.39,1,A small motorized ferry or sampan that serves mostly remote islands.
punto,2.39,2,A hit or point.
tambo,2.39,2,A tambourine player in a black minstrel troupe.
hydrocodone,2.39,1,A habit-forming compound that is derived from codeine and is administered in the form of its bitartrate C₁₈H₂₁NO₃·C₄H₆O₆ usually in combination with other drugs (as acetaminophen) as an analgesic or a
peterman,2.39,3,A safecracker.
ramada,2.39,1,"A simple arbour or open porch, typically roofed with branches."
smoot,2.39,2,A unit of length defined as exactly sixty-seven inches (approximately 1.70 meters).
convenor,2.39,2,One who assembles people for an official or public purpose.
murali,2.39,1,The matrimony vine (Lycium barbarum).
kingsman,2.39,2,"The lowest enlisted rank in the Duke of Lancaster's Regiment of the British Army, equivalent to private in the rest of the British Army."
supermajority,2.39,1,"A majority of the items being counted that reaches some preset threshold significantly greater than 50 percent, such as two thirds."
maida,2.39,1,"A finely milled, refined and bleached wheat flour, used in making Indian foods such as samosa, chakli and bhatoora."
kanna,2.39,3,"Channa (Mesembryanthemum tortuosum, syn. Sceletium tortuosum), a Southern African succulent with psychoactive properties."
shinobu,2.38,1,The rabbit's-foot fern (Davallia)
roomba,2.38,1,A robotic vacuum cleaner.
whistleblowing,2.38,1,"The disclosure to the public or to authorities, such as by an employee, of wrongdoing."
uploader,2.38,2,Someone who uploads files.
prabhu,2.38,1,A lord.
repurposing,2.38,1,The act by which something is repurposed.
manuka,2.38,2,"Leptospermum scoparium, a shrub or small tree native to New Zealand and southeast Australia."
nishi,2.38,3,"the left-hand (less prestigious) side of the banzuke (番付, “ranking list”)"
bayan,2.38,2,A type of chromatic button accordion developed in Russia in the early 20th century.
wildland,2.38,1,"Land that is unfit for, or has not been modified by, cultivation or other human activity; a natural area."
houser,2.38,2,"One who, or that which, houses."
hornblower,2.38,1,Someone or something that blows a horn.
metta,2.38,1,"Lovingkindness or compassion, especially if developed through meditation or mindfulness."
reggaeton,2.38,1,"A style of Latin American popular music, originally developing from reggae in Panama but now more of a type of hip hop-dance music mainly associated with Puerto Rico."
frist,2.38,3,A certain space or period of time; respite.
merrin,2.38,1,"A species of nailtail wallaby, Onychogalea fraenata, of NSW and Qld, with distinctive bridle-like markings."
bobblehead,2.38,3,A collectible doll with a bobbing head.
reynard,2.38,1,A fox.
castell,2.38,1,A human tower formed in festivals in Catalonia.
crockpot,2.38,1,A slow cooker.
mainstreaming,2.38,2,The process of bringing something into the mainstream.
prashant,2.38,1,A croissant.
cheez,2.38,2,composition
backfiring,2.38,2,The occurrence of a backfire.
lightspeed,2.37,2,The speed of light (in vacuum unless another medium is specified).
modularity,2.37,1,The property of being modular.
gentoo,2.37,1,gentoo penguin
mylar,2.37,1,A polyester film.
butthead,2.37,1,An annoying person or someone who is difficult to get along with.
pranking,2.37,2,A showy adornment.
benching,2.37,1,An instance of a person being removed temporarily from an active role in a group or team activity.
kidderminster,2.37,1,A type of two-ply carpet.
linea,2.37,2,"Any long marking, dark or bright, on a planet or moon's surface."
cooldown,2.37,4,"The rest period between sets or workout sessions, when cooling of body temperature may occur."
platforming,2.37,2,The video game activity of jumping from one platform to another.
habanero,2.37,1,"An intensely spicy chili pepper, Capsicum chinense."
grampa,2.37,1,grandfather
oliva,2.37,1,olivary body
shota,2.37,2,"Hentai anime or manga, or other Japanese-inspired erotic art featuring young, usually prepubescent boys."
brownback,2.37,3,"A bird, the dowitcher or red-breasted snipe."
reframing,2.37,1,Framing anew or again.
mainstage,2.37,2,The largest performing space in a venue.
flava,2.36,1,flavor
screencap,2.36,1,A screenshot.
onsen,2.36,2,A (Japanese) hot spring.
dasha,2.36,1,"One of various systems of Hindu astrology based on planetary periods, in which these planetary periods have good or bad effects depending on their placement by sign, house, combinations with other pla"
natick,2.36,1,An intersection of two obscure crossword puzzle clues.
padawan,2.36,2,An apprentice or student Jedi.
bussy,2.36,4,A bus driver.
soler,2.36,1,One who fits the soles to shoes.
houlihan,2.36,1,A kind of lasso throw.
maslin,2.36,2,A mixture composed of different materials; especially:
hanif,2.36,1,"Any person, from before the time of Muhammad, who followed a non-pagan monotheistic religion."
kumari,2.36,1,A living goddess; a prepubescent girl worshipped as a manifestation of divine female energy.
janney,2.36,1,A mummer.
wideband,2.36,1,A communications transmission rate between that of narrowband and broadband.
aspartate,2.36,1,"The conjugate base of aspartic acid, or any salt or ester of it."
nightline,2.36,2,"An overnight telephone counselling service, typically for students."
morena,2.36,1,"Someone in authority, a master or leader, especially among Sotho-speakers."
binky,2.36,3,"A stuffed animal, pillow, blanket, or toy that a small child is more attached to than any other, and often sleeps with."
johar,2.36,1,The Rajput practice whereby women are sacrificed in a fire to avoid their being captured by an enemy.
tabula,2.36,7,A plate or frame on which a title or inscription is carved.
normie,2.36,3,"A normal person; one with commonly held, normative beliefs, neurology, tastes or interests."
ganache,2.36,3,"A rich sauce, made of chocolate and cream, used also as the filling of truffles, and as a glaze."
principia,2.36,1,First principles; elementary material.
tonka,2.35,1,"A flavoring or fragrance used in foodstuffs and perfumes, derived from the tonka bean which contains coumarin."
kettlebell,2.35,1,A weight consisting of a cast iron ball with a single handle for gripping the weight during exercise.
resveratrol,2.35,1,"A phenolic substance, 3,5,4'-trihydroxystilbene, a stilbenoid and phytoalexin, that is found in some fruits and nuts, and in red wine, and is reputed to have some beneficial properties for humans."
cooch,2.35,2,"The hootchy-kootchy, a type of erotic dance."
coppa,2.35,1,capicola
morita,2.35,1,A reddish-brown variety of chipotle.
rideau,2.35,1,"A fortification or barrier such as a small earthen mound or ridge, a file of troops, etc."
downloader,2.35,2,Someone who downloads files from the Internet.
dubbo,2.35,1,A foolish person.
barbera,2.35,1,"An Italian grape variety grown for use in red wine, or a wine made from such grapes."
holodeck,2.35,1,"A room that provides holographic simulations for recreation, training, etc."
linotype,2.35,2,A form of typesetting machine in which a complete line of characters is set at once.
rando,2.35,4,An arbitrary person with whom one has no shared social connection.
seahawk,2.35,2,A rapacious gull-like bird of the genus Stercorarius.
rashi,2.35,1,A zodiac sign.
fisheye,2.35,4,An unfriendly or suspicious glance.
jarrah,2.35,2,"A eucalypt tree of species Eucalyptus marginata, occurring in the southwest of Western Australia."
rebbe,2.35,2,The spiritual leader of a Hasidic Jewish community.
rocher,2.35,1,A quenelle (in the sense of food moulded into an elliptical shape) made using one spoon rather than two.
tartare,2.35,2,A foodstuff chopped fine and served raw.
licensor,2.35,1,A party that grants a license to another.
helio,2.35,1,A heliotrope (surveying instrument).
spiritus,2.35,3,A breathing.
ameen,2.34,1,"Any of various native Indian officials employed by the civil courts, for example to investigate accounts connected with a suit, to prosecute local enquiries of any kind bearing on a suit, to sell or t"
bomba,2.34,1,"A form of traditional drumming, and an associated form of dance, from Puerto Rico."
crossrail,2.34,2,A rail that goes across something.
dookie,2.34,3,"swimming costume, bathing suit"
jenkin,2.34,1,A narrow excavation driven through a pillar of coal.
replicator,2.34,2,"Something capable of self-replication, like a gene or meme."
rakhi,2.34,1,"An ornamental cotton wristband tied by a girl or woman on to the wrist of her brother, or of one who takes on the responsibilities of a brother, particularly during the Raksha Bandhan festival."
storer,2.34,2,One who lays up or forms a store.
manhunter,2.34,2,Someone who hunts down a target in a manhunt.
maron,2.34,1,An alpine guide.
sintering,2.34,1,A process in which the particles of a powder are welded together by pressure and heating to a temperature below its melting point.
rocksteady,2.34,1,A genre of Jamaican music somewhat slower than ska.
entendre,2.34,1,"A meaning, especially one that is implied rather than explicitly stated."
eastland,2.34,1,The eastern part of a geographic area; a land lying to the east.
objectifying,2.33,1,Objectification.
terraforming,2.33,1,"The hypothetical process of deliberately modifying the atmosphere, temperature, surface topography or ecology of a planet, moon, etc. to make it similar to those of Earth and thus suitable for human l"
conus,2.33,1,A cone.
mockumentary,2.33,1,A film or television programme presented as if it were a documentary but that is not factual and often a parody or satire.
riverwalk,2.33,1,"A pedestrian street or pathway alongside a river, providing a space for outdoor activity."
securitization,2.33,2,"The fact or process of securitizing assets; the conversion of loans into securities, usually in order to sell them on to other investors."
suman,2.33,1,"Rice cake from the Philippines made from glutinous rice cooked in coconut milk, usually eaten sprinkled with sugar or laden with latik."
medio,2.33,2,"A traditional Spanish unit of dry measure, equivalent to about 2.3 L."
lowrie,2.33,1,A fox.
skelly,2.33,3,A squint.
brack,2.33,4,Salty or brackish water.
soong,2.33,1,"In American Chinese cuisine, minced meat or vegetables."
harmer,2.33,1,One who harms.
khutor,2.33,1,A single-homestead rural settlement of Eastern Europe.
alanna,2.32,1,child
chana,2.32,2,A dish principally made from chickpeas or chickpea paste.
roading,2.32,2,The construction of roads.
rebounder,2.32,3,One who rebounds.
washi,2.32,1,A tough paper used in traditional Japanese art forms.
loong,2.32,1,A Chinese dragon.
vineland,2.32,1,land where vines are grown
minigame,2.32,1,"A small and simple game, especially an incidental game within a larger video game."
counterfactual,2.32,3,"A claim, hypothesis, or other belief that is contrary to the facts."
snowpack,2.32,1,"An accumulation of packed snow, usually the seasonal amount."
bardo,2.32,1,The state of existence between death and subsequent reincarnation.
storytime,2.32,1,The time at which a story is told.
hangul,2.32,2,The phonetic alphabet used to write the Korean language.
wireline,2.32,2,A wire that runs from a drill rig down into the drill hole to support a dead load or other downhole tool.
kitsune,2.32,1,"A Japanese fox spirit, often but not exclusively female, said to have powers such as shape-shifting, and whose power is symbolized by increase in number of tails."
olivet,2.32,1,An imitation pearl manufactured for trade with native peoples.
concessional,2.32,2,A resident of a nursing home who has limited means and whose accommodation is consequently partly paid for by the government.
tramadol,2.32,1,A synthetic opioid analgesic administered orally in the form of its hydrochloride C₁₆H₂₅NO₂·HCl to treat moderate to severe pain.
mancha,2.32,1,A high-quality grade of Spanish saffron.
grizz,2.32,1,A grizzly bear.
telos,2.32,1,"The aim, purpose, or end goal."
dinger,2.32,10,A bell or chime.
bygones,2.32,1,Things that happened in the past.
carfax,2.32,2,A junction of four roads.
chabot,2.31,1,"A kind of fish, mainly found on the coat of arms of the Chabot family (""or, three chabots gules"")."
yojana,2.31,1,"A Vedic unit of distance used in ancient India, believed to be approximately 6 to 15 kilometers (4 to 9 miles)."
banca,2.31,1,A canoe; an outrigger canoe or dugout.
grayscale,2.31,2,A printed strip of graduated tones used to check exposure and development times.
fayre,2.31,2,"A fair, a market."
mitty,2.31,1,The storm petrel.
electrodynamics,2.31,1,"The phenomena associated with moving electric charges, and their interaction with electric and magnetic fields; the study of these phenomena."
epipen,2.31,1,"An epinephrine/adrenaline autoinjector. A device designed to ease the symptoms of anaphylaxis/anaphylactic shock, so as to save the life of the victim of the extreme allergic reaction, by injecting a "
replanting,2.31,1,The planting of new plants to replace those that have been harvested.
replant,2.31,1,The act of planting again.
bioenergy,2.31,2,Energy produced from a biological resource such as biomass as biofuel.
sentai,2.31,1,"A Japanese military unit; a squadron, task force, group or wing."
carbo,2.31,1,carbohydrate
fuckface,2.31,1,An ugly or otherwise undesirable or annoying person.
upskirt,2.31,2,An image of this kind.
fusarium,2.31,1,"Any of various fungi, of the genus Fusarium, some of which are pathogenic to plants and animals."
doody,2.31,2,"Excrement, poop."
redrawing,2.31,1,A second or subsequent drawing
joanie,2.31,1,A small ornament of glass or china.
imani,2.31,1,faith (in the context of African-American culture)
whinge,2.31,2,A cry.
bromo,2.31,1,A dose of a proprietary sedative containing bromide (a bromo-seltzer).
slava,2.31,1,"The custom of honoring a family patron saint, celebrated chiefly by the Serbs, but also by some Macedonians, Montenegrins, Bulgarians and Gorani."
papillomavirus,2.31,2,Any of various viruses that cause warts.
parter,2.31,3,A work in a specified number of parts.
bukkake,2.31,2,"A method of pouring broth over cold noodles, commonly udon."
shimada,2.31,1,"A traditional type of formal hairstyle for unmarried women in Japan, whereby the hair is gathered together and fastened to the top of the head."
libero,2.31,2,"A central defender to whom no forward is assigned for marking, forming the last line of defence and often initiating the offensive play."
shoah,2.31,1,A mass murder.
khatib,2.3,1,A person who delivers the khutbah.
preselection,2.3,4,"The process by which a candidate for public office is selected, usually by a political party"
thurrock,2.3,1,"The hold of a ship; also, the bilge."
barrowman,2.3,2,"A putter: one who puts the tubs of coal from the workings to the cranes, flats, or stations, so that they can be conveyed to the surface."
parfum,2.3,2,Fragrance; perfume.
defunding,2.3,1,An instance of something being defunded; withdrawal of funds.
centrale,2.3,1,"The central, or one of the central, bones of the carpus or tarsus in most vertebrates. In the human tarsus it is represented by the navicular."
rehydration,2.3,1,The replenishment of water and electrolytes lost through dehydration.
gummi,2.3,3,"A sugary, gelatinous material used to make candies."
bilayer,2.3,1,Any structure consisting of two layers of molecules
gravesite,2.3,2,The location of a grave.
bahar,2.3,1,"A weight used in the 18th and 19th century in the Middle East and the East Indies, of no single standard but rather of varying sizes sometimes termed little bahars and great bahars."
castellano,2.3,2,"A traditional Spanish unit of mass, equivalent to about 4.8 g."
sammie,2.3,1,A sandwich.
shawarma,2.3,1,"A Middle Eastern sandwich-like wrap of shaved lamb, goat, chicken, turkey, beef, or a mixture of these."
shapeshifting,2.3,1,A change in shape; a transformation.
binning,2.3,5,"A data pre-processing technique in which original data values fall into a small interval (""bin"") and are replaced by a value representative of that interval, often the central value."
homesteading,2.3,2,"The act of appropriation of an unowned, scarce means, thereby gaining ownership of it; initial possession."
roshi,2.3,1,An elderly and revered Buddhist monk.
cabeza,2.29,1,"Beef cheek or similar meat, especially in Mexican cooking"
katsu,2.29,2,Panko breaded and deep-fried Japanese food
cowie,2.29,2,"A pill, especially of the drug ecstasy."
nazar,2.29,1,An eye-shaped amulet supposed to protect against the evil eye in certain cultures.
fretboard,2.29,1,"A fret or plate put over the neck of musical instruments or its fingerboard, to create a different sound of notes."
arusha,2.29,1,A fiber made from the plant Callicarpa candicans.
playability,2.29,2,The state or property of being playable.
dropship,2.29,1,"A flying transport that drops troops or equipment onto a planet, etc."
basti,2.29,1,A slum.
nasheed,2.29,1,"An Islamic musical composition, typically performed a cappella, focusing on religious, spiritual, or moral messages."
bachata,2.29,2,A genre of music originating in the Dominican Republic.
akuma,2.29,1,A Japanese demon.
fanservice,2.29,3,Elements added to a television program or similar entertainment that appeal to avid fans but are of little interest to outsiders.
blakey,2.29,1,A shoe protector (metal stud or plate affixed to the sole or heel of a shoe to prevent excessive wear).
eyeballing,2.29,2,An act of staring or ogling.
facemask,2.29,8,A covering used to protect or disguise the face.
pullen,2.29,3,domestic fowl; poultry
starrer,2.29,2,A film featuring a particular movie star.
superfan,2.29,1,An extremely dedicated fan (enthusiast).
memoria,2.29,1,One of the five canons of classical rhetoric: the discipline of memory and recall.
samaj,2.29,1,"A society, community or congregation, especially of the Brahmo Samaj."
erlang,2.29,1,A dimensionless statistical measure of the volume of telecommunications traffic relative to the capacity of a single channel.
ubiquitin,2.29,1,"Any of a class of small protein, or polypeptide, present in the cells of all eukaryotes, that play a part in modifying and degrading proteins."
ohana,2.29,1,An extended Hawaiian family unit.
tomoe,2.28,1,"A circular design of swirling water, commonly used in Japanese family crests and corporation logos."
limehouse,2.28,1,An oast house that uses a limekiln.
shoop,2.28,3,The fruit of the rose; rosehip.
jumbotron,2.28,1,"A very large video screen, typically used in a stadium or concert venue to show close-up shots."
partido,2.28,1,"A subdivision of the province of Buenos Aires, Argentina."
karoo,2.28,2,Any vast prairie bordering a desert.
preparer,2.28,1,"One who, or that which, prepares, fits, or makes ready."
shinigami,2.28,1,A deity and/or personification of death.
abbasi,2.28,4,"A silver coin of Persia, introduced by Safavid Shah Abbas in 16th century, worth about twenty cents."
krantz,2.28,1,An encircling or overhanging wall of rock.
frappuccino,2.28,1,"An iced coffee drink made with cappuccino blended with other ingredients, such as flavored syrups and whipped cream."
ratcheting,2.28,2,The act by which something is ratcheted.
funhouse,2.28,1,"A structure, usually at a circus or amusement park, enclosing several interactive attractions such as distorting mirrors, ramps, slides, stairs, rotating barrel slides, etc., that usually do not invol"
refactoring,2.28,1,An act or process in which code is refactored.
leatherhead,2.28,3,The friarbird.
codeword,2.28,3,A string representing an encoded piece of text.
globus,2.28,2,A spherical or nearly spherical structure.
bostock,2.28,1,"Stale brioche, spread with almond cream and sliced almonds and then baked"
overclocking,2.28,1,"An instance or incident of processor (CPU), or any electronic logic device, running at a speed higher than is recommended by the manufacturer."
gracilis,2.28,1,A slender superficial muscle of the inner thigh.
hydroxylase,2.28,1,Any of several enzymes that catalyze the oxidation of compounds by the introduction of hydroxyl groups.
cheval,2.28,2,A support or frame.
superyacht,2.28,1,A very large luxury yacht.
sanna,2.28,1,"A spongy steamed rice cake, popular in parts of India."
empath,2.28,2,Someone with an extraordinarily high capability of sensing the emotions of others.
millman,2.28,1,A male worker in a mill.
jacko,2.28,1,laughing kookaburra
bache,2.28,1,The dale of a stream or rivulet.
autoplay,2.28,2,"Any software feature that plays (a video, a compact disc, etc.) automatically."
metropole,2.28,3,A metropolis; the main city of a country or area.
metra,2.28,2,The uterus.
homecare,2.28,2,The care and maintenance of one's home.
changelog,2.28,1,"A log that records changes between versions, as in source control."
abaddon,2.28,1,An informer; a criminal who informs on other criminals to the authorities.
abuela,2.27,1,A Hispanic grandmother.
falciparum,2.27,1,The parasitic protozoan Plasmodium falciparum that causes falciparum malaria
swire,2.27,2,The neck.
meron,2.27,3,Either of the pair of entities that together make up an instanton.
meester,2.27,1,"Pronunciation spelling of mister, representing Latino- or French-accented English."
wonderwall,2.27,1,A very dependable person
throwdown,2.27,8,"A fall, indicating defeat."
darknet,2.27,1,"A network of computers that can only be accessed using special software, configuration, or authorization, usually characterized by the anonymization of users, participating hosts, or both."
sasse,2.27,1,"A sluice or lock, as in a river or canal, to make it more navigable."
soldado,2.27,1,"A soldier, in Spanish-speaking contexts."
photobook,2.27,1,"A book of photographs, often by a single photographer."
trackpad,2.27,1,touchpad
malbec,2.27,2,"A variety of grape used in making red wine, originally from France, but now predominantly grown in Argentina."
shabbos,2.27,1,Shabbat or shabbat (the biblical seventh-day Sabbath).
wythe,2.27,2,"A continuous vertical section of masonry, one unit in thickness."
ridesharing,2.27,1,"A form of commercial transportation in which, through social media, clients call a driver who privately owns his vehicle, and proceed in their trip as passengers."
bridgeman,2.27,1,A worker who operates a moving bridge.
manti,2.27,1,"A type of dumpling served in Turkish, Armenian and Central Asian cuisine."
matta,2.27,1,The false start of a bout due to mutual misunderstanding.
compostela,2.27,1,A certificate of accomplishment given to pilgrims on completing an official route on the pilgramage to Camino de Santiago.
qigong,2.27,1,"A Chinese system of breathing control, physical exercise and meditation."
photovoltaics,2.27,1,The technology of the conversion of sunlight into electricity using semiconductors that exhibit the photovoltaic effect.
councilmember,2.27,1,"A councilman or councilwoman; a member of a council, often a city council or town council."
spink,2.26,3,The chaffinch.
perkin,2.26,1,A kind of weak perry.
wagyu,2.26,2,Any of several Japanese breeds of cattle genetically predisposed to intense marbling and to producing a high percentage of oleaginous unsaturated fat.
kabuto,2.26,1,"A traditional Japanese military helmet, especially worn by samurai."
schelling,2.26,1,A silver coin formerly current in the Low Countries.
problema,2.26,1,A problem set forth in the Ancient Greek scholarly tradition.
geocaching,2.26,1,"A pastime in which participants use a GPS receiver to find a hidden container at a specific latitude and longitude, or to hide a container to be found in this manner."
manton,2.26,1,A shawl or wrap.
fasciitis,2.26,1,Inflammation of the fascia.
astin,2.26,1,Any of a group of cyclical pentapeptides originating from the plant Aster tataricus.
crema,2.26,2,"The light-colored, orangish head of foam on a cup of espresso."
entrainment,2.26,7,"Enthusiasm, liveliness; impulsiveness."
intermedia,2.26,1,"interdisciplinary activities between media, such as those between drawing and poetry, or between painting and theatre"
chama,2.26,2,Any of several types of informal cooperative society.
lycan,2.26,1,A werewolf.
viner,2.26,1,A winegrower.
refurb,2.26,2,a thing that has been refurbished
campervan,2.26,1,A vehicle that provides both transport and sleeping accommodation.
mazar,2.26,1,A mausoleum or shrine in the Arab world.
superseding,2.26,1,The process by which something is superseded.
zipline,2.25,2,"A pulley suspended on a cable mounted on an incline, designed to enable a user to travel from one point to another by means of gravity."
kermode,2.25,1,Kermode bear
firewire,2.25,2,A high-speed digital link standard covered by the IEEE 1394-1995 standard.
dryland,2.25,1,"Land that is arid, but not so dry as to be a desert."
mogwai,2.25,1,A kind of demon held to be harmful to humans.
modafinil,2.25,1,"A stimulant often used in the treatment of various sleep disorders, having the chemical formula C₁₅H₁₅NO₂S"
tante,2.25,1,A Jewish aunt.
silvana,2.25,1,"A Filipino dessert, a frozen cookie made from a layer of buttercream sandwiched between two cashew-meringue wafers coated with cookie crumbs."
kulkarni,2.25,1,A person in parts of India who was responsible for maintaining the accounts and records of a village.
azadi,2.25,1,"Freedom, independence."
campylobacter,2.25,1,Any bacteria of the genus Campylobacter; a principal cause of food poisoning.
callout,2.25,11,An outgoing telephone call.
ramage,2.25,4,"wildness, spirit, courage, ferocity"
whois,2.25,1,The WHOIS protocol or service.
ridder,2.25,2,a sieve
triphosphate,2.25,2,Any salt or ester containing three phosphate groups.
gigging,2.25,3,gerund of gig (in various senses).
domus,2.25,2,"A farmstead with its people, plants and animals, considered as a unit."
domina,2.25,3,The head of a nunnery.
parle,2.25,2,Parley; talk.
pinnock,2.25,2,"Prunella modularis, the dunnock."
hubba,2.25,2,A grain.
malley,2.25,1,A gardener.
machinima,2.25,2,"The rendering of computer-generated imagery using low-end (real time) 3D engines such as those found in video games, as opposed to the high-end, complex 3D engines used by professionals."
vicomte,2.25,1,A French viscount.
klang,2.25,1,"Any periodic sound, especially one composed of a fundamental and harmonics, as opposed to simple periodic sounds (sine tones)."
keirin,2.25,1,"A form of track cycling originating in Japan, where riders must initially race behind a motorised pace-setter, the derny."
thermite,2.25,1,"A mixture of a metal and a metal oxide capable of producing a thermite reaction, such as aluminium metal and ferric oxide; used in incendiary devices."
schreiner,2.25,1,An engraved roller used for schreinerizing textiles.
highline,2.25,1,An elevated slackline; a slackline which is mounted across a deep drop; a slackline that is strung up high.
abacha,2.24,1,"A Nigerian food made from dried shredded cassava with fish, eggs, spices, etc."
zahid,2.24,1,An ascetic.
shitbag,2.24,3,A colostomy bag.
creat,2.24,2,An usher to a riding master (riding instructor).
armbar,2.24,1,A joint lock where the elbow is hyperextended in order to cause pain or injury.
shahi,2.24,1,"A former currency unit of Iran, worth one twentieth of a qiran."
poonam,2.24,1,"A sari made of imported polyester, as opposed to a traditional cotton sari."
pinder,2.24,3,"A peanut, the nut-like pod containing the edible seed(s) of a leguminous plant."
phthalate,2.24,1,Any salt or ester of a phthalic acid.
wakeman,2.24,2,A watchman
halfling,2.24,3,A fictional small humanoid creature featuring in fantasy fiction; a hobbit.
sandhya,2.24,1,Morning or evening prayers.
glasser,2.24,3,A person who applies fibreglass and resin to a surfboard during its manufacture.
compensator,2.24,4,"A party or thing which compensates, pays or otherwise provides a compensation"
rehire,2.24,1,A former employee who has been hired again.
brickworks,2.24,1,"A place where bricks are manufactured, particularly organised as a factory."
francisca,2.24,1,A throwing axe used as a weapon during the Early Middle Ages by the Franks.
capitaine,2.24,1,A captain.
marra,2.24,1,"A friend, pal, buddy, mate."
comtesse,2.24,1,A French countess.
carnitine,2.24,1,"A betaine, 3-hydroxy-4-trimethylammonio-butanoate, that is found in the liver and has a function in fatty acid transport."
synthetase,2.24,2,Any enzyme that catalyzes the synthesis of a biological compound.
robusta,2.24,2,"Any plant of the species Coffea canephora of coffee plants, native to Africa, cultivated widely in Brazil."
dunder,2.24,3,"The lees or dregs of cane juice, used in the distillation of rum."
transversal,2.24,3,A line which traverses or intersects any system of other lines transversely.
teletype,2.24,3,"A telegraph that automatically prints transmitted messages in letters rather than Morse code or other symbols, typically resembling a typewriter in appearance."
khair,2.24,1,The tree Senegalia catechu from which cutch is obtained
keyring,2.24,2,"A ring, normally of metal or plastic, for holding keys together."
shinkansen,2.23,2,A Japanese high-speed railway line.
porteous,2.23,1,A portable breviary.
domme,2.23,1,A female dominant in a sadomasochistic relationship.
norovirus,2.23,1,"Norovirus, the genus of Norwalk virus, which causes gastric distress in humans."
taiko,2.23,3,"A traditional drum, beaten by yobidashi to announce the beginning of a tournament, and at the end of each day"
bokeh,2.23,1,A subjective aesthetic quality of out-of-focus areas of an image projected by a camera lens.
steelmaking,2.23,1,The manufacture of steel.
factbook,2.23,1,A book of facts.
tassie,2.23,3,A cup or goblet for drinking wine.
civitas,2.23,4,the social body of the citizens united by law
cisplatin,2.23,2,A platinum-containing antineoplastic drug cis-diamminedichloro-platinum(II) (Cl₂H₆N₂Pt) that is cytotoxic and is used especially in the treatment of testicular and ovarian tumors and advanced bladder 
choon,2.23,1,"A song or track, especially one that is catchy."
endocytosis,2.23,1,The process by which the plasma membrane of a cell folds inwards to ingest material.
frigidaire,2.23,1,Trademark for a refrigerator.
declutter,2.23,1,The act or process of removing clutter; a decluttering.
coppin,2.23,1,A cop of thread.
regula,2.23,2,A book of rules for a religious establishment.
superfly,2.23,2,"An ostentatious, self-confident person, especially a black drug dealer."
combinatorics,2.23,1,a branch of mathematics that studies (usually finite) collections of objects that satisfy specified criteria
aarti,2.23,1,"A particular Hindu prayer ritual, involving candles made from clarified butter."
kavya,2.23,2,A highly artificial Sanskrit literary style used by Indian court poets in the early centuries AD.
telenovela,2.23,1,A television soap opera presented as a miniseries.
soper,2.23,2,Methaqualone.
rakyat,2.23,2,An ordinary citizen.
overspend,2.23,1,The amount by which someone or something is overspent.
swaddling,2.23,2,The practice of wrapping infants in clothing that restricts movement.
underfunding,2.23,1,The condition of being underfunded.
headedness,2.23,1,The state or quality of having a particular type of head (in various senses).
basha,2.23,2,A tarpaulin or plastic waterproof sheet.
slopestyle,2.23,1,A discipline of freestyle skiing or snowboarding involving an obstacle course.
erythematosus,2.23,1,An eruption of red lesions.
casco,2.23,1,"A flat-bottomed, square-ended boat once used in the Philippines as a lighter to ferry goods between ship and shore"
roker,2.23,1,The thornback ray.
andro,2.22,2,"A Meitei traditional type of alcoholic beverage or drink, originated from Andro village, Manipur, India."
grenache,2.22,1,"A specific, widely-planted variety of red wine grape, or a wine made from such grapes."
vipassana,2.22,1,"Insight into the true nature of reality, namely as the three marks of existence: impermanence, suffering or unsatisfactoriness, and the realisation of nonself."
minny,2.22,1,A minnow.
vivant,2.22,1,"In mort, bridge, and similar games, the partner of dummy."
jaish,2.22,1,An army or legion.
workgroup,2.22,2,A group of workers engaged in a series of collaborative tasks who usually work together.
katha,2.22,3,The recitation of a Hindu religious story.
ralphie,2.22,1,A scruffy school child.
malate,2.22,1,Any salt or ester of malic acid.
yarborough,2.22,1,"A hand, in bridge or whist, that has no card with a value greater than nine (and no aces), though in some circles it is no card above a ten."
safehouse,2.22,1,"A secure location, known to only a few trusted people, suitable for hiding witnesses, agents or other persons perceived as being in danger."
strategizing,2.22,1,The formulation of a strategy.
brumby,2.22,1,A wild or feral horse.
carib,2.22,1,A hummingbird of the genus Eulampis.
traduction,2.22,4,The act of converting text from one language to another.
bhatti,2.22,1,An oven.
fleshlight,2.22,1,"A vagina-, anus-, or mouth-shaped sex toy which is designed to stimulate and fit around the penis to aid masturbation."
diethyl,2.22,1,Two ethyl groups attached to the same molecule.
megaman,2.22,1,A very large or powerful man.
podge,2.22,2,A fat person.
lambie,2.22,1,A lamb.
carlito,2.22,1,A Philippine tarsier (Carlito syrichta).
espace,2.22,1,space.
testbed,2.22,1,"Any platform used for testing a scientific theory, computational tool or new technology."
autosport,2.22,1,motorsport
towie,2.21,1,A tow truck.
preprint,2.21,1,A preliminary form of an academic paper that has not yet been published in a journal.
aversive,2.21,2,A grammatical case indicating that something is avoided or feared; the evitative case.
tamas,2.21,1,"One of the three gunas in Hindu philosophy, representing things that are inert, resistant, or dark and destructive."
choreo,2.21,1,choreography
blackwall,2.21,1,A tyre/tire with black sidewalls.
bluey,2.21,11,The metal lead.
grigio,2.21,1,A Pinot Grigio wine.
ragdoll,2.21,3,A modern American breed of domestic cat with a longhair colourpoint coat that relaxes completely when picked up.
recommit,2.21,1,A second or subsequent commit.
bogue,2.21,2,A species of seabream fish native to the eastern Atlantic (Boops boops).
haver,2.21,5,The cereal grain of cultivated oats (Avena sativa).
laika,2.21,1,A type of hunting dog from Russia.
supercomputing,2.21,1,The design and use of supercomputers.
chargeback,2.21,2,"A reversal of an accounting entry, especially of a disputed credit card transaction."
integrin,2.21,1,Any of many heterodimeric transmembrane proteins that function as receptors in communication between cells.
marling,2.21,1,"An application of marl to the soil, to aid agriculture."
carden,2.21,1,"A garden grown inside of a car, usually in the dashboard."
texturing,2.21,1,The application of a texture to something.
bando,2.21,4,"A Welsh team sport related to hockey, hurling, shinty, and bandy."
baseband,2.21,3,The frequency range occupied by a message signal prior to modulation.
cornhole,2.21,3,A small room connected to a threshing floor.
marga,2.21,4,"The canon of established forms of classical music, dance etc., as opposed to modern or regional developments."
rasul,2.21,2,"A prophet or messenger in Islam; Muhammad, as a special messenger of God."
buprenorphine,2.21,1,A semisynthetic narcotic analgesic that is administered in the form of its hydrochloride C₂₉H₄₁NO₄·HCl to control moderate to severe pain and treat opioid dependence.
thana,2.21,3,A military outpost.
lawyering,2.21,1,The practicing of law as a profession; being a lawyer.
ghazal,2.21,1,"A poetic form mostly used for love poetry in Middle Eastern, South, and Central Asian poetry."
gazzetta,2.21,1,"An old Venetian coin, equal to a halfpenny."
ruckman,2.21,1,A ruck; a player who contests rucks.
dagmar,2.21,1,"One of the bullet-shaped protrusions on the bumpers of various 1950s cars, especially Cadillacs."
corrin,2.21,1,A molecular species that contains four reduced pyrrole rings joined in a macrocycle by three -CH= groups and one direct bond; central to the cobalt-containing vitamin cobalamin.
afrobeat,2.21,1,"Music that combines West African musical styles (such as traditional Yoruba music and highlife) with American funk, jazz, and soul influences, with a focus on chanted vocals, complex intersecting rhyt"
strikeforce,2.21,2,A group in an organization such as the police or the army that has been trained especially for dealing with serious and urgent threats.
cyclo,2.21,2,A tuk-tuk.
trompe,2.21,2,A trumpet; a trump.
motorhead,2.2,2,"A car, truck, or motorcycle enthusiast."
teleporter,2.2,3,A person who teleports.
kittel,2.2,1,"A white linen or cotton robe worn by religious Ashkenazi Jews on holidays, in the synagogue, or at home when leading the Passover seder."
cuatro,2.2,1,Any of several stringed instruments of Latino origin; a Venezuelan ukulele-like instrument with four strings; a Puerto Rican violin-like instrument with ten strings in five courses (most commonly).
gelder,2.2,1,One who gelds or castrates.
pahlavi,2.2,1,The principal gold coin of the Pahlavi dynasty (1925–1979).
iftar,2.2,1,"The evening meal that breaks each day's fast during Ramadan, traditionally beginning with dates and water."
homocysteine,2.2,1,An amino acid which is monitored in the blood to estimate risk of cardiovascular disease.
stoping,2.2,1,"The removal of the desired ore from an underground mine, leaving behind an open space known as a stope."
delisting,2.2,1,Formal removal from an official list.
veena,2.2,1,"A plucked stringed instrument with five or seven steel strings stretched on a long fretted finger-board over two gourds, used mostly in Carnatic Indian classical music."
overwintering,2.2,2,The action of overwintering.
overworld,2.2,5,The celestial world.
commish,2.2,2,A commissioner.
neurotoxicity,2.2,1,The state or property of being neurotoxic.
reperfusion,2.2,1,"The restoration of blood flow to an organ, after it was cut off (e.g. in an operation)."
beltline,2.2,2,"The imaginary line marking the upper end of the lower body of an automobile, running just below the bottoms of the windows"
terroir,2.2,1,"The complete set of local conditions in which a particular wine or family of wines is produced, including soil type, weather conditions, topography, and wine-making savoir-faire."
readme,2.2,1,A text file meant to be read before taking any significant action with the items it accompanies.
quadra,2.2,3,"The plinth, or lowest member, of any pedestal, podium, water table, or the like."
perovskite,2.2,1,"A minor accessory mineral, CaTiO₃, occurring in basic rocks, as orthorhombic crystals."
bolsa,2.2,1,An exchange for the transaction of business.
cashel,2.2,1,"In early Ireland, a ringfort or a circular stone structure used for defense."
casus,2.2,1,"A possible world, as a starting point for reasoning."
hatha,2.2,1,The fundamental form of yoga that focuses on asanas
handi,2.2,1,"A deep, narrow-mouthed vessel used in north Indian, Pakistani and Bengali cooking."
tubulin,2.2,2,Any of a group of proteins used as the material for microtubules.
avoidant,2.2,2,A person who exhibits avoidance.
kumbaya,2.2,1,"Used to evoke spiritual unity and interpersonal harmony, with varying degrees of sincerity or sarcasm, as referring to the folk song."
riddim,2.2,2,"An instrumental version of a song in Jamaican or Caribbean music, usually with a drum pattern and a prominent bassline, meant to be reused as a backing track in other productions."
teardown,2.2,2,A well-maintained structure purchased and torn down to make way for a new structure.
wushu,2.2,2,Any Chinese martial art.
sapien,2.2,1,"A human, a specimen of Homo sapiens."
pembina,2.2,2,"Squashberry, lowbush cranberry (Viburnum edule)."
albie,2.2,1,A false albacore.
shiller,2.19,1,One who shills: Synonym of shill.
curcumin,2.19,1,"A polyphenol (1E,6E)-1,7-bis(4-hydroxy-3-methoxyphenyl)hepta-1,6-diene-3,5-dione; a major constituent of the spice turmeric."
shayla,2.19,1,"A traditional Islamic headcovering worn by some Muslim women to observe sartorial hijab; typically wrapped and pinned, and sometimes worn as a partial niqab (veil for the face)."
gumby,2.19,1,An inexperienced climber.
hardstyle,2.19,2,"A genre of electronic dance music that combines elements of trance, techno, and hardcore, with origins in the Netherlands and Belgium."
loverboy,2.19,2,"A male lover, especially a young one."
borgo,2.19,1,A small Italian village.
sadhana,2.19,1,A spiritual practice or discipline leading to a goal.
bimini,2.19,1,"A lightweight cover, usually made of fabric stretched on a metal frame which is readily removable, for the cockpit or deck of a speedboat or sailboat."
fiori,2.19,1,A form of decorative extruded pasta.
pisco,2.19,1,"A liquor distilled from grapes (a brandy) made in wine-producing regions of Peru and Chile. It is the most widely consumed spirit in Argentina, Bolivia, Chile and Peru."
dewatering,2.19,2,"Any of various techniques for the removal of water, either from a solid or from a structure."
cosmodrome,2.19,1,"A site for launching spacecraft, usually in reference to such Soviet or Russian built sites as the Baikonur, Kazakhstan and Plesetsk, Russia cosmodromes."
biffy,2.19,2,A toilet.
magisterium,2.19,3,The teaching authority or office of the Roman Catholic Church.
makepeace,2.19,2,A peacemaker; one who reconciles persons at variance with one another; a composer of strife; an adjuster of differences.
paracord,2.19,1,"A lightweight nylon rope, originally used for the suspension lines of parachutes."
decima,2.19,4,"A tenth, particularly"
thrifting,2.19,1,"Shopping for cheap items, as for example at a garage sale, flea market, or thrift shop."
doucet,2.19,2,A sweetened dish.
dreamscape,2.19,1,The landscape within a dream.
projet,2.19,1,A proposed plan; a draft or project.
mudge,2.19,1,mud; sludge
tengu,2.19,1,"A mythical Japanese creature, typically birdlike and having a long nose."
arkwright,2.19,1,A maker of cabinets or chests.
dysregulation,2.19,1,A failure to regulate properly.
carpaccio,2.19,1,"Thinly sliced raw beef or tuna, usually served as an appetizer."
fortin,2.19,1,A small fort; a fortlet.
gaijin,2.19,2,A non-Japanese person.
froot,2.19,1,"A boot (storage compartment) located at the front rather than the rear of a car, especially an electric vehicle."
coady,2.19,1,"A sauce, usually made from boiled molasses, spices, and an acid such as vinegar or lemon juice."
pulver,2.19,1,Powder.
mimetic,2.19,3,Something mimetic or imitative.
swingman,2.19,1,"A player who can swing between two different positions, often the small forward and shooting guard positions in basketball."
netter,2.18,2,"One who nets (in any sense), or who uses a net."
bomberman,2.18,1,A male bomber (person who sets bombs)
sandhill,2.18,2,A dune or sandpile.
guruji,2.18,1,A guru or spiritual teacher.
datasheet,2.18,2,A document summarizing the performance and other technical characteristics of a product.
anthro,2.18,3,Anthropology.
bottega,2.18,1,A workshop or studio in Italy.
spurting,2.18,1,The act of something that spurts.
petre,2.18,2,saltpetre
lookbook,2.18,3,"A comprehensive directory of fashion-related companies and people, such as fashion designers, industry figures, brands and retail stores."
harewood,2.18,1,"stained sycamore maple wood, used in cabinet making"
sportsbook,2.18,1,"A place where a gambler can bet on various sports competitions; the company that runs it; the website that is its online presence. (Most such companies offer online betting, subject to geofencing by s"
operant,2.18,2,An operative person or thing.
wheatland,2.18,1,An area where wheat is produced.
mechatronics,2.18,1,"The synergistic combination of mechanical engineering, electronic engineering and software engineering for the study of automata from an engineering perspective and the control of advanced hybrid syst"
rosalia,2.18,1,"A form of melody in which a phrase or passage is successively repeated, each time a tone or semi-tone higher or lower"
traipsing,2.18,1,Laborious walking.
hoovering,2.18,1,The act of cleaning using a vacuum cleaner.
rukia,2.18,1,"Any bird of the genus Rukia, native to Micronesia."
cadherin,2.18,1,Any of a class of transmembrane proteins important in maintaining tissue structure.
mutch,2.18,2,A nightcap (hat worn to bed).
bunton,2.18,1,A wooden cross-stay in a shaft; a support for shaft slides.
stromboli,2.18,1,"A type of turnover filled with various cheeses, typically mozzarella, and Italian meats such as salami, capicola and bresaola."
rappelling,2.18,1,A method used to descend heights with a rope.
homotopy,2.18,5,A continuous deformation of one continuous function or map to another.
stormer,2.18,2,Someone who storms.
churro,2.18,1,"A fried pastry from Spain, typically eaten as a dessert and with chocolate beverage."
tattersall,2.18,1,A fabric pattern containing squares of dark lines on a light background.
embryogenesis,2.18,1,The process by which an embryo is formed and develops.
microenvironment,2.18,3,A very small area that has different characteristics than its surroundings; the milieu (set of conditions) within this area.
intercooler,2.18,1,A heat-exchange device located between other devices or processes.
recordkeeping,2.18,1,"The creation, collection and management of records, especially of a business or governmental nature."
comandante,2.18,1,commandant
clownfish,2.18,1,"Any of the colorful fish of genera Amphiprion and Premnas in subfamily Amphiprioninae of family Pomacentridae, native to the Pacific and Indian Oceans, notable for their mutual relationship with sea a"
nazim,2.18,1,The chief elected official of a local government in Pakistan.
crutcher,2.18,2,A vessel in which the ingredients of soap are stirred with a crutch (form of prop).
kennet,2.18,1,A small hunting dog
northbridge,2.18,1,A microchip connected directly to the CPU (unlike the southbridge) and thus responsible for tasks that require the highest performance.
replicant,2.18,2,"A robot or artificial being that is an exact copy of a genuine lifeform, especially a human."
tiburon,2.18,1,"A shark; now specifically, Sphyrna tiburo or Negaprion brevirostris."
kairos,2.18,1,A time when conditions are right for the accomplishment of a crucial action; the opportune and decisive moment.
kagome,2.18,2,"An arrangement of laths composed of interlaced triangles such that each point where two laths cross has four neighboring points. Although called a lattice, it is more closely related to the trihexagon"
manju,2.17,1,"A traditional Japanese confection; most have an outside made from flour, rice powder, kudzu, and buckwheat, and a filling of red bean paste, usually made from boiled azuki beans and sugar; in Hawaii, "
theming,2.17,1,The application of a theme.
qubit,2.17,1,A quantum bit; the basic unit of quantum information described by a superposition of two states; a quantum bit in a quantum computer capable of being in a state of superposition; A binary qudit.
heartedness,2.17,2,The state or quality of being hearted.
snowmobiling,2.17,1,The use of a snowmobile for amusement.
pitter,2.17,1,A device that removes pits from fruit such as olives or cherries.
defensor,2.17,3,one who defends; a defender
stapling,2.17,1,The act by which something is stapled.
catenin,2.17,1,Any of a class of proteins that have a role in cell adhesion.
vives,2.17,1,"A disease of animals, especially horses, based in the glands under the ear, where a tumour is formed which sometimes ends in suppuration."
marceline,2.17,1,A thin silk fabric used for linings etc. in hats and ladies' dresses.
loveday,2.17,2,A day appointed for a meeting intended to amicably resolve a dispute; also the meeting held on such a day.
rooker,2.17,1,A person who rooks (cheats or swindles).
stallman,2.17,2,"A male stallholder, especially one who sells books."
unibody,2.17,4,An automobile construction technique in which the body is integrated into a single unit with the chassis rather than having a separate body-on-frame.
boulanger,2.17,1,Eggplant; aubergine.
corpo,2.17,2,"A person, especially an executive, who works for or serves the interests of a big business or corporation."
combinator,2.17,1,A lambda expression which has no free variables in it.
cliffside,2.17,1,The side of a cliff.
earmuffs,2.17,1,"A headphone-like device designed to cover a person's ears for protection against cold or noise. They consist of a thermoplastic or metal head-band, that fits over the top of the head, and a pad at eac"
brickman,2.17,3,A brickmaker.
emerg,2.17,1,The emergency department of a hospital.
emption,2.17,1,The act of buying; purchase.
cineplex,2.17,1,A cinema having multiple theatres (showing rooms).
genny,2.17,2,A person from the suburbs who moves to a low-income urban area.
danza,2.17,1,A Puerto Rican music genre associated with ballroom dancing.
adoptable,2.17,3,A person or animal that is eligible to be adopted.
adamantium,2.17,1,A fictional metal which is indestructible or nearly so.
laneway,2.17,1,A narrow roadway; a lane
germline,2.17,1,Those cells of an individual that have genetic material that could be passed to offspring; the source of gametes.
monotherapy,2.17,1,A therapy which is administered by itself
homescreen,2.17,1,The main or first interface shown in a graphical user interface.
espada,2.17,1,A matador.
gummer,2.16,3,A person or machine that applies gum.
kanga,2.16,3,"A comb, required to be worn at all times by Sikhs, one of the five Ks."
paclitaxel,2.16,1,"A taxane antineoplastic drug C₄₇H₅₁NO₁₄ originally isolated from the bark of the Pacific yew, Taxus brevifolia, but now typically derived as a semisynthetic product of the English yew; it interferes w"
chook,2.16,4,"A chicken, especially a hen."
matsu,2.16,1,"Pinus thunbergii, the Japanese pine."
culottes,2.16,1,A type of loose shorts which look like a skirt; a divided skirt.
paperwhite,2.16,2,"A bulbous perennial, of species Narcissus papyraceus, native to the Mediterranean region, with fragrant bunches of white flowers."
derecho,2.16,1,"A windstorm characterized by strong, straight-line winds."
incognita,2.16,2,A woman who is unknown or in disguise.
princeps,2.16,3,The title of the Roman emperor during the principate.
piledriver,2.16,4,A very hard shot.
cyclocross,2.16,1,"A form of bicycle racing consisting of many laps of a short course featuring pavement, wooded trails, grass, steep hills and obstacles and requiring the rider to quickly dismount, carry the bike whils"
samiti,2.16,1,A local political association
mailroom,2.16,1,A room used for receiving and (usually) sending mail.
agroforestry,2.16,1,An agricultural approach of using the interactive benefits from combining trees and shrubs with crops and/or livestock.
frontcourt,2.16,2,The half of the court where a team's offensive basket is located.
homestand,2.16,1,A series of games played at a team's home field
dione,2.16,1,diketone
dalal,2.16,1,A broker; a middleman.
agung,2.16,1,A gong used in the Philippines and Indonesia.
bridie,2.16,1,"A Scottish meat pastry, similar to a Cornish pasty."
nametag,2.16,1,A tag with one's name inscribed on it.
denuclearization,2.16,1,The act or process of denuclearizing.
enviro,2.16,1,An ecofreak.
autocar,2.16,1,A road vehicle powered by steam or electricity rather than by traction.
moksha,2.16,1,"In Indian philosophy and theology, the final liberation of the soul or consciousness from samsara and the bringing to an end of all the suffering involved in being subject to the cycle of reincarnatio"
bandura,2.16,1,"A Ukrainian plucked stringed instrument with a tear-shaped body, like an asymmetrical lute or a vertical zither, which is played with both hands while held upright on the lap."
bullcrap,2.16,1,Bullshit.
earworm,2.16,3,"A tune that keeps replaying in one's head or that one keeps thinking about, especially if unwanted."
gamertag,2.16,1,A pseudonym by which an individual playing an online game with others is identified
gotch,2.16,1,Men's underwear.
benda,2.16,1,"An old Guinean unit of mass, equivalent to 0.0642 kilograms."
kayser,2.16,1,"A unit of wavenumber in the CGS system of units, equivalent to the number of waves in one centimeter."
chaya,2.16,3,A teahouse in Japan.
lumpkin,2.16,1,"A clumsy, heavy, stupid, silly or blundering person."
ranga,2.16,1,An orange-haired or red-haired person.
hooley,2.15,2,"A noisy celebration or party; also, an evening of traditional music and dance."
homeware,2.15,1,"Furnishings for the home, such as furniture and cushions."
makan,2.15,1,Food.
samsonite,2.15,1,"A black, monoclinic silver manganese antimony sulfosalt mineral."
sambal,2.15,1,A hot relish made from chili peppers and other ingredients.
hythe,2.15,1,A landing-place in a river; a harbour or small port.
tweaker,2.15,5,A person who tweaks something.
quadrupole,2.15,2,A distribution of either electric charge or magnetization equivalent to two dipoles that point in opposite directions.
chiao,2.15,1,A Taoist ritual of cosmic renewal.
sango,2.15,2,A sandwich.
jobsite,2.15,1,"A physical location where work is done, especially construction work."
trialling,2.15,2,The process of running a trial; an experiment or pilot.
fuckwit,2.15,2,A very stupid person.
designator,2.15,2,"A person who, or term that, designates."
bisphenol,2.15,1,"Any of a class of organic compounds, derived from methylenediphenol, CH₂(C₆H₄OH)₂, formed by the condensation of a phenol with an aldehyde or ketone."
parkrun,2.15,1,An informal weekly 5 km (2 km for junior parkrun) running event that takes place in a park or similar location.
horcrux,2.15,2,"In Harry Potter, an object in which a wizard has concealed a part of their soul through magic, rendering them immortal until the object is irreparably damaged or destroyed."
higashi,2.15,4,The (more prestigious) right-hand side of the banzuke.
kampung,2.15,2,A traditional village.
duchesse,2.15,4,A French duchess.
waterworld,2.15,1,A planet or other large environment that is dominated by water.
taupo,2.15,1,"In Samoan culture, a ceremonial virgin, the daughter of a village chief."
bundt,2.15,1,"A baking pan with a hollow, circular, raised area in the middle."
leatherman,2.15,3,"A member of a homosexual male subculture that grew out of male-only motorcycle clubs formed by homosexual veterans returning from World War II, stressing masculinity in contradiction to androgynous an"
kegel,2.15,2,The pubococcygeal muscles.
chron,2.15,1,A period of time between two geomagnetic reversals.
chitra,2.15,2,A sandfly.
gigafactory,2.15,2,A very large manufacturing facility.
energetics,2.15,3,The field of study focused on the flow and transformation of energy.
negara,2.15,1,A constituent state of Indonesia when it was under Dutch control.
natch,2.15,2,"The rump of beef, especially the lower and back part of the rump."
ricker,2.15,1,"A thick pole for use in making a rick, or for a spar to a boat."
crewmember,2.15,1,A member of a crew.
brinkman,2.15,1,One who advocates for brinkmanship.
brazing,2.15,2,A method of joining metals by using heat and a filler
propionate,2.15,1,Any salt or ester of propionic acid.
denialism,2.15,1,"The practice of rejecting propositions which are strongly supported by scientific or historical evidence, and often of seeking to influence policy processes and outcomes accordingly."
chandu,2.14,1,Opium prepared for smoking.
demain,2.14,1,"A demesne, especially the ancient demesne claimed by William the Conqueror."
aisling,2.14,1,"A kind of Irish poem, developed during the late 17th and 18th centuries, in which Ireland appears to the poet in a vision in the form of a woman, lamenting the state of the Irish people and predicting"
cleantech,2.14,1,Technologies that support increased productivity or profitability while also reducing resource consumption or pollution.
neurodegeneration,2.14,1,The degeneration (and death) of neurons.
rehoming,2.14,1,The process of finding a new home for somebody.
tanjung,2.14,1,A cape; a headland.
bruschetta,2.14,1,"A light Italian dish of toasted bread with a topping of olive oil, garlic and chopped tomatoes."
seinen,2.14,1,"A kind of manga written for an older male audience, generally 18-30 years old (and older)."
backman,2.14,1,A defender in Australian rules football.
germplasm,2.14,1,"Seeds or tissues maintained for the purpose of animal or plant breeding, preservation or other research uses."
venta,2.14,1,A roadside inn in Spain.
sloot,2.14,3,A ditch.
yandere,2.14,1,"A character, usually a girl, who has an obsessive and possessive side regarding their crush, ready to use violent (if not murderous) means to maintain an exclusive bond."
pecorino,2.14,1,Any of a family of Italian hard cheeses made from ewe's milk.
owler,2.14,2,The alder tree.
suboxone,2.14,1,"A combination drug of buprenorphine and naloxone, used to treat opiate addictions."
relaunching,2.14,1,A second or subsequent launching.
stickman,2.14,8,A simple drawing of a man with lines to represent limbs and torso.
lightbox,2.14,5,"A box containing a source of light and a white, translucent cover, used to view photographic transparencies."
sawgrass,2.14,1,"Any of several Cladium species, long sedges with saw-like sharp, serrated edges, such as Cladium californicum, Cladium jamaicense, and Cladium mariscoides"
drumline,2.14,1,"A group of percussionists in a marching band, consisting of the battery and front ensemble."
kartel,2.14,2,A German industrial cartel.
starman,2.14,3,A spaceman.
recalibration,2.14,1,"A second, subsequent, or corrected calibration."
toolset,2.14,2,A collection of tools; a toolkit.
grandy,2.14,1,A grandparent: either a grandfather or a grandmother.
cavorting,2.14,1,The action of the verb to cavort
rudge,2.14,1,A partridge.
campanella,2.14,1,A smallish suspended bell used in medieval monastic cloisters.
longlist,2.14,1,"An initial, relatively long, shortlist, from which a further shortlist is selected."
bergh,2.14,1,A hill.
cohomology,2.14,2,"A method of contravariantly associating a family of invariant quotient groups to each algebraic or geometric object of a category, including categories of geometric and algebraic objects."
shraddha,2.14,1,"A Hindu ceremony performed in commemoration of one's deceased relatives, especially a parent."
wookie,2.14,2,"Wookiee, Wookie (a tall hairy humanoid fictional race from Star Wars)"
kanal,2.14,1,"A unit of area used in parts of northern India and in Pakistan, equivalent to one eighth of an acre."
betamax,2.14,2,a Betamax (videocassette tape)
gaster,2.14,2,The stomach.
pollan,2.13,1,"A freshwater fish, Coregonus pollan, resembling a herring"
lightman,2.13,1,A man who carries or takes care of a light.
webtoon,2.13,2,An animated cartoon published on the World Wide Web.
asswipe,2.13,2,"An annoying, contemptible, or worthless person."
winer,2.13,1,A person who habitually drinks wine.
kitab,2.13,1,An Islamic book.
bubby,2.13,3,A woman's breast.
kultur,2.13,1,"German culture or civilization, especially seen as authoritarian or racist during the period of world wars (1914-18 and 1939-45)"
lackland,2.13,1,A person who does not own land.
bricker,2.13,2,A brickmaker.
moyen,2.13,1,Intercession; intervention.
weeny,2.13,2,"A wiener, a hot dog."
everclear,2.13,1,"Any home-brewed distilled grain alcohol, especially one with a very high concentration of alcohol (such as 90-some percent, that is, 180-some proof); but generally not one rife with impurities or adul"
basho,2.13,1,A sumo tournament of any kind.
clindamycin,2.13,1,"A lincosamide antibiotic drug C₁₈H₃₃ClN₂O₅S, mostly used to treat infections with anaerobic bacteria."
karuna,2.13,1,Compassion; mercy.
bossman,2.13,3,A male boss or employer.
fogle,2.13,1,A handkerchief.
superset,2.13,2,"(symbol: ⊇) With respect to another set, a set such that each of the elements of the other set is also an element of the set."
longus,2.13,1,A long muscle in the body.
gussie,2.13,2,"A pig, a swine."
donat,2.13,2,A rank in some knightly orders.
longa,2.13,1,A musical note equal to two (or occasionally three) breves or whole notes.
chateaubriand,2.13,1,"A thick, juicy cut from the center of a beef tenderloin."
blathering,2.13,2,Incoherent or foolish talk.
hepatology,2.13,1,"The study or treatment of the liver, gallbladder, and pancreas."
amala,2.13,1,"A thick paste made from yam or cassava flour, eaten chiefly in Yoruba cuisine."
marikina,2.13,1,"A small marmoset, the golden lion tamarin, Leontopithecus rosalia."
fucktard,2.12,1,An extraordinarily stupid person.
routh,2.12,1,"Plenty, abundance."
lowball,2.12,5,The position of the ball on an American railroad ball signal that indicated Stop.
tretinoin,2.12,1,"The all-trans isomer of retinoic acid that is applied to the skin to treat severe acne and reduce facial wrinkles, roughness, and pigmented spots."
megalodon,2.12,1,A species of extinct shark that lived during the Miocene and Pliocene epochs (†Otodus megalodon).
blabbering,2.12,1,Foolish or incoherent talk; blather; babble.
mazza,2.12,2,Madness; something that is mad; a crazy situation.
triforce,2.12,1,"A shape composed of three equilateral triangles arranged in such a manner that a fourth triangle of identical size, but pointing the opposite direction, could fit between them."
garba,2.12,1,"A form of dance from the state of Gujarat in India, performed in a circle often around a lamp."
finca,2.12,1,"A country estate, farm or ranch in Spain or Hispanic America."
lakin,2.12,2,A toy.
beeman,2.12,1,"One who tends bees, usually as an occupation; beekeeper."
finasteride,2.12,1,A medication used to treat male pattern baldness and benign prostatic hyperplasia in males.
linsey,2.12,2,A cloth made of linen and wool.
backhaul,2.12,4,A return trip after delivery of cargo.
telepath,2.12,1,"A person with telepathic ability, capable of reading the thoughts of others around them. Telepaths also have the ability to project thought."
railgun,2.12,3,An electromagnetic gun that uses a large electrical current to propel a projectile down a track of two parallel conductive rails.
harmonia,2.12,2,"A harmonic mode in ancient Greek music, characterized by a particular set of chords and rhythmic patterns."
whooshing,2.12,1,A sound or motion that whooshes.
nanoscience,2.12,1,The underlying science of nanotechnology.
ansible,2.12,1,"A hypothetical device that enables users to communicate instantaneously across great distances; that is, a faster-than-light communication device."
bullshitter,2.12,1,"Someone who lies or exaggerates a lot, especially in order to preserve or enhance their reputation."
aromatase,2.12,1,An enzyme responsible for aromatization of androgen hormones into estrogens.
kayfabe,2.12,2,"The act, situation, or code of portraying staged events, performances, rivalries, etc as authentic or spontaneous."
shiel,2.12,2,A shepherd's hut or shieling.
creepypasta,2.12,1,"Frightening urban legends and short stories in the horror genre, circulated on the Internet."
crossman,2.12,1,"A thief, forger, or other criminal."
outcall,2.12,2,"A visit by a provider of some service, such as a massage therapist or a prostitute, to a client."
proteasome,2.12,1,"A complex protein, found in bacterial, archeal and eukaryotic cells, that breaks down other proteins via proteolysis."
pickpocketing,2.12,1,The act of stealing from the pocket of a passerby; the crime committed by a pickpocket.
poling,2.12,3,The act of supporting or of propelling by means of a pole or poles.
cumbia,2.12,1,"A traditional style of Colombian dance and music, or a piece in this style."
cambio,2.12,1,bureau de change; currency exchange
woodie,2.12,6,"An early station wagon or estate car whose rear bodywork is made of wood, often associated with Southern California surfing culture."
shutup,2.12,1,A steep canyon in the Solitario region of Texas in the United States.
kilian,2.12,1,A type of ice dance performed by a pair of skaters side-by-side
balrog,2.11,1,A fiery demonic creature.
sefer,2.11,1,"A book, especially a religious book."
whitestone,2.11,2,A light-coloured stone formerly used for scrubbing.
troponin,2.11,1,"A heterotrimeric regulatory protein complex found in the thin filaments of striated muscle fibers, including both skeletal and cardiac muscle, that controls calcium-mediated muscle contraction."
impactor,2.11,2,"Any of several machines or devices in which a part impacts on another, or on a material."
lilliput,2.11,1,"Any of various small freshwater mussels of the genus Toxolasma, found mainly in the southeastern United States."
menudo,2.11,2,A traditional Mexican soup made with tripe and chili peppers.
lalla,2.11,4,"In Persia, a kind of domestic tutor."
looove,2.11,1,Elongated form of love.
rogaine,2.11,1,A session of the sport of rogaining.
garrow,2.11,1,Garo people
bolas,2.11,2,"A throwing weapon made of weights on the ends of interconnected cords, designed to capture animals by entangling their legs."
hoochie,2.11,7,A woman who dresses scantily or in a revealing fashion.
matsuri,2.11,1,A Japanese festival.
diphosphate,2.11,2,any salt or ester containing two phosphate groups
decluttering,2.11,1,"The act or process of removing clutter; tidying, removing unwanted or messy items from a given place."
aguinaldo,2.11,6,A gift given at Christmas or at the Feast of the Epiphany.
timespan,2.11,1,An interval of time.
cyclase,2.11,1,Any enzyme that catalyzes the cyclization of a compound
homebuilding,2.11,1,The part of the construction industry concerned with building individual homes.
kickboxer,2.11,1,One who practices the martial art of kickboxing.
handwashing,2.11,1,The washing of one's hands.
ouroboros,2.11,2,"A serpent, dragon or worm that eats its own tail, a representation of the continuous cycle of life and death."
insigne,2.11,1,An insignia.
panton,2.11,2,"A horseshoe to correct a narrow, hoofbound heel."
shearling,2.11,2,A sheep that has been shorn for the first time
sitch,2.11,2,"A brook; an occasional small waterway: a ditch, a gutter or drain; a ravine."
backscatter,2.11,4,The deflection of particles or radiation through angles greater than 90 degrees to the original direction of travel.
mikan,2.11,1,"An orange seedless citrus fruit Citrus unshiu, originating from Japan, about the size of a tangerine."
seamer,2.11,3,A person who sews seams.
shero,2.11,1,A female hero.
kaisa,2.11,1,A variant of the game billiards played chiefly in Finland and Russia.
recurve,2.11,3,"A type of knife blade shape that involves several curves including a concave curve on a portion of the edge, resulting in a belly that is lower than the handle bottom."
screamo,2.11,4,"A genre of aggressive lo-fi guitar-driven music with predominantly screaming vocals, while preserving structural aspects of the emocore/hardcore emo genres of the early 1990's."
rotorcraft,2.1,1,Any aircraft that obtains its lift from rotors (usually either a helicopter or an aerial drone with rotors).
mantri,2.1,1,A minister or high official.
flipboard,2.1,1,"A set of cards hinged together on an easel, used in making presentations."
longline,2.1,3,"Gear consisting of a long and thick mainline, with baited hooks attached at intervals by means of branch lines called snoods or gangions."
inari,2.1,1,A type of sushi with rice wrapped in a pouch of fried tofu (aburaage).
immer,2.1,1,A bird in genus Gavia.
gatekeeping,2.1,1,"The act or process of limiting another party's participation in a collective identity or an activity, usually due to undue pettiness, resentment, selfishness, complacency, or overprotectiveness."
chaudhuri,2.1,1,A leader or representative of a group of traders.
pepito,2.1,2,"A sandwich of Spanish origin and popular in Latin America, made with beef, pork, or chicken."
riverrun,2.1,1,The course a river shapes through a landscape
negroni,2.1,1,"A cocktail consisting of gin, Campari and vermouth, usually in equal parts."
bacha,2.1,1,A dancing boy in parts of Central Asia.
munshi,2.1,2,A clerk or secretary.
regio,2.1,2,Any large area of a planet or moon that is strongly differentiated from neighbouring areas by colour or albedo.
winterbourne,2.1,1,"A stream that only flows in winter or after wet weather, particularly in an area rich in limestone."
upsell,2.1,1,The act of making such a sale.
cienega,2.1,1,A marshy spring where groundwater bubbles to the surface.
wingsuit,2.1,1,"A special jumpsuit, used in extreme sports like a parachute, which adds surface area to the wearer's body to create lift."
jobseeker,2.1,2,A person seeking employment.
carrow,2.1,1,A gambler in Ireland.
cueing,2.1,1,The act or process by which something is cued.
carine,2.1,1,A keel.
shuriken,2.1,1,"A dart or throwing blade, sometimes with multiple points, used as a weapon by ninja (or samurai)."
jerkoff,2.1,2,"Someone who behaves obnoxiously, rudely, inappropriately, or is ignorant of certain social norms, usually a male."
binny,2.1,1,"Niger barb (Labeobarbus bynni or Barbus bynni), a species of yellowfish found in the Nile."
biller,2.1,2,An issuer of a bill.
zolpidem,2.1,1,A sedative and hypnotic drug administered orally in the form of its tartrate (C₁₉H₂₁N₃O)₂·C₄H₆O₆ in the short-term treatment of insomnia.
tinkler,2.09,3,A small bell.
mansa,2.09,1,A king of ancient Mali.
carbonite,2.09,3,"An explosive manufactured from a variety of materials, including nitroglycerine, wood meal and nitrates."
overconsumption,2.09,1,Excessive consumption.
overgrazing,2.09,1,Excessive grazing to an extent that the land is damaged.
grouting,2.09,2,An application of grout.
sherm,2.09,3,The drug phencyclidine (PCP).
katsura,2.09,1,"One of two species of trees in the genus Cercidiphyllum, most commonly Cercidiphyllum japonicum, one of the largest trees in Asia."
wonderboy,2.09,1,"A male child prodigy, or (loosely) a talented male of any age."
pantanal,2.09,1,"A marsh (a broad, flat area with pools of water and trees) in the Pantanal region of South America."
umrah,2.09,1,"A minor hajj, a lesser pilgrimage to Mecca, other than at the time of the hajj."
bungo,2.09,3,"A Japanese written language established mainly during the Heian period, circa 900–1200 C.E., and commonly used until circa 1900."
tarin,2.09,1,"A bird, the siskin."
neuroplasticity,2.09,1,"The state or quality of being neuroplastic, of having a brain that adapts to experience."
nomos,2.09,2,"The body of law, especially that governing human behaviour."
glucan,2.09,1,Any polysaccharide that is a polymer of glucose
headbutting,2.09,1,The act of giving a headbutt.
reshoot,2.09,1,An instance of reshooting.
reupload,2.09,1,A second or subsequent upload.
bandgap,2.09,2,The energy difference between two allowed ranges of electron energy in a solid; especially the difference between the energies of the valence band and the conduction band.
breading,2.09,1,"The coating of a thin slice of meat in flour, egg and breadcrumbs prior to frying"
diene,2.09,1,"An organic compound, especially a hydrocarbon, containing two double bonds."
perdita,2.09,1,A woman who has fallen into prostitution.
penton,2.09,1,A pentagonal capsomere of an adenovirus capsid.
chaebol,2.09,1,"A large, family-controlled, South Korean business conglomerate."
moche,2.09,1,An imported package of spun silk.
wavefunction,2.09,1,"A mathematical function that describes the propagation of the quantum mechanical wave associated with a particle (or system of particles), related to the probability of finding the particle in a parti"
livestreaming,2.09,1,The act or practice of broadcasting an event live over the Internet.
fister,2.09,1,Someone who takes part in the sexual practice of fisting.
clonazepam,2.09,1,A benzodiazepine with potent anticonvulsant used especially in the treatment of epilepsy and other seizure disorders; C₁₅H₁₀ClN₃O₃. It is the generic name for Klonopin. It is a derivative of nitrazepa
cyclophosphamide,2.08,1,"An immunosuppressive, antineoplastic drug used in the treatment of Hodgkin's disease and certain other forms of cancer."
incharge,2.08,1,"The person who is in charge of something; an employee with responsibility for a department of a company; a manager, supervisor."
playfield,2.08,3,A playing field.
callosum,2.08,1,corpus callosum
underperformance,2.08,1,The state or quality of underperforming
ultrabook,2.08,1,A very lightweight and thin portable computer the areal size of a notebook computer or subnotebook.
tuzla,2.08,1,A kind of central Anatolian rug.
unbundling,2.08,1,The process by which something is unbundled.
spirulina,2.08,1,A food supplement prepared from blue-green algae of the genus Arthrospira found in soda lakes.
amparo,2.08,1,In some Hispanic jurisdictions (such as Mexico) a writ or an appeal demanding or seeking the protection of constitutional rights similar to a habeas corpus acting as a remedy for the violation of a pe
hassler,2.08,1,One who hassles.
starbase,2.08,2,"A base (for trading, military operations, etc.) located in space, among the stars."
dodie,2.08,1,A baby's pacifier or soother.
ivermectin,2.08,1,"A compound of the avermectin group, used as an anthelmintic in veterinary medicine and as a treatment for river blindness."
siggy,2.08,1,A sig (signature used in posted messages).
ministership,2.08,1,The position held by a minister
remastering,2.08,2,The production of a new version of a recording by remixing the original master recordings.
renormalization,2.08,1,Any of several techniques in statistical mechanics and quantum electrodynamics used to construct mathematical relationships between observable quantities.
widebody,2.08,3,"An airliner capable of seating seven or more passengers in a single row of economy seating, with two aisles or more."
lamin,2.08,1,"Any of a class of fibrous proteins that provide structure, and regulate transcription in a cell nucleus"
brane,2.08,1,"A hypothetical object extending across a number of (often specified) spatial dimensions, with strings in string theory seen as one-dimensional examples."
becher,2.08,1,A kiddush cup
arroz,2.08,1,Any Spanish rice-based dish.
stell,2.08,4,A place; station.
stempel,2.08,1,"A shelf set into a mineshaft for storing waste material, or for use as a step or support."
upregulation,2.08,1,"The process, in the regulation of gene expression, in which the number, or activity of receptors increases in order to increase sensitivity."
burpee,2.08,1,"A physical exercise performed by bending over, performing a squat thrust, returning to a standing position, and jumping once."
popolo,2.08,2,black nightshade (Solanum nigrum).
superstorm,2.08,1,A major storm (weather phenomenon).
firman,2.08,1,"a royal decree issued by a sovereign in certain historical Islamic states, especially by the Sultan of the Ottoman Empire."
chemokine,2.08,1,"Any of various chemotactic cytokines, produced during inflammation, that organize the leukocytes."
hitmaker,2.08,1,A musician who frequently produces hits; a star.
riverbend,2.08,1,A knee or meander in a river.
biopharma,2.08,1,The biopharmaceutical industry.
marler,2.08,1,A laborer in a marlpit.
tribble,2.08,2,A horizontal frame with wires stretched across it for drying paper.
vivax,2.08,1,Malaria caused by the parasite Plasmodium vivax.
maghrib,2.08,1,The sunset Islamic prayer.
symbiont,2.08,1,An organism that lives in a symbiotic relationship.
mamacita,2.08,1,"A babe, a hottie (sexually attractive woman)."
switchover,2.08,1,"A complete change or switch from one state, system or course of action to another."
mooching,2.08,1,An idle stroll.
alastor,2.07,3,"An avenging spirit or deity, variously associated with the Erinyes, Nemesis, and more."
chetty,2.07,1,"A member of one of various South Indian castes of merchants, money-lenders and land-owners."
aquaponics,2.07,1,"A sustainable food production system that combines traditional aquaculture with hydroponics, with effluent from the water in which fish are reared being used as nutrition for plants."
sportster,2.07,2,A sporty automobile or motorcycle.
injun,2.07,1,A Native American.
skene,2.07,2,An element of ancient Greek theater: the structure at the back of the stage.
deshmukh,2.07,1,The head or ruler of a district.
planta,2.07,1,The sole of the foot.
houndstooth,2.07,3,A two-colour fabric pattern of broken checks.
hoult,2.07,1,A wood; copse.
chirality,2.07,1,"The phenomenon, in chemistry, physics and mathematics, in which objects are mirror images of each other, but are otherwise identical; handedness."
cryopreservation,2.07,1,"the preservation of biological tissue at cryogenic temperatures, typically at -80°C (dry ice temperature) or -196°C (the boiling point of liquid nitrogen)."
queef,2.07,2,"An emission of air from the vagina, especially when audible; vaginal flatulence."
photobomb,2.07,2,An act of photobombing.
quizlet,2.07,1,A short quiz.
pickler,2.07,5,One who pickles food products.
cully,2.07,3,"A person who is easily tricked or imposed on; a dupe, a gullible person."
drafthouse,2.07,1,"A business establishment where alcoholic beverages such as beer, wine, ale, etc, are served, but not hard liquor."
shola,2.07,2,"A wild plant of species Aeschynomene aspera, found in Bengal and Assam, having a milky-white, spongy pith used for the manufacture of pith helmets and decorative artifacts."
loadout,2.07,3,"The set of objects (e.g., equipment, supplies) to be carried into battle, onto a jobsite, etc.; all that one needs for a specific purpose."
stritch,2.07,1,Nickname for a type of saxophone.
ganna,2.07,1,"A plant formerly used to provide alkaline ashes for soap-making, Salsola aphylla."
tarring,2.07,1,An application of tar.
shearman,2.07,2,One whose occupation is to shear cloth.
bazin,2.07,1,"An unleavened bread in the cuisine of Libya prepared with barley, water and salt"
moscato,2.07,2,"A white grape variety used to make light, sweet white wine."
topman,2.07,3,"The man stationed in the top on a sailing vessel, responsible for the setting of the sails"
tachi,2.07,1,"A pre-katana style Japanese sword, characterized by a longer blade with more curvature."
filmer,2.07,2,One who films with a camera.
consigliere,2.07,1,"A counselor or advisor, especially to Mafia bosses."
maiko,2.07,1,An apprentice geisha.
makerspace,2.07,1,A hackerspace where people develop electronic hardware or other physical objects.
misericordia,2.07,7,An amercement.
transhumanism,2.07,1,"A philosophy favouring the use of science and technology, especially neurotechnology, biotechnology, and nanotechnology, to overcome human limitations and improve the human condition."
mehndi,2.07,4,A henna plant (Lawsonia inermis).
fibronectin,2.07,1,An adhesive blood glycoprotein that has several cellular functions
deathcore,2.07,1,An extreme fusion genre of death metal and metalcore.
precure,2.06,1,The treatment of rubber in this way.
sukuk,2.06,1,A bond that generates a return to an investor without infringing Islamic laws against interest.
aguayo,2.06,1,"A rectangular piece of patterned cloth, used in traditional South American communities to carry children, goods, etc."
supercross,2.06,1,A sport in which high-performance off-road motorcycles are raced on an artificially made dirt track consisting of steep jumps and obstacles.
rosado,2.06,1,A Spanish rosé wine.
tranter,2.06,1,a peddler.
berthe,2.06,1,A sort of trim added to the neckline of a dress.
microsatellite,2.06,3,A miniature satellite.
reusability,2.06,1,The property or degree of being reusable.
couponing,2.06,1,The use or distribution of money-saving coupons.
maximalist,2.06,6,"A person with maximalist beliefs or tendencies; someone who prefers redundancy or excess, especially in the arts."
synthpop,2.06,1,A style of pop music in which the synthesizer is the dominant musical instrument.
freeloading,2.06,1,The act of one who freeloads.
frogger,2.06,3,The pronged plater used in frogging (transferring cells to another plate).
marah,2.06,1,"A gratuity in the form of deductions from the gross produce of cultivated lands, granted to a mirasidar."
warfighter,2.06,1,A servicemember of an armed force; (often specifically) one who sees combat.
gopnik,2.06,1,"In Russia, Eastern Europe, former Soviet republics, and other Slavic countries, a member of a subculture of young people of lower-class low-income backgrounds, mostly millennials, who usually live in "
vaporwave,2.06,1,"A genre of electronic music and visual arts style that emerged in the early 2010s. As a musical genre, it evolved from chillwave and seapunk with influences from lounge music, elevator music, smooth j"
normale,2.06,1,"A normal espresso drink, neither ristretto (shorter) nor lungo (longer)."
recertification,2.06,1,The act or process of recertifying.
naptime,2.06,1,The time when one takes a short sleep.
bouton,2.06,1,"A bud-like swelling, especially one at the end of an axon."
boudin,2.06,3,"A kind of blood sausage in French, Belgian, Luxembourgish and related cuisines."
enablement,2.06,1,The act of enabling.
sando,2.06,3,Sandwich.
sater,2.06,1,That which sates.
loanee,2.06,2,borrower; someone who is loaned something
visite,2.06,1,"A light cape or short cloak made of silk or lace, formerly worn by women in summer."
restrictor,2.06,1,Anything that restricts
agarose,2.06,1,A polymeric cross-linked polysaccharide extracted from the seaweed agar; used to make gels that are used in electrophoresis.
chikara,2.06,3,An Indian antelope (Gazella bennettii).
chillout,2.06,2,"A period of quiet, rest and relaxation, especially after a party, etc."
ifrit,2.06,3,A kind of djinn mentioned in the Qur'an.
snicket,2.06,1,A narrow passage or alley.
tweek,2.06,1,A form of atmospherics (radio interference) produced when the high-frequency components reach the receiver before the low-frequency components.
aimer,2.06,1,One who aims; one who is responsible for aiming.
paver,2.06,3,"A flat stone used to pave a pathway, such as a walkway to one's home."
jihadism,2.06,1,The ideological movement within modern Islamism that advocates armed jihad and hostility against non-believers.
splish,2.06,1,A light splashing sound.
ceramide,2.06,1,Any of various lipids formed by linking a fatty acid to sphingosine and found widely but in small amounts in plant and animal tissue
incall,2.06,2,"A visit by a client to a provider of some service, such as a massage therapist or a prostitute."
shapewear,2.06,1,"Foundation garments, designed to hold a part of the body in a particular form."
programm,2.05,1,Same as programme.
malum,2.05,2,An evil or wrongdoing.
rimfire,2.05,1,"A type of firearm cartridge where the primer is in the back rim, rather than a central primer cap. They are cheap to produce but cannot be reloaded with powder."
futur,2.05,1,A fiancé.
beastmaster,2.05,3,A character in video games who fights monsters and other creatures.
sucralose,2.05,1,"A selectively chlorinated sucrose, used as an artificial sweetener."
malling,2.05,2,the transformation of a district by building shopping malls
preprocessing,2.05,2,The act of processing beforehand.
pomodoro,2.05,3,A variety of pear-shaped tomato from Italy; San Marzano tomato.
preprocessor,2.05,1,program that processes its input data to produce output that is used as input to another program
hominin,2.05,1,"Any member of the taxonomic tribe Hominini, the evolutionary group that includes modern humans and now-extinct bipedal relatives."
flossie,2.05,1,"A sexually promiscuous person (usually a woman); a sex worker, prostitute."
cogito,2.05,1,"The argument ""cogito, ergo sum"" (""I think therefore I am"") from the philosophy of René Descartes; the mental act of thinking this thought; a conscious being which performs this mental act."
pronotum,2.05,1,The dorsal plate of the prothorax in insects
bichon,2.05,2,Any of a class of toy dogs with curly or wavy hair and long curled tails.
sunland,2.05,1,A sunny region or landscape.
morra,2.05,1,A game in which two (or more) players each suddenly display a hand showing zero to five fingers and call out what they think will be the sum of all fingers shown.
mukti,2.05,1,"Feminine synonym of masculine substantive noun मोक्ष (mokṣa, “liberation”)."
semigroup,2.05,1,Any set for which there is a binary operation that is closed and associative.
shahin,2.05,1,The shaheen falcon.
kugel,2.05,3,"A traditional savoury or sweet Jewish dish consisting of a baked pudding of pasta, potatoes, or rice, with vegetables, or raisins and spices."
serotype,2.05,1,A group of microorganisms characterised by a specific set of antigens.
tanuki,2.05,3,"A raccoon dog, Nyctereutes viverrinus."
novum,2.05,3,"A new feature, a novelty."
novela,2.05,1,A Latin American soap opera.
cinerea,2.05,1,The grey matter of the brain
ligase,2.05,1,Any of a group of enzymes that catalyze the binding of two molecules; synthetase.
brachytherapy,2.05,1,"Radiotherapy using radioactive sources positioned within (or close to) the treatment volume, typically with radiopharmaceuticals as opposed to external-beam sources."
targum,2.05,1,An Aramaic translation of the Tanakh written or compiled between the Second Temple period and the early Middle Ages.
doujin,2.05,2,A product produced and sold independently of corporations (in Japan); an indie work.
amaru,2.05,1,A double-headed serpent in Inca and other Andean mythology.
jetson,2.05,1,jetsam
chondroitin,2.05,1,"Any of a range of mucopolysaccharides, derived from galactosamine and glucuronic acid, that occur in cartilage and bone."
ragini,2.05,1,The feminine counterpart of a raga in Indian music.
hostname,2.05,3,The unique name by which any device attached to a computer network is known.
yersinia,2.05,1,"A Gram-negative bacterium, of the genus Yersinia, that is an etiological agent of several diseases in animals and humans, notably Yersinia pestis, which causes bubonic plague."
childline,2.05,1,A telephone counselling service for children and young people.
piedra,2.05,1,A hair disease caused by a fungus.
hench,2.05,3,"The narrow side of chimney stack, a haunch."
cursus,2.05,5,A course; a journey or progression.
alliant,2.05,1,An ally; a confederate.
abend,2.05,2,The abnormal termination of a program.
randomizer,2.04,2,"One who, or that which, randomizes (often practically extended to pseudorandomization as well)."
degen,2.04,2,Sword.
pacifico,2.04,1,A peaceful native in Cuba or the Philippines who did not oppose Spanish colonization.
townsite,2.04,1,"In former British colonies, a tract of land authorized to be developed as a town and then surveyed and marked out with streets."
torta,2.04,5,"A sandwich, served either hot or cold, on an oblong white sandwich roll, derived from Mexican cuisine."
optoelectronics,2.04,1,"The branch of physics that deals with the interaction of light with electronic devices, or the production of light from such devices"
tawhid,2.04,1,The central Islamic doctrine of God's divine unity.
concho,2.04,1,A silver ornament either stamped with a design or inlaid with a stone.
failover,2.04,1,"An automatic switch to a secondary system on failure of the primary system, such as a means for ensuring high availability of some critical resource (such as a computer system), involving a parallel b"
fearmongering,2.04,1,The act of spreading needless fear; exaggerating purported threats in order to incite fear.
backlink,2.04,3,A hyperlink to a webpage from an external website.
asiago,2.04,1,A hard Italian cheese similar to Parmesan.
toymaker,2.04,1,A craftsman who makes toys.
nyanza,2.04,1,A lake (in Africa).
jizya,2.04,1,"A per capita tax levied on a section of an Islamic state's non-Muslim citizens, who meet certain criteria."
pierogi,2.04,1,"A square- or crescent-shaped dumpling of unleavened dough, stuffed with sauerkraut, cheese, mashed potatoes, cabbage, onion, meat, or any combination of these, or with a fruit filling."
grindcore,2.04,1,"A fusion genre of extreme metal and hardcore punk, incorporating aggressive guitar riffs; extremely rapid drumming; and loud, largely unintelligible screaming."
flatscreen,2.04,2,A screen of this kind.
lipopolysaccharide,2.04,1,Any of a large class of lipids conjugated with polysaccharides
sarma,2.04,2,A dumpling of minced meat and other ingredients wrapped in a leaf (grape or cabbage).
maddock,2.04,1,An earthworm or maggot.
blankie,2.04,1,"A blanket, especially one used as a security blanket."
gurdy,2.04,1,A manual crank used on fishing lines
sanga,2.04,1,Sandwich.
bhajan,2.04,1,A type of Indian devotional song.
rueda,2.04,1,A kind of salsa round dance.
malle,2.04,1,"A heavy hammer or beetle, often made of wood or lead."
webstore,2.04,1,A sales outlet which supplies goods or services over the World Wide Web.
ritsu,2.04,1,"An anhemitonic pentatonic scale used in a Japanese Buddhist chant, and built up by intervals of major second, minor third, major second, major second, minor third."
monophosphate,2.04,1,any compound containing a single phosphate unit
carnitas,2.04,1,"A Mexican dish of strips or chunks of pork (or sometimes other meat) which are braised or roasted, especially in their own fat."
upliftment,2.04,1,Lifting up; elevation or promotion.
peroxidation,2.04,2,"Any oxidation reaction, especially of an oxide, that produces a peroxide."
dashi,2.04,1,"A type of soup or cooking stock, often made from kelp."
tinley,2.04,1,"A torch, made from burning straw, supposed to represent the burning of souls"
cheeseman,2.04,1,A man who makes cheese.
shama,2.04,1,"Copsychus malabaricus (white-rumped shama), a saxicoline songbird of India, glossy black with a white rump and brown underparts, and six other species in genus Copsychus."
kanban,2.04,3,"A card containing a set of manufacturing specifications and requirements, used to regulate the supply of components."
bupropion,2.04,1,An antidepressant drug which is also given to relieve the symptoms of nicotine withdrawal.
servlet,2.04,1,A Java program running on an Internet server that generates web content dynamically in response to requests from clients.
tumorigenesis,2.04,2,Production of a new tumor or tumors.
farro,2.03,1,Emmer wheat (Triticum turgidum).
doujinshi,2.03,1,A fan-produced book or magazine of Japanese fiction; especially manga.
multithreading,2.03,1,The use of multithreaded code.
neisseria,2.03,1,Any of several Gram-negative bacteria of the genus Neisseria.
backstab,2.03,1,An act of backstabbing.
recueil,2.03,1,"compendium, literary compilation"
rerelease,2.03,1,A rereleased item.
artbook,2.03,2,"A book about art, particularly concept art for an animated media production."
octopussy,2.03,1,An octopus.
paedo,2.03,2,A paedophile.
anglaise,2.03,1,A kind of English country dance.
parklife,2.03,1,The lifestyle and culture of parkgoers.
darkling,2.03,4,Darkness.
nicotinamide,2.03,1,The amide of nicotinic acid (or niacin).
comitatus,2.03,2,A group of warriors or nobles accompanying a king or other leader.
salto,2.03,1,A somersault.
gestion,2.03,1,"The act of managing, conducting or administrating something."
chiro,2.03,2,A chiropractor.
sangeet,2.03,1,A gathering for the purpose of singing songs; a musical ceremony.
ciphertext,2.03,1,Encoded or encrypted text.
supertramp,2.03,1,A creature of organism that disperses widely and is not adapted to any specific environment.
menton,2.03,1,The lowest point of the chin / mandibular symphysis.
extinguishment,2.03,2,"The act of extinguishing, putting out, or quenching, or the state of being extinguished."
makeout,2.03,1,An act of making out; passionate kissing or petting.
ruleset,2.03,1,A set of rules.
balaban,2.03,1,An Azerbaijani wind instrument made of wood.
halligan,2.03,1,"A tool, used mostly by firemen, to pry open buildings, manholes, wrecked cars, etc."
varroa,2.03,1,"Infestation with the mite Varroa destructor, or the disease caused by such mites."
sheetrock,2.03,1,"A building material comprising a sheet of gypsum sandwiched between two pieces of heavy paper, used mainly for interior walls and ceilings; drywall."
spinosaurus,2.03,1,"A large, extinct, carnivorous dinosaur of genus †Spinosaurus, with a long snout like that of a crocodile and with a sail on its back. It is considered to be the largest theropod dinosaur."
lasing,2.03,1,The application of a laser beam.
laserjet,2.03,1,A laser printer.
campagna,2.03,1,A flat stretch of countryside; open rural plain.
interweb,2.03,1,The Internet.
ultraviolence,2.03,1,"Unnecessary, unprovoked (usually brutal) violence; violent acts simply for the thrill and entertainment of it."
herstory,2.03,3,"History that emphasizes the role of women, or that is told from a woman's (or from a feminist) point of view."
caretaking,2.03,2,The act of taking care or taking charge of something.
casse,2.03,1,"A fault in wine, caused by an enzyme, making it turn from red to brown, or white to yellow, on exposure to air."
unicom,2.03,1,An air-ground communication facility operated by a private agency (not air traffic control) to provide advice at uncontrolled aerodromes and airports and to provide non-flight services such as request
carboxy,2.03,1,The carboxyl group.
pidge,2.03,2,A pigeonhole.
skittering,2.02,1,The act of one who skitters.
skydome,2.02,1,"A sphere or hemisphere with a texture on its inner face, used to simulate the sky or similar backdrop around a three-dimensional playfield."
signoria,2.02,1,"lordship, especially in medieval Italian city states"
jolley,2.02,2,One who jigs.
arche,2.02,1,"The first principle of existing things in pre-Socratic philosophy, initially assumed to be of water."
worldbuilding,2.02,3,"The conception and description of a fictional world, often as the setting of a work of fiction, particularly in speculative fiction."
palenque,2.02,1,A community of runaway slaves.
outshot,2.02,1,An extension to a building.
workrate,2.02,1,The rate at which work is performed.
cribbing,2.02,5,"The members used to build a (structural) crib, usually of timbers or logs, but also of concrete, steel or even plastic; cribwork."
distributable,2.02,2,Any of the costs that are not directly associated with a specific account.
neera,2.02,1,"A sweet sap extracted from the inflorescence of various species of toddy palm and widely consumed in India and other Asian countries, sometimes fermented to produce toddy."
kingslayer,2.02,1,One who kills a king.
centeredness,2.02,2,The state of being centered.
southbridge,2.02,1,A secondary microchip connected to the CPU only through the northbridge.
excimer,2.02,1,Any diatomic exciplex
transcoding,2.02,1,A conversion between encodings.
shellie,2.02,1,A small or miniature shell.
vario,2.02,1,Variometer
kokoda,2.02,1,"A Fijian dish of raw fish marinated in citrus juice (especially lime or lemon), typically mixed with coconut cream, onions, chillies, and tomatoes; the Fijian version of ceviche."
urbano,2.02,1,An umbrella term for various popular Latin American music genres.
whitebeard,2.02,1,An old man; a greybeard.
riverdance,2.02,1,A theatrical show based on traditional Irish music and dance.
minifigure,2.02,1,"A small figure of a person, especially in toys such as Lego."
whare,2.02,2,A Maori house or other building.
moonbase,2.02,1,A base or outpost located on a moon.
moorman,2.02,1,A man who lives on or around the moors.
ristorante,2.02,1,An Italian restaurant.
benihana,2.02,1,"An aerial trick where one hand grabs the tail of the board, and the back foot is released from the board."
sheth,2.02,1,The bar on a plough which projects downward beneath the beam to connect to the sole.
hospitalist,2.02,2,A hospitaller.
microcredit,2.02,2,"The practice of making very small loans, especially to poor people to promote self-employment; microlending."
lineout,2.02,3,A set piece where the hooker throws the ball into play between a row of players from each team.
kumara,2.02,1,The sweet potato.
fadeaway,2.02,3,"An instance of fading away, of diminishing in proximity or intensity."
warfighting,2.02,1,The fighting of a war.
fursona,2.02,1,"An animal character, typically anthropomorphic, used to represent oneself online or in furry role-playing."
circuiting,2.02,1,circuitous movement
folklife,2.02,1,Folklore; those cultural traditions passed down orally or informally.
flippy,2.02,2,A flippy disk.
glaucus,2.02,2,"Any member of the genus Glaucus of nudibranchiate mollusks, found in the warmer latitudes, swimming in the open sea, strikingly colored with blue and silvery white."
grindhouse,2.02,1,A low-budget film theater that shows primarily exploitation films
herdman,2.02,1,Someone who herds animals; a herdsman.
localhost,2.02,1,"The computer being used locally, contrasted with remote computers elsewhere on a network."
powerbomb,2.02,1,A professional wrestling throw in which an opponent is lifted up (usually so that they are sitting on the wrestler's shoulders) and then slammed back-first down to the mat.
thema,2.02,1,A subject or theme.
cyberwarfare,2.02,1,"Warfare taking place on the Internet, as by disrupting critical online services."
cyclization,2.02,2,"The process of cyclizing, of becoming or causing to become aromatic."
diener,2.02,1,"A morgue worker responsible for handling, moving, and cleaning the corpse."
pendejo,2.01,1,A stupid person.
humbucker,2.01,1,"A pickup, on an electric guitar, that has a pair of coils of reverse polarity connected in series in order to reduce buzzing noise caused by mains frequency."
halloumi,2.01,1,"A traditional cheese from Cyprus, made from goat's and/or sheep's milk."
kercher,2.01,1,A bandana.
merkin,2.01,4,"A woman's pubic wig. Worn for nude stage appearances and by women, originally after shaving their pubic hair to eliminate lice or for other reasons, now often as a fashion item."
superdrug,2.01,1,An especially potent or effective drug.
hoose,2.01,1,house
chala,2.01,1,"Croton scouleri, a tree native to the Galapagos."
kringle,2.01,1,"A Scandinavian pastry, a variety of pretzel."
malwa,2.01,1,"beer made with millet, common in Africa"
mahila,2.01,1,Woman or women.
methoxy,2.01,1,The univalent radical CH₃-O- derived from methanol
megamind,2.01,1,A mind that is composed of other minds nested within it.
godman,2.01,1,A charismatic male guru.
subcarrier,2.01,1,"A separate signal carried on a main radio transmission, often carrying additional information such as voice or data."
botrytis,2.01,1,"Any fungus of the genus Botrytis, especially Botrytis cinerea which is responsible for the formation of noble rot on grapes."
toxoplasma,2.01,1,Any member of the genus Toxoplasma of parasitic sporozoans.
epoxide,2.01,2,"Any of a class of organic compound, cyclic ethers, having a three-membered ring; they are prepared by the selective oxidation of alkenes or by ring-closure of halohydrins; used to make plastics."
nanga,2.01,1,A simple wooden harp or zither used in central and eastern Africa.
widdle,2.01,2,Urine.
debye,2.01,1,"The CGS unit of electric dipole moment, defined as 1 D = 10⁻¹⁸ statcoulomb-centimetre and computable from the SI unit coulomb-metre by multiplying by the factor 3.33564 × 10⁻³⁰."
arber,2.01,1,One who engages in arbitrage; an arbitrageur.
apolipoprotein,2.01,1,Any polypeptide or protein that can serve as an apoprotein by binding with a lipid to form a lipoprotein.
pandan,2.01,2,"A screw pine, screw palms (Pandanus spp.)."
panko,2.01,1,"Coarse, dry breadcrumbs used in Japanese cuisine."
carbamazepine,2.01,1,"A synthetic compound of the benzodiazepine class, used as an anticonvulsant and analgesic drug."
zoomer,2.01,6,That which zooms.
perine,2.01,1,A sporoderm layer surrounding the exine of many spores
yager,2.01,2,"A heavy, muzzle-loading hunting rifle"
prest,2.01,5,A payment of wages in advance
abseiling,2.01,1,The process or act of abseiling.
topline,2.01,5,"The upper curvature of a horse's or dog's withers, back, and loin."
alvar,2.01,1,A limestone pavement.
orval,2.01,1,"A sage, of species Salvia viridis."
cannabidiol,2.01,1,A nonintoxicating cannabinoid found in the hemp plant Cannabis sativa.
infectivity,2.01,1,The ability of a pathogen to establish an infection
counterstrike,2.01,1,The tactic of counterattacking.
tafsir,2.01,1,"A grammatical, historical, allegorical and/or traditional interpretation of the Qur'an."
muthafucka,2.01,1,motherfucker
taqueria,2.01,1,A restaurant specializing in tacos and other Mexican food.
neuropeptide,2.01,1,"Any of several peptides, such as endorphins, that function as neurotransmitters."
remapping,2.01,1,A new mapping.
cerrado,2.01,2,A type of tropical savanna biome found in much of central Brazil and parts of Paraguay.
emeril,2.01,2,emery
bankside,2.01,1,The land by a riverbank.
beardy,2.01,5,A bearded person or animal:
wellbore,2.01,1,The hole produced when drilling an oil or gas well.
barfi,2.01,1,"An Indian dessert made from sweetened, condensed milk flavoured with fruit and spices."
kalamata,2.01,1,kalamata olive
hamsa,2.0,1,The Hand of Fatima.
stripey,2.0,2,"A marine fish found from Australia to Hawaii and Japan, Microcanthus strigosus, which is sometimes kept in aquaria."
fumarate,2.0,1,Any salt or ester of fumaric acid; they are produced in the body as part of the urea cycle.
beemer,2.0,1,A BMW motorcycle or automobile.
bemba,2.0,1,A type of folk drum used in Trinidad and Tobago.
broadhead,2.0,1,"A flat arrowhead with razor-sharp sides, intended to kill prey by causing severe bleeding."
softshell,2.0,2,A softshell turtle (Trionychidae).
rother,2.0,2,"A horned animal, especially an ox."
kirtan,2.0,1,A call-and-response chant performed in India's devotional traditions.
lassi,2.0,1,A drink made with yogurt diluted with water and flavoured with salt or fruit juice.
lifeform,2.0,1,Any specific living organism.
levan,2.0,1,A homopolysaccharide composed of D-fructofuranosyl.
vinyasa,2.0,2,"The transition between poses executed in succession, often timed with regular breathing."
citalopram,2.0,1,A drug that functions as a SSRI and is administered orally in the form of its hydrobromide C₂₀H₂₁FN₂O·HBr to treat depression and anxiety. It is marketed under the trademark Celexa.
sangiovese,2.0,2,Either of two grape varieties grown in Tuscany and Romagna.
biggy,2.0,4,Something large in size in comparison to similar things.
seleucid,2.0,1,Any member of the Seleucidae.
playland,2.0,1,An area of free recreation
absurdum,2.0,1,An illogical conclusion or state.
danna,2.0,2,Human feces.
phospholipase,2.0,1,Any of several enzymes that hydrolyze the phosphate ester bonds of phospholipids.
paulin,2.0,1,A tarpaulin.
idiocracy,2.0,2,A government run by idiots.
smokie,2.0,2,"A type of smoked sausage, often used for hot dogs."
moringa,2.0,1,"Any of several trees, of genus Moringa, that grow in tropical and subtropical India and Africa."
rituximab,2.0,1,A chimeric monoclonal antibody (trademark Rituxan) administered by intravenous injection especially to treat non-Hodgkin lymphoma and chronic lymphocytic leukemia by binding to the protein CD20 found 
enneagram,2.0,2,A nine-pointed stellate polygon
sicario,2.0,1,"hitman, hired killer (especially when referring to Latin American drug cartels)"
sieving,2.0,2,The act of passing something through a sieve.
microscale,2.0,3,A very small or microscopic scale.
mithril,2.0,1,"A fictional silvery metal of great strength and value, primarily in fantasy and role-playing settings."
rikishi,2.0,1,A sumo wrestler.
mortier,2.0,1,A cap of state worn by legal functionaries in France.
motherfuck,2.0,2,A motherfucker.
riegel,2.0,1,A transverse ridge of bedrock that has been exposed by glacial erosion.
caballo,2.0,1,A horse.
shafter,2.0,1,One who or that which shafts.
kodama,2.0,1,A type of Japanese tree spirit.
ustad,2.0,1,"a master, especially of music, in South Asia and the Middle East"
ascorbate,2.0,1,Any salt or ester of ascorbic acid.
artha,2.0,1,"One of the four aims of human life in Indian philosophy, along with dharma (righteousness), kama (desire), and moksha (liberation). The concept is variously translated, with translations including ""me"
ashman,2.0,1,One employed to collect ash.
unibrow,2.0,1,A pair of eyebrows which meet in the middle.
overclock,2.0,1,The act of overclocking.
terai,2.0,2,"A belt of marshy land, which lies between the foothills of the Himalayas and the plains."
telemovie,2.0,1,A feature film produced and originally distributed by a television network.
dimerization,2.0,1,Any chemical reaction in which two monomers react to form a dimer.
edtech,2.0,2,"Educational technology, that is, technology (usually information technology) that is focused on education."
calmodulin,2.0,1,A calcium-binding protein found in all nucleated cells
amphibia,2.0,1,The amphibians.
phentermine,2.0,1,An appetite suppressant of the amphetamine and phenethylamine classes.
porcini,2.0,1,"An edible mushroom (Boletus edulis), prized for its flavor."
