noun,zipf,tier,senses,lexfile,register,domain,in_wn30,also_proper_noun,recommended,excluded_because,definition
much,6.0,CORE,1,noun.quantity,GENERAL,,True,False,False,not in Wiktionary,a great amount or extent
am,5.78,CORE,1,noun.time,GENERAL,,False,True,False,not in Wiktionary,the period between midnight and noon
few,5.6,CORE,1,noun.group,GENERAL,,True,False,False,not in Wiktionary,a small elite group
d,5.46,CORE,1,noun.communication,GENERAL,,False,True,False,not in Wiktionary,the 4th letter of the Roman alphabet
lost,5.39,CORE,1,noun.group,GENERAL,,True,False,False,not in Wiktionary,people who are destined to die soon
b,5.35,CORE,2,noun.quantity,TEC,nuclear physics,False,True,False,not in Wiktionary,(physics) a unit of nuclear cross section; the effective circular area that one particle presents to another as a target for an encounter
r,5.35,CORE,2,noun.communication,GENERAL,,False,True,False,not in Wiktionary,the 18th letter of the Roman alphabet
million,5.33,CORE,2,noun.quantity,GENERAL,,True,False,False,not in Wiktionary,the number that is represented as a one followed by 6 zeros
x,5.2,CORE,1,noun.communication,GENERAL,,False,True,False,not in Wiktionary,the 24th letter of the Roman alphabet
leaving,4.98,COMMON,1,noun.act,GENERAL,,True,False,False,not in Wiktionary,the act of departing
billion,4.75,COMMON,3,noun.quantity,GENERAL,,True,False,False,not in Wiktionary,the number that is represented as a one followed by 12 zeros; in the United Kingdom the usage followed in the United States is frequently seen
thousand,4.64,COMMON,1,noun.quantity,GENERAL,,True,False,False,not in Wiktionary,the cardinal number that is the product of 10 and 100
chosen,4.61,COMMON,2,noun.person,GENERAL,,True,True,False,not in Wiktionary,one who is the object of choice; who is given preference
causing,4.53,COMMON,1,noun.act,GENERAL,,True,False,False,not in Wiktionary,the act of causing something to happen
z,4.47,COMMON,1,noun.communication,GENERAL,,False,True,False,not in Wiktionary,the 26th letter of the Roman alphabet
km,4.37,COMMON,1,noun.quantity,GENERAL,,True,False,False,not in Wiktionary,a metric unit of length equal to 1000 meters (or 0.621371 miles)
cd,4.36,COMMON,1,noun.quantity,GENERAL,,True,True,False,not in Wiktionary,"the basic unit of luminous intensity adopted under the Systeme International d'Unites; equal to 1/60 of the luminous intensity per square centimeter of a black body radiating at the temperature of 2,046 degrees Kelvin"
reducing,4.36,COMMON,2,noun.process,GENERAL,,True,False,False,not in Wiktionary,any process in which electrons are added to an atom or ion (as by removing oxygen or adding hydrogen); always occurs accompanied by oxidation of the reducing agent
wounded,4.32,COMMON,1,noun.group,GENERAL,,True,False,False,not in Wiktionary,people who are wounded
cm,4.27,COMMON,1,noun.quantity,GENERAL,,True,True,False,not in Wiktionary,a metric unit of length equal to one hundredth of a meter
defeated,4.17,COMMON,1,noun.group,GENERAL,,True,False,False,not in Wiktionary,people who are defeated
replacing,4.15,COMMON,1,noun.act,GENERAL,,True,False,False,not in Wiktionary,the act of furnishing an equivalent person or thing in the place of another
comparing,4.13,COMMON,1,noun.act,GENERAL,,True,False,False,not in Wiktionary,the act of examining resemblances
governing,4.12,COMMON,1,noun.act,GENERAL,,True,False,False,not in Wiktionary,the act of governing; exercising authority
nowadays,4.11,COMMON,1,noun.time,GENERAL,,True,False,False,not in Wiktionary,the period of time that is happening now; any continuous stretch of time including the moment of speech
investigating,4.08,COMMON,1,noun.act,GENERAL,,True,False,False,not in Wiktionary,the work of inquiring into something thoroughly and systematically
kg,4.08,COMMON,1,noun.quantity,GENERAL,,True,False,False,not in Wiktionary,one thousand grams; the basic unit of mass adopted under the Systeme International d'Unites
sr,4.03,COMMON,1,noun.quantity,GENERAL,,True,True,False,not in Wiktionary,the unit of solid angle adopted under the Systeme International d'Unites
solving,3.99,FAMILIAR,1,noun.act,GENERAL,,True,False,False,not in Wiktionary,finding a solution to a problem
expose,3.98,FAMILIAR,1,noun.communication,GENERAL,,True,False,False,not in Wiktionary,the exposure of an impostor or a fraud
defining,3.96,FAMILIAR,1,noun.process,GENERAL,,True,False,False,not in Wiktionary,any process serving to define the shape of something
sixteen,3.95,FAMILIAR,1,noun.quantity,GENERAL,,True,False,False,not in Wiktionary,the cardinal number that is the sum of fifteen and one
troy,3.95,FAMILIAR,1,noun.quantity,GENERAL,,True,True,False,not in Wiktionary,a system of weights used for precious metals and gemstones; based on a 12-ounce pound and an ounce of 480 grains
pursued,3.89,FAMILIAR,1,noun.person,GENERAL,,True,False,False,not in Wiktionary,a person who is being chased
dm,3.88,FAMILIAR,1,noun.quantity,GENERAL,,True,False,False,not in Wiktionary,a metric unit of length equal to one tenth of a meter
damned,3.87,FAMILIAR,1,noun.group,GENERAL,,True,False,False,not in Wiktionary,people who are condemned to eternal punishment
seventeen,3.87,FAMILIAR,1,noun.quantity,GENERAL,,True,False,False,not in Wiktionary,the cardinal number that is the sum of sixteen and one
atm,3.85,FAMILIAR,1,noun.quantity,GENERAL,,True,False,False,not in Wiktionary,a unit of pressure: the pressure that will support a column of mercury 760 mm high at sea level and 0 degrees centigrade
cl,3.85,FAMILIAR,1,noun.quantity,GENERAL,,True,True,False,not in Wiktionary,a metric unit of volume equal to one hundredth of a liter
governed,3.85,FAMILIAR,1,noun.group,GENERAL,,True,False,False,not in Wiktionary,the body of people who are citizens of a particular government
ira,3.84,FAMILIAR,1,noun.act,GENERAL,,True,False,False,not in Wiktionary,belligerence aroused by a real or supposed wrong (personified as one of the deadly sins)
hm,3.82,FAMILIAR,1,noun.quantity,GENERAL,,True,False,False,not in Wiktionary,a metric unit of length equal to 100 meters
eighteen,3.81,FAMILIAR,1,noun.quantity,GENERAL,,True,False,False,not in Wiktionary,the cardinal number that is the sum of seventeen and one
acquiring,3.8,FAMILIAR,1,noun.act,GENERAL,,True,False,False,not in Wiktionary,the act of acquiring something
cautious,3.79,FAMILIAR,1,noun.group,GENERAL,,True,False,False,not in Wiktionary,people who are fearful and cautious
seventy,3.78,FAMILIAR,1,noun.quantity,GENERAL,,True,False,False,not in Wiktionary,the cardinal number that is the product of ten and seven
communicating,3.77,FAMILIAR,1,noun.communication,GENERAL,,True,False,False,not in Wiktionary,the activity of communicating; the activity of conveying information
doomed,3.77,FAMILIAR,1,noun.group,GENERAL,,True,False,False,not in Wiktionary,people who are destined to die soon
eighty,3.75,FAMILIAR,1,noun.quantity,GENERAL,,True,False,False,not in Wiktionary,the cardinal number that is the product of ten and eight
supplying,3.75,FAMILIAR,1,noun.act,GENERAL,,True,False,False,not in Wiktionary,the activity of supplying or providing something
chased,3.74,FAMILIAR,1,noun.person,GENERAL,,True,False,False,not in Wiktionary,a person who is being chased
retarded,3.73,FAMILIAR,1,noun.group,GENERAL,,True,False,False,not in Wiktionary,people collectively who are mentally retarded
sherlock,3.73,FAMILIAR,1,noun.person,GENERAL,,True,False,False,not in Wiktionary,someone who can be employed as a detective to collect information and assist in criminal investigations
installing,3.71,FAMILIAR,1,noun.act,GENERAL,,True,False,False,not in Wiktionary,the act of installing something (as equipment)
ninety,3.71,FAMILIAR,1,noun.quantity,GENERAL,,True,False,False,not in Wiktionary,the cardinal number that is the product of ten and nine
urging,3.68,FAMILIAR,3,noun.communication,GENERAL,,True,False,False,not in Wiktionary,a verbalization that encourages you to attempt something
frightening,3.67,FAMILIAR,1,noun.act,SPECIAL,terrorism,True,False,False,not in Wiktionary,the act of inspiring with fear
nineteen,3.59,FAMILIAR,1,noun.quantity,GENERAL,,True,False,False,not in Wiktionary,the cardinal number that is the sum of eighteen and one
informing,3.58,FAMILIAR,2,noun.communication,GENERAL,,True,False,False,not in Wiktionary,to furnish incriminating evidence to an officer of the law (usually in return for favors)
needy,3.58,FAMILIAR,1,noun.group,GENERAL,,True,False,False,not in Wiktionary,needy people collectively
insisting,3.55,FAMILIAR,1,noun.communication,GENERAL,,True,False,False,not in Wiktionary,continual and persistent demands
regulating,3.55,FAMILIAR,1,noun.act,GENERAL,,True,False,False,not in Wiktionary,the act of controlling or directing according to rule
depicting,3.54,FAMILIAR,1,noun.cognition,GENERAL,,True,False,False,not in Wiktionary,a representation by picture or portraiture
executing,3.54,FAMILIAR,1,noun.act,GENERAL,,True,False,False,not in Wiktionary,putting a condemned person to death
jonah,3.53,FAMILIAR,1,noun.person,GENERAL,,True,True,False,not in Wiktionary,a person believed to bring bad luck to those around them
honoring,3.52,FAMILIAR,1,noun.act,GENERAL,,True,False,False,not in Wiktionary,conformity with law or custom or practice etc.
integrating,3.52,FAMILIAR,1,noun.act,GENERAL,,True,False,False,not in Wiktionary,the action of incorporating a racial or religious group into a community
waterloo,3.52,FAMILIAR,1,noun.event,GENERAL,,True,True,False,not in Wiktionary,a final crushing defeat
anterior,3.51,FAMILIAR,1,noun.body,MED,,True,False,False,not in Wiktionary,a tooth situated at the front of the mouth
inducing,3.48,FAMILIAR,1,noun.act,GENERAL,,True,False,False,not in Wiktionary,act of bringing about a desired result
appalling,3.46,FAMILIAR,1,noun.event,GENERAL,,True,False,False,not in Wiktionary,an experience that appalls
composing,3.44,FAMILIAR,2,noun.attribute,GENERAL,,True,False,False,not in Wiktionary,the spatial property resulting from the arrangement of parts in relation to each other and to the whole
exporting,3.43,FAMILIAR,1,noun.act,GENERAL,,True,False,False,not in Wiktionary,the commercial activity of selling and shipping goods to a foreign country
importing,3.43,FAMILIAR,1,noun.act,GENERAL,,True,False,False,not in Wiktionary,the commercial activity of buying and bringing in goods from a foreign country
locating,3.43,FAMILIAR,2,noun.act,GENERAL,,True,False,False,not in Wiktionary,the act of putting something in a certain place
bartlett,3.39,FAMILIAR,1,noun.food,GENERAL,,True,True,False,not in Wiktionary,juicy yellow pear
mei,3.39,FAMILIAR,1,noun.plant,BIO,,True,False,False,not in Wiktionary,Japanese ornamental tree with fragrant white or pink blossoms and small yellow fruits
retreated,3.38,FAMILIAR,1,noun.group,GENERAL,,True,False,False,not in Wiktionary,people who have retreated
vending,3.37,FAMILIAR,1,noun.act,GENERAL,,True,False,False,not in Wiktionary,the act of selling goods for a living
baffled,3.36,FAMILIAR,1,noun.group,GENERAL,,True,False,False,not in Wiktionary,people who are frustrated and perplexed
emphasizing,3.36,FAMILIAR,1,noun.act,GENERAL,,True,False,False,not in Wiktionary,the act of giving special importance or significance to something
approving,3.34,FAMILIAR,1,noun.act,GENERAL,,True,False,False,not in Wiktionary,the formal act of approving
motivating,3.34,FAMILIAR,1,noun.act,GENERAL,,True,False,False,not in Wiktionary,the act of motivating; providing incentive
portraying,3.33,FAMILIAR,1,noun.cognition,GENERAL,,True,False,False,not in Wiktionary,a representation by picture or portraiture
supervising,3.32,FAMILIAR,1,noun.act,GENERAL,,True,False,False,not in Wiktionary,management by overseeing the performance or operation of a person or group
assigning,3.28,FAMILIAR,1,noun.act,GENERAL,,True,False,False,not in Wiktionary,the act of distributing something to designated places or persons
lm,3.27,FAMILIAR,1,noun.quantity,GENERAL,,True,False,False,not in Wiktionary,a unit of luminous flux equal to the amount of light given out through a solid angle of 1 steradian by a point source of 1 candela intensity radiating uniformly in all directions
vanishing,3.27,FAMILIAR,2,noun.event,GENERAL,,True,False,False,not in Wiktionary,a sudden or mysterious disappearance
activating,3.26,FAMILIAR,1,noun.act,GENERAL,,True,False,False,not in Wiktionary,the activity of causing to have energy and be active
kosher,3.26,FAMILIAR,1,noun.food,GENERAL,,True,False,False,not in Wiktionary,food that fulfills the requirements of Jewish dietary law
ahem,3.25,FAMILIAR,1,noun.communication,GENERAL,,True,False,False,not in Wiktionary,"the utterance of a sound similar to clearing the throat; intended to get attention, express hesitancy, fill a pause, hide embarrassment, warn a friend, etc."
timid,3.25,FAMILIAR,1,noun.group,GENERAL,,True,False,False,not in Wiktionary,people who are fearful and cautious
kneel,3.24,FAMILIAR,1,noun.act,GENERAL,,True,False,False,not in Wiktionary,supporting yourself on your knees
marseille,3.24,FAMILIAR,1,noun.artifact,GENERAL,,True,True,False,not in Wiktionary,strong cotton fabric with a raised pattern; used for bedspreads
peeing,3.24,FAMILIAR,1,noun.process,MED,sexual activity;body waste,True,False,False,not in Wiktionary,informal terms for urination
hg,3.23,FAMILIAR,1,noun.quantity,GENERAL,,True,True,False,not in Wiktionary,100 grams
leaping,3.23,FAMILIAR,1,noun.act,GENERAL,,True,False,False,not in Wiktionary,"a light, self-propelled movement upwards or forwards"
anatomical,3.21,FAMILIAR,1,noun.communication,GENERAL,,True,False,False,not in Wiktionary,an expression that relates to anatomy
laguna,3.21,FAMILIAR,1,noun.object,GENERAL,,True,False,False,not in Wiktionary,a body of water cut off from a larger body by a reef of sand or coral
pave,3.21,FAMILIAR,1,noun.artifact,GENERAL,,True,False,False,not in Wiktionary,a setting with precious stones so closely set that no metal shows
dg,3.2,FAMILIAR,1,noun.quantity,GENERAL,,True,False,False,not in Wiktionary,1/10 gram
britt,3.18,FAMILIAR,2,noun.animal,BIO,,True,False,False,not in Wiktionary,the young of a herring or sprat or similar fish
conveying,3.18,FAMILIAR,1,noun.act,GENERAL,,True,False,False,not in Wiktionary,act of transferring property title from one person to another
revising,3.18,FAMILIAR,1,noun.communication,GENERAL,,True,False,False,not in Wiktionary,editing that involves writing something again
hl,3.16,FAMILIAR,1,noun.quantity,GENERAL,,True,False,False,not in Wiktionary,a metric unit of volume or capacity equal to 100 liters
halal,3.15,FAMILIAR,1,noun.food,SPECIAL,Islam,True,False,False,not in Wiktionary,(Islam) meat from animals that have been slaughtered in the prescribed way according to the shariah
officiating,3.15,FAMILIAR,1,noun.act,GENERAL,,True,False,False,not in Wiktionary,the act of umpiring
conceding,3.14,FAMILIAR,1,noun.communication,GENERAL,,True,False,False,not in Wiktionary,the act of conceding or yielding
nada,3.14,FAMILIAR,1,noun.quantity,GENERAL,,True,False,False,not in Wiktionary,"a quantity of no importance; thing (object:), singular, negative pronoun; pronoun, thing, singular; quantifier: negative existential"
indulging,3.11,FAMILIAR,1,noun.act,GENERAL,,True,False,False,not in Wiktionary,the act of indulging or gratifying a desire
substituting,3.03,FAMILIAR,1,noun.act,GENERAL,,True,False,False,not in Wiktionary,working as a substitute for someone who is ill or on leave of absence
diagnosing,3.02,FAMILIAR,1,noun.act,GENERAL,,True,False,False,not in Wiktionary,identifying the nature or cause of some phenomenon
leveraging,3.02,FAMILIAR,1,noun.act,GENERAL,,True,False,False,not in Wiktionary,investing with borrowed money as a way to amplify potential gains (at the risk of greater losses)
lohan,3.01,FAMILIAR,1,noun.person,GENERAL,,True,False,False,not in Wiktionary,one who has achieved a state of perfect enlightenment
spiegel,3.01,FAMILIAR,1,noun.substance,GENERAL,,True,False,False,not in Wiktionary,pig iron containing manganese; used as a deoxidizing agent and to raise the manganese content in making steel
nestle,2.99,UNCOMMON,1,noun.act,GENERAL,,True,False,False,not in Wiktionary,a close and affectionate (and often prolonged) embrace
ramona,2.99,UNCOMMON,1,noun.plant,BIO,,True,False,False,not in Wiktionary,shrubby plant with aromatic greyish-green leaves used as a cooking herb
alerting,2.98,UNCOMMON,2,noun.state,GENERAL,,True,False,False,not in Wiktionary,a state of readiness to respond
cul,2.97,UNCOMMON,1,noun.artifact,GENERAL,,True,False,False,not in Wiktionary,a passage with access only at one end
siamese,2.97,UNCOMMON,1,noun.artifact,GENERAL,,True,True,False,not in Wiktionary,an inlet with two or more couplings to which a hose can be attached so that fire engines can pump water into the sprinkler system of a building
mcg,2.96,UNCOMMON,1,noun.quantity,GENERAL,,True,False,False,not in Wiktionary,"one millionth (1/1,000,000) gram"
deriving,2.95,UNCOMMON,1,noun.communication,SPECIAL,historical linguistics,True,False,False,not in Wiktionary,(historical linguistics) an explanation of the historical origins of a word or phrase
enlisting,2.94,UNCOMMON,1,noun.act,GENERAL,,True,False,False,not in Wiktionary,the act of getting recruits; enlisting people for the army (or for a job or a cause etc.)
audiovisual,2.93,UNCOMMON,1,noun.artifact,GENERAL,,True,False,False,not in Wiktionary,materials using sight or sound to present information
bleu,2.92,UNCOMMON,1,noun.food,GENERAL,,True,False,False,not in Wiktionary,cheese containing a blue mold
newmarket,2.91,UNCOMMON,1,noun.artifact,GENERAL,,True,True,False,not in Wiktionary,a long close-fitting coat worn for riding in the 19th century
adonis,2.9,UNCOMMON,1,noun.person,GENERAL,,True,True,False,not in Wiktionary,any handsome young man
bereaved,2.9,UNCOMMON,1,noun.person,GENERAL,,True,False,False,not in Wiktionary,a person who has suffered the death of someone they loved
reverting,2.9,UNCOMMON,1,noun.act,GENERAL,,True,False,False,not in Wiktionary,a failure to maintain a higher state
incurring,2.88,UNCOMMON,1,noun.act,GENERAL,,True,False,False,not in Wiktionary,acquiring or coming into something (usually undesirable)
honouring,2.87,UNCOMMON,1,noun.act,GENERAL,,False,False,False,not in Wiktionary,conformity with law or custom or practice etc.
sodom,2.86,UNCOMMON,1,noun.location,GENERAL,,True,True,False,not in Wiktionary,any location known for vice and corruption
erecting,2.85,UNCOMMON,1,noun.act,GENERAL,,True,False,False,not in Wiktionary,the act of building or putting up
eroding,2.85,UNCOMMON,1,noun.process,TEC,geology,True,False,False,not in Wiktionary,"(geology) the mechanical process of wearing or grinding something down (as by particles washing over it), also figuratively"
disarming,2.84,UNCOMMON,1,noun.act,GENERAL,,True,False,False,not in Wiktionary,act of reducing or depriving of arms
malacca,2.84,UNCOMMON,2,noun.plant,BIO,,True,True,False,not in Wiktionary,stem of the rattan palm used for making canes and umbrella handles
demolishing,2.81,UNCOMMON,1,noun.act,GENERAL,,True,False,False,not in Wiktionary,complete destruction of a building
geordie,2.81,UNCOMMON,1,noun.communication,GENERAL,,True,True,False,not in Wiktionary,the nonstandard dialect of natives of Newcastle-upon-Tyne
maimed,2.81,UNCOMMON,1,noun.group,GENERAL,,True,False,False,not in Wiktionary,people who are wounded
agua,2.76,UNCOMMON,1,noun.animal,BIO,,True,False,False,not in Wiktionary,largest known toad species; native to Central America; valuable destroyer of insect pests
benedictine,2.74,UNCOMMON,1,noun.food,GENERAL,,True,True,False,not in Wiktionary,a French liqueur originally made by Benedictine monks
cochin,2.74,UNCOMMON,1,noun.animal,BIO,,True,False,False,not in Wiktionary,Asian breed of large fowl with dense plumage and feathered legs
compressing,2.71,UNCOMMON,1,noun.act,GENERAL,,True,False,False,not in Wiktionary,applying pressure
punting,2.69,UNCOMMON,1,noun.act,SPECIAL,football,True,False,False,not in Wiktionary,(football) a kick in which the football is dropped from the hands and kicked before it touches the ground
canfield,2.68,UNCOMMON,1,noun.act,GENERAL,,True,False,False,not in Wiktionary,a form of solitaire that involves gambling
eldorado,2.68,UNCOMMON,1,noun.cognition,GENERAL,,True,False,False,not in Wiktionary,an imaginary place of great wealth and opportunity; sought in South America by 16th-century explorers
magdalen,2.67,UNCOMMON,1,noun.person,GENERAL,,True,False,False,not in Wiktionary,a reformed prostitute
leeward,2.66,UNCOMMON,2,noun.relation,GENERAL,,True,False,False,not in Wiktionary,the direction in which the wind is blowing
haggle,2.65,UNCOMMON,1,noun.communication,GENERAL,,True,False,False,not in Wiktionary,an instance of intense argument (as in bargaining)
condensing,2.64,UNCOMMON,1,noun.act,GENERAL,,True,False,False,not in Wiktionary,the act of increasing the density of something
relinquishing,2.64,UNCOMMON,2,noun.communication,GENERAL,,True,False,False,not in Wiktionary,a verbal act of renouncing a claim or right or position etc.
escherichia,2.63,UNCOMMON,1,noun.animal,BIO,,True,False,False,not in Wiktionary,a genus of enteric bacteria
fermenting,2.63,UNCOMMON,1,noun.process,GENERAL,,True,False,False,not in Wiktionary,"a process in which an agent causes an organic substance to break down into simpler substances; especially, the anaerobic breakdown of sugar into alcohol"
professing,2.63,UNCOMMON,1,noun.communication,GENERAL,,True,False,False,not in Wiktionary,an open avowal (true or false) of some belief or opinion
offstage,2.61,UNCOMMON,1,noun.artifact,GENERAL,,True,False,False,not in Wiktionary,a stage area out of sight of the audience
rosita,2.61,UNCOMMON,1,noun.plant,BIO,,True,False,False,not in Wiktionary,erect plant with small clusters of pink trumpet-shaped flowers of southwestern United States
levis,2.6,UNCOMMON,1,noun.artifact,GENERAL,,True,False,False,not in Wiktionary,a popular brand of jeans
energizing,2.59,UNCOMMON,1,noun.act,GENERAL,,True,False,False,not in Wiktionary,the activity of causing to have energy and be active
iva,2.59,UNCOMMON,1,noun.plant,BIO,,True,False,False,not in Wiktionary,any of various coarse shrubby plants of the genus Iva with small greenish flowers; common in moist areas (as coastal salt marshes) of eastern and central North America
pillaging,2.59,UNCOMMON,1,noun.act,GENERAL,,True,False,False,not in Wiktionary,the act of stealing valuable things from a place
ceding,2.58,UNCOMMON,1,noun.act,GENERAL,,True,False,False,not in Wiktionary,the act of ceding
legislating,2.58,UNCOMMON,1,noun.act,SPECIAL,legislation;law,True,False,False,not in Wiktionary,the act of making or enacting laws
anjou,2.57,UNCOMMON,1,noun.food,GENERAL,,True,True,False,not in Wiktionary,a pear with firm flesh and a green skin
holla,2.56,UNCOMMON,1,noun.communication,GENERAL,,True,False,False,not in Wiktionary,a very loud utterance (like the sound of an animal)
causa,2.55,UNCOMMON,1,noun.act,SPECIAL,law,True,False,False,not in Wiktionary,a comprehensive term for any proceeding in a court of law whereby an individual seeks a legal remedy
readying,2.55,UNCOMMON,1,noun.act,GENERAL,,True,False,False,not in Wiktionary,the activity of putting or setting in order in advance of some act or purpose
publicizing,2.54,UNCOMMON,1,noun.act,GENERAL,,True,False,False,not in Wiktionary,the business of drawing public attention to goods and services
averting,2.5,UNCOMMON,2,noun.act,GENERAL,,True,False,False,not in Wiktionary,the act of preventing something from occurring
delegating,2.5,UNCOMMON,1,noun.act,GENERAL,,True,False,False,not in Wiktionary,authorizing subordinates to make certain decisions
relishing,2.5,UNCOMMON,1,noun.act,GENERAL,,True,False,False,not in Wiktionary,taking a small amount into the mouth to test its quality
nebuchadnezzar,2.49,UNCOMMON,1,noun.artifact,GENERAL,,True,True,False,not in Wiktionary,a very large wine bottle holding the equivalent of 20 normal bottles of wine; used especially for display
seaward,2.48,UNCOMMON,1,noun.relation,GENERAL,,True,False,False,not in Wiktionary,the direction toward the sea
saute,2.46,UNCOMMON,1,noun.food,GENERAL,,True,False,False,not in Wiktionary,a dish of sauteed food
allis,2.45,UNCOMMON,1,noun.animal,BIO,,True,False,False,not in Wiktionary,European shad
carrefour,2.45,UNCOMMON,1,noun.artifact,GENERAL,,True,False,False,not in Wiktionary,a junction where one street or road crosses another
forgoing,2.44,UNCOMMON,1,noun.act,GENERAL,,True,False,False,not in Wiktionary,the act of renouncing; sacrificing or giving up or surrendering (a possession or right or title or privilege etc.)
bunsen,2.43,UNCOMMON,1,noun.artifact,GENERAL,,True,True,False,not in Wiktionary,a gas burner used in laboratories; has an air valve to regulate the mixture of gas and air
trilateral,2.43,UNCOMMON,1,noun.shape,GENERAL,,True,False,False,not in Wiktionary,a three-sided polygon
svoboda,2.42,UNCOMMON,1,noun.state,GENERAL,,True,False,False,not in Wiktionary,(Russia) freedom
programing,2.41,UNCOMMON,2,noun.act,GENERAL,,True,False,False,not in Wiktionary,setting an order and time for planned events
vaccinating,2.41,UNCOMMON,1,noun.act,GENERAL,,True,False,False,not in Wiktionary,the act of protecting against disease by introducing a vaccine into the body to induce immunity
dita,2.4,UNCOMMON,1,noun.plant,BIO,,True,False,False,not in Wiktionary,evergreen tree of eastern Asia and Philippines having large leathery leaves and small green-white flowers in compact cymes; bark formerly used medicinally
eluding,2.4,UNCOMMON,1,noun.act,GENERAL,,True,False,False,not in Wiktionary,the act of avoiding capture (especially by cunning)
cyprian,2.39,UNCOMMON,1,noun.person,SPECIAL,sexual activity,True,True,False,not in Wiktionary,a woman who engages in sexual intercourse for money
synchronizing,2.39,UNCOMMON,3,noun.relation,GENERAL,,True,False,False,not in Wiktionary,the relation that exists when things occur at the same time
fille,2.37,UNCOMMON,1,noun.person,GENERAL,,True,False,False,not in Wiktionary,a young female
pyrotechnic,2.37,UNCOMMON,1,noun.artifact,GENERAL,,True,False,False,not in Wiktionary,(usually plural) a device with an explosive that burns at a low rate and with colored flames; can be used to illuminate areas or send signals etc.
razzle,2.37,UNCOMMON,1,noun.act,GENERAL,,True,False,False,not in Wiktionary,any exciting and complex play intended to confuse (dazzle) the opponent
esthetic,2.36,UNCOMMON,1,noun.cognition,SPECIAL,philosophy,True,False,False,not in Wiktionary,(philosophy) a philosophical theory as to what is beautiful
defusing,2.34,UNCOMMON,1,noun.act,GENERAL,,True,False,False,not in Wiktionary,the act of deactivating or making ineffective (as a bomb)
scanty,2.34,UNCOMMON,1,noun.artifact,GENERAL,,True,False,False,not in Wiktionary,short underpants for women or children
relegating,2.33,UNCOMMON,1,noun.act,GENERAL,,True,False,False,not in Wiktionary,authorizing subordinates to make certain decisions
swashbuckling,2.32,UNCOMMON,1,noun.attribute,GENERAL,,True,False,False,not in Wiktionary,flamboyantly reckless and boastful behavior
unbalance,2.31,UNCOMMON,2,noun.state,GENERAL,,True,False,False,not in Wiktionary,a lack of balance or state of disequilibrium
hankey,2.3,UNCOMMON,1,noun.artifact,GENERAL,,True,False,False,not in Wiktionary,a square piece of cloth used for wiping the eyes or nose or as a costume accessory
mammon,2.3,UNCOMMON,1,noun.state,GENERAL,,True,True,False,not in Wiktionary,wealth regarded as an evil influence
submerging,2.3,UNCOMMON,1,noun.event,GENERAL,,True,False,False,not in Wiktionary,sinking until covered completely with water
tamp,2.3,UNCOMMON,1,noun.artifact,GENERAL,,True,False,False,not in Wiktionary,"a tool for tamping (e.g., for tamping tobacco into a pipe bowl or a charge into a drill hole etc.)"
hamming,2.27,UNCOMMON,1,noun.act,GENERAL,,True,False,False,not in Wiktionary,poor acting by a ham actor
pharisee,2.27,UNCOMMON,1,noun.person,GENERAL,,True,True,False,not in Wiktionary,a self-righteous or sanctimonious person
razing,2.27,UNCOMMON,2,noun.event,GENERAL,,True,False,False,not in Wiktionary,the event of a structure being completely demolished and leveled
renege,2.26,UNCOMMON,1,noun.act,GENERAL,,True,False,False,not in Wiktionary,the mistake of not following suit when able to do so
disa,2.25,UNCOMMON,1,noun.plant,BIO,,True,False,False,not in Wiktionary,any orchid of the genus Disa; beautiful orchids with dark green leaves and usually hooded flowers; much prized as emblematic flowers in their native regions
homebound,2.25,UNCOMMON,1,noun.group,GENERAL,,True,False,False,not in Wiktionary,people who are confined to their homes
pdl,2.25,UNCOMMON,1,noun.quantity,GENERAL,,True,False,False,not in Wiktionary,a unit of force equal to the force that imparts an acceleration of 1 foot/sec/sec to a mass of 1 pound; equal to 0.1382 newtons
congregating,2.23,UNCOMMON,1,noun.act,GENERAL,,True,False,False,not in Wiktionary,the act of congregating
suturing,2.23,UNCOMMON,1,noun.act,GENERAL,,True,False,False,not in Wiktionary,surgical joining of two surfaces
molle,2.22,UNCOMMON,1,noun.plant,BIO,,True,False,False,not in Wiktionary,small Peruvian evergreen with broad rounded head and slender pendant branches with attractive clusters of greenish flowers followed by clusters of rose-pink fruits
edda,2.21,UNCOMMON,1,noun.food,GENERAL,,True,True,False,not in Wiktionary,tropical starchy tuberous root
northeastward,2.2,UNCOMMON,1,noun.relation,GENERAL,,True,False,False,not in Wiktionary,the compass point midway between north and east; at 45 degrees
multistage,2.18,UNCOMMON,1,noun.time,GENERAL,,True,False,False,not in Wiktionary,occurring in more than one stage
flunk,2.17,UNCOMMON,1,noun.act,GENERAL,,True,False,False,not in Wiktionary,failure to reach a minimum required performance
nagi,2.17,UNCOMMON,1,noun.plant,BIO,,True,False,False,not in Wiktionary,medium-sized tree having glossy lanceolate leaves; southern China to Taiwan and southern Japan
symbolising,2.17,UNCOMMON,1,noun.act,GENERAL,,True,False,False,not in Wiktionary,the act of representing something with a symbol
whoopee,2.16,UNCOMMON,1,noun.act,GENERAL,,True,False,False,not in Wiktionary,noisy and boisterous revelry
campana,2.13,UNCOMMON,1,noun.shape,GENERAL,,True,False,False,not in Wiktionary,the shape of a bell
disowning,2.13,UNCOMMON,1,noun.communication,GENERAL,,True,False,False,not in Wiktionary,refusal to acknowledge as one's own
northwestward,2.13,UNCOMMON,1,noun.relation,GENERAL,,True,False,False,not in Wiktionary,the compass point midway between north and west; at 315 degrees
barbecuing,2.12,UNCOMMON,1,noun.act,GENERAL,,True,False,False,not in Wiktionary,roasting a large piece of meat on a revolving spit out of doors over an open fire
inflaming,2.11,UNCOMMON,1,noun.act,GENERAL,,True,False,False,not in Wiktionary,arousal to violent emotion
rydberg,2.11,UNCOMMON,1,noun.quantity,GENERAL,,True,False,False,not in Wiktionary,a wave number characteristic of the wave spectrum of each element
bismark,2.1,UNCOMMON,1,noun.food,GENERAL,,True,False,False,not in Wiktionary,a raised doughnut filled with jelly or jam
overworking,2.09,UNCOMMON,1,noun.act,GENERAL,,True,False,False,not in Wiktionary,the act of working too much or too long
folie,2.08,UNCOMMON,1,noun.state,MED,psychiatry,True,False,False,not in Wiktionary,(psychiatry) a psychological disorder of thought or emotion; a more neutral term than mental illness
buna,2.07,UNCOMMON,1,noun.substance,GENERAL,,True,False,False,not in Wiktionary,made by polymerizing butadiene
diddley,2.07,UNCOMMON,1,noun.quantity,GENERAL,,True,False,False,not in Wiktionary,a small worthless amount
cheesing,2.06,UNCOMMON,1,noun.act,GENERAL,,False,False,False,not in Wiktionary,To play a game or sport in a manner that is effective but requires little skill
annotating,2.05,UNCOMMON,1,noun.act,GENERAL,,True,False,False,not in Wiktionary,the act of adding notes
overacting,2.05,UNCOMMON,1,noun.act,GENERAL,,True,False,False,not in Wiktionary,poor acting by a ham actor
pinche,2.05,UNCOMMON,1,noun.animal,BIO,,True,False,False,not in Wiktionary,South American tamarin with a tufted head
snogging,2.05,UNCOMMON,1,noun.act,GENERAL,,True,False,False,not in Wiktionary,(British informal) cuddle and kiss
southwestward,2.05,UNCOMMON,1,noun.relation,GENERAL,,True,False,False,not in Wiktionary,the compass point midway between south and west; at 225 degrees
twitterverse,2.05,UNCOMMON,1,noun.cognition,GENERAL,,False,False,False,not in Wiktionary,the social sphere of the Twitter service
nardo,2.04,UNCOMMON,1,noun.plant,BIO,,True,False,False,not in Wiktionary,Australian clover fern
smooching,2.04,UNCOMMON,1,noun.act,SPECIAL,sexual activity,True,False,False,not in Wiktionary,affectionate play (or foreplay without contact with the genital organs)
bonheur,2.03,UNCOMMON,1,noun.feeling,GENERAL,,True,False,False,not in Wiktionary,(French) happiness and good humor
redact,2.02,UNCOMMON,1,noun.person,GENERAL,,True,False,False,not in Wiktionary,someone who puts text into appropriate form for publication
tubeless,2.02,UNCOMMON,1,noun.artifact,GENERAL,,True,False,False,not in Wiktionary,pneumatic tire not needing an inner tube to be airtight
reductio,2.01,UNCOMMON,1,noun.cognition,GENERAL,,True,False,False,not in Wiktionary,(reduction to the absurd) a disproof by showing that the consequences of the proposition are absurd; or a proof of a proposition by showing that its negation leads to a contradiction
bacca,2.0,UNCOMMON,1,noun.plant,BIO,,True,False,False,not in Wiktionary,"an indehiscent fruit derived from a single ovary having one or many seeds within a fleshy wall or pericarp: e.g. grape, tomato, cranberry"
braising,2.0,UNCOMMON,1,noun.act,GENERAL,,True,False,False,not in Wiktionary,cooking slowly in fat in a closed pot with little moisture
pentecostalism,1.99,RARE,1,noun.cognition,GENERAL,,True,False,False,not in Wiktionary,the principles and practices of Pentecostal religious groups; characterized by religious excitement and talking in tongues
republishing,1.98,RARE,1,noun.act,GENERAL,,True,False,False,not in Wiktionary,the act of publishing again
alhamdulillah,1.97,RARE,1,noun.communication,GENERAL,,False,False,False,not in Wiktionary,An expression meaning ‘praise God’ in Arabic
sensitizing,1.97,RARE,1,noun.act,GENERAL,,True,False,False,not in Wiktionary,rendering an organism sensitive to a serum by a series of injections
deregulating,1.95,RARE,1,noun.act,GENERAL,,True,False,False,not in Wiktionary,the act of freeing from regulation (especially from governmental regulations)
immobilizing,1.95,RARE,1,noun.act,GENERAL,,True,False,False,not in Wiktionary,the act of limiting movement or making incapable of movement
poulet,1.95,RARE,1,noun.food,GENERAL,,True,False,False,not in Wiktionary,the flesh of a chicken used for food
telecasting,1.94,RARE,1,noun.communication,GENERAL,,True,False,False,not in Wiktionary,broadcasting visual images of stationary or moving objects
crystallizing,1.93,RARE,1,noun.phenomenon,GENERAL,,True,False,False,not in Wiktionary,the formation of crystals
leftfield,1.92,RARE,2,noun.artifact,GENERAL,,True,False,False,not in Wiktionary,the piece of ground in the outfield on the catcher's left
muckraking,1.92,RARE,1,noun.communication,GENERAL,,True,False,False,not in Wiktionary,the exposure of scandal (especially about public figures)
valgus,1.91,RARE,1,noun.state,GENERAL,,True,False,False,not in Wiktionary,a deformity in which there is an abnormal displacement of part of a limb away from the midline of the body
galax,1.9,RARE,1,noun.plant,BIO,,True,False,False,not in Wiktionary,tufted evergreen perennial herb having spikes of tiny white flowers and glossy green round to heart-shaped leaves that become coppery to maroon or purplish in fall
humoring,1.9,RARE,1,noun.act,GENERAL,,True,False,False,not in Wiktionary,the act of indulging or gratifying a desire
carrizo,1.89,RARE,1,noun.plant,BIO,,True,False,False,not in Wiktionary,"tall North American reed having relative wide leaves and large plumelike panicles; widely distributed in moist areas; used for mats, screens and arrow shafts"
clerking,1.89,RARE,1,noun.act,GENERAL,,True,False,False,not in Wiktionary,the activity of recording business transactions
doxing,1.89,RARE,1,noun.act,GENERAL,,False,False,False,not in Wiktionary,Releasing someone's personal information on the Web with the intention of causing harassment
hymie,1.88,RARE,1,noun.person,GENERAL,,True,False,False,not in Wiktionary,(ethnic slur) offensive term for a Jew
inoculating,1.88,RARE,1,noun.act,GENERAL,,True,False,False,not in Wiktionary,the act of protecting against disease by introducing a vaccine into the body to induce immunity
malinois,1.88,RARE,1,noun.animal,BIO,,True,False,False,not in Wiktionary,fawn-colored short-haired sheepdog
baedeker,1.87,RARE,1,noun.communication,GENERAL,,True,True,False,not in Wiktionary,any of a series of travel guidebooks published by the German firm founded by Karl Baedeker
bota,1.87,RARE,1,noun.artifact,GENERAL,,True,False,False,not in Wiktionary,a wine bottle made of leather
polack,1.86,RARE,1,noun.person,GENERAL,,True,False,False,not in Wiktionary,a person of Polish descent
bosc,1.85,RARE,1,noun.food,GENERAL,,True,False,False,not in Wiktionary,greenish-yellow pear
diagramming,1.85,RARE,1,noun.act,GENERAL,,True,False,False,not in Wiktionary,providing a chart or outline of a system
enjoining,1.85,RARE,1,noun.communication,SPECIAL,law,True,False,False,not in Wiktionary,(law) a judicial remedy issued in order to prohibit a party from doing or continuing to do a certain activity
kbit,1.84,RARE,1,noun.quantity,GENERAL,,True,False,False,not in Wiktionary,a unit of information equal to 1000 bits
oculomotor,1.84,RARE,1,noun.body,MED,,True,False,False,not in Wiktionary,supplies extrinsic muscles of the eye
athar,1.82,RARE,1,noun.substance,GENERAL,,True,False,False,not in Wiktionary,essential oil or perfume obtained from flowers
decompressing,1.8,RARE,1,noun.act,GENERAL,,True,False,False,not in Wiktionary,relieving pressure (especially bringing a compressed person gradually back to atmospheric pressure)
mcmansion,1.8,RARE,1,noun.artifact,GENERAL,,False,False,False,not in Wiktionary,"a generic, mass-produced luxury home"
sculling,1.8,RARE,1,noun.act,GENERAL,,True,False,False,not in Wiktionary,rowing by a single oarsman in a racing shell
silkwood,1.8,RARE,1,noun.plant,BIO,,True,False,False,not in Wiktionary,a fast-growing tropical American evergreen having white flowers and fleshy edible fruit; a bark yields a silky fiber used in cordage and wood is valuable for staves
accenting,1.79,RARE,1,noun.act,GENERAL,,True,False,False,not in Wiktionary,the act of giving special importance or significance to something
buttressing,1.78,RARE,1,noun.artifact,GENERAL,,True,False,False,not in Wiktionary,a support usually of stone or brick; supports the wall of a building
hoofing,1.78,RARE,1,noun.act,GENERAL,,True,False,False,not in Wiktionary,dancing in which the steps are more important than gestures or postures
hybridizing,1.78,RARE,1,noun.act,BIO,genetics,True,False,False,not in Wiktionary,(genetics) the act of mixing different species or varieties of animals or plants and thus to produce hybrids
landrover,1.78,RARE,1,noun.artifact,GENERAL,,True,False,False,not in Wiktionary,a car suitable for traveling over rough terrain
discomfited,1.77,RARE,1,noun.group,GENERAL,,True,False,False,not in Wiktionary,people who are defeated
okeh,1.77,RARE,1,noun.communication,GENERAL,,True,False,False,not in Wiktionary,an endorsement
beany,1.76,RARE,1,noun.artifact,GENERAL,,True,False,False,not in Wiktionary,a small skullcap; formerly worn by schoolboys and college freshmen
tkm,1.76,RARE,1,noun.quantity,GENERAL,,False,False,False,not in Wiktionary,a unit of measure used in freight transport which determines the transport of one tonne of goods by a transport mode over one kilometer.
synchronising,1.75,RARE,1,noun.act,GENERAL,,True,False,False,not in Wiktionary,an adjustment that causes something to occur or recur in unison
femoris,1.73,RARE,1,noun.body,MED,,True,False,False,not in Wiktionary,the longest and thickest bone of the human skeleton; extends from the pelvis to the knee
gallina,1.73,RARE,1,noun.animal,BIO,,True,False,False,not in Wiktionary,small Asiatic wild bird; believed to be ancestral to domestic fowl
silenus,1.7,RARE,1,noun.person,GENERAL,,True,True,False,not in Wiktionary,any of the minor woodland deities who were companions of Dionysus (similar to the satyrs)
tamarindo,1.7,RARE,2,noun.plant,BIO,,True,False,False,not in Wiktionary,long-lived tropical evergreen tree with a spreading crown and feathery evergreen foliage and fragrant flowers yielding hard yellowish wood and long pods with edible chocolate-colored acidic pulp
centrex,1.69,RARE,1,noun.artifact,GENERAL,,True,False,False,not in Wiktionary,(CENTRal EXchange) a kind of telephone exchange
veau,1.68,RARE,1,noun.food,GENERAL,,True,False,False,not in Wiktionary,meat from a calf
sclerotinia,1.67,RARE,1,noun.plant,BIO,,True,False,False,not in Wiktionary,any fungus of the genus Sclerotinia; some causing brown rot diseases in plants
coville,1.66,RARE,1,noun.plant,BIO,,True,False,False,not in Wiktionary,desert shrub of southwestern United States and New Mexico having persistent resinous aromatic foliage and small yellow flowers
pythium,1.66,RARE,1,noun.plant,BIO,,True,False,False,not in Wiktionary,any fungus of the genus Pythium
amora,1.65,RARE,1,noun.person,GENERAL,,True,False,False,not in Wiktionary,one of a group of rabbis (active AD 250-500) who discussed the Mishnaic law in the law schools of Palestine and Mesopotamia where they explained and applied earlier teachings and whose discussions are recorded in the Talmud; they emphasized the study of Torah and the importance of personal action and the fulfillment of the commandments
sciara,1.65,RARE,1,noun.animal,BIO,,True,False,False,not in Wiktionary,minute blackish gregarious flies destructive to mushrooms and seedlings
eimeria,1.64,RARE,1,noun.animal,BIO,,True,False,False,not in Wiktionary,parasitic on the digestive epithelium of vertebrates and higher invertebrates
foregrounding,1.62,RARE,1,noun.process,GENERAL,,True,False,False,not in Wiktionary,the execution of a program that preempts the use of the processing system
mopes,1.62,RARE,1,noun.state,GENERAL,,True,False,False,not in Wiktionary,an informal expression for a mildly depressed state
barbu,1.61,RARE,1,noun.animal,BIO,,True,False,False,not in Wiktionary,found along western Atlantic coast
mym,1.61,RARE,1,noun.quantity,GENERAL,,True,False,False,not in Wiktionary,"a metric unit of length equal to 10,000 meters"
kabala,1.6,RARE,1,noun.communication,GENERAL,,True,True,False,not in Wiktionary,an esoteric or occult matter resembling the Kabbalah that is traditionally secret
syllogistic,1.6,RARE,1,noun.cognition,GENERAL,,False,False,False,not in Wiktionary,"in logic, the formal analysis of logical terms and operators and the structures that make it possible to infer true conclusions from given premises."
teleworking,1.6,RARE,1,noun.act,GENERAL,,True,False,False,not in Wiktionary,employment at home while communicating with the workplace by phone or fax or modem
cirio,1.59,RARE,1,noun.plant,BIO,,True,False,False,not in Wiktionary,candlewood of Mexico and southwestern California having tall columnar stems and bearing honey-scented creamy yellow flowers
advertizing,1.57,RARE,1,noun.communication,GENERAL,,True,False,False,not in Wiktionary,a public promotion of some product or service
bayat,1.57,RARE,1,noun.communication,SPECIAL,Arabic,True,False,False,not in Wiktionary,an oath of allegiance to an emir
draba,1.57,RARE,1,noun.plant,BIO,,True,False,False,not in Wiktionary,any of numerous low-growing cushion-forming plants of the genus Draba having rosette-forming leaves and terminal racemes of small flowers with scapose or leafy stems; fruit is a dehiscent oblong or linear silique
porc,1.57,RARE,1,noun.food,GENERAL,,True,False,False,not in Wiktionary,meat from a domestic hog or pig
terpsichore,1.56,RARE,1,noun.act,GENERAL,,True,True,False,not in Wiktionary,taking a series of rhythmical steps (and movements) in time to music
googol,1.54,RARE,1,noun.quantity,GENERAL,,True,False,False,not in Wiktionary,a cardinal number represented as 1 followed by 100 zeros (ten raised to the power of a hundred)
humouring,1.54,RARE,1,noun.act,GENERAL,,False,False,False,not in Wiktionary,the act of indulging or gratifying a desire
maravilla,1.54,RARE,2,noun.plant,BIO,,True,False,False,not in Wiktionary,wildflower having vibrant deep pink tubular evening-blooming flowers; found in sandy and desert areas from southern California to southern Colorado and into Mexico
salai,1.54,RARE,1,noun.plant,BIO,,True,False,False,not in Wiktionary,East Indian tree yielding a resin used medicinally and burned as incense
inventorying,1.53,RARE,1,noun.act,GENERAL,,True,False,False,not in Wiktionary,making an itemized list of merchandise or supplies on hand
invidia,1.53,RARE,1,noun.act,GENERAL,,True,False,False,not in Wiktionary,spite and resentment at seeing the success of another (personified as one of the deadly sins)
overrating,1.53,RARE,1,noun.cognition,GENERAL,,True,False,False,not in Wiktionary,a calculation that results in an estimate that is too high
sassing,1.53,RARE,1,noun.communication,GENERAL,,True,False,False,not in Wiktionary,an impudent or insolent rejoinder
milliard,1.52,RARE,1,noun.quantity,GENERAL,,True,False,False,not in Wiktionary,a billion
cabala,1.51,RARE,1,noun.communication,GENERAL,,True,True,False,not in Wiktionary,an esoteric or occult matter resembling the Kabbalah that is traditionally secret
dictyostelium,1.51,RARE,1,noun.plant,BIO,,False,True,False,not in Wiktionary,any slime mold of the genus Dictostylium
underrating,1.5,RARE,1,noun.cognition,GENERAL,,True,False,False,not in Wiktionary,an estimation that is too low; an estimate that is less than the true or actual value
vernonia,1.49,RARE,1,noun.plant,BIO,,True,False,False,not in Wiktionary,any of various plants of the genus Vernonia of tropical and warm regions of especially North America that take their name from their loose heads of purple to rose flowers that quickly take on a rusty hue
assenting,1.48,RARE,1,noun.communication,GENERAL,,True,False,False,not in Wiktionary,agreeing with or consenting to (often unwillingly)
isaw,1.48,RARE,1,noun.food,GENERAL,,False,False,False,not in Wiktionary,"a street food from the Philippines, made from barbecued pig or chicken intestines"
luxuria,1.48,RARE,1,noun.act,SPECIAL,sexual activity,True,False,False,not in Wiktionary,self-indulgent sexual desire (personified as one of the deadly sins)
myg,1.48,RARE,1,noun.quantity,GENERAL,,True,False,False,not in Wiktionary,one ten thousandth of a centner
amenia,1.46,RARE,1,noun.state,GENERAL,,True,False,False,not in Wiktionary,absence or suppression of normal menstrual flow
pesantren,1.45,RARE,1,noun.group,GENERAL,,True,False,False,not in Wiktionary,a Muslim school in Indonesia operated by religious leaders
transalpine,1.45,RARE,1,noun.person,GENERAL,,True,False,False,not in Wiktionary,one living on or coming from the other side of the Alps from Italy
rhizopus,1.44,RARE,1,noun.plant,BIO,,True,False,False,not in Wiktionary,any of various rot causing fungi of the genus Rhizopus
annon,1.43,RARE,1,noun.food,GENERAL,,True,False,False,not in Wiktionary,sweet pulpy tropical fruit with thick scaly rind and shiny black seeds
larcenous,1.43,RARE,1,noun.attribute,GENERAL,,True,False,False,not in Wiktionary,having a disposition to steal
trifoliata,1.42,RARE,1,noun.plant,BIO,,True,False,False,not in Wiktionary,small fast-growing spiny deciduous Chinese orange tree bearing sweetly scented flowers and decorative but inedible fruit: used as a stock in grafting and for hedges
mucuna,1.41,RARE,1,noun.plant,BIO,,True,False,False,not in Wiktionary,any of several erect or climbing woody plants of the genus Mucuna; widespread in tropics of both hemispheres
edmontosaurus,1.4,RARE,1,noun.animal,BIO,,True,False,False,not in Wiktionary,duck-billed dinosaur from Canada found as a fossilized mummy with skin
marum,1.4,RARE,1,noun.plant,BIO,,True,False,False,not in Wiktionary,Mediterranean germander having small hairy leaves and reddish purple flowers; attractive to cats
googolplex,1.39,RARE,1,noun.quantity,GENERAL,,True,False,False,not in Wiktionary,a cardinal number represented as 1 followed by a googol of zeros (ten raised to the power of a googol)
sauteing,1.38,RARE,1,noun.act,GENERAL,,True,False,False,not in Wiktionary,cooking in fat or oil in a pan or griddle
andrena,1.36,RARE,1,noun.animal,BIO,,True,False,False,not in Wiktionary,a bee that is a member of the genus Andrena
erwinia,1.36,RARE,1,noun.animal,BIO,,True,False,False,not in Wiktionary,rod-shaped motile bacteria that attack plants
kabbala,1.36,RARE,1,noun.communication,GENERAL,,True,True,False,not in Wiktionary,an esoteric or occult matter resembling the Kabbalah that is traditionally secret
nanus,1.36,RARE,1,noun.person,GENERAL,,True,False,False,not in Wiktionary,a person who is markedly small
falangist,1.35,RARE,1,noun.person,GENERAL,,True,False,False,not in Wiktionary,a Spanish member of General Franco's political party
landler,1.35,RARE,2,noun.communication,GENERAL,,True,False,False,not in Wiktionary,music in triple time for dancing the landler
powderpuff,1.35,RARE,1,noun.artifact,GENERAL,,True,False,False,not in Wiktionary,a soft spherical object made from fluffy fibers; for applying powder to the skin
smarta,1.35,RARE,1,noun.person,GENERAL,,True,False,False,not in Wiktionary,one of a group of brahmans who uphold nonsectarian orthodoxy according to the Vedanta school of Hinduism
nervus,1.34,RARE,1,noun.body,MED,,True,False,False,not in Wiktionary,any bundle of nerve fibers running to various organs and tissues of the body
dkm,1.33,RARE,1,noun.quantity,GENERAL,,True,False,False,not in Wiktionary,a metric unit of length equal to ten meters
mrem,1.33,RARE,1,noun.quantity,GENERAL,,False,False,False,not in Wiktionary,a dosage of ionizing radiation equivalent to one thousandth (1/1000) of a rem
maraud,1.31,RARE,1,noun.act,GENERAL,,True,False,False,not in Wiktionary,a sudden short attack
adducing,1.3,RARE,1,noun.communication,GENERAL,,True,False,False,not in Wiktionary,citing as evidence or proof
superbia,1.3,RARE,1,noun.act,GENERAL,,True,False,False,not in Wiktionary,unreasonable and inordinate self-esteem (personified as one of the deadly sins)
unfastening,1.3,RARE,1,noun.act,GENERAL,,True,False,False,not in Wiktionary,loosening the ties that fasten something
eighter,1.28,RARE,1,noun.quantity,GENERAL,,True,False,False,not in Wiktionary,the cardinal number that is the sum of seven and one
jamberry,1.28,RARE,2,noun.plant,BIO,,True,False,False,not in Wiktionary,Mexican annual naturalized in eastern North America having yellow to purple edible fruit resembling small tomatoes
melilotus,1.27,RARE,1,noun.plant,BIO,,True,False,False,not in Wiktionary,erect annual or biennial plant grown extensively especially for hay and soil improvement
stoneface,1.27,RARE,1,noun.plant,BIO,,True,False,False,not in Wiktionary,any plant of the genus Lithops native to Africa having solitary yellow or white flowers and thick leaves that resemble stones
subtweeting,1.27,RARE,1,noun.act,GENERAL,,False,False,False,not in Wiktionary,the act of tweeting without tagging a user so that they will not see the post
asdic,1.26,RARE,1,noun.artifact,GENERAL,,True,False,False,not in Wiktionary,a measuring instrument that sends out an acoustic pulse in water and measures distances in terms of the time for the echo of the pulse to return
qabalah,1.26,RARE,1,noun.communication,GENERAL,,True,False,False,not in Wiktionary,an esoteric or occult matter resembling the Kabbalah that is traditionally secret
dalo,1.25,RARE,1,noun.plant,BIO,,True,False,False,not in Wiktionary,herb of the Pacific islands grown throughout the tropics for its edible root and in temperate areas as an ornamental for its large glossy leaves
eriogonum,1.25,RARE,1,noun.plant,BIO,,True,False,False,not in Wiktionary,any plant of the genus Eriogonum with small clustered flowers
salaat,1.25,RARE,1,noun.cognition,GENERAL,,True,False,False,not in Wiktionary,the second pillar of Islam is prayer; a prescribed liturgy performed five times a day (preferably in a mosque) and oriented toward Mecca
vasoconstrictive,1.25,RARE,1,noun.artifact,GENERAL,,True,False,False,not in Wiktionary,any agent that causes a narrowing of an opening of a blood vessel: cold or stress or nicotine or epinephrine or norepinephrine or angiotensin or vasopressin or certain drugs; maintains or increases blood pressure
vesuvian,1.25,RARE,1,noun.substance,GENERAL,,True,False,False,not in Wiktionary,a green or yellow or brown mineral consisting of a hydrated silicate; it occurs as crystals in limestone and is used a gemstone
bearwood,1.24,RARE,1,noun.plant,BIO,,True,False,False,not in Wiktionary,shrubby tree of the Pacific coast of the United States; yields cascara sagrada
humous,1.24,RARE,1,noun.food,GENERAL,,True,False,False,not in Wiktionary,"a thick spread made from mashed chickpeas, tahini, lemon juice and garlic; used especially as a dip for pita; originated in the Middle East"
pizzaz,1.24,RARE,1,noun.attribute,GENERAL,,True,False,False,not in Wiktionary,the activeness of an energetic personality
veloute,1.24,RARE,1,noun.food,GENERAL,,True,False,False,not in Wiktionary,white sauce made with stock instead of milk
bivouacking,1.23,RARE,1,noun.act,GENERAL,,True,False,False,not in Wiktionary,the act of encamping and living in tents in a camp
seckel,1.23,RARE,1,noun.food,GENERAL,,True,False,False,not in Wiktionary,small yellowish- to reddish-brown pear
utahraptor,1.23,RARE,1,noun.animal,BIO,,True,False,False,not in Wiktionary,large (20-ft) and swift carnivorous dinosaur having an upright slashing claw 15 inches long on each hind foot; early Cretaceous
jnd,1.22,RARE,1,noun.cognition,TEC,psychophysics,True,False,False,not in Wiktionary,(psychophysics) the difference between two stimuli that (under properly controlled experimental conditions) is detected as often as it is undetected
chunga,1.21,RARE,1,noun.animal,BIO,,True,False,False,not in Wiktionary,Argentinian Cariama
egalite,1.21,RARE,1,noun.state,GENERAL,,True,False,False,not in Wiktionary,social and political equality
fascista,1.19,RARE,1,noun.person,GENERAL,,True,False,False,not in Wiktionary,an Italian fascist under Mussolini
sensitising,1.19,RARE,1,noun.act,GENERAL,,True,False,False,not in Wiktionary,rendering an organism sensitive to a serum by a series of injections
amorphophallus,1.17,RARE,1,noun.plant,BIO,,True,False,False,not in Wiktionary,any plant of the genus Amorphophallus
duette,1.17,RARE,2,noun.group,GENERAL,,True,False,False,not in Wiktionary,two performers or singers who perform together
reseau,1.17,RARE,2,noun.artifact,GENERAL,,True,False,False,not in Wiktionary,a net or mesh foundation for lace
sovietism,1.16,RARE,1,noun.group,GENERAL,,True,False,False,not in Wiktionary,Soviet communism
balagan,1.15,RARE,1,noun.state,GENERAL,,True,False,False,not in Wiktionary,a word for chaos or fiasco borrowed from modern Hebrew (where it is a loan word from Russian)
feathertop,1.15,RARE,2,noun.plant,BIO,,True,False,False,not in Wiktionary,northeastern tropical African plant having feathery panicles
hedgefund,1.15,RARE,1,noun.group,GENERAL,,True,False,False,not in Wiktionary,a flexible investment company for a small number of large investors (usually the minimum investment is $1 million); can use high-risk techniques (not allowed for mutual funds) such as short-selling and heavy leveraging
komondor,1.14,RARE,1,noun.animal,BIO,,True,False,False,not in Wiktionary,Hungarian breed of large powerful shaggy-coated white dog; used also as guard dog
protoceratops,1.14,RARE,1,noun.animal,BIO,,True,False,False,not in Wiktionary,small horned dinosaur
chanal,1.12,RARE,1,noun.plant,BIO,,True,False,False,not in Wiktionary,thorny shrub or small tree common in central Argentina having small orange or yellow flowers followed by edible berries
deinocheirus,1.12,RARE,1,noun.animal,BIO,,True,False,False,not in Wiktionary,lightly built medium-sized theropod with long limbs and neck
hovea,1.12,RARE,1,noun.plant,BIO,,True,False,False,not in Wiktionary,any of several attractive evergreen shrubs of Australia grown for their glossy deep green foliage and flowers in rich blues and intense violets
newspapering,1.12,RARE,1,noun.act,GENERAL,,True,False,False,not in Wiktionary,journalism practiced for the newspapers
relistening,1.12,RARE,1,noun.act,GENERAL,,True,False,False,not in Wiktionary,the act of hearing again
slews,1.12,RARE,1,noun.quantity,GENERAL,,True,False,False,not in Wiktionary,a large number or amount
plectranthus,1.11,RARE,1,noun.plant,BIO,,True,False,False,not in Wiktionary,any of various ornamental plants of the genus Plectranthus
bize,1.1,RARE,1,noun.phenomenon,GENERAL,,True,False,False,not in Wiktionary,a dry cold north wind in southeastern France
lecanora,1.1,RARE,1,noun.plant,BIO,,True,False,False,not in Wiktionary,any lichen of the genus Lecanora; some used in dyeing; some used for food
sextillion,1.1,RARE,1,noun.quantity,GENERAL,,True,False,False,not in Wiktionary,the number that is represented as a one followed by 21 zeros
falanga,1.09,RARE,1,noun.act,GENERAL,,True,False,False,not in Wiktionary,a form of torture in which the soles of the feet are beaten with whips or cudgels
globigerina,1.09,RARE,1,noun.animal,BIO,,True,False,False,not in Wiktionary,marine protozoan having a rounded shell with spiny processes
unconfessed,1.09,RARE,1,noun.group,GENERAL,,True,False,False,not in Wiktionary,people who have not confessed
coelophysis,1.08,RARE,1,noun.animal,BIO,,True,False,False,not in Wiktionary,one of the oldest known dinosaurs; late Triassic; cannibalistic
flipagram,1.07,RARE,1,noun.artifact,GENERAL,,False,False,False,not in Wiktionary,a sequence of photos composed into a video
quintupling,1.07,RARE,1,noun.process,GENERAL,,True,False,False,not in Wiktionary,increasing by a factor of five
shawny,1.07,RARE,1,noun.plant,BIO,,True,False,False,not in Wiktionary,showy perennial herb with white flowers; leaves sometimes used as edible greens in southeastern United States
teetotaling,1.07,RARE,1,noun.act,GENERAL,,True,False,False,not in Wiktionary,abstaining from alcohol
dkl,1.05,RARE,1,noun.quantity,GENERAL,,True,False,False,not in Wiktionary,a metric unit of volume or capacity equal to 10 liters
tictac,1.05,RARE,1,noun.event,GENERAL,,True,False,False,not in Wiktionary,steady recurrent ticking sound as made by a clock
gulyas,1.03,RARE,1,noun.food,GENERAL,,True,False,False,not in Wiktionary,a rich meat stew highly seasoned with paprika
nerita,1.03,RARE,1,noun.animal,BIO,,True,False,False,not in Wiktionary,a neritid gastropod having a short smooth or spirally ridged shell with thick usually toothed outer lip and toothed operculum
uxor,1.03,RARE,1,noun.person,SPECIAL,law,True,False,False,not in Wiktionary,(legal terminology) the Latin word for wife
avaritia,1.02,RARE,1,noun.act,GENERAL,,True,False,False,not in Wiktionary,reprehensible acquisitiveness; insatiable desire for wealth (personified as one of the deadly sins)
echinocactus,1.02,RARE,1,noun.plant,BIO,,True,False,False,not in Wiktionary,any cactus of the genus Echinocactus; strongly ribbed and very spiny; southwestern United States to Brazil
abdominousness,0.0,OBSCURE,1,noun.attribute,GENERAL,,True,False,False,obscure,the bodily property of a protruding belly
acaracide,0.0,OBSCURE,1,noun.substance,GENERAL,,True,False,False,obscure,a chemical agent used to kill mites
acetphenetidin,0.0,OBSCURE,1,noun.artifact,GENERAL,,True,False,False,obscure,a white crystalline compound used as an analgesic and also as an antipyretic
achondroplasty,0.0,OBSCURE,1,noun.state,GENERAL,,True,False,False,obscure,an inherited skeletal disorder beginning before birth; cartilage is converted to bone resulting in dwarfism
acmeism,0.0,OBSCURE,1,noun.group,GENERAL,,False,False,False,obscure,An early 20th-century Russian school of poetry that rejected the vagueness and emotionality of Symbolism in favor of Imagist clarity and texture.
aculea,0.0,OBSCURE,1,noun.animal,BIO,,True,False,False,obscure,small spiny outgrowth on the wings of certain insects
adesite,0.0,OBSCURE,1,noun.substance,GENERAL,,True,False,False,obscure,a dark grey volcanic rock
adience,0.0,OBSCURE,1,noun.motive,SPECIAL,psychology,True,False,False,obscure,(psychology) an urge to accept or approach a situation or an object
aepyornis,0.0,OBSCURE,1,noun.animal,BIO,,True,False,False,obscure,huge (to 9 ft.) extinct flightless bird of Madagascar
aerides,0.0,OBSCURE,1,noun.plant,BIO,,True,False,False,obscure,any orchid of the genus Aerides
afropavo,0.0,OBSCURE,1,noun.animal,BIO,,True,False,False,obscure,both sexes are brightly colored
agalactosis,0.0,OBSCURE,1,noun.state,GENERAL,,True,False,False,obscure,a condition in which milk is not secreted in the mother's breasts after her child has been delivered
agrimonia,0.0,OBSCURE,1,noun.plant,BIO,,True,False,False,obscure,a plant of the genus Agrimonia having spikelike clusters of small yellow flowers
aigu,0.0,OBSCURE,1,noun.communication,GENERAL,,False,False,False,obscure,a mark placed above a vowel to indicate pronunciation
aircrewwoman,0.0,OBSCURE,1,noun.person,GENERAL,,False,False,False,obscure,a female member of an aircrew
albuca,0.0,OBSCURE,1,noun.plant,BIO,,True,False,False,obscure,any of various plants of the genus Albuca having large clusters of pale yellow flowers; South Africa
alexic,0.0,OBSCURE,1,noun.person,GENERAL,,True,False,False,obscure,a person with alexia
algarobilla,0.0,OBSCURE,1,noun.plant,BIO,,True,False,False,obscure,mesquite pod used in tanning and dyeing
alkaliser,0.0,OBSCURE,1,noun.substance,GENERAL,,True,False,False,obscure,an agent that counteracts or neutralizes acidity (especially in the stomach)
allomerism,0.0,OBSCURE,1,noun.event,TEC,chemistry,True,False,False,obscure,(chemistry) variability in chemical composition without variation in crystalline form
alumbloom,0.0,OBSCURE,1,noun.plant,BIO,,True,False,False,obscure,any of several herbs of the genus Heuchera
amatungulu,0.0,OBSCURE,1,noun.plant,BIO,,True,False,False,obscure,very large closely branched South African shrub having forked bright green spines and shiny leaves
amberbell,0.0,OBSCURE,1,noun.plant,BIO,,True,False,False,obscure,eastern North American dogtooth having solitary yellow flowers marked with brown or purple and spotted interiors
amebiosis,0.0,OBSCURE,1,noun.state,GENERAL,,True,False,False,obscure,infection by a disease-causing ameba
aminoalkane,0.0,OBSCURE,1,noun.substance,GENERAL,,True,False,False,obscure,a compound derived from ammonia by replacing hydrogen atoms by univalent hydrocarbon radicals
aminobenzine,0.0,OBSCURE,1,noun.substance,GENERAL,,True,False,False,obscure,oily poisonous liquid amine obtained from nitrobenzene and used to make dyes and plastics and medicines
aminopherase,0.0,OBSCURE,1,noun.substance,GENERAL,,True,False,False,obscure,a class of transferases that catalyze transamination (that transfer an amino group from an amino acid to another compound)
aminoplast,0.0,OBSCURE,1,noun.substance,GENERAL,,True,False,False,obscure,a plastic (synthetic resin) made from amino compounds; used as an adhesive and as a coating for paper and textiles
ammobium,0.0,OBSCURE,1,noun.plant,BIO,,True,False,False,obscure,any plant of the genus Ammobium having yellow flowers and silvery foliage
amyxia,0.0,OBSCURE,1,noun.state,GENERAL,,True,False,False,obscure,a condition in which no mucus in produced
anaspid,0.0,OBSCURE,1,noun.animal,BIO,,True,False,False,obscure,extinct small freshwater jawless fish usually having a heterocercal tail and an armored head; of the Silurian and Devonian
anastalsis,0.0,OBSCURE,1,noun.process,GENERAL,,True,False,False,obscure,muscular action of the alimentary tract in a direction opposite to peristalsis
anatotitan,0.0,OBSCURE,1,noun.animal,BIO,,True,False,False,obscure,one of the largest and most famous duck-billed dinosaurs
andelmin,0.0,OBSCURE,1,noun.plant,BIO,,True,False,False,obscure,any of several tropical American trees of the genus Andira
androglossia,0.0,OBSCURE,1,noun.attribute,GENERAL,,True,False,False,obscure,a woman's voice with male qualities
andryala,0.0,OBSCURE,1,noun.plant,BIO,,True,False,False,obscure,any plant of the genus Andryala having milky sap and heads of bright yellow flowers
anemoclinometer,0.0,OBSCURE,1,noun.artifact,GENERAL,,False,False,False,obscure,A type of instrument which measures the inclination of the wind to the horizontal plane.
anencephalia,0.0,OBSCURE,1,noun.state,GENERAL,,True,False,False,obscure,a defect in brain development resulting in small or missing brain hemispheres
anesthyl,0.0,OBSCURE,1,noun.artifact,GENERAL,,True,False,False,obscure,a mixture of methyl and ethyl chloride; sprayed on as a local anesthetic
angelim,0.0,OBSCURE,1,noun.plant,BIO,,True,False,False,obscure,any of several tropical American trees of the genus Andira
angiohemophilia,0.0,OBSCURE,1,noun.state,GENERAL,,True,False,False,obscure,a form of hemophilia discovered by Erik von Willebrand; a genetic disorder that is inherited as an autosomal recessive trait; characterized by a deficiency of the coagulation factor and by mucosal bleeding
angiopteris,0.0,OBSCURE,1,noun.plant,BIO,,True,False,False,obscure,highly variable species of very large primitive ferns of the Pacific tropical areas with high rainfall
angiotelectasia,0.0,OBSCURE,1,noun.state,GENERAL,,True,False,False,obscure,dilation and enlargement of arterioles
anglophil,0.0,OBSCURE,1,noun.person,GENERAL,,True,False,False,obscure,an admirer of England and things English
angrecum,0.0,OBSCURE,1,noun.plant,BIO,,True,False,False,obscure,any of various spectacular orchids of the genus Angraecum having dark green leathery leaves and usually nocturnally scented white or ivory flowers
annalism,0.0,OBSCURE,1,noun.act,GENERAL,,False,False,False,obscure,The writing of annals.
annexa,0.0,OBSCURE,1,noun.body,MED,,True,False,False,obscure,accessory or adjoining anatomical parts or appendages to an organ (especially of the embryo)
annulary,0.0,OBSCURE,1,noun.body,MED,,False,False,False,obscure,the third finger (especially of the left hand)
anomalops,0.0,OBSCURE,1,noun.animal,BIO,,True,False,False,obscure,fish having a luminous organ beneath eye; of warm waters of the western Pacific and Puerto Rico
anomalopteryx,0.0,OBSCURE,1,noun.animal,BIO,,True,False,False,obscure,the smallest moa; slender moa about the size of a large turkey
anorthography,0.0,OBSCURE,1,noun.state,GENERAL,,True,False,False,obscure,a loss of the ability to write or to express thoughts in writing because of a brain lesion
anthropologism,0.0,OBSCURE,1,noun.cognition,GENERAL,,False,False,False,obscure,"a point of view in which human nature is exhaustively determined by the culture in which a person lives, leaving no room for human agency."
antiredeposition,0.0,OBSCURE,1,noun.process,GENERAL,,True,False,False,obscure,the process of preventing redeposition
apolemia,0.0,OBSCURE,1,noun.animal,BIO,,True,False,False,obscure,large siphonophore of up to 50 ft long
appendicularia,0.0,OBSCURE,1,noun.animal,BIO,,True,False,False,obscure,free-swimming tadpole-shaped pelagic tunicate resembling larvae of other tunicates
applemint,0.0,OBSCURE,1,noun.plant,BIO,,True,False,False,obscure,mint with apple-scented stems of southern and western Europe; naturalized in United States
aquilege,0.0,OBSCURE,1,noun.plant,BIO,,True,False,False,obscure,a plant of the genus Aquilegia having irregular showy spurred flowers; north temperate regions especially mountains
arcella,0.0,OBSCURE,1,noun.animal,BIO,,True,False,False,obscure,an amoeba-like protozoan with a chitinous shell resembling an umbrella
archaeobacteria,0.0,OBSCURE,1,noun.animal,BIO,,True,False,False,obscure,considered ancient life forms that evolved separately from bacteria and blue-green algae
archaeornis,0.0,OBSCURE,1,noun.animal,BIO,,True,False,False,obscure,extinct primitive toothed bird with a long feathered tail and three free clawed digits on each wing
archeobacteria,0.0,OBSCURE,1,noun.animal,BIO,,True,False,False,obscure,considered ancient life forms that evolved separately from bacteria and blue-green algae
arere,0.0,OBSCURE,1,noun.plant,BIO,,True,False,False,obscure,large west African tree having large palmately lobed leaves and axillary cymose panicles of small white flowers and one-winged seeds; yields soft white to pale yellow wood
argonon,0.0,OBSCURE,1,noun.substance,GENERAL,,True,False,False,obscure,any of the chemically inert gaseous elements of the helium group in the periodic table
arishth,0.0,OBSCURE,1,noun.plant,BIO,,True,False,False,obscure,large semi-evergreen tree of the East Indies; trunk exudes a tenacious gum; bitter bark used as a tonic; seeds yield an aromatic oil; sometimes placed in genus Melia
arrogator,0.0,OBSCURE,1,noun.person,GENERAL,,True,False,False,obscure,a person who through conceit makes pretentious claims to rights or advantages that he or she is not entitled to or to qualities that he or she does not possess
arteriectasia,0.0,OBSCURE,1,noun.state,GENERAL,,True,False,False,obscure,an abnormal distension of an artery
articulatio,0.0,OBSCURE,1,noun.body,MED,anatomy,True,False,False,obscure,(anatomy) the point of connection between two bones or elements of a skeleton (especially if it allows motion)
arui,0.0,OBSCURE,1,noun.animal,BIO,,True,False,False,obscure,wild sheep of northern Africa
asseverator,0.0,OBSCURE,1,noun.person,GENERAL,,True,False,False,obscure,someone who claims to speak the truth
atherodyde,0.0,OBSCURE,1,noun.artifact,GENERAL,,True,False,False,obscure,a simple type of jet engine; must be launched at high speed
atmoradiograph,0.0,OBSCURE,1,noun.artifact,GENERAL,,False,False,False,obscure,a device which measures the frequency of occurrence of atmospherics.
atopognosis,0.0,OBSCURE,1,noun.state,GENERAL,,True,False,False,obscure,absence or loss of topognosia; inability to locate correctly a point of touch
atrophedema,0.0,OBSCURE,1,noun.state,GENERAL,,True,False,False,obscure,"recurrent large circumscribed areas of subcutaneous edema; onset is sudden and it disappears within 24 hours; seen mainly in young women, often as an allergic reaction to food or drugs"
attestant,0.0,OBSCURE,2,noun.person,SPECIAL,law,True,False,False,obscure,(law) a person who attests to the genuineness of a document or signature by adding their own signature
attestator,0.0,OBSCURE,1,noun.person,SPECIAL,law,True,False,False,obscure,(law) a person who attests to the genuineness of a document or signature by adding their own signature
attracter,0.0,OBSCURE,3,noun.person,TEC,physics,True,False,False,obscure,an entertainer who attracts large audiences
auriculare,0.0,OBSCURE,1,noun.body,MED,,True,False,False,obscure,the craniometric point at the center of the opening of the external acoustic meatus
autostereotype,0.0,OBSCURE,1,noun.cognition,GENERAL,,False,False,False,obscure,the standardized mental picture held in common by members of a cultural group depicting an oversimplified image of themselves and their behaviour.
axseed,0.0,OBSCURE,1,noun.plant,BIO,,True,False,False,obscure,European herb resembling vetch; naturalized in the eastern United States; having umbels of pink-and-white flowers and sharp-angled pods
azymia,0.0,OBSCURE,1,noun.state,GENERAL,,True,False,False,obscure,absence of an enzyme
babbitting,0.0,OBSCURE,1,noun.act,GENERAL,,True,False,False,obscure,lining a surface or bearing with Babbitt metal
backflowing,0.0,OBSCURE,1,noun.event,GENERAL,,True,False,False,obscure,a flow that returns toward its source
bagascosis,0.0,OBSCURE,1,noun.state,GENERAL,,True,False,False,obscure,alveolitis caused by inhaling bagasse (sugarcane dust)
baggagewoman,0.0,OBSCURE,1,noun.person,GENERAL,,False,False,False,obscure,a female attendant who takes care of baggage
bakshis,0.0,OBSCURE,1,noun.possession,GENERAL,,True,False,False,obscure,a relatively small amount of money given for services rendered (as by a waiter)
balibago,0.0,OBSCURE,1,noun.plant,BIO,,True,False,False,obscure,shrubby tree widely distributed along tropical shores; yields a light tough wood used for canoe outriggers and a fiber used for cordage and caulk; often cultivated for ornament
ballup,0.0,OBSCURE,1,noun.act,GENERAL,,True,False,False,obscure,something badly botched or muddled
bandelette,0.0,OBSCURE,1,noun.artifact,GENERAL,,True,False,False,obscure,molding in the form of a ring; at top of a column
bandswoman,0.0,OBSCURE,1,noun.person,GENERAL,,False,False,False,obscure,a female player in a band (especially a military band)
bandtail,0.0,OBSCURE,1,noun.animal,BIO,,True,False,False,obscure,wild pigeon of western North America; often mistaken for the now extinct passenger pigeon
bandyleg,0.0,OBSCURE,1,noun.body,MED,,True,False,False,obscure,a leg bowed outward at the knee (or below the knee)
bartonia,0.0,OBSCURE,1,noun.plant,BIO,,True,False,False,obscure,annual grown especially for its fragrant golden nocturnal flowers
bassine,0.0,OBSCURE,1,noun.plant,BIO,,True,False,False,obscure,coarse leaf fiber from palmyra palms used in making brushes and brooms
basyonym,0.0,OBSCURE,1,noun.communication,GENERAL,,False,False,False,obscure,an original scientific name on which the modern name is based
batrachomyomachia,0.0,OBSCURE,1,noun.communication,GENERAL,,True,False,False,obscure,a silly altercation
battlesight,0.0,OBSCURE,1,noun.artifact,GENERAL,,True,False,False,obscure,an arrangement of sights that makes possible the rapid aiming of a firearm at short ranges
beagling,0.0,OBSCURE,1,noun.act,GENERAL,,True,False,False,obscure,hunting rabbits with beagles
beaugregory,0.0,OBSCURE,1,noun.animal,BIO,,True,False,False,obscure,a blue and yellow damselfish of Bermuda and Florida and the West Indies
befooling,0.0,OBSCURE,1,noun.communication,GENERAL,,True,False,False,obscure,derision of someone or something as foolish or absurd or inconsistent
beleaguering,0.0,OBSCURE,1,noun.act,SPECIAL,military,True,False,False,obscure,the action of an armed force that surrounds a fortified place and isolates it while continuing to attack
betise,0.0,OBSCURE,1,noun.act,GENERAL,,True,False,False,obscure,a stupid mistake
bialystoker,0.0,OBSCURE,1,noun.food,GENERAL,,True,False,False,obscure,flat crusty-bottomed onion roll
bignoniad,0.0,OBSCURE,1,noun.plant,BIO,,True,False,False,obscure,any woody plant of the family Bignoniaceae
billyoh,0.0,OBSCURE,1,noun.quantity,GENERAL,,True,False,False,obscure,an unimaginably large amount
bimli,0.0,OBSCURE,1,noun.plant,BIO,,True,False,False,obscure,valuable fiber plant of East Indies now widespread in cultivation
bioarm,0.0,OBSCURE,1,noun.artifact,GENERAL,,True,False,False,obscure,any weapon usable in biological warfare
bioflavinoid,0.0,OBSCURE,1,noun.substance,GENERAL,,True,False,False,obscure,a vitamin that maintains the resistance of cell and capillary walls to permeation
bispak,0.0,OBSCURE,1,noun.person,GENERAL,,False,False,False,obscure,A sexually promiscuous Indonesian woman
bitok,0.0,OBSCURE,1,noun.food,GENERAL,,True,False,False,obscure,a Russian dish made with patties of ground meat (mixed with onions and bread and milk) and served with a sauce of sour cream
blackbeetle,0.0,OBSCURE,1,noun.animal,BIO,,True,False,False,obscure,dark brown cockroach originally from orient now nearly cosmopolitan in distribution
blacktopping,0.0,OBSCURE,1,noun.substance,GENERAL,,True,False,False,obscure,a black bituminous material used for paving roads or other areas; usually spread over crushed rock
blastocytoma,0.0,OBSCURE,1,noun.state,GENERAL,,True,False,False,obscure,a tumor composed of immature undifferentiated cells
blepharism,0.0,OBSCURE,1,noun.state,GENERAL,,True,False,False,obscure,condition in which a person blinks continuously
bletia,0.0,OBSCURE,1,noun.plant,BIO,,True,False,False,obscure,any of various orchids of the genus Bletia having pseudobulbs and erect leafless racemes of large purple or pink flowers
bobfloat,0.0,OBSCURE,1,noun.artifact,GENERAL,,True,False,False,obscure,a small float usually made of cork; attached to a fishing line
bocconia,0.0,OBSCURE,2,noun.plant,BIO,,True,False,False,obscure,herb of China and Japan widely cultivated for its plumelike panicles of creamy white flowers
bogmat,0.0,OBSCURE,1,noun.plant,BIO,,True,False,False,obscure,having narrow flat sickle-shaped submerged fronds; North America
bolograph,0.0,OBSCURE,1,noun.artifact,GENERAL,,True,False,False,obscure,record or recording made by a bolometer
bonavist,0.0,OBSCURE,1,noun.plant,BIO,,True,False,False,obscure,perennial twining vine of Old World tropics having trifoliate leaves and racemes of fragrant purple pea-like flowers followed by maroon pods of edible seeds; grown as an ornamental and as a vegetable on the Indian subcontinent; sometimes placed in genus Dolichos
bookwoman,0.0,OBSCURE,1,noun.person,GENERAL,,False,False,False,obscure,a female learned person; someone who by long study has gained mastery in one or more disciplines
booyong,0.0,OBSCURE,1,noun.plant,BIO,,True,False,False,obscure,large tree of Australasia
botulismotoxin,0.0,OBSCURE,1,noun.substance,GENERAL,,True,False,False,obscure,potent bacterial toxin produced by the bacterium Clostridium botulinum that causes botulism; can be used as a bioweapon
bouchee,0.0,OBSCURE,1,noun.food,GENERAL,,True,False,False,obscure,shell of puff paste
bourtree,0.0,OBSCURE,1,noun.plant,BIO,,True,False,False,obscure,a common shrub with black fruit or a small tree of Europe and Asia; fruit used for wines and jellies
boxershorts,0.0,OBSCURE,1,noun.artifact,GENERAL,,True,False,False,obscure,underpants worn by men
branchiopodan,0.0,OBSCURE,1,noun.animal,BIO,,True,False,False,obscure,aquatic crustaceans typically having a carapace and many pairs of leaflike appendages used for swimming as well as respiration and feeding
brassavola,0.0,OBSCURE,1,noun.plant,BIO,,True,False,False,obscure,any of various tropical American orchids with usually solitary fleshy leaves and showy white to green nocturnally fragrant blossoms solitary or in racemes of up to 7
breakax,0.0,OBSCURE,1,noun.plant,BIO,,True,False,False,obscure,West Indian timber tree having very hard wood
breakaxe,0.0,OBSCURE,1,noun.plant,BIO,,True,False,False,obscure,West Indian timber tree having very hard wood
brierpatch,0.0,OBSCURE,1,noun.plant,BIO,,True,False,False,obscure,tangled mass of prickly plants
brierwood,0.0,OBSCURE,1,noun.plant,BIO,,True,False,False,obscure,wood from the hard woody root of the briar Erica arborea; used to make tobacco pipes
brodiaea,0.0,OBSCURE,1,noun.plant,BIO,,True,False,False,obscure,any of several plants of the genus Brodiaea having basal grasslike leaves and globose flower heads on leafless stems resembling those of genus Allium
bruitism,0.0,OBSCURE,1,noun.group,GENERAL,,False,False,False,obscure,The use in music of sounds taken from an extra-musical source or context. The term is used most often of percussion or of electronic music that suggests the sounds of machinery.
bryanthus,0.0,OBSCURE,1,noun.plant,BIO,,True,False,False,obscure,procumbent Old World mat-forming evergreen shrub with racemes of pinkish-white flowers
buckleya,0.0,OBSCURE,1,noun.plant,BIO,,True,False,False,obscure,parasitic shrub of the eastern United States having opposite leaves and insignificant greenish flowers followed by oily dull green olivelike fruits
budgerygah,0.0,OBSCURE,1,noun.animal,BIO,,True,False,False,obscure,small Australian parakeet usually light green with black and yellow markings in the wild but bred in many colors
bullbrier,0.0,OBSCURE,1,noun.plant,BIO,,True,False,False,obscure,a very prickly woody vine of the eastern United States growing in tangled masses having tough round stems with shiny leathery leaves and small greenish flowers followed by clusters of inedible shiny black berries
bullygirl,0.0,OBSCURE,1,noun.person,GENERAL,,False,False,False,obscure,a female swaggering tough; usually one acting as an agent of a political faction
burrawong,0.0,OBSCURE,1,noun.plant,BIO,,True,False,False,obscure,large attractive palmlike evergreen cycad of New South Wales
burunduki,0.0,OBSCURE,1,noun.animal,BIO,,True,False,False,obscure,terrestrial Siberian squirrel
butat,0.0,OBSCURE,1,noun.quantity,GENERAL,,True,False,False,obscure,100 bututs equal 1 dalasi in Gambia
cabbala,0.0,OBSCURE,1,noun.communication,GENERAL,,True,True,False,obscure,an esoteric or occult matter resembling the Kabbalah that is traditionally secret
cabbalah,0.0,OBSCURE,1,noun.communication,GENERAL,,True,True,False,obscure,an esoteric or occult matter resembling the Kabbalah that is traditionally secret
caipiblack,0.0,OBSCURE,1,noun.food,GENERAL,,False,False,False,obscure,a variation of the Caipirinha made with black vodka instead of cachaça.
calaba,0.0,OBSCURE,1,noun.plant,BIO,,True,False,False,obscure,West Indian tree having racemes of fragrant white flowers and yielding a durable timber and resinous juice
calabura,0.0,OBSCURE,1,noun.plant,BIO,,True,False,False,obscure,a fast-growing tropical American evergreen having white flowers and fleshy edible fruit; a bark yields a silky fiber used in cordage and wood is valuable for staves
caladenia,0.0,OBSCURE,1,noun.plant,BIO,,True,False,False,obscure,any of various orchids of the genus Caladenia
callosectomy,0.0,OBSCURE,1,noun.act,GENERAL,,True,False,False,obscure,severing the corpus callosum so that communication between the cerebral hemispheres is interrupted (in cases of severe intractable epilepsy)
calosoma,0.0,OBSCURE,1,noun.animal,BIO,,True,False,False,obscure,any beetle of the genus Calosoma
camash,0.0,OBSCURE,1,noun.plant,BIO,,True,False,False,obscure,any of several plants of the genus Camassia; North and South America
camosh,0.0,OBSCURE,1,noun.plant,BIO,,True,False,False,obscure,any of several plants of the genus Camassia; North and South America
campeachy,0.0,OBSCURE,1,noun.plant,BIO,,True,False,False,obscure,spiny shrub or small tree of Central America and West Indies having bipinnate leaves and racemes of small bright yellow flowers and yielding a hard brown or brownish-red heartwood used in preparing a black dye
canafistola,0.0,OBSCURE,1,noun.plant,BIO,,True,False,False,obscure,deciduous or semi-evergreen tree having scented sepia to yellow flowers in drooping racemes and pods whose pulp is used medicinally; tropical Asia and Central and South America and Australia
candyweed,0.0,OBSCURE,1,noun.plant,BIO,,True,False,False,obscure,bog plant of pine barrens of southeastern United States having spikes of irregular yellow-orange flowers
cannulisation,0.0,OBSCURE,1,noun.act,GENERAL,,True,False,False,obscure,the insertion of a cannula or tube into a hollow body organ
canulisation,0.0,OBSCURE,1,noun.act,GENERAL,,True,False,False,obscure,the insertion of a cannula or tube into a hollow body organ
canulization,0.0,OBSCURE,1,noun.act,GENERAL,,True,False,False,obscure,the insertion of a cannula or tube into a hollow body organ
caracolito,0.0,OBSCURE,1,noun.plant,BIO,,True,False,False,obscure,large Costa Rican tree having light-colored wood suitable for cabinetry; similar to the African lepidobotrys in wood structure as well as in fruit and flowers and leaves and seeds; often classified in other families
carpenteria,0.0,OBSCURE,1,noun.plant,BIO,,True,False,False,obscure,California evergreen shrub having glossy opposite leaves and terminal clusters of a few fragrant white flowers
casquet,0.0,OBSCURE,1,noun.artifact,GENERAL,,True,False,False,obscure,a light open casque without a visor or beaver
catananche,0.0,OBSCURE,1,noun.plant,BIO,,True,False,False,obscure,any of several plants of the genus Catananche having long-stalked heads of blue or yellow flowers
cataphatism,0.0,OBSCURE,1,noun.cognition,GENERAL,,True,False,False,obscure,"the religious belief that God has given enough clues to be known to humans positively and affirmatively (e.g., God created Adam ‘in his own image’)"
catathymia,0.0,OBSCURE,1,noun.state,GENERAL,,False,False,False,obscure,A state in which mental processes are under the control of the emotions.
categoreme,0.0,OBSCURE,1,noun.communication,GENERAL,,True,False,False,obscure,a categorematic expression; a term capable of standing alone as the subject or predicate of a logical proposition
cattleship,0.0,OBSCURE,1,noun.artifact,GENERAL,,True,False,False,obscure,a cargo ship for the transport of livestock
celioma,0.0,OBSCURE,1,noun.state,GENERAL,,True,False,False,obscure,an abdominal tumor
centas,0.0,OBSCURE,1,noun.quantity,GENERAL,,True,False,False,obscure,100 centas equal 1 litas in Lithuania
cephalaspid,0.0,OBSCURE,1,noun.animal,BIO,,True,False,False,obscure,extinct jawless fish of the Devonian with armored head
ceratodus,0.0,OBSCURE,1,noun.animal,BIO,,True,False,False,obscure,extinct lungfish
ceratosaurus,0.0,OBSCURE,1,noun.animal,BIO,,True,False,False,obscure,primitive medium-sized theropod; swift-running bipedal carnivorous dinosaur having grasping hands with sharp claws and a short horn between the nostrils; Jurassic in North America
ceratozamia,0.0,OBSCURE,1,noun.plant,BIO,,True,False,False,obscure,a small cycad of the genus Ceratozamia having a short scaly woody trunk and fernlike foliage and woody cones; Mexico
cetchup,0.0,OBSCURE,1,noun.food,GENERAL,,True,False,False,obscure,thick spicy sauce made from tomatoes
chaenactis,0.0,OBSCURE,1,noun.plant,BIO,,True,False,False,obscure,any of several United States plants having long stalks of funnel-shaped white or yellow flowers
chalcidfly,0.0,OBSCURE,1,noun.animal,BIO,,True,False,False,obscure,any of various tiny insects whose larvae are parasites on eggs and larvae of other insects; many are beneficial in destroying injurious insects
chamarre,0.0,OBSCURE,1,noun.artifact,GENERAL,,False,False,False,obscure,"a fur-lined coat decorated with braid, worn in the sixteenth century."
chanar,0.0,OBSCURE,1,noun.plant,BIO,,True,False,False,obscure,thorny shrub or small tree common in central Argentina having small orange or yellow flowers followed by edible berries
chargewoman,0.0,OBSCURE,1,noun.person,GENERAL,,False,False,False,obscure,a female workman employed to blast with explosives
chebab,0.0,OBSCURE,1,noun.person,GENERAL,,True,False,False,obscure,a Palestinian juvenile 10-15 years old who fights against the Israelis
cheeseflower,0.0,OBSCURE,1,noun.plant,BIO,,True,False,False,obscure,erect or decumbent Old World perennial with axillary clusters of rosy-purple flowers; introduced in United States
chemosorption,0.0,OBSCURE,1,noun.process,GENERAL,,True,False,False,obscure,adsorption (especially when irreversible) by means of chemical instead of physical forces
chenfish,0.0,OBSCURE,1,noun.animal,BIO,,True,False,False,obscure,small silvery marine food fish found off California
cherimolla,0.0,OBSCURE,1,noun.food,GENERAL,,True,False,False,obscure,large tropical fruit with leathery skin and soft pulp; related to custard apples
chichipe,0.0,OBSCURE,1,noun.plant,BIO,,True,False,False,obscure,tall treelike Mexican cactus with edible red fruit
chickeree,0.0,OBSCURE,1,noun.animal,BIO,,True,False,False,obscure,far western United States counterpart of the red squirrel
chiggerflower,0.0,OBSCURE,1,noun.plant,BIO,,True,False,False,obscure,erect perennial of eastern and southern United States having showy orange flowers
chiocciole,0.0,OBSCURE,1,noun.food,GENERAL,,False,False,False,obscure,a type of pasta that is elbow-shaped.
chittimwood,0.0,OBSCURE,2,noun.plant,BIO,,True,False,False,obscure,shrubby tree of the Pacific coast of the United States; yields cascara sagrada
chlorobenzylidenemalononitrile,0.0,OBSCURE,1,noun.substance,GENERAL,,True,False,False,obscure,a tear gas that is stronger than CN gas but wears off faster; can be deployed by grenades or cluster bombs; can cause skin burns and fatal pulmonary edema
chopsteak,0.0,OBSCURE,1,noun.food,GENERAL,,True,False,False,obscure,a patty of ground cooked beef
chordomesoderm,0.0,OBSCURE,1,noun.animal,BIO,,True,False,False,obscure,the area of mesoderm that forms the notochord
christella,0.0,OBSCURE,1,noun.plant,BIO,,True,False,False,obscure,any of several tropical ferns of the genus Christella having thin brittle fronds
chutzpanik,0.0,OBSCURE,1,noun.person,GENERAL,,True,False,False,obscure,(Yiddish) a person characterized by chutzpa
ciderpress,0.0,OBSCURE,1,noun.artifact,GENERAL,,True,False,False,obscure,a press that is used to extract the juice from apples
clangoring,0.0,OBSCURE,1,noun.event,GENERAL,,True,False,False,obscure,a loud resonant repeating noise
clinocephalism,0.0,OBSCURE,1,noun.state,GENERAL,,True,False,False,obscure,a congenital defect in which the top of the head is depressed (concave instead of convex)
clothespress,0.0,OBSCURE,1,noun.artifact,GENERAL,,True,False,False,obscure,a closet where clothes are stored
coalwoman,0.0,OBSCURE,1,noun.person,GENERAL,,False,False,False,obscure,a woman who delivers coal
coldcream,0.0,OBSCURE,1,noun.artifact,GENERAL,,True,False,False,obscure,a cream used cosmetically (mostly by women) for softening and cleaning the skin
coloradillo,0.0,OBSCURE,1,noun.plant,BIO,,True,False,False,obscure,handsome shrub with showy orange to scarlet or crimson flowers; Florida and West Indies to Mexico and Brazil
colpocystitis,0.0,OBSCURE,1,noun.state,GENERAL,,True,False,False,obscure,inflammation of the vagina and bladder
colpocystocele,0.0,OBSCURE,1,noun.state,GENERAL,,True,False,False,obscure,hernia in which the urinary bladder protrudes through the wall of the vagina; sometimes occurs after childbirth
colpoxerosis,0.0,OBSCURE,1,noun.state,GENERAL,,True,False,False,obscure,a condition in which the vagina is unusually dry
columnea,0.0,OBSCURE,1,noun.plant,BIO,,True,False,False,obscure,tropical plant having thick hairy somewhat toothed leaves and solitary or clustered yellow to scarlet flowers; many cultivated for their flowers and ornamental foliage
commelina,0.0,OBSCURE,1,noun.plant,BIO,,True,False,False,obscure,any plant of the genus Commelina
compsognathus,0.0,OBSCURE,1,noun.animal,BIO,,True,False,False,obscure,very small bipedal carnivorous dinosaur of the late Jurassic in Bavaria
conchfish,0.0,OBSCURE,1,noun.animal,BIO,,True,False,False,obscure,found in West Indies; lives in mantle cavity of a living conch
conessi,0.0,OBSCURE,1,noun.plant,BIO,,True,False,False,obscure,tropical Asian tree with hard white wood and bark formerly used as a remedy for dysentery and diarrhea
congenator,0.0,OBSCURE,1,noun.animal,BIO,,True,False,False,obscure,an animal or plant that bears a relationship to another (as related by common descent or by membership in the same genus)
conservativist,0.0,OBSCURE,1,noun.person,GENERAL,,True,False,False,obscure,a person who is reluctant to accept changes and new ideas
consuetudinal,0.0,OBSCURE,1,noun.communication,GENERAL,,True,False,False,obscure,a manual describing the customs of a particular group (especially the ceremonial practices of a monastic order)
convictfish,0.0,OBSCURE,1,noun.animal,BIO,,True,False,False,obscure,greenling with whitish body marked with black bands
coolwart,0.0,OBSCURE,1,noun.plant,BIO,,True,False,False,obscure,stoloniferous white-flowered spring-blooming woodland plant
corakan,0.0,OBSCURE,1,noun.plant,BIO,,True,False,False,obscure,"East Indian cereal grass whose seed yield a somewhat bitter flour, a staple in the Orient"
corditis,0.0,OBSCURE,1,noun.state,GENERAL,,True,False,False,obscure,"inflammation of the spermatic cord, accompanied by pain in the testis, generally caused by an infection originating in the urethra or by a tumor, hydrocele, or varicocele"
cornsmut,0.0,OBSCURE,1,noun.plant,BIO,,True,False,False,obscure,a smut fungus attacking Indian corn
corundom,0.0,OBSCURE,1,noun.substance,GENERAL,,True,False,False,obscure,very hard mineral used as an abrasive
coryphantha,0.0,OBSCURE,1,noun.plant,BIO,,True,False,False,obscure,a cactus of the genus Coryphantha
corythosaur,0.0,OBSCURE,1,noun.animal,BIO,,True,False,False,obscure,duck-billed dinosaur with nasal passages that expand into a crest like a hollow helmet
corythosaurus,0.0,OBSCURE,1,noun.animal,BIO,,True,False,False,obscure,duck-billed dinosaur with nasal passages that expand into a crest like a hollow helmet
cosec,0.0,OBSCURE,1,noun.relation,GENERAL,,True,False,False,obscure,ratio of the hypotenuse to the opposite side of a right-angled triangle
cosmea,0.0,OBSCURE,1,noun.plant,BIO,,True,False,False,obscure,any of various mostly Mexican herbs of the genus Cosmos having radiate heads of variously colored flowers and pinnate leaves; popular fall-blooming annuals
cosmopolitanity,0.0,OBSCURE,1,noun.attribute,GENERAL,,False,False,False,obscure,a state or quality of being cosmopolitan
costia,0.0,OBSCURE,1,noun.animal,BIO,,True,False,False,obscure,a flagellate that is the cause of the frequently fatal fish disease costiasis
costiasis,0.0,OBSCURE,1,noun.state,GENERAL,,True,False,False,obscure,a fatal disease of freshwater fish caused by a flagellated protozoan invading the skin
costusroot,0.0,OBSCURE,1,noun.plant,BIO,,True,False,False,obscure,annual herb of the eastern Himalayas (Kashmir) having purple florets and a fragrant root that yields a volatile oil used in perfumery and for preserving furs
cotan,0.0,OBSCURE,1,noun.relation,GENERAL,,True,False,False,obscure,ratio of the adjacent to the opposite side of a right-angled triangle
cotilion,0.0,OBSCURE,2,noun.event,GENERAL,,True,False,False,obscure,a ball at which young ladies are presented to society
counterbombardment,0.0,OBSCURE,1,noun.act,GENERAL,,True,False,False,obscure,bombardment intended to destroy or neutralize enemy weapons
counterreformation,0.0,OBSCURE,1,noun.state,GENERAL,,True,False,False,obscure,a reformation intended to counter the results of a prior reformation
coyol,0.0,OBSCURE,1,noun.plant,BIO,,True,False,False,obscure,tropical American palm having edible nuts and yielding a useful fiber
crackswoman,0.0,OBSCURE,1,noun.person,GENERAL,,False,False,False,obscure,a female thief who breaks open safes to steal valuable contents
crinion,0.0,OBSCURE,1,noun.location,GENERAL,,True,False,False,obscure,point where the hairline meets the midpoint of the forehead
crotaphion,0.0,OBSCURE,1,noun.body,MED,,True,False,False,obscure,the tip of the greater wing of the sphenoid bone
crotonbug,0.0,OBSCURE,1,noun.animal,BIO,,True,False,False,obscure,small light-brown cockroach brought to United States from Europe; a common household pest
crottal,0.0,OBSCURE,1,noun.plant,BIO,,True,False,False,obscure,any of several lichens of the genus Parmelia from which reddish brown or purple dyes are made
cryaesthesia,0.0,OBSCURE,1,noun.state,GENERAL,,True,False,False,obscure,hypersensitivity to cold
cryptocoryne,0.0,OBSCURE,1,noun.plant,BIO,,True,False,False,obscure,any plant of the genus Cryptocoryne; evergreen perennials growing in fresh or brackish water; tropical Asia
cryptorchidy,0.0,OBSCURE,1,noun.state,GENERAL,,True,False,False,obscure,failure of one or both testes to move into the scrotum as the male fetus develops
cumarone,0.0,OBSCURE,1,noun.substance,GENERAL,,True,False,False,obscure,a colorless oily compound extracted from coal tar and used in manufacturing synthetic resins
cyanuramide,0.0,OBSCURE,1,noun.substance,GENERAL,,True,False,False,obscure,a white crystalline organic base; used mainly in making melamine resins
cymbid,0.0,OBSCURE,1,noun.plant,BIO,,True,False,False,obscure,any of various plants of the genus Cymbidium having narrow leaves and a long drooping cluster of numerous showy and variously colored boat-shaped flowers; extensively hybridized and cultivated as houseplants and important florists' flowers
cynanchum,0.0,OBSCURE,1,noun.plant,BIO,,False,False,False,obscure,any of various mostly giant tropical lianas of Africa and Madagascar having greenish or purple flowers and long smooth pods; roots formerly used as an emetic
cynancum,0.0,OBSCURE,1,noun.plant,BIO,,True,False,False,obscure,any of various mostly giant tropical lianas of Africa and Madagascar having greenish or purple flowers and long smooth pods; roots formerly used as an emetic
cypre,0.0,OBSCURE,1,noun.plant,BIO,,True,False,False,obscure,large tropical American tree of the genus Cordia grown for its abundant creamy white flowers and valuable wood
cypripedia,0.0,OBSCURE,1,noun.plant,BIO,,True,False,False,obscure,a plant or flower of the genus Cypripedium
cyrilla,0.0,OBSCURE,1,noun.plant,BIO,,True,False,False,obscure,shrub or small tree of southeastern United States to West Indies and Brazil; grown for the slender racemes of white flowers and orange and crimson foliage
cystoparalysis,0.0,OBSCURE,1,noun.state,GENERAL,,True,False,False,obscure,paralysis of the urinary bladder
czworniak,0.0,OBSCURE,1,noun.food,GENERAL,,False,False,False,obscure,"a Polish mead, made using three units of water for each unit of honey."
daktylos,0.0,OBSCURE,1,noun.quantity,GENERAL,,False,False,False,obscure,a Greek unit of length equal to one centimeter.
davallia,0.0,OBSCURE,1,noun.plant,BIO,,True,False,False,obscure,any fern of the genus Davallia; having scaly creeping rhizomes
decoagulant,0.0,OBSCURE,1,noun.artifact,GENERAL,,True,False,False,obscure,medicine that prevents or retards the clotting of blood
decumary,0.0,OBSCURE,1,noun.plant,BIO,,True,False,False,obscure,woody climber of southeastern United States having white flowers in compound terminal clusters
delimber,0.0,OBSCURE,1,noun.artifact,GENERAL,,False,False,False,obscure,a machine for removing limbs from trees with a saw or flailing chains.
demographist,0.0,OBSCURE,1,noun.person,GENERAL,,True,False,False,obscure,a scientist who studies the growth and density of populations and their vital statistics
deoxyadenylate,0.0,OBSCURE,1,noun.substance,GENERAL,,False,False,False,obscure,nucleotide derived from adenine with a deoxyribose sugar and a phosphate group
deoxyguanylate,0.0,OBSCURE,1,noun.substance,GENERAL,,False,False,False,obscure,nucleotide derived from guanine with a deoxyribose sugar and a phosphate group
deprecatio,0.0,OBSCURE,1,noun.communication,GENERAL,,False,False,False,obscure,"a praying against evil, against others, or oneself; a prayer for the removal of some evil."
dermatoglyphic,0.0,OBSCURE,1,noun.shape,GENERAL,,True,False,False,obscure,the lines that form patterns on the skin (especially on the fingertips and the palms of the hands and the soles of the feet)
descensus,0.0,OBSCURE,1,noun.state,GENERAL,,True,False,False,obscure,the slipping or falling out of place of an organ (as the uterus)
deskwoman,0.0,OBSCURE,1,noun.person,GENERAL,,False,False,False,obscure,a female desk sergeant
destalinisation,0.0,OBSCURE,1,noun.process,GENERAL,,True,False,False,obscure,social process of neutralizing the influence of Joseph Stalin by revising his policies and removing monuments dedicated to him and renaming places named in his honor
desynchronizing,0.0,OBSCURE,1,noun.relation,GENERAL,,True,False,False,obscure,the relation that exists when things occur at unrelated times
dhava,0.0,OBSCURE,1,noun.plant,BIO,,True,False,False,obscure,an Indian tree of the family Combretaceae that is a source of timber and gum
diabolatry,0.0,OBSCURE,1,noun.act,GENERAL,,True,False,False,obscure,the acts or rites of worshiping devils
diapheromera,0.0,OBSCURE,1,noun.animal,BIO,,True,False,False,obscure,a variety of stick insect
dibrach,0.0,OBSCURE,1,noun.communication,GENERAL,,True,False,False,obscure,a metrical unit with unstressed-unstressed syllables
dibranch,0.0,OBSCURE,1,noun.animal,BIO,,True,False,False,obscure,cephalopods having two gills
dicamptodon,0.0,OBSCURE,1,noun.animal,BIO,,True,False,False,obscure,salamanders found near cold streams throughout the year
dichromia,0.0,OBSCURE,1,noun.state,GENERAL,,True,False,False,obscure,a deficiency of color vision in which the person can match any given hue by mixing only two other wavelengths of light (as opposed to the three wavelengths needed by people with normal color vision)
dickeybird,0.0,OBSCURE,1,noun.animal,BIO,,True,False,False,obscure,small bird; adults talking to children sometimes use these words to refer to small birds
dictostylium,0.0,OBSCURE,1,noun.plant,BIO,,True,False,False,obscure,any slime mold of the genus Dictostylium
diddlyshit,0.0,OBSCURE,1,noun.quantity,GENERAL,,True,False,False,obscure,a small worthless amount
dideoxycytosine,0.0,OBSCURE,1,noun.artifact,GENERAL,,True,False,False,obscure,an antiviral drug used to combat HIV infection; a nucleoside analog reverse transcriptase inhibitor (NARTI)
dielectrolysis,0.0,OBSCURE,1,noun.process,GENERAL,,True,False,False,obscure,the motion of charged particles in a colloid under the influence of an electric field; particles with a positive charge go to the cathode and negative to the anode
diethylmalonylurea,0.0,OBSCURE,1,noun.artifact,GENERAL,,True,False,False,obscure,a barbiturate used as a hypnotic
difflugia,0.0,OBSCURE,1,noun.animal,BIO,,True,False,False,obscure,a protozoan with an ovoid shell of cemented sand grains
dillenia,0.0,OBSCURE,1,noun.plant,BIO,,True,False,False,obscure,any of several evergreen trees or shrubs of the genus Dillenia grown for their foliage and nodding flowers resembling magnolias which are followed by fruit that is used in curries and jellies and preserves
dinocerate,0.0,OBSCURE,1,noun.animal,BIO,,True,False,False,obscure,an extinct ungulate
dioon,0.0,OBSCURE,1,noun.plant,BIO,,True,False,False,obscure,any cycad of the genus Dioon; handsome palmlike cycads with robust crowns of leaves and rugged trunks
directioner,0.0,OBSCURE,1,noun.person,GENERAL,,False,False,False,obscure,a fan on the band One Direction
doodia,0.0,OBSCURE,1,noun.plant,BIO,,True,True,False,obscure,any fern of the genus Doodia having pinnate fronds with sharply dentate pinnae
doorlock,0.0,OBSCURE,1,noun.artifact,GENERAL,,True,False,False,obscure,a lock on an exterior door
doppelzentner,0.0,OBSCURE,1,noun.quantity,GENERAL,,True,False,False,obscure,a unit of weight equal to 100 kilograms in the metric system
dotrel,0.0,OBSCURE,1,noun.animal,BIO,,True,False,False,obscure,rare plover of upland areas of Eurasia
drekkar,0.0,OBSCURE,1,noun.artifact,GENERAL,,False,False,False,obscure,"a Viking longship, described in historical sources as elegant and ornately decorated, and used by those who went raiding and plundering."
drypis,0.0,OBSCURE,1,noun.plant,BIO,,True,False,False,obscure,spiny-leaved perennial herb of southern Europe having terminal clusters of small flowers
ductulus,0.0,OBSCURE,1,noun.body,MED,,True,False,False,obscure,a very small duct
duodiode,0.0,OBSCURE,1,noun.artifact,GENERAL,,False,False,False,obscure,"an electron tube having two diodes in the same envelope, with either a common cathode or separate cathodes."
dustmop,0.0,OBSCURE,1,noun.artifact,GENERAL,,True,False,False,obscure,a dry swab for dusting floors
dwojniak,0.0,OBSCURE,1,noun.food,GENERAL,,False,False,False,obscure,"a Polish mead, made using equal amounts of water and honey."
dysaphia,0.0,OBSCURE,1,noun.state,GENERAL,,True,False,False,obscure,a disorder in the sense of touch
dysomia,0.0,OBSCURE,1,noun.state,GENERAL,,True,False,False,obscure,impairment of the sense of smell
eblis,0.0,OBSCURE,1,noun.person,SPECIAL,Islam,True,False,False,obscure,(Islam) the principal evil jinni in Islamic mythology
ecrevisse,0.0,OBSCURE,2,noun.food,GENERAL,,True,False,False,obscure,tiny lobster-like crustaceans usually boiled briefly
eggshake,0.0,OBSCURE,1,noun.food,GENERAL,,True,False,False,obscure,a milkshake with egg in it
elsholtzia,0.0,OBSCURE,1,noun.plant,BIO,,True,False,False,obscure,any of various aromatic herbs of the genus Elsholtzia having blue or purple flowers in one-sided spikes
emunctorium,0.0,OBSCURE,1,noun.artifact,GENERAL,,False,False,False,obscure,a white linen cloth which is used to wipe the chalice after each communicant partakes.
encephalartos,0.0,OBSCURE,1,noun.plant,BIO,,True,False,False,obscure,any of numerous cycads of the genus Encephalartos having stout cylindrical trunks and a terminal crown of long often spiny pinnate leaves
endaemonism,0.0,OBSCURE,1,noun.cognition,GENERAL,,True,False,False,obscure,an ethical system that evaluates actions by reference to personal well-being through a life based on reason
endopsammon,0.0,OBSCURE,1,noun.animal,BIO,,False,False,False,obscure,The microscopic fauna of sand and mud.
endozoan,0.0,OBSCURE,1,noun.animal,BIO,,True,False,False,obscure,any of various parasites that live in the internal organs of animals (especially intestinal worms)
energetism,0.0,OBSCURE,1,noun.cognition,GENERAL,,False,False,False,obscure,the philosophical theory that energy is the substrate of all phenomena and that all observable changes can be interpreted as transformations of one kind of energy into another.
engelmannia,0.0,OBSCURE,1,noun.plant,BIO,,True,False,False,obscure,common erect hairy perennial of plains and prairies of southern and central United States having flowers that resemble sunflowers
enteroceptor,0.0,OBSCURE,1,noun.body,MED,,True,False,False,obscure,any receptor that responds to stimuli inside the body
entomion,0.0,OBSCURE,1,noun.body,MED,,True,False,False,obscure,the craniometric point at the tip of the angular part of the parietal bone that articulates with the temporal bone
entrecote,0.0,OBSCURE,1,noun.food,GENERAL,,True,False,False,obscure,cut of meat taken from between the ribs
eoraptor,0.0,OBSCURE,1,noun.animal,BIO,,True,False,False,obscure,a theropod dinosaur of the genus Eoraptor
epidendron,0.0,OBSCURE,1,noun.plant,BIO,,True,False,False,obscure,any of various orchids of the genus Epidendrum
epixylon,0.0,OBSCURE,1,noun.animal,BIO,,False,False,False,obscure,organisms that are attached to submerged wood surfaces in aquatic ecosystems.
eptatretus,0.0,OBSCURE,1,noun.animal,BIO,,True,False,False,obscure,a fossil hagfish of the genus Eptatretus
ergotropism,0.0,OBSCURE,1,noun.act,GENERAL,,True,False,False,obscure,an affinity for work
erythrocytolysin,0.0,OBSCURE,1,noun.substance,GENERAL,,True,False,False,obscure,any substance that can cause lysis (destruction) of erythrocytes (red blood cells) and the release of their hemoglobin
erythrolysin,0.0,OBSCURE,1,noun.substance,GENERAL,,True,False,False,obscure,any substance that can cause lysis (destruction) of erythrocytes (red blood cells) and the release of their hemoglobin
etymologizing,0.0,OBSCURE,1,noun.communication,SPECIAL,historical linguistics,True,False,False,obscure,(historical linguistics) an explanation of the historical origins of a word or phrase
everting,0.0,OBSCURE,1,noun.act,SPECIAL,sexual activity,True,False,False,obscure,the act of turning inside out
exbibit,0.0,OBSCURE,1,noun.quantity,GENERAL,,True,False,False,obscure,a unit of information equal to 1024 pebibits or 2^60 bits
excisewoman,0.0,OBSCURE,1,noun.person,GENERAL,,False,False,False,obscure,a woman who collects taxes for the government
extractivity,0.0,OBSCURE,1,noun.quantity,GENERAL,,False,False,False,obscure,the amount of extract that grains of malt yield.
ezed,0.0,OBSCURE,1,noun.communication,GENERAL,,True,False,False,obscure,the 26th letter of the Roman alphabet
fastnacht,0.0,OBSCURE,1,noun.food,GENERAL,,True,False,False,obscure,doughnut traditionally eaten on Shrove Tuesday
fedelline,0.0,OBSCURE,1,noun.food,GENERAL,,True,False,False,obscure,extremely fine pasta thinner than vermicelli
federita,0.0,OBSCURE,1,noun.plant,BIO,,True,False,False,obscure,a Sudanese sorghum having exceptionally large soft white grains
femtovolt,0.0,OBSCURE,1,noun.quantity,GENERAL,,True,False,False,obscure,a unit of potential equal to one quadrillionth of a volt (or one thousandth of a picovolt)
fencesitter,0.0,OBSCURE,1,noun.person,SPECIAL,politics,True,False,False,obscure,a neutral or uncommitted person (especially in politics)
feryaz,0.0,OBSCURE,1,noun.artifact,GENERAL,,False,False,False,obscure,"a broad kaftan with long sleeves, worn by the nobility in Russia in the 16th and 17th centuries."
fibromyositis,0.0,OBSCURE,1,noun.state,GENERAL,,True,False,False,obscure,local inflammation of muscle and connective tissue
fieldswoman,0.0,OBSCURE,1,noun.person,GENERAL,,False,False,False,obscure,a female member of the cricket team that is fielding rather than batting
filago,0.0,OBSCURE,1,noun.plant,BIO,,True,False,False,obscure,any plant of the genus Filago having capitate clusters of small woolly flower heads
fingerflower,0.0,OBSCURE,1,noun.plant,BIO,,True,False,False,obscure,tall leafy European biennial or perennial having spectacular clusters of large tubular pink-purple flowers; leaves yield drug digitalis and are poisonous to livestock
flatbrod,0.0,OBSCURE,1,noun.food,GENERAL,,True,False,False,obscure,the thin wafer-like bread of Scandinavia
floodhead,0.0,OBSCURE,1,noun.phenomenon,GENERAL,,True,False,False,obscure,a wall of water rushing ahead of the flood
fluoridisation,0.0,OBSCURE,1,noun.act,GENERAL,,True,False,False,obscure,the addition of a fluoride to the water supply (to prevent dental decay)
fluoroboride,0.0,OBSCURE,1,noun.substance,GENERAL,,True,False,False,obscure,a salt of fluoroboric acid
fluxmeter,0.0,OBSCURE,1,noun.artifact,GENERAL,,True,False,False,obscure,meter that measures magnetic flux by the current it generates in a coil
fogsignal,0.0,OBSCURE,1,noun.communication,GENERAL,,True,False,False,obscure,a loud low warning signal that can be heard by fogbound ships
footfault,0.0,OBSCURE,1,noun.act,GENERAL,,True,False,False,obscure,a fault that occurs when the server in tennis fails to keep both feet behind the baseline
foryml,0.0,OBSCURE,1,noun.substance,TEC,chemistry,True,False,False,obscure,(chemistry) the negative univalent acyl radical CHO that occurs in aldehydes
freeperson,0.0,OBSCURE,1,noun.person,GENERAL,,False,False,False,obscure,a person who is not a serf or a slave
frijolito,0.0,OBSCURE,1,noun.plant,BIO,,True,False,False,obscure,shrub or small tree having pinnate leaves poisonous to livestock and dense racemes of intensely fragrant blue flowers and red beans
frontstall,0.0,OBSCURE,1,noun.artifact,GENERAL,,True,False,False,obscure,medieval plate armor to protect a horse's head
fthm,0.0,OBSCURE,2,noun.quantity,TEC,mining,True,False,False,obscure,a linear unit of measurement (equal to 6 feet) for water depth
fuglewoman,0.0,OBSCURE,1,noun.person,GENERAL,,False,False,False,obscure,a female leader and organizer and spokesman (especially a political leader)
fumeroot,0.0,OBSCURE,1,noun.plant,BIO,,True,False,False,obscure,delicate European herb with greyish leaves and spikes of purplish flowers; formerly used medicinally
funrun,0.0,OBSCURE,1,noun.event,GENERAL,,True,False,False,obscure,a footrace run for fun (often including runners who are sponsored for a charity)
furket,0.0,OBSCURE,1,noun.artifact,GENERAL,,False,False,False,obscure,"A forked pole, about four feet in length, used as a support for muskets."
galactosis,0.0,OBSCURE,1,noun.process,GENERAL,,True,False,False,obscure,the secretion of milk
galere,0.0,OBSCURE,1,noun.group,GENERAL,,True,False,False,obscure,a coterie of undesirable people
gallous,0.0,OBSCURE,1,noun.artifact,GENERAL,,True,False,False,obscure,alternative terms for gallows
gametoecium,0.0,OBSCURE,1,noun.plant,BIO,,True,False,False,obscure,gametangia and surrounding bracts
garambulla,0.0,OBSCURE,2,noun.plant,BIO,,True,False,False,obscure,arborescent cactus of western Mexico bearing a small oblong edible berrylike fruit
gastrolobium,0.0,OBSCURE,1,noun.plant,BIO,,True,False,False,obscure,any of various Australian evergreen shrubs of the genus Gastrolobium having whorled compound leaves poisonous to livestock and showy yellow to deep reddish-orange flowers followed by two-seeded pods
gastromy,0.0,OBSCURE,1,noun.act,GENERAL,,True,False,False,obscure,surgical incision into the stomach
gastromycete,0.0,OBSCURE,1,noun.plant,BIO,,True,False,False,obscure,any fungus of the class Gasteromycetes
gaswoman,0.0,OBSCURE,1,noun.person,GENERAL,,False,False,False,obscure,a woman employed by a gas company
gauffer,0.0,OBSCURE,2,noun.artifact,GENERAL,,True,False,False,obscure,an iron used to press pleats and ridges
geezerhood,0.0,OBSCURE,1,noun.time,GENERAL,,True,False,False,obscure,a late time of life
genlisea,0.0,OBSCURE,1,noun.plant,BIO,,True,False,False,obscure,rootless carnivorous swamp plants having at the base of the stem a rosette of foliage and leaves consisting of slender tubes swollen in the middle to form traps; each tube passes into two long spirally twisted arms with stiff hairs
ghatti,0.0,OBSCURE,1,noun.substance,GENERAL,,True,False,False,obscure,an Indian gum from the dhawa tree; used as a substitute for gum arabic
gipsywort,0.0,OBSCURE,1,noun.plant,BIO,,True,False,False,obscure,hairy Eurasian herb with two-lipped white flowers
glareole,0.0,OBSCURE,1,noun.animal,BIO,,True,False,False,obscure,Old World shorebird with long pointed wings and short legs; closely related to the coursers
gliricidia,0.0,OBSCURE,1,noun.plant,BIO,,True,False,False,obscure,any of several small deciduous trees valued for their dark wood and dense racemes of nectar-rich pink flowers grown in great profusion on arching branches; roots and bark and leaves and seeds are poisonous
glycerogelatin,0.0,OBSCURE,1,noun.substance,GENERAL,,True,False,False,obscure,a medicated skin preparation made from glycerin and glycerinated gelatin
gnetum,0.0,OBSCURE,1,noun.plant,BIO,,True,False,False,obscure,small tropical tree with tiered branches and divaricate branchlets having broad glossy dark green leaves; exploited for its edible young leaves and seeds that provide a fine flour
goldbricking,0.0,OBSCURE,1,noun.act,GENERAL,,True,False,False,obscure,the evasion of work or duty
golfcart,0.0,OBSCURE,1,noun.artifact,GENERAL,,True,False,False,obscure,a small motor vehicle in which golfers can ride between shots
golfclub,0.0,OBSCURE,1,noun.artifact,GENERAL,,False,False,False,obscure,golf equipment used by a golfer to hit a golf ball
gosmore,0.0,OBSCURE,1,noun.plant,BIO,,True,False,False,obscure,European weed widely naturalized in North America having yellow flower heads and leaves resembling a cat's ears
gracilariid,0.0,OBSCURE,1,noun.animal,BIO,,True,False,False,obscure,small dull or metallic-colored tineoid moths whose larvae mine in plant leaves
groenendael,0.0,OBSCURE,1,noun.animal,BIO,,True,False,False,obscure,black-coated sheepdog with a heavily plumed tail
gynaeolatry,0.0,OBSCURE,1,noun.act,GENERAL,,True,False,False,obscure,the worship of women
gyromitra,0.0,OBSCURE,1,noun.plant,BIO,,True,False,False,obscure,any fungus of the genus Gyromitra
hadrosaurus,0.0,OBSCURE,1,noun.animal,BIO,,True,False,False,obscure,any of numerous large bipedal ornithischian dinosaurs having a horny duck-like bill and webbed feet; may have been partly aquatic
haematocoele,0.0,OBSCURE,1,noun.state,GENERAL,,True,False,False,obscure,swelling caused by blood collecting in a body cavity (especially a swelling of the membrane covering the testis)
haematocolpometra,0.0,OBSCURE,1,noun.state,GENERAL,,True,False,False,obscure,accumulation of blood in the vagina and uterus
haematocytopenia,0.0,OBSCURE,1,noun.state,GENERAL,,True,False,False,obscure,an abnormally low number of red blood cells in the blood
haematocyturia,0.0,OBSCURE,1,noun.state,GENERAL,,True,False,False,obscure,the presence of red blood cells in the urine
haemoglobinemia,0.0,OBSCURE,1,noun.state,GENERAL,,True,False,False,obscure,presence of excessive hemoglobin in the blood plasma
haemophile,0.0,OBSCURE,1,noun.person,GENERAL,,True,False,False,obscure,someone who has hemophilia and is subject to uncontrollable bleeding
halobacter,0.0,OBSCURE,1,noun.animal,BIO,,True,False,False,obscure,halophiles in saline environments such as the Dead Sea or salt flats
handbow,0.0,OBSCURE,1,noun.artifact,GENERAL,,True,False,False,obscure,a bow drawn by hand as distinguished from a crossbow
harpulla,0.0,OBSCURE,1,noun.plant,BIO,,True,False,False,obscure,fast-growing tree of India and East Indies yielding a wood used especially for building
harpullia,0.0,OBSCURE,1,noun.plant,BIO,,True,False,False,obscure,any of various tree of the genus Harpullia
hauncher,0.0,OBSCURE,1,noun.artifact,GENERAL,,False,False,False,obscure,a machine for making shaped cuts in the end or along the edge of a board.
hayrig,0.0,OBSCURE,1,noun.artifact,GENERAL,,True,False,False,obscure,a frame attached to a wagon to increase the amount of hay it can carry
headcounter,0.0,OBSCURE,1,noun.person,GENERAL,,True,False,False,obscure,someone who conducts surveys of public opinion
hediondilla,0.0,OBSCURE,1,noun.plant,BIO,,True,False,False,obscure,desert shrub of southwestern United States and New Mexico having persistent resinous aromatic foliage and small yellow flowers
heeltip,0.0,OBSCURE,1,noun.location,GENERAL,,False,False,False,obscure,"The bottom end of a heel, usually made of plastic or metal."
heliophila,0.0,OBSCURE,1,noun.plant,BIO,,True,False,False,obscure,any of various South African herbs and subshrubs cultivated for long showy racemes of bright blue flowers with white eyes
helleri,0.0,OBSCURE,1,noun.animal,BIO,,True,False,False,obscure,freshwater fish of Central America having a long swordlike tail; popular aquarium fish
helmetflower,0.0,OBSCURE,3,noun.plant,BIO,,True,False,False,obscure,"a herbaceous plant of the genus Scutellaria which has a calyx that, when inverted, resembles a helmet with its visor raised"
helvella,0.0,OBSCURE,1,noun.plant,BIO,,True,False,False,obscure,any fungus of the genus Helvella having the ascocarps stalked or pleated or often in folds
hematocoele,0.0,OBSCURE,1,noun.state,GENERAL,,True,False,False,obscure,swelling caused by blood collecting in a body cavity (especially a swelling of the membrane covering the testis)
hematocolpometra,0.0,OBSCURE,1,noun.state,GENERAL,,True,False,False,obscure,accumulation of blood in the vagina and uterus
hematocyturia,0.0,OBSCURE,1,noun.state,GENERAL,,True,False,False,obscure,the presence of red blood cells in the urine
hemogenesis,0.0,OBSCURE,1,noun.process,GENERAL,,True,False,False,obscure,the formation of blood cells in the living body (especially in the bone marrow)
hemophile,0.0,OBSCURE,1,noun.person,GENERAL,,True,False,False,obscure,someone who has hemophilia and is subject to uncontrollable bleeding
hemstitching,0.0,OBSCURE,1,noun.artifact,GENERAL,,True,False,False,obscure,a stitch in which parallel threads are drawn and exposed threads are caught together in groups
herpangia,0.0,OBSCURE,1,noun.state,GENERAL,,True,False,False,obscure,a viral infection (usually in children) marked by sore throat and fever and papules in the mouth and throat and headache and abdominal pain; usually subsides in a short time
herrerasaur,0.0,OBSCURE,1,noun.animal,BIO,,True,False,False,obscure,a kind of theropod dinosaur found in Argentina
herrerasaurus,0.0,OBSCURE,1,noun.animal,BIO,,True,False,False,obscure,a kind of theropod dinosaur found in Argentina
heterometaboly,0.0,OBSCURE,1,noun.process,GENERAL,,True,False,False,obscure,development of insects with incomplete metamorphosis in which no pupal stage precedes maturity
hindshank,0.0,OBSCURE,1,noun.food,GENERAL,,True,False,False,obscure,a cut of meat from the upper part of a rear leg
hollygrape,0.0,OBSCURE,1,noun.plant,BIO,,True,False,False,obscure,ornamental evergreen shrub of Pacific coast of North America having dark green pinnate leaves and racemes of yellow flowers followed by blue-black berries
holometabola,0.0,OBSCURE,1,noun.animal,BIO,,True,False,False,obscure,insects that undergo complete metamorphosis
homefolk,0.0,OBSCURE,1,noun.group,GENERAL,,True,False,False,obscure,the people of your home locality (especially your own family)
hormism,0.0,OBSCURE,1,noun.cognition,GENERAL,,False,False,False,obscure,psychology concerned with the purposive factor or force in behavior.
horseshow,0.0,OBSCURE,1,noun.act,GENERAL,,True,False,False,obscure,a competitive exhibition of horses
hotelwoman,0.0,OBSCURE,1,noun.person,GENERAL,,False,False,False,obscure,a female owner or manager of hotels
housepaint,0.0,OBSCURE,1,noun.artifact,GENERAL,,True,False,False,obscure,paint used to cover the exterior woodwork of a house
huamachil,0.0,OBSCURE,1,noun.plant,BIO,,True,False,False,obscure,common thorny tropical American tree having terminal racemes of yellow flowers followed by sickle-shaped or circinate edible pods and yielding good timber and a yellow dye and mucilaginous gum
huitre,0.0,OBSCURE,1,noun.food,GENERAL,,True,False,False,obscure,edible body of any of numerous oysters
hydrazoite,0.0,OBSCURE,1,noun.substance,GENERAL,,True,False,False,obscure,a salt of hydrazoic acid
hydroisohypse,0.0,OBSCURE,1,noun.location,GENERAL,,False,False,False,obscure,a line on a map connecting points of equal level on the piezometric surface.
hydroisopieze,0.0,OBSCURE,1,noun.location,GENERAL,,False,False,False,obscure,a line on a map connecting points of identical pressures in the water bearing stratum.
hydroxytetracycline,0.0,OBSCURE,1,noun.artifact,GENERAL,,True,False,False,obscure,a yellow crystalline antibiotic (trademark Terramycin) obtained from a soil actinomycete; used to treat various bacterial and rickettsial infections
hypercatalectic,0.0,OBSCURE,1,noun.communication,SPECIAL,prosody,True,False,False,obscure,(prosody) a line of poetry having an extra syllable or syllables at the end of the last metrical foot
hyperpiesia,0.0,OBSCURE,1,noun.state,GENERAL,,True,False,False,obscure,persistent and pathological high blood pressure for which no specific cause can be found
hyperpiesis,0.0,OBSCURE,1,noun.state,GENERAL,,True,False,False,obscure,persistent and pathological high blood pressure for which no specific cause can be found
hyperthermy,0.0,OBSCURE,1,noun.state,GENERAL,,True,False,False,obscure,abnormally high body temperature; sometimes induced (as in treating some forms of cancer)
hypnagogue,0.0,OBSCURE,1,noun.substance,GENERAL,,True,False,False,obscure,an agent that induces drowsiness or sleep
ianfu,0.0,OBSCURE,1,noun.person,GENERAL,,True,False,False,obscure,a woman forced into prostitution for Japanese servicemen during World War II
iberomesornis,0.0,OBSCURE,1,noun.animal,BIO,,False,False,False,obscure,sparrow-sized fossil bird of the Cretaceous period having a vestigial tail; found in Spain; considered possibly the third most primitive of all birds
icaco,0.0,OBSCURE,2,noun.plant,BIO,,True,False,False,obscure,small tropical American tree bearing edible plumlike fruit
ichthyostega,0.0,OBSCURE,1,noun.animal,BIO,,False,False,False,obscure,early tetrapod amphibian found in Greenland
ictodosaur,0.0,OBSCURE,1,noun.animal,BIO,,True,False,False,obscure,intermediate in form between the therapsids and most primitive true mammals
idesia,0.0,OBSCURE,1,noun.plant,BIO,,True,False,False,obscure,deciduous roundheaded Asiatic tree widely grown in mild climates as an ornamental for its heart-shaped leaves and fragrant yellow-green flowers followed by hanging clusters of fleshy orange-red berries
imperishingness,0.0,OBSCURE,1,noun.attribute,GENERAL,,True,False,False,obscure,the property of being resistant to decay
ingraining,0.0,OBSCURE,1,noun.act,GENERAL,,True,False,False,obscure,teaching or impressing upon the mind by frequent instruction or repetition
innocense,0.0,OBSCURE,1,noun.plant,BIO,,True,False,False,obscure,white and lavender to pale-blue flowers grow in perfect rings of widely spaced bands around the stems forming a kind of pagoda; California
inpour,0.0,OBSCURE,1,noun.process,GENERAL,,True,False,False,obscure,an inflow
instagay,0.0,OBSCURE,1,noun.artifact,GENERAL,,False,False,False,obscure,"A photo on the Instagram website, which is related to homosexuality"
instalike,0.0,OBSCURE,1,noun.artifact,GENERAL,,False,False,False,obscure,something that is so good that it deserves to be instantly voted for on social media
intercessio,0.0,OBSCURE,1,noun.attribute,GENERAL,,False,False,False,obscure,the right of veto possessed by Roman magistrates.
intumescency,0.0,OBSCURE,2,noun.state,GENERAL,,True,False,False,obscure,swelling up with blood or other fluids (as with congestion)
iodocompound,0.0,OBSCURE,1,noun.substance,GENERAL,,True,False,False,obscure,a compound containing the covalent iodine radical
iridokeratitis,0.0,OBSCURE,1,noun.state,GENERAL,,True,False,False,obscure,inflammation of the iris and cornea of the eye
iridoncus,0.0,OBSCURE,1,noun.state,GENERAL,,True,False,False,obscure,swelling of the iris of the eye
irridentism,0.0,OBSCURE,1,noun.cognition,GENERAL,,True,False,False,obscure,the doctrine that irredenta should be controlled by the country to which they are ethnically or historically related
irridentist,0.0,OBSCURE,1,noun.person,GENERAL,,True,False,False,obscure,an advocate of irredentism
isanemone,0.0,OBSCURE,1,noun.location,GENERAL,,False,False,False,obscure,an isogram connecting points having equal wind speed.
isoagglutination,0.0,OBSCURE,1,noun.process,GENERAL,,True,False,False,obscure,agglutination of an agglutinogen of one individual by a serum from another individual of the same species
isoagglutinogen,0.0,OBSCURE,1,noun.substance,GENERAL,,True,False,False,obscure,an antigen capable of causing the production of (or reacting with) an isoagglutinin
isochalaz,0.0,OBSCURE,1,noun.location,GENERAL,,False,False,False,obscure,a line indicating a constant frequency of hail storms.
isogone,0.0,OBSCURE,1,noun.location,GENERAL,,True,False,False,obscure,an imaginary line connecting points on the Earth's surface where the magnetic declination is the same
isopieze,0.0,OBSCURE,1,noun.location,GENERAL,,False,False,False,obscure,a line on a map connecting places with equal ground water pressure.
jaboncillo,0.0,OBSCURE,1,noun.plant,BIO,,True,False,False,obscure,evergreen of tropical America having pulpy fruit containing saponin which was used as soap by Native Americans
jambosa,0.0,OBSCURE,1,noun.plant,BIO,,True,False,False,obscure,tropical tree of the East Indies cultivated for its edible fruit
japorn,0.0,OBSCURE,1,noun.act,GENERAL,,False,False,False,obscure,Japanese pornography
jimhickey,0.0,OBSCURE,2,noun.person,GENERAL,,True,False,False,obscure,someone excellent of their kind
jumbojet,0.0,OBSCURE,1,noun.artifact,GENERAL,,True,False,False,obscure,a very large jet plane
jupaty,0.0,OBSCURE,1,noun.plant,BIO,,True,False,False,obscure,a tall Brazilian feather palm with a terminal crown of very large leathery pinnatisect leaves rising from long strong stems used for structural purposes
kalansuwa,0.0,OBSCURE,1,noun.artifact,GENERAL,,True,False,False,obscure,a cap that is wrapped around by a turban and worn by Muslim religious elders
kalantas,0.0,OBSCURE,1,noun.plant,BIO,,True,False,False,obscure,Philippine timber tree having hard red fragrant wood
kalpac,0.0,OBSCURE,1,noun.artifact,GENERAL,,True,False,False,obscure,a high-crowned black cap (usually made of felt or sheepskin) worn by men in Turkey and Iran and the Caucasus
kalumpang,0.0,OBSCURE,1,noun.plant,BIO,,True,False,False,obscure,large tree of Old World tropics having foul-smelling orange-red blossoms followed by red pods enclosing oil-rich seeds sometimes used as food
kamilavka,0.0,OBSCURE,1,noun.artifact,SPECIAL,Orthodox Church,False,False,False,obscure,A headdress worn among Orthodox Christian monastics and clergy.
kaury,0.0,OBSCURE,1,noun.plant,BIO,,True,False,False,obscure,tall timber tree of New Zealand having white straight-grained wood
kentan,0.0,OBSCURE,1,noun.plant,BIO,,True,False,False,obscure,east Asian perennial having large reddish-orange black-spotted flowers with reflexed petals
keratodermia,0.0,OBSCURE,1,noun.state,GENERAL,,True,False,False,obscure,any skin disorder consisting of a growth that appears horny
keratoiritis,0.0,OBSCURE,1,noun.state,GENERAL,,True,False,False,obscure,inflammation of the cornea and the iris of the eye
keratonosis,0.0,OBSCURE,1,noun.state,GENERAL,,True,False,False,obscure,any abnormal condition of the outer skin (epidermis)
keratonosus,0.0,OBSCURE,1,noun.state,GENERAL,,True,False,False,obscure,any disease of the cornea
keteleeria,0.0,OBSCURE,1,noun.plant,BIO,,True,False,False,obscure,Asiatic conifers resembling firs
kibit,0.0,OBSCURE,1,noun.quantity,GENERAL,,True,False,False,obscure,a unit of information equal to 1024 bits
kitembilla,0.0,OBSCURE,2,noun.plant,BIO,,True,False,False,obscure,a small shrubby spiny tree cultivated for its maroon-purple fruit with sweet purple pulp tasting like gooseberries; Sri Lanka and India
knawe,0.0,OBSCURE,1,noun.plant,BIO,,True,False,False,obscure,widely distributed low-growing Eurasian herb having narrow leaves and inconspicuous green flowers
kohleria,0.0,OBSCURE,1,noun.plant,BIO,,True,False,False,obscure,shrubby herb cultivated for their soft velvety foliage and showy scarlet flowers
krigia,0.0,OBSCURE,1,noun.plant,BIO,,True,False,False,obscure,any small branched yellow-flowered North American herb of the genus Krigia
kurchee,0.0,OBSCURE,1,noun.plant,BIO,,True,False,False,obscure,tropical Asian tree with hard white wood and bark formerly used as a remedy for dysentery and diarrhea
kweek,0.0,OBSCURE,1,noun.plant,BIO,,True,False,False,obscure,trailing grass native to Europe now cosmopolitan in warm regions; used for lawns and pastures especially in southern United States and India
landswoman,0.0,OBSCURE,2,noun.person,GENERAL,,False,False,False,obscure,a female inexperienced sailor; a sailor on the first voyage
landwoman,0.0,OBSCURE,1,noun.person,GENERAL,,False,False,False,obscure,a female person who lives and works on land
langset,0.0,OBSCURE,1,noun.plant,BIO,,True,False,False,obscure,East Indian tree bearing an edible yellow berry
lansa,0.0,OBSCURE,1,noun.food,GENERAL,,True,False,False,obscure,East Indian tart yellow berrylike fruit
lanset,0.0,OBSCURE,1,noun.food,GENERAL,,True,False,False,obscure,East Indian tart yellow berrylike fruit
lanthanon,0.0,OBSCURE,1,noun.substance,GENERAL,,True,False,False,obscure,any element of the lanthanide series (atomic numbers 57 through 71)
latanier,0.0,OBSCURE,1,noun.plant,BIO,,True,False,False,obscure,fan palms of the southern United States and the Caribbean region
latergram,0.0,OBSCURE,1,noun.artifact,GENERAL,,False,False,False,obscure,a photo to be posted to Instagram at a later date
lazuline,0.0,OBSCURE,1,noun.attribute,GENERAL,,True,False,False,obscure,a light shade of blue
lecanopteris,0.0,OBSCURE,1,noun.plant,BIO,,True,False,False,obscure,any of several bizarre ferns of the genus Lecanopteris having swollen hollow rhizomes that provide homes for symbiotic ants
ledgeman,0.0,OBSCURE,1,noun.person,GENERAL,,True,False,False,obscure,a male quarry worker who splits off blocks of stone
ledgewoman,0.0,OBSCURE,1,noun.person,GENERAL,,False,False,False,obscure,a female quarry worker who splits off blocks of stone
leging,0.0,OBSCURE,1,noun.artifact,GENERAL,,True,False,False,obscure,a garment covering the leg (usually extending from the knee to the ankle)
lemanderin,0.0,OBSCURE,1,noun.plant,BIO,,True,False,False,obscure,hybrid between mandarin orange and lemon having very acid fruit with orange peel
leoncita,0.0,OBSCURE,1,noun.animal,BIO,,True,False,False,obscure,small South American marmoset with silky fur and long nonprehensile tail
leopardbane,0.0,OBSCURE,1,noun.plant,BIO,,True,False,False,obscure,any of several herbs of the genus Doronicum having alternate often clasping stem leaves cultivated for their long stalks of yellow flower heads
lepidobotrys,0.0,OBSCURE,1,noun.plant,BIO,,True,False,False,obscure,African tree often classified in other families; similar to the Costa Rican caracolito in wood structure as well as in fruit and flowers and leaves and seeds
lepidophobia,0.0,OBSCURE,1,noun.state,GENERAL,,True,False,False,obscure,a morbid fear of snakes
lepiota,0.0,OBSCURE,1,noun.plant,BIO,,True,False,False,obscure,any fungus of the genus Lepiota
leporide,0.0,OBSCURE,1,noun.animal,BIO,,True,False,False,obscure,red breed of domestic rabbits; hybrid between Old World rabbit and hare
leresis,0.0,OBSCURE,1,noun.attribute,GENERAL,,True,False,False,obscure,rambling talkativeness (especially in the aged)
leucocytozoon,0.0,OBSCURE,1,noun.animal,BIO,,True,False,False,obscure,parasitic in birds
lighterwoman,0.0,OBSCURE,1,noun.person,GENERAL,,False,False,False,obscure,a woman who operates a barge
lignosae,0.0,OBSCURE,1,noun.plant,BIO,,True,False,False,obscure,a category in some early taxonomies
liparis,0.0,OBSCURE,1,noun.plant,BIO,,True,True,False,obscure,an orchid of the genus Liparis having few leaves and usually fairly small yellow-green or dull purple flowers in terminal racemes
lipochondrodystrophy,0.0,OBSCURE,1,noun.state,GENERAL,,True,False,False,obscure,hereditary disease (autosomal recessive) consisting of an error is mucopolysaccharide metabolism; characterized by severe abnormalities in development of skeletal cartilage and bone and mental retardation
lipoidaemia,0.0,OBSCURE,1,noun.state,GENERAL,,True,False,False,obscure,presence of excess lipids in the blood
lithomancer,0.0,OBSCURE,1,noun.person,GENERAL,,True,False,False,obscure,one who practices lithomancy
loasa,0.0,OBSCURE,1,noun.plant,BIO,,True,False,False,obscure,any of various perennial South American plants of the genus Loasa having stinging hairs and showy white or yellow or reddish-orange flowers
lobscuse,0.0,OBSCURE,1,noun.food,GENERAL,,True,False,False,obscure,a stew of meat and vegetables and hardtack that is eaten by sailors
logagraphia,0.0,OBSCURE,1,noun.state,GENERAL,,True,False,False,obscure,a loss of the ability to write or to express thoughts in writing because of a brain lesion
lomatia,0.0,OBSCURE,1,noun.plant,BIO,,True,False,False,obscure,any of various ornamental evergreens of the genus Lomatia having attractive fragrant flowers
longanberry,0.0,OBSCURE,2,noun.plant,BIO,,True,False,False,obscure,tree of southeastern Asia to Australia grown primarily for its sweet edible fruit resembling litchi nuts; sometimes placed in genera Euphorbia or Nephelium
longroot,0.0,OBSCURE,1,noun.plant,BIO,,True,False,False,obscure,deep-rooted perennial of southeastern United States
luging,0.0,OBSCURE,1,noun.act,GENERAL,,True,False,False,obscure,riding a light one-man toboggan
lumma,0.0,OBSCURE,1,noun.quantity,GENERAL,,True,False,False,obscure,100 lumma equal 1 dram in Armenia
lungen,0.0,OBSCURE,1,noun.plant,BIO,,True,False,False,obscure,tree of southeastern Asia to Australia grown primarily for its sweet edible fruit resembling litchi nuts; sometimes placed in genera Euphorbia or Nephelium
lyreflower,0.0,OBSCURE,1,noun.plant,BIO,,True,False,False,obscure,garden plant having deep-pink drooping heart-shaped flowers
lysinemia,0.0,OBSCURE,1,noun.state,GENERAL,,True,False,False,obscure,an inborn error of metabolism in which the lack of certain enzymes leads to an inability to metabolize the amino acid lysine; characterized by muscular weakness and mental retardation
macamba,0.0,OBSCURE,1,noun.plant,BIO,,True,False,False,obscure,tropical American feather palm having a swollen spiny trunk and edible nuts
maconnais,0.0,OBSCURE,1,noun.food,GENERAL,,True,False,False,obscure,fine Burgundy wine usually white and dry
macrotus,0.0,OBSCURE,1,noun.animal,BIO,,True,False,False,obscure,large-eared greyish bat of southern California and northwestern Mexico
mahagua,0.0,OBSCURE,2,noun.plant,BIO,,True,False,False,obscure,shrubby tree widely distributed along tropical shores; yields a light tough wood used for canoe outriggers and a fiber used for cordage and caulk; often cultivated for ornament
maiger,0.0,OBSCURE,1,noun.animal,BIO,,True,False,False,obscure,large European marine food fish
maikoa,0.0,OBSCURE,1,noun.plant,BIO,,True,False,False,obscure,a South American plant that is cultivated for its large fragrant trumpet-shaped flowers
mailsorter,0.0,OBSCURE,1,noun.artifact,GENERAL,,True,False,False,obscure,a sorter for sorting mail according to the address
makagigi,0.0,OBSCURE,1,noun.food,GENERAL,,False,False,False,obscure,cookies made with poppy seeds and honey; traditional Polish Christmas sweet treats.
malahini,0.0,OBSCURE,1,noun.person,GENERAL,,True,False,False,obscure,a newcomer to Hawaii
malope,0.0,OBSCURE,1,noun.plant,BIO,,True,False,False,obscure,western Mediterranean annual having deep purple-red flowers subtended by 3 large cordate bracts
maltwoman,0.0,OBSCURE,1,noun.person,GENERAL,,False,False,False,obscure,a female maker of malt
mammothermography,0.0,OBSCURE,1,noun.act,GENERAL,,True,False,False,obscure,the use of thermography to detect breast tumors (which appear as hot spots)
manduction,0.0,OBSCURE,2,noun.act,GENERAL,,True,False,False,obscure,the act of participating in the celebration of the Eucharist
manglietia,0.0,OBSCURE,1,noun.plant,BIO,,True,False,False,obscure,a genus of flowering tree of the family Magnoliaceae found from Malay to southern China
maniraptor,0.0,OBSCURE,1,noun.animal,BIO,,True,False,False,obscure,advanced carnivorous theropod; regarded as surviving today as living birds
mantichora,0.0,OBSCURE,1,noun.person,GENERAL,,True,False,False,obscure,a mythical monster having the head of man (with horns) and the body of a lion and the tail of a scorpion
mantiger,0.0,OBSCURE,1,noun.person,GENERAL,,True,False,False,obscure,a mythical monster having the head of man (with horns) and the body of a lion and the tail of a scorpion
marbleisation,0.0,OBSCURE,1,noun.attribute,GENERAL,,True,False,False,obscure,a texture like that of marble
marbleising,0.0,OBSCURE,1,noun.attribute,GENERAL,,True,False,False,obscure,a texture like that of marble
marbleizing,0.0,OBSCURE,1,noun.attribute,GENERAL,,True,False,False,obscure,a texture like that of marble
marumi,0.0,OBSCURE,1,noun.plant,BIO,,True,False,False,obscure,shrub bearing round-fruited kumquats
marupa,0.0,OBSCURE,1,noun.plant,BIO,,True,False,False,obscure,tree of the Amazon valley yielding a light brittle timber locally regarded as resistant to insect attack
massicotite,0.0,OBSCURE,1,noun.substance,GENERAL,,True,False,False,obscure,the mineral form of lead monoxide; in the form of yellow powder it is used as a pigment
mastoidal,0.0,OBSCURE,1,noun.body,MED,,True,False,False,obscure,process of the temporal bone behind the ear at the base of the skull
mastoidale,0.0,OBSCURE,1,noun.body,MED,,True,False,False,obscure,the craniometric point at the lowest point of the mastoid process
matchbush,0.0,OBSCURE,1,noun.plant,BIO,,True,False,False,obscure,any of several plants of the genus Gutierrezia having tiny flower heads that resemble the heads of matches
matsyendra,0.0,OBSCURE,1,noun.attribute,SPECIAL,Hinduism,True,False,False,obscure,(Hinduism) a religious posture
maxillaria,0.0,OBSCURE,1,noun.plant,BIO,,True,False,False,obscure,any of numerous orchids of the genus Maxillaria often cultivated for their large brilliantly colored solitary flowers
maximation,0.0,OBSCURE,1,noun.act,GENERAL,,True,False,False,obscure,the act of raising to the highest possible point or condition or position
mayidism,0.0,OBSCURE,1,noun.state,GENERAL,,True,False,False,obscure,a disease caused by deficiency of niacin or tryptophan (or by a defect in the metabolic conversion of tryptophan to niacin); characterized by gastrointestinal disturbances and erythema and nervous or mental disorders; may be caused by malnutrition or alcoholism or other nutritional impairments
mealberry,0.0,OBSCURE,1,noun.plant,BIO,,True,False,False,obscure,evergreen mat-forming shrub of North America and northern Eurasia having small white flowers and red berries; leaves turn red in autumn
mearstone,0.0,OBSCURE,1,noun.communication,GENERAL,,True,False,False,obscure,an old term for a landmark that consisted of a pile of stones surmounted by an upright slab
medusan,0.0,OBSCURE,1,noun.animal,BIO,,True,False,False,obscure,one of two forms that coelenterates take: it is the free-swimming sexual phase in the life cycle of a coelenterate; in this phase it has a gelatinous umbrella-shaped body and tentacles
meerestone,0.0,OBSCURE,1,noun.communication,GENERAL,,True,False,False,obscure,an old term for a landmark that consisted of a pile of stones surmounted by an upright slab
megalohepatia,0.0,OBSCURE,1,noun.state,GENERAL,,True,False,False,obscure,abnormal enlargement of the liver
megatherian,0.0,OBSCURE,1,noun.animal,BIO,,True,False,False,obscure,a large extinct ground sloth
melagra,0.0,OBSCURE,1,noun.state,GENERAL,,True,False,False,obscure,rheumatic or myalgic pains in the arms or legs
melosa,0.0,OBSCURE,1,noun.plant,BIO,,True,False,False,obscure,South American herb with sticky glandular foliage; source of madia oil
merbromine,0.0,OBSCURE,1,noun.artifact,GENERAL,,True,False,False,obscure,a mercurial compound applied topically as an antiseptic; Mercurochrome is the trademark
merobenthos,0.0,OBSCURE,1,noun.animal,BIO,,False,False,False,obscure,benthos consisting of organisms in pre-adult stages that later become adult in the plankton.
mesohippus,0.0,OBSCURE,1,noun.animal,BIO,,True,False,False,obscure,North American three-toed Oligocene animal; probably not directly ancestral to modern horses
mesophyron,0.0,OBSCURE,1,noun.body,MED,,True,False,False,obscure,a smooth prominence of the frontal bone between and above the eyebrows; the most forward projecting point of the forehead in the midline at the level of the supraorbital ridges
metacyesis,0.0,OBSCURE,1,noun.state,GENERAL,,True,False,False,obscure,pregnancy resulting from gestation elsewhere than in the uterus
meteortropism,0.0,OBSCURE,1,noun.act,GENERAL,,True,False,False,obscure,an effect of climate on biological processes (as the effect on joint pains etc.)
metroptosis,0.0,OBSCURE,1,noun.state,GENERAL,,True,False,False,obscure,prolapse of the uterus
microbrachia,0.0,OBSCURE,1,noun.state,GENERAL,,True,False,False,obscure,abnormally small arms
microgliacyte,0.0,OBSCURE,1,noun.body,MED,,True,False,False,obscure,a cell of the microglia that may become phagocytic and collect waste products of nerve tissue
micromicron,0.0,OBSCURE,1,noun.quantity,GENERAL,,True,False,False,obscure,a metric unit of length equal to one trillionth of a meter
microphoning,0.0,OBSCURE,1,noun.process,GENERAL,,True,False,False,obscure,the transduction of sound waves into electrical waves (by a microphone)
mikagura,0.0,OBSCURE,1,noun.act,GENERAL,,False,False,False,obscure,a type of formal ritual Shinto kagura dance.
milkwagon,0.0,OBSCURE,1,noun.artifact,GENERAL,,True,False,False,obscure,wagon for delivering milk
millenniumism,0.0,OBSCURE,1,noun.cognition,GENERAL,,True,False,False,obscure,belief in the Christian doctrine of the millennium mentioned in the Book of Revelations
millettia,0.0,OBSCURE,1,noun.plant,BIO,,True,False,False,obscure,any of several tropical trees or shrubs yielding showy streaked dark reddish or chocolate-colored wood
miltomate,0.0,OBSCURE,1,noun.plant,BIO,,True,False,False,obscure,Mexican annual naturalized in eastern North America having yellow to purple edible fruit resembling small tomatoes
misdating,0.0,OBSCURE,1,noun.time,GENERAL,,True,False,False,obscure,something located at a time when it could not have existed or occurred
moderationism,0.0,OBSCURE,1,noun.cognition,GENERAL,,True,False,False,obscure,the policy of being moderate or acting with moderation
moksa,0.0,OBSCURE,1,noun.event,SPECIAL,Hinduism,True,False,False,obscure,(Hinduism) release from the cycle of rebirth
moneywoman,0.0,OBSCURE,1,noun.person,GENERAL,,False,False,False,obscure,a female person skilled in large scale financial transactions
monggo,0.0,OBSCURE,2,noun.plant,BIO,,False,False,False,obscure,seed of the mung bean plant; used for food
mongolianism,0.0,OBSCURE,1,noun.state,GENERAL,,True,False,False,obscure,a congenital disorder caused by having an extra 21st chromosome; results in a flat face and short stature and mental retardation
monochromia,0.0,OBSCURE,1,noun.state,GENERAL,,True,False,False,obscure,complete color blindness; colors can be differentiated only on the basis of brightness
monotopism,0.0,OBSCURE,1,noun.cognition,GENERAL,,False,False,False,obscure,origin of a systematic group only once (as by mutation) or at a single location.
moonshell,0.0,OBSCURE,1,noun.animal,BIO,,True,False,False,obscure,marine gastropods having smooth rounded shells that form short spires
moorgame,0.0,OBSCURE,1,noun.animal,BIO,,True,False,False,obscure,reddish-brown grouse of upland moors of Great Britain
morangoska,0.0,OBSCURE,1,noun.food,GENERAL,,False,False,False,obscure,a Portuguese variation of Caipirinha made using strawberries instead of lime.
mornight,0.0,OBSCURE,1,noun.time,GENERAL,,False,False,False,obscure,"both morning and night, used when greeting someone"
muadhdhin,0.0,OBSCURE,1,noun.person,GENERAL,,True,False,False,obscure,the Muslim official of a mosque who summons the faithful to prayer from a minaret five times a day
mudspringer,0.0,OBSCURE,1,noun.animal,BIO,,True,False,False,obscure,found in tropical coastal regions of Africa and Asia; able to move on land on strong pectoral fins
mujahadein,0.0,OBSCURE,1,noun.group,SPECIAL,terrorism,True,False,False,obscure,a military force of Muslim guerilla warriors engaged in a jihad
mujahadin,0.0,OBSCURE,1,noun.group,SPECIAL,terrorism,True,False,False,obscure,a military force of Muslim guerilla warriors engaged in a jihad
mujtihad,0.0,OBSCURE,1,noun.person,GENERAL,,True,False,False,obscure,"an Islamic scholar who engages in ijtihad, the effort to derive rules of divine law from Muslim sacred texts"
munggo,0.0,OBSCURE,2,noun.plant,BIO,,False,False,False,obscure,seed of the mung bean plant; used for food
muscadelle,0.0,OBSCURE,1,noun.food,GENERAL,,True,False,False,obscure,wine from muscat grapes
musclebuilder,0.0,OBSCURE,1,noun.person,GENERAL,,True,False,False,obscure,someone who does special exercises to develop a brawny musculature
musclebuilding,0.0,OBSCURE,1,noun.act,GENERAL,,True,False,False,obscure,exercise that builds muscles through tension
mutisia,0.0,OBSCURE,1,noun.plant,BIO,,True,False,False,obscure,any of various plants of the genus Mutisia
mycomycin,0.0,OBSCURE,1,noun.artifact,GENERAL,,True,False,False,obscure,a highly unsaturated antibiotic acid obtained from an actinomycete
myelatelia,0.0,OBSCURE,1,noun.state,GENERAL,,True,False,False,obscure,any developmental defect of the spinal cord
myodynia,0.0,OBSCURE,1,noun.state,GENERAL,,True,False,False,obscure,pain in a muscle or group of muscles
myofibrilla,0.0,OBSCURE,1,noun.body,MED,,True,False,False,obscure,one of many contractile filaments that make up a striated muscle fiber
mysoandry,0.0,OBSCURE,1,noun.feeling,GENERAL,,False,False,False,obscure,hatred for men or boys
myxobacter,0.0,OBSCURE,1,noun.animal,BIO,,True,False,False,obscure,bacteria that form colonies in self-produced slime; inhabit moist soils or decaying plant matter or animal waste
nagami,0.0,OBSCURE,1,noun.plant,BIO,,True,False,False,obscure,shrub bearing oval-fruited kumquats
nammad,0.0,OBSCURE,1,noun.artifact,GENERAL,,True,False,False,obscure,an embroidered rug made from a coarse Indian felt
nanomia,0.0,OBSCURE,1,noun.animal,BIO,,True,False,False,obscure,small creatures resembling pieces of fuzzy rope; each with a cluster of swimming bells serving as the head and long elastic tentacles for drawing in prey
napoleoniana,0.0,OBSCURE,1,noun.group,GENERAL,,False,False,False,obscure,"items related to the life of Napoleon (engravings, paintings, books, etc.)."
nauch,0.0,OBSCURE,1,noun.act,GENERAL,,True,False,False,obscure,an intricate traditional dance in India performed by professional dancing girls
nebbech,0.0,OBSCURE,1,noun.person,GENERAL,,True,False,False,obscure,(Yiddish) a timid unfortunate simpleton
neencephalon,0.0,OBSCURE,1,noun.body,MED,,True,False,False,obscure,the part of the brain having the most recent phylogenetic origin; the cerebral cortex and related parts
neglige,0.0,OBSCURE,1,noun.artifact,GENERAL,,True,False,False,obscure,a loose dressing gown for women
neobaroque,0.0,OBSCURE,1,noun.attribute,GENERAL,,False,False,False,obscure,art or architecture based on study of 17th century baroque.
neoencephalon,0.0,OBSCURE,1,noun.body,MED,,True,False,False,obscure,the part of the brain having the most recent phylogenetic origin; the cerebral cortex and related parts
neoexpressionism,0.0,OBSCURE,1,noun.group,GENERAL,,True,False,False,obscure,an art movement based on expressionism; developed in 1980s in Europe and United States; crudely drawn garish paintings
neotony,0.0,OBSCURE,1,noun.state,GENERAL,,True,False,False,obscure,the state resulting when juvenile characteristics are retained by the adults of a species
nephroptosia,0.0,OBSCURE,1,noun.state,GENERAL,,True,False,False,obscure,prolapse of the kidney
nephthytis,0.0,OBSCURE,1,noun.plant,BIO,,True,False,False,obscure,any plant of the genus Nephthytis
neritina,0.0,OBSCURE,1,noun.animal,BIO,,True,False,False,obscure,ornately marked and brightly colored snails of brackish waters
nervism,0.0,OBSCURE,1,noun.cognition,GENERAL,,False,False,False,obscure,the philosophical position adopted by Pavlov that all behavioral and physiological processes are regulated by the nervous system.
neurogliacyte,0.0,OBSCURE,1,noun.body,MED,,True,False,False,obscure,a cell of the neuroglia
niqaabi,0.0,OBSCURE,1,noun.person,GENERAL,,True,False,False,obscure,an observant Muslim woman who covers her face and hands when in public or in the presence of any man outside her immediate family
nitrochloromethane,0.0,OBSCURE,1,noun.substance,GENERAL,,True,False,False,obscure,gaseous form of chloropicrin used as tear gas
nitrosobacteria,0.0,OBSCURE,1,noun.animal,BIO,,True,False,False,obscure,soil bacteria that oxidize ammonia to nitrites
nitweed,0.0,OBSCURE,1,noun.plant,BIO,,True,False,False,obscure,annual wiry-stemmed North American weed with minute scalelike leaves and small yellow flowers
nonabsorbency,0.0,OBSCURE,1,noun.attribute,GENERAL,,True,False,False,obscure,the property of not being absorbent
nonalinement,0.0,OBSCURE,1,noun.group,GENERAL,,True,False,False,obscure,people (or countries) who are not aligned with other people (or countries) in a pact or treaty
nonpartizan,0.0,OBSCURE,1,noun.person,GENERAL,,True,False,False,obscure,a person who is nonpartisan
nonremittal,0.0,OBSCURE,2,noun.possession,GENERAL,,True,False,False,obscure,act of failing to meet a financial obligation
nontricyclic,0.0,OBSCURE,1,noun.artifact,GENERAL,,True,False,False,obscure,a class of antidepressant drugs that are not tricyclic drugs and do not act by inhibiting MAO
nosecount,0.0,OBSCURE,1,noun.act,GENERAL,,True,False,False,obscure,a periodic count of the population
obechi,0.0,OBSCURE,1,noun.plant,BIO,,True,False,False,obscure,large west African tree having large palmately lobed leaves and axillary cymose panicles of small white flowers and one-winged seeds; yields soft white to pale yellow wood
obsessivity,0.0,OBSCURE,1,noun.attribute,GENERAL,,True,False,False,obscure,extreme compulsiveness
octillion,0.0,OBSCURE,1,noun.quantity,GENERAL,,True,False,False,obscure,the number that is represented as a one followed by 27 zeros
oecumenism,0.0,OBSCURE,1,noun.group,GENERAL,,True,False,False,obscure,a movement promoting union between religions (especially between Christian churches)
oldwench,0.0,OBSCURE,1,noun.animal,BIO,,True,False,False,obscure,tropical Atlantic fish
oligodendria,0.0,OBSCURE,1,noun.body,MED,,True,False,False,obscure,tissue consisting of glial cells with sheetlike processes that form the myelin sheath of nerve fibers
ommastrephes,0.0,OBSCURE,1,noun.animal,BIO,,True,False,False,obscure,extremely active cylindrical squid with short strong arms and large rhombic terminal fins
onomancer,0.0,OBSCURE,1,noun.person,GENERAL,,True,False,False,obscure,one who practices onomancy
onyxis,0.0,OBSCURE,1,noun.body,MED,,True,False,False,obscure,toenail having its free tip or edges embedded in the surrounding flesh
orbitale,0.0,OBSCURE,1,noun.body,MED,,True,False,False,obscure,the craniometric point at the lowest point on the lower edge of the orbit
orthochorea,0.0,OBSCURE,1,noun.state,GENERAL,,True,False,False,obscure,a form of chorea in which spasms occur mainly when the patient is erect
oscheocoele,0.0,OBSCURE,1,noun.state,GENERAL,,True,False,False,obscure,swelling of the scrotum
othonna,0.0,OBSCURE,1,noun.plant,BIO,,True,False,False,obscure,a South African plant of the genus Othonna having smooth often fleshy leaves and heads of yellow flowers
otoganglion,0.0,OBSCURE,1,noun.body,MED,,True,False,False,obscure,an autonomic ganglion whose postganglionic fibers are distributed to the parotid gland
overreckoning,0.0,OBSCURE,1,noun.cognition,GENERAL,,True,False,False,obscure,a calculation that results in an estimate that is too high
overshielding,0.0,OBSCURE,1,noun.act,GENERAL,,True,False,False,obscure,excessive protection
overtolerance,0.0,OBSCURE,1,noun.attribute,GENERAL,,True,False,False,obscure,too much permissiveness
owlclaws,0.0,OBSCURE,1,noun.plant,BIO,,True,False,False,obscure,stout perennial herb of western United States having flower heads with drooping orange-yellow rays; causes spewing sickness in sheep
oxtant,0.0,OBSCURE,1,noun.quantity,GENERAL,,True,False,False,obscure,a unit of angular distance equal to half a quadrant
ozena,0.0,OBSCURE,1,noun.state,GENERAL,,True,False,False,obscure,a chronic disease of the nose characterized by a foul-smelling nasal discharge and atrophy of nasal structures
pachycheilia,0.0,OBSCURE,1,noun.state,GENERAL,,True,False,False,obscure,an abnormal thickness of the lips
packwoman,0.0,OBSCURE,1,noun.person,GENERAL,,False,False,False,obscure,a woman who travels about selling his wares (as on the streets or at carnivals)
palaeencephalon,0.0,OBSCURE,1,noun.body,MED,,True,False,False,obscure,the more primitive parts of the brain phylogenetically; most structures other than the cerebral cortex
palaeodendrology,0.0,OBSCURE,1,noun.cognition,GENERAL,,True,False,False,obscure,the branch of paleobotany that studies fossil trees
palaeoethnography,0.0,OBSCURE,1,noun.cognition,GENERAL,,True,False,False,obscure,the ethnography of paleolithic humans
palaeornithology,0.0,OBSCURE,1,noun.cognition,GENERAL,,True,False,False,obscure,the paleobiology of birds
palatopharyngoplasty,0.0,OBSCURE,1,noun.act,GENERAL,,True,False,False,obscure,surgical resection of unnecessary palatal and oropharyngeal tissue to open the airway; intended to cure extreme cases of snoring (with or without sleep apnea)
paleodendrology,0.0,OBSCURE,1,noun.cognition,GENERAL,,True,False,False,obscure,the branch of paleobotany that studies fossil trees
paletiology,0.0,OBSCURE,1,noun.cognition,GENERAL,,True,False,False,obscure,the explanation of past events in terms of scientific causes (as geological causes)
palmature,0.0,OBSCURE,1,noun.state,GENERAL,,True,False,False,obscure,an abnormality in which the fingers are webbed
panamica,0.0,OBSCURE,1,noun.plant,BIO,,True,False,False,obscure,low stingless nettle of Central and South America having velvety brownish-green toothed leaves and clusters of small green flowers
panamiga,0.0,OBSCURE,1,noun.plant,BIO,,True,False,False,obscure,low stingless nettle of Central and South America having velvety brownish-green toothed leaves and clusters of small green flowers
panchayet,0.0,OBSCURE,1,noun.group,GENERAL,,True,False,False,obscure,a village council in India or southern Pakistan
panetella,0.0,OBSCURE,1,noun.artifact,GENERAL,,True,False,False,obscure,a long slender cigar
pantothen,0.0,OBSCURE,1,noun.substance,GENERAL,,True,False,False,obscure,a vitamin of the vitamin B complex that performs an important role in the oxidation of fats and carbohydrates and certain amino acids; occurs in many foods
papaia,0.0,OBSCURE,1,noun.plant,BIO,,True,False,False,obscure,tropical American shrub or small tree having huge deeply palmately cleft leaves and large oblong yellow fruit
parabolograph,0.0,OBSCURE,1,noun.artifact,GENERAL,,False,False,False,obscure,An outdated instrument for drawing parabolas.
parahoma,0.0,OBSCURE,1,noun.food,GENERAL,,False,False,False,obscure,ritual drink prepared from Haoma plant.
parallelepipedon,0.0,OBSCURE,1,noun.shape,GENERAL,,True,False,False,obscure,a prism whose bases are parallelograms
parqueterie,0.0,OBSCURE,1,noun.artifact,GENERAL,,True,False,False,obscure,a patterned wood inlay used to cover a floor
partsong,0.0,OBSCURE,1,noun.communication,GENERAL,,True,False,False,obscure,a song with two or more voice parts
patchcord,0.0,OBSCURE,1,noun.artifact,GENERAL,,True,False,False,obscure,a length of wire that has a plug at each end; used to make connections at a patchboard
pearlweed,0.0,OBSCURE,1,noun.plant,BIO,,True,False,False,obscure,any of various low-growing plants of the genus Sagina having small spherical flowers resembling pearls
pecopteris,0.0,OBSCURE,1,noun.plant,BIO,,True,False,False,obscure,Carboniferous fossil fern characterized by a regular arrangement of the leaflets resembling a comb
pedwood,0.0,OBSCURE,1,noun.plant,BIO,,True,False,False,obscure,European deciduous shrub turning red in autumn having dull white flowers
percoidean,0.0,OBSCURE,1,noun.animal,BIO,,True,False,False,obscure,any of numerous spiny-finned fishes of the order Perciformes
pericementoclasia,0.0,OBSCURE,1,noun.state,GENERAL,,True,False,False,obscure,pus pocket formation around a tooth
peridinian,0.0,OBSCURE,1,noun.animal,BIO,,True,False,False,obscure,flagellate with a thick test composed of plates
periodontia,0.0,OBSCURE,1,noun.cognition,GENERAL,,True,False,False,obscure,the branch of dentistry dealing with diseases of the gums and other structures around the teeth
pesantran,0.0,OBSCURE,1,noun.group,GENERAL,,True,False,False,obscure,a Muslim school in Indonesia operated by religious leaders
pfannkuchen,0.0,OBSCURE,1,noun.food,GENERAL,,True,False,False,obscure,puffy mildly sweet lemon-flavored egg mixture sprinkled with confectioners' sugar and served with jam or a wine or fruit sauce
phaius,0.0,OBSCURE,1,noun.plant,BIO,,True,False,False,obscure,an orchid of the genus Phaius having large plicate leaves and racemes of showy flowers
pharmaceutic,0.0,OBSCURE,1,noun.artifact,GENERAL,,True,False,False,obscure,drug or medicine that is prepared or dispensed in pharmacies and used in medical treatment
phenacomys,0.0,OBSCURE,1,noun.animal,BIO,,True,False,False,obscure,any of several vole-like terrestrial or arboreal rodents of cold forested regions of Canada and western United States
phenylethylene,0.0,OBSCURE,1,noun.substance,GENERAL,,True,False,False,obscure,a colorless oily liquid; the monomer for polystyrene
philhellenist,0.0,OBSCURE,1,noun.person,GENERAL,,True,False,False,obscure,an admirer of Greece and everything Greek
photoretinitis,0.0,OBSCURE,1,noun.state,GENERAL,,True,False,False,obscure,damage to the retina resulting from exposure of the eye to the sun without adequate protection
phragmacone,0.0,OBSCURE,1,noun.animal,BIO,,True,False,False,obscure,the thin conical chambered internal shell (either straight or curved) of a belemnite
phylloclad,0.0,OBSCURE,1,noun.plant,BIO,,True,False,False,obscure,a flattened stem resembling and functioning as a leaf
physostegia,0.0,OBSCURE,1,noun.plant,BIO,,True,False,False,obscure,any of various plants of the genus Physostegia having sessile linear to oblong leaves and showy white or rose or lavender flowers
pikeblenny,0.0,OBSCURE,1,noun.animal,BIO,,True,False,False,obscure,tropical American fishes; males are aggressively defensive of their territory
pinnatiped,0.0,OBSCURE,1,noun.animal,BIO,,True,False,False,obscure,aquatic carnivorous mammal having a streamlined body specialized for swimming with limbs modified as flippers
pisanosaur,0.0,OBSCURE,1,noun.animal,BIO,,True,False,False,obscure,primitive dinosaur found in Argentina
pisanosaurus,0.0,OBSCURE,1,noun.animal,BIO,,True,False,False,obscure,primitive dinosaur found in Argentina
pistia,0.0,OBSCURE,1,noun.plant,BIO,,True,False,False,obscure,pantropical floating plant forming a rosette of wedge-shaped leaves; a widespread weed in rivers and lakes
pitwoman,0.0,OBSCURE,1,noun.person,GENERAL,,False,False,False,obscure,a woman who works in a coal mine
placeseeker,0.0,OBSCURE,1,noun.person,GENERAL,,True,False,False,obscure,a disparaging term for an appointee
platyctenean,0.0,OBSCURE,1,noun.animal,BIO,,True,False,False,obscure,ctenophore have long tentacles and flattened body
platyrrhinian,0.0,OBSCURE,1,noun.animal,BIO,,True,False,False,obscure,hairy-faced arboreal monkeys having widely separated nostrils and long usually prehensile tails
plessor,0.0,OBSCURE,1,noun.artifact,MED,medicine,True,False,False,obscure,(medicine) a small hammer with a rubber head used in percussive examinations of the chest and in testing reflexes
plethodont,0.0,OBSCURE,1,noun.animal,BIO,,True,False,False,obscure,mostly terrestrial salamanders that breathe through their thin moist skin; lay eggs in moist places on land; rarely enter water
pleurothallis,0.0,OBSCURE,1,noun.plant,BIO,,True,False,False,obscure,any of numerous small tufted orchids of the genus Pleurothallis having leathery to fleshy leaves and racemes of 1 to many small flowers
pocketcomb,0.0,OBSCURE,1,noun.artifact,GENERAL,,True,False,False,obscure,a small comb suitable for carrying in a pocket
pollyfish,0.0,OBSCURE,1,noun.animal,BIO,,True,False,False,obscure,gaudy tropical fishes with parrotlike beaks formed by fusion of teeth
polyhidrosis,0.0,OBSCURE,1,noun.process,GENERAL,,True,False,False,obscure,excessive and profuse perspiration
polymastigote,0.0,OBSCURE,1,noun.animal,BIO,,True,False,False,obscure,flagellates with several flagella
polymetry,0.0,OBSCURE,1,noun.attribute,GENERAL,,False,False,False,obscure,The combining of different metres simultaneously.
polypropenonitrile,0.0,OBSCURE,1,noun.artifact,GENERAL,,True,False,False,obscure,acrylic resin used to make a strong soft crease-resistant fabric (trade name Acrilan)
polyurethan,0.0,OBSCURE,1,noun.substance,GENERAL,,True,False,False,obscure,any of various polymers containing the urethane radical; a wide variety of synthetic forms are made and used as adhesives or plastics or paints or rubber
ponycart,0.0,OBSCURE,1,noun.artifact,GENERAL,,True,False,False,obscure,a cart with an underslung axle and two seats
porkholt,0.0,OBSCURE,1,noun.food,GENERAL,,True,False,False,obscure,made of lamb or pork
portwatcher,0.0,OBSCURE,1,noun.person,GENERAL,,True,False,False,obscure,a watchman on a wharf
potamogale,0.0,OBSCURE,1,noun.animal,BIO,,True,False,False,obscure,amphibious African insectivorous mammal that resembles an otter
poudrin,0.0,OBSCURE,1,noun.phenomenon,GENERAL,,True,False,False,obscure,small crystals of ice
poulette,0.0,OBSCURE,1,noun.food,GENERAL,,True,False,False,obscure,allemande sauce with chopped parsley
praisworthiness,0.0,OBSCURE,1,noun.attribute,GENERAL,,True,False,False,obscure,the property of deserving praise
preindication,0.0,OBSCURE,1,noun.event,GENERAL,,True,False,False,obscure,an event that is experienced as indicating important things to come
prepuberty,0.0,OBSCURE,1,noun.time,GENERAL,,True,False,False,obscure,a period of two years immediately prior to the onset of puberty when growth and changes leading to sexual maturity occur
prisonbreak,0.0,OBSCURE,1,noun.act,GENERAL,,True,False,False,obscure,an escape from jail
proctoplasty,0.0,OBSCURE,1,noun.act,GENERAL,,True,False,False,obscure,reconstructive surgery of the anus or rectum
propenonitrile,0.0,OBSCURE,1,noun.substance,GENERAL,,True,False,False,obscure,a colorless liquid unsaturated nitrile made from propene
proprionamide,0.0,OBSCURE,1,noun.substance,GENERAL,,True,False,False,obscure,the amide of propionic acid (C2H5CONH2)
prostheon,0.0,OBSCURE,1,noun.body,MED,,True,False,False,obscure,craniometric point that is the most anterior point in the midline on the alveolar process of the maxilla
prosthodontia,0.0,OBSCURE,1,noun.cognition,GENERAL,,True,False,False,obscure,the branch of dentistry dealing with the replacement of teeth and related mouth or jaw structures by artificial devices
protoanthropology,0.0,OBSCURE,1,noun.cognition,GENERAL,,True,False,False,obscure,the study of humans prior to the invention of writing
protoarchaeology,0.0,OBSCURE,1,noun.cognition,GENERAL,,True,False,False,obscure,the study of prehistoric human artifacts and human fossils
protoarcheology,0.0,OBSCURE,1,noun.cognition,GENERAL,,True,False,False,obscure,the study of prehistoric human artifacts and human fossils
protoavis,0.0,OBSCURE,1,noun.animal,BIO,,True,False,False,obscure,most primitive avian type known; extinct bird of the Triassic having bird-like jaw and hollow limbs and breastbone with dinosaur-like tail and hind limbs
protohippus,0.0,OBSCURE,1,noun.animal,BIO,,True,False,False,obscure,Pliocene horse approaching donkeys in size
pseudophloem,0.0,OBSCURE,1,noun.plant,BIO,,True,False,False,obscure,false phloem
pseudorubella,0.0,OBSCURE,1,noun.state,GENERAL,,True,False,False,obscure,a viral disease of infants and young children; characterized by abrupt high fever and mild sore throat; a few days later there is a faint pinkish rash that lasts for a few hours to a few days
pseudosmallpox,0.0,OBSCURE,1,noun.state,GENERAL,,True,False,False,obscure,a mild form of smallpox caused by a less virulent form of the virus
psilocine,0.0,OBSCURE,1,noun.substance,GENERAL,,False,False,False,obscure,"a substituted tryptamine alkaloid and a serotonergic psychedelic substance, present in most psychedelic mushrooms together with its phosphorylated counterpart psilocybin."
psilophyton,0.0,OBSCURE,1,noun.plant,BIO,,True,False,False,obscure,any plant or fossil of the genus Psilophyton
psilotsin,0.0,OBSCURE,1,noun.substance,GENERAL,,False,False,False,obscure,"a substituted tryptamine alkaloid and a serotonergic psychedelic substance, present in most psychedelic mushrooms together with its phosphorylated counterpart psilocybin."
psychometrika,0.0,OBSCURE,1,noun.cognition,GENERAL,,True,False,False,obscure,any branch of psychology concerned with psychological measurements
pteropogon,0.0,OBSCURE,1,noun.plant,BIO,,True,False,False,obscure,southern Australian plant having feathery hairs surrounding the fruit
ptyalith,0.0,OBSCURE,1,noun.object,GENERAL,,True,False,False,obscure,calculus in a salivary gland
publiciser,0.0,OBSCURE,1,noun.person,GENERAL,,True,False,False,obscure,someone who publicizes
puckerbush,0.0,OBSCURE,1,noun.plant,BIO,,True,False,False,obscure,evergreen aromatic shrubby tree of southeastern United States having small hard berries thickly coated with white wax used for candles
puddingwife,0.0,OBSCURE,1,noun.animal,BIO,,True,False,False,obscure,bluish and bronze wrasse; found from Florida keys to Brazil
pulassan,0.0,OBSCURE,2,noun.plant,BIO,,True,False,False,obscure,East Indian fruit tree bearing fruit similar to but sweeter than that of the rambutan
purificatorium,0.0,OBSCURE,1,noun.artifact,GENERAL,,False,False,False,obscure,a white linen cloth which is used to wipe the chalice after each communicant partakes.
purloo,0.0,OBSCURE,1,noun.food,GENERAL,,True,False,False,obscure,thick stew made of rice and chicken and small game; southern U.S.
pyrochemistry,0.0,OBSCURE,1,noun.process,GENERAL,,True,False,False,obscure,processes for chemical reactions at high temperatures
qabala,0.0,OBSCURE,1,noun.communication,GENERAL,,True,False,False,obscure,an esoteric or occult matter resembling the Kabbalah that is traditionally secret
qepiq,0.0,OBSCURE,1,noun.quantity,GENERAL,,True,False,False,obscure,100 qepiq equal 1 manat in Azerbaijan
quartervine,0.0,OBSCURE,1,noun.plant,BIO,,True,False,False,obscure,woody flowering vine of southern United States; stems show a cross in transverse section
quatern,0.0,OBSCURE,1,noun.quantity,GENERAL,,True,False,False,obscure,the cardinal number that is the sum of three and one
quiaquia,0.0,OBSCURE,1,noun.animal,BIO,,True,False,False,obscure,small fusiform fish of western Atlantic
rainfly,0.0,OBSCURE,1,noun.artifact,GENERAL,,True,False,False,obscure,flap consisting of a piece of canvas that can be drawn back to provide entrance to a tent
rajanya,0.0,OBSCURE,1,noun.group,GENERAL,,True,False,False,obscure,the second highest of the four varnas: the noble or warrior category
rariora,0.0,OBSCURE,1,noun.artifact,GENERAL,,True,False,False,obscure,(plural) rare collector's items
rassling,0.0,OBSCURE,1,noun.act,GENERAL,,True,False,False,obscure,the sport of hand-to-hand struggle between unarmed contestants who try to throw each other down
rauvolfia,0.0,OBSCURE,1,noun.plant,BIO,,True,False,False,obscure,any shrub or small tree of the genus Rauwolfia having leaves in whorls and cymose flowers; yield substances used medicinally especially as emetics or purgatives or antihypertensives
ravigotte,0.0,OBSCURE,1,noun.food,GENERAL,,True,False,False,obscure,"veloute sauce seasoned with chopped chervil, chives, tarragon, shallots and capers"
razbliuto,0.0,OBSCURE,1,noun.feeling,GENERAL,,True,False,False,obscure,the sentimental feeling you have about someone you once loved but no longer do
reburying,0.0,OBSCURE,1,noun.act,GENERAL,,True,False,False,obscure,the act of burying again
redbrush,0.0,OBSCURE,1,noun.plant,BIO,,True,False,False,obscure,common North American shrub with reddish purple twigs and white flowers
redheader,0.0,OBSCURE,1,noun.person,GENERAL,,True,False,False,obscure,someone who has red hair
regnellidium,0.0,OBSCURE,1,noun.plant,BIO,,True,False,False,obscure,small latex-containing aquatic fern of southern Brazil
reharmonisation,0.0,OBSCURE,1,noun.communication,GENERAL,,True,False,False,obscure,a piece of music whose original harmony has been revised
religiousism,0.0,OBSCURE,1,noun.attribute,GENERAL,,True,False,False,obscure,exaggerated or affected piety and religious zeal
repositing,0.0,OBSCURE,1,noun.act,GENERAL,,True,False,False,obscure,depositing in a warehouse
repulsorlift,0.0,OBSCURE,1,noun.artifact,SPECIAL,science fiction,False,False,False,obscure,a fictional anti-gravity device in the Star Wars Universe.
retardent,0.0,OBSCURE,1,noun.object,GENERAL,,True,False,False,obscure,any agent that retards or delays or hinders
rhinolaryngologist,0.0,OBSCURE,1,noun.person,GENERAL,,True,False,False,obscure,a specialist in the disorders of the ear or nose or throat
rhinopathy,0.0,OBSCURE,1,noun.state,GENERAL,,True,False,False,obscure,any disease or malformation of the nose
rhizoctinia,0.0,OBSCURE,1,noun.plant,BIO,,True,False,False,obscure,any fungus now or formerly belonging to the form genus Rhizoctinia
rhizopodan,0.0,OBSCURE,1,noun.animal,BIO,,True,False,False,obscure,protozoa characterized by a pseudopod
rhodanthe,0.0,OBSCURE,1,noun.plant,BIO,,True,False,False,obscure,Australian annual everlasting having light pink nodding flower heads; sometimes placed in genus Helipterum
ribier,0.0,OBSCURE,1,noun.food,GENERAL,,True,False,False,obscure,dark reddish-purple table grape of California
ribonucleinase,0.0,OBSCURE,1,noun.substance,GENERAL,,True,False,False,obscure,a transferase that catalyzes the hydrolysis of ribonucleic acid
rightfield,0.0,OBSCURE,2,noun.artifact,GENERAL,,True,False,False,obscure,the piece of ground in the outfield on the catcher's right
rigidifying,0.0,OBSCURE,1,noun.process,GENERAL,,True,False,False,obscure,the process of becoming stiff or rigid
rivulus,0.0,OBSCURE,1,noun.animal,BIO,,True,False,False,obscure,found in small streams of tropical America; often kept in aquariums; usually hermaphroditic
roadwoman,0.0,OBSCURE,1,noun.person,GENERAL,,False,False,False,obscure,a female workman who is employed to repair roads
rolypoliness,0.0,OBSCURE,1,noun.attribute,GENERAL,,True,False,False,obscure,the property of having a plump and round body
rophy,0.0,OBSCURE,1,noun.artifact,GENERAL,,True,False,False,obscure,street names for flunitrazepam
roridula,0.0,OBSCURE,1,noun.plant,BIO,,True,False,False,obscure,either of 2 species of the genus Roridula; South African viscid perennial low-growing woody shrubs
rosilla,0.0,OBSCURE,1,noun.plant,BIO,,True,False,False,obscure,a sneezeweed of southwestern United States especially southern California
rougeberry,0.0,OBSCURE,1,noun.plant,BIO,,True,False,False,obscure,bushy houseplant having white to pale pink flowers followed by racemes of scarlet berries; tropical Americas
rudapithecus,0.0,OBSCURE,1,noun.animal,BIO,,True,False,False,obscure,fossil hominoids from northern central Hungary; late Miocene
ruddles,0.0,OBSCURE,1,noun.plant,BIO,,True,False,False,obscure,the common European annual marigold
rugulah,0.0,OBSCURE,1,noun.food,GENERAL,,True,False,False,obscure,pastry made with a cream cheese dough and different fillings (as raisins and walnuts and cinnamon or chocolate and walnut and apricot preserves)
sabianism,0.0,OBSCURE,1,noun.cognition,GENERAL,,False,False,False,obscure,the religion of a group mentioned in the Koran as entitled to Muslim religious toleration along with Jews and Christians and usually identified with the Mandaeans or the Elkesaites.
sailplaning,0.0,OBSCURE,1,noun.act,GENERAL,,True,False,False,obscure,the activity of flying a glider
salmwood,0.0,OBSCURE,1,noun.plant,BIO,,True,False,False,obscure,large tropical American tree of the genus Cordia grown for its abundant creamy white flowers and valuable wood
sandwichwoman,0.0,OBSCURE,1,noun.person,GENERAL,,False,False,False,obscure,a female person with advertising boards hanging from the shoulders
sangapenum,0.0,OBSCURE,1,noun.substance,GENERAL,,True,False,False,obscure,a variety of gum
sarcocystidean,0.0,OBSCURE,1,noun.animal,BIO,,True,False,False,obscure,parasite of the muscles of vertebrates
sarcocystieian,0.0,OBSCURE,1,noun.animal,BIO,,True,False,False,obscure,parasite of the muscles of vertebrates
satanophobia,0.0,OBSCURE,1,noun.state,GENERAL,,True,False,False,obscure,an abnormal fear of Satan
sayeret,0.0,OBSCURE,1,noun.group,GENERAL,,True,False,False,obscure,Israel's elite secret commando unit responsible for counterterrorist and top secret intelligence gathering and hostage rescue missions
scalage,0.0,OBSCURE,2,noun.act,GENERAL,,True,False,False,obscure,estimation of the amount of lumber in a log
scallopine,0.0,OBSCURE,1,noun.food,GENERAL,,True,False,False,obscure,sauteed cutlets (usually veal or poultry) that have been pounded thin and coated with flour
scammonyroot,0.0,OBSCURE,1,noun.plant,BIO,,True,False,False,obscure,tropical American prostrate or climbing herbaceous perennial having an enormous starchy root; sometimes held to be source of the sweet potato
scarabaean,0.0,OBSCURE,1,noun.animal,BIO,,True,False,False,obscure,any of numerous species of stout-bodied beetles having heads with horny spikes
schistorrhachis,0.0,OBSCURE,1,noun.state,GENERAL,,True,False,False,obscure,a not uncommon congenital defect in which a vertebra is malformed; unless several vertebrae are affected or there is myelomeningocele there are few symptoms; can be diagnosed by amniocentesis
schizopetalon,0.0,OBSCURE,1,noun.plant,BIO,,True,False,False,obscure,a dainty South American annual having deeply pinnatifid leaves and racemes of fringed almond-scented purple-white flowers
schnittlaugh,0.0,OBSCURE,1,noun.plant,BIO,,True,False,False,obscure,perennial having hollow cylindrical leaves used for seasoning
schnorchel,0.0,OBSCURE,1,noun.artifact,GENERAL,,True,False,False,obscure,air passage provided by a retractable device containing intake and exhaust pipes; permits a submarine to stay submerged for extended periods of time
schtickl,0.0,OBSCURE,1,noun.quantity,GENERAL,,True,False,False,obscure,a really little shtik
schtikl,0.0,OBSCURE,1,noun.quantity,GENERAL,,True,False,False,obscure,a really little shtik
scolopendrium,0.0,OBSCURE,1,noun.plant,BIO,,True,False,False,obscure,a fern thought to resemble a millipede
scramsax,0.0,OBSCURE,1,noun.artifact,GENERAL,,False,False,False,obscure,A single-edged knife or sword used by the Anglo-Saxons for fighting and hunting.
seedswoman,0.0,OBSCURE,1,noun.person,GENERAL,,False,False,False,obscure,a female dealer in seeds
seedwoman,0.0,OBSCURE,1,noun.person,GENERAL,,False,False,False,obscure,a female dealer in seeds
seismosaur,0.0,OBSCURE,1,noun.animal,BIO,,True,False,False,obscure,huge herbivorous dinosaur of the Cretaceous found in western North America
selenator,0.0,OBSCURE,1,noun.person,GENERAL,,False,False,False,obscure,A fan of Selena Gomez
semilegality,0.0,OBSCURE,1,noun.attribute,GENERAL,,False,False,False,obscure,The property of being of partial or questionable legality.
septillion,0.0,OBSCURE,1,noun.quantity,GENERAL,,True,False,False,obscure,the number that is represented as a one followed by 24 zeros in the US
serictery,0.0,OBSCURE,1,noun.animal,BIO,,True,False,False,obscure,silk-producing gland of insects (especially of a silkworm) or spiders
sermonism,0.0,OBSCURE,1,noun.cognition,GENERAL,,False,False,False,obscure,the conceptualism of Abelard.
sesquipedalia,0.0,OBSCURE,1,noun.communication,GENERAL,,True,False,False,obscure,a very long word (a foot and a half long)
sevener,0.0,OBSCURE,1,noun.quantity,GENERAL,,True,False,False,obscure,the cardinal number that is the sum of six and one
sezession,0.0,OBSCURE,1,noun.group,GENERAL,,True,False,False,obscure,an Austrian school of art and architecture parallel to the French art nouveau in the 1890s
shallu,0.0,OBSCURE,1,noun.plant,BIO,,True,False,False,obscure,sorghum having slender dry stalks and small hard grains; introduced into United States from India
sheepwoman,0.0,OBSCURE,1,noun.person,GENERAL,,False,False,False,obscure,a female herder of sheep (on an open range); someone who keeps the sheep together in a flock
shillyshally,0.0,OBSCURE,1,noun.act,GENERAL,,True,False,False,obscure,the act of procrastinating; putting off or delaying or deferring an action to a later time
shmooze,0.0,OBSCURE,1,noun.communication,GENERAL,,True,False,False,obscure,(Yiddish) a warm heart-to-heart talk
shoebird,0.0,OBSCURE,1,noun.animal,BIO,,True,False,False,obscure,large stork-like bird of the valley of the White Nile with a broad bill suggesting a wooden shoe
shtickl,0.0,OBSCURE,1,noun.quantity,GENERAL,,True,False,False,obscure,a really little shtik
shtup,0.0,OBSCURE,1,noun.act,SPECIAL,sexual activity,True,False,False,obscure,slang for sexual intercourse
sideswoman,0.0,OBSCURE,1,noun.person,GENERAL,,False,False,False,obscure,(Church of England) a female assistant to the churchwarden; collects offerings of money in the church
sigeh,0.0,OBSCURE,1,noun.state,SPECIAL,Islam,True,False,False,obscure,a Shiite tradition of temporary marriage permitted in Iran that allows a couple to specify the terms of their relationship; can last from a few minutes to 99 years
sightreader,0.0,OBSCURE,1,noun.person,SPECIAL,music,True,False,False,obscure,a performer who reads without preparation or prior acquaintance (as in music)
silverrod,0.0,OBSCURE,1,noun.plant,BIO,,True,False,False,obscure,plant of eastern North America having creamy white flowers
simmpleness,0.0,OBSCURE,1,noun.attribute,GENERAL,,True,False,False,obscure,absence of affectation or pretense
sisham,0.0,OBSCURE,1,noun.plant,BIO,,True,False,False,obscure,East Indian tree whose leaves are used for fodder; yields a compact dark brown durable timber used in shipbuilding and making railroad ties
sissu,0.0,OBSCURE,1,noun.plant,BIO,,True,False,False,obscure,East Indian tree whose leaves are used for fodder; yields a compact dark brown durable timber used in shipbuilding and making railroad ties
skilletfish,0.0,OBSCURE,1,noun.animal,BIO,,True,False,False,obscure,clingfish with typical skillet shape
smilo,0.0,OBSCURE,1,noun.plant,BIO,,True,False,False,obscure,perennial mountain rice native to Mediterranean region and introduced into North America
smoothbark,0.0,OBSCURE,1,noun.plant,BIO,,True,False,False,obscure,any of several Australian eucalypts having the bark smooth except at or near the base of the trunk
snakeblenny,0.0,OBSCURE,1,noun.animal,BIO,,True,False,False,obscure,found in Arctic and northern Atlantic waters
sobralia,0.0,OBSCURE,1,noun.plant,BIO,,True,False,False,obscure,any of various showy orchids of the genus Sobralia having leafy stems and bright-colored solitary or racemose flowers similar to those of genus Cattleya
somaesthesia,0.0,OBSCURE,2,noun.cognition,GENERAL,,True,False,False,obscure,the perception of tactual or proprioceptive or gut sensations
somaesthesis,0.0,OBSCURE,1,noun.cognition,GENERAL,,True,False,False,obscure,the faculty of bodily perception; sensory systems associated with the body; includes skin senses and proprioception and the internal organs
somataesthesis,0.0,OBSCURE,1,noun.cognition,GENERAL,,True,False,False,obscure,the faculty of bodily perception; sensory systems associated with the body; includes skin senses and proprioception and the internal organs
somatosense,0.0,OBSCURE,1,noun.cognition,GENERAL,,True,False,False,obscure,any of the sensory systems that mediate sensations of pressure and tickle and warmth and cold and vibration and limb position and limb movement and pain
soshnik,0.0,OBSCURE,1,noun.artifact,GENERAL,,False,False,False,obscure,an iron plowshare that is a part of a sokha.
spatialism,0.0,OBSCURE,1,noun.group,GENERAL,,False,False,False,obscure,"an art movement founded by Italian artist Lucio Fontana in Milan in 1947 in which he intended to synthesize colour, sound, space, movement, and time into a new type of art."
sphecoid,0.0,OBSCURE,1,noun.animal,BIO,,True,False,False,obscure,any of various solitary wasps
sphenion,0.0,OBSCURE,1,noun.body,MED,,True,False,False,obscure,the anterior tip of the parietal bone
spicemill,0.0,OBSCURE,1,noun.artifact,GENERAL,,True,False,False,obscure,a mill for grinding spices
spindleberry,0.0,OBSCURE,1,noun.plant,BIO,,True,False,False,obscure,any shrubby trees or woody vines of the genus Euonymus having showy usually reddish berries
splitsaw,0.0,OBSCURE,1,noun.artifact,GENERAL,,True,False,False,obscure,a handsaw for cutting with the grain of the wood
splitworm,0.0,OBSCURE,1,noun.animal,BIO,,True,False,False,obscure,greyish-brown moth whose larva is the potato tuberworm
spoilable,0.0,OBSCURE,1,noun.food,GENERAL,,True,False,False,obscure,food that will decay rapidly if not refrigerated
spongefly,0.0,OBSCURE,1,noun.animal,BIO,,True,False,False,obscure,hairy-bodied insect whose larvae feed on freshwater sponges
spoonfeeding,0.0,OBSCURE,2,noun.act,GENERAL,,True,False,False,obscure,feeding someone (as a baby) from a spoon
sprechstimme,0.0,OBSCURE,1,noun.communication,GENERAL,,True,False,False,obscure,a style of dramatic vocalization between singing and speaking
staghead,0.0,OBSCURE,1,noun.plant,BIO,,True,False,False,obscure,an abnormal tufted growth of small branches on a tree or shrub caused by fungi or insects or other physiological disturbance
stalogometer,0.0,OBSCURE,1,noun.artifact,GENERAL,,False,False,False,obscure,a device for investigating surface tension using the stalagmometric method.
stanhopea,0.0,OBSCURE,1,noun.plant,BIO,,True,False,False,obscure,any of various orchids of the genus Stanhopea having a single large leaf and loose racemes of large fragrant flowers of various colors; Mexico to Brazil
staurikosaur,0.0,OBSCURE,1,noun.animal,BIO,,True,False,False,obscure,primitive dinosaur found in Brazil
staurikosaurus,0.0,OBSCURE,1,noun.animal,BIO,,True,False,False,obscure,primitive dinosaur found in Brazil
steamtightness,0.0,OBSCURE,1,noun.attribute,GENERAL,,False,False,False,obscure,The property of being being sealed in such a way that steam cannot leak out.
steelwoman,0.0,OBSCURE,1,noun.person,GENERAL,,False,False,False,obscure,a female worker engaged in making steel
stelis,0.0,OBSCURE,1,noun.plant,BIO,,True,False,False,obscure,any of various small tropical American orchids of the genus Stelis having long slender racemes of numerous small to minute flowers
stenopterygius,0.0,OBSCURE,1,noun.animal,BIO,,True,False,False,obscure,an ichthyosaur of the genus Stenopterygius
stephead,0.0,OBSCURE,1,noun.communication,GENERAL,,True,False,False,obscure,a headline with the top line flush left and succeeding lines indented to the right
stilbesterol,0.0,OBSCURE,1,noun.artifact,GENERAL,,True,False,False,obscure,synthetic nonsteroid with the properties of estrogen; formerly used to treat menstrual problems but was found to be associated with vaginal cancers in the daughters of women so treated during pregnancy
stoolpigeon,0.0,OBSCURE,1,noun.person,GENERAL,,True,False,False,obscure,someone acting as an informer or decoy for the police
stovepiping,0.0,OBSCURE,1,noun.process,GENERAL,,True,False,False,obscure,retrieval of information from unconnected databases; the situation that exists when it is necessary to climb out of one database in order to climb down into another; sometimes used for protection against wandering hackers
strapado,0.0,OBSCURE,1,noun.act,GENERAL,,True,False,False,obscure,"a form of torture in which the hands are tied behind a person's back and they are lifted off the ground by a rope tied to their wrists, then allowed to drop until their fall is checked with a jerk by the rope"
struthiomimus,0.0,OBSCURE,1,noun.animal,BIO,,True,False,False,obscure,small light-boned toothless dinosaur resembling an ostrich in size and proportions
stylemark,0.0,OBSCURE,1,noun.attribute,GENERAL,,True,False,False,obscure,a distinctive characteristic or attribute of someone or something
styracosaur,0.0,OBSCURE,1,noun.animal,BIO,,True,False,False,obscure,an unusual ceratopsian dinosaur having many large spikes around the edge of its bony frill and a long nose horn; late Cretaceous
styracosaurus,0.0,OBSCURE,1,noun.animal,BIO,,True,False,False,obscure,an unusual ceratopsian dinosaur having many large spikes around the edge of its bony frill and a long nose horn; late Cretaceous
subjoining,0.0,OBSCURE,1,noun.act,GENERAL,,True,False,False,obscure,the act of supplementing
subvocaliser,0.0,OBSCURE,1,noun.person,GENERAL,,True,False,False,obscure,someone who articulates speech without uttering sounds
suksdorfia,0.0,OBSCURE,1,noun.plant,BIO,,True,False,False,obscure,any of several American plants of the genus Suksdorfia having orbicular to kidney-shaped somewhat succulent leaves and white or rose or violet flowers in terminal panicles
sulfamezathine,0.0,OBSCURE,1,noun.artifact,GENERAL,,True,False,False,obscure,a sulfa drug used like sulfadiazine and also in veterinary medicine
sundate,0.0,OBSCURE,1,noun.group,GENERAL,,False,False,False,obscure,A date on a Sunday
superslasher,0.0,OBSCURE,1,noun.animal,BIO,,True,False,False,obscure,large (20-ft) and swift carnivorous dinosaur having an upright slashing claw 15 inches long on each hind foot; early Cretaceous
suprarenalectomy,0.0,OBSCURE,1,noun.act,GENERAL,,True,False,False,obscure,surgical removal of one or both adrenal glands
surfboarding,0.0,OBSCURE,1,noun.act,GENERAL,,True,False,False,obscure,the sport of riding a surfboard toward the shore on the crest of a wave
sutura,0.0,OBSCURE,1,noun.body,MED,,True,False,False,obscure,an immovable joint (especially between the bones of the skull)
swanflower,0.0,OBSCURE,1,noun.plant,BIO,,True,False,False,obscure,any of several orchids of the genus Cycnoches having slender arching columns of flowers suggesting the neck of a swan
swanneck,0.0,OBSCURE,1,noun.plant,BIO,,True,False,False,obscure,any of several orchids of the genus Cycnoches having slender arching columns of flowers suggesting the neck of a swan
symmachy,0.0,OBSCURE,1,noun.communication,GENERAL,,False,False,False,obscure,Fighting together or in an alliance with an ally (or allies)
symphilid,0.0,OBSCURE,1,noun.animal,BIO,,True,False,False,obscure,minute arthropod often infesting the underground parts of truck-garden and greenhouse crops
symphysion,0.0,OBSCURE,1,noun.body,MED,,True,False,False,obscure,the most forward point of the alveolar process of the mandible
syncategorem,0.0,OBSCURE,1,noun.communication,GENERAL,,True,False,False,obscure,a syncategorematic expression; a word that cannot be used alone as a term in a logical proposition
synchronoscope,0.0,OBSCURE,1,noun.artifact,GENERAL,,True,False,False,obscure,an instrument that indicates whether two periodic motions are synchronous (especially an instrument that enables a pilot to synchronize the propellers of a plane that has two or more engines)
syndetikon,0.0,OBSCURE,1,noun.substance,GENERAL,,False,False,False,obscure,Syndetikon is an all-purpose adhesive manufactured from natural materials.
tablefork,0.0,OBSCURE,1,noun.artifact,GENERAL,,True,False,False,obscure,a fork for eating at a dining table
taichichuan,0.0,OBSCURE,1,noun.act,GENERAL,,True,False,False,obscure,a Chinese system of slow meditative physical exercise designed for relaxation and balance and health
tailwort,0.0,OBSCURE,1,noun.plant,BIO,,True,False,False,obscure,hairy blue-flowered European annual herb long used in herbal medicine and eaten raw as salad greens or cooked like spinach
tanglebush,0.0,OBSCURE,1,noun.plant,BIO,,True,False,False,obscure,spiny branching deciduous shrub of southwestern United States having clusters of insignificant yellow-white flowers appearing before leaves followed by attractive black berrylike fruits
tarantelle,0.0,OBSCURE,1,noun.act,GENERAL,,True,False,False,obscure,a lively whirling Italian dance for two persons
taxistand,0.0,OBSCURE,1,noun.location,GENERAL,,True,False,False,obscure,a place where taxis park while awaiting customers
tchotchkeleh,0.0,OBSCURE,1,noun.person,GENERAL,,True,False,False,obscure,"(Yiddish) an attractive, unconventional woman"
teeoff,0.0,OBSCURE,1,noun.act,GENERAL,,True,False,False,obscure,the act of hitting a golf ball from the teeing ground at the start of each hole
tekki,0.0,OBSCURE,1,noun.person,TEC,programming,True,False,False,obscure,a technician who is highly proficient and enthusiastic about some technical field (especially computing)
teleostan,0.0,OBSCURE,1,noun.animal,BIO,,True,False,False,obscure,a bony fish of the subclass Teleostei
tendergreen,0.0,OBSCURE,1,noun.plant,BIO,,True,False,False,obscure,Asiatic plant cultivated for its swollen root crown and edible foliage
tertigravida,0.0,OBSCURE,1,noun.person,GENERAL,,True,False,False,obscure,a woman who is pregnant for the third time
tetanilla,0.0,OBSCURE,1,noun.state,GENERAL,,True,False,False,obscure,clinical neurological syndrome characterized by muscular twitching and cramps and (when severe) seizures; associated with calcium deficiency (hypoparathyroidism) or vitamin D deficiency or alkalosis
tetartanopia,0.0,OBSCURE,1,noun.state,GENERAL,,True,False,False,obscure,a form of dichromacy characterized by lowered sensitivity to yellow light; so rare that its existence has been questioned
tetragen,0.0,OBSCURE,1,noun.substance,GENERAL,,False,False,False,obscure,any chemical element that belongs to the carbon group.
textolite,0.0,OBSCURE,1,noun.substance,GENERAL,,False,False,False,obscure,"a laminated composite material used for electrotechnical components, inserts and bearings."
theatrology,0.0,OBSCURE,1,noun.cognition,GENERAL,,False,False,False,obscure,"the study of theatrical performance in relation to its literary, physical, psycho-biological, sociological, and historical contexts."
thermalgesia,0.0,OBSCURE,1,noun.state,GENERAL,,True,False,False,obscure,pain caused by heat
thiobacteria,0.0,OBSCURE,1,noun.animal,BIO,,True,False,False,obscure,any bacterium of the genus Thiobacillus
thyroprotein,0.0,OBSCURE,1,noun.substance,GENERAL,,True,False,False,obscure,a preparation made from iodinated protein and having an action similar to thyroxine
thyrsopteris,0.0,OBSCURE,1,noun.plant,BIO,,True,False,False,obscure,a terrestrial tree fern of South America
thysanopteron,0.0,OBSCURE,1,noun.animal,BIO,,True,False,False,obscure,an insect of the order Thysanoptera
thysanuron,0.0,OBSCURE,1,noun.animal,BIO,,True,False,False,obscure,primitive wingless insects: bristletail
tichodrome,0.0,OBSCURE,1,noun.animal,BIO,,True,False,False,obscure,crimson-and-grey songbird that inhabits town walls and mountain cliffs of southern Eurasia and northern Africa
ticktacktoo,0.0,OBSCURE,1,noun.act,GENERAL,,True,False,False,obscure,a game in which two players alternately put crosses and circles in one of the compartments of a square grid of nine spaces; the object is to get a row of three crosses or three circles before the opponent does
tickweed,0.0,OBSCURE,1,noun.plant,BIO,,True,False,False,obscure,any of numerous plants of the genus Coreopsis having a profusion of showy usually yellow daisylike flowers over long periods; North and South America
timucu,0.0,OBSCURE,1,noun.animal,BIO,,True,False,False,obscure,found in warm waters of western Atlantic
tirolean,0.0,OBSCURE,1,noun.artifact,GENERAL,,True,False,False,obscure,soft green felt hat with a feather or brush cockade
tocktact,0.0,OBSCURE,1,noun.event,GENERAL,,True,False,False,obscure,steady recurrent ticking sound as made by a clock
tollon,0.0,OBSCURE,1,noun.plant,BIO,,True,False,False,obscure,ornamental evergreen treelike shrub of the Pacific coast of the United States having large white flowers and red berrylike fruits; often placed in genus Photinia
tongueflower,0.0,OBSCURE,1,noun.plant,BIO,,True,False,False,obscure,orchid having blue to purple flowers with tongue-shaped or strap-shaped protuberances (calli) at the lip base
tonsilla,0.0,OBSCURE,1,noun.body,MED,,True,False,False,obscure,either of two masses of lymphatic tissue one on each side of the oral pharynx
topognosia,0.0,OBSCURE,1,noun.cognition,GENERAL,,True,False,False,obscure,recognition of the location of a stimulus on the skin
topognosis,0.0,OBSCURE,1,noun.cognition,GENERAL,,True,False,False,obscure,recognition of the location of a stimulus on the skin
trachodon,0.0,OBSCURE,1,noun.animal,BIO,,True,False,False,obscure,large duck-billed dinosaur of the Cretaceous period
trainbandsman,0.0,OBSCURE,1,noun.person,GENERAL,,True,False,False,obscure,a male member of a trainband
transferer,0.0,OBSCURE,1,noun.person,GENERAL,,True,False,False,obscure,someone who transfers something
tremendismo,0.0,OBSCURE,1,noun.group,GENERAL,,False,False,False,obscure,post-war Spanish literary style marked by a tendency to emphasize violence and grotesque imagery.
trichodesmium,0.0,OBSCURE,1,noun.animal,BIO,,True,False,False,obscure,large colonial bacterium common in tropical open-ocean waters; important in carbon and nitrogen fixation
trichopteron,0.0,OBSCURE,1,noun.animal,BIO,,True,False,False,obscure,caddis fly
triphosphopyridine,0.0,OBSCURE,1,noun.substance,GENERAL,,True,False,False,obscure,a pyridine ring with three phosphorus groups
trochlearis,0.0,OBSCURE,1,noun.body,MED,,True,False,False,obscure,either of the two cranial nerves on either side that control the superior oblique muscles of the eyes
trojniak,0.0,OBSCURE,1,noun.food,GENERAL,,False,False,False,obscure,"a Polish mead, made using two units of water for each unit of honey."
trompillo,0.0,OBSCURE,1,noun.plant,BIO,,True,False,False,obscure,weedy nightshade with silvery foliage and violet or blue or white flowers; roundish berry widely used to curdle milk; central United States to South America
turraea,0.0,OBSCURE,1,noun.plant,BIO,,False,False,False,obscure,any of numerous trees and shrubs grown for their beautiful glossy foliage and sweetly fragrant starry flowers
tweegram,0.0,OBSCURE,1,noun.communication,GENERAL,,False,False,False,obscure,an Instagram post that is all words
twimbos,0.0,OBSCURE,1,noun.person,SPECIAL,pornography,False,False,False,obscure,"a pair of twins, who are sexually promiscuous"
twistwood,0.0,OBSCURE,1,noun.plant,BIO,,True,False,False,obscure,vigorous deciduous European treelike shrub common along waysides; red berries turn black
ulalgia,0.0,OBSCURE,1,noun.state,GENERAL,,True,False,False,obscure,pain in the gums
underreckoning,0.0,OBSCURE,1,noun.cognition,GENERAL,,True,False,False,obscure,an estimation that is too low; an estimate that is less than the true or actual value
unenlightenment,0.0,OBSCURE,1,noun.cognition,GENERAL,,True,False,False,obscure,a lack of understanding
unexchangeability,0.0,OBSCURE,1,noun.attribute,GENERAL,,True,False,False,obscure,the quality of being incapable of exchange or interchange
unregularity,0.0,OBSCURE,1,noun.attribute,GENERAL,,True,False,False,obscure,not characterized by a fixed principle or rate; at irregular intervals
unsnarling,0.0,OBSCURE,1,noun.act,GENERAL,,True,False,False,obscure,the act of releasing from a snarled or tangled condition
uranologist,0.0,OBSCURE,1,noun.person,TEC,astronomy,True,False,False,obscure,a physicist who studies astronomy
uratemia,0.0,OBSCURE,1,noun.state,GENERAL,,True,False,False,obscure,presence of abnormal amounts of uric acid salts in the blood; symptom of gout
urochesia,0.0,OBSCURE,1,noun.process,GENERAL,,True,False,False,obscure,passage of urine from the anus
urochezia,0.0,OBSCURE,1,noun.process,GENERAL,,True,False,False,obscure,passage of urine from the anus
ursinia,0.0,OBSCURE,1,noun.plant,BIO,,True,False,False,obscure,any of various plants of the genus Ursinia grown for their yellow- or orange- or white-rayed flowers
vaginocele,0.0,OBSCURE,1,noun.state,GENERAL,,True,False,False,obscure,hernia projecting into the vagina
vaisya,0.0,OBSCURE,1,noun.group,GENERAL,,True,True,False,obscure,the third of the four varnas: the commoners or yeoman farmers or mercantile and professional category
vasodilative,0.0,OBSCURE,1,noun.artifact,GENERAL,,True,False,False,obscure,a drug that causes dilation of blood vessels
vasosection,0.0,OBSCURE,1,noun.act,GENERAL,,True,False,False,obscure,surgical incision into or division of the vas deferens
vasovesiculitis,0.0,OBSCURE,1,noun.state,GENERAL,,True,False,False,obscure,inflammation of the vas deferens and seminal vesicles; usually occurring with prostatitis
verticilliosis,0.0,OBSCURE,1,noun.state,GENERAL,,True,False,False,obscure,wilt caused by fungi of the genus Verticillium
vesicopapule,0.0,OBSCURE,1,noun.state,GENERAL,,True,False,False,obscure,a papule that changes into a blister
vetchworm,0.0,OBSCURE,1,noun.animal,BIO,,True,False,False,obscure,larva of a noctuid moth; highly destructive to especially corn and cotton and tomato crops
viatication,0.0,OBSCURE,1,noun.act,GENERAL,,True,False,False,obscure,purchasing insurance policies for cash from terminally ill policy holders
viaticus,0.0,OBSCURE,1,noun.act,GENERAL,,True,False,False,obscure,purchasing insurance policies for cash from terminally ill policy holders
villoma,0.0,OBSCURE,1,noun.state,GENERAL,,True,False,False,obscure,a benign epithelial tumor forming a rounded mass
volaille,0.0,OBSCURE,1,noun.food,GENERAL,,True,False,False,obscure,the flesh of a chicken used for food
watercannon,0.0,OBSCURE,1,noun.artifact,GENERAL,,True,False,False,obscure,a hose (carried on a truck) that fires water under high pressure to disperse crowds (especially crowds of rioters)
watertube,0.0,OBSCURE,1,noun.artifact,GENERAL,,False,False,False,obscure,a boiler tube through which the water flows.
waxmallow,0.0,OBSCURE,1,noun.plant,BIO,,True,False,False,obscure,any of various plants of the genus Malvaviscus having brilliant bell-shaped drooping flowers like incompletely opened hibiscus flowers
weightlift,0.0,OBSCURE,1,noun.act,GENERAL,,True,False,False,obscure,bodybuilding by exercise that involves lifting weights
whatchamacallum,0.0,OBSCURE,1,noun.artifact,GENERAL,,True,False,False,obscure,something unspecified whose name is either forgotten or not known
whipstitching,0.0,OBSCURE,1,noun.artifact,GENERAL,,True,False,False,obscure,a sewing stitch passing over an edge diagonally
whitlavia,0.0,OBSCURE,1,noun.plant,BIO,,True,False,False,obscure,desert plant of southern California with blue or violet tubular flowers in terminal racemes
whoriental,0.0,OBSCURE,1,noun.person,GENERAL,,False,False,False,obscure,An East Asian Whore
wickup,0.0,OBSCURE,1,noun.plant,BIO,,True,False,False,obscure,tall North American perennial with creeping rootstocks and narrow leaves and spikes of pinkish-purple flowers occurring in great abundance in burned-over areas or recent clearings; an important honey plant
wingstem,0.0,OBSCURE,1,noun.plant,BIO,,True,False,False,obscure,perennial herb with showy yellow flowers; the eastern United States
wirewoman,0.0,OBSCURE,1,noun.person,GENERAL,,False,False,False,obscure,a female worker who installs and repairs electric wiring
womanlike,0.0,OBSCURE,1,noun.attribute,GENERAL,,True,False,False,obscure,the trait of being womanly; having the characteristics of an adult female
woodgraining,0.0,OBSCURE,1,noun.attribute,GENERAL,,True,False,False,obscure,a texture like that of wood
yanquapin,0.0,OBSCURE,1,noun.plant,BIO,,True,False,False,obscure,water lily of eastern North America having pale yellow blossoms and edible globular nutlike seeds
yardwoman,0.0,OBSCURE,2,noun.person,GENERAL,,False,False,False,obscure,a female worker in a railway yard
yatobyo,0.0,OBSCURE,1,noun.state,GENERAL,,True,False,False,obscure,a highly infectious disease of rodents (especially rabbits and squirrels) and sometimes transmitted to humans by ticks or flies or by handling infected animals
yobibit,0.0,OBSCURE,1,noun.quantity,GENERAL,,True,False,False,obscure,a unit of information equal to 1024 zebibits or 2^80 bits
zamburek,0.0,OBSCURE,1,noun.group,GENERAL,,False,False,False,obscure,"a camel cavalry used in the early modern era by Arab, Afghan, Persian, and Indian armies"
zebibit,0.0,OBSCURE,1,noun.quantity,GENERAL,,True,False,False,obscure,a unit of information equal to 1024 exbibits or 2^70 bits
zenerdiode,0.0,OBSCURE,1,noun.artifact,GENERAL,,False,False,False,obscure,a semiconductor diode that exhibits a sharp increase in reverse current at a well-defined reverse voltage: used as a voltage regulator
zooecdysone,0.0,OBSCURE,1,noun.substance,GENERAL,,False,False,False,obscure,The term ‘zooecdysone’ refers to the molting hormones of insects.
