word,zipf,countable,uncountable,n_senses,first_gloss
and,7.41,0,0,3,"In rhythm, the second half of a divided beat."
that,7.01,0,0,1,Something being indicated that is there; one of those.
you,6.98,0,0,1,The name of the Latin script letter U/u.
it,6.95,0,0,9,One who is neither a he nor a she; a creature; a dehumanized being.
this,6.82,0,0,1,Something being indicated that is here; one of these.
but,6.63,0,0,4,"An instance of using the word ""but""; an objection or caveat."
or,6.54,1,1,2,Alternative form of OR.
an,6.53,0,0,1,"The first letter of the Georgian alphabet, ა (Mkhedruli), Ⴀ (Asomtavruli) or ⴀ (Nuskhuri)."
all,6.52,1,1,3,Everything that one is capable of.
they,6.5,0,0,1,A non-binary person.
me,6.48,0,0,2,"The self or personality of the speaker, especially their authentic self."
if,6.47,0,0,1,"An uncertainty, possibility, condition, doubt etc."
up,6.39,1,1,4,The direction opposed to the pull of gravity.
what,6.38,1,1,3,Something; thing; stuff.
who,6.34,0,0,1,A person under discussion; a question of which person.
her,6.3,0,0,1,A female person or animal.
she,6.26,0,0,1,A female.
how,6.24,0,0,3,The means by which something is accomplished.
them,6.19,0,0,1,Synonym of they (“a non-binary person”).
other,6.16,0,0,2,"An other, another (person, etc), more often rendered as another."
him,6.11,0,0,1,A male person or animal.
us,6.04,0,0,2,The relationship between the speaker and some other unspecified person.
where,6.0,0,0,1,The place in which something happens.
many,5.91,0,0,2,A multitude; a great aggregate; a mass of people; the generality; the common herd.
such,5.84,0,0,1,Something being indicated that is similar to something else.
something,5.81,0,0,2,An object whose nature is yet to be defined.
long,5.81,0,0,9,A long vowel.
each,5.69,0,0,1,An individual item: the least quantitative unit in a grouping.
doing,5.6,1,1,1,"A deed or action, especially when somebody is held responsible for it."
anything,5.55,0,0,1,Someone or something of importance.
oh,5.43,0,0,3,"An utterance of oh; a spoken expression of surprise, acknowledgement, etc."
known,5.39,0,0,2,Any fact or situation which is known or familiar.
international,5.36,0,0,3,Someone who has represented their country in a particular sport.
comes,5.36,0,0,1,"The answer to the theme, or dux, in a fugue."
de,5.23,0,0,1,The name of the Cyrillic script letter Д / д.
st,5.2,0,0,5,Alternative form of st. and St.; abbreviation of street.
english,5.19,0,1,2,"Spinning or rotary motion given to a ball around the vertical axis, as in pool, billiards or bowling; spin, sidespin."
whatever,5.14,0,0,2,A thing or person whose actual name is unknown or forgotten.
federal,5.13,0,0,4,A federal agent or (chiefly law-enforcement) official.
cannot,5.11,0,0,2,Something that cannot be done.
lol,5.05,0,0,1,Alternative letter-case form of LOL.
via,5.02,0,0,3,"A main road or highway, especially in ancient Rome. (Mainly used in set phrases, below.)"
san,4.97,0,0,2,"An Ancient Greek letter representing /s/ (uppercase Ϻ, lowercase ϻ), originally used in some dialects instead of sigma."
wide,4.96,0,0,1,A ball that passes so far from the batsman that the umpire deems it unplayable; the arm signal used by an umpire to signal a wide; the extra run added to the batting side's score
german,4.95,0,0,3,A near relative.
pre,4.95,1,1,4,Clipping of predrinks.
physical,4.94,0,0,2,A physical examination.
responsible,4.88,0,0,2,The person who bears the responsibility for something.
northern,4.85,0,0,3,An inhabitant of the northern regions; a northerner.
sexual,4.82,0,0,2,"A species which reproduces by sexual rather than asexual reproduction, or a member of such a species."
ed,4.79,1,1,3,edition
joe,4.78,1,1,5,A male; a guy; a fellow.
nor,4.78,0,0,1,Alternative form of NOR.
regional,4.72,0,0,1,An entity or event with scope limited to a single region.
warm,4.71,0,0,1,"The act of warming, or the state of being warmed; a heating."
steve,4.71,0,0,1,Alternative form of STEVE.
industrial,4.71,1,1,6,An employee in industry.
illegal,4.68,0,0,4,An illegal act or technique.
stuck,4.68,0,0,1,"A thrust, especially with a lance or sword."
ya,4.67,0,0,1,"A letter of the Cyrillic alphabet: Я, я."
sam,4.64,0,0,1,Federal narcotics agent.
tony,4.64,0,0,1,A simpleton.
affected,4.64,0,0,1,"Someone affected, as by a disease."
ah,4.63,0,0,1,An instance of the interjection ah.
jim,4.62,0,0,3,A one-pound banknote.
daniel,4.62,0,0,1,The buttocks.
un,4.62,0,0,1,Alternative spelling of 'un.
fail,4.61,1,1,5,"A failure, especially of a financial transaction (a termination of an action)."
creative,4.6,1,1,2,A person directly involved in a creative process; a creator of creative content.
rural,4.59,0,0,1,A person from the countryside; a rustic.
kim,4.59,0,1,1,Alternative form of gim (“edible seaweed”).
ha,4.58,0,0,1,The sum of bodily parts; the physical body.
ve,4.56,0,0,1,The name of the Cyrillic script letter В / в.
dc,4.56,0,0,2,Initialism of direct current.
brilliant,4.55,1,1,4,"A finely cut gemstone, especially a diamond, cut in a particular form with numerous facets so as to maximize light return through the top (called ""table"") of the stone."
da,4.54,0,1,2,Father.
hong,4.53,0,0,1,A foreign trading company in China.
clinical,4.51,0,0,1,A medical student's session spent in a real-world nursing environment.
jan,4.51,0,0,1,Obsolete form of jinn.
dan,4.51,0,0,7,"A title of honour or respect similar to ""master"" or ""Sir"", used of historical and legendary figures of the past."
visual,4.5,0,0,5,Any element of something that depends on sight.
eric,4.49,0,0,1,A fine paid as compensation for violent crimes.
kong,4.49,0,0,2,A set of four identical tiles.
bc,4.49,0,0,3,Abbreviation of basso continuo.
practical,4.48,0,0,4,A part of an exam or series of exams in which the candidate has to demonstrate their practical ability
alan,4.45,0,0,1,Alternative form of alaunt.
yo,4.45,0,0,6,Abbreviation of year(s) old.
jeff,4.45,0,0,2,A rope.
andy,4.43,0,0,1,android
na,4.42,0,0,1,Abbreviation of noun animate.
morgan,4.42,0,0,1,A unit for expressing the relative distance between genes on a chromosome.
dutch,4.41,0,0,1,wife
whereas,4.41,0,0,1,"A clause, as in legal documents, stating whereas."
roger,4.39,0,0,1,An act of sexual intercourse.
phil,4.37,0,1,1,Alternative form of phil..
diego,4.36,0,0,1,"A Spanish-speaker, especially from Latin America."
ann,4.35,0,0,1,An annate.
kate,4.34,0,0,1,"The brambling finch, Fringilla montifringilla."
prominent,4.33,0,0,2,Any of various moths having a conspicuous projection on the inner margin of the wings.
aggressive,4.32,0,0,2,One who is aggressive.
jonathan,4.31,0,0,1,An instrument used by smokers to light pipes.
eligible,4.29,0,0,1,One who is eligible.
mp,4.29,0,0,1,"Initialism of market price – written on menus instead of a price to mean the price charged depends on the price of supplies, which may vary."
experimental,4.28,0,0,1,The subject of an experiment.
barry,4.26,0,0,1,"A field divided transversely into several equal parts, and consisting of two different tinctures interchangeably disposed."
ted,4.26,0,0,1,A Teddy boy.
roy,4.25,0,0,1,A king.
ye,4.25,0,0,1,"The Cyrillic letter Е, е, featured in various Slavic and Turkic languages."
municipal,4.24,0,0,1,"A financial instrument issued by a municipality (e.g., municipal bonds)."
laura,4.24,0,0,2,A number of hermitages or cells in the same neighborhood occupied by anchorites who were under the same superior
steven,4.24,0,0,3,"Voice, especially when loud or strong."
carl,4.24,0,0,2,"A rude, rustic man; a churl."
emma,4.23,0,0,1,M in RAF phonetic alphabet
casual,4.23,0,0,9,"A worker who is only working for a company occasionally, not as its permanent employee."
ron,4.22,0,1,1,heroin
th,4.2,0,0,1,Abbreviation of table header.
sc,4.18,0,0,4,Initialism of softcover.
craig,4.18,0,0,1,A rocky crag.
madison,4.17,0,0,2,"A track cycling relay race in which team members take turns while racing round the track for the largest number of laps, and exchange places with a team mate by means of a touch, which may be a push o"
jake,4.17,1,1,5,A juvenile male turkey.
mps,4.16,0,0,1,Initialism of meter per second.
vincent,4.14,0,0,1,"The victim or dupe in a betting game, especially bowls."
norman,4.14,0,0,2,"A wooden bar, or iron pin."
um,4.13,0,0,1,"An occurrence of the interjection ""um""."
aw,4.13,0,0,1,An instance of aw.
juan,4.12,0,0,1,"A scroll of a traditional Chinese book, often (but not necessarily) corresponding to a single chapter or fascicle."
ralph,4.1,0,0,1,A raven.
vi,4.09,0,0,1,"Initialism of verb intransitive or intransitive verb, often in dictionaries."
fr,4.09,0,0,1,Alternative letter-case form of FR (“friend request”).
influential,4.09,0,0,1,A person who has influence
intel,4.07,0,1,1,Intelligence (secret information).
ethical,4.07,0,0,1,"An ethical drug, one only dispensed on the prescription of a physician."
ellen,4.05,0,1,3,Zeal.
lgbt,4.04,0,0,1,Alternative letter-case form of LGBT.
pt,4.04,1,1,5,"Initialism of physical training, a physical education class in grade school."
jo,4.03,0,0,2,"Darling, sweetheart."
ta,4.02,0,1,1,"In solfège, the lowered seventh note of a major scale (the note B-flat in the fixed-do system): te."
au,4.02,0,0,5,Abbreviation of atomic unit.
karl,4.0,0,0,1,A medieval Scandinavian freeman.
mc,4.0,0,0,3,Abbreviation of madarchod.
chan,4.0,0,0,4,An IRC channel.
neo,3.99,0,0,5,Clipping of neofan.
claire,3.98,0,0,1,A small enclosed pond used for gathering and greening oysters.
jin,3.98,0,0,2,Alternative spelling of jinn.
cohen,3.98,0,0,1,"A Jewish priest: direct male descendant of the Biblical high priest Aaron, brother of Moses."
han,3.93,0,1,1,"Sorrowful resentment, as a part of the Korean cultural identity."
es,3.93,0,0,3,"Alternative form of ess (the name of the Latin script letter S/s) in compounds such as ""es-hook""."
alot,3.93,0,1,1,Alternative form of a lot.
ni,3.93,0,0,1,Initialism of noun inanimate.
yay,3.92,0,1,1,Cocaine (powder or crack).
verbal,3.91,1,1,3,"A verb form which does not function as a predicate, or a word derived from a verb. In English, infinitives, participles and gerunds are verbals."
tel,3.9,0,0,4,Abbreviation of telephone number.
aye,3.89,0,0,1,An affirmative vote; one who votes in the affirmative.
sd,3.89,0,0,1,Alternative letter-case form of SD (“standard deviation”).
td,3.89,0,0,1,"Abbreviation of table data (standard cells that contains data, no table headers)."
willie,3.89,0,0,1,Alternative spelling of willy
rex,3.89,0,0,2,"A king, particularly in ancient Rome."
gf,3.88,0,0,1,Alternative letter-case form of GF (“girlfriend”).
sf,3.88,0,0,2,Alternative form of SF (science fiction)
prospective,3.87,0,0,3,"The scene before or around, in time or in space; view; prospect."
woo,3.87,0,0,1,"Alternative form of woo woo (“esoteric, pseudoscientific phenomena”)."
ahh,3.86,0,0,2,Alternative spelling of aah.
ivan,3.86,0,0,1,Alternative form of iwan.
baptist,3.86,0,0,1,A person who baptizes.
sync,3.86,1,1,3,Clipping of synchronization or synchrony.
vic,3.84,0,0,1,A victim of a homicide.
vii,3.84,0,0,1,Initialism of verb inanimate intransitive.
bb,3.84,0,0,2,Alternative spelling of BB.
ce,3.83,0,0,1,Alternative form of cee (“the letter C”).
bp,3.83,0,0,3,Initialism of base pair.
dana,3.82,0,1,1,"The virtue of generosity or giving, a form of alms, in Indian philosophy."
sympathetic,3.81,0,0,1,A sympathetic nerve.
maggie,3.8,0,0,2,"Any of several kinds of bird in the family Corvidae, especially Pica pica."
burton,3.8,0,0,2,"An arrangement of blocks and pulleys, especially for tightening rigging on a ship."
mel,3.8,0,1,2,A unit of pitch on a scale of pitches perceived by listeners to be equally spaced from one another.
cp,3.79,0,0,2,Abbreviation of codepage.
aaa,3.77,0,0,6,Initialism of abdominal aortic aneurysm.
ky,3.77,0,1,2,Alternative form of kye: plural of cow.
vip,3.76,0,0,1,Alternative letter-case form of VIP (“very important person”).
ooh,3.76,0,0,1,An exclamation of ooh.
rm,3.75,0,0,3,Initialism of right margin.
rita,3.75,0,1,2,Alternative form of rta (“Vedic principle”).
naive,3.75,0,0,1,A naive person; a greenhorn.
nt,3.75,0,0,2,Alternative form of n/t (“no text”).
meta,3.74,1,0,7,Clipping of metagame.
xxx,3.73,0,1,1,"An abbreviation for kisses, usually placed at the end of a letter or text message, often alongside ooo (hugs)."
oops,3.73,0,0,1,A minor mistake or unforeseen difficulty.
uc,3.72,0,1,1,Initialism of upper case.
og,3.72,0,0,1,Initialism of own goal.
sm,3.71,0,0,1,Initialism of slip marker.
dept,3.71,0,0,1,Alternative spelling of dept..
oi,3.71,1,1,2,An exclamation of 'oi'.
ipod,3.69,0,0,1,Misspelling of iPod.
az,3.68,0,1,2,Alternative form of az. (“azure”).
heh,3.67,0,0,1,"The fifth letter of many Semitic alphabets (Phoenician 𐤄, Aramaic 𐡄, Hebrew ה, Syriac ܗ, Arabic ه, and others)."
hal,3.67,0,0,1,"A special temporary state of consciousness, generally understood to be the product of a Sufi's spiritual practices while on his way toward God."
acc,3.67,0,0,2,Abbreviation of accusative case
lg,3.67,0,0,2,Initialism of landing gear.
tangible,3.66,0,0,2,A physical object; something that can be touched.
bbq,3.66,0,0,1,Alternative letter-case form of BBQ.
alec,3.65,1,1,2,"An anchovy or herring, especially pickled or dried."
frankie,3.65,0,0,2,An Indian snack resembling a burrito.
hc,3.65,0,0,1,Alternative letter-case form of HC (“headcanon”).
ow,3.64,0,0,1,An uttering of an 'ow'.
romney,3.64,1,1,1,Alternative form of rumney.
hydro,3.63,1,1,9,Clipping of hydropower (“hydroelectric power”).
noel,3.63,0,0,1,"A kind of hymn, or canticle, of mediaeval origin, sung in honor of the birth of Christ; a Christmas carol."
saunders,3.63,0,1,1,Alternative form of sanders (“sandalwood”).
yuri,3.62,0,1,1,A narrative or visual work featuring a romantic or sexual relationship between women.
hath,3.62,0,0,1,Alternative form of hauth (“unit of measure”).
ay,3.61,0,0,2,Alternative spelling of aye (“yes”).
barton,3.61,0,0,3,A farmyard.
pam,3.6,1,1,5,The jack of clubs in loo played with hands of 5 cards.
lawson,3.6,0,0,1,a chemical and dye found in henna (Lawsonia inermis)
gaga,3.59,0,1,1,Alternative form of ga-ga (“game resembling dodgeball”).
kickstarter,3.59,0,0,1,Alternative form of kick-starter.
gc,3.57,0,0,1,Initialism of group chat.
hoover,3.56,0,0,1,"A vacuum cleaner, irrespective of brand."
ouch,3.56,0,0,2,Something that causes discomfort or pain.
mister,3.56,0,0,7,"Alternative spelling of Mister, especially when used as a form of address without a name."
rf,3.55,0,0,1,Initialism of radio frequency.
poo,3.54,1,1,8,"Alternative spelling of pooh: an instance of saying ""poo""."
hah,3.54,0,0,1,Alternative form of heh (“Semitic letter”).
barney,3.54,0,0,8,"A lark, a romp, some fun."
ul,3.54,0,0,1,Alternative form of UL (“upload”).
chevy,3.53,1,1,3,A hunt or pursuit; a chase.
morse,3.52,0,0,2,"A clasp or fastening used to fasten a cope in the front, usually decorative."
lc,3.52,0,1,1,Initialism of lower case.
pb,3.52,0,0,1,Abbreviation of power brakes.
calcutta,3.52,0,0,1,A form of auction in which people invest in a player's success
yorker,3.49,0,0,1,A ball bowled so as to bounce at or near the batsman's popping crease.
shi,3.46,0,1,2,Abbreviation of shibire.
wah,3.45,0,0,2,The red panda.
nv,3.45,0,1,1,Initialism of novel/new variant.
gg,3.44,0,0,1,"Loss, defeat, game over."
laurence,3.44,0,0,1,Synonym of lowrie.
pf,3.44,0,0,1,Initialism of power factor.
qc,3.44,0,1,1,Abbreviation of quaternionic contact.
tp,3.43,0,0,2,Initialism of toilet paper.
offseason,3.43,0,0,1,Alternative form of off-season.
kemp,3.43,1,1,4,"A coarse or bristly hair, whisker; (in the plural) knotty hairs that will not felt."
irl,3.43,0,0,1,Alternative letter-case form of IRL.
wc,3.41,0,0,1,Initialism of word choice.
duffy,3.41,0,0,1,Archaic form of duppy (“Caribbean ghost or spirit”).
maj,3.41,0,1,1,Alternative form of maj..
gu,3.4,0,0,2,Alternative spelling of gue (“Shetland fiddle”).
womens,3.4,0,0,2,Alternative form of women (“plural of woman”).
oooh,3.39,0,0,1,Elongated form of ooh.
milf,3.39,0,0,1,Alternative letter-case form of MILF.
lv,3.39,1,1,10,Initialism of latent variable.
standalone,3.39,0,0,1,Alternative form of stand-alone.
conn,3.38,0,0,1,"The duty of directing a ship, usually used with the verb to have or to take and accompanied by the article ""the."""
shea,3.38,0,0,2,"A tree (Vitellaria paradoxa) indigenous to Africa, occurring in Mali, Cameroon, Congo, Côte d'Ivoire, Ghana, Guinea, Togo, Nigeria, Senegal, Sudan, Burkina Faso and Uganda."
louie,3.38,0,0,1,Alternative form of looey.
hoo,3.38,0,0,2,An uttering of the cry 'hoo'.
nb,3.37,0,0,1,Initialism of no ball.
judd,3.37,0,0,1,Alternative form of jud.
fulham,3.37,0,0,2,Alternative form of fullam (“loaded die”).
cheng,3.37,0,0,1,Alternative form of sheng (Chinese wind instrument)
ly,3.37,0,0,1,Abbreviation of light year.
demi,3.37,0,0,5,Alternative spelling of demy.
dodd,3.36,0,0,1,A rounded summit of a hill; a lower summit or shoulder to a hill
handheld,3.36,0,0,1,Alternative form of hand-held.
cher,3.36,0,0,1,Alternative spelling of 'cher.
frontline,3.35,0,0,1,Alternative form of front line.
fps,3.35,0,0,2,Initialism of frames per second.
rubin,3.35,0,0,1,Alternative form of rubine (“(obsolete) a ruby”).
hud,3.35,0,0,1,"A huck or hull, as of a nut."
manu,3.34,0,0,2,"A method of diving similar to a cannonball/bomb but with the lower back entering the water first, causing a large splash."
lizzie,3.34,0,0,1,Alternative form of lezzie (“lesbian”).
melvin,3.34,0,0,2,A wedgie performed from in front of the victim.
wp,3.34,0,0,1,Alternative form of WP.
tata,3.33,0,0,1,Alternative form of ta-ta (“breast”).
ww,3.33,0,0,1,Initialism of wrong word.
nye,3.32,0,0,1,Alternative form of nide (“nest of pheasants”).
df,3.32,0,0,1,Alternative form of DOF (“degree(s) of freedom”).
garth,3.31,0,0,6,A grassy quadrangle surrounded by cloisters.
francesca,3.31,0,0,1,Alternative form of francisca (“throwing axe used by the Franks”).
cg,3.31,0,0,1,Initialism of center of gravity.
palo,3.31,0,0,1,Any of the traditional musical forms in flamenco.
contra,3.31,0,0,6,A deal to swap goods or services.
siri,3.3,0,1,1,Alternative form of sirih (“plant”).
ami,3.3,0,0,1,Clipping of amigurumi.
pooh,3.29,1,1,3,"An instance of saying ""pooh""."
thankyou,3.29,0,0,1,Alternative spelling of thank-you.
ying,3.28,0,0,1,Alternative form of ching (“knife”).
cpi,3.28,0,0,2,Initialism of characters per inch.
mh,3.28,0,0,1,Initialism of mental health.
bj,3.28,0,0,1,Initialism of blow job.
lew,3.27,0,0,3,A French gold coin circulated in 15th-century Scotland.
jb,3.27,0,1,1,Initialism of jailbait.
str,3.27,0,1,7,Abbreviation of string(s).
matilda,3.26,0,0,1,"A bundle of possessions, often tied up in a sack; a swag."
isp,3.25,0,0,1,Abbreviation of ichnospecies.
abt,3.24,0,1,1,Initialism of all but thesis.
deadpool,3.24,0,0,2,Alternative form of dead pool (“a point at which a reservoir no longer has enough water”).
hua,3.24,0,0,2,Alternative form of hooer.
tue,3.24,0,0,1,Archaic form of tui (species of honeyeater).
bw,3.23,0,1,2,Abbreviation of bodyweight.
ctrl,3.22,0,0,1,Alternative form of ctrl. Abbreviation of control.
millie,3.2,0,0,2,"A mill worker, usually a young working-class woman working in the factories of Ireland's linen industry."
gis,3.2,0,1,1,Alternative spelling of jizz.
mrna,3.2,0,0,1,Alternative form of mRNA.
tia,3.2,0,0,1,Initialism of transient ischemic attack.
antifa,3.2,1,1,2,Clipping of antifascism.
har,3.2,0,0,1,A hinge.
lvl,3.18,0,0,1,Alternative letter-case form of LVL.
biggie,3.18,0,0,1,Alternative spelling of biggy.
adm,3.18,0,0,1,"Abbreviation of administer and related forms of that word (administering, administrate, administration. administrative, administrator, etc.)"
conner,3.17,0,0,2,A corkwing wrasse (Symphodus melops)
sn,3.17,0,0,1,Abbreviation of screenname.
frontman,3.17,0,0,2,Alternative spelling of front man: a person acting as the public face of an organization.
bama,3.17,0,0,1,Alternative form of bamma (“an unstylish rural person; a hick”).
spinoff,3.16,0,0,1,Alternative form of spin-off.
timeframe,3.16,0,0,1,Alternative spelling of time frame.
roadmap,3.16,0,0,1,Alternative form of road map.
ppm,3.15,0,0,2,Initialism of parts per million (10000 ppm = 1%).
bertha,3.15,0,0,1,A lace collar that covers the shoulders of a dress
gsm,3.15,0,0,1,Initialism of grams per square metre (unit for measuring the weight of paper).
carney,3.14,1,1,1,Alternative spelling of carny.
xo,3.13,0,0,1,"Alternative form of xoxo (an abbreviation for hugs and kisses, usually placed at the end of a letter.)"
hawkeye,3.13,0,0,1,Alternative spelling of hawk-eye.
creme,3.12,1,1,1,Alternative spelling of crème.
mooney,3.1,0,0,1,Alternative form of moony.
ppg,3.1,0,0,1,Alternative letter-case form of PPG.
nellie,3.1,0,0,2,"Clipping of high nellie, a type of roadster bicycle."
bpd,3.1,0,0,1,Initialism of barrels per day.
amtrak,3.09,0,0,1,Alternative form of amtrac (“amphibious vehicle”).
nbsp,3.09,0,0,1,Initialism of non-breaking space.
osha,3.09,0,1,1,"A perennial herb of species Ligusticum porteri, found in parts of the Rocky Mountains and northern New Mexico."
vo,3.09,0,0,1,Obsolete form of voe (“sea inlet”).
aga,3.08,0,0,1,Alternative spelling of agha.
barre,3.08,0,0,2,A handrail fixed to a wall used for ballet exercises.
runtime,3.08,1,1,1,Alternative spelling of run time.
boyz,3.07,0,0,1,Eye dialect spelling of boys; plural of boy.
goto,3.07,0,0,1,Alternative letter-case form of GOTO.
tron,3.07,0,0,1,Obsolete form of trone (“weighing machine”).
capcom,3.07,0,0,1,Alternative letter-case form of CAPCOM.
carlin,3.07,0,0,2,Alternative form of carline (“old woman”).
voiceover,3.07,0,0,1,Alternative form of voice-over.
ze,3.06,0,0,1,The name of the Cyrillic script letter З / з.
signup,3.06,0,0,1,Alternative spelling of sign-up.
dey,3.06,0,0,2,A servant who has charge of the dairy; a dairymaid.
rah,3.06,0,0,1,A young adult (often a student) who behaves in a stereotypically upper class manner; especially when associated with undeserved privilege or a lack of self-awareness.
kee,3.06,0,0,1,Alternative form of kye (“cow”).
banco,3.03,0,0,2,"A bank, especially that of Venice; formerly used to indicate bank money, as distinguished from the current money when it has become depreciated."
showbiz,3.03,0,1,1,Clipping of showbusiness.
tas,3.03,0,0,1,Alternative spelling of tass.
defenseman,3.03,0,0,1,Alternative spelling of defenceman.
suk,3.02,0,0,1,Alternative spelling of souq.
shh,3.01,0,1,2,An utterance of shh.
berwick,3.01,0,0,1,Alternative form of berewick
yd,3.01,0,0,1,Alternative form of yd..
cray,3.01,0,0,1,A crayfish or lobster.
tempe,3.01,1,1,1,Alternative form of tempeh.
sil,2.99,0,1,1,A yellowish pigment used by painters in ancient times.
phosphorylation,2.99,1,1,1,the process of transferring a phosphate group from a donor to an acceptor; often catalysed by enzymes.
convo,2.99,0,0,1,A conversation.
biometric,2.99,0,0,1,A metric that measures a biologic characteristic.
fic,2.99,1,0,1,A fictional story set within a preexisting fandom; a fanfic.
moisturizer,2.99,1,1,2,Something that causes moisture or a condition of wetness; something that makes things moist.
dojo,2.99,0,0,4,"A training facility, usually led by one or more sensei; a hall or room used for such training."
ged,2.99,0,0,2,The pike or luce.
hoon,2.99,0,0,6,A worthless person; a hooligan or lout.
atta,2.99,1,1,1,A type of wholegrain flour from the Indian subcontinent.
wishlist,2.99,0,0,1,Alternative form of wish list.
mong,2.99,0,0,6,"A mingling, mixture, or crowd."
garnett,2.99,0,0,1,A machine that reduces textile fibre waste to a fibrous state in preparation for carding
sora,2.99,0,0,1,"A rail (Porzana carolina) bird of North, Central, and northern South America."
waterhouse,2.99,0,0,1,A house on floats.
ringtone,2.99,0,0,2,The sound made by a telephone when ringing.
dougie,2.99,0,0,1,A hip-hop dance generally performed by moving one's body in a shimmy style and passing a hand through or near the hair on one's own head.
ritter,2.99,0,0,1,knight
aq,2.99,0,0,1,Abbreviation of aqueous solution.
paco,2.99,1,1,2,An alpaca.
freer,2.99,0,0,1,One who frees.
palazzo,2.99,0,0,1,"A large, palatial urban building in Italy."
whig,2.99,0,0,2,"Acidulated whey, sometimes mixed with buttermilk and sweet herbs, used as a cooling beverage."
bibi,2.99,0,0,2,A grandmother.
tait,2.99,0,0,1,The honey possum (Tarsipes rostratus).
arty,2.99,0,0,2,Artillery.
luxe,2.99,0,1,1,Luxury.
vert,2.99,1,1,7,"A green colour, now only in heraldry; represented in engraving by diagonal parallel lines 45 degrees counter-clockwise."
beal,2.99,0,0,1,A small inflammatory tumor; pustule.
oss,2.98,0,0,1,Alternative spelling of 'oss.
lala,2.98,0,1,2,Alternative form of ilala.
atari,2.98,0,0,1,A move that threatens the immediate capture of one or more stones.
saas,2.98,0,0,1,"A mother-in-law, especially the mother of the groom, who lives with the married couple."
clem,2.98,0,0,3,A brick or stone.
psu,2.98,0,0,1,Initialism of practical salinity unit.
caloric,2.98,0,1,1,The hypothetical medium of heat.
kamala,2.98,1,1,2,"A small or medium-sized tree (Mallotus philippensis) in the spurge family, found in Asia and Australia."
tranny,2.98,1,1,7,"A transgender person, especially a trans woman, or (especially historically) anyone who cross-dresses, especially MTF: a transvestite, drag queen, transgender person, etc."
menswear,2.98,0,1,1,"Men's clothing (and accessories), particularly in a retail context."
lutz,2.98,0,0,2,"A jump in which the skater takes off from the back outside edge of one skate, rotates counterclockwise and lands on the back outside edge of the other skate."
img,2.98,0,0,1,Alternative form of IMG.
airstrike,2.98,0,0,1,Alternative form of air strike.
ginny,2.98,0,0,1,A stationary engine for hauling coal out of a mine.
petri,2.98,0,0,1,Ellipsis of petri dish.
gre,2.98,0,0,1,Obsolete form of gree.
acton,2.97,0,1,2,Alternative form of aketon.
deen,2.97,0,1,1,religion; religiosity; the way of life of a pious Muslim
naga,2.97,0,0,3,A loincloth.
teleport,2.97,0,0,2,Synonym of teleporter (“science fiction device”).
sapiens,2.97,0,0,1,A human being (Homo sapiens).
arg,2.97,0,1,2,An argument; a value passed as a parameter.
webcast,2.97,0,0,1,A video and/or audio broadcast transmitted via the Internet
drury,2.97,0,0,4,"Love, especially sexual love; courtship, sex."
bhp,2.97,0,0,1,Initialism of brake horsepower.
ug,2.97,1,1,6,"A feeling of fear, horror or disgust."
collab,2.97,0,0,1,"A collaboration, especially a work produced by several musicians who do not usually work together."
dosing,2.97,0,0,1,The administration of a dose
mex,2.97,0,0,1,The mex of a subset of a well-ordered set is the smallest value from the whole set that does not belong to the subset.
simplex,2.97,0,0,4,"A generalization of a triangle or tetrahedron to an arbitrary dimension; more accurately, the convex hull of n+1 affinely independent points in n-dimensional space."
sith,2.97,0,0,3,"A journey, way."
diddy,2.97,0,0,4,A woman's breast.
leno,2.97,1,1,1,"A type of weave used to make light, open cotton fabric used for window curtains."
standup,2.97,1,1,1,Alternative form of stand-up.
jihadist,2.96,0,0,3,"One who participates in a jihad, an Islamic holy war or conflict; a mujahid."
maduro,2.96,0,0,1,"A cigar made with somewhat dark, medium-strength tobacco."
soe,2.96,0,0,1,"a large wooden vessel for carrying water, especially one to be carried on a pole between two people."
culver,2.96,0,0,2,"A dove or pigeon, now specifically of the species Columba palumbus."
nitrous,2.96,0,1,2,Nitrous oxide.
arable,2.96,0,1,1,"Land that can be cropped (i.e., land that is arable); land that is being cropped (i.e., land that is in the cropping phase of a crop rotation, currently being cropped rather than used as pasture or fa"
ight,2.96,0,1,1,possession
fantastical,2.96,0,0,1,Something that is fantastical.
crewe,2.96,0,0,1,"A group of people, especially in Louisiana, who support a Mardi Gras float in parades, as well as other charity work."
cade,2.96,0,0,3,An animal brought up or nourished by hand.
expendable,2.96,0,0,1,An expendable person or object; usually used in the plural.
kaya,2.96,0,1,3,"Torreya nucifera, the Japanese nutmeg tree."
awesomeness,2.96,0,1,1,The quality of being awesome.
fleur,2.96,0,0,1,fleur-de-lis
herzog,2.96,0,0,1,A German duke.
todo,2.96,0,0,1,Alternative form of to-do.
crabtree,2.96,0,0,1,Alternative form of crab tree.
troubleshooting,2.96,0,1,1,"The identification and resolution of problems, especially problems of a technical nature."
obstructive,2.96,0,0,1,One who obstructs something.
gabi,2.96,0,0,3,"Colocasia esculenta, raised as a food primarily for its corm, which distantly resembles potato."
wack,2.96,0,0,3,An eccentric; an oddball; a weirdo.
ayn,2.96,0,0,2,"Synonym of ayin, the various letters representing the consonant /ʕ/ in Semitic languages."
cee,2.96,0,0,2,The name of the Latin script letter C/c.
airtime,2.96,1,1,5,The duration during which a radio or television program (or part of one) is transmitted.
bertram,2.96,0,0,1,A flowering plant of species Anacyclus pyrethrum.
commenter,2.96,0,0,1,One who comments.
nai,2.96,0,0,2,barber.
pfft,2.96,0,0,1,A short puffing sound.
reprise,2.96,0,0,7,A recurrence or resumption of an action.
dhoni,2.95,0,0,1,"A handcrafted sailboat with a motor or lateen sails, resembling a dhow, that is used in the Maldives."
deo,2.95,1,1,1,deodorant
didi,2.95,0,0,1,A respectful term of address to any familiar older female.
croc,2.95,0,0,2,A crocodile.
geriatric,2.95,0,0,1,An old person.
uninstall,2.95,0,0,1,An uninstallation process.
bff,2.95,0,0,1,Alternative letter-case form of BFF.
nitric,2.95,0,1,1,Nitric acid.
cleary,2.95,0,0,1,"A clear marble (sphere used in games), usually colored, but without decoration or design."
fung,2.95,0,0,2,Alternative form of fum (“fabulous Chinese bird”).
dooley,2.95,0,0,1,Alternative form of dooly (“basic Indian litter; stretcher; litter”).
pent,2.95,0,0,3,Confinement; concealment.
mongering,2.95,0,1,2,"Trading or peddling (typically, of a specified commodity)."
transcendent,2.95,0,0,1,That which surpasses or is supereminent; something excellent.
sansa,2.95,0,0,1,Alternative spelling of zanza..
forma,2.95,0,0,1,Synonym of form (“the component of a thing that determines its kind”).
boyer,2.95,0,0,1,A Flemish sloop with a castle at each end.
hardline,2.95,0,0,3,A retail product collection consisting primarily of hardware targeting the do-it-yourself customer.
abv,2.95,1,1,1,Alternative letter-case form of ABV (“alcohol by volume”).
ach,2.95,0,0,1,"Any of several species of plants, such as smallage, wild celery, parsley."
lightsaber,2.95,0,0,2,A sword having a blade made of a powerful beam of light or energy.
oe,2.95,0,0,2,A small island.
shithole,2.95,0,0,5,The anus.
jiu,2.95,0,1,1,Any Chinese alcoholic beverage
installer,2.94,0,0,2,One who installs.
frisco,2.94,0,0,1,Synonym of frisk (“brisk and lively movement”).
deepwater,2.94,0,1,1,Brine collected in a seafloor depression (brine pool).
palma,2.94,0,0,1,"Alternative form of palmo, traditional Portuguese and Spanish units of length."
petro,2.94,0,0,1,"A Venezuelan cryptocurrency launched in 2018, supposed to be backed by the country's oil and mineral reserves. Symbol: ₽."
zayn,2.94,0,0,1,The letter ز in the Arabic script.
bevan,2.94,0,0,1,a bogan
tilly,2.94,0,0,2,An extra product given to a customer at no additional charge; a lagniappe.
sed,2.94,0,0,1,A line fastening a fish-hook.
birdman,2.94,0,0,3,A man who works with birds.
preset,2.94,0,0,2,A setting that is set in advance.
butthole,2.94,0,0,3,The anus.
saad,2.94,0,0,1,The letter ص in the Arabic script.
tut,2.94,0,1,4,A tutorial.
gove,2.94,0,0,1,A mow; a rick for hay.
katniss,2.94,0,1,1,"Sagittaria spp., herbaceous perennial flowering plants that grow in water."
juve,2.94,0,0,1,A child actor.
dona,2.94,0,0,1,Alternative form of donah.
saith,2.94,0,0,1,Alternative form of saithe (“type of fish”).
slideshow,2.94,0,0,3,"A presentation of a series of photographic slides, usually with a spoken or recorded explanation."
chopin,2.94,0,0,1,A liquid unit of measure of almost half a pint.
constitutionality,2.94,0,1,1,The status of being constitutional; of being in accord with the provisions of the appropriate constitution.
idly,2.93,0,0,1,Alternative spelling of idli.
maki,2.93,0,1,3,A ring-tailed lemur (Lemur catta).
southside,2.93,0,0,1,"The southern side of a building, street, city, area, etc."
videogame,2.93,0,0,1,Alternative spelling of video game.
libra,2.93,0,0,6,"A Roman unit of mass, usually equivalent to 327 g."
punta,2.93,0,1,1,A Garifuna style of festive music and dance.
edu,2.93,0,0,1,education.
jpg,2.93,0,0,1,Alternative letter-case form of JPG.
ppi,2.93,0,1,2,Initialism of pixels per inch.
camino,2.93,0,0,1,The route followed on a pilgrimage through Spain.
pregame,2.93,0,0,3,"A social gathering of friends who get together to drink before going out to a party or a sports game, in order to generate a slight feeling of intoxication before going out for the night."
modus,2.93,0,0,3,"The arrangement of, or mode of expressing, the terms of a contract or conveyance."
twink,2.93,0,1,10,"One or more very small, short bursts of light."
nao,2.93,0,0,1,A Spanish or Portuguese carrack.
cooley,2.93,0,0,1,Alternative spelling of coulee.
config,2.93,0,0,1,Configuration.
multitasking,2.93,0,1,2,The simultaneous execution of multiple tasks (programs) under the control of an interrupt-driven operating system.
photoshoot,2.93,0,0,1,A session in which a photographer takes a number of photographs of a person or group of people.
rechargeable,2.92,0,0,1,A device that may be recharged
concealer,2.92,1,1,3,"Something that, or someone who, conceals."
replaceable,2.92,0,0,1,Anything that can be replaced.
masterclass,2.92,0,0,1,Alternative form of master class.
soulmate,2.92,0,0,1,"Someone, especially a romantic partner, with whom one is exceptionally or uniquely compatible or has a special, almost spiritual connection."
satoshi,2.92,0,0,1,A hundred-millionth (10⁻⁸) of a bitcoin; the same as 10 nanocoins (nBTC) or 10⁻⁸ BTC.
sarkar,2.92,0,0,5,An administrative unit used mostly in the Muslim states of South Asia.
nou,2.92,0,1,1,Alternative form of noh (“classical Japanese music drama”).
bol,2.92,0,1,1,bolognese
mano,2.92,0,0,1,"A stone resembling a rolling pin, used to grind maize or other grain on a metate."
firefighting,2.92,0,1,3,The extinguishing of a fire.
tse,2.92,0,0,1,"The Cyrillic letter Ц, ц."
presto,2.92,0,1,1,A pair of fives as a starting hand in Texas hold 'em.
langer,2.92,0,0,3,Fool; idiot; annoying or contemptible person (usually male).
caf,2.92,1,1,3,A café.
florentine,2.92,1,1,3,"A biscuit consisting mostly of nuts and preserved fruit, usually coated with chocolate on one side."
freeport,2.92,0,0,1,Alternative form of free port.
silverstone,2.92,1,1,1,Alternative form of silver stone (“silver ore”).
jacuzzi,2.92,0,0,1,A hot tub or whirlpool bath with underwater jets that massage the body.
goalscorer,2.92,0,0,1,"A person who scores a goal, or scores goals."
wiseman,2.92,0,0,1,Obsolete form of wise man.
reverb,2.92,0,1,1,An electronic effect which simulates echoes or reverberations in the sound signal being processed.
rodman,2.92,0,0,1,Synonym of rodsman.
malia,2.91,0,0,1,"A passerine bird endemic to Sulawesi, of species Malia grata."
matchday,2.91,0,0,1,Alternative form of match day.
melton,2.91,1,1,1,"A tough, short-napped material used for making overcoats."
podesta,2.91,0,0,2,A chief magistrate of various Italian republics and city-states in the Middle Ages.
polaroid,2.91,0,0,4,"A sheet of plastic embedded with microscopic crystals of herapathite or similarly acting material, so that light passing through it is polarized."
relaunch,2.91,0,0,1,The act or fact of launching again.
starfleet,2.91,0,0,1,A fleet of starships; a space navy.
hammersmith,2.91,0,0,1,A maker of hammers.
kwan,2.91,0,0,1,A school of Korean martial arts.
crowder,2.91,0,0,2,One who crowds or pushes.
asexual,2.91,0,0,3,"A species which reproduces by asexual rather than sexual reproduction, or a member of such a species."
boop,2.91,0,0,2,A low-pitched beeping sound.
refinancing,2.91,0,0,1,One or more loans or other borrowings that repay and replace previous financings.
clamping,2.91,1,1,1,The act by which something is clamped.
ema,2.91,0,0,1,"A wooden plaque bearing a prayer or wish, left hanging at a Shinto shrine."
ballon,2.91,1,1,2,The quality of a jump by which a ballet dancer appears to pause in midair
celiac,2.91,0,0,1,Someone who has celiac disease.
shang,2.91,0,0,1,A Chinese unit of land area equivalent to 15 mu or about one hectare.
setlist,2.91,0,0,1,A list of the songs to be played by a particular band or musical act for a particular show or tour.
woodhouse,2.91,0,0,1,A house or shed for storing (chopped) wood
helpline,2.91,0,0,1,"A telephone service (or (by extension) one using email, SMS, or the Web) which offers help to those who call, as either a public emergency service or customer service."
jer,2.91,0,0,2,Clipping of jerfalcon.
treehouse,2.91,0,0,2,"A house, or similar structure within a tree, or several trees, built with light materials."
inbred,2.9,0,0,2,A plant or animal produced by inbreeding.
loa,2.9,0,0,1,"In the voodoo religion, a spirit intermediary between Bondye (the creator god) and human beings."
slimmer,2.9,0,0,2,A person who is trying to become slim by dieting.
avis,2.9,0,0,1,advice; opinion; deliberation.
familia,2.9,0,0,2,"A household or religious community under one head, regarded as a unit."
psychopathic,2.9,0,0,1,A psychopath.
unitarian,2.9,0,0,4,"A Christian who denies the doctrine of the Trinity, usually stressing some distinctions between God the Father and God the Son without denying the divinity of Jesus."
highlander,2.9,0,1,4,A person who inhabits the Scottish Highlands.
antivirus,2.9,0,0,1,"A piece of software that is used to detect, delete and or neutralize computer-based viruses."
carotid,2.9,0,0,1,Either of the two main arteries that supply blood to the head of which the left in humans arises from the arch of the aorta and the right by bifurcation of the brachiocephalic artery with each passing
coed,2.9,0,0,1,Alternative form of co-ed.
baller,2.9,0,0,6,A kitchenware utensil for cutting ball-shaped pieces of foods.
pooja,2.9,1,1,1,Alternative form of puja.
dowd,2.9,0,0,2,"A dowdy person, especially a woman; a frump."
pho,2.9,0,1,1,"A Vietnamese soup with a beef base, typically served with rice noodles and optionally beef or chicken."
habeas,2.9,0,0,1,A habeas corpus.
hain,2.9,0,0,1,An enclosure; a park
shemale,2.9,0,0,3,A male-to-female transsexual or transgender person; a trans woman.
zo,2.9,0,0,1,Alternative spelling of dzo.
titular,2.9,0,0,2,One who holds a title.
bak,2.9,0,0,1,A wooden clapper used in Korean courts and rituals
jihadi,2.89,0,0,1,A jihadist.
shoutout,2.89,0,0,1,Alternative spelling of shout-out.
zheng,2.89,0,0,1,Synonym of guzheng.
zine,2.89,0,0,1,"A low-circulation, noncommercial publication of original or appropriated texts and images, especially one of minority interest."
snell,2.89,0,0,1,"A short line of horsehair, gut, monofilament, etc., by which a fishhook or lure is attached to a longer (and usually heavier) line."
fem,2.89,0,0,2,Synonym of femme.
kryptonite,2.89,0,1,2,The one weakness of something or someone that is otherwise invulnerable.
erick,2.89,0,0,1,Alternative form of eric (“fine paid as compensation for violent crimes”).
asymptomatic,2.89,0,0,2,A person or an animal that exhibits no symptoms of disease.
fein,2.89,0,0,1,Alternate spelling of feen. Popularized by Travis Scott
xxxx,2.89,0,0,1,Alternative letter-case form of XXXX (“fuck”).
wasserman,2.89,0,0,1,"A mythical sea monster, part man, thought to destroy ships."
masala,2.89,1,1,3,"Any of many blends of spices used in Indian cuisine, most often containing cardamom, coriander, mace together with pepper, nutmeg, fennel seeds, jeera etc."
douchebag,2.89,0,0,3,A sterile container for holding fluid used in a vaginal douche.
doggo,2.89,0,0,1,A dog.
blackman,2.89,0,0,1,Alternative form of black man.
hamza,2.89,0,0,1,"A sign used in the written Arabic language representing a glottal stop. Hamza may appear as a stand-alone letter (ء (ʔ)) or most commonly diacritically over or under other letters, e.g. أ (ʔ) (over an"
rebrand,2.89,0,0,1,"A change to the brand name, logo, or image of a product or company."
subsurface,2.89,1,0,2,Something that is below the layer that is on the surface.
nene,2.89,0,0,1,"The Hawaiian goose, Branta sandvicensis, which was designated the state bird of Hawaii in 1957."
maha,2.89,0,0,1,A kind of monkey; the wanderoo.
barcode,2.89,0,0,3,"Any set of machine-readable parallel bars or concentric circles, varying in width, spacing, or height, encoding information according to a symbology."
mecha,2.89,0,0,1,"A large armoured robot on legs, typically controlled by a pilot seated inside."
pomona,2.89,0,0,1,A treatise on fruits.
barra,2.89,0,0,2,A barrow; a hand-pushed cart of the type commonly used in markets.
occidental,2.89,0,0,1,A Western Christian of the Latin rite
artsy,2.89,0,0,1,Alternative form of artsie.
nerf,2.89,0,0,1,"The deterioration, weakening or worsening of a character, a weapon, a spell, etc."
electrochemical,2.88,0,0,1,Any chemical material prepared electrochemically.
baz,2.88,0,1,1,A metasyntactic variable used to stand for some unspecified entity; typically the third in a series after foo and bar.
lupe,2.88,0,0,1,The Pacific imperial pigeon (Ducula pacifica).
portia,2.88,0,0,1,"Thespesia populnea, a flowering plant of the mallow family, found especially in parts of India."
lumia,2.88,0,1,2,A certain pear-shaped citrus fruit.
maru,2.88,0,0,3,"A Japanese ship, especially a merchant ship."
dba,2.88,0,0,2,An alias of a business entity.
duper,2.88,0,0,1,a person who dupes another
clough,2.88,0,0,5,"A narrow valley; a cleft in a hillside; a ravine, glen, or gorge."
supp,2.88,0,0,1,"A support (in a competitive video game, a player or character who supports or heals their team's players rather than directly engaging enemies)."
rebranding,2.88,0,0,1,"The association of a new brand, trademark, image, or appearance with a product or service."
habib,2.88,0,0,1,mate; a term of endearment for a friend
myron,2.88,0,1,1,chrism; myrrh
nis,2.88,0,0,1,"A nix; a hobgoblin, especially one that resides in a farm house."
boba,2.88,1,1,3,Synonym of tapioca pearl.
cabernet,2.88,1,1,1,"Cabernet Sauvignon, a wine."
firefight,2.88,0,0,2,A skirmish involving an exchange of gunfire.
shiro,2.88,0,1,2,A stew of Ethiopia and Eritrea origin whose primary ingredient is powdered chickpeas or broad-bean meal.
asha,2.88,0,1,1,"The concept of truth and existence in Zoroastrianism, usually associated with the Amesha Spentas."
underpinning,2.88,0,0,3,"A support or foundation, especially as a structure of masonry that supports a wall."
kona,2.88,0,0,1,southwester
cro,2.88,0,1,2,Synonym of bro (“a male comrade or friend”).
falk,2.88,0,0,1,The razorbill.
kickboxing,2.88,0,1,1,"A hybrid martial art derived from Muay Thai, karate, and especially boxing during the 1960s to 1970s; more generally, any stand-up combat sport that combines kicks and punches."
widescreen,2.88,0,0,1,"A screen with a wider aspect ratio than the ordinary 35-millimeter frame, making more effective use of the human field of view and producing a more immersive view experience."
indeterminate,2.88,0,0,2,A symbol that resembles a variable or parameter but is used purely formally and neither signifies nor is ever assigned a particular value;
pulaski,2.88,0,0,1,"A double-ended fire-fighting tool, usually long-handled, and having an ax-blade on one side and a mattock-blade on the other."
hidalgo,2.88,0,0,1,"A member of the Spanish nobility, especially one without a title."
airbag,2.88,0,0,3,"A protective system in automobiles in which when a crash occurs, a bag containing nitrogen, formed by the explosive decomposition of sodium azide, quickly inflates in front of the driver or passenger,"
aida,2.88,1,1,1,Synonym of Aida cloth.
wy,2.88,0,0,1,The name of the letter Y.
resupply,2.88,1,1,2,The act of supplying again.
grinch,2.87,0,0,2,A grouch or killjoy.
sheng,2.87,0,0,1,"A Chinese wind instrument, a free-reed mouth organ consisting of 13 or more bamboo pipes of various lengths, which are fixed at their bases in a wind chest made from a dried gourd (or, more recently, "
dehydrogenase,2.87,0,0,1,Any of several enzymes that catalyze the removal of hydrogen (a proton) from biological compounds.
spousal,2.87,0,0,1,Espousal; marriage; nuptials.
searchable,2.87,0,0,1,"Something that can be searched, or searched for."
slog,2.87,1,1,4,"A long, tedious walk or march."
omer,2.87,0,1,4,A former small Hebrew unit of dry volume equal to about 2.3 L or 2.1 quarts.
hander,2.87,0,0,3,One who hands over or transmits; a conveyor in succession
glistening,2.87,0,0,2,The appearance of something that glistens.
reshaping,2.87,0,0,1,The process by which something is reshaped.
cac,2.87,0,0,1,A white (Caucasian) person.
lifecycle,2.87,0,0,1,Alternative spelling of life cycle.
madge,2.87,0,0,2,The barn owl.
stroud,2.87,0,0,1,A kind of coarse wool used in blankets or for garment by Native Americans.
sauvignon,2.87,0,0,1,Any of several grape varieties and associated wines originally from France
campo,2.87,0,0,2,A police officer assigned to a university campus.
wheezing,2.87,0,0,1,The quality or symptom of breathing with an audible wheeze
wer,2.87,0,0,2,A man; a male; a husband.
apo,2.87,0,0,1,Clipping of apolipoprotein.
apical,2.87,0,0,1,A sound produced by obstructing the air passage with the tip of the tongue.
punisher,2.87,0,0,1,One who punishes.
ack,2.87,0,0,2,The letter A as used in signalling and other types of communications.
realignment,2.87,1,1,1,The act of realigning or something realigned.
billiard,2.86,0,0,3,A shot in billiards or snooker in which the cue ball strikes two other balls; a carom.
barnet,2.86,0,0,1,hair (on one's head)
mindedness,2.86,1,1,1,"The state of being minded in a particular way (as in narrow-mindedness, absent-mindedness)."
hydropower,2.86,0,1,1,hydroelectric power
carer,2.86,0,0,1,"Someone who regularly looks after another person, either as a job or often through family responsibilities."
gaby,2.86,0,0,1,"A stupid, foolish person; a simpleton; a dunce."
asm,2.86,0,0,1,Pseudo-acronym of assignment.
urs,2.86,0,0,1,"The anniversary of the death of a Sufi saint, celebrated with music and ritual."
stepdad,2.86,0,0,1,A stepfather.
ahold,2.86,0,1,1,"A hold, grip, grasp."
hep,2.86,0,1,3,hepatitis.
razer,2.86,0,0,1,Someone who razes.
cale,2.86,0,0,1,Any of a number of marine fish in the family Odacidae
koko,2.86,0,0,2,The tree Albizia lebbeck.
libre,2.86,0,0,1,"A free (not enslaved) black person in a French- or Spanish-colonized area, especially New Orleans."
exe,2.86,0,0,1,A Windows executable file.
soi,2.86,0,0,1,"In Thailand, a side-street branching off a major street; an alley or lane."
broderick,2.86,0,0,1,A thorough beating
bootcamp,2.86,0,0,1,Alternative form of boot camp.
sei,2.86,0,0,1,A sei whale.
cpp,2.86,0,0,1,Initialism of character(s) per pica.
nara,2.86,0,0,1,Alternative form of naras.
decider,2.86,0,0,3,"A person, divinity, or authoritative text which decides."
nin,2.86,0,0,1,Affectionate name for a grandmother.
geno,2.86,0,1,1,Genocide.
woodside,2.86,0,0,1,The side of a wood; the land that borders a wood.
holm,2.86,0,0,6,"Small island, islet."
tek,2.85,0,0,1,"A method of, or procedure for, extracting, synthesizing, freebasing, or otherwise manufacturing or preparing recreational drugs."
ult,2.85,0,0,5,The final (ultimate) syllable of a word.
walkie,2.85,0,0,3,A walkie-talkie.
indica,2.85,0,0,2,"Any of the indica subspecies of the rice, Oryza sativa, which (unlike the japonica or sinica subspecies) are non-sticky and long-grained."
reebok,2.85,0,0,1,Alternative spelling of rhebok.
gul,2.85,0,0,1,Any medallionlike design on a Central or West Asian rug.
airplay,2.85,0,1,1,"The playing of a particular song, band or genre on the radio, or the frequency with which it is played."
awa,2.85,0,1,2,"Kava, specifically Piper methysticum."
viv,2.85,0,0,1,vivarium
burley,2.85,1,1,2,"A tobacco grown mainly in Kentucky, used in making cigarettes."
ber,2.85,0,0,1,A fruit-bearing tree (Ziziphus mauritiana); Indian jujube.
salesforce,2.85,0,0,1,A team of salespeople.
homeschool,2.85,1,1,2,"A school within a private domestic place, rather than in a public facility or private institution."
fae,2.85,1,1,1,Alternative spelling of fey (“fairy folk”).
litchfield,2.85,0,0,1,Alternative spelling of lichfield.
claustrophobic,2.85,0,0,1,Someone with claustrophobia.
cig,2.85,0,0,1,Cigarette.
overthinking,2.85,1,1,1,The act of thinking too much about something.
cotta,2.85,0,0,3,"A surplice, in England and America usually one shorter and less full than the ordinary surplice and with short sleeves, or sometimes none."
aggie,2.85,1,1,3,"Marble or a marble made of agate, or one that looks as if it were made of agate."
biennale,2.85,0,0,1,A biennial celebration or exhibition
sparky,2.85,0,0,2,A radio operator.
stillwater,2.85,0,1,1,Alternative form of still water.
multiverse,2.85,0,0,3,"The world, considered as lacking in purpose, design, or predictability."
shitload,2.84,0,0,1,A large amount.
const,2.84,0,0,1,A variable whose value cannot be changed directly.
nur,2.84,0,0,1,Pronunciation spelling of knur.
ssa,2.84,0,0,1,Filter-avoidance spelling of ass
parametric,2.84,0,0,1,A parametric equation.
chipper,2.84,0,0,10,Someone who or something which chips (e.g. wood).
dpi,2.84,0,1,1,Initialism of dots per inch.
donner,2.84,0,0,1,One who dons (something).
pedo,2.84,0,0,1,Alternative spelling of paedo (“pedophile”).
ure,2.84,0,1,2,"Use, practise, exercise."
tween,2.84,0,0,3,An action of tweening (inserting frames for continuity); a sequence of frames generated by tweening.
mentorship,2.84,1,1,1,The role or state of being a mentor.
laker,2.84,0,0,3,One engaged in sport; a player; an actor.
biodegradable,2.84,0,0,1,Any material that can be decomposed by biological activity.
wonky,2.84,0,1,1,"A subgenre of electronic music employing unstable rhythms, complex time signatures, and mid-range synths."
grundy,2.84,0,0,3,A narrow-minded person or group that is overly concerned with censoring or criticizing personal conduct.
pornstar,2.84,0,0,1,Alternative form of porn star.
winkler,2.84,0,0,1,One who finds and sells winkles.
veritas,2.84,1,1,1,"Truth, particularly of a transcendent character."
mashup,2.83,0,0,4,Something consisting of two or more elements combined together.
dipshit,2.83,0,0,1,"A stupid, obnoxious, or undesirable person."
okada,2.83,0,0,1,A motorcycle taxi.
pandit,2.83,0,0,1,An honorary title for a learned man or scholar.
ped,2.83,0,0,6,A pedestrian.
popeye,2.83,1,1,2,Exophthalmia.
bilbo,2.83,0,0,2,A device for punishment. See bilboes.
rainer,2.83,0,0,1,"That which rains, or dispenses something in a shower."
katana,2.83,0,0,1,"A type of Japanese longsword, having a single edge and slight curvature, historically used by samurai and ninja."
girlie,2.83,0,0,3,A magazine targeting an adult male audience and containing nude or seminude photographs of women.
underweight,2.83,1,1,3,The state or quality of being underweight.
insoluble,2.83,0,0,1,Any substance that cannot be dissolved.
psychoactive,2.83,0,0,1,Any drug that affects the mind or mental processes.
fac,2.83,0,0,2,"A factotum letter, or a similar kind of ornamentally bordered letter formerly used at the start of a chapter or section of a book."
eastside,2.83,0,0,1,The east side of a district or city.
scifi,2.83,0,1,1,Alternative form of sci-fi.
spacer,2.83,0,0,6,"An object inserted to hold a space open in a row of items, e.g. beads or printed type."
sona,2.83,0,0,2,Clipping of fursona.
kyu,2.83,0,0,1,"A grade or rank in various Japanese activities such as martial arts, flower arranging, and the game of go."
tillman,2.83,0,0,1,A man who tills the earth; a husbandman.
fanart,2.83,0,1,1,Artwork created unofficially by fans of a media work and based on that work.
receivable,2.82,0,0,2,"A debt owed, usually to a business, from the perspective of that business."
robocop,2.82,0,0,1,A cyborg police officer.
jud,2.82,0,0,1,A mass of coal holed or undercut so as to be thrown down by wedges.
getter,2.82,0,0,4,"One who, or that which, gets."
chara,2.82,0,0,2,A green alga of the genus Chara.
breastfeed,2.82,0,0,1,An instance of feeding milk to a baby from the breasts; a breastfeeding.
serrano,2.82,0,0,2,"Ellipsis of serrano pepper, a chili pepper, a cultivar of Capsicum annuum which originated in the mountainous regions of the Mexican states of Puebla and Hidalgo and is used in cooking."
addy,2.82,0,0,2,Address (especially e-mail address).
zika,2.82,0,1,2,The disease caused by the Zika virus.
summa,2.82,0,0,2,"A comprehensive summary of, or treatise on a subject, especially theology or philosophy."
jacky,2.82,1,1,2,A sailor.
pelham,2.82,0,0,1,"A type of bit used on the bridle of a horse, consisting of a mouthpiece, a shank, and two rings on each side."
oni,2.82,0,0,1,A Japanese evil spirit or demon.
liber,2.82,1,1,2,phloem
lymphatic,2.82,0,0,1,A vessel that transports lymph.
ele,2.82,0,0,1,Elephant.
mds,2.82,0,1,1,"Abbreviation of merchandise and related forms of that word (merchandising, merchandised, merchandiser, etc.)"
subtext,2.82,1,1,1,"An implicit meaning of a text, often a literary one, or a speech or dialogue."
pogo,2.82,0,0,5,A dance associated with the 1970s punk rock movement in which participants jump up and down on the spot in the manner of someone riding a pogo stick.
tana,2.82,0,0,2,Alternative form of thana.
mercurial,2.82,0,0,4,"Any of the plants known as mercury, especially the annual mercury or French mercury (Mercurialis annua)."
ess,2.82,0,0,2,The name of the Latin script letter S/s.
chugging,2.82,0,0,1,The sound of something that chugs.
lanier,2.82,0,0,2,A leather thong.
kana,2.82,0,0,2,"The hiragana and katakana syllabaries. These are made up of characters that represent individual syllables, which are used to write Japanese words and particles. Kana are derived from kanji."
roleplay,2.82,1,1,2,The act or practice of roleplaying; an instance of roleplaying.
ugg,2.82,0,0,2,ugg boot
prefrontal,2.82,0,0,1,"A prefrontal bone, scale, etc."
fanfiction,2.82,1,1,1,Alternative form of fan fiction.
puri,2.82,1,1,2,"A type of unleavened bread from India and Pakistan, usually deep-fried."
needham,2.81,0,0,1,"A dessert bar made from sugar, chocolate, coconut, and potato, chiefly made and consumed in Maine in the US."
bubblegum,2.81,1,1,3,"A sweet, stretchable chewing gum designed for blowing bubbles."
pawnee,2.81,0,0,1,One or to whom a pledge is delivered as security one who takes anything in pawn.
catwoman,2.81,0,0,1,A woman in a cat costume.
ozzie,2.81,0,0,1,A hospital.
dancehall,2.81,1,1,2,A public hall for dancing.
citywide,2.81,0,0,1,A combined order of a shot of distilled spirit (especially bourbon) and an order of beer
subtype,2.81,0,0,2,"A group of specific things within a larger, more general group."
sala,2.81,0,0,5,A large hall or reception room.
moly,2.81,1,1,4,A magic herb or plant used by Odysseus to overcome Circe.
midlife,2.81,0,0,1,The middle period of one's life.
merc,2.81,0,0,1,A mercenary.
pon,2.81,0,0,1,A call for forming a set of three identical tiles using a discarded tile.
teflon,2.81,0,1,1,"Synonym of polytetrafluoroethylene, PTFE."
beastie,2.81,0,0,1,"Beast, animal."
facetime,2.81,0,1,1,Alternative form of face time.
topshop,2.81,0,0,1,"A building found in parts of the English Midlands, having three storeys, the lower two serving as living accommodation and the upper floor as a workshop containing a weaver's loom."
tonya,2.81,0,0,1,"A trade broker in Japan, usually a wholesaler, warehouse manager, or shipment manager."
trifecta,2.81,0,0,4,A bet in which the bettor must select the first three placegetters of a race in the order in which they finish.
latimer,2.81,0,0,1,Synonym of interpreter.
vertebral,2.81,0,0,1,Any of the large dorsal scales along the top of a snake's back.
kagan,2.81,0,0,1,Alternative spelling of khagan.
fina,2.81,0,1,1,Clipping of finasteride
foy,2.81,1,1,2,"Faith, allegiance."
rewatching,2.81,0,0,1,The act of watching something again.
holo,2.81,0,0,1,A hologram.
chee,2.81,0,0,2,Synonym of mace (“old Chinese unit of weight”).
raya,2.81,0,0,2,"A former territory of the mediaeval principalities of Wallachia and Moldavia held under the direct administration of the Ottoman Empire, as opposed to the principalities."
resetting,2.81,0,0,1,The act by which something is reset.
cashback,2.81,0,1,1,Alternative spelling of cash-back.
aah,2.81,0,0,3,"Expression of amazement, surprise, enthusiasm, or fear."
simi,2.8,0,0,1,A short sword or dagger used by the Kikuyu people.
spooner,2.8,0,0,2,One who spoons; one who engages in spooning.
redistricting,2.8,0,0,1,An instance of adjusting the borders that delineate districts.
airbase,2.8,0,0,1,Alternative spelling of air base.
paloma,2.8,0,0,1,"A cocktail made with tequila, lime juice, and grapefruit soda."
dermal,2.8,0,0,1,A body piercing consisting of an object positioned partially below and partially above the skin.
screenwriting,2.8,1,1,2,The art of writing screenplays.
tama,2.8,0,0,1,"A form of votive offering in the Eastern Orthodox Church, particularly the Greek Orthodox Church, usually in the form of a small metal plaque with an embossed image symbolizing the subject of prayer f"
duc,2.8,0,0,1,A French duke.
bullseye,2.8,0,0,15,"The centre of a target, inside the inner and magpie."
belcher,2.8,0,0,2,Someone who belches.
lobo,2.8,0,0,1,A wolf.
ryo,2.8,0,1,1,"An anhemitonic pentatonic scale used in a Japanese Buddhist chant, and built up by intervals of major second, major second, minor third, major second, minor third."
executable,2.8,0,0,1,A file that can be run directly by a computer's hardware or a p-code interpreter with no further processing.
kata,2.8,0,0,5,Any of a sequence of positions and movements used in many martial arts.
tylenol,2.8,1,1,2,The pharmaceutical drug acetaminophen (“paracetamol”).
chucky,2.8,0,0,3,chicken
puny,2.8,0,0,5,"An inferior person; a subordinate; also, an insignificant person."
fnc,2.8,0,0,2,Initialism of forum non conveniens.
walkthrough,2.8,0,0,5,"A tour of a space, such as a property for sale or rent."
hairspray,2.8,1,1,1,Alternative form of hair spray.
gonzo,2.8,1,1,2,Gonzo journalism or a journalist who produces such journalism.
aam,2.79,0,0,1,"A Dutch and German measure of liquids, used in England for Rhine wine, varying in different cities, being in Amsterdam about 41 wine gallons, in Antwerp 36½, and in Hamburg 38¼."
sherpa,2.79,1,1,3,"A local mountain guide or porter, particularly a male of the Nepalese Sherpa people so employed."
shanti,2.79,0,1,1,"Peace, tranquility."
reseller,2.79,0,0,1,A company or individual that purchases goods or services with the intention of reselling them rather than consuming or using them.
sor,2.79,0,0,1,A sorority (student organization).
bitty,2.79,0,0,1,Alternative form of bittie.
bonham,2.79,0,0,1,A piglet.
kevlar,2.79,1,1,2,"(Fabric, cordage, etc made of) aramid fiber, an exceptionally strong, light, man-made fibre used to strengthen cables and sheet materials, e.g. in stab-resistant vests."
rockland,2.79,0,0,1,A rocky landscape.
desai,2.79,0,0,1,"In west and south India, a native official in charge of a district, often held by heredity; a petty chief."
mondo,2.79,0,0,1,A dialogue between master and student designed to obtain an intuitive truth.
amma,2.79,0,0,2,mother
hoyer,2.79,0,0,1,"A device for transferring a person with serious mobility issues to and from the floor, a mobility device (such as a wheelchair), seating, and a bed."
sud,2.79,0,0,1,A bubble of lather or foam (the singular of suds).
sulu,2.79,0,0,1,An all-purpose skirt-like garment worn by men and women in Fiji.
majid,2.79,0,0,1,Any of the family Majidae of sea spiders or spider crabs.
phat,2.79,0,1,1,An English trick-taking partnership card game descended from the game of all fours.
tion,2.79,0,0,1,A cross between a male tiger and a lioness.
rapunzel,2.79,0,1,2,"A plant with leaves and crisp roots which have been used in salads, rampion, Campanula rapunculus."
mattie,2.79,0,0,1,Alternative form of matie (“herring”).
betta,2.79,0,0,1,"Any fish of the genus Betta, especially Betta splendens (the Siamese fighting fish)."
poolside,2.79,0,0,1,The area beside a pool.
coaxial,2.79,0,0,1,Ellipsis of coaxial cable.
fap,2.79,1,0,2,A session of masturbation.
aureus,2.79,0,0,1,"A gold coin, minted in the Roman Empire from approximately 100 B.C.E. to 309 C.E., equal to 25 denarii."
whoo,2.79,0,0,1,"A ""whoo"" sound; the cry of an owl or similar."
witcher,2.79,0,0,3,A dowser.
neverland,2.79,0,0,1,"An ideal, fantastical, imaginary, or dreamlike place."
ordinator,2.79,0,0,1,One who ordains or establishes; a director.
glyn,2.79,0,0,1,"A valley in a mountain area, especially one with a stream in the bottom."
uncool,2.79,0,1,1,The quality of being uncool.
bute,2.79,0,1,1,Phenylbutazone.
feta,2.79,1,1,1,A variety of curd cheese made from sheep’s or goat’s milk and originating from Greece.
auguste,2.79,0,0,1,"A kind of clown, usually serving as an anarchic foil to the whiteface."
wook,2.78,0,0,1,"An unwashed, unemployed moocher who enjoys traveling to festivals and crashes at other people's houses."
onside,2.78,0,0,2,"The portion of the playing area where one can legally play the ball, puck, etc."
hj,2.78,0,0,1,Initialism of hand job.
moser,2.78,0,0,1,An informer; one who tells on another.
parietal,2.78,0,0,4,"Either of the two parietal bones, on the top and side of the skull."
ender,2.78,0,0,2,Something which ends another thing.
tig,2.78,0,0,3,A light touch; a tap or pat.
electronica,2.78,0,1,3,Any of a wide range of electronic music genres.
pippin,2.78,0,0,5,A seed.
bcc,2.78,0,0,1,Initialism of blind carbon copy.
dor,2.78,0,0,3,Any of species Geotrupes stercorarius of large European dung beetles that make a droning noise while flying.
sativa,2.78,0,1,1,"Cannabis sativa, a widely consumed form of cannabis."
malkin,2.78,0,0,6,A (stereotypical name for a) lower-class or uncultured woman; a kitchenmaid; a slattern.
mim,2.78,0,0,1,Alternative form of meem (“Arabic letter”).
merci,2.78,0,0,1,An extra card or set of cards that is allowed to play at the end of various card games.
nang,2.78,0,0,1,"A metal bulb filled with nitrous oxide gas, inhaled for its disassociative effects, normally intended as a propellant for whipped cream."
defenceman,2.78,0,0,1,"In ice hockey and lacrosse, a player position with a primary responsibility to prevent the opposing team from scoring goals; same as defender in many other ballgames."
wham,2.78,0,0,4,A forceful blow.
bruv,2.78,0,0,1,"Brother, mate, friend."
moab,2.78,0,0,1,Alternative form of MOAB.
transgenic,2.78,0,0,1,An organism whose genome has been genetically modified.
virtualization,2.78,0,0,2,The act of virtualizing.
vk,2.78,0,0,1,Abbreviation of votekick.
kickstart,2.78,0,0,1,Alternative form of kick start.
eyewear,2.78,0,1,1,"A vision aid or similar device worn over the eyes, such as eyeglasses, contact lenses, or protective goggles."
lapis,2.78,0,1,1,Ellipsis of lapis lazuli.
popup,2.78,0,0,1,Alternative form of pop-up.
isu,2.78,0,0,1,An individual seat in the loft-like balcony of a sumo arena.
interstitial,2.78,0,0,2,"A web page, usually carrying advertising, displayed when leaving one content page for another."
jeju,2.78,0,0,1,"A South American (Amazonian) erythrinid fish, Hoplerythrinus unitaeniatus (formerly sometimes Erythrinus unitaeniatus)."
jizz,2.78,0,1,2,"The physical and behavioural characteristics of a bird that enable it to be immediately recognised by an experienced birder as a certain type of bird, especially to family or genus level."
px,2.78,0,0,1,Abbreviation of pixels.
joshi,2.78,0,1,2,Japanese women's professional wrestling
yue,2.78,0,0,2,"An ancient Chinese unit of volume, notionally equivalent to the space occupied by 1200 millet seeds."
gelato,2.78,0,1,1,"An Italian variant of ice cream made from milk and sugar, combined with other flavourings. The ingredients are supercooled while stirring to break up ice crystals as they form."
gaylord,2.78,0,0,4,Synonym of gay: a homosexual man.
caudal,2.78,0,0,1,A caudal vertebra.
abo,2.77,0,0,1,An Aboriginal person.
globalist,2.77,0,0,3,An advocate of globalism.
pushback,2.77,1,1,6,"The act of repelling an enemy, etc."
chica,2.77,0,1,2,A Latin-American girl; a Latina.
opie,2.77,0,0,1,Short for opilio crab.
dap,2.77,0,0,5,A plimsoll.
spitzer,2.77,0,0,1,A pointed bullet.
asf,2.77,0,1,1,"Initialism of age-sex-from: what is your age, what sex are you, and where are you from?"
rog,2.77,1,1,3,Intoxication through freebasing.
baillie,2.77,0,0,2,The jurisdiction of a bailie or bailiff; a bailiwick.
tui,2.77,0,0,1,"A species of honeyeater, Prosthemadera novaeseelandiae, a bird which is endemic to New Zealand."
twerking,2.77,0,1,2,"A sexually-provocative dance, involving the performer thrusting their hips back from a low squatting stance and shaking their buttocks."
ronin,2.77,0,0,2,A masterless samurai (who often becomes a mercenary to make ends meet).
juba,2.77,0,0,1,"An American dance of West African origin that involves stomping as well as slapping and patting the arms, legs, chest, and cheeks."
chubb,2.77,0,0,1,An erection of the penis.
sab,2.77,0,1,3,"A saboteur, especially of fox hunts."
saif,2.77,0,0,2,Alternative form of seif (“type of sand dune”).
liao,2.77,0,1,1,"Meats, vegetables, and other ingredients added to an otherwise plain dish."
wich,2.77,0,0,2,Alternative spelling of wych (“brine spring or well”).
futurama,2.77,0,0,1,A palpable depiction of a (usually sensational) vision of the future.
peloton,2.77,0,0,2,"A group of riders formed during a cycling road race; especially, the main group of riders; the pack."
rav,2.77,0,0,2,a rabbi
megatron,2.77,0,0,1,"A disc-seal tube, used in lighthouses or submersibles."
masha,2.77,0,0,1,Alternative spelling of maasha.
mcm,2.77,0,0,1,Initialism of million(s) of cubic meters.
conde,2.77,0,0,2,Alternative spelling of conn.
elo,2.77,0,0,1,Synonym of Elo rating.
inst,2.77,0,0,1,Alternative form of inst..
cardi,2.77,0,0,1,Alternative spelling of cardie.
inadmissible,2.77,0,0,1,"A person who is not to be admitted (to a country, a group, etc)."
fuckery,2.77,1,1,4,"Nonsense, bullshit, or underhanded trickery."
parti,2.77,0,0,2,"The basic, central, or main concept, drawing, or scheme of an architectural design."
riparian,2.76,0,0,1,A person or other entity that lives or owns property along the shore of a river.
heil,2.76,0,0,1,A Sieg Heil.
hatcher,2.76,0,0,2,"One who hatches, such as a chicken farmer."
keychain,2.76,0,0,3,A chain or ring to which a key may be attached.
tur,2.76,0,0,1,Any member of the species Capra caucasica (West Caucasian tur) or Capra cylindricornis (East Caucasian tur) of wild goats native to Caucasus.
unaffiliated,2.76,0,0,1,A person or organization having no affiliation.
ker,2.76,0,0,1,A chief of the Luo people.
vidya,2.76,0,1,1,Video games.
riverfront,2.76,0,0,1,The real estate located along the banks of a river.
gunter,2.76,0,0,2,"A device used in sailing, for two main configurations of rig:"
abb,2.76,1,1,3,A type of yarn for the warp.
hillman,2.76,0,0,3,A native or inhabitant of hilly or mountainous country; a tribesman who lives in the mountains.
backstreet,2.76,0,0,1,Alternative spelling of back street.
licensure,2.76,1,1,2,The act of conferring a license for an activity.
butthurt,2.76,0,1,1,A feeling of offense caused by a perceived insult or injustice.
anemic,2.76,0,0,1,A person who has anemia.
anabolic,2.76,0,0,1,An anabolic steroid.
panning,2.76,1,1,4,"The act of one who pans, as for gold."
mythos,2.76,1,1,4,"Anything transmitted by word of mouth, such as a fable, legend, narrative, story, or tale (especially a poetic tale)."
ait,2.76,0,0,2,"An island in a river, especially the River Thames in England."
cartman,2.76,0,0,2,A person who transports goods or people by horse and cart; a carman.
northside,2.76,0,0,1,"The northern side of a building, street, area etc."
corrigan,2.76,0,0,1,Alternative spelling of korrigan
hwan,2.76,0,0,1,"The monetary unit of South Korea from February 15, 1953 to June 9, 1962."
tasking,2.76,0,0,1,A task; an assigned item of work.
waka,2.76,0,0,3,A kind of classical Japanese poem.
bim,2.76,0,0,1,A woman.
chapo,2.76,0,0,1,chapati (food)
tcm,2.75,0,0,2,Abbreviation of trillions of cubic metres.
marla,2.75,0,1,3,Plasticine; modelling clay.
homeworld,2.75,0,0,1,The world on which someone or something originated; a home planet or moon.
lovey,2.75,0,0,2,An informal mode of address (associated most often with actors and the like).
opa,2.75,0,0,1,"Grandfather, grandpa."
hiller,2.75,0,0,1,A poor rural person.
ccm,2.75,0,0,1,Abbreviation of cubic centimeter.
backcountry,2.75,1,1,1,A remote region; countryside that is relatively inaccessible.
tattooing,2.75,1,1,2,The act of beating out a rhythm on a drum
bund,2.75,0,0,6,A league or confederacy; especially the confederation of German states.
thakur,2.75,0,0,1,A noble in the historical feudal system of the Indian subcontinent.
nrg,2.75,0,1,1,Alternative letter-case form of NRG (“energy”).
crump,2.75,0,0,1,The sound of a muffled explosion.
redman,2.75,0,0,1,"Alternative form of red man (“American Indian; Native American”, offensive)."
zorro,2.75,0,0,1,"A South American canid of the species Lycalopex culpaeus, visually similar to (and sometimes referred to as) a fox but more closely related to a wolf."
ded,2.75,0,0,1,A person who inflicts dedovshchina (a kind of hazing ritual).
scoreline,2.75,0,0,2,A line in a newspaper or other publication giving the score in a sports match
subprime,2.75,0,0,1,A subprime loan.
corby,2.75,0,0,1,Alternative form of corbie (“type of bird”).
rishi,2.75,0,0,2,"A Vedic poet and seer who composed Rigvedic hymns, who alone or with others invokes the deities with poetry of a sacred character."
jardin,2.75,0,0,1,The inclusions and fissures within an emerald.
rona,2.75,0,1,1,COVID-19.
hallo,2.75,0,0,2,"The cry ""hallo!"""
spidey,2.75,0,0,1,A spider.
puja,2.75,1,1,1,A religious ritual performed in South Asia as an act of worship.
keri,2.75,0,0,1,Alternative form of kere.
tock,2.75,0,0,1,A clicking sound similar to one made by the hands of a clock.
preterm,2.75,0,0,1,A premature birth or baby.
lexie,2.74,0,0,1,"A minimal unit of reading, such as a sentence or sentence fragment"
laine,2.74,0,0,1,an area of arable land at the foot of a hill
balsamic,2.74,1,1,1,Balsamic vinegar.
powerlifting,2.74,0,1,2,"A strength sport, consisting of three events: the squat, the bench press, and the deadlift. The maximum weight lifted in each event is totalled for a final score."
bagpipes,2.74,0,0,1,"A musical wind instrument possessing a flexible bag inflated by bellows, a double-reed melody pipe and up to four drone pipes; any aerophone that produces sound using air from a reservoir to vibrate e"
coker,2.74,0,0,3,The industrial plant in which coke is manufactured
pejorative,2.74,0,0,1,"A disparaging, belittling, or derogatory word or expression."
gpl,2.74,0,1,1,Abbreviation of grams per litre.
solano,2.74,0,0,1,A certain east wind of the Mediterranean.
rasa,2.74,0,0,1,An essential mental state; the dominant emotional theme of a work.
boing,2.74,0,0,2,The sound made by an elastic object (such as a spring) when bouncing; the sound of a bounce.
redux,2.74,0,0,1,"A theme or topic that is redone, restored, brought back, or revisited."
polis,2.74,1,1,3,A Greek city-state.
enabler,2.74,0,0,3,One who or that which helps something to happen.
eukaryotic,2.74,0,0,1,Such a cell or organism
pyramidal,2.74,0,0,1,One of the carpal bones.
flor,2.74,1,1,1,"A film of yeast that develops on the surface of some wines during fermentation, induced deliberately during the production of sherry."
hetero,2.74,0,0,1,A heterosexual person.
projective,2.74,0,0,3,An assessment test that presents subjects with some sort of stimulus to which they react by projecting or imagining details.
amicus,2.74,0,0,1,Someone not a party to a case who submits a brief and/or presents oral argument in that case.
mahi,2.74,0,1,1,the work required to complete a task
redd,2.74,0,0,1,A spawning nest made by a fish.
noob,2.74,0,0,2,"A newb or newbie; someone who is new to a game, concept, or idea; implying a lack of experience."
patterning,2.74,1,1,2,A pattern; the production of a pattern; the process of forming a pattern.
motocross,2.74,0,1,2,A form of off-road motorbike racing.
moya,2.74,1,1,1,"Flowing mud associated with a volcanic eruption (especially in South America), formed when snow or a lake near a volcano is disrupted, or when rain or steam mixes with soil or ash during an eruption."
stillborn,2.74,0,0,1,A baby that is born dead.
bru,2.74,0,0,1,bro; bra; term of address for a man
namaste,2.74,0,0,2,"The traditional greeting when saying the word namaste, with folded hands and a slight bow."
stig,2.74,0,0,2,"Someone from a poor background, with poor dress sense."
dendritic,2.74,0,0,1,A dendritic cell
redstone,2.74,0,1,2,A type of versatile material used to create electrical circuits and mechanisms.
yuen,2.74,0,0,1,A crowned gibbon or pileated gibbon (Hylobates pileatus)
ghibli,2.74,0,0,1,sirocco
warhammer,2.74,0,0,1,Alternative form of war hammer.
sav,2.74,0,0,2,A saveloy.
dur,2.74,0,0,1,A marijuana dealer.
timescale,2.74,0,0,1,Alternative spelling of time scale.
raff,2.74,1,1,5,A disorderly heap; a jumble; a large quantity
mib,2.74,0,0,1,"A marble (glass ball used in games), especially one used as a target."
homeschooling,2.74,0,1,1,Teaching children at home instead of sending them to school.
surrogacy,2.73,1,1,2,The state or condition of being a surrogate.
pere,2.73,0,0,1,Alternative spelling of père.
dumbo,2.73,0,0,1,A stupid person.
bigg,2.73,0,1,1,A kind of barley.
ahoy,2.73,0,0,1,An utterance of this interjection.
starcraft,2.73,0,1,2,"The art of interpreting or reading the stars, astrology."
mountaintop,2.73,0,0,1,The summit of a mountain.
rath,2.73,0,0,2,"A walled enclosure, especially in Ireland; a ringfort built sometime between the Iron Age and the Viking Age."
xing,2.73,0,0,1,Abbreviation of crossing or pedestrian crossing.
allo,2.73,0,0,1,One who is allosexual and/or alloromantic.
oba,2.73,0,0,1,A king of a Yoruba polity.
contactless,2.73,0,1,1,A technology for paying for goods etc. while physically present at the point of interaction but without the need for physical contact.
deva,2.73,0,0,1,"A god in Vedic mythology, Hinduism and Buddhism."
modulator,2.73,0,0,3,A person who modulates.
toolbar,2.73,0,0,1,"A row of buttons, usually marked with icons, used to activate the functions of an application or operating system."
bahadur,2.73,0,0,2,"A warrior, especially a Turko-Mongol."
bally,2.73,0,0,1,A balaclava.
fifi,2.73,0,0,1,An improvised vagina substitute used for masturbation.
winehouse,2.73,0,0,3,The building on a vineyard in which the winepress is located.
lookalike,2.73,0,0,2,"Someone who, or something which, physically resembles (looks like) another."
lawrie,2.73,0,0,1,Alternative form of lowrie.
powerball,2.73,0,0,1,Synonym of speedball (“mixture of drugs”).
hafiz,2.73,0,0,1,A Muslim who has memorized the whole Qur'an.
aro,2.73,0,0,1,A person who is aromantic.
fishman,2.73,0,0,1,A man who sells fish.
yow,2.73,0,0,1,Alternative form of yowe.
handjob,2.73,0,0,1,Alternative spelling of hand job.
kimura,2.73,0,0,1,An armlock where the implementer isolates the opponent's arm and torques the shoulder in order to cause pain or injury.
twisty,2.73,0,0,3,"Something that is twisty, such as a road"
boardman,2.73,0,0,1,A person who wears a sandwich board.
amiga,2.73,0,0,1,A female friend.
nightstand,2.72,0,0,1,"A small table or cabinet, often with one or more drawers or shelves, placed beside the head of a bed."
rik,2.72,0,0,1,Alternative spelling of riq.
hala,2.72,0,0,1,"Pandanus tectorius, a screw pine native to Malesia, eastern Australia, and the Pacific Islands."
gooch,2.72,0,0,1,The perineum.
noh,2.72,0,1,1,A form of classical Japanese music drama.
gogo,2.72,0,0,2,An elasticated hair band.
hunky,2.72,0,0,1,"A Hungarian or other eastern European, e.g. a Romanian or a Slav. (Sometimes applied (like honky) to any white person.)"
cfm,2.72,0,0,1,Abbreviation of cubic feet per minute.
cine,2.72,0,1,2,cinefilm
toasty,2.72,0,0,1,Alternative form of toastie.
cem,2.72,0,0,1,cemetery
backline,2.72,0,0,1,Alternative form of back line.
baguio,2.72,0,0,1,A typhoon.
rada,2.72,0,0,2,A parliamentary body in a number of Slavic countries.
tink,2.72,0,0,2,"A sharp, quick sound; a tinkle."
stormwater,2.72,1,1,1,"Water that is not absorbed into soil and rapidly flows downstream, increasing the level of waterways. In some municipal systems it intermixes with wastewater, increasing the volume of the latter."
munchies,2.72,0,0,3,"Food, especially convenience snack foods."
systolic,2.72,0,0,1,Ellipsis of systolic blood pressure.
effeminate,2.72,0,0,1,An effeminate person.
lunchbox,2.72,0,0,7,"A container for transporting meals, especially lunch."
schooler,2.72,0,0,2,"A student, or in some cases member, of a particular type of school or schooling. (ordinarily used in combinations such as ""high schooler"")"
bicep,2.72,0,0,1,A biceps.
rearview,2.72,0,0,1,Synonym of rearview mirror.
vom,2.72,0,1,1,Vomit.
muni,2.72,1,1,6,A municipal bond.
yuk,2.71,0,0,1,"Something, such as a joke, that causes such a laugh."
cour,2.71,0,0,2,"A three-month unit of television broadcasting, corresponding to one of the four seasons."
gol,2.71,0,0,1,Alternative form of gul.
futsal,2.71,0,1,1,"A form of soccer played indoors, with five players per team."
pcm,2.71,0,0,1,Initialism of per cent mille.
dua,2.71,1,1,1,Alternative spelling of du'a'.
tarek,2.71,0,0,1,Synonym of pearl mullet.
evs,2.71,0,1,1,Odds of 1:1; even money.
postgame,2.71,0,0,2,A postgame show.
tol,2.71,0,0,1,Lot.
golly,2.71,0,0,5,Abbreviation of golliwog:.
wizarding,2.71,0,1,1,"The magical work of a wizard; sorcery, witchcraft."
stepmom,2.71,0,0,1,Stepmother.
toa,2.71,1,1,3,"A small painted artifact made by the Diyari people of Australia, believed to have been used as place markers or signposts."
dissociative,2.71,0,0,1,A dissociative drug.
phish,2.71,0,0,1,A phishing attack.
workaround,2.71,0,0,3,"A means or method of circumventing an obstacle, particularly one arising from constraints, laws or regulatory requirements."
oldman,2.71,0,0,1,Alternative form of old man.
dewar,2.71,0,0,1,"A vacuum flask; a vessel which keeps its contents hotter or cooler than their environment without the need to modify the pressure, by interposing an evacuated region to provide thermal insulation betw"
curveball,2.71,0,0,2,"A forespin pitch thrown by rotating the index and middle fingers down and resulting in motion down ""curve"""
stade,2.71,0,0,10,Synonym of stadion (“former Greek unit of distance”).
remaster,2.7,0,0,1,Synonym of remastering (“new version of a piece of media”).
lazer,2.7,0,0,2,One who lazes.
lawnmower,2.7,0,0,3,"A device used for cutting grass to a chosen height, typically of landscaped lawns of residences or institutions."
tracksuit,2.7,0,0,1,"A garment, usually consisting of a top and trousers (commonly known as tracksuit bottoms) worn as an outer layer by participants in sporting events such as athletics. The tracksuit is usually designed"
itis,2.7,0,0,2,A medical condition accompanied by inflammation.
wiretapping,2.7,1,1,1,The installation or monitoring of wiretaps.
haymarket,2.7,0,0,1,A market that sells hay as animal fodder.
interagency,2.7,0,0,1,intermediate agency
awol,2.7,0,0,1,Alternative letter-case form of AWOL.
shockwave,2.7,0,0,1,Alternative spelling of shock wave.
reposting,2.7,0,0,2,The act of posting something again.
dancefloor,2.7,0,0,1,Alternative form of dance floor.
nitty,2.7,0,0,1,"A dope fiend, a druggie."
chipset,2.7,0,0,1,"A group of integrated circuits that are designed to work together, and are usually marketed as a single product."
jetpack,2.7,0,0,1,Alternative spelling of jet pack.
chitty,2.7,0,0,2,"A small note, such as a pass or voucher slip; any scrip; a company chit."
vag,2.7,0,0,3,"Vagina (or, by extension, vulva)."
wf,2.7,0,0,1,Initialism of wrong font.
homeownership,2.7,0,1,1,The state of being a homeowner.
bento,2.7,0,0,5,"A Japanese takeaway lunch served in a box, often with the food arranged into an elaborate design."
miscommunication,2.7,0,0,1,An interaction between two parties in which information is/was not communicated as desired.
bayside,2.7,0,0,1,The side or shore of a bay.
dif,2.7,0,0,1,Alternative form of diff (“difference”).
mohr,2.7,0,0,2,Alternative form of mhorr.
passcode,2.7,0,0,1,A string of characters used for authentication on a digital device.
hansel,2.7,0,0,1,Alternative form of handsel.
bridger,2.7,0,0,3,One who builds bridges
pala,2.7,0,1,2,A part of an insect's leg that is spade-shaped and can be used as a scoop for feeding.
hardman,2.7,0,0,2,A man who is particularly tough or muscular
crim,2.7,0,0,2,A criminal.
sola,2.7,0,0,1,Alternative form of shola.
reproducible,2.7,0,0,1,Something that can be reproduced.
blackie,2.7,0,0,1,Alternative spelling of blacky.
gow,2.69,0,1,2,Alternative spelling of jow (“a pre-metric unit of length in India”).
zhen,2.69,0,0,1,Clipping of zhenniao
midseason,2.69,0,0,1,"The middle part of a season, such as a sporting, television, or growing season."
lilo,2.69,0,0,1,An inflatable air mattress.
leadoff,2.69,0,0,1,Alternative spelling of lead off.
ogle,2.69,0,0,2,"An impertinent, flirtatious, amorous or covetous stare."
onesie,2.69,0,0,3,Any of various one-piece attires:
ghazi,2.69,0,0,1,"A Muslim warrior who fights in war against non-Muslims, especially one who has won renown as a martial champion; often used as a title."
algal,2.69,0,0,1,An alga.
arran,2.69,0,0,1,spider
reo,2.69,0,1,3,A reinforcement (additional soldiers).
glutathione,2.69,1,1,1,"A tripeptide formed from glutamic acid, cysteine and glycine, that is active in many biological redox reactions."
glyphosate,2.69,1,1,2,"N-phosphonomethyl glycine, the active ingredient of several herbicides that inhibit a plant growth enzyme."
subplot,2.69,0,0,2,"A plot within a story, subsidiary to the main plot."
irreducible,2.69,0,0,1,Such a polynomial
morphing,2.69,0,0,1,The smooth transformation of one image into another using digital tweening.
torchwood,2.69,1,1,9,Wood exhibiting fungal bioluminescence or foxfire.
wheelie,2.69,0,0,2,"An action or stunt where a bicycle, motorcycle, or other vehicle is ridden for a short period while it is standing only on its rear wheel or wheels."
quinton,2.69,0,0,1,A type of violin that had five strings
brough,2.69,0,0,1,"A halo or luminous disk or ring seen around the sun or moon, and in folklore considered to portend a rainstorm."
webcomic,2.69,0,0,1,"An online comic, especially one first published on the Internet."
hyperspace,2.69,1,1,3,An n-dimensional Euclidian space with n > 3.
oppo,2.69,1,1,2,"A friend, associate or colleague."
frontrunner,2.69,0,0,1,Alternative form of front runner.
goddam,2.69,0,0,1,"An English person, from the perspective of a French person or in the context of French history, originating during the Hundred Years' War."
wagga,2.69,0,0,1,"A rug created from material scraps, small raw wool scraps and hessian bags."
stubby,2.69,0,0,1,"A small, squat beer bottle."
keeler,2.69,0,0,3,One who works on a barge or keel.
indio,2.69,0,0,1,"A member of one of various indigenous peoples in the Americas, Pacific, and East Asia formerly subject to Spain or Portugal, specifically a Native American in Mexico or Brazil, or an indigenous inhabi"
mothership,2.69,0,1,2,Alternative spelling of mother ship.
majlis,2.68,0,0,2,"A council, assembly, or public meeting, in some Muslim countries or territories."
abra,2.68,0,0,2,a narrow mountain or mesa pass
mandi,2.68,0,1,3,"A traditional style of washing oneself in Indonesia and Malaysia, using a small container to scoop water out of a larger container and pour it over the body."
cantina,2.68,0,0,2,"A drinking establishment, often specifically of the type found in Latin America."
bodyweight,2.68,1,1,1,The weight or mass of an organism.
kaka,2.68,0,0,1,Any of four taxa of birds in the genus Nestor in the parrot family confined to New Zealand and adjacent islands.
playthrough,2.68,0,0,2,"The act, or a recording, of playing a game from start to finish."
occipital,2.68,0,0,2,Ellipsis of occipital bone.
encoder,2.68,0,0,2,A device or algorithm used to encode something.
winnebago,2.68,0,0,1,A motorhome; a recreational vehicle (RV).
headteacher,2.68,0,0,1,The most senior teacher in a school who is responsible for its management and administration.
indigent,2.68,0,0,1,"A person in need, or in poverty."
biathlon,2.68,1,1,2,Racing combining cross-country skiing and rifle shooting
postcolonial,2.68,0,0,1,A person living in a postcolonial society.
franchisee,2.68,0,0,1,A holder of a franchise; a person who is granted a franchise.
foi,2.68,0,0,1,A depiction of a handshake.
nau,2.68,0,0,1,Synonym of carrack.
decrypt,2.68,0,0,1,A decoded communication.
franky,2.68,0,0,1,Synonym of Frankenstein.
theatrics,2.68,0,0,2,Theatrical appearance or character.
thar,2.68,0,0,1,Alternative spelling of tahr.
batgirl,2.68,0,0,1,The female equivalent of a batboy.
causative,2.68,0,0,1,An expression of an agent causing or forcing a patient to perform an action (or to be in a certain condition).
foie,2.68,0,1,1,Ellipsis of foie gras.
gx,2.68,0,1,1,Abbreviation of grex.
spyder,2.68,0,0,2,"A lightweight, open-topped horse-drawn carriage."
ridership,2.68,1,1,2,The people who ride a form of transportation.
ldp,2.68,0,0,1,Abbreviation of lordship/ladyship.
extender,2.68,0,0,6,One who extends.
supersede,2.68,0,0,1,An updated newsgroup post that supersedes an earlier version.
sich,2.68,0,0,1,An administrative and military centre for the Zaporozhian and Danube Cossacks.
backflip,2.68,0,0,2,An act of rotating one's body 360 degrees in the backward direction.
truckload,2.68,0,0,2,The contents of a full truck or lorry.
kirin,2.68,0,0,1,Synonym of qilin; typically used in Japanese contexts.
warmup,2.68,0,0,1,Alternative spelling of warm-up.
eek,2.68,0,0,2,"A high-pitched squeal, as in fear or trepidation."
goalkeeping,2.68,0,1,1,The art of a goalkeeper.
goaltending,2.68,0,1,2,"A violation which occurs when a player interferes with the movement of the ball that is on its downward path toward the basket or on or within the rim of the basket, or after the ball touched the back"
sark,2.68,0,0,2,"A garment worn against the torso, inclusive of shirts, tunics, undershirts, nightshirts, surplices."
pina,2.68,0,0,1,Alternative form of piña.
airtel,2.68,0,0,1,"A form of communication formerly used within the FBI, indicating a letter that had to be typed and mailed on the same day."
abortive,2.67,0,0,4,Someone or something born or brought forth prematurely; an abortion.
podcasting,2.67,0,1,1,"The distribution of multimedia files over the Internet for playback on a mobile device, often in MP3 format."
daffy,2.67,0,1,2,A daffodil.
bonne,2.67,0,0,1,A French nursemaid.
alm,2.67,0,0,1,Something given to the poor as charity: a singular gift of alms.
lun,2.67,0,0,1,Alternative form of lown.
maidan,2.67,0,0,3,A marketplace or other open space in or by a city or town; an esplanade.
chesney,2.67,0,0,1,An indentation in the slate of a table that affects the path of a ball travelling over it
pullin,2.67,0,0,1,poultry
mair,2.67,0,0,1,One of various former royal officials in the Kingdom of Scotland.
spina,2.67,0,0,3,A spine; the backbone.
videography,2.67,1,1,3,"The art and technology of producing moving (video) images on photosensitive surfaces, and its digital counterpart."
lichfield,2.67,0,0,1,Synonym of burial ground.
tora,2.67,0,0,1,Synonym of tora hartebeest.
tonto,2.67,0,1,2,Synonym of idiot: someone who is foolish or stupid.
divestment,2.67,0,1,1,The sale or other disposal of some kind of asset.
tuan,2.67,0,0,2,"A brush-tailed phascogale (Phascogale tapoatafa), endemic to Australia."
ppt,2.67,0,0,2,Initialism of parts per trillion.
masa,2.67,0,1,2,"A strong form of paper, smooth on one side and lightly textured on the other, used for drawing and painting."
benthic,2.67,0,0,1,Any organism that lives on the seafloor.
rulebook,2.67,0,0,1,A book containing a set of rules.
codec,2.67,0,0,2,A device or program capable of performing transformations on a data stream or signal.
recyclable,2.67,0,0,1,"An object that can be recycled, such as a soda can."
rereading,2.67,0,0,1,A second or subsequent reading.
oceanside,2.67,0,0,1,The area by and around the ocean.
tilbury,2.66,0,0,2,A small open two-wheeled carriage.
pima,2.66,0,1,1,A soft form of cotton having long fibres (Gossypium barbadense)
materia,2.66,0,1,1,"The physical substances which create the natural world: matter, materials, substance, etc."
laundromat,2.66,0,0,2,"A self-service laundry facility with (traditionally) coin-operated (which now may use other per-load payment methods) washing machines, dryers, and sometimes ironing or pressing machines, open to the "
riddler,2.66,0,0,2,One who asks riddles; a puzzler.
cuck,2.66,0,0,3,A cuckold or cuckquean.
lolo,2.66,0,0,1,a grandfather
salivary,2.66,0,0,1,A salivary gland.
equivalency,2.66,1,1,2,An equivalent thing.
seafloor,2.66,0,0,1,Synonym of seabed.
shriver,2.66,0,0,1,A person who shrives; a confessor
dodgeball,2.66,1,1,2,A team sport whose main objective is to dodge or catch balls thrown by the opposition.
millicent,2.66,0,0,1,One thousandth of a cent (used in securities trading).
otaku,2.66,0,0,1,"One with an obsessive interest in something, particularly (originally derogatory) an obsessive Japanese fan of anime or manga."
mignon,2.66,0,0,2,A cute or pretty person; a dandy; a pretty child.
rar,2.66,0,0,1,Alternative letter-case form of RAR.
speedster,2.66,0,0,4,One who is noted for being very fast.
superstore,2.66,0,0,2,An extremely large store; a hypermarket.
exceptionalism,2.66,1,1,3,"The state of being special, exceptional or unique."
nighter,2.66,0,0,1,Someone or something who does something for a certain number of nights
tutti,2.66,0,0,1,A passage in which all members of an orchestra are playing
rit,2.66,0,0,1,"A scratch, a score or a groove."
ripon,2.66,0,0,1,A spur (goad for a horse etc.).
fico,2.66,0,0,2,a fig; an insignificant trifle
feu,2.66,0,0,1,Land held in feudal tenure.
capa,2.66,1,1,2,A Spanish cloak.
parkin,2.66,1,1,2,"A traditional soft cake of Northern England, usually made with oatmeal and treacle."
pathophysiology,2.66,1,1,1,The physiological processes associated with disease or injury.
mosh,2.66,0,0,1,The moshing style of dancing.
unreachable,2.66,0,0,1,A person or thing that cannot be reached.
biotic,2.66,0,0,2,"A nutritional substance that improves the health of gastrointestinal microorganisms, especially one that occurs naturally."
caregiving,2.66,0,1,2,"The provision of care such as assistance with activities of daily living (e.g., feeding, bathing, dressing, transportation, household administration), usually by someone who is not a health care profe"
wald,2.66,1,1,3,Power; strength.
verdun,2.66,0,0,1,A 16th-century form of rapier.
veganism,2.66,0,1,2,A way of life which strictly avoids animal products and services involving the use of living animals.
upswing,2.66,0,0,2,An upward swing.
paracetamol,2.66,1,1,1,"A synthetic compound used as a drug to relieve and reduce fever, usually taken in tablet form."
intercity,2.66,0,0,1,"Something that runs between cities, such as a railroad."
ectopic,2.66,0,0,2,Ectopic beat.
redline,2.66,0,0,2,"A drawing, document, etc. that has been marked for correction or modification."
airsoft,2.66,0,1,1,A modern combat sport in which participants eliminate their opponents by hitting them with spherical non-metallic pellets launched from a type of air gun running compressed air or similar compressed g
nak,2.65,0,0,1,A female yak.
gilda,2.65,0,0,1,"A Spanish snack consisting of olives and chili pepper served on a small stick (like a toothpick), often with anchovy."
padma,2.65,0,0,1,lotus blossom
corr,2.65,0,0,1,A fight.
steelhead,2.65,0,0,2,"The anadromous form of the rainbow trout, Oncorhynchus mykiss."
nanoscale,2.65,0,0,2,A measuring tool with gradations in nanometers.
devel,2.65,0,0,1,Alternative spelling of devvel (a hard blow)
stuntman,2.65,0,0,1,"In films, someone who performs stunts that are deemed too dangerous or physically difficult for the main actors to attempt."
pyro,2.65,1,1,5,A pyromaniac.
rotator,2.65,0,0,4,One who or that which rotates.
ultralight,2.65,0,0,1,An aircraft that weighs very little.
blogosphere,2.65,0,0,1,"The totality of blogs, especially the unique jargon, cultures and shared interests created by their interconnection."
americano,2.65,1,1,2,A drink made of espresso coffee diluted with hot water.
morin,2.65,0,1,1,"A yellow flavonoid, extracted from fustic, once used to dye wool"
riva,2.65,0,0,1,A rift or cleft.
dob,2.65,0,0,2,"A small amount of something, especially paste."
tuk,2.65,0,1,1,"A Barbadian musical style, based on British regimental music of the colonial era, but accompanied by costumed performances based on African characters."
babyface,2.65,0,0,1,Alternative form of baby face.
extraordinaire,2.65,0,1,1,Something particularly remarkable or outstanding.
synthase,2.65,0,0,2,Any enzyme that catalyzes the synthesis of a biological compound.
sais,2.65,0,0,2,"A groom, or servant with responsibility for the horses."
perp,2.65,0,0,3,A perpetrator.
lod,2.65,0,0,1,"Initialism of logarithm of odds, a measure of likelihood calculated by taking the log of the ratio of the probability of a hypothesis being true given the observed data over the probability that the h"
commonsense,2.65,0,1,1,Alternative form of common sense.
meister,2.65,0,0,1,A person of great skill or authority in a particular field.
policymaking,2.65,0,1,1,The formulation of policies.
snark,2.65,0,1,4,an attitude or expression of mocking irreverence and sarcasm.
aldrin,2.65,0,1,1,An insecticide and persistent organic pollutant containing a naphthalene-derived compound.
lycra,2.65,0,1,1,Letter case form of Lycra.
pinewood,2.65,1,1,2,The wood of a pine.
sault,2.65,0,0,3,Assault.
hea,2.65,0,1,1,Alternative spelling of hea'.
cussing,2.65,0,0,1,"The act of one who cusses, or uses bad language."
coinbase,2.65,0,0,1,The transaction that is automatically created in every Bitcoin block to reward the miner.
crackhead,2.65,0,0,2,A person who is addicted to or regularly uses crack cocaine.
biodiesel,2.65,1,1,1,"Fuel for diesel engines made from renewable organic raw materials, as opposed to fossil hydrocarbons."
rta,2.65,0,1,1,The Vedic principle of natural order that regulates the operation of the universe.
esperanza,2.65,0,1,1,yellow bells (Tecoma stans)
caron,2.65,0,0,1,háček
rata,2.65,1,1,3,Any of various New Zealand plants of the genus Metrosideros.
swanky,2.65,1,1,1,Alternative form of swankie.
quantifiable,2.65,0,0,1,Something that can be quantified; a measurable.
tulsi,2.65,0,1,1,"Holy basil, Ocimum tenuiflorum."
powertrain,2.65,0,0,1,"The group of components in a vehicle that generate power and deliver it to the road surface, water, or air."
aspirational,2.64,0,0,1,A person with aspirations.
chiba,2.64,0,1,1,Alternative form of cheeba (“marijuana”).
jor,2.64,0,0,1,"In Indian music, a formal section of composition in the long elaboration (alap) of a raga that forms the beginning of a performance."
nabi,2.64,0,0,1,A prophet of Islam.
maim,2.64,0,0,1,"A severe, serious wound."
adj,2.64,0,0,1,Alternative spelling of adj..
wildwood,2.64,0,0,1,"Woodland that has developed naturally, especially where a suitable climate has developed with it."
radicalization,2.64,1,1,1,The process of radicalizing.
baka,2.64,0,0,2,"An evil spirit in Haitian belief, often in the form of an animal."
shaheen,2.64,0,0,1,The shaheen falcon
karting,2.64,0,1,1,An open-wheeled motorsport that uses small vehicles called karts or go-karts.
asr,2.64,0,1,1,The afternoon Islamic prayer.
fido,2.64,0,0,1,"A coin that is defective, having been incorrectly minted, often prized by collectors."
gumball,2.64,0,0,4,Chewing gum sold as a ball usually coated with colored hard sugar.
moh,2.64,0,1,1,"Attachment to the transient material world, which hinders the soul's search for its ultimate goal and is therefore one of the Five Evils."
montero,2.64,0,0,1,"A round Spanish cap, with flaps at the back or sides, once used by hunters."
warzone,2.64,0,0,1,Alternative form of war zone.
kemper,2.64,0,0,1,"One who kemps, or strives, for superiority; a champion or knight-errant."
dilly,2.64,0,0,5,Someone or something that is remarkable or unusual.
keir,2.64,0,0,1,Alternative form of kier.
sturt,2.64,0,0,3,"In an embryo, an angle equal to two gons. If a mosaic forms in the embryo, the line passes between two organs with a probability, in percent, equal to the number of sturts between them."
capitan,2.64,0,0,1,Captain (in Spanish-speaking contexts).
naka,2.64,0,0,1,A place where workers assemble to seek employment.
overreach,2.64,1,1,2,"An act of extending or reaching over, especially if too far or too much; overextension."
grayling,2.64,0,0,9,"Any freshwater fish of the genus Thymallus or specifically Thymallus thymallus, of the salmon family, having a large dorsal fin."
absentia,2.64,0,0,1,absence
regrowth,2.64,0,1,2,That which has been regrown after removal.
ghani,2.64,0,0,1,A powered mortar and pestle used to extract oil.
showrunner,2.64,0,0,1,The person in overall charge of the production of a television series.
docklands,2.64,0,0,1,"An area of a town or city which contains, or used to contain, an industrial port."
hiphop,2.64,0,1,1,Alternative form of hip-hop.
rez,2.64,0,0,5,Clipping of reservation or reserve (semiautonomous Indigenous territory).
gameday,2.64,0,0,1,The day on which a sports team plays a game.
sweetwater,2.64,1,1,4,"A variety of white grape, better known as Chasselas."
fut,2.64,0,0,1,foot
embiid,2.64,0,0,1,Any of the webspinners of the family Embiidae.
burnet,2.64,0,1,2,"Any of the herbs of genus Sanguisorba (syn. Poterium), including salad burnet (Sanguisorba minor), an herb used in salads and herbal teas."
lightroom,2.64,0,0,2,"A small room from which the magazine of a naval vessel is lighted, being separated from the magazine by heavy glass windows."
reinvention,2.64,1,1,2,A reinventing of something.
alban,2.64,0,1,1,A white crystalline resinous substance extracted from gutta-percha by the action of alcohol or ether.
myopic,2.64,0,0,1,A short-sighted individual.
fisting,2.64,1,1,1,The act or sexual practice of inserting one or both hands into the vagina or rectum of oneself or one's sexual partner.
reit,2.64,1,1,1,sedge; seaweed
birding,2.64,0,1,2,birdwatching
weblog,2.63,0,0,1,A website in the form of an ongoing journal.
preppy,2.63,0,0,1,A student of a prep school.
shaka,2.63,0,0,1,"A greeting gesture in which the thumb and little finger are extended while curling the three middle fingers in a semi-fist, used to express a variety of positive meanings including all right, hello an"
rockaway,2.63,0,0,2,"A light, low, four-wheeled carriage with standing top, open at the sides, but with waterproof curtains for bad weather."
universalist,2.63,0,0,1,A proponent of universalism.
conman,2.63,0,0,1,A confidence trickster.
oakwood,2.63,1,1,2,A wood populated with oak trees.
hilal,2.63,0,0,1,"The crescent moon, used in determining the start and end of Islamic months in the Hijri calendar."
performative,2.63,0,0,1,A performative utterance.
novi,2.63,0,0,1,A new pupil.
phenom,2.63,0,0,2,"Someone or something that is phenomenal, especially a promising young player in sports like baseball, American football, basketball, tennis, and golf."
rebooting,2.63,0,0,1,"The act by which something (a computer, a TV series, etc.) is rebooted."
fibromyalgia,2.63,1,1,1,"A condition characterized by chronic pain, stiffness, and tenderness of the muscles, tendons, and joints."
nep,2.63,0,1,3,"Catmint, catnip; Nepeta cataria."
uhuru,2.63,0,1,1,freedom
digi,2.63,0,0,1,A scale (weighing device) with a digital readout.
qual,2.63,1,1,3,"Qualifying exam. An exam taken by someone (usually a grad student or prospective grad student) to measure their mastery in something, usually an academic field."
morningstar,2.63,0,0,1,Alternative spelling of morning star.
renegotiation,2.63,0,0,1,The act of negotiating again.
nand,2.63,0,0,1,Alternative letter-case form of NAND.
myeloid,2.63,0,0,1,Such a stem cell
bitrate,2.63,0,0,1,"The frequency at which bits (binary digits) pass a given physical or metaphorical point, measured in bps (bits per second)."
reintegration,2.63,1,1,1,The act or process of reintegrating.
naik,2.63,0,0,2,A lord or governor in South Asia.
kain,2.63,1,1,1,"poultry, etc., required by the lease to be paid in kind by a tenant to the landlord."
biomarker,2.63,0,0,2,"A substance used as an indicator of a biological state, most commonly disease."
elven,2.63,0,0,2,"Originally, a female elf, a fairy, a nymph; (by extension) any elf."
loy,2.63,0,0,1,A type of one-eared spade used in Ireland.
kono,2.63,0,0,1,A traditional Maori woven basket.
rance,2.63,1,1,3,A type of coloured marble from Belgium. Rance is red and often has white or blue graining.
oblast,2.63,0,0,1,A region or province in Slavic or Slavic-influenced countries.
timeshare,2.63,0,0,1,Alternative spelling of time-share.
tasker,2.63,0,0,3,One who imposes a task.
lowdown,2.63,0,1,2,"inside information, the story or truth."
mammary,2.63,0,0,1,Synonym of mamma (“a milk-secreting organ of a woman or a female animal”).
boho,2.63,1,1,2,A bohemian.
peachtree,2.63,0,0,1,Alternative form of peach tree.
peele,2.63,0,0,1,"A kind of antelope, the rhebok, Pelea capreolus."
dobby,2.63,1,1,5,A device in some looms that allows the weaving of small geometric patterns.
humpty,2.63,0,0,1,Synonym of humpty-dumpty (“an inferior player”).
taskforce,2.62,0,0,1,Alternative form of task force.
redraw,2.62,0,0,2,An update to the screen display.
midrange,2.62,0,0,1,Alternative form of mid-range.
extrinsic,2.62,0,0,1,An external factor.
wim,2.62,1,1,1,Initialism of warm ionized medium.
koji,2.62,0,1,2,"A substance that is produced by letting a mold, especially Aspergillus oryzae, grow on rice, barley, soybeans, etc., used to make fermented products such as sake, amazake, miso, and soy sauce."
highgate,2.62,0,0,1,A highway.
timestamp,2.62,0,0,2,"A variable containing the date and time at which an event occurred, often included in a log to track the sequence of events."
gorgon,2.62,0,0,2,"A vicious female monster from Greek mythology with sharp fangs and hair of living, venomous snakes. One of the three sisters: Medusa, Stheno and Euryale"
drawdown,2.62,1,1,7,The act of reduction or depletion (including through withdrawal or utilization).
taiga,2.62,0,0,1,A subarctic zone of evergreen coniferous forests situated south of the tundras and north of the steppes in the Northern Hemisphere.
maulana,2.62,0,0,2,"A religious scholar, especially in Central and South Asia."
dreadlocks,2.62,0,0,1,"A hairstyle worn by Rastafarians and others in which the hair is left to grow long, and twisted into matted strings."
bandar,2.62,0,0,1,A rhesus macaque.
amira,2.62,0,0,1,A member of a wealthy class of Armenian grandees in Constantinople which was in charge of national Armenian matters in the Ottoman Empire before the Armenian National Constitution of 1860 was adopted.
mello,2.62,0,0,1,Clipping of mellophone.
tomo,2.62,0,0,1,A shaft formed in limestone rock dissolved by groundwater.
saya,2.62,0,0,1,A skirt.
py,2.62,0,0,2,Initialism of pack-year.
storyboard,2.62,0,0,2,"A series of drawings that lay out the sequence of scenes in a film or series, especially an animated one."
fenty,2.62,0,0,1,Fentanyl.
kaiju,2.62,0,0,1,"A fictional giant monster, particularly of the kind found in Japanese science fiction films and other media, like Godzilla, King Kong or Gamera."
moria,2.62,0,1,1,Excessive frivolity; an inability to be serious.
proximate,2.62,0,0,1,A grammatical marker that distinguishes a relatively salient referent in a given context from a relatively non-salient (obviative) one.
xoxo,2.62,0,0,1,"Abbreviation of hugs and kisses, usually placed at the end of a letter."
gog,2.62,0,1,1,Haste; ardent desire to go.
chippy,2.62,0,0,8,A carpenter.
delphine,2.62,0,1,1,A fatty substance contained in the oil of the dolphin
jit,2.62,0,1,6,"An inexperienced, foolhardy young man."
ase,2.62,0,1,1,An essential energy in West African religions.
jawline,2.62,0,0,1,"The lower edge of the side of the face (below the cheek), defined by the jawbone."
jell,2.62,0,0,1,Synonym of jelly or gel.
foldable,2.62,0,0,2,Something that can be folded.
vel,2.62,0,0,1,"The ∨ symbol used to represent the inclusive or, which is a logical connective."
sook,2.62,0,0,7,Familiar name for a calf.
mofo,2.62,0,0,1,Syllabic abbreviation of motherfucker.
neet,2.62,0,0,2,Alternative letter-case form of NEET.
interventionist,2.62,0,0,2,One who practices or defends interventionism.
kitt,2.62,0,0,1,the kittiwake.
cabbie,2.62,0,0,1,A cabdriver; someone who drives a taxi.
senor,2.61,0,0,1,Alternative spelling of señor.
bizarro,2.61,1,1,2,"weirdo, misfit"
multifamily,2.61,0,0,1,A residence intended for more than one family.
brin,2.61,0,0,2,"One of the radiating sticks of a fan. The outermost are larger and longer, and are called panaches."
chibi,2.61,1,1,2,"A child-like character with exaggerated features, particularly in anime."
antiretroviral,2.61,0,0,1,An agent that combats retroviruses.
bly,2.61,0,0,1,Likeness; resemblance; look aspect; species; character.
intermodal,2.61,0,0,1,A shipping container for intermodal use.
inclusiveness,2.61,1,1,1,The property of being inclusive; inclusivity
ronson,2.61,0,0,1,M4 Sherman tank - due to the proclivity of Shermans to burst into flames from a single hit
tash,2.61,0,0,2,Alternative form of tass (“Oriental silk fabric”).
maas,2.61,0,1,1,sour milk
tass,2.61,0,0,4,"A heap, pile."
hab,2.61,0,0,3,A habitation or habitation facility.
martel,2.61,0,0,1,"A hammer, especially a war hammer."
clicker,2.61,0,0,11,"The remote-control device used to change settings on a television set, VCR, or other electronic equipment."
smartass,2.61,0,0,2,"Synonym of know-it-all, an obnoxious clever person or a person making obnoxious efforts to seem clever by acting or behaving as if they know everything."
cryo,2.61,0,1,2,cryoprecipitate
huerta,2.61,0,1,1,The area of Murcia and Valencia with fertile ground.
sucky,2.61,0,0,3,A pacifier.
kenner,2.61,0,0,1,One who kens or knows.
portobello,2.61,0,0,1,"The large, mature form of the crimini mushroom (Agaricus bisporus)"
hummel,2.61,0,0,2,A stag that has failed to grow antlers; a cow that has not developed horns.
bodhi,2.61,0,1,1,The state of enlightenment that finally ends the cycle of death and rebirth and leads to nirvana.
washy,2.61,0,0,1,"A wash, an act of washing."
moc,2.61,0,0,1,moccasin (type of shoe)
aris,2.61,0,0,1,arse
brava,2.61,0,0,1,"A shout of ""brava!""."
jamaat,2.61,0,0,3,Party; community; group; assembly.
thorin,2.61,0,1,1,"A highly toxic indicator used in the determination of barium, beryllium, lithium, uranium and thorium compounds."
rika,2.61,0,0,1,Alternative spelling of riq'a.
statist,2.61,0,0,3,A supporter of statism.
starburst,2.61,0,0,4,"A violent explosion, or the pattern (likened to the shape of a star) supposed to be made by such an explosion."
feely,2.61,0,0,1,A child; a young person.
trainor,2.61,0,0,1,"A person who trains another; a coach, a trainer."
gangbang,2.61,0,0,3,An act of two or more people having sex with one person who is the focus of the sexual activity.
faceoff,2.61,0,0,1,Alternative form of face-off.
ginn,2.6,0,0,1,Alternative spelling of jinn.
stillman,2.6,0,0,1,The person who operates a still (device for distilling liquids).
mab,2.6,0,0,2,A slattern.
costal,2.6,0,0,1,"Synonym of saco, a historical Spanish unit of dry measure, equivalent to about 111 L"
hallucinogenic,2.6,0,0,1,a substance that is a hallucinogen.
dirtbag,2.6,0,0,2,"A dirty, grimy, sleazy, or disreputable person."
neu,2.6,0,1,2,Abbreviation of neuroglioblastoma cell line.
wali,2.6,0,0,2,A provincial governor in certain Muslim contexts.
blatter,2.6,1,1,3,Blather; foolish talk.
injectable,2.6,0,0,1,"A liquid, such as a medicine or a Botox solution, which is injected using a needle and syringe."
kawaii,2.6,0,1,2,The quality of being kawaii; cuteness.
pape,2.6,0,0,2,A painted bunting.
interactivity,2.6,0,1,1,The quality of being interactive.
survivability,2.6,1,1,2,The condition of being survivable
pec,2.6,0,1,3,The pectoralis major muscle.
surry,2.6,0,0,1,Friend
sociopathic,2.6,0,0,1,A sociopath.
chaining,2.6,0,0,1,The act or process by which something is chained.
backstabbing,2.6,0,0,1,The act of one who backstabs.
rutter,2.6,0,0,5,"A horseman or cavalryman, especially a German one, associated with the wars of the 16th and 17th centuries."
esse,2.6,0,0,1,"Essence, essential nature."
perdue,2.6,0,0,1,Alternative spelling of perdu.
percussive,2.6,0,0,1,A percussive phone.
nori,2.6,0,1,3,"A type of seaweed, a red alga, laver (genus Pyropia, including species P. yezoensis and P. tenera)."
wolfpack,2.6,0,0,2,A family or other group of wild wolves.
tonk,2.6,1,1,6,An illegal immigrant of any country.
headbutt,2.6,0,0,1,"A sharp blow delivered by driving the head into an opponent or object, generally by lowering the head and charging forward or by rapidly tilting the head backward and then forward."
codename,2.6,0,0,1,Alternative form of code name.
tahrir,2.6,0,0,1,a type of vocal ornamentation; especially the variant used in the Near and Middle East
croker,2.6,0,1,2,Burlap.
piezoelectric,2.6,0,0,1,A piezoelectric material or device.
bulger,2.6,0,0,3,Something that has a bulge.
tanto,2.6,0,0,1,A traditional Japanese small sword or knife; often used as a secondary weapon to a katana.
pir,2.6,0,0,2,"A Muslim holy man or religious leader, especially Sufi."
youngblood,2.6,0,0,2,"Someone who constitutes or brings fresh blood, especially a youngster who joins an older team etc."
zander,2.6,0,0,2,"A European freshwater fish in the family Percidae, closely related to the perch, Sander lucioperca."
gronk,2.6,0,0,4,An unintelligent and callous person.
snide,2.59,1,1,2,"An underhanded, tricky person given to sharp practice; a sharper; a cheat."
carpark,2.59,0,0,1,Alternative spelling of car park.
ombre,2.59,1,1,3,"A Spanish card game, usually played by three people. It involves forty cards, omitting the ranks of 8, 9 and 10."
oma,2.59,0,0,1,"Grandmother, grandma."
reiki,2.59,1,1,1,A Japanese form of pseudomedicine that involves transferring chi through one's palms.
rialto,2.59,0,0,1,"A marketplace, literally or figuratively."
lipa,2.59,0,0,1,"A former subdivision of currency, equal to one hundredth of a Croatian kuna."
clearinghouse,2.59,0,0,1,Alternative form of clearing house.
lum,2.59,0,0,4,"A chimney; also, the top part of a chimney."
whoring,2.59,1,1,1,"Synonym of prostitution, having sex for money; (figurative) disgracing oneself for money; having promiscuous sex."
bolognese,2.59,1,1,2,"An Italian sauce made from ground meat and tomato, originating in Bologna."
boku,2.59,0,0,1,"Alternative spelling of beaucoup (lots, a large amount)"
cleve,2.59,0,0,3,A room; chamber.
ridgeway,2.59,0,0,1,A track or path that follows the highest part of the landscape.
banc,2.59,0,0,3,"A bench; a high seat, or seat of distinction or judgment."
logie,2.59,0,0,1,"A piece of fake jewellery, typically made from zinc."
streetwear,2.59,0,1,1,urban fashion; clothing that can be worn on the street
profiler,2.59,0,0,4,"A mechanical device that cuts complex, irregular shapes by tracing a pattern."
urbanism,2.59,1,1,4,"The study of cities, their geographic, economic, political, social, and cultural environment."
filesystem,2.59,0,0,1,Alternative form of file system.
predate,2.59,0,0,1,"A publication, such as a newspaper or magazine, that is issued with a printed date later than the date of issue."
chula,2.59,0,0,1,"A hearth, stove, or other traditional cooking-place."
yumi,2.59,0,0,1,A type of archery bow from Japan.
transphobia,2.59,0,1,2,"Hatred or fear of, or prejudice against, transgender and transsexual people."
cair,2.59,0,0,1,Alternative form of caer (“Welsh fortress”).
oxycodone,2.59,0,1,1,"An addictive, semisynthetic opioid (trademark OxyContin) that is similar to morphine in effect and structure; C₁₈H₂₁NO₄."
shader,2.59,0,0,2,"One who, or that which, shades."
consumable,2.59,0,0,1,A material or product that is produced for consumption.
biologic,2.59,0,0,1,"An extremely complex drug, vaccine or antitoxin that is made from a living organism, or from products of a living organism."
yoyo,2.59,0,0,1,Alternative spelling of yo-yo.
yat,2.59,0,0,3,"A vowel letter of the Cyrillic and Glagolitic alphabet (Cyrillic capital Ѣ, Cyrillic small ѣ, Glagolitic ⱑ), no longer in current use"
videographer,2.59,0,0,1,"Any person involved in the production of video material, but especially a person who uses a video camera."
caballero,2.59,0,0,3,"A horseman, particularly in the Latin American context"
galt,2.59,0,0,1,Alternative form of gault.
sov,2.59,0,0,3,Pound sterling.
angora,2.59,1,1,5,A Turkish Angora cat.
gare,2.59,1,1,1,Coarse wool on the legs of sheep.
crummy,2.58,0,0,2,"A small van, bus, or railway car used to transport loggers or other resource workers to and from the worksite."
marcella,2.58,0,0,1,"A kind of corded or ribbed fabric made from cotton, rayon, or silk."
globalism,2.58,1,1,3,"An ideology based on the belief that people, goods and information ought to be able to cross national borders unfettered."
airshow,2.58,0,0,1,Alternative spelling of air show.
droll,2.58,0,0,2,"A funny person; a buffoon, a wag."
batshit,2.58,0,1,2,Fecal matter produced by bats.
cdna,2.58,0,0,1,Alternative form of cDNA.
redirection,2.58,1,1,2,The act of setting a new direction.
omo,2.58,0,1,1,Clipping of omorashi.
woolsey,2.58,0,1,1,A material made of cotton and wool.
hodder,2.58,0,0,1,A coal miner who hauls hods from the workface
bowyer,2.58,0,0,2,A person who makes or sells bows (for use with arrows).
crandall,2.58,0,0,1,"A kind of hammer having a head formed of a group of pointed steel bars, used for dressing ashlar, etc."
watchable,2.58,0,0,1,"Something to be watched, or worth watching."
miho,2.58,0,0,1,Alternative form of mijo.
microfinance,2.58,0,1,1,Finance that is provided to unemployed or low-income people or groups.
racecar,2.58,0,0,1,Alternative spelling of race car.
ovate,2.58,0,0,4,An egg-shaped hand axe.
infill,2.58,1,1,3,"That which fills in a space, hole or gap."
kooky,2.58,0,0,1,Alternative form of kookie (“kookaburra”).
datacenter,2.58,0,0,1,Alternative spelling of data centre.
stormtrooper,2.58,0,0,2,A soldier trained in special infiltration tactics.
fader,2.58,0,0,2,A device used to raise and lower sound volume.
dempster,2.58,0,0,1,Alternative form of deemster.
kidder,2.58,0,0,4,"One who kids, or teases light-heartedly."
prioritization,2.58,1,1,1,The process of assigning priorities to things or tasks.
jinn,2.58,0,0,1,"A human-like spiritual or immaterial being, as opposed to al-ins (people), often invisible but able to manifest in form and also inhabit people or animals; origin of the genie of Western literature, f"
sunnyside,2.58,0,0,1,The top of a cooked egg.
fj,2.58,0,0,1,Initialism of foot job.
corky,2.58,0,0,1,"A deep bruise, usually on the leg or buttock, caused by a blow; a haematoma."
haan,2.58,0,1,1,"Alternative form of han (“sorrowful resentment, as a part of the Korean cultural identity”)."
zain,2.58,0,0,1,A horse of a dark colour with no lighter spots.
mook,2.58,0,0,3,A disagreeable or incompetent person.
vocab,2.58,0,1,1,"Vocabulary, especially that acquired while learning a language."
prosser,2.58,0,0,1,One who prosses; a sponger or scrounger.
linker,2.57,0,0,6,That which links.
hing,2.57,0,1,1,"Asafoetida, especially when used as a seasoning."
tobe,2.57,0,0,1,A cotton garment worn in parts of northern Africa.
engle,2.57,0,0,1,Alternative spelling of ingle (“paramour”)
soca,2.57,0,1,1,A genre of music that originated in Trinidad and Tobago in the early 1970s and developed into a range of styles during the 1980s and after which primarily includes influences of African and Indian rhy
reimagining,2.57,0,0,1,A remake (of a dramatic work)
geoscience,2.57,1,1,1,earth science
cami,2.57,0,0,1,A camisole.
disulfide,2.57,0,0,3,"A functional group with two sulfur atoms bonded to one another, described by the following formula: R–S–S–R'."
muda,2.57,0,1,1,"A form of waste, or deviation from optimal allocation of resources, that occurs when work is performed that does not add value for the customer."
ultimo,2.57,0,0,1,"= The ultimum; the final, ultimate point of a sequence."
biogas,2.57,1,1,1,"A mixture of methane and carbon dioxide, produced by anaerobic digestion of organic waste matter, used as a fuel."
flipside,2.57,0,0,4,"The reverse, in contrast to the obverse."
bioavailability,2.57,1,1,2,"The extent to which a substance is molecularly available to cells and tissues in a living organism, which depends on factors such as solubility, pH level, and presence of enzymes and cofactors; for ex"
missa,2.57,0,0,1,"a mass, in the sense of a composition setting several sung parts of the liturgical service (most often chosen from the ordinary parts Kyrie, Gloria, Credo, Agnus Dei and/or Sanctus) to music, notably "
odeon,2.57,0,0,2,An ancient Greek or Roman building used for performances of music and poetry.
skydive,2.57,0,0,1,An instance of skydiving.
rebar,2.57,1,1,2,A steel reinforcing bar in a reinforced concrete structure.
geist,2.57,0,0,2,"A ghost, an apparition."
bara,2.57,0,1,4,"A genre of homoerotic media, usually also pornographic, typically created by gay men and targeted at gay men in Japan."
drivetrain,2.57,0,0,1,"The mechanical parts of the powertrain, the gears and shafts, that connect the engine to the wheels in a vehicle."
blitzer,2.57,0,0,1,One engaging in a blitz.
multicast,2.57,0,0,1,The simultaneous transmission of data to several destinations on a network.
narco,2.57,1,1,4,Narcotics.
transceiver,2.57,0,0,2,A combined radio transmitter and receiver.
extractive,2.57,0,0,2,Something that may be extracted
symbiote,2.57,0,0,1,Synonym of symbiont.
personalization,2.57,1,1,3,"The act of personalizing something, or adapting it for somebody's needs or tastes."
oxon,2.57,0,0,1,Any organic compound derived from another in which a phosphorus-sulfur bond in the parent has been replaced by a phosphorus-oxygen bond in the derivative.
powerplant,2.57,0,0,1,Alternative spelling of power plant.
metalcore,2.57,0,1,1,A subgenre of rock music which fuses extreme metal and hardcore punk.
byline,2.57,0,0,2,A line at the head of a newspaper or magazine article carrying the writer's name.
expansionist,2.57,0,0,1,An advocate of expansionism.
meu,2.57,0,1,2,"Meum athamanticum, a European herb."
perceptible,2.57,0,0,1,Anything that can be perceived.
coverup,2.57,0,0,1,Alternative spelling of cover-up.
nono,2.57,0,0,1,Alternative spelling of no-no.
cytotoxic,2.57,0,0,1,Any cytotoxic substance; a cytotoxin.
toma,2.57,0,1,1,A semi-hard Italian cheese from Piedmont
bcm,2.57,0,0,1,Initialism of billions of cubic metres.
tik,2.57,0,1,1,crystal meth or speed.
malo,2.57,0,1,2,malolactic fermentation
buller,2.57,0,0,3,The bubbling or seething of a torrent.
saturate,2.57,0,0,1,"Something saturated, especially a saturated fat."
oban,2.57,0,0,1,Archaic form of obang (“Japanese coin”).
piet,2.57,0,0,1,The magpie.
employability,2.57,1,1,2,The state or quality of being employable.
hocus,2.57,0,0,4,"A magician, illusionist, one who practises sleight of hand."
hsien,2.57,0,0,1,"An administrative subdivision of Taiwan, commonly translated as county. (Alternative form of xian for mainland China.)"
gama,2.57,0,0,1,Synonym of gama grass.
isha,2.56,0,1,1,The evening/night Islamic prayer.
mockup,2.56,0,0,1,Alternative form of mock-up.
pappy,2.56,0,0,2,A father.
arco,2.56,0,0,1,A passage to be played in this way.
typesetting,2.56,1,1,1,The setting of written material into type.
hemi,2.56,0,0,5,A motor with hemispherical combustion chambers. A piston engine internal combustion engine with hemispherical piston cylinder heads.
hasta,2.56,0,0,2,A hand gesture used to depict the meaning of a song
timezone,2.56,0,0,1,Alternative form of time zone (chiefly US)
embalming,2.56,0,0,1,The work of an embalmer.
mela,2.56,0,0,2,A Hindu religious festival.
platformer,2.56,0,0,1,A platform game.
photonics,2.56,0,1,1,"The science and technology of generating and controlling photons, particularly in the visible and near infrared light spectrum."
cuny,2.56,0,0,1,An ordinary seaman.
omi,2.56,0,0,1,A man.
berkowitz,2.56,0,0,1,Alternative form of berkovets.
ome,2.56,0,0,1,"The totality of a certain type of biological entity in an organism etc., e.g. the genome or proteome."
hammam,2.56,0,0,1,A communal bathhouse in Islamic countries and communities.
loring,2.56,0,1,1,Instructive discourse; instruction; teaching.
aftershave,2.56,1,1,1,"a lotion, gel, or liquid used after finishing shaving"
kaboom,2.56,0,0,2,"The sound of an explosion, typically seen in comic strips or heard in a light-hearted conversation."
epub,2.56,0,0,1,Alternative letter-case form of EPUB.
chewie,2.56,1,1,2,Chewing gum.
wakeup,2.56,0,0,3,An act or instance of waking up.
watchlist,2.56,0,0,1,A list of people or things that are assigned to receive special attention or monitoring.
wawa,2.56,0,1,3,A snow goose.
frigging,2.56,0,0,1,Masturbation.
poppa,2.56,0,0,1,"father, papa."
hyperinflation,2.56,1,1,2,Excessive inflation.
hora,2.56,0,1,2,"A circle dance popular in the Balkans, Israel and Yiddish culture worldwide."
messin,2.56,0,0,1,A mongrel dog; a cur.
kundalini,2.56,1,1,1,An energy said to lie coiled at the base of the spine and to be released by yoga.
bhagat,2.56,0,0,1,A holy man in Sikhism or Hinduism.
ith,2.56,0,0,1,"The letter having an appearance like ⟨(⟩, which stands for the th sound (/θ/) in Pitman shorthand."
roque,2.56,0,1,1,"A form of croquet using short-handled mallets, and played on a hard surface."
scudder,2.56,0,0,2,"One who, or that which, scuds."
freefall,2.56,1,1,3,A state of motion affected by no acceleration or force other than that of gravity.
modena,2.56,0,1,1,A crimson colour.
debutant,2.56,0,0,1,"A person (especially a male) who débuts, or appears for the first time."
taki,2.55,0,0,1,Alternative form of takhi.
bestie,2.55,0,0,3,A best friend.
taiji,2.55,0,1,3,The absolute; the condition as it existed before the creation of the world.
amb,2.55,0,0,1,"The outline of a spore or pollen grain, as seen in a polar view."
whitten,2.55,0,0,1,Any of several small trees having leaves that are white and downy underneath.
hillcrest,2.55,0,0,1,The crest of a hill
cumshot,2.55,0,0,3,A sex act in pornographic films in which a person ejaculates onto their partner's body.
resto,2.55,0,0,2,A restaurant.
electromechanical,2.55,0,0,1,An electromechanical component or device.
pleural,2.55,0,0,1,An internal segment of the turtle carapace.
bendy,2.55,0,1,3,A bendy bus.
goalscoring,2.55,0,1,1,The scoring of goals.
hammy,2.55,0,0,3,The hamstring.
gunship,2.55,0,0,3,A ship equipped with heavy artillery.
recalcitrant,2.55,0,0,1,A person who is recalcitrant.
braveheart,2.55,0,0,1,A brave person.
ladyship,2.55,0,0,2,Term of respect for a woman of the peerage without using her title.
freeform,2.55,0,0,1,Alternative spelling of free-form.
oxo,2.55,0,1,2,A substituent oxygen atom connected to another atom by a double bond.
daya,2.55,0,0,1,Alternative form of dhye (“wet-nurse”).
neko,2.55,0,0,1,A catgirl or catboy.
bogan,2.55,0,0,5,An unsophisticated person from a working class background.
immunological,2.55,0,0,1,Any drug used to treat the immune system.
quinta,2.55,0,0,1,A country house in Madeira.
wetsuit,2.55,0,0,1,"A close fitting, insulating garment usually made from neoprene or similar material designed to keep one warm during activities on or under water."
seder,2.55,0,0,3,The ceremonial meal held on the first night or first two nights of Passover.
overfishing,2.55,0,1,1,Fishing that reduces the stock of remaining fish in an area to below that which is acceptable.
dotcom,2.55,0,0,1,A company whose business is based around a website or primarily via the Internet.
nizam,2.55,0,0,2,"The hereditary sovereign of Hyderabad, a former state of India."
kitkat,2.55,0,0,1,Alternative form of kit-cat.
midsize,2.55,0,0,1,Alternative form of mid-size.
superboy,2.55,0,0,1,"A very remarkable, talented or otherwise exceptional boy."
roti,2.55,0,1,1,A kind of unleavened flatbread commonly consumed in South Asia and the Caribbean.
ashoka,2.55,0,0,2,"A tree of species Saraca asoca, native to South Asia and western Myanmar."
selectable,2.55,0,0,1,An item that can be selected by the user.
courant,2.55,0,0,4,A piece of music in triple time.
mota,2.55,0,1,1,Alternative form of mootah.
undercard,2.55,0,0,4,"A list of minor or supporting contests printed on the same bill as the main event (primarily fighting or racing, such as the main fight at a boxing match or wrestling, horse or car racing, etc.), occu"
supercell,2.55,0,0,2,"A severe thunderstorm with updrafts and downdrafts that are in near balance, allowing the storm to maintain itself for several hours. Supercells often produce large hail, powerful downpours, very stro"
ket,2.55,1,1,6,"A column vector, in Hilbert space, especially as representing the state of a quantum mechanical system; the complex conjugate transpose of a bra (a row vector); a ket vector. Symbolised by |...〉."
distributive,2.55,0,0,3,distributive case
romancing,2.55,0,0,1,The process or result of embellishing something into a romantic ideal.
aurelia,2.55,0,0,1,"The chrysalis of an insect, especially of a butterfly."
oper,2.55,0,0,1,A network operator on IRC.
grandstanding,2.55,0,1,1,Dramatic or showy behavior intended to impress an audience or observers.
sicko,2.55,0,0,3,"A person with unpleasant tastes, views or habits."
mahone,2.55,0,0,1,A large Turkish warship.
manoeuvring,2.54,0,0,1,A manoeuvre.
creatinine,2.54,1,1,1,"A heterocyclic amine, 2-amino-1-methyl-5H-imidazol-4-one, formed by the metabolism of creatine."
biomechanics,2.54,0,1,2,The branch of biophysics that deals with the mechanics of the human or animal body; especially concerned with muscles and the skeleton.
twerk,2.54,0,0,4,"Synonym of twerking (“a sexually-provocative dance, involving the performer thrusting their hips back from a low squatting stance while shaking their buttocks”)."
keck,2.54,0,1,2,The cow parsley (Anthriscus sylvestris).
handbrake,2.54,0,0,2,"A brake in a vehicle, set by hand, and usually locking on until released by hand, enabling its use when parked."
drinkwater,2.54,0,1,1,Potable water; water intended for drinking
hetty,2.54,0,0,1,A heterosexual.
borehole,2.54,0,0,2,A hole bored into the ground to collect samples for analysis or to extract oil or water.
mcf,2.54,0,0,1,Abbreviation of thousand cubic feet.
reacher,2.54,0,0,4,A person who reaches.
burnie,2.54,0,0,1,A small brook.
lionheart,2.54,0,0,1,"A brave, heroic person."
coq,2.54,0,0,1,A trimming of cock feathers on a woman's hat.
sequester,2.54,0,0,3,sequestration; separation
mise,2.54,0,0,3,The issue in a writ of right.
newswire,2.54,0,0,1,A service used for the transmission of breaking news to the media or to the public.
rach,2.54,0,0,1,a dog that hunts by scent
raga,2.54,1,1,2,"Any of various melodic forms used in Indian classical music, or a piece of music composed in such a form."
funder,2.54,0,0,1,One who funds.
raa,2.54,0,0,1,The letter ر in the Arabic script.
opry,2.54,1,1,2,Opera.
queenie,2.54,0,0,2,An effeminate man; a male homosexual (especially as a term of address).
rulemaking,2.54,1,1,1,"The act or process of creating rules, especially regulations (as opposed to statutes)."
reauthorization,2.54,1,1,2,A second or subsequent authorization.
psychotropic,2.54,0,0,1,A psychotropic drug or agent.
meowing,2.54,1,1,1,The act of uttering a meow.
shetty,2.54,0,0,1,Alternative form of chete (“knife”).
thalia,2.54,0,0,1,Any of the genus Thalia of tropical plants found in aquatic or marshy habitats.
phy,2.54,0,1,1,The drug physeptone.
mandir,2.54,0,0,1,A Hindu temple.
interfacing,2.54,0,0,1,A layer of fabric inserted between other layers of a garment to provide stiffening
baru,2.54,0,1,1,A fibrous substance derived from the sugar palm (Arenga pinnata) used as caulk.
anker,2.54,0,0,1,A measure of wine or spirit equal to 10 gallons; a barrel of this capacity.
blotting,2.54,0,0,2,A blot; a stain.
sourcebook,2.54,0,0,2,A book consisting of a collection of writings on a particular subject.
divi,2.54,0,0,1,The dividend paid out by the Co-op
fashionista,2.54,0,0,2,"A person who creates or promotes high fashion, i.e. a fashion designer or fashion editor."
favela,2.54,0,0,1,"A slum or shantytown, especially in Brazil."
pais,2.54,0,1,1,"The country (ie: the jury); also, the people living in the district from where the jury is taken."
mwah,2.54,0,1,1,"The hallmark sound of a fretless bass guitar played with a certain technique, where treble frequencies increase gradually after the attack."
blindside,2.54,0,0,5,A driver's field of blindness around an automobile; the side areas behind the driver.
muggle,2.54,1,1,5,Marijuana.
foodservice,2.54,0,1,1,The business of providing food and related services.
mojito,2.53,0,0,1,"A Cuban cocktail, generally made from rum, lime, sugar, mint, etc."
sangh,2.53,0,0,1,Alternative form of sangha.
karam,2.53,0,0,1,The tree Adina cordifolia.
oden,2.53,0,1,1,"A Japanese one pot winter dish, of varying ingredients."
culpa,2.53,0,0,1,"Negligence or fault, as distinguishable from dolus (deceit, fraud), which implies intent, culpa being imputable to defect of intellect, dolus to defect of heart."
octavius,2.53,0,0,1,Alternative form of octarius (the pint (eighth of a gallon) in the apothecaries' system)
rebalancing,2.53,0,0,1,The act or process of restoring balance.
bip,2.53,0,0,3,Synonym of spliff.
monteith,2.53,0,0,2,"A large 18th-century punchbowl, usually of silver, fluted and scalloped."
letterbox,2.53,0,0,4,A box into which mail is put.
sideburns,2.53,0,0,1,Facial hair reaching from the top of the head down the side of the face to the side of the chin.
niu,2.53,0,0,1,"A tall pole with yardarms from which hung ropes, circled by worshippers in the Pai Mārire religious movement."
microbiota,2.53,0,0,1,"The microbial community that inhabits a multi-cellular organism, whether the entire organism or a specific body surface."
vai,2.53,0,0,2,Initialism of verb animate intransitive: an intransitive verb that agrees with an animate subject.
rimmer,2.53,0,0,4,"An implement for cutting, trimming, or ornamenting the rim of anything, as the edges of pies, etc."
righty,2.53,0,0,2,A right-handed person.
deliberative,2.53,0,0,2,"A discourse in which a question is discussed, or weighed and examined."
mirrorless,2.53,0,0,1,"A mirrorless interchangeable-lens camera, similar to a digital SLR, but usually made smaller by incorporating an electronic viewfinder instead of a mirror and prism."
tootsie,2.53,0,0,3,A young woman.
bish,2.53,0,1,4,A minced oath (as a term of abuse).
brownfield,2.53,0,0,1,"A site, to be used for housing or commerce, that has been previously used for industry and may be contaminated or need extensive clearing."
nid,2.53,0,0,2,Alternative form of nide (“nest of pheasants”).
quintus,2.53,0,0,1,"The fifth voice in addition to the superius, altus, tenor and bassus in a piece of vocal polyphony."
whitepaper,2.53,0,0,1,Alternative spelling of white paper.
queso,2.53,0,1,1,"Ellipsis of chile con queso: melted cheese, used for instance as a dipping sauce."
doss,2.53,1,1,4,The avoidance of work.
wayback,2.53,0,0,3,A very remote time or place.
latrobe,2.53,0,0,1,"A form of stove set into a fireplace, heating the room by radiation and the rooms above by hot air."
waterpark,2.53,0,0,1,Alternative spelling of water park.
taa,2.53,0,0,2,A kind of pagoda in China and Japan.
sherif,2.53,0,0,1,Alternative form of shereef.
tro,2.53,0,0,1,A type of spike fiddle made from traditionally used in Cambodia and played vertically.
synch,2.53,0,0,1,Alternative spelling of sync.
ween,2.53,0,0,3,Doubt; conjecture.
kirkman,2.53,0,0,2,A clergyman or officer in a kirk.
miko,2.53,0,0,1,A Shinto shrine maiden.
namespace,2.53,0,0,1,"A conceptual space that groups classes, identifiers, etc. in order to avoid conflicts with items in unrelated code that carry the same names."
kratom,2.53,1,1,2,"A tree, Mitragyna speciosa, endemic to Southeast Asia."
vestibular,2.53,0,0,1,A competitive examination used by Brazilian universities to select students.
thorp,2.53,0,0,1,A group of houses standing together in the country; a hamlet; a village.
tikka,2.53,1,1,2,A marinade made from various aromatic spices usually with a yoghurt base; often used in Indian cuisine prior to grilling in a tandoor.
phobic,2.53,0,0,1,A person who has a phobia.
simran,2.53,0,1,1,"The continuous remembrance of the finest aspect of the self, or of God, sometimes achieved by repeating a mantra."
carle,2.53,0,0,1,peasant; fellow
cavan,2.53,0,0,3,A unit of dry capacity approximately equivalent to 2.3 US bushels.
retest,2.52,0,0,1,A repeat test.
agha,2.52,0,0,1,An honorific for high officials used in Turkey and certain Muslim countries.
gouda,2.52,1,1,1,A type of semi-hard to hard cheese originating in the Netherlands.
yatra,2.52,0,0,1,A Hindu pilgrimage.
telnet,2.52,1,1,2,A network protocol that enables one computer to communicate with another via a local area network or the Internet.
brackett,2.52,0,1,1,Alternative form of bragget (“drink made with ale and honey”).
kgs,2.52,0,0,1,Abbreviation of kilograms plural of kg (“kilogram”) Nonstandard form of kg (“kilogramme”).
deathmatch,2.52,0,0,1,A competitive mode found in first-person shooter games in which competitors attempt to assassinate one another.
shinobi,2.52,0,0,1,A male ninja.
shipman,2.52,0,0,3,Synonym of sailor.
nasri,2.52,0,0,1,"A coin formerly used as a currency unit in Tunisia from medieval to Ottoman times, set at one point as one eightieth of a sultani."
suplex,2.52,0,0,1,"A wrestling move in which the wrestler picks up their opponent off the ground (or mat) and then, using a large portion of their own body weight, drives the opponent down on the mat by throwing them ov"
spaceport,2.52,0,0,1,A site for launching spacecraft.
penner,2.52,0,0,2,One who pens; a writer.
sabo,2.52,0,0,1,A saboteur.
kes,2.52,0,1,2,Alternative form of kesh.
jousting,2.52,1,1,2,A medieval European sport in which mounted knights charged at each other bearing lances.
mmol,2.52,0,0,1,Abbreviation of millimole.
darshan,2.52,1,1,3,"Hierophany, theophany; being in the presence of the divine or holy (as a person or object)."
inkjet,2.52,0,0,2,"A device, particularly one used in the printing of documents, which propels tiny droplets of ink to the paper."
tish,2.52,0,1,2,"A festive meal for a religious event, especially Shabbat."
gaslighting,2.52,0,1,2,Illumination by burning gas.
wilco,2.52,0,0,1,"A species of South American tree, Anadenanthera colubrina."
sonics,2.52,0,1,1,The science and technology of sound.
zaza,2.52,0,1,1,Exotic marijuana.
helo,2.52,0,0,1,A helicopter.
carling,2.52,0,0,3,Alternative form of carline (“old woman”).
sacral,2.52,0,0,1,Any of the sacral bones that make up the sacrum.
oliphant,2.52,0,0,2,An elephant.
smit,2.52,0,0,3,Alternative spelling of smitt.
yaoi,2.52,1,1,2,A narrative or visual work featuring a romantic or sexual relationship between two or more men.
acharya,2.52,0,0,2,"an individual who practices or is knowledgeable on any of the prevalent disciplines of customs, learning, rituals, arts, traditions, schools etc., especially one imparting them into pupils."
struct,2.52,0,0,1,"A data structure, especially one that serves to group a number of fields (in contrast to an object-oriented class with methods) or one that is passed by value rather than by reference."
karst,2.52,0,0,1,"A type of land formation, usually with many caves formed through the dissolving of limestone by underground drainage."
legwork,2.51,0,1,2,"Work, especially research or preparation, that involves significant walking, travel, or similar effort."
leng,2.51,1,1,2,A gun.
dogecoin,2.51,1,1,2,"A cryptocurrency featuring the Shiba Inu from the ""doge"" meme as its logo."
tsarist,2.51,0,0,1,One who supports a tsar.
stephane,2.51,0,0,1,An Ancient Greek headdress like a coronet.
transmembrane,2.51,0,0,1,"a transmembrane protein, or the transmembrane portion of a protein"
swaraj,2.51,0,0,1,self-rule
doobie,2.51,1,0,2,A marijuana cigarette.
concours,2.51,0,0,1,"A competitive examination, especially in medicine."
nonhuman,2.51,0,0,1,A creature or thing that is not human.
lune,2.51,0,0,4,A fit of lunacy or madness; a period of frenzy; a crazy or unreasonable freak.
yeet,2.51,0,0,1,"A type of dance involving dipping one's shoulder and swinging both hands out, while an audience repeatedly chants ""YEET yah, yah, yah, yah""."
buk,2.51,0,0,1,a traditional Korean drum
governorate,2.51,0,0,1,The territory governed by a governor; a province.
machi,2.51,0,0,1,A traditional healer and religious leader in the Mapuche culture of Chile and Argentina.
terr,2.51,0,0,1,An insurgent in the Rhodesian Bush War.
bifida,2.51,0,1,1,spina bifida
ppb,2.51,0,0,1,Initialism of parts per billion.
lightyear,2.51,0,0,1,Alternative spelling of light year.
sambo,2.51,0,1,2,A sandwich.
tobruk,2.51,0,0,1,a type of defensive fighting position originally employed by the Axis forces during their North African campaign.
loli,2.51,0,0,2,"A childlike female character, particularly in the lolicon genre."
timeslot,2.51,0,0,1,A conventionally defined time interval in a schedule.
offsite,2.51,0,0,1,A group outing or meeting that takes place outside of the office.
enduro,2.51,1,1,3,"A motorcycle sport run on predominantly off-road courses, with many obstacles and challenges."
cricketing,2.51,0,0,1,A game of cricket.
omnium,2.51,0,0,2,"A multiple race event in track cycling. Historically the omnium has had a variety of formats. Currently it consists of the following six events: flying lap, points race, elimination, individual pursui"
yano,2.51,0,0,1,Synonym of shabono (“communal hut built by the Yanomamo people”).
grogan,2.51,0,0,1,A piece of excrement. A turd.
bringer,2.51,0,0,2,A person or a thing which brings something.
femdom,2.51,1,1,3,Female domination; a sexual practice in which women dominate men or other people.
wining,2.51,0,0,1,A session of drinking wine socially.
caseload,2.51,0,0,2,The workload of a person or group that handles cases; the relative volume of cases expected to be worked upon.
haut,2.51,0,0,1,Alternative form of hauth (“unit of measure”).
bodhisattva,2.51,0,0,2,"A person who has taken specific lay or monastic vows and who is on the road to perfect knowledge; specifically, one who foregoes personal nirvana in order to help others achieve enlightenment."
polycarbonate,2.51,0,0,1,Any of a range of polymers of aromatic carbonates.
pardo,2.51,0,0,1,"A former money of account in Portuguese India, one twentieth of a rupia."
lich,2.51,0,0,2,"A reanimated corpse or undead being; particularly an intelligent, undead spellcaster."
reactivation,2.51,1,1,1,The activation of something previously inactive or inactivated.
diller,2.51,0,0,1,Only used in killer diller
precast,2.51,1,1,1,"Structural members made of concrete, ready for installation."
moisturiser,2.51,0,0,1,Non-Oxford British English standard spelling of moisturizer.
dimethyl,2.51,0,1,1,Two methyl groups in a molecule.
shura,2.51,0,0,1,A body that provides counsel to a leader.
shortwave,2.51,0,0,4,"An electromagnetic wave with a relatively short wavelength; specifically, one with a wavelength generally between 10 and 100 metres, corresponding to a frequency between 3 and 30 megahertz."
inclusivity,2.51,0,1,1,The quality of being inclusive; inclusiveness.
dern,2.51,0,0,5,A secret; secrecy.
deejay,2.51,0,0,1,A disc jockey.
wass,2.51,0,1,2,"wanton disposition, unorderly state of mind or behaviour"
spunky,2.51,0,0,1,A good-looking person.
gorton,2.5,0,0,1,Synonym of creton.
yn,2.5,0,1,2,Alternative letter-case form of YN.
pineal,2.5,0,0,1,The pineal gland.
bork,2.5,0,0,2,"The bald notothen or bald rockcod (Pagothenia borchgrevinki), a species of cod icefish (Nototheniidae) native to the Southern Ocean."
rdf,2.5,0,0,1,radial distribution function
barret,2.5,0,0,3,A kind of fitted cap worn by medieval soldiers.
endzone,2.5,0,0,1,Alternative spelling of end zone.
bannerman,2.5,0,0,4,"A person assigned to carry the colours, standards or guidons of a military unit."
downforce,2.5,0,0,1,Any force (produced by aerodynamics or gravity etc) that acts downwards
jughead,2.5,0,0,1,A fool.
dewan,2.5,0,0,1,"A holder of any of various offices in various (usually Islamic) countries, usually some sort of councillor."
trop,2.5,0,1,2,Abbreviation of troponin.
rrna,2.5,1,1,1,Alternative form of rRNA.
nanoparticle,2.5,0,0,1,Any microscopic particle less than about 100 nanometers (nm) in diameter.
playmaking,2.5,0,1,1,The initiation of offensive play with the intent of scoring a goal (or the equivalent)
buttercream,2.5,1,1,1,"A type of thick, sweet icing or cake-filling made by creaming butter (or sometimes another fat, such as margarine) with powdered sugar."
botnet,2.5,0,0,2,A collection of compromised computers that is gradually built up and then unleashed as a DDOS attack or used to send very large quantities of spam.
sayer,2.5,0,0,1,One who says; one who makes announcements; a crier.
skelter,2.5,0,0,1,A gravity-based device used to store and rotate round food and drink in a first-in-first-out manner.
skeeter,2.5,0,0,1,A mosquito.
bata,2.5,0,0,1,"A ceremonial double-headed drum played in triplet in the religion of santería, especially in Cuba and Puerto Rico, originally from the Yoruba of Nigeria."
archon,2.5,0,0,4,A chief magistrate of ancient Athens.
returner,2.5,0,0,3,One who returns from another place.
eba,2.5,0,1,1,A stiff dough made by soaking garri in hot water and kneading it with a baton.
arrondissement,2.5,0,0,2,An administrative division in some French- or Dutch-speaking countries.
intellectualism,2.5,1,1,3,The use or development of the intellect.
puta,2.5,0,1,2,"A prostitute, whore, slut, bitch, etc."
fon,2.5,0,0,2,A fool or idiot.
dele,2.5,0,0,1,A sign signifying deletion.
poopy,2.5,1,1,1,Faeces.
blogpost,2.5,0,0,1,An entry posted to a blog.
chuckie,2.5,0,0,2,Alternative form of chucky (“chicken”).
helmer,2.5,0,0,1,Synonym of showrunner.
twee,2.5,0,1,1,Ellipsis of twee pop.
karo,2.5,0,1,1,"Pittosporum crassifolium, a shrub of New Zealand."
reconfiguration,2.5,1,1,2,A reconfigured state.
helipad,2.5,0,0,1,A small landing area for helicopters.
bajaj,2.5,0,0,1,A tuk-tuk.
mirna,2.5,0,0,1,microRNA
preform,2.5,0,0,3,An object that has undergone preliminary shaping but is not yet in its final form.
noll,2.5,0,0,1,"The head, especially the top of the head."
ngs,2.5,0,0,1,Abbreviation of nanograms plural of ng (“nanogramme”); Nonstandard form of ng (“nanogrammes”).
phaser,2.5,0,0,4,An electronic device that produces special effects on the sound produced by an electric guitar etc.
toki,2.5,0,0,1,A Japanese crested ibis (Nipponia nippon).
numero,2.5,0,0,1,The sign ⟨ № ⟩.
droit,2.5,0,0,1,A legal right or entitlement.
elvin,2.5,0,0,1,"Alternative spelling of elven (“an elm”) (a tree of the genus Ulmus, particularly the wych elm or Scots elm (Ulmus glabra))"
ntr,2.5,0,1,1,Alternative form of NTR (“netorare”).
riba,2.5,0,1,1,"interest or usury, which is haram (sinful) according to sharia law."
horseracing,2.5,0,1,1,Alternative form of horse racing.
prenup,2.5,0,0,2,A prenuptial agreement.
mobo,2.5,0,0,1,A motherboard.
motte,2.5,0,0,3,"A raised earth mound, often topped with a wooden or stone structure and surrounded with a ditch."
trapdoor,2.49,0,0,5,A hinged or sliding door set into a floor or ceiling.
fortis,2.49,0,0,1,A fortis consonant.
landmine,2.49,0,0,1,Alternative spelling of land mine.
sippy,2.49,0,0,1,A little sip; less than a serving of some particular drink
agassi,2.49,0,1,1,"Miss, a young Korean, usually unmarried woman. Used as a form of address"
beachside,2.49,1,1,1,The land bordering a beach.
flyby,2.49,0,0,5,A flight past a celestial object in order to make observations.
kha,2.49,0,0,1,The name of the Cyrillic script letter Х / х.
microstructure,2.49,1,1,3,Fine-scale structure.
contessa,2.49,0,0,1,"A countess, often specifically an Italian countess"
powerplay,2.49,0,0,1,Alternative spelling of power play.
sangha,2.49,0,0,2,"The community of all followers of the Buddha; the ecclesia in which the devout take refuge; those who have ""entered the stream"" towards nirvana; one of the Three Jewels of Buddhism."
hori,2.49,0,0,1,A Māori.
tippy,2.49,0,0,2,A dandy.
wherewith,2.49,0,1,1,Something with which; the means by which.
perrier,2.49,0,0,1,A short mortar used for throwing stone shot.
comparator,2.49,0,0,5,"Any of various devices for comparing a physical property of two objects, or an object with a standard."
lenticular,2.49,0,0,2,Ellipsis of lenticular image.
neuroimaging,2.49,0,1,1,"The generation of images showing activity in the nervous system, usually and especially brain activity."
riverboat,2.49,0,0,1,A watercraft designed for operating on rivers.
roadie,2.49,0,0,3,"One of the crew for a musical group or other travelling stage production, especially a stagehand or technician."
mineralization,2.49,1,1,5,A form of fossilization in which the organic parts of an organism are replaced by minerals.
minuteman,2.49,0,0,1,Alternative form of minute man.
rodham,2.49,0,0,1,A bank of silt on the bed of a dried-up river
kendo,2.49,0,1,1,"A Japanese martial art using ""swords"" of split bamboo."
touchpad,2.49,0,0,1,"A flat surface which is sensitive to touch, used mostly in laptop computers to control an on-screen cursor."
supergroup,2.49,0,0,6,Any group composed of other groups.
friendzone,2.49,0,0,1,Alternative spelling of friend zone.
fraudster,2.49,0,0,1,A person who carries out fraud; a swindler.
esper,2.49,0,0,2,A person who practices the development of psychic ability.
bodysuit,2.49,0,0,1,"A one-piece, skin-tight garment rather like a leotard."
westland,2.49,0,0,1,The western part of a geographic area; a land lying to the west.
lollapalooza,2.49,0,0,1,"An outstanding, extreme, or outrageous example of its kind."
submachine,2.49,0,0,2,A machine forming part of a larger machine.
seasonality,2.49,1,1,1,Variation with the seasons
ghulam,2.49,0,0,2,A personal guard to the shah of Persia.
rigg,2.49,0,0,1,"A strong, stormy wind (now chiefly in the phrase ""Michaelmas riggs"")."
creationist,2.49,0,0,1,A proponent or supporter of creationism.
masterplan,2.49,0,0,1,Alternative form of master plan.
cron,2.49,0,1,1,"A scheduler or timer that automatically starts a job, program, task."
acca,2.49,0,0,2,An accumulator bet.
repentant,2.49,0,0,1,One who repents; a penitent.
zod,2.49,0,0,1,A loser; a contemptible or uncool person.
yessir,2.48,0,0,1,Term of address to a male; mate; buddy.
cordillera,2.48,0,0,1,"An extensive, continent-wide chain of mountains, especially one in the Americas."
padang,2.48,0,0,1,Malaysian grassland
nettie,2.48,0,0,2,Alternative form of netty: an outhouse; a lavatory; a toilet.
nong,2.48,0,0,1,An idiot.
decoupling,2.48,1,1,3,The act or process by which something is decoupled.
ponting,2.48,0,0,1,the act of posing until nearly frozen in all sorts of uncomfortable positions.
shoppe,2.48,0,0,1,"A fanciful spelling of shop, chiefly used in the names of businesses to give an air of old-fashionedness."
shipboard,2.48,0,0,1,The side of a ship.
bushfire,2.48,0,0,1,An uncontrolled fire in a wooded or grassy area; a wildfire.
cashflow,2.48,0,0,1,Alternative form of cash flow.
doozy,2.48,0,0,1,"Something that is extraordinary: often troublesome, difficult or problematic, but sometimes extraordinary in a positive sense."
celestine,2.48,1,1,2,A heavenly being: an angel or other resident of Heaven.
rincon,2.48,0,0,1,Alternative spelling of rincón.
carman,2.48,0,0,1,"A person who transported goods, usually with a horse and cart."
resize,2.48,0,0,1,An operation that changes the size of something.
witney,2.48,0,0,1,A kind of woollen cloth.
microgravity,2.48,0,1,1,"A state of very low acceleration between two free floating objects, as found in sustained freefall, in orbit, or in interstellar space."
gundy,2.48,0,0,2,A front claw of a crab.
raab,2.48,0,0,2,Alternative form of rabe.
diya,2.48,0,1,2,"A small bowl-shaped oil lamp, usually made from clay, with a cotton wick dipped in ghee or vegetable oil, often used on religious occasions."
gumtree,2.48,0,0,1,Alternative form of gum tree.
pretreatment,2.48,0,0,1,Any treatment received before some other process.
msw,2.48,1,1,1,Initialism of metre sea water.
dene,2.48,0,0,2,"A valley, especially the deep valley of a stream or rivulet."
trev,2.48,0,0,3,A farm assistant or other rural worker; an ordinary country bloke.
treviso,2.48,0,1,1,"A certain mild variety of radicchio, a type of chicory"
backlight,2.48,1,1,5,Light shining from a source behind the object of interest or attention.
isopropyl,2.48,1,1,1,The univalent organic radical (CH₃)₂CH-.
animatronic,2.48,0,0,1,A robot that works by animatronics.
ipos,2.48,0,0,1,The tuber of any one of several edible species of Perideridia spp.
ananda,2.48,0,1,1,The eternal bliss that accompanies the ending of the rebirth cycle.
bartending,2.48,0,1,1,"The craft of mixing drinks, making cocktails, and related skills of tending a bar."
zahir,2.48,0,1,1,The external or apparent meaning of the Qur'an
araki,2.48,0,1,1,A date liquor distilled illegally in Sudan.
heer,2.48,0,0,2,"A yarn measure of six hundred yards, or 1/24 of a spindle."
ayahuasca,2.48,0,1,2,"A giant vine native to South America (especially Banisteriopsis caapi), noted for its psychotropic properties."
victimhood,2.48,0,1,1,The state or perception of being a victim.
gato,2.48,0,0,1,"cat, kitty"
homerun,2.48,0,0,1,Alternative form of home run.
gabba,2.48,1,1,2,Alternative spelling of gabber.
swisher,2.48,0,0,3,One who swishes something.
jeet,2.48,0,0,2,A person of South Asian (especially Indian) ancestry.
leggy,2.48,0,0,1,Alternative form of leggie (“a leg”).
windsurfing,2.48,0,1,1,A marine sport in which one stands on a floating board (typically 2 - 3 meters in length) to which a sail is attached. The board is steered by tilting the sail or banking the board. Some windsurfers u
lata,2.48,0,1,1,Alternative form of latah.
sev,2.48,0,1,1,An Indian snack food consisting of small pieces of crunchy noodles made from chickpea flour paste.
haka,2.48,0,0,1,"A group dance of New Zealand's Māori people featuring rhythmic chanting, vigorous facial and arm movements, and foot stamping. Traditionally a war dance, today it is also performed to welcome guests, "
eze,2.48,0,0,1,A chief of the Igbo people.
killeen,2.48,0,0,1,An ancient Irish burial ground.
stoneman,2.48,0,0,1,A miner who makes excavations in hard strata other than coal.
tew,2.48,0,0,5,Prep work; labour.
kalam,2.48,0,1,1,Speculative theology.
kokoro,2.48,0,0,1,A heart.
soba,2.48,1,1,2,A Japanese buckwheat noodle.
adblock,2.47,0,0,1,Synonym of adblocker.
courtside,2.47,0,0,1,The area that runs alongside the court of play.
vitreous,2.47,0,1,1,The vitreous humor.
heng,2.47,0,0,1,"The character ꜧ, combining an h and an eng, which stands for the hypothetical phoneme in English that includes both [h] and [ŋ] as its allophones."
gambier,2.47,0,1,2,"A flowering plant, of species Uncaria gambir, family Rubiaceae, native to Southeast Asia."
heya,2.47,0,0,1,"the so-called ""stable"" of rikishi who train under the instruction of a particular shisho; the place where this group lives and trains"
huzzah,2.47,0,0,1,"A cheer often associated with sailors, shouted by a group in praise of a thing or event."
tunable,2.47,0,0,1,A setting that can be configured.
triomphe,2.47,0,1,1,A card game dating from the late 15th century.
pradhan,2.47,0,0,1,"An official in parts of India, equivalent to vizier in rank and function."
peet,2.47,0,0,1,"A paw, especially a more humanoid-looking one."
plotline,2.47,0,0,2,The basic plot of a story or group of stories.
yadda,2.47,0,0,1,One of a set of items which do not need to be specified; often used in conjunction with the catch phrase yadda yadda yadda.
yad,2.47,0,0,2,A pointer used in the ritual of Torah-reading.
osh,2.47,0,1,1,A Tajik dish of rice cooked with meat and oil; a kind of pilaf.
cornflakes,2.47,0,0,1,A breakfast cereal made from toasted flakes of maize.
yana,2.47,0,0,1,Any of the vehicles of Buddhist or Tantric practice.
polyvinyl,2.47,0,0,1,Any polymer derived from a vinyl compound.
estadio,2.47,0,0,1,"A traditional Portuguese unit of distance, variously equivalent to about 185.2, 231.5, or 257.2 m depending on the number of leagues per equatorial degree."
gyan,2.47,0,1,1,"Alternative form of jnana, reflecting the Hindi pronunciation /ɡjɑːn/"
bossa,2.47,1,1,1,Clipping of bossa nova.
evaporator,2.47,0,0,2,A piece of equipment used to evaporate the solvent from a solution.
emacs,2.47,0,0,1,Any implementation or reimplementation of Emacs.
loup,2.47,0,0,1,"A mass or ball of iron in a pasty condition, beaten by the trip hammer or rolls."
busking,2.47,0,0,1,Clothing; dress; ornaments worn.
caerphilly,2.47,0,1,1,"A light-colored, crumbly cheese made from cow's milk."
capper,2.47,0,0,6,"A device or person that applies caps, as to bullets or bottles."
ratty,2.47,0,1,1,Synonym of knock down ginger (“prank of knocking on a front door and running away”).
domaine,2.47,0,0,1,"A vineyard or wine estate, especially in France."
chapstick,2.47,1,1,1,Synonym of lip balm.
presidente,2.47,0,0,1,"A Cuban cocktail made from rum, curaçao, dry vermouth, and grenadine that is stirred or shaken with cracked ice."
mui,2.47,0,0,1,Chinese plum
pyruvate,2.47,0,0,1,Any salt or ester of pyruvic acid.
mtdna,2.47,1,1,1,Alternative spelling of mtDNA.
froggy,2.47,0,0,2,A frog.
rollie,2.47,0,0,1,A cigarette rolled by hand.
letty,2.47,0,0,1,Only used in scarper the letty
sharknado,2.47,0,0,1,A tornado containing sharks.
udon,2.47,0,1,1,A Japanese wheat noodle.
biofilm,2.47,1,1,1,"A structured community of microorganisms, such as bacteria, that adhere to a surface and are embedded in a self-produced protective matrix of mucuslike extracellular material."
koda,2.47,0,1,2,Synonym of kodo (“a kind of millet”).
frag,2.47,0,0,2,A fragmentation grenade.
tracklist,2.47,0,0,1,"A tracklisting; a list of tracks appearing on an album, EP, LP etc."
batu,2.47,0,1,1,"The drug methamphetamine hydrochloride, crystal meth."
jy,2.47,0,0,1,The name of the Latin script letter J/j.
topo,2.47,0,0,2,A topographic map.
katara,2.47,0,0,1,"An Indian push dagger with an H-shaped handle, used predominantly ceremonially, and rarely as a weapon."
copter,2.46,0,0,1,A helicopter.
daf,2.46,0,0,2,"A large frame drum, resembling a tambourine, used to accompany popular and classical music in the Middle East."
palmas,2.46,0,1,1,Clapping of the hands.
gos,2.46,0,0,1,Alternative form of goes (“plural of go”).
noni,2.46,1,1,2,The Polynesian fruit tree Morinda citrifolia.
colada,2.46,0,0,1,piña colada
combe,2.46,0,0,2,"A valley, often wooded and often with no river"
psychometric,2.46,0,1,1,An individual capable of psychometry.
pupper,2.46,0,0,1,Synonym of dog or puppy.
preoperative,2.46,0,0,1,A transgender person who has not yet undergone gender reassignment surgery.
ceviche,2.46,1,1,1,"Raw seafood cured by marination in an acidic medium such as citrus, vinegar, or other souring agent, found primarily in Latin America."
morro,2.46,0,0,1,A round hill or point of land.
winky,2.46,0,0,2,"An emoticon or smiley that shows a winking face, such as ;-) or 😉."
episcopalian,2.46,0,0,1,Episcopalian
rupa,2.46,0,1,1,"form, shape, outward appearance."
reframe,2.46,0,0,1,An instance of reframing.
alleluia,2.46,0,0,3,A liturgical form of hallelujah.
masterwork,2.46,0,0,4,A piece done to prove possession of skill sufficient to be ranked a master.
ringwood,2.46,0,0,1,"An Australian tree, Syzygium anisatum."
boomtown,2.46,0,0,1,Alternative form of boom town.
slurping,2.46,1,1,1,A sound or motion that slurps.
skatepark,2.46,0,0,1,A recreational area designed for skateboarders.
exfoliating,2.46,0,1,1,exfoliation
evangelization,2.46,1,1,1,The act of evangelizing; the state of being evangelized.
estado,2.46,0,0,1,"A traditional Spanish unit of length, equivalent to about 1.67 m."
sidearm,2.46,0,0,1,"A personal weapon, either a firearm (handgun type) or a cold weapon (such as a sword), carried on the hip in a belt, sheath, holster, etc., for rapid access."
shand,2.46,0,1,2,Shame; scandal; disgrace.
lorimer,2.46,0,0,1,"A person who makes the bits and other metal parts of a horse's bridle, and other small metal pieces."
softcore,2.46,0,1,1,Pornography that does not contain depictions of explicit sexual penetration.
kolo,2.46,0,0,2,"A national folk dance common in regions pertaining to South Slavic people, performed in a circle."
ksi,2.46,0,0,1,Abbreviation of kilopound per square inch.
kokomo,2.46,0,0,1,Synonym of Blyth's hornbill.
spearman,2.46,0,0,1,One who uses a spear; a soldier or warrior who fights with a spear; a person who hunts with a spear.
fansite,2.46,0,0,1,"A website aimed at fans of something, such as a singer or football team."
alphanumeric,2.46,0,0,1,An alphanumeric character.
timelapse,2.46,0,0,1,Alternative form of time-lapse.
amu,2.46,0,0,1,Abbreviation of atomic mass unit.
telematics,2.46,0,1,2,"The science of sending, receiving and storing information by means of telecommunication devices."
iyengar,2.46,0,1,1,A form of hatha (yoga) that focuses on precision in asana and pranayama
fletch,2.46,0,0,2,"The vane toward the back of an arrow, used to stabilise the arrow during flight."
bih,2.46,0,0,1,A bitch.
trainspotting,2.46,0,1,1,Alternative spelling of train spotting.
trashcan,2.46,0,0,1,Alternative form of trash can.
asperger,2.46,0,0,2,An aspergillum.
autophagy,2.46,1,1,3,"The process of self-digestion by a cell through the action of enzymes originating within the same cell, and often a defensive or self-preservation measure."
triathlete,2.46,0,0,1,An athlete who competes in the triathlon.
gac,2.46,0,1,1,"The Southeast Asian fruit Momordica cochinchinensis, a reddish spiny gourd with high lycopene content."
gault,2.46,1,1,1,"A type of stiff, blue clay, sometimes used for making bricks."
zebrafish,2.46,0,0,3,"A small striped fish of species Danio rerio, originally from India but now common as an aquarium fish and as a subject of genetic experiments."
yuba,2.46,0,1,1,Dried tofu skin; the film that forms on top of a vat of boiling soy milk.
yuko,2.46,0,0,1,The score for a throw that lands the opponent on his or her side.
speight,2.45,0,0,1,A woodpecker.
adorno,2.45,0,0,1,"A clay ornament attached to a piece of pottery, usually at the rim."
gamepad,2.45,0,0,1,A type of game controller held in both hands and controlled with the thumbs.
alcantara,2.45,0,1,1,"A suede-like synthetic textile, composed of polyester and polyurethane."
sesh,2.45,0,0,4,A session.
taha,2.45,0,0,2,"The yellow-crowned bishop, Euplectes afer, especially the southern subspecies taha."
chronos,2.45,0,0,1,"A steady, quantifiable beat or rhythm; measured or objective time."
distro,2.45,1,1,5,"A set of software components, often open source, that have been packaged into a larger product or component for distribution to end-users."
vig,2.45,1,1,3,Synonym of vigorish (“charge taken on bets”).
gameplan,2.45,0,0,1,Alternative form of game plan.
dono,2.45,0,0,1,A donation.
soylent,2.45,0,1,1,"An undesirable, lackluster, and artificial foodstuff, as a substitute for real meat."
shagging,2.45,0,1,1,An act (or acts) of sexual intercourse.
telethon,2.45,0,0,1,A televised fundraising event encouraging viewers to make donations via telephone.
phenyl,2.45,0,0,1,"A univalent hydrocarbon radical, C₆H₅ (benzene minus one hydrogen atom), and the basis of an immense number of aromatic derivatives."
blackfoot,2.45,0,1,1,A tropical American bush of the genus Melampodium.
bapu,2.45,0,0,1,father
intertidal,2.45,0,0,1,An intertidal zone or an organism that inhabits such a zone
wellies,2.45,0,0,1,Wellington boots.
thumper,2.45,1,1,9,One who thumps.
cajon,2.45,0,0,2,"A large valley surrounded by mountains of considerable height (especially in Latin America), through which a river runs."
smarty,2.45,0,0,1,An obnoxiously clever or quick-witted person.
kray,2.45,0,0,1,Alternative form of krai.
fane,2.45,0,0,3,"A weathercock, a weather vane."
rabi,2.45,0,0,2,Spring.
unsub,2.45,0,0,3,Abbreviation of unknown subject of an investigation..
alu,2.45,0,0,1,Alternative form of aloo.
multicellular,2.45,0,0,1,Such an organism
dier,2.45,0,0,1,One who dies.
dop,2.45,0,0,5,A diving bird.
morgenstern,2.45,0,0,1,morning star (spiked weapon)
knockin,2.45,0,0,1,The insertion of a cDNA sequence at a particular locus in an organism's chromosome
wey,2.45,0,0,1,An old English measure of weight containing 224 pounds; equivalent to 2 hundredweight.
diastolic,2.45,0,0,1,Ellipsis of diastolic blood pressure.
deniability,2.45,1,1,2,The condition of being deniable.
deployable,2.45,0,0,1,"Something, such as a software package or a military resource, that may be deployed."
perc,2.45,0,1,4,Clipping of perchloroethylene: a common solvent used in dry-cleaning.
erectus,2.45,0,1,1,Homo erectus.
boykin,2.45,0,0,1,A little boy.
brandywine,2.45,1,1,1,Brandy.
brandis,2.45,0,0,1,A triangular fire stand; trivet.
pata,2.45,0,0,1,An Indian sword with an attached gauntlet.
audiophile,2.45,0,0,1,A person with an interest in high fidelity music and/or sound reproduction and its associated technology.
nowell,2.45,0,0,1,Archaic spelling of noel.
rinpoche,2.45,0,0,1,"A title warranting great respect, prefixed to the names of Tibetan Buddhists."
kidz,2.45,0,0,1,Eye dialect spelling of kids; plural of kid.
cicely,2.45,0,1,2,"Myrrhis odorata, a plant in the genus Myrrhis, in the family Apiaceae."
shunting,2.45,1,1,3,"The connection of an electrical component in parallel with another, the current being divided between them."
beatdown,2.44,1,1,3,A severe beating.
pally,2.44,0,0,3,An affectionate term of address.
bure,2.44,0,0,1,A traditional Fijian cottage with a steep thatched roof and wide windows.
quatre,2.44,0,0,1,"A card, die, or domino with four spots or pips."
dato,2.44,0,0,1,Alternative form of datto.
permaculture,2.44,1,1,2,Any system of sustainable agriculture that renews natural resources and enriches local ecosystems.
dall,2.44,0,0,1,A tile with an incised surface.
chowk,2.44,0,0,3,"An intersection or roundabout, where tracks or roads cross (often used in place names)."
aliphatic,2.44,0,0,2,A compound of this type.
selah,2.44,0,0,1,A pause or rest of a contemplative nature.
cest,2.44,0,0,1,Alternative form of cestus (“woman's girdle”).
microfiber,2.44,1,1,1,Very fine synthetic fiber; cloth made of such fiber.
mangan,2.44,0,0,1,"A win achieving five han, or three/four han with the required number of fu; worth 12,000 points if the winning player is on the East (dealer) side or 8,000 points otherwise."
oud,2.44,1,1,2,"A short-necked and fretless plucked stringed instrument of the lute family, of Arab and Turkish origin."
mukhtar,2.44,0,0,3,"A minor official—usually overseeing a village or town—in many Arab countries and (historical) in the Ottoman Empire and its successor states, including Turkey, Northern Cyprus, and formerly Albania."
shastri,2.44,0,0,1,Someone who teaches the shastras.
combust,2.44,0,0,1,That which undergoes burning.
popo,2.44,0,0,1,Alternative spelling of po-po.
keef,2.44,0,1,1,Alternative spelling of kif.
bool,2.44,0,0,1,A Boolean variable (one whose value is either true or false).
ashfield,2.44,0,0,1,A field that is covered in ash.
syrah,2.44,1,1,2,"A dark-skinned variety of grape, used to produce red wines."
duopoly,2.44,1,1,3,An economic condition in which two sellers exert most control over the market of a commodity.
ladyboy,2.44,0,0,1,"A trans woman or transfeminine person in or from Asia, especially Thailand."
coochie,2.44,0,0,3,"The hootchy-kootchy, a type of erotic dance."
darkside,2.44,1,1,5,"The side of something that is in darkness or unlit, or has less illumination."
refractor,2.44,0,0,2,A refracting telescope.
tuple,2.44,0,0,4,A finite sequence of terms.
ident,2.44,0,0,4,An identification.
koa,2.44,0,0,1,A large tree of species Acacia koa (family Fabaceae) which is endemic to and common on the islands of Hawaii; or the wood of this tree.
implantable,2.44,0,0,1,A device that can be implanted surgically.
rive,2.44,0,0,2,A place torn; a rent; a rift.
superbike,2.44,0,0,1,"A super sport bike with a large engine, usually between 800 and 1200 cc"
suppressive,2.44,0,0,1,Any drug that acts to suppress a condition.
leftwing,2.44,0,0,1,Alternative spelling of left wing.
prefectural,2.44,0,0,1,A tournament in which participants from all over the prefecture compete.
subgenre,2.44,0,0,1,One of several categories within a particular genre.
primavera,2.44,1,1,2,"Any of species Roseodendron donnell-smithii, of Central America."
zookeeper,2.44,0,0,1,A person employed at a zoo to attend to the animals.
gramercy,2.44,1,1,1,Thanks.
knickerbocker,2.44,0,1,2,Of or relating to knickerbockers.
kiva,2.44,0,0,1,A ceremonial underground chamber in a Pueblo village.
pwr,2.43,0,0,1,Alternative form of PWR.
backcourt,2.43,0,0,3,A courtyard behind a housing block or tenement building.
wacker,2.43,0,0,1,"A Liverpudlian; a resident of Liverpool, England."
hairdryer,2.43,0,0,1,"A small electrical appliance for drying hair, by generating a stream of hot air."
ibu,2.43,1,1,1,ibuprofen
goldin,2.43,0,0,1,"The golding, or corn marigold."
ripoff,2.43,0,0,1,Alternative spelling of rip-off.
costar,2.43,0,0,2,A person who shares star billing with another.
bagh,2.43,0,0,1,A type of enclosed garden common in south and south-eastern Asia.
toyo,2.43,0,1,1,soy sauce
catatonic,2.43,0,0,1,A patient in a state of catatonia.
imager,2.43,0,0,2,One who images or forms likenesses; a sculptor.
tren,2.43,0,1,1,Clipping of trenbolone (a steroid used to increase muscle growth).
frontpage,2.43,0,0,1,Alternative spelling of front page.
sudo,2.43,0,1,1,A Unix command that allows a user to run a program with the security privileges of another user.
freemason,2.43,0,0,1,A member of a guild of skilled itinerant masons during the Middle Ages and early modern times.
mentalist,2.43,0,0,2,A practitioner of mentalism.
ayo,2.43,0,1,1,A type of mancala strategy game played by the Yoruba.
oto,2.43,0,0,1,"An otocinclus (freshwater fish, genus Otocinclus)."
udo,2.43,0,1,1,Japanese spikenard
cerevisiae,2.43,0,1,1,"The species Saccharomyces cerevisiae, or brewer's yeast."
rager,2.43,0,0,3,One who rages.
ccf,2.43,0,0,1,Abbreviation of one hundred cubic feet.
spacewalk,2.43,0,0,1,Any activity by an astronaut outside of a spacecraft or space station in space.
politique,2.43,0,0,1,"A politician, especially one seen as being unprincipled."
naf,2.43,0,0,1,Alternative spelling of naff.
bassline,2.43,1,1,2,The relatively low-pitched instrumental part of a piece of popular music.
livre,2.43,0,0,3,"A unit of currency formerly used in France, divided into 20 sols or sous."
bushland,2.43,1,1,1,"An area of land in a natural, uncultivated state; wilderness, open forest."
rafale,2.43,0,0,1,"A short, intense burst of artillery fire from a number of weapons fired with the intention of overwhelming resistance or routing an attacking force."
jarl,2.43,0,0,1,"A medieval Scandinavian nobleman, especially in Norway and Denmark."
stockmarket,2.43,0,0,1,Alternative form of stock market.
kudo,2.43,0,0,1,A compliment or praise.
kou,2.43,0,1,1,A tree of species Cordia subcordata.
birthdate,2.43,0,0,1,"The year, month, and day of someone's birth; a date of birth."
maquis,2.43,0,1,2,Dense Mediterranean coastal scrub.
deadman,2.43,0,0,2,"A long object, often a timber or log, buried to serve as an anchor for a wall or for stays."
gord,2.43,0,0,2,An instrument of gaming; a sort of dice.
pharm,2.43,0,0,1,A site where organisms are produced for the creation of medicine or pharmaceuticals.
leaguer,2.43,0,0,4,A siege.
lbw,2.43,0,0,1,Alternative letter-case form of LBW.
bonk,2.43,1,1,5,A bump on the head.
laryngeal,2.43,0,0,3,An anatomical part (such as a nerve or artery) that supplies or is associated with the larynx.
overwrite,2.43,0,0,1,The operation of destroying older data by recording new data over it.
bandmate,2.43,0,0,1,Someone with whom one shares membership in a band.
deke,2.43,0,0,3,"A feint, fake, or other move made by the player with the puck to deceive a goaltender or defenceman."
bloop,2.43,0,0,4,The sound of a fish blowing air bubbles in water.
propofol,2.43,1,1,1,A sedating and hypnotic agent C₁₂H₁₈O administered intravenously to induce and maintain anesthesia or sedation.
belter,2.43,0,0,7,A maker or worker of belts.
arti,2.43,1,1,1,Alternative form of aarti.
dhamma,2.43,1,1,1,The teachings of Buddha.
munger,2.43,0,0,2,One who mungs.
stache,2.42,0,0,1,A moustache.
survivorship,2.42,0,1,3,The state of being a survivor.
dau,2.42,0,0,1,Abbreviation of daughter or daughter of.
colonia,2.42,0,0,1,"a slum or shantytown near the US-Mexican border, generally without modern infrastructure"
castello,2.42,0,0,1,A municipality of San Marino.
nucleation,2.42,1,1,2,The first stage of a phase transition in a small region.
transgressive,2.42,0,0,2,"A kind of verb expressing a concurrently proceeding or following action, often found in Balto-Slavic languages."
bint,2.42,0,0,1,"A woman, a girl."
fieldhouse,2.42,0,0,1,Alternative form of field house.
presale,2.42,0,0,2,"The sale of something privately, before it is available to the public"
leptin,2.42,1,1,1,A protein hormone produced in adipose tissue; it plays a role in regulating appetite and metabolism.
ferrier,2.42,0,0,1,a ferryman
festa,2.42,0,0,1,"A public holiday or feast day in Italy, Portugal, etc."
multicolor,2.42,0,1,1,A display of many colors.
artic,2.42,0,0,2,Abbreviation of articulated lorry; A semi-trailer truck.
pogue,2.42,0,0,4,A kiss.
iter,2.42,0,0,1,"A passage, especially the passage between the third and fourth ventricles in the brain; the cerebral aqueduct."
scapegoating,2.42,0,0,1,The act of making somebody a scapegoat.
corrector,2.42,0,0,3,One who corrects.
mochi,2.42,1,1,1,A small Japanese rice cake made from glutinous rice.
zoot,2.42,1,1,5,A zoot suit.
arabica,2.42,0,1,3,"A plant of species Coffea arabica, native to Ethiopia, that yields coffee beans."
gau,2.42,0,0,3,A prayer box or small container worn as jewelry and containing an amulet or similar item.
soundwave,2.42,0,0,1,Alternative spelling of sound wave.
samadhi,2.42,1,1,3,A state of transcendent union supposed to be assumed by a holy man or yogi at his death.
technic,2.42,0,0,3,Technique.
outa,2.42,0,0,1,An old black man.
cheong,2.42,0,1,1,Any of various Korean sweet syrups and fruit preserves.
biopharmaceutical,2.42,0,0,1,Any drug produced using biotechnology.
pua,2.42,1,1,2,A type of fried sweet cake made of flour and sugar/jaggery popular in Northern India.
hamada,2.42,0,0,1,"A high, desert landscape from which most of the sand has been removed by wind erosion"
cuda,2.42,0,0,1,A barracuda.
milla,2.42,0,0,1,"Spanish mile, a traditional Spanish unit of distance equivalent to about 1.4 km."
midcentury,2.42,0,0,1,The midpoint or middle portion of a century.
ecchi,2.42,1,1,2,"A genre, especially of anime and manga, featuring playful, tongue-in-cheek usage of sexualized scenes and situations such as double entendre or flirtation, while remaining non-pornographic. Often used"
kamui,2.42,0,0,1,Alternative spelling of kamuy.
booklist,2.42,0,0,2,Any list of books.
lomas,2.42,0,0,1,"Fog oases, areas of fog-watered vegetation in the coastal desert of Peru and northern Chile"
intelligencer,2.42,0,0,1,"A bringer of intelligence (news, information); a spy or informant."
rpt,2.42,0,0,1,Alternative form of rpt..
counterparty,2.42,0,0,1,The other party to a financial transaction.
barangay,2.42,0,0,2,"The smallest local government unit in the Philippines, a subdivision of a city or municipality."
futa,2.42,0,0,1,Clipping of futanari.
asshat,2.42,0,0,1,An obnoxiously ignorant person; a fool.
torching,2.42,1,1,2,An act of arson.
hexadecimal,2.42,1,1,2,"A number system with base sixteen, using the digits 0, 1, 2, 3, 4, 5, 6, 7, 8, 9, A, B, C, D, E and F, most used in computing as a hexadecimal digit can represent four bits, half a standard byte, and "
tard,2.42,0,0,2,A person with mental retardation.
preload,2.41,1,1,2,The end diastolic pressure that stretches the right or left ventricle of the heart to its greatest geometric dimensions under variable physiologic demand.
unchangeable,2.41,0,0,1,Something that cannot be changed.
ballinger,2.41,0,0,1,Alternative spelling of balinger.
begat,2.41,0,0,1,"An element of a lineage, especially of a lineage given in the Bible"
sportscar,2.41,0,0,1,Alternative spelling of sports car.
spurrier,2.41,0,0,1,A maker of spurs.
dicking,2.41,0,0,1,An act of sexual penetration; phallation.
jailbait,2.41,0,1,1,"A sexually mature person below, or appearing to be below, the legal age of consent, who is regarded, usually by an adult, as being sexually attractive and/or seductive."
spangler,2.41,0,0,1,Someone or something that spangles.
orisa,2.41,0,0,1,Alternative spelling of orisha.
scrapbooking,2.41,0,0,1,The process of making a scrapbook.
hissy,2.41,0,0,1,"A tantrum, a fit."
playset,2.41,0,0,2,A themed collection of similar toys designed to work together to enact some action or event.
motorhome,2.41,0,0,1,Alternative spelling of motor home.
eggman,2.41,0,0,1,A man who delivers eggs.
tog,2.41,0,0,6,A cloak.
npm,2.41,0,0,1,Initialism of node package manager.
disruptor,2.41,0,0,1,Alternative spelling of disrupter.
retweeting,2.41,0,0,1,A second or subsequent tweet
sperling,2.41,0,0,2,A European smelt (Osmerus eperlanus).
picayune,2.41,0,0,4,A small coin of the value of six-and-a-quarter cents; a Spanish coin with a value of half a real; a fippenny bit.
argan,2.41,0,0,2,"A tree of species Sideroxylon spinosum (formerly Argania spinosa), of southwestern Morocco, particularly prized for its oil."
hamon,2.41,0,0,1,"A wavy line found on steel products that have been hardened differentially, with soft and hard steel sections, where the tempered steel is separated from the softer parts by the hamon."
yume,2.41,0,0,1,Alternative form of yumeshipper.
axillary,2.41,0,0,1,Alternative form of axillar.
biochem,2.41,0,1,1,Biochemistry (science or industry).
suss,2.41,0,1,3,Alternative form of soss (“miry place”).
colorway,2.41,0,0,1,Any of the schemes of two or more colors in which a design is available.
dro,2.41,0,1,1,Marijuana grown hydroponically.
tradable,2.41,0,0,1,An asset which can be traded.
cutty,2.41,0,0,5,A short spoon.
catawba,2.41,0,0,4,"The catawba grape, a cultivar of North American Vitis labrusca."
venti,2.41,0,0,1,"A cup of coffee larger than grande, usually 20 ounces."
nisi,2.41,0,1,1,decree nisi
ruan,2.41,0,0,1,"A Chinese long-necked fretted round-bodied plucked lute which has, since the mid-20th century, been produced in a family of five sizes (from low to high)."
lanceolate,2.41,0,0,1,Any such artefact.
magister,2.41,0,0,3,"Master; sir: a title used in the Middle Ages, given to a person in authority, or to one having a licence from a university to teach philosophy and the liberal arts."
fwb,2.41,0,0,1,Alternative letter-case form of FWB.
melanogaster,2.41,0,0,1,Any of several fungi of the genus Melanogaster.
cannabinoid,2.41,0,0,1,"Substance that is structurally related to tetrahydrocannabinol (THC), a psychoactive compound present in cannabis, or that bind to cannabinoid receptors."
fajr,2.41,0,1,1,the first of the five daily prayers recited by practicing Muslims.
soundscape,2.41,0,0,2,"An acoustic environment, a virtual/emotional environment created using sound."
wargaming,2.41,0,1,1,The playing of war games.
filmography,2.41,0,0,1,"A selective list of movie titles that share a similar characteristic such as the same genre, the same director, the same actor etc."
overexpression,2.41,1,1,1,The abnormal or artificial expression of a gene in increased quantity
capoeira,2.41,1,1,2,"A martial art developed in Brazil, involving complex acrobatic maneuvers and flowing movements."
illuminator,2.41,0,0,2,Agent noun of illuminate:
aza,2.41,0,1,1,A nitrogen atom substituted for a carbon atom within a ring.
cyclin,2.41,0,0,1,"Any of a group of proteins whose presence in a cell varies through its cycle, and that regulates this cycle by forming a complex with kinase"
elegiac,2.41,0,0,1,A poem composed in the couplet style of classical elegies: a line of dactylic hexameter followed by a line of dactylic pentameter.
lalo,2.41,0,1,1,"baobab leaf powder, used to make soups in Western Africa."
tibial,2.41,0,0,1,A tibial bone.
groomer,2.41,0,0,8,One that grooms; that attends to apperance of a person or animal.
roundtrip,2.41,0,0,1,Alternative form of round trip.
sobel,2.41,0,0,1,A government soldier who joined the rebels during the Sierra Leone civil war.
clift,2.41,0,0,1,A cliff.
skillset,2.41,0,0,1,Alternative form of skill set.
shruti,2.41,0,0,2,The smallest interval of pitch that can be detected or produced.
trainwreck,2.4,0,0,1,Alternative form of train wreck.
markdown,2.4,0,0,1,A reduction in price in order to stimulate sales.
multimillionaire,2.4,0,0,1,"A person whose net worth is multiple million dollars, pounds, euros or some other currency."
coley,2.4,0,0,1,"coalfish, Pollachius virens"
superconductor,2.4,0,0,1,A substance that has no resistance to conducting an electric current
epigenetics,2.4,0,1,2,"The study of the processes involved in the genetic development of an organism, especially the activation and deactivation of genes."
conflate,2.4,0,0,1,"A conflate text, one which conflates multiple version of a text together."
vocaloid,2.4,1,1,4,"An artificial singer (a voicebank, usually with an avatar) based on the Vocaloid engine."
oom,2.4,0,0,1,"An older man, especially an uncle. (Frequently as a respectful form of address.)"
zam,2.4,0,0,1,An examination (formal test).
perma,2.4,0,1,1,Permanent.
perfecto,2.4,0,0,2,"A large, tapered cigar."
conflation,2.4,1,1,2,"A blowing or fusing together, as of many instruments in a concert, or of many fires in a foundry."
heriot,2.4,0,0,3,The return of military equipment.
sqft,2.4,0,0,1,Abbreviation of square feet.
soundstage,2.4,0,0,1,Alternative form of sound stage.
respawn,2.4,0,0,2,The reappearance of an item or enemy; the situation where something is respawned.
nowt,2.4,0,1,5,"Naught, nothing."
chummy,2.4,0,0,5,"Synonym of chum (“friend, pal”)."
amaro,2.4,1,1,1,A type of Italian herbal liqueur.
subnet,2.4,0,0,2,The abstraction of a sequence.
goodfellow,2.4,0,0,1,Alternative form of goodfella.
gacha,2.4,1,1,5,"A small toy sold in a plastic capsule in a vending machine, especially toys sold in or associated with Japan."
cota,2.4,0,1,1,"A perennial herb, Thelesperma megapotamicum (synonym Thelesperma gracile), native to the southwest and western plains of North America and used by the Hopi, Navajo and other American Indians for tea, "
hass,2.4,0,0,1,A kind of prebendal land revenue reserved for high-ranking officials of the Ottoman Empire.
stimulator,2.4,0,0,1,"A person, device or substance that stimulates."
analyte,2.4,0,0,1,Any substance undergoing analysis.
ancona,2.4,0,0,2,"An altarpiece, especially one of multiple connected pictures"
tif,2.4,0,0,1,Abbreviation of TIFF.
haya,2.4,0,0,2,"A beech tree, especially a Mexican beech (Fagus mexicana)."
bigtime,2.4,0,0,1,Alternative form of big time.
pascual,2.4,0,0,1,A plant of this kind.
boogaloo,2.4,1,1,7,"A genre of music that blends rhythm and blues and soul music with Cuban-style rhythms, originating in the United States in the 1960s."
reeder,2.4,0,0,2,One who thatches with reeds.
rezoning,2.4,0,0,1,"the act, process or result of being rezoned"
ingle,2.4,0,0,2,An open fireplace.
boyband,2.4,0,0,1,Alternative spelling of boy band.
afterword,2.4,0,0,3,an epilogue.
sog,2.4,0,0,1,"Soft, marsh-like or bog-like land; a swamp."
peacebuilding,2.4,0,1,2,The creation of peace or the conditions for peace.
pog,2.4,0,0,2,A phrase that positively compliments something; praise.
breakpoint,2.4,0,0,4,A point in a program at which operation may be interrupted during debugging so that the state of the program at that point can be investigated.
arvo,2.4,0,0,1,Afternoon.
saison,2.4,0,0,1,A kind of highly carbonated pale ale.
shapeshifter,2.4,0,0,2,A person or creature capable of changing their appearance or form at will.
vanna,2.4,0,1,1,"A second-order measure of derivative price sensitivity, expressed as the rate of change of vega with respect to changes in the spot price, or equivalently the rate of change of delta with respect to c"
haar,2.4,1,1,2,"Thick, cold, wet fog along the northeastern coast of Northern England and Scotland."
historicity,2.4,0,1,2,Historical quality or authenticity based on fact.
cluttering,2.4,1,1,3,"The act of making, or condition of being, cluttered."
taran,2.4,0,0,2,"A species of roach (Rutilus heckelii), a fish in the Cyprinidae family. It is native to the Black Sea basin: rivers Don, Kuban, Dnieper, Dniester, rarely Danube."
ahi,2.4,0,0,1,yellowfin tuna
mache,2.4,0,0,3,Alternative spelling of mâche.
perron,2.4,0,0,2,"A stone block used as the base of a monument, marker, etc."
spaz,2.4,0,0,4,An incompetent or physically uncoordinated person; a spazmo.
diddle,2.39,1,1,3,"In percussion, two consecutive notes played by the same hand (either RR or LL), similar to the drag, except that by convention diddles are played the same speed as the context in which they are placed"
punto,2.39,0,0,2,A hit or point.
headwear,2.39,0,1,1,"Clothing worn on the head (e.g. hats, helmets, headdresses, headscarves)."
dib,2.39,0,0,2,A dibber (gardening tool).
flexi,2.39,1,1,2,Clipping of flexitime.
gympie,2.39,0,0,1,Alternative form of gympie-gympie.
conjunct,2.39,0,0,3,Either term of a conjunction.
politicization,2.39,0,1,1,The state of being (or process of becoming) politicized
floaty,2.39,0,0,3,"A particle of food, etc., found floating in liquid."
tambo,2.39,0,0,2,A tambourine player in a black minstrel troupe.
liss,2.39,0,1,3,Relief; ease; abatement; cessation; release.
softcover,2.39,0,0,1,A book having such covers.
eep,2.39,1,1,2,A short scream or yelp.
consumerist,2.39,0,0,1,A proponent of consumerism.
dso,2.39,0,0,1,Alternative spelling of dzo.
rollicking,2.39,0,0,1,"A scolding, a bollocking."
duan,2.39,0,0,2,"A division of a poem, especially an epic poem or a Scottish poem; a canto."
mandal,2.39,0,0,1,An administrative division in some countries in South Asia.
maida,2.39,0,1,1,"A finely milled, refined and bleached wheat flour, used in making Indian foods such as samosa, chakli and bhatoora."
smoot,2.39,0,0,2,A unit of length defined as exactly sixty-seven inches (approximately 1.70 meters).
conversant,2.39,0,0,1,One who converses with another.
convenor,2.39,0,0,2,One who assembles people for an official or public purpose.
supermajority,2.39,0,0,1,"A majority of the items being counted that reaches some preset threshold significantly greater than 50 percent, such as two thirds."
breakeven,2.39,1,1,1,Alternative spelling of break-even.
rockwood,2.39,0,1,2,ligniform asbestos
rufous,2.39,1,1,2,Ellipsis of rufous hummingbird.
injunctive,2.39,1,1,2,"A verbal mood in Sanskrit characterized by secondary endings but no augment, and usually resembling an augmentless aorist or imperfect."
foosball,2.39,0,1,1,"table soccer (US), table football (UK)"
basher,2.39,0,0,7,"One who bashes something, figuratively or literally."
ordo,2.39,0,0,4,A musical phrase constructed from one or more statements of one modal pattern and ending in a rest.
gabbard,2.39,0,0,1,Alternative form of gabbart.
hydrocodone,2.39,1,1,1,A habit-forming compound that is derived from codeine and is administered in the form of its bitartrate C₁₈H₂₁NO₃·C₄H₆O₆ usually in combination with other drugs (as acetaminophen) as an analgesic or a
kingsman,2.39,0,0,2,"The lowest enlisted rank in the Duke of Lancaster's Regiment of the British Army, equivalent to private in the rest of the British Army."
mati,2.39,0,0,1,"In Greek culture, a protective symbol resembling an eye, supposed to ward off the evil eye."
fip,2.39,0,0,1,fippenny bit
kak,2.39,0,1,3,"A subdivision of currency, equal to one tenth of a Cambodian riel."
megastar,2.39,0,0,1,A very famous or successful celebrity.
shonda,2.39,0,0,1,Alternative form of shanda.
kaito,2.39,0,0,1,A small motorized ferry or sampan that serves mostly remote islands.
peterman,2.39,0,0,3,A safecracker.
shonen,2.39,0,1,1,A style of Japanese animation and comics aimed at a younger male audience.
marketability,2.39,1,1,1,The likelihood that something will sell; market appeal.
citra,2.39,0,1,1,Alternative form of chitra (“Indian art genre”).
murali,2.39,0,0,1,The matrimony vine (Lycium barbarum).
stam,2.39,0,0,1,Confusion.
manitou,2.39,0,0,1,A god or spirit as the object of religious awe or ritual among some American Indians.
holme,2.39,0,0,1,Alternative form of holm.
checkbox,2.39,0,0,2,A space on a paper form that can be optionally filled with a check mark.
kanna,2.39,0,1,3,"Channa (Mesembryanthemum tortuosum, syn. Sceletium tortuosum), a Southern African succulent with psychoactive properties."
divisiveness,2.39,0,1,1,The characteristic of being divisive.
yuzu,2.39,1,1,1,"A citrus fruit originating in East Asia, Citrus ichangensis x Citrus reticulata var. austera."
nef,2.39,0,0,1,"An extravagant table ornament and container used in the Middle Ages and Renaissance, made in the shape of a ship."
ramada,2.39,0,0,1,"A simple arbour or open porch, typically roofed with branches."
ort,2.39,0,0,2,A fragment; a scrap of leftover food; any remainder; a piece of refuse.
mito,2.39,0,1,1,Mitochondrial disease.
boof,2.39,0,1,3,"A “jump” over hydraulic backwash in a high-gradient mountain river, an action analogous to a skier jumping a cliff."
nishi,2.38,0,0,3,"the left-hand (less prestigious) side of the banzuke (番付, “ranking list”)"
bayan,2.38,0,0,2,A type of chromatic button accordion developed in Russia in the early 20th century.
boombox,2.38,0,0,1,A powerful portable audio system for listening collectively to recorded or broadcast sound.
vell,2.38,0,0,1,"The salted stomach of a calf, used in making rennet"
screentime,2.38,1,1,1,Alternative form of screen time.
stepney,2.38,0,0,1,A spare wheel.
moonrise,2.38,1,1,1,The time of day or night when the moon begins to rise over the horizon.
rosewater,2.38,0,1,1,"A liquid produced by steeping rose petals in water, used as a coloring agent and a flavoring ingredient in certain foods."
roomba,2.38,0,0,1,A robotic vacuum cleaner.
manuka,2.38,1,1,2,"Leptospermum scoparium, a shrub or small tree native to New Zealand and southeast Australia."
tita,2.38,0,0,2,An aunt; auntie.
waypoint,2.38,0,0,1,Any mapped reference point on a route that can be easily identified.
mainstreaming,2.38,0,1,2,The process of bringing something into the mainstream.
ager,2.38,0,0,3,One who or that which ages something.
barstool,2.38,0,0,1,Alternative form of bar stool.
souter,2.38,0,0,1,A shoemaker or cobbler.
bsf,2.38,0,0,1,Abbreviation of best friend.
shinobu,2.38,0,0,1,The rabbit's-foot fern (Davallia)
bobblehead,2.38,0,0,3,A collectible doll with a bobbing head.
frist,2.38,1,1,3,A certain space or period of time; respite.
lig,2.38,0,0,1,A lie; an untruth.
reynard,2.38,0,0,1,A fox.
hornblower,2.38,0,0,1,Someone or something that blows a horn.
metta,2.38,0,1,1,"Lovingkindness or compassion, especially if developed through meditation or mindfulness."
subhuman,2.38,0,0,2,Any sentient creature that is subhuman.
boxset,2.38,0,0,1,Alternative form of box set (“collection of media”).
prashant,2.38,0,0,1,A croissant.
backfiring,2.38,1,1,2,The occurrence of a backfire.
merrin,2.38,0,0,1,"A species of nailtail wallaby, Onychogalea fraenata, of NSW and Qld, with distinctive bridle-like markings."
castell,2.38,0,0,1,A human tower formed in festivals in Catalonia.
kish,2.38,0,1,2,"A basket used in Ireland, mainly for carrying turf."
prabhu,2.38,0,0,1,A lord.
popstar,2.38,0,0,1,Alternative spelling of pop star.
romcom,2.38,0,0,1,Clipping of romantic comedy.
reggaeton,2.38,0,1,1,"A style of Latin American popular music, originally developing from reggae in Panama but now more of a type of hip hop-dance music mainly associated with Puerto Rico."
fundy,2.38,0,0,1,Alternative spelling of fundie.
repurposing,2.38,0,0,1,The act by which something is repurposed.
houser,2.38,0,0,2,"One who, or that which, houses."
unlockable,2.38,0,0,1,An initially hidden feature that is made available to reward the player for some achievement.
upwelling,2.38,0,0,2,An upward movement from a lower source.
dominator,2.38,0,0,2,"One who, or that which, dominates."
cavitation,2.38,1,1,3,The formation of pits on a surface.
umami,2.38,0,1,1,"One of the five basic tastes, the savory taste of foods such as seaweed, cured fish, aged cheeses and meats."
underarm,2.38,0,0,2,The armpit.
mog,2.38,0,0,2,A cat.
rabe,2.38,1,1,2,The budding shoot of a brassica that has bolted.
uploader,2.38,0,0,2,Someone who uploads files.
chal,2.38,0,0,1,A male gypsy.
ging,2.38,0,0,3,A company; troop; a gang.
cheez,2.38,0,1,2,composition
wildland,2.38,1,1,1,"Land that is unfit for, or has not been modified by, cultivation or other human activity; a natural area."
crockpot,2.38,0,0,1,A slow cooker.
whistleblowing,2.38,0,1,1,"The disclosure to the public or to authorities, such as by an employee, of wrongdoing."
zin,2.38,1,1,1,Zinfandel wine.
gutta,2.37,0,0,3,"A drop (of liquid, especially a medication)."
grampa,2.37,0,0,1,grandfather
amrita,2.37,0,1,1,The water of life; the drink of the Hindu gods.
absurdist,2.37,0,0,1,"An advocate of absurdism, in particular a writer of absurd topics."
oliva,2.37,0,0,1,olivary body
subcategory,2.37,0,0,2,With respect to a given category; a narrower category.
fibro,2.37,0,1,2,Fibro-cement; a building material consisting of asbestos fibres and cement pressed into sheets.
lep,2.37,0,0,1,A butterfly or moth.
legroom,2.37,0,1,2,Space to stretch the legs while seated.
bioactive,2.37,0,0,1,Such a material
bindi,2.37,1,1,7,The “holy dot” traditionally worn on the forehead of Hindu women.
sigil,2.37,0,0,3,"A seal, signature or signet."
kade,2.37,0,0,1,"The sheep ked, Melophagus ovinus"
erna,2.37,0,0,1,Alternative form of eRNA.
shota,2.37,1,1,2,"Hentai anime or manga, or other Japanese-inspired erotic art featuring young, usually prepubescent boys."
biko,2.37,0,0,1,"A sweet rice cake from the Philippines, made with coconut milk and brown sugar."
cooldown,2.37,0,0,4,"The rest period between sets or workout sessions, when cooling of body temperature may occur."
colum,2.37,0,0,2,Alternative form of coolung.
eventing,2.37,0,1,3,"An equestrian event which comprises dressage, cross-country, and showjumping; a similar event using motor cars"
birdwatching,2.37,0,1,3,Observing or identifying wild birds in their natural environment.
logon,2.37,0,0,2,credentials: the combination of a user's identification and password used to enter a computer.
swinney,2.37,0,1,1,Archaic form of sweeny.
secretory,2.37,0,0,1,That which secretes.
linea,2.37,0,0,2,"Any long marking, dark or bright, on a planet or moon's surface."
brindle,2.37,0,1,2,A streaky colouration in animals.
lightspeed,2.37,1,1,2,The speed of light (in vacuum unless another medium is specified).
sheva,2.37,0,0,1,Alternative form of shva (“Hebrew vowel sign”).
defo,2.37,0,1,1,defamation
platforming,2.37,0,1,2,The video game activity of jumping from one platform to another.
longboard,2.37,0,0,3,"A large surfboard, around 9 or 10 feet long with a wide nose."
scaremongering,2.37,0,1,1,The actions of scaremongers in spreading frightening or ominous reports or rumours.
habanero,2.37,0,0,1,"An intensely spicy chili pepper, Capsicum chinense."
allegiant,2.37,0,0,1,A person who is loyal to some (specified or implied) thing; one who is allegiant.
jat,2.37,0,0,1,Alternative spelling of yat (“letter or vowel”).
brownback,2.37,0,0,3,"A bird, the dowitcher or red-breasted snipe."
elkhorn,2.37,0,0,2,The horn of an elk.
payphone,2.37,0,0,1,"A public telephone that requires prepayment to operate, generally via the insertion of coins or a credit card."
blam,2.37,0,1,2,"A sudden, explosive sound, such as is made by a gunshot."
benching,2.37,0,0,1,An instance of a person being removed temporarily from an active role in a group or team activity.
yair,2.37,0,0,1,An enclosure for catching salmon as the tide ebbs.
butthead,2.37,0,0,1,An annoying person or someone who is difficult to get along with.
mainstage,2.37,0,0,2,The largest performing space in a venue.
weightloss,2.37,0,1,1,Alternative form of weight loss.
interferometry,2.37,0,1,1,The design and use of optical or radio interferometers.
tice,2.37,0,0,2,A ball bowled to strike the ground about a bat's length in front of the wicket; a yorker.
tib,2.37,0,0,4,A tibia.
nop,2.37,0,0,1,A no-op; a CPU instruction that does nothing.
mura,2.37,0,1,2,Nonuniformity in the luminance of a display device.
mylar,2.37,1,1,1,A polyester film.
traceability,2.37,1,1,1,The ability to trace (identify and measure) all the stages that led to a particular point in a process that consists of a chain of interrelated events
kidderminster,2.37,0,0,1,A type of two-ply carpet.
ankh,2.37,0,0,2,"A cross shaped like a T with a loop at the top, the Egyptian hieroglyph representing the Egyptian triliteral ꜥnḫ (“life”) and often used as an amulet or charm for this concept."
wakey,2.37,0,0,1,The day on which one wakes up and travels home.
appstore,2.37,0,0,1,Alternative form of app store.
pranking,2.37,0,0,2,A showy adornment.
humic,2.37,0,0,1,A derivative of humic acid.
womenswear,2.37,0,1,1,"Women's clothing (and accessories), particularly in a retail context."
overground,2.37,0,0,1,"A commuter rail or similar rail transport system, or a train in such systems, generally running through an urban area largely above ground and faster than an underground or metro with fewer stops."
reconstitution,2.37,1,1,3,The process or result of reconstituting
recheck,2.37,0,0,1,The act of checking again; reverification.
reframing,2.37,1,1,1,Framing anew or again.
fugly,2.37,0,0,1,An extremely ugly person.
cep,2.37,0,0,1,An edible mushroom (Boletus edulis).
donk,2.37,0,1,10,"A sub-genre of Scouse house music containing distinctive percussion sounds, or a sound typical of this genre."
aryl,2.37,0,0,1,Any univalent organic radical derived from an aromatic hydrocarbon by removing a hydrogen atom.
hifi,2.37,0,1,1,Alternative letter-case form of hi-fi.
gentoo,2.37,0,0,1,gentoo penguin
modularity,2.37,1,1,1,The property of being modular.
spellbinding,2.37,0,0,1,A spell or enchantment that restrains or constricts someone's actions or freedom of will.
spiffy,2.37,0,0,1,A dapper person.
abiotic,2.37,0,0,1,Any such material
guk,2.36,0,1,1,A class of soup-like dishes in Korean cuisine.
geoengineering,2.36,0,1,2,"The subfield of engineering concerned with designing and constructing tunnels, mines, and other human-designed geologic structures within and on earth."
hanif,2.36,0,0,1,"Any person, from before the time of Muhammad, who followed a non-pagan monotheistic religion."
amla,2.36,0,0,2,"Phyllanthus emblica, a deciduous tree."
whitelist,2.36,0,0,1,"A list or collection of people or entities that are known, trusted, or explicitly permitted."
retransmission,2.36,1,1,1,"The transmission of something again, especially over a different medium or at a different time."
dasha,2.36,1,1,1,"One of various systems of Hindu astrology based on planetary periods, in which these planetary periods have good or bad effects depending on their placement by sign, house, combinations with other pla"
maslin,2.36,1,1,2,A mixture composed of different materials; especially:
principia,2.36,0,0,1,First principles; elementary material.
impulsivity,2.36,0,1,1,"The quality of being impulsive, impulsiveness; inclination to act on impulse rather than thought."
soler,2.36,0,0,1,One who fits the soles to shoes.
snuggly,2.36,0,0,1,"Anything cosy or cuddly, such as soft clothing, a plush toy, or an animal."
kumari,2.36,0,0,1,A living goddess; a prepubescent girl worshipped as a manifestation of divine female energy.
gds,2.36,0,1,1,Abbreviation of goods.
otome,2.36,0,0,1,Ellipsis of otome game.
normie,2.36,0,0,3,"A normal person; one with commonly held, normative beliefs, neurology, tastes or interests."
quayside,2.36,0,0,1,An area alongside a quay.
rov,2.36,0,0,1,Alternative form of rav.
nightline,2.36,0,0,2,"An overnight telephone counselling service, typically for students."
rng,2.36,0,0,1,"An algebraic structure satisfying the same properties as a ring, except that multiplication need not have an identity element."
interventionism,2.36,1,1,3,The political practice of intervening in a sovereign state's affairs.
tandoori,2.36,0,0,3,A dish that was cooked in a tandoor.
johar,2.36,0,1,1,The Rajput practice whereby women are sacrificed in a fire to avoid their being captured by an enemy.
onsen,2.36,0,0,2,A (Japanese) hot spring.
morena,2.36,0,0,1,"Someone in authority, a master or leader, especially among Sotho-speakers."
zilla,2.36,0,0,1,A subdivision of a province or state
sica,2.36,0,0,1,"A curved dagger used in Ancient Roman times, associated with the Thracian and Illyrians, gladiators, and Sicarii."
wideband,2.36,0,1,1,A communications transmission rate between that of narrowband and broadband.
hackman,2.36,0,0,1,"The driver of a hack (a carriage, cab, or taxi)."
kaj,2.36,0,0,1,A spirit of storm and wind;
binky,2.36,0,0,3,"A stuffed animal, pillow, blanket, or toy that a small child is more attached to than any other, and often sleeps with."
tce,2.36,0,0,1,terrace
ganache,2.36,1,1,3,"A rich sauce, made of chocolate and cream, used also as the filling of truffles, and as a glaze."
janney,2.36,0,0,1,A mummer.
tej,2.36,0,1,1,A type of honey wine or mead from Ethiopia and Eritrea typically served in a specialized glass vessel known as a berele.
screencap,2.36,0,0,1,A screenshot.
tabula,2.36,1,1,7,A plate or frame on which a title or inscription is carved.
padawan,2.36,0,0,2,An apprentice or student Jedi.
sacre,2.36,0,0,1,Alternative form of saker (“type of cannon”).
bussy,2.36,0,0,4,A bus driver.
polyamory,2.36,0,1,1,Any of various practices involving romantic or sexual relationships with multiple partners with the knowledge and consent of all involved.
aeolian,2.36,1,1,1,"A lightweight fabric with a ribbed surface, generally made by combining silk and cotton, or silk and worsted warp and weft."
gora,2.36,0,0,1,A white person; a European.
andor,2.36,0,0,3,"Synonym of dandy or hammock litter, a strong cloth suspended from a pole or set of poles used as an open sedan chair."
fanon,2.36,0,1,5,A vestment reserved only for the Pope for use during a pontifical Mass.
aspartate,2.36,0,0,1,"The conjugate base of aspartic acid, or any salt or ester of it."
houlihan,2.36,0,0,1,A kind of lasso throw.
faw,2.36,0,0,1,A gypsy.
natick,2.36,0,0,1,An intersection of two obscure crossword puzzle clues.
flava,2.36,1,1,1,flavor
capel,2.35,0,1,3,Alternative spelling of caple (horse)
tiebreak,2.35,0,0,1,"A tiebreaker, a game or an extension to a game played to resolve a tied score."
dubbo,2.35,0,0,1,A foolish person.
driller,2.35,0,0,4,One who drills.
barbera,2.35,1,1,1,"An Italian grape variety grown for use in red wine, or a wine made from such grapes."
nonwhite,2.35,0,0,1,A person who is not white.
boohoo,2.35,0,0,1,The sailfish.
roadtrip,2.35,0,0,1,Alternative form of road trip.
kettlebell,2.35,0,0,1,A weight consisting of a cast iron ball with a single handle for gripping the weight during exercise.
quod,2.35,1,1,2,"A quadrangle or court, as of a prison; a prison."
reem,2.35,0,0,1,"A large horned animal in ancient Hebrew literature, variously identified with the wild ox or aurochs (Bos primigenius), the Arabian oryx, or a mythical creature (compare unicorn)."
coulee,2.35,0,0,3,"A stream, especially one in the western US or Canada, generally smaller than a bayou; it may (or may not) run dry in summer, may be sluggish, shallow, and wide (forming in effect a pond or slough), or"
clas,2.35,0,0,1,A Celtic monastery
powerline,2.35,0,0,1,Alternative form of power line.
imperator,2.35,0,0,1,An emperor.
dawa,2.35,0,0,2,"A medicine, particularly a native one or one used by witch doctors."
spiritus,2.35,0,0,3,A breathing.
failsafe,2.35,0,0,1,Alternative form of fail-safe.
downloader,2.35,0,0,2,Someone who downloads files from the Internet.
resveratrol,2.35,1,1,1,"A phenolic substance, 3,5,4'-trihydroxystilbene, a stilbenoid and phytoalexin, that is found in some fruits and nuts, and in red wine, and is reputed to have some beneficial properties for humans."
carryover,2.35,1,1,3,Something whose duration has been extended or that has been transferred to another time.
tumi,2.35,0,0,1,A ceremonial axe used by some Incan and pre-Incan cultures of South America.
turbocharger,2.35,0,0,1,"An inlet air compressor for an internal combustion engine (either Otto or Diesel cycle), powered from the exhaust air."
ribcage,2.35,0,0,1,Alternative spelling of rib cage.
tonka,2.35,0,1,1,"A flavoring or fragrance used in foodstuffs and perfumes, derived from the tonka bean which contains coumarin."
rideau,2.35,0,0,1,"A fortification or barrier such as a small earthen mound or ridge, a file of troops, etc."
ruffin,2.35,0,0,1,A ruffian.
frac,2.35,0,0,5,Frac job.
taskbar,2.35,0,0,1,A bar on a computer desktop used to launch and monitor applications.
rashi,2.35,0,0,1,A zodiac sign.
holodeck,2.35,0,0,1,"A room that provides holographic simulations for recreation, training, etc."
jarrah,2.35,1,1,2,"A eucalypt tree of species Eucalyptus marginata, occurring in the southwest of Western Australia."
tartare,2.35,1,1,2,A foodstuff chopped fine and served raw.
lusk,2.35,0,0,1,A lazy or slothful person.
diz,2.35,0,0,1,"A tool, often a flat circle, with one or more holes for passing wool through to form roving of a specified thickness."
telekinetic,2.35,0,0,1,One who has telekinetic abilities.
kuti,2.35,0,1,1,A traditional Ethiopian tisane made from steeped coffee leaves.
rebbe,2.35,0,0,2,The spiritual leader of a Hasidic Jewish community.
kbps,2.35,0,0,1,Initialism of kilobits per second.
rocher,2.35,0,0,1,A quenelle (in the sense of food moulded into an elliptical shape) made using one spoon rather than two.
ulan,2.35,0,0,1,Alternative form of uhlan.
chacha,2.35,1,1,3,A traditional Georgian clear strong liquor distilled from pomace.
flatline,2.35,0,0,4,An asystole; the absence of heart contractions or brain waves.
fatass,2.35,0,0,1,Alternative form of fat-ass.
tain,2.35,0,1,2,Thin tin plate
coppa,2.35,0,1,1,capicola
licensor,2.35,0,0,1,A party that grants a license to another.
rando,2.35,0,0,4,An arbitrary person with whom one has no shared social connection.
seahawk,2.35,0,0,2,A rapacious gull-like bird of the genus Stercorarius.
cooch,2.35,0,0,2,"The hootchy-kootchy, a type of erotic dance."
linotype,2.35,0,0,2,A form of typesetting machine in which a complete line of characters is set at once.
featurette,2.35,0,0,2,A relatively short feature film.
bibb,2.35,0,0,1,Synonym of bibcock.
cholo,2.35,0,0,1,"A Mexican or Hispanic gang member, or somebody perceived to embody similar characteristics."
pish,2.35,0,0,2,"A sibilant noise (e.g. ""psshh"") made by birders and ornithologists to attract small birds."
fisheye,2.35,1,1,4,An unfriendly or suspicious glance.
helio,2.35,0,0,1,A heliotrope (surveying instrument).
vill,2.35,0,0,2,"The smallest administrative unit of land in feudal England, corresponding to the Anglo-Saxon tithing and the modern parish."
heritability,2.35,1,1,2,The condition of being inheritable
morita,2.35,0,0,1,A reddish-brown variety of chipotle.
aad,2.35,0,0,4,Initialism of active acoustic device; active acoustical device.
greenstone,2.34,1,1,2,"Any of several green-hued minerals used for making various artefacts in early Mesoamerican cultures, e.g. greenschist, chlorastrolite, serpentine, omphacite, or chrysoprase."
crossrail,2.34,0,0,2,A rail that goes across something.
dasher,2.34,0,0,5,A person who dashes; a fast runner.
replicator,2.34,0,0,2,"Something capable of self-replication, like a gene or meme."
goel,2.34,0,0,1,"A person who, as the nearest relative of another, has certain obligations toward them, such as having to free them from slavery, to repurchase their property if sold through poverty, and to avenge the"
gooder,2.34,0,0,1,Something good; a good one; goodie.
acai,2.34,0,0,2,"Any of several South American palms, of the genus Euterpe, having a dark purple drupe."
zar,2.34,0,1,1,"A religious set of beliefs and practices in parts of northern Africa and the Middle East, involving the possession of an individual (usually female) by a type of spirit."
airpower,2.34,1,1,1,Airborne military power; an air force.
dorr,2.34,0,0,2,"A dor, or dorbeetle."
kickball,2.34,1,1,2,"A sport similar to baseball, where a ball similar to a soccer ball, is pitched at a kicker, and is kicked rather than hit."
bomba,2.34,1,1,1,"A form of traditional drumming, and an associated form of dance, from Puerto Rico."
multifunction,2.34,0,0,1,A multivalued function.
fino,2.34,0,0,1,The driest and palest type of traditional sherry.
snakeskin,2.34,1,1,2,The skin of a snake
kajal,2.34,0,1,1,Kohl.
maron,2.34,0,0,1,An alpine guide.
mudstone,2.34,1,1,1,A fine-grained sedimentary rock whose original constituents were clays or muds.
radicalisation,2.34,1,1,1,Non-Oxford British English standard spelling of radicalization.
radioshack,2.34,0,0,1,Alternative form of radio shack.
flam,2.34,1,1,3,A freak or whim; an idle fancy.
northerner,2.34,0,0,1,"A native or inhabitant of the north of a region (or of the world as a whole), such as one of the northern United States, the north of Norway, etc."
rocksteady,2.34,0,1,1,A genre of Jamaican music somewhat slower than ska.
manhunter,2.34,0,0,2,Someone who hunts down a target in a manhunt.
rakhi,2.34,0,0,1,"An ornamental cotton wristband tied by a girl or woman on to the wrist of her brother, or of one who takes on the responsibilities of a brother, particularly during the Raksha Bandhan festival."
posada,2.34,0,0,2,A traditional Mexican Christmas procession.
shor,2.34,0,0,1,A salt lake.
bouldering,2.34,0,1,1,"Climbing, without ropes, on large boulders or boulder-sized objects."
sux,2.34,0,1,1,Suxamethonium.
birther,2.34,0,0,3,One who gives birth.
breastmilk,2.34,1,1,1,Alternative spelling of breast milk.
gata,2.34,0,0,2,A kind of pastry in Armenia and some neighboring countries.
gox,2.34,0,1,1,Alternative form of GOX (“gaseous oxygen”).
vina,2.34,0,0,1,Alternative form of veena.
dookie,2.34,1,1,3,"swimming costume, bathing suit"
jebel,2.34,0,0,1,"A hill, a mountain (especially in the Middle East or North Africa)."
playgroup,2.34,0,0,3,A group of children who meet together for supervised play.
rann,2.34,0,0,1,A stanza of Irish poetry.
jenkin,2.34,0,0,1,A narrow excavation driven through a pillar of coal.
exploitable,2.34,0,0,1,A person or thing that can be exploited.
sintering,2.34,1,1,1,A process in which the particles of a powder are welded together by pressure and heating to a temperature below its melting point.
volunteerism,2.34,1,1,2,Reliance on volunteers to perform a social or educational function.
guna,2.34,1,1,2,"A lengthening of the simple vowels a, i, u, by prefixing an a element."
woon,2.34,0,0,1,A Burmese governor or officer of administration.
heald,2.34,0,0,2,Alternative form of hield.
cfu,2.34,0,0,1,Alternative form of CFU.
eam,2.34,0,0,1,Uncle.
eastland,2.34,0,0,1,The eastern part of a geographic area; a land lying to the east.
yerba,2.34,0,1,1,"Ilex paraguariensis, a species of holly native to southern South America; or the dried leaves and twigs of this plant, used to make the caffeine-rich beverage maté."
sado,2.34,0,1,1,Alternative form of chado (“Japanese tea ceremony”).
intergroup,2.34,0,0,1,"A group of members of the European Parliament of no particular party or committee, to facilitate the exchange of views."
ameen,2.34,0,0,1,"Any of various native Indian officials employed by the civil courts, for example to investigate accounts connected with a suit, to prosecute local enquiries of any kind bearing on a suit, to sell or t"
storer,2.34,0,0,2,One who lays up or forms a store.
biosecurity,2.34,0,1,2,The protection of plants and animals against harm from disease or from human exploitation.
bipartisanship,2.34,1,1,1,"In the context of a two-party system, especially in the United States, cooperation between the competing political parties; governing in a bipartisan manner."
journo,2.34,0,0,1,A journalist.
syllabic,2.34,0,0,1,A syllabic sound.
benzoyl,2.34,0,0,1,"A univalent radical formally derived from benzoic acid, C₆H₅CO-, by removal of the hydroxyl group."
braindead,2.34,0,0,1,Alternative form of brain-dead.
entendre,2.34,0,0,1,"A meaning, especially one that is implied rather than explicitly stated."
birthstone,2.34,0,0,2,Any of twelve gemstones traditionally associated with the month of one's birth.
unbeliever,2.34,0,0,1,"One who does not believe, particularly in a deity (used by believers to describe people who do not believe in the same deity or deities as themselves)."
magmatic,2.34,0,0,1,A rock formed from magma
seif,2.34,0,0,1,A sand dune that elongates parallel to the prevailing wind.
dopaminergic,2.33,0,0,1,Any substance that affects the production of dopamine or is a dopamine receptor agonist.
motu,2.33,0,1,2,"A reef islet formed by broken coral and sand, surrounding an atoll."
autotune,2.33,0,1,1,Alternative form of auto-tune.
tilak,2.33,0,0,1,"A mark or symbol worn on the forehead by Hindus, ornamentally or as an indication of status."
soong,2.33,0,1,1,"In American Chinese cuisine, minced meat or vegetables."
institutionalization,2.33,1,1,3,The process of establishing a practice as a norm.
miya,2.33,0,0,1,A Japanese shrine.
seaview,2.33,0,0,1,Alternative form of sea-view.
modulo,2.33,0,1,1,The operation or function that returns the remainder of one number divided by another.
rais,2.33,0,0,1,Alternative form of reis (“holder of military rank”).
mockumentary,2.33,0,0,1,A film or television programme presented as if it were a documentary but that is not factual and often a parody or satire.
pyroclastic,2.33,0,0,1,A rock mostly composed of rock fragments of volcanic origin.
kabaddi,2.33,0,1,1,A South Asian team sport in which players must hold their breath while making raids into the opposing team's half of the field.
suman,2.33,0,1,1,"Rice cake from the Philippines made from glutinous rice cooked in coconut milk, usually eaten sprinkled with sugar or laden with latik."
infante,2.33,0,0,1,"Any son of the king of Spain or Portugal, sometimes except the eldest or heir apparent."
nuc,2.33,0,0,1,A nucleus colony; a small bee colony created from a larger colony.
cutscene,2.33,0,0,1,Alternative spelling of cut scene.
riverwalk,2.33,0,0,1,"A pedestrian street or pathway alongside a river, providing a space for outdoor activity."
capsize,2.33,0,0,1,"The act of, or occurrence of capsizing or overturning."
debonair,2.33,0,0,1,Debonaire behaviour; graciousness.
medio,2.33,0,0,2,"A traditional Spanish unit of dry measure, equivalent to about 2.3 L."
bougie,2.33,0,0,4,"A tapered cylindrical instrument for introducing an object into a tubular anatomical structure, or to dilate such a structure, as with an esophageal bougie."
mell,2.33,0,1,6,Discourse; conversation.
voxel,2.33,0,0,1,"The three-dimensional analogue of a pixel; a volume element representing some numerical quantity, such as the colour, of a point in three-dimensional space, used in the visualisation and analysis of t"
downlink,2.33,0,0,2,The transmission of a signal from a satellite to a receiving station on earth; or the means of this transmission.
gomer,2.33,0,0,9,Alternative form of omer: a former Hebrew unit of dry volume equal to about 2.3 L or 2.1 quarts.
katakana,2.33,1,1,2,"A Japanese syllabary used when writing words borrowed from foreign languages other than Chinese, specific names of plants and animals and other jargon, onomatopoeia, or to emphasize a word or phrase. "
gena,2.33,0,0,3,The cheek; the feathered side of the under mandible of a bird.
dosh,2.33,0,1,1,Money.
chola,2.33,0,0,1,"A female cholo (Mexican or Hispanic gang member, or somebody with similar characteristics)."
mosher,2.33,0,0,2,One who moshes.
determinate,2.33,0,0,1,A single state of a particular determinable attribute.
aqa,2.33,0,0,1,Alternative spelling of agha.
preamp,2.33,0,0,1,Alternative spelling of pre-amp.
soundbite,2.33,0,0,1,Alternative spelling of sound bite.
ock,2.33,0,0,1,"A man of Middle Eastern descent that runs a deli or bodega, typically in New York."
cassation,2.33,1,1,2,The abrogation of a law by a higher authority; annulment.
terraforming,2.33,0,1,1,"The hypothetical process of deliberately modifying the atmosphere, temperature, surface topography or ecology of a planet, moon, etc. to make it similar to those of Earth and thus suitable for human l"
cess,2.33,0,0,6,"An assessed tax, duty, or levy; billeting."
salo,2.33,0,1,1,"a type of fatback, or non-rendered underskin pig fat consumed in Central and Eastern Europe, usually seasoned"
exchangeable,2.33,0,0,1,Any financial instrument with an associated right to be exchanged for another form of financial security.
kuna,2.33,0,0,1,"The former (until 2023) currency of Croatia, divided into 100 lipa."
conus,2.33,0,0,1,A cone.
securitization,2.33,1,1,2,"The fact or process of securitizing assets; the conversion of loans into securities, usually in order to sell them on to other investors."
objectifying,2.33,1,1,1,Objectification.
khutor,2.33,0,0,1,A single-homestead rural settlement of Eastern Europe.
seva,2.33,0,1,1,Selfless service that is performed without any expectation of reward for performing it.
brack,2.33,1,1,4,Salty or brackish water.
gid,2.33,0,1,1,"A disease caused by coenurosis of the brain, most commonly found in sheep and canids."
unemployable,2.33,0,0,1,A person who is not suited to employment.
brookside,2.33,0,0,1,The side of a brook.
brokenness,2.33,0,1,1,The characteristic of being broken.
loris,2.33,0,0,1,"Any of several small, slow-moving primates, of the subfamily Lorisinae, found in India and southeast Asia."
karn,2.33,0,0,1,A pile of rocks.
skelly,2.33,0,1,3,A squint.
esperance,2.33,0,0,1,"Expectation, hope."
tcf,2.33,0,0,2,thousand cubic feet
lowrie,2.33,0,0,1,A fox.
wark,2.33,0,0,3,Pain; ache.
averill,2.33,0,0,1,Alternative spelling of arval.
coeliac,2.33,0,0,1,Someone who has coeliac disease.
politicking,2.33,0,0,1,"The act of engaging in politics, or in political campaigning."
luft,2.33,0,0,1,A piece moved in front of a king to prevent a back-rank mate.
harmer,2.33,0,0,1,One who harms.
heptathlon,2.33,0,0,1,"An athletic contest comprising seven events; contested mostly by women, for whom this is an Olympic sport."
vada,2.33,0,0,1,A type of savoury doughnut eaten as a snack in south Asia.
cropland,2.32,1,1,1,arable land
yuka,2.32,0,1,2,"A secular Afro-Cuban musical tradition with drumming, singing and dancing, developed by Kongo slaves in colonial times."
goyal,2.32,0,0,1,Alternative form of goyle.
grizz,2.32,0,0,1,A grizzly bear.
hangul,2.32,0,1,2,The phonetic alphabet used to write the Korean language.
washi,2.32,0,1,1,A tough paper used in traditional Japanese art forms.
iwan,2.32,0,0,1,"A large, vaulted chamber with a monumental arched opening on one side."
ecclesia,2.32,0,0,3,The public legislative assembly of the Athenians.
saic,2.32,0,0,1,"A kind of ketch heavily used in the Black Sea, Tisa, Danube and Sava"
nayak,2.32,0,0,1,Alternative form of naik.
commodification,2.32,1,1,2,The assignment of a commercial value to something previously without such value.
lage,2.32,0,1,1,Water; any weak alcoholic beverage.
chana,2.32,0,1,2,A dish principally made from chickpeas or chickpea paste.
unsolvable,2.32,0,0,1,A problem that cannot be solved.
loong,2.32,0,0,1,A Chinese dragon.
wireline,2.32,0,0,2,A wire that runs from a drill rig down into the drill hole to support a dead load or other downhole tool.
vineland,2.32,0,0,1,land where vines are grown
telos,2.32,0,0,1,"The aim, purpose, or end goal."
storytime,2.32,0,0,1,The time at which a story is told.
favorability,2.32,0,1,2,The quality or degree of being viewed favorably
isothermal,2.32,0,0,1,An isotherm
rebounder,2.32,0,0,3,One who rebounds.
cingulate,2.32,0,0,1,"Any mammal of the order Cingulata, an armadillo."
soju,2.32,0,1,1,"A Korean distilled alcoholic beverage, similar to shochu."
wildman,2.32,0,0,1,Alternative form of wild man.
snowpack,2.32,1,1,1,"An accumulation of packed snow, usually the seasonal amount."
erk,2.32,0,0,1,A member of the groundcrew in the RAF.
wicketkeeper,2.32,0,0,1,"A player who stands behind the batsman’s wicket ready to catch the ball, or to stump the batsman."
counterfactual,2.32,0,0,3,"A claim, hypothesis, or other belief that is contrary to the facts."
psf,2.32,0,0,1,Initialism of pound per square foot.
bardo,2.32,0,0,1,The state of existence between death and subsequent reincarnation.
minigame,2.32,0,0,1,"A small and simple game, especially an incidental game within a larger video game."
bhangra,2.32,1,1,5,A lively style of music originating from India.
capex,2.32,0,1,1,Alternative form of CAPEX.
showground,2.32,0,0,1,An outdoor arena or area where entertainment events and shows are held.
olivet,2.32,0,0,1,An imitation pearl manufactured for trade with native peoples.
alanna,2.32,0,0,1,child
dosa,2.32,0,0,1,"A type of thin south Indian pancake made from fermented lentils and rice blended with water, typically served with chutney or sambar."
carfax,2.32,0,0,2,A junction of four roads.
kitsune,2.32,0,0,1,"A Japanese fox spirit, often but not exclusively female, said to have powers such as shape-shifting, and whose power is symbolized by increase in number of tails."
octa,2.32,0,0,1,"The proportion of the sky that is obscured by clouds, in eighths (one octa means that one eighth of the sky is obscured, two octas that one quarter is obscured, and so on)."
acapella,2.32,0,0,1,Misspelling of a cappella.
rego,2.32,1,1,3,Registration for a motor vehicle.
grav,2.32,0,0,3,A unit of force or acceleration equal to the standard acceleration of free fall.
concessional,2.32,0,0,2,A resident of a nursing home who has limited means and whose accommodation is consequently partly paid for by the government.
stackable,2.32,0,0,1,A network switch that can be set up to operate with other network switches.
stalag,2.32,1,1,2,"A German prisoner-of-war camp, especially in World War II."
komi,2.32,0,1,1,Bonus points given to the white player to compensate for the fact that black plays first.
fubar,2.32,0,0,1,Alternative form of foobar.
deadweight,2.32,0,0,1,Alternative form of dead weight.
attunement,2.32,1,1,2,The quality of being in tune with something
rede,2.32,0,1,2,"Help, advice, counsel."
travertine,2.32,1,1,1,"A light, porous form of concretionary limestone (or calcite) deposited from solution, and sometimes quarried for building."
tramadol,2.32,0,1,1,A synthetic opioid analgesic administered orally in the form of its hydrochloride C₁₆H₂₅NO₂·HCl to treat moderate to severe pain.
dinger,2.32,0,0,10,A bell or chime.
dux,2.32,0,0,3,"The top (male or female) academic student in a school, or in a year of school; the top student in a specified academic discipline."
mancha,2.32,0,1,1,A high-quality grade of Spanish saffron.
parm,2.32,1,1,2,A dish served in the parmigiana style (combined with cheese and coated with tomato sauce before baking).
bolter,2.32,0,0,12,"A person or thing that bolts, or runs suddenly."
caffe,2.32,0,0,1,Alternative spelling of caffè (“Italian café”).
sequitur,2.32,0,0,1,A logical conclusion or consequence of facts.
birt,2.32,0,0,1,A fish of the turbot kind; the brill.
biro,2.32,1,1,3,A Biro brand ballpoint pen.
hatta,2.32,0,0,1,Alternative spelling of hattah.
bygones,2.32,0,0,1,Things that happened in the past.
orienteering,2.32,0,1,1,The act of racing across unfamiliar place using a map and compass.
roading,2.32,0,1,2,The construction of roads.
peacemaking,2.32,1,1,1,The act of reconciling two people or groups who disagree.
pinup,2.32,0,0,1,Alternative form of pin-up.
bega,2.31,0,0,1,Alternative form of bigha (“unit of area”).
brachial,2.31,0,0,1,Denoting the upper valve of a brachiopod's shell
bioenergy,2.31,1,1,2,Energy produced from a biological resource such as biomass as biofuel.
fayre,2.31,0,0,2,"A fair, a market."
adjoint,2.31,0,0,7,The transpose of the cofactor matrix of a given square matrix.
grayscale,2.31,1,1,2,A printed strip of graduated tones used to check exposure and development times.
replant,2.31,0,0,1,The act of planting again.
ironstone,2.31,1,1,2,Any ore of iron which is impure through the admixture of silica or clay.
cellmate,2.31,0,0,1,A person with whom one shares a prison cell.
whinge,2.31,0,0,2,A cry.
workup,2.31,1,1,6,A general medical examination to assess a person's health and fitness.
imani,2.31,0,1,1,faith (in the context of African-American culture)
yojana,2.31,0,0,1,"A Vedic unit of distance used in ancient India, believed to be approximately 6 to 15 kilometers (4 to 9 miles)."
knowhow,2.31,1,1,1,Alternative spelling of know-how.
highrise,2.31,0,0,1,Alternative spelling of high-rise.
replanting,2.31,1,1,1,The planting of new plants to replace those that have been harvested.
octo,2.31,0,0,1,An octopus (safety device).
onc,2.31,0,1,1,Oncology.
sqm,2.31,0,0,1,Abbreviation of square metre.
libero,2.31,0,0,2,"A central defender to whom no forward is assigned for marking, forming the last line of defence and often initiating the offensive play."
riad,2.31,0,0,1,A traditional Moroccan house or palace with an interior garden.
carbo,2.31,0,0,1,carbohydrate
fuckface,2.31,0,0,1,An ugly or otherwise undesirable or annoying person.
fusarium,2.31,0,0,1,"Any of various fungi, of the genus Fusarium, some of which are pathogenic to plants and animals."
aal,2.31,0,0,2,"The Indian mulberry or noni (Morinda citrifolia, Morinda tinctoria), a shrub found in Southeast Asia, the East Indies and the Pacific islands as far as French Polynesia."
leman,2.31,0,0,2,"One beloved; a lover, a sweetheart of either sex (especially a secret lover; a gallant or mistress)."
shoah,2.31,0,0,1,A mass murder.
fid,2.31,0,0,6,"A pointed tool without any sharp edges, used in weaving or knotwork to tighten and form up weaves or complex knots; used in sailing ships to open the strands of a rope before splicing."
naam,2.31,0,1,2,The taking of property for the purpose of compensation.
quatro,2.31,0,0,2,Alternative form of cuatro.
supermax,2.31,0,0,1,A prison with the highest possible level of security.
meathead,2.31,0,0,3,"An ungainly, dull, or stupid person; someone who is lazy, disrespectful, and/or whose beliefs and philosophies clash with those of another."
stf,2.31,0,1,1,Abbreviation of scientifiction.
underemployment,2.31,0,1,1,The condition of being underemployed.
mitty,2.31,0,0,1,The storm petrel.
sawa,2.31,0,1,1,Synonym of Japanese millet (“Echinochloa esculenta”)
nek,2.31,0,0,1,A col (a dip on a mountain ridge between two peaks).
celt,2.31,0,0,1,A prehistoric chisel-bladed tool.
doody,2.31,0,1,2,"Excrement, poop."
chabot,2.31,0,0,1,"A kind of fish, mainly found on the coat of arms of the Chabot family (""or, three chabots gules"")."
labrum,2.31,0,0,3,"The uppermost of the mouthparts (trophi) of a typical insect, such as a cockroach. Typically resembles an upper lip and forms part of the roof of the mouth in such insects."
kut,2.31,0,0,1,A traditional Korean shamanic ritual.
papillomavirus,2.31,0,0,2,Any of various viruses that cause warts.
upskirt,2.31,0,0,2,An image of this kind.
haku,2.31,0,0,2,"A three-ply braid incorporating additional materials, used in making lei."
paneer,2.31,1,1,1,"A soft, non-matured, Indian cheese."
luma,2.31,0,1,2,"A currency unit of Armenia, worth one hundredth of an Armenian dram."
eme,2.31,0,0,2,An uncle.
crossdressing,2.31,0,1,1,Alternative spelling of cross-dressing.
bukkake,2.31,0,1,2,"A method of pouring broth over cold noodles, commonly udon."
bromo,2.31,0,0,1,A dose of a proprietary sedative containing bromide (a bromo-seltzer).
electrodynamics,2.31,0,1,1,"The phenomena associated with moving electric charges, and their interaction with electric and magnetic fields; the study of these phenomena."
sapa,2.31,0,1,1,"A reduction of must in Ancient Roman cuisine, made by boiling down grape juice or must in large kettles until reduced to a third of the original volume."
slava,2.31,0,0,1,"The custom of honoring a family patron saint, celebrated chiefly by the Serbs, but also by some Macedonians, Montenegrins, Bulgarians and Gorani."
unga,2.31,0,0,1,"Sarotherodon linnellii, a cichlid endemic to Lake Barombi Mbo in western Cameroon."
scoresheet,2.31,0,0,2,A sheet of paper (or similar) on which score is kept.
samarra,2.31,0,0,1,Alternative form of simar.
garcon,2.31,0,0,1,Alternative spelling of garçon.
nonbinary,2.31,0,0,1,Alternative form of non-binary.
infective,2.31,0,0,1,A person who is capable of spreading a disease by infecting others.
masc,2.31,0,0,1,A person whose gender (identity) is masculine (but who is not necessarily a man).
plaintext,2.31,0,0,1,Alternative spelling of plain text.
organometallic,2.31,0,0,1,Any organometallic compound.
proliferative,2.31,0,0,1,Such a cell
epipen,2.31,0,0,1,"An epinephrine/adrenaline autoinjector. A device designed to ease the symptoms of anaphylaxis/anaphylactic shock, so as to save the life of the victim of the extreme allergic reaction, by injecting a "
birdlife,2.31,0,1,1,Birds collectively; avifauna.
joanie,2.31,0,0,1,A small ornament of glass or china.
parter,2.31,0,0,3,A work in a specified number of parts.
banca,2.31,0,0,1,A canoe; an outrigger canoe or dugout.
reconnection,2.31,0,0,1,A connection of things that have been previously severed.
mouthy,2.31,0,0,1,Alternative spelling of mouthie (“the mouth”).
sentai,2.31,0,0,1,"A Japanese military unit; a squadron, task force, group or wing."
shimada,2.31,0,0,1,"A traditional type of formal hairstyle for unmarried women in Japan, whereby the hair is gathered together and fastened to the top of the head."
evidential,2.31,0,0,1,"A syntactic element (affix, clitic, or particle) that indicates evidentiality."
buzzkill,2.31,0,0,2,Something that or someone who spoils an otherwise enjoyable event.
mox,2.31,1,1,2,"Energy, vigor, courage, pluck."
prenuptial,2.31,0,0,1,Synonym of prenuptial agreement.
concentrator,2.31,0,0,4,One who concentrates.
waitlist,2.31,0,0,1,A waiting list.
redrawing,2.31,0,0,1,A second or subsequent drawing
ose,2.31,0,0,1,An esker.
barrowman,2.3,0,0,2,"A putter: one who puts the tubs of coal from the workings to the cranes, flats, or stations, so that they can be conveyed to the surface."
cgm,2.3,0,0,1,Abbreviation of centigram.
centrale,2.3,0,0,1,"The central, or one of the central, bones of the carpus or tarsus in most vertebrates. In the human tarsus it is represented by the navicular."
subdural,2.3,0,0,1,Ellipsis of subdural hematoma.
layin,2.3,0,0,1,Alternative form of lay-in.
fava,2.3,0,0,1,A fava bean; a bean (seed or seed pod) of plants of species Vicia faba or the plant itself.
stumpy,2.3,1,1,2,An amputee who has lost a leg.
playwriting,2.3,0,1,1,The writing of plays.
simp,2.3,0,0,5,A simple person lacking common sense; a fool or simpleton.
homesteading,2.3,0,1,2,"The act of appropriation of an unowned, scarce means, thereby gaining ownership of it; initial possession."
changeup,2.3,0,0,1,Alternative form of change-up.
sammie,2.3,0,0,1,A sandwich.
defunding,2.3,0,0,1,An instance of something being defunded; withdrawal of funds.
gravesite,2.3,0,0,2,The location of a grave.
gratin,2.3,0,0,1,"The top crust of a dish, consisting of breadcrumbs or grated cheese heated under a grill; the dish itself."
usin,2.3,0,0,1,Alternative form of ussun (“someone on the same side of the Northern Irish sectarian divide (from the speaker's perspective)”).
montane,2.3,0,0,1,An animal or a plant of a montane habitat.
renderer,2.3,0,0,3,"One who, or that which, renders."
saco,2.3,0,0,1,"A traditional Spanish unit of dry measure, equivalent to about 111 L."
parfum,2.3,0,1,2,Fragrance; perfume.
brutalist,2.3,0,0,1,Someone that follows brutalism.
gummi,2.3,1,1,3,"A sugary, gelatinous material used to make candies."
slumdog,2.3,0,0,1,A person who lives in the slums of cities.
shawarma,2.3,0,1,1,"A Middle Eastern sandwich-like wrap of shaved lamb, goat, chicken, turkey, beef, or a mixture of these."
shapeshifting,2.3,1,1,1,A change in shape; a transformation.
kati,2.3,0,0,1,"A weight equivalent to about 1.5 pounds, adopted as a standard by British companies."
provolone,2.3,0,1,1,A semi-hard cheese made of whole milk from cows. It comes primarily from Southern Italy.
bilayer,2.3,0,0,1,Any structure consisting of two layers of molecules
superwoman,2.3,0,0,2,A woman who looks after a home and children as well as being employed in a full-time job.
supa,2.3,0,0,1,A superchat.
eruptive,2.3,0,0,1,"An eruptive rock, one produced by eruption."
tota,2.3,0,0,1,"A kind of monkey, the grivet or waag."
dobie,2.3,0,0,1,Alternative form of dhobi (“laundryman or washerman”).
rater,2.3,0,0,2,One who provides a rating or assessment.
chappie,2.3,0,0,1,Alternative spelling of chappy.
yaar,2.3,0,0,2,"A friend, pal, or buddy."
fash,2.3,0,0,3,A worry; trouble; bother.
khatib,2.3,0,0,1,A person who delivers the khutbah.
cablevision,2.3,0,1,1,cable television
dystonia,2.3,1,1,1,"A disabling neurological disorder in which prolonged and repetitive contractions of muscles cause jerking, twisting movements and abnormal postures of the body."
howto,2.3,0,0,1,Alternative form of how-to.
thurrock,2.3,0,0,1,"The hold of a ship; also, the bilge."
roshi,2.3,0,0,1,An elderly and revered Buddhist monk.
widener,2.3,0,0,1,Any device used to widen something; especially a drill designed to produce a hole greater than its own diameter.
fightback,2.3,0,0,1,A campaign of resistance; a counterattack.
fairplay,2.3,0,1,1,Alternative form of fair play.
reductionist,2.3,0,0,1,An advocate of reductionism.
bahar,2.3,0,0,1,"A weight used in the 18th and 19th century in the Middle East and the East Indies, of no single standard but rather of varying sizes sometimes termed little bahars and great bahars."
preselection,2.3,1,1,4,"The process by which a candidate for public office is selected, usually by a political party"
binning,2.3,1,1,5,"A data pre-processing technique in which original data values fall into a small interval (""bin"") and are replaced by a value representative of that interval, often the central value."
rehydration,2.3,0,1,1,The replenishment of water and electrolytes lost through dehydration.
noy,2.3,0,0,1,Annoyance.
prana,2.3,1,1,1,"Respiration, breathing, seen as a life principle or life force."
castellano,2.3,0,0,2,"A traditional Spanish unit of mass, equivalent to about 4.8 g."
orde,2.3,0,0,1,Alternative form of ord.
vampiric,2.3,0,0,1,A vampire or vampire-like creature.
vari,2.3,0,0,1,The ring-tailed lemur.
downstate,2.3,0,0,2,"The southern region of certain US states, particularly Michigan, New York, and Illinois."
daud,2.3,0,0,2,"A blow, a heavy thump."
craic,2.29,0,1,1,"Often preceded by the: amusement, fun, especially through enjoyable company; also, pleasant conversation."
gree,2.29,1,1,5,One of a flight of steps.
acha,2.29,0,1,1,"fonio, esp. Digitaria exilis (white fonio) (a cereal cultivated in western Africa)"
ohana,2.29,0,0,1,An extended Hawaiian family unit.
puna,2.29,0,0,1,"An alpine biological community in the central portion of the Andes in which short, coarse grass supports a Native American population."
memoria,2.29,0,1,1,One of the five canons of classical rhetoric: the discipline of memory and recall.
frosh,2.29,0,0,3,A frog.
cowie,2.29,0,0,2,"A pill, especially of the drug ecstasy."
practicum,2.29,0,0,2,A college course designed to give a student supervised practical knowledge of a subject previously studied theoretically.
troon,2.29,0,0,1,"A transgender person, especially a trans woman."
akuma,2.29,0,0,1,A Japanese demon.
matin,2.29,0,0,1,morning
dropship,2.29,0,0,1,"A flying transport that drops troops or equipment onto a planet, etc."
bachata,2.29,1,1,2,A genre of music originating in the Dominican Republic.
cabeza,2.29,0,1,1,"Beef cheek or similar meat, especially in Mexican cooking"
samaj,2.29,0,0,1,"A society, community or congregation, especially of the Brahmo Samaj."
basti,2.29,0,0,1,A slum.
iwa,2.29,0,0,1,A great frigatebird (Fregata minor).
ronde,2.29,0,1,1,"A kind of script in which the tails of the letters are curly, giving the characters a rounded look."
hawn,2.29,0,0,1,A haven or harbour.
bathwater,2.29,0,1,1,The water used in a bath (bathtub).
nutritive,2.29,0,0,1,A nutrient.
dwt,2.29,0,1,1,Abbreviation of deadweight ton.
iru,2.29,0,1,1,A West African condiment made from fermented locust beans.
fretboard,2.29,0,0,1,"A fret or plate put over the neck of musical instruments or its fingerboard, to create a different sound of notes."
ubiquitin,2.29,0,0,1,"Any of a class of small protein, or polypeptide, present in the cells of all eukaryotes, that play a part in modifying and degrading proteins."
circ,2.29,0,0,2,An amphitheatrical circle for sports; a circus.
pressurization,2.29,1,1,1,The act or process of increasing pressure within a volume of space.
langue,2.29,0,1,1,"Language as a system rather than language in use, including the formal rules, structures, and limitations of language."
nazar,2.29,0,0,1,An eye-shaped amulet supposed to protect against the evil eye in certain cultures.
eyeballing,2.29,1,1,2,An act of staring or ogling.
fanservice,2.29,0,1,3,Elements added to a television program or similar entertainment that appeal to avid fans but are of little interest to outsiders.
facemask,2.29,0,0,8,A covering used to protect or disguise the face.
radiofrequency,2.29,0,0,1,Alternative form of radio frequency.
starrer,2.29,0,0,2,A film featuring a particular movie star.
blakey,2.29,0,0,1,A shoe protector (metal stud or plate affixed to the sole or heel of a shoe to prevent excessive wear).
bogle,2.29,0,0,3,"A goblin, imp, bogeyman, bugbear or similar a frightful being or phantom."
fanclub,2.29,0,0,1,Alternative form of fan club.
bookmaking,2.29,0,1,2,"The art or profession of determining odds and receiving and paying off bets, especially bets on the outcome of sporting events."
crossbody,2.29,0,0,1,"a move in which a wrestler jumps onto his opponent and lands horizontally across the opponent's torso, forcing them to the mat."
pullen,2.29,0,1,3,domestic fowl; poultry
erlang,2.29,0,0,1,A dimensionless statistical measure of the volume of telecommunications traffic relative to the capacity of a single channel.
nutjob,2.29,0,0,1,Alternative spelling of nut job.
groundswell,2.29,0,0,2,"A broad undulation of the open ocean, often as the result of a distant disturbance."
homebase,2.29,1,1,1,Alternative form of home base.
jann,2.29,0,0,2,The father of the jinn preceding humanity.
lovelock,2.29,0,0,2,A lock of hair that hangs down and is worn apart from the hair that remains.
pancetta,2.29,0,1,1,A cured belly or pork; bacon.
agger,2.29,0,0,2,"A double tide, particularly a high tide in which the water rises to a given level, recedes, and then rises again (or only the second of these high waters), but sometimes equally a low tide in which th"
taff,2.29,0,0,1,A Welshman.
playability,2.29,0,1,2,The state or property of being playable.
chanson,2.29,0,0,2,"Any song with French words, but more specifically a classic, lyric-driven French song."
gopi,2.29,0,0,1,Any of the milkmaids that were companions of Krishna in Indian mythology.
gori,2.29,0,0,1,A white woman.
billable,2.29,0,0,1,Something that is billed for.
arusha,2.29,0,1,1,A fiber made from the plant Callicarpa candicans.
factionalism,2.29,1,1,2,The splitting of a group into factions.
designee,2.29,0,0,1,One who has been designated
writeup,2.29,0,0,1,Alternative form of write-up.
abled,2.29,0,0,1,A person who has no disability.
hiragana,2.29,1,1,2,"The main syllabary for the Japanese language, used to represent native Japanese words, including particles, and when kanji is used, to represent verb and adjective endings."
superfan,2.29,0,0,1,An extremely dedicated fan (enthusiast).
kaji,2.29,0,0,1,an ugly anthropomorphic spirit
bosa,2.29,1,1,1,Alternative spelling of boza.
suey,2.29,1,1,2,Suicide (act of self-killing).
pitstop,2.29,0,0,1,Alternative form of pit stop.
sumi,2.29,0,0,1,A Japanese inkstick.
kaep,2.29,0,0,1,A type of proa native to Palau
collegium,2.29,0,0,3,A committee or council.
nasheed,2.29,0,0,1,"An Islamic musical composition, typically performed a cappella, focusing on religious, spiritual, or moral messages."
livewire,2.29,0,0,1,Alternative spelling of live wire.
sella,2.29,0,0,1,Synonym of sella turcica.
jussi,2.29,0,1,1,Alternative form of jusi.
doki,2.29,0,0,1,"Any of the female characters from the visual novel video game Doki Doki Literature Club!, that is, Monika, Natsuki, Sayori, and Yuri."
katsu,2.29,1,1,2,Panko breaded and deep-fried Japanese food
fini,2.29,0,0,1,Ellipsis of fini flight
tomoe,2.28,0,0,1,"A circular design of swirling water, commonly used in Japanese family crests and corporation logos."
franchisor,2.28,0,0,1,"A company which, or a person who, grants franchises."
trendsetter,2.28,0,0,1,"Someone who starts a trend, or makes something more popular."
fuckable,2.28,0,0,1,A sexually desirable person.
cassis,2.28,0,1,3,A blackcurrant plant (Ribes nigrum); the flavor of its berries.
overclocking,2.28,0,0,1,"An instance or incident of processor (CPU), or any electronic logic device, running at a speed higher than is recommended by the manufacturer."
bache,2.28,0,0,1,The dale of a stream or rivulet.
hydroxylase,2.28,0,0,1,Any of several enzymes that catalyze the oxidation of compounds by the introduction of hydroxyl groups.
tuco,2.28,0,1,1,"A tomato-based pasta sauce, similar to a ragout or bolognese, traditionally consumed in South America."
retroviral,2.28,0,0,1,A retrovirus
pumper,2.28,0,0,3,One who pumps something.
downpayment,2.28,0,0,1,Alternative form of down payment.
gracilis,2.28,0,0,1,A slender superficial muscle of the inner thigh.
grift,2.28,0,0,1,A confidence game or swindle.
dyno,2.28,0,0,2,A dynamic climbing move or jump to reach a hold that cannot otherwise be reached.
owari,2.28,0,1,1,Alternative form of oware.
partido,2.28,0,0,1,"A subdivision of the province of Buenos Aires, Argentina."
codeword,2.28,0,0,3,A string representing an encoded piece of text.
jumbotron,2.28,0,0,1,"A very large video screen, typically used in a stadium or concert venue to show close-up shots."
jellybean,2.28,0,0,1,Alternative spelling of jelly bean.
jefe,2.28,0,0,2,"An officer with political influence; a head or chief in government, such as a sheriff, particularly where that person is Hispanic or of Mexican descent."
homecare,2.28,0,1,2,The care and maintenance of one's home.
ratcheting,2.28,1,1,2,The act by which something is ratcheted.
changelog,2.28,0,0,1,"A log that records changes between versions, as in source control."
nondiscrimination,2.28,0,1,1,An act or policy of not engaging in discrimination.
tase,2.28,0,0,1,An electric shock administered with a taser.
globus,2.28,1,1,2,A spherical or nearly spherical structure.
unfriend,2.28,0,0,1,One who is not a friend; an enemy.
corpsman,2.28,0,0,3,A hospital corpsman.
alim,2.28,0,0,1,An educated scholar of Islamic law; a member of the ulema class
sarai,2.28,0,0,2,Alternative form of serai (“caravanserai”).
scrapyard,2.28,0,0,1,"A junkyard; a place where scrap is stored, discarded or resold."
sanna,2.28,0,0,1,"A spongy steamed rice cake, popular in parts of India."
millman,2.28,0,0,1,A male worker in a mill.
understory,2.28,0,0,2,A story of a building below the stories generally used for residence or work.
bunkhouse,2.28,0,0,1,"A building providing sleeping quarters for workers or guests, especially in a rural setting."
jacko,2.28,0,0,1,laughing kookaburra
multiethnic,2.28,0,0,1,A member of more than one ethnic group.
funhouse,2.28,0,0,1,"A structure, usually at a circus or amusement park, enclosing several interactive attractions such as distorting mirrors, ramps, slides, stairs, rotating barrel slides, etc., that usually do not invol"
metropole,2.28,0,0,3,A metropolis; the main city of a country or area.
preparer,2.28,0,0,1,"One who, or that which, prepares, fits, or makes ready."
frappuccino,2.28,0,0,1,"An iced coffee drink made with cappuccino blended with other ingredients, such as flavored syrups and whipped cream."
ume,2.28,0,0,1,"Chinese plum, a species of Asian plum, Prunus mume."
obo,2.28,0,0,1,Alternative form of ovoo (“Mongolian cairn”).
autoplay,2.28,0,1,2,"Any software feature that plays (a video, a compact disc, etc.) automatically."
refactoring,2.28,1,1,1,An act or process in which code is refactored.
wazir,2.28,0,0,2,Vizier.
madd,2.28,0,0,1,Alternative form of maddah.
metra,2.28,0,0,2,The uterus.
riverhead,2.28,0,0,1,The head or source of a river.
rosser,2.28,0,0,1,Alternative form of rozzer (“police officer”).
toph,2.28,1,1,1,A kind of sandstone.
shoop,2.28,0,0,3,The fruit of the rose; rosehip.
karoo,2.28,0,0,2,Any vast prairie bordering a desert.
leatherhead,2.28,0,0,3,The friarbird.
wielder,2.28,0,0,2,"A person who wields something, especially power"
limehouse,2.28,0,0,1,An oast house that uses a limekiln.
empath,2.28,0,0,2,Someone with an extraordinarily high capability of sensing the emotions of others.
superyacht,2.28,0,0,1,A very large luxury yacht.
shinigami,2.28,0,0,1,A deity and/or personification of death.
summoner,2.28,0,0,3,"One who summons or evokes, particularly in legal contexts."
vasculature,2.28,1,1,1,"The blood vessels or their arrangement in the body, or within an organ."
esh,2.28,0,0,2,The IPA symbol ʃ.
vali,2.28,0,0,1,Alternative form of wali.
bostock,2.28,1,1,1,"Stale brioche, spread with almond cream and sliced almonds and then baked"
kora,2.28,0,0,1,A type of harp or lute played in West Africa.
pato,2.28,0,1,1,"The national sport of Argentina, a game played on horseback that combines elements of polo and basketball."
quadrennial,2.28,0,0,1,"A four-year period, a quadrennium."
cheval,2.28,0,0,2,A support or frame.
extruder,2.28,0,0,1,A machine that extrudes material through shaped dies
fanzine,2.28,0,0,1,"A magazine, normally produced by amateurs, intended for people who share a common interest."
krantz,2.28,0,0,1,An encircling or overhanging wall of rock.
chek,2.28,0,0,1,A Hong Kong foot.
puto,2.28,0,0,1,A rice cake made of boiled or steamed rice.
puro,2.28,0,0,1,"A cigar, especially one made with tobacco from a single country."
vegetal,2.28,0,0,1,Any vegetable organism.
yoni,2.28,0,0,1,"The vulva or vagina, or a symbol of them, especially as an object of veneration within certain types of Hinduism, Buddhism, and other cultures."
xun,2.28,0,0,1,A clay or ceramic globular vessel flute originating in China.
abbasi,2.28,0,0,4,"A silver coin of Persia, introduced by Safavid Shah Abbas in 16th century, worth about twenty cents."
abaddon,2.28,0,0,1,An informer; a criminal who informs on other criminals to the authorities.
hellraiser,2.27,0,0,1,"A person who engages in wild, wanton behavior: one who raises hell."
abuela,2.27,0,0,1,A Hispanic grandmother.
homefront,2.27,0,0,1,Alternative form of home front.
outland,2.27,0,0,1,Any outlying area of a country; the provinces.
minke,2.27,0,0,1,Ellipsis of minke whale.
milady,2.27,0,0,1,An English noblewoman or gentlewoman; the form of address to such a person; a lady.
dingus,2.27,0,0,3,"A gadget, device, or object whose name is either unknown, forgotten, or omitted for the purpose of humor."
regale,2.27,0,0,3,"A feast, a meal."
mula,2.27,0,1,1,Alternative spelling of moola.
mele,2.27,0,0,2,"A chant in Polynesia, especially Hawaii, typically in praise of a leader or to commemorate some significant event."
meron,2.27,0,0,3,Either of the pair of entities that together make up an instanton.
doot,2.27,0,0,4,Doubt.
dort,2.27,0,0,1,A sulky or sullen mood; the sulks.
wonderwall,2.27,0,0,1,A very dependable person
worksite,2.27,0,0,1,A site where work occurs; usually used in reference to construction work.
matta,2.27,0,0,1,The false start of a bout due to mutual misunderstanding.
rolly,2.27,0,0,2,Alternative form of rolley (“horse-drawn wheeled vehicle used in a mine”).
muskie,2.27,0,0,1,muskellunge; a large freshwater gamefish of the pike family.
dreamcatcher,2.27,0,0,1,"A decorative Native American object in the form of a hoop and net with attachments such as feathers, traditionally believed by the Ojibwa to “filter out” bad dreams."
riviere,2.27,0,0,1,Alternative form of rivière (“necklace of precious stones”).
druggie,2.27,0,0,1,A drug addict or abuser.
ridesharing,2.27,0,1,1,"A form of commercial transportation in which, through social media, clients call a driver who privately owns his vehicle, and proceed in their trip as passengers."
malbec,2.27,1,1,2,"A variety of grape used in making red wine, originally from France, but now predominantly grown in Argentina."
cento,2.27,0,0,1,"A hotchpotch, a mixture; especially a piece made up of quotations from other authors, or a poem containing individual lines from other poems."
meester,2.27,0,0,1,"Pronunciation spelling of mister, representing Latino- or French-accented English."
repeatability,2.27,1,1,2,The property or quality of being repeatable.
blinky,2.27,0,0,1,"in digital photography, a flashing pixel."
ableist,2.27,0,0,1,"One who exhibits ableism, or prejudice against the disabled."
xor,2.27,0,0,1,"The logic function exclusive OR (as opposed to inclusive OR), whose output is true only when exactly one of its inputs is true."
vihar,2.27,0,0,1,Alternative form of vihara.
stim,2.27,1,1,5,Sensory stimulation.
subchapter,2.27,0,0,1,A subsection of a chapter.
subregion,2.27,0,0,1,A region that is part of a larger region.
smalltalk,2.27,0,1,1,Alternative form of small talk.
commedia,2.27,1,1,1,Ellipsis of commedia dell'arte.
nondisclosure,2.27,1,1,1,An act or policy of not disclosing.
swire,2.27,0,0,2,The neck.
swizz,2.27,0,0,1,"A swindle, con."
killick,2.27,0,0,1,Alternative form of killock.
pennine,2.27,1,1,1,Synonym of penninite.
darknet,2.27,0,0,1,"A network of computers that can only be accessed using special software, configuration, or authorization, usually characterized by the anonymization of users, participating hosts, or both."
koro,2.27,0,1,2,"A delusional syndrome found in Malay and southern Chinese populations, characterized by a belief that the subject's penis will retract into the abdomen and cause death."
shithouse,2.27,0,0,3,"An outhouse, an outbuilding used as a lavatory."
songz,2.27,0,0,1,Informal spelling of songs; plural of song.
falciparum,2.27,0,1,1,The parasitic protozoan Plasmodium falciparum that causes falciparum malaria
photobook,2.27,0,0,1,"A book of photographs, often by a single photographer."
soldado,2.27,0,0,1,"A soldier, in Spanish-speaking contexts."
glassdoor,2.27,0,0,1,Alternative form of glass door.
photovoltaics,2.27,0,1,1,The technology of the conversion of sunlight into electricity using semiconductors that exhibit the photovoltaic effect.
waterhole,2.27,0,0,3,"A depression in which water collects, especially one where wild animals come to drink."
throwdown,2.27,0,0,8,"A fall, indicating defeat."
thaler,2.27,0,0,2,"A monetary unit used in a number of central and northern European countries, known locally as daalder (Netherlands), daler (Scandinavia), Taler, Thaler (Germany), etc."
issei,2.27,0,0,1,"A member of the first generation of Japanese immigrants to North America, South America, or Australia."
bridgeman,2.27,0,0,1,A worker who operates a moving bridge.
shabbos,2.27,1,1,1,Shabbat or shabbat (the biblical seventh-day Sabbath).
shitshow,2.27,0,0,1,Alternative form of shit show.
ponty,2.27,0,0,1,Alternative form of punty.
lovie,2.27,0,0,1,Alternative form of lovey (“term of address”).
sasse,2.27,0,0,1,"A sluice or lock, as in a river or canal, to make it more navigable."
sandcastle,2.27,0,0,1,"A sculpture made of sand and resembling a miniature castle; typically, but not always, made for fun by a child on a beach."
machinegun,2.27,0,0,1,Alternative spelling of machine gun.
trackpad,2.27,0,0,1,touchpad
imu,2.27,0,0,1,"A traditional Hawaiian underground oven, consisting mainly of a hole in the ground."
councilmember,2.27,0,0,1,"A councilman or councilwoman; a member of a council, often a city council or town council."
manti,2.27,0,0,1,"A type of dumpling served in Turkish, Armenian and Central Asian cuisine."
qigong,2.27,0,1,1,"A Chinese system of breathing control, physical exercise and meditation."
chav,2.27,0,0,1,"A working-class youth, especially one associated with aggression, poor education, and a perceived ""common"" taste in clothing and lifestyle."
wythe,2.27,0,0,2,"A continuous vertical section of masonry, one unit in thickness."
aircon,2.27,1,1,1,Alternative form of air-con (“air conditioning; air conditioner”).
diecast,2.27,0,0,1,Alternative spelling of die-cast.
optimizer,2.27,0,0,3,A person in a large business whose task is to maximize profits and make the business more efficient.
compostela,2.27,0,0,1,A certificate of accomplishment given to pilgrims on completing an official route on the pilgramage to Camino de Santiago.
compactor,2.26,0,0,1,A machine that reduces the bulk of waste or other material by compaction.
guid,2.26,0,0,1,Alternative form of GUID.
zina,2.26,0,1,1,"Adultery, fornication."
vio,2.26,0,0,2,A ripoff.
geocaching,2.26,0,1,1,"A pastime in which participants use a GPS receiver to find a hidden container at a specific latitude and longitude, or to hide a container to be found in this manner."
fasciitis,2.26,0,1,1,Inflammation of the fascia.
figo,2.26,0,0,1,Alternative form of fico.
superseding,2.26,0,0,1,The process by which something is superseded.
jomo,2.26,0,0,2,Alternative spelling of dzomo (“female yak–cow hybrid”).
shoujo,2.26,0,1,1,Alternative spelling of shojo (“a style of anime and manga intended for young women”).
lez,2.26,0,0,1,Alternative form of les.
entrainment,2.26,1,1,7,"Enthusiasm, liveliness; impulsiveness."
insula,2.26,0,0,2,A block of buildings in a Roman town.
schelling,2.26,0,0,1,A silver coin formerly current in the Low Countries.
intrastate,2.26,0,0,1,A highway completely within a state (not an interstate).
perkin,2.26,0,0,1,A kind of weak perry.
kabuto,2.26,0,0,1,"A traditional Japanese military helmet, especially worn by samurai."
diggity,2.26,0,1,1,An expletive or partially reduplicative form used in word games or idioms.
problema,2.26,0,0,1,A problem set forth in the Ancient Greek scholarly tradition.
premarket,2.26,0,1,1,"The informal market in stocks and other securities, held before the official markets open"
moga,2.26,0,1,1,Alternative form of muga (“type of silk”).
mazar,2.26,0,0,1,A mausoleum or shrine in the Arab world.
manton,2.26,0,0,1,A shawl or wrap.
orf,2.26,0,1,2,"An exanthemous disease caused by a parapox virus, occurring primarily in sheep and goats but also capable of infecting humans."
crema,2.26,1,1,2,"The light-colored, orangish head of foam on a cup of espresso."
viner,2.26,0,0,1,A winegrower.
mineola,2.26,0,0,1,Alternative form of minneola.
astin,2.26,0,0,1,Any of a group of cyclical pentapeptides originating from the plant Aster tataricus.
uptempo,2.26,0,0,1,"An uptempo beat, especially in percussion."
chama,2.26,0,0,2,Any of several types of informal cooperative society.
divalent,2.26,0,0,1,Any divalent substance.
refurb,2.26,0,0,2,a thing that has been refurbished
facedown,2.26,0,0,1,Alternative form of face-down (“a confrontation”).
jatt,2.26,0,0,1,Alternative form of jatty.
larp,2.26,1,1,1,Alternative letter-case form of LARP (“live-action roleplay”).
spink,2.26,0,0,3,The chaffinch.
taluk,2.26,0,0,1,"A hereditary estate in parts of India; subsequently, an administrative subdivision of a district."
tomtom,2.26,0,0,1,Alternative form of tom-tom.
campervan,2.26,0,0,1,A vehicle that provides both transport and sleeping accommodation.
ayu,2.26,0,1,1,"A sweetfish, an amphidromous game fish of East Asia of species Plecoglossus altivelis, prized for its sweet-tasting flesh and subject to extensive aquaculture."
wagyu,2.26,1,1,2,Any of several Japanese breeds of cattle genetically predisposed to intense marbling and to producing a high percentage of oleaginous unsaturated fat.
lycan,2.26,0,0,1,A werewolf.
intermedia,2.26,0,1,1,"interdisciplinary activities between media, such as those between drawing and poetry, or between painting and theatre"
baler,2.26,0,0,2,"A machine for creating bales, e.g., of hay or cotton."
exothermic,2.26,0,0,1,A substance that releases heat energy.
underwire,2.25,0,0,2,A semicircular wire placed in a bra to support the breasts.
offshoring,2.25,0,1,1,"The location of a business in another country for tax purposes or lowering production costs, as the labor."
zipline,2.25,0,0,2,"A pulley suspended on a cable mounted on an incline, designed to enable a user to travel from one point to another by means of gravity."
oleh,2.25,0,0,2,A Jew who has recently made aliyah to Israel; an immigrant to Israel.
hyperdrive,2.25,0,0,2,A spaceship engine that allows faster-than-light travel by entering hyperspace.
hubba,2.25,0,0,2,A grain.
husker,2.25,0,0,2,"One who husks (as one who removes the husks, leaves, from ears of corn)."
aven,2.25,0,0,2,"A vertical shaft leading upward from a cave passage, sometimes connecting with passages above."
trib,2.25,0,0,1,A tributary.
domina,2.25,0,0,3,The head of a nunnery.
misdiagnosis,2.25,1,1,1,An incorrect diagnosis.
ramage,2.25,0,0,4,"wildness, spirit, courage, ferocity"
malley,2.25,0,0,1,A gardener.
callout,2.25,0,0,11,An outgoing telephone call.
agressive,2.25,0,0,1,Misspelling of aggressive.
rosehill,2.25,0,0,1,Synonym of rosella (“type of parrot”)
ribeye,2.25,0,0,3,"Ellipsis of ribeye steak, a boneless ribsteak; a cut of steak from the beef rib."
murry,2.25,0,0,1,moray eel
ridder,2.25,0,0,2,a sieve
meep,2.25,0,0,1,A high-pitched exclamation of fear or concern.
repack,2.25,0,0,1,Synonym of repackaging.
domus,2.25,0,0,2,"A farmstead with its people, plants and animals, considered as a unit."
triphosphate,2.25,0,0,2,Any salt or ester containing three phosphate groups.
metroplex,2.25,0,0,1,A large metropolitan area containing several cities and their suburbs.
gwan,2.25,0,0,1,"A hybrid between a goose and a swan, especially the offspring of a gander (male goose) and a pen (female swan)."
halfpipe,2.25,0,0,1,Alternative form of half-pipe.
parishad,2.25,0,0,1,A governmental assembly or council in India.
parle,2.25,1,1,2,Parley; talk.
schreiner,2.25,0,0,1,An engraved roller used for schreinerizing textiles.
machinima,2.25,1,1,2,"The rendering of computer-generated imagery using low-end (real time) 3D engines such as those found in video games, as opposed to the high-end, complex 3D engines used by professionals."
broking,2.25,0,1,2,The craft or profession of a broker; mediation in a sale or transaction.
wargame,2.25,0,0,1,Alternative spelling of war game.
campylobacter,2.25,0,0,1,Any bacteria of the genus Campylobacter; a principal cause of food poisoning.
dryland,2.25,1,1,1,"Land that is arid, but not so dry as to be a desert."
mand,2.25,0,0,2,A verbal operant in which the response is reinforced by a characteristic consequence and is therefore under the functional control of relevant conditions of deprivation or aversive stimulation.
azadi,2.25,0,1,1,"Freedom, independence."
pinnock,2.25,0,0,2,"Prunella modularis, the dunnock."
electrophysiology,2.25,0,1,1,The branch of physiology that studies the electrical activity of organisms.
toit,2.25,0,0,1,A cushion.
thermite,2.25,1,1,1,"A mixture of a metal and a metal oxide capable of producing a thermite reaction, such as aluminium metal and ferric oxide; used in incendiary devices."
tedder,2.25,0,0,1,"A machine for stirring and spreading hay, to speed up its drying."
maka,2.25,0,0,1,eye
longue,2.25,0,0,1,Synonym of mackinaw trout.
seismicity,2.25,1,1,1,A measure or a degree of how seismic a region is or how prone it is to earthquakes.
kulkarni,2.25,0,0,1,A person in parts of India who was responsible for maintaining the accounts and records of a village.
kula,2.25,0,1,2,"A tower, turret or steeple in Southeastern Europe erected during the period of Ottoman domination on the area."
soundsystem,2.25,0,0,1,Alternative spelling of sound system (chiefly the Jamaican sense)
layaway,2.25,1,1,3,A pit in which hides are stored.
gigging,2.25,0,1,3,gerund of gig (in various senses).
paintwork,2.25,1,1,1,"The painted surface of a car, building, etc."
whois,2.25,0,1,1,The WHOIS protocol or service.
amadou,2.25,0,1,1,"A spongy, flammable substance prepared from bracket fungi, formerly used as a styptic and as tinder."
flim,2.25,0,0,1,Clipping of flim-flam (“confidence trick”).
silvana,2.25,0,0,1,"A Filipino dessert, a frozen cookie made from a layer of buttercream sandwiched between two cashew-meringue wafers coated with cookie crumbs."
tari,2.25,0,0,1,"A small gold coin, worth a quarter of a dinar, struck by the Arabs of Sicily in the 9th century."
klang,2.25,0,0,1,"Any periodic sound, especially one composed of a fundamental and harmonics, as opposed to simple periodic sounds (sine tones)."
berkut,2.25,0,0,1,Synonym of golden eagle.
firewire,2.25,0,0,2,A high-speed digital link standard covered by the IEEE 1394-1995 standard.
jol,2.25,0,0,2,A party.
tante,2.25,0,0,1,A Jewish aunt.
perspex,2.25,0,1,1,"Any tough, transparent plastic that is used instead of glass for windows."
vicomte,2.25,0,0,1,A French viscount.
apoplectic,2.25,0,0,1,A person suffering from apoplexy.
appleseed,2.25,0,0,1,Alternative form of apple seed.
cronk,2.25,0,0,2,The honking sound of a goose.
keirin,2.25,1,1,1,"A form of track cycling originating in Japan, where riders must initially race behind a motorised pace-setter, the derny."
kermode,2.25,0,0,1,Kermode bear
kersey,2.25,1,1,1,A type of rough woollen cloth.
genki,2.25,0,0,1,"A playful, hyperactive girl."
cheesesteak,2.25,0,0,1,A Philadelphia snack food consisting of chopped steak and melted cheese in a bread roll.
modafinil,2.25,0,1,1,"A stimulant often used in the treatment of various sleep disorders, having the chemical formula C₁₅H₁₅NO₂S"
cuesta,2.25,0,0,1,"A hill or ridge with a gentle slope on one side, and a steep slope on the other."
highline,2.25,0,0,1,An elevated slackline; a slackline which is mounted across a deep drop; a slackline that is strung up high.
hird,2.25,0,0,2,"In Norwegian history, an informal retinue of personal armed companions, hirdmen or housecarls."
mogwai,2.25,0,0,1,A kind of demon held to be harmful to humans.
gunfighter,2.25,0,0,1,A person who engages in gunfights; a gunslinger.
yaa,2.24,0,0,1,The letter ي (y) in the Arabic script.
chappy,2.24,0,0,1,A chap; a fellow.
qanon,2.24,0,0,1,Alternative spelling of qanun.
didgeridoo,2.24,0,0,1,"A musical instrument, endemic to the Top End of Australia, consisting of a long hollowed-out log which, when blown into, produces a low, deep mesmerising drone with sweeping rhythms."
creat,2.24,0,1,2,An usher to a riding master (riding instructor).
armbar,2.24,0,0,1,A joint lock where the elbow is hyperextended in order to cause pain or injury.
gaydar,2.24,1,1,1,"The supposed ability to detect whether or not a person is gay by observing that person's appearance, mannerisms, etc."
gasser,2.24,0,0,5,"One who gasses, or poisons with gas."
contralateral,2.24,0,0,1,The opposite side of the body
khair,2.24,0,0,1,The tree Senegalia catechu from which cutch is obtained
keyring,2.24,0,0,2,"A ring, normally of metal or plastic, for holding keys together."
ked,2.24,0,0,1,"Any of the family Hippoboscidae of obligate parasites, especially the sheep ked, Melophagus ovinus."
feck,2.24,1,1,2,"Effect, value; vigor."
sublingual,2.24,0,0,1,"A particular scale near the front of the lower jaw in snakes, usually in a pair."
perse,2.24,1,1,2,A very dark (almost black) purple or blue-gray colour.
blacksmithing,2.24,0,1,1,the business of a blacksmith
kir,2.24,1,1,1,A cocktail made with a measure of crème de cassis topped up with white wine.
comtesse,2.24,0,0,1,A French countess.
compensator,2.24,0,0,4,"A party or thing which compensates, pays or otherwise provides a compensation"
synthetase,2.24,0,0,2,Any enzyme that catalyzes the synthesis of a biological compound.
bez,2.24,0,0,1,The second tine of an antler's beam.
talkback,2.24,1,1,2,"A system in broadcasting and recording studios that enables the director to communicate with others (host, presenter, anchor) during performance."
pfp,2.24,0,0,1,Abbreviation of profile picture.
sira,2.24,0,0,2,A traditional Muslim biography of Muhammad.
hairstyling,2.24,1,1,1,The act or process of styling hair.
shitbag,2.24,0,0,3,A colostomy bag.
lesbo,2.24,0,0,1,A lesbian.
shutoff,2.24,0,0,2,A valve used to turn something off.
glasser,2.24,0,0,3,A person who applies fibreglass and resin to a surfboard during its manufacture.
phthalate,2.24,0,0,1,Any salt or ester of a phthalic acid.
necro,2.24,0,0,1,Necromancer.
parasitology,2.24,0,1,1,The study of parasites.
teletype,2.24,0,0,3,"A telegraph that automatically prints transmitted messages in letters rather than Morse code or other symbols, typically resembling a typewriter in appearance."
tatami,2.24,0,0,2,"Straw matting, in a standard size, used as a floor covering in Japanese houses."
irradiance,2.24,1,1,3,The act of irradiating; emission of rays of light.
halfling,2.24,0,0,3,A fictional small humanoid creature featuring in fantasy fiction; a hobbit.
shahi,2.24,0,0,1,"A former currency unit of Iran, worth one twentieth of a qiran."
bris,2.24,0,0,1,Ritual male circumcision; the ceremony in which this is performed.
brickworks,2.24,0,0,1,"A place where bricks are manufactured, particularly organised as a factory."
brannigan,2.24,0,0,2,"binge, bender, booze-up (where alcohol is drunk)"
lithic,2.24,0,0,3,A stone tool or projectile.
pinder,2.24,0,0,3,"A peanut, the nut-like pod containing the edible seed(s) of a leguminous plant."
runaround,2.24,0,0,4,An evasive explanation in the form of multiple excuses.
polycyclic,2.24,0,0,1,A polycyclic compound.
sandhya,2.24,0,0,1,Morning or evening prayers.
scaredy,2.24,0,0,1,A coward.
satay,2.24,1,1,1,"A dish made from small pieces of meat or fish grilled on a skewer and served with a spicy peanut sauce, originating from Indonesia and Malaysia."
francisca,2.24,0,0,1,A throwing axe used as a weapon during the Early Middle Ages by the Franks.
treeline,2.24,0,0,1,Alternative spelling of tree line.
transversal,2.24,0,0,3,A line which traverses or intersects any system of other lines transversely.
antisense,2.24,0,0,1,The strand of nucleic acid complementary to a strand which codes for an RNA or protein.
wakeman,2.24,0,0,2,A watchman
headstart,2.24,0,0,1,Alternative spelling of head start.
capitaine,2.24,0,0,1,A captain.
riyad,2.24,0,0,1,Alternative spelling of riad.
camelback,2.24,1,1,8,The backs of camels.
robusta,2.24,0,1,2,"Any plant of the species Coffea canephora of coffee plants, native to Africa, cultivated widely in Brazil."
dunder,2.24,0,1,3,"The lees or dregs of cane juice, used in the distillation of rum."
poulter,2.24,0,0,1,"Synonym of poulterer, a dealer in poultry."
marra,2.24,0,0,1,"A friend, pal, buddy, mate."
carnitine,2.24,1,1,1,"A betaine, 3-hydroxy-4-trimethylammonio-butanoate, that is found in the liver and has a function in fatty acid transport."
rippon,2.24,0,0,1,Alternative form of ripon (“a spur”).
cisgender,2.24,0,0,1,A cisgender person.
poonam,2.24,0,0,1,"A sari made of imported polyester, as opposed to a traditional cotton sari."
rehire,2.24,0,0,1,A former employee who has been hired again.
doggystyle,2.24,0,1,1,Alternative form of doggy style.
aurum,2.24,0,1,2,"Gold (used in the names of various substances, see ""Derived terms"")."
unsinkable,2.24,0,0,1,A ship that was designed to be unsinkable.
askari,2.24,0,0,1,"A member of a local African military or police unit, usually one serving in a European colonial force."
hizb,2.24,0,0,1,each of the roughly equilongitudinal 60 parts in which the Quran has been traditionally divided to ease its reading and memorization
zahid,2.24,0,0,1,An ascetic.
gowan,2.24,1,1,2,A common daisy (Bellis perennis).
gribble,2.24,0,0,2,"Any of various wood-boring marine crustaceans of the genus Limnoria, especially Limnoria lignorum, which cause damage to underwater wooden structures."
cous,2.24,0,1,2,"cousin (usually as a term of address, but not necessarily towards one's cousin)"
abacha,2.24,0,1,1,"A Nigerian food made from dried shredded cassava with fish, eggs, spices, etc."
roker,2.23,0,0,1,The thornback ray.
endocytosis,2.23,1,1,1,The process by which the plasma membrane of a cell folds inwards to ingest material.
crunk,2.23,0,1,1,A type of hip hop that originated in the southern United States.
afterparty,2.23,0,0,1,Alternative spelling of after-party.
candler,2.23,0,0,2,A person who makes candles; a chandler.
robbin,2.23,0,0,3,A kind of package in which pepper and other dry commodities used to be exported from Southeast Asia.
erythematosus,2.23,0,0,1,An eruption of red lesions.
shinkansen,2.23,0,0,2,A Japanese high-speed railway line.
lave,2.23,0,1,4,"An act of bathing or washing; a bath or bathe, a wash."
resi,2.23,0,1,1,Clipping of residential real estate.
sigint,2.23,1,1,1,Alternative letter-case form of SIGINT.
casco,2.23,0,0,1,"A flat-bottomed, square-ended boat once used in the Philippines as a lighter to ferry goods between ship and shore"
slather,2.23,0,0,3,A thick sauce or spread that is to be slathered (spread thickly) onto food.
slopestyle,2.23,0,1,1,A discipline of freestyle skiing or snowboarding involving an obstacle course.
bokeh,2.23,0,1,1,A subjective aesthetic quality of out-of-focus areas of an image projected by a camera lens.
regula,2.23,0,0,2,A book of rules for a religious establishment.
soper,2.23,0,0,2,Methaqualone.
microclimate,2.23,0,0,1,"A small, local region having a unique pattern of weather or weather effects that differ from the local climate."
soundcheck,2.23,1,1,1,"An activity that takes place before a concert, etc., when the performer and sound crew run through a small portion of the upcoming show on the venue's sound system to verify the volume and tonal frequ"
factbook,2.23,0,0,1,A book of facts.
blech,2.23,0,0,1,A metal sheet used to cover stovetop burners on Shabbat to allow food to be kept warm without violating the prohibition against cooking.
blick,2.23,0,0,3,The brightening or iridescence appearing on silver or gold at the end of the cupelling or refinishing process.
domme,2.23,0,0,1,A female dominant in a sadomasochistic relationship.
dooby,2.23,0,0,1,Alternative form of doobie (“marijuana cigarette”).
steelmaking,2.23,0,1,1,The manufacture of steel.
stovetop,2.23,0,0,1,The top of a stove; usually specifically the burners.
streetscape,2.23,0,0,1,"The visual elements of a street, including the road, adjoining buildings, sidewalks, street furniture, trees and open spaces, etc, that combine to form the street's character."
kavya,2.23,0,1,2,A highly artificial Sanskrit literary style used by Indian court poets in the early centuries AD.
rakyat,2.23,0,0,2,An ordinary citizen.
mistry,2.23,0,0,1,Alternative form of maistry (“foreman or artisan”).
superfly,2.23,0,0,2,"An ostentatious, self-confident person, especially a black drug dealer."
swaddling,2.23,1,1,2,The practice of wrapping infants in clothing that restricts movement.
bere,2.23,0,1,2,"Barley, especially four-rowed barley or six-rowed barley."
fiqh,2.23,0,1,1,"Jurisprudence in the Islamic law, shari'a."
taiko,2.23,0,0,3,"A traditional drum, beaten by yobidashi to announce the beginning of a tournament, and at the end of each day"
chirpy,2.23,0,0,2,"An electronic device which uses a piezoelectric transducer to make chirping noise, often designed to be hidden and function as an annoyance"
beli,2.23,0,0,1,Alternative form of bael.
cholinergic,2.23,0,0,1,Any drug or substance producing or having the same function as acetylcholine.
choon,2.23,0,0,1,"A song or track, especially one that is catchy."
tassie,2.23,0,0,3,A cup or goblet for drinking wine.
moyo,2.23,0,0,1,Archaic form of moio.
telenovela,2.23,0,0,1,A television soap opera presented as a miniseries.
terrazzo,2.23,1,1,1,A faux-marble material used for flooring and countertops.
prac,2.23,0,0,1,A practical.
forwarder,2.23,0,0,1,"One who, or that which, forwards something to another destination."
basha,2.23,0,0,2,A tarpaulin or plastic waterproof sheet.
porteous,2.23,0,0,1,A portable breviary.
cisplatin,2.23,1,1,2,A platinum-containing antineoplastic drug cis-diamminedichloro-platinum(II) (Cl₂H₆N₂Pt) that is cytotoxic and is used especially in the treatment of testicular and ovarian tumors and advanced bladder 
civitas,2.23,0,0,4,the social body of the citizens united by law
overspend,2.23,0,0,1,The amount by which someone or something is overspent.
frigidaire,2.23,0,0,1,Trademark for a refrigerator.
pookie,2.23,0,0,1,"A glass pipe designed for freebasing cocaine, methamphetamine, or other drugs."
trackage,2.23,1,1,3,railway tracks collectively
transdermal,2.23,0,0,1,A transdermal patch or implant.
declutter,2.23,1,1,1,The act or process of removing clutter; a decluttering.
nade,2.23,0,0,1,A grenade.
playdate,2.23,0,0,3,"The occasion of a child having a friend come over to play at their house, traditionally scheduled by both children's parents."
hypoglycemic,2.23,0,0,1,A sufferer of hypoglycemia.
fudging,2.23,1,1,1,"The act of something being fudged, altered so as to hide a flaw or uncertainty."
underfloor,2.23,0,0,1,A layer of flooring beneath the main floor surface.
underfunding,2.23,0,1,1,The condition of being underfunded.
pharmacologic,2.23,0,0,1,Such a drug
combinatorics,2.23,0,1,1,a branch of mathematics that studies (usually finite) collections of objects that satisfy specified criteria
atman,2.23,0,0,1,"The true self of an individual beyond identification with worldly phenomena, the essence of an individual, an infinitesimal part of Brahman."
hig,2.23,0,0,1,"A huff; a fit of passion, annoyance, or offense."
confocal,2.23,0,0,1,Any of a pair of confocal mirrors or lenses
varia,2.23,0,0,1,Alternative form of baria (“Greek diacritic”).
norovirus,2.23,0,0,1,"Norovirus, the genus of Norwalk virus, which causes gastric distress in humans."
pentatonic,2.23,0,0,1,The pentatonic scale.
headedness,2.23,0,1,1,The state or quality of having a particular type of head (in various senses).
coppin,2.23,0,0,1,A cop of thread.
anaemic,2.23,0,0,1,Alternative spelling of anemic.
zay,2.23,0,0,1,"zayin, the seventh letter of many Semitic alphabets."
acro,2.23,0,1,3,Acrobatic gymnastics.
greystone,2.23,1,1,1,Alternative form of graystone.
abid,2.23,0,0,3,slave
aarti,2.23,1,1,1,"A particular Hindu prayer ritual, involving candles made from clarified butter."
grenache,2.22,1,1,1,"A specific, widely-planted variety of red wine grape, or a wine made from such grapes."
mtx,2.22,0,0,1,Abbreviation of microtransaction.
jaish,2.22,0,0,1,An army or legion.
tawa,2.22,0,0,2,A frying pan or griddle.
testbed,2.22,0,0,1,"Any platform used for testing a scientific theory, computational tool or new technology."
schlong,2.22,0,0,1,"A penis, especially a long one."
intendant,2.22,0,0,3,The administrator of an opera house or theater.
andro,2.22,0,1,2,"A Meitei traditional type of alcoholic beverage or drink, originated from Andro village, Manipur, India."
malate,2.22,0,0,1,Any salt or ester of malic acid.
diethyl,2.22,1,1,1,Two ethyl groups attached to the same molecule.
floodwater,2.22,1,1,1,The water of a flood.
candyman,2.22,0,0,2,A male confectioner.
vivant,2.22,0,0,1,"In mort, bridge, and similar games, the partner of dummy."
workgroup,2.22,0,0,2,A group of workers engaged in a series of collaborative tasks who usually work together.
brumby,2.22,0,0,1,A wild or feral horse.
noddy,2.22,1,1,11,"A silly or stupid person; a fool, an idiot."
camerawork,2.22,1,1,1,"Skill or technique involving the use of a camera, especially a video camera."
jari,2.22,0,1,1,Alternative form of zari.
yarborough,2.22,0,0,1,"A hand, in bridge or whist, that has no card with a value greater than nine (and no aces), though in some circles it is no card above a ten."
kuku,2.22,1,1,1,An Iranian dish somewhat resembling a quiche or omelette.
lambie,2.22,0,0,1,A lamb.
melty,2.22,1,1,1,meltdown
mendy,2.22,0,1,1,Obsolete form of mehndi (“henna”).
humeral,2.22,0,0,1,An oblong scarf worn round the priest's shoulders at certain parts of the Mass and of Benediction.
minny,2.22,0,0,1,A minnow.
strategizing,2.22,0,0,1,The formulation of a strategy.
bluer,2.22,0,0,1,"A blue blazer, part of the school uniform at Harrow School."
gripper,2.22,0,0,6,A person who or thing which grips something.
luminal,2.22,0,1,1,The drug phenobarbital.
fleshlight,2.22,0,0,1,"A vagina-, anus-, or mouth-shaped sex toy which is designed to stimulate and fit around the penis to aid masturbation."
townhall,2.22,0,0,1,Alternative form of town hall.
penna,2.22,0,0,1,a contour feather
videoconferencing,2.22,1,1,1,Alternative form of video conferencing.
quintin,2.22,0,0,1,Alternative form of quintain.
podge,2.22,0,0,2,A fat person.
carlito,2.22,0,0,1,A Philippine tarsier (Carlito syrichta).
shoegaze,2.22,0,1,1,Synonym of shoegazing.
espace,2.22,0,1,1,space.
bhatti,2.22,0,0,1,An oven.
traduction,2.22,1,1,4,The act of converting text from one language to another.
infanta,2.22,0,0,1,The daughter of a king in Spain or Portugal.
jojoba,2.22,0,0,1,"Any of species Simmondsia chinensis of shrubs native to the southwestern United States and to Mexico, the only plant known to store liquid wax in its seed."
muti,2.22,1,1,1,Traditional African medicine.
nug,2.22,0,1,4,A lump; a block.
nudie,2.22,0,0,2,"Entertainment involving naked people, especially women."
freekick,2.22,0,0,1,Alternative spelling of free kick.
carcinogenesis,2.22,1,1,1,The creation of cancer cells.
vipassana,2.22,0,1,1,"Insight into the true nature of reality, namely as the three marks of existence: impermanence, suffering or unsatisfactoriness, and the realisation of nonself."
booyah,2.22,1,1,1,"A thick stew of European origin made throughout the Upper Midwestern United States, based on a broth of meat bones to which vegetables are added."
carib,2.22,0,0,1,A hummingbird of the genus Eulampis.
plushie,2.22,0,0,2,Synonym of plush toy.
fantasyland,2.22,0,0,1,Alternative form of fantasy land.
ralphie,2.22,0,0,1,A scruffy school child.
subarachnoid,2.22,0,0,1,Ellipsis of subarachnoid space.
katha,2.22,1,1,3,The recitation of a Hindu religious story.
arthouse,2.22,0,0,1,Alternative spelling of art house.
megaman,2.22,0,0,1,A very large or powerful man.
crip,2.22,0,0,2,A cripple.
autosport,2.22,1,1,1,motorsport
maca,2.22,1,1,1,"Any member of the species Lepidium meyenii, an Andean medicinal herb, or an extract of the root of this plant."
safehouse,2.22,0,0,1,"A secure location, known to only a few trusted people, suitable for hiding witnesses, agents or other persons perceived as being in danger."
weh,2.22,0,0,1,A red panda.
ebon,2.22,0,0,1,Ebony; an ebony tree.
preprint,2.21,0,0,1,A preliminary form of an academic paper that has not yet been published in a journal.
grigio,2.21,0,0,1,A Pinot Grigio wine.
texturing,2.21,0,0,1,The application of a texture to something.
corrin,2.21,0,0,1,A molecular species that contains four reduced pyrrole rings joined in a macrocycle by three -CH= groups and one direct bond; central to the cobalt-containing vitamin cobalamin.
baseband,2.21,1,1,3,The frequency range occupied by a message signal prior to modulation.
muta,2.21,0,1,1,Alternative form of mootah (“marijuana”).
haver,2.21,0,0,5,The cereal grain of cultivated oats (Avena sativa).
prepubescent,2.21,0,0,1,A person who has not begun puberty.
basmati,2.21,1,1,1,"A variety of long-grain rice, notable for its fragrance."
thana,2.21,0,0,3,A military outpost.
conservatorship,2.21,1,1,2,"The legal status of a conservator, similar to guardianship or trusteeship."
anthemic,2.21,0,0,1,A song that is suggestive of an anthem.
tachyon,2.21,0,0,2,A hypothetical particle that travels faster than the speed of light.
seki,2.21,0,0,1,"In the game of Go, a state of impasse where neither player can benefit from playing in a location"
tarnation,2.21,1,1,2,The act or process of damnation or reprobation; hell.
tamas,2.21,0,1,1,"One of the three gunas in Hindu philosophy, representing things that are inert, resistant, or dark and destructive."
gazzetta,2.21,0,0,1,"An old Venetian coin, equal to a halfpenny."
choreo,2.21,0,1,1,choreography
ghazal,2.21,0,0,1,"A poetic form mostly used for love poetry in Middle Eastern, South, and Central Asian poetry."
hattrick,2.21,0,0,1,Alternative form of hat trick; three goals in one game.
triplex,2.21,1,1,5,A building with three apartments or divisions.
kaif,2.21,0,1,1,Alternative spelling of kif.
chargeback,2.21,1,1,2,"A reversal of an accounting entry, especially of a disputed credit card transaction."
discriminant,2.21,0,0,2,"An expression that gives information about the roots of a polynomial; for example, the expression D = b² - 4ac determines whether the roots of the quadratic equation ax² + bx + c = 0 are real and dist"
quickfire,2.21,0,1,1,Fire that spreads quickly through dry vegetation.
swee,2.21,0,0,1,"A finch of species Coccopygia melanotis, found in sub-Saharan Africa."
dagmar,2.21,0,0,1,"One of the bullet-shaped protrusions on the bumpers of various 1950s cars, especially Cadillacs."
punditry,2.21,1,1,3,The state of being a pundit.
wisher,2.21,0,0,1,Someone who makes a wish
marling,2.21,0,0,1,"An application of marl to the soil, to aid agriculture."
drow,2.21,1,1,5,A member of a race of folkloric beings from Orkney and Shetland; cognate to the Scandinavian troll.
carden,2.21,0,0,1,"A garden grown inside of a car, usually in the dashboard."
towie,2.21,0,0,1,A tow truck.
joblessness,2.21,0,1,2,The state of being jobless or unemployed.
afrobeat,2.21,0,1,1,"Music that combines West African musical styles (such as traditional Yoruba music and highlife) with American funk, jazz, and soul influences, with a focus on chanted vocals, complex intersecting rhyt"
cullum,2.21,0,0,1,Alternative form of coolung.
integrin,2.21,0,0,1,Any of many heterodimeric transmembrane proteins that function as receptors in communication between cells.
mangal,2.21,0,0,2,A tropical and subtropical coastal intertidal swampland ecosystem characterized by mangroves or similar shrubs and trees.
nomen,2.21,0,0,3,"The family name of an Ancient Roman, designating their gens."
loke,2.21,0,0,4,The wicket or hatch of a door.
cyclo,2.21,0,0,2,A tuk-tuk.
nonna,2.21,0,0,1,"A grandmother, especially one with Italian ancestry."
bando,2.21,1,1,4,"A Welsh team sport related to hockey, hurling, shinty, and bandy."
owt,2.21,0,1,1,Anything.
marga,2.21,1,1,4,"The canon of established forms of classical music, dance etc., as opposed to modern or regional developments."
trompe,2.21,0,0,2,A trumpet; a trump.
lawyering,2.21,1,1,1,The practicing of law as a profession; being a lawyer.
deadass,2.21,0,0,1,A lazy or unenergetic person.
shul,2.21,0,0,1,An Ashkenazi synagogue.
ragdoll,2.21,0,0,3,A modern American breed of domestic cat with a longhair colourpoint coat that relaxes completely when picked up.
supercomputing,2.21,0,1,1,The design and use of supercomputers.
succinate,2.21,0,0,1,Any salt or ester of succinic acid.
aversive,2.21,0,0,2,A grammatical case indicating that something is avoided or feared; the evitative case.
awardee,2.21,0,0,1,The recipient of an award or special honor.
laika,2.21,0,0,1,A type of hunting dog from Russia.
snowmelt,2.21,0,1,1,Runoff from melting snow.
bogue,2.21,0,0,2,A species of seabream fish native to the eastern Atlantic (Boops boops).
strikeforce,2.21,0,0,2,A group in an organization such as the police or the army that has been trained especially for dealing with serious and urgent threats.
rasul,2.21,1,1,2,"A prophet or messenger in Islam; Muhammad, as a special messenger of God."
cornhole,2.21,1,1,3,A small room connected to a threshing floor.
perlite,2.21,0,0,2,An amorphous volcanic glass formed by the hydration of obsidian.
blackwall,2.21,0,0,1,A tyre/tire with black sidewalls.
unicellular,2.21,0,0,1,A single-celled organism; a unicell.
blackcurrant,2.21,0,0,2,"A shrub, Ribes nigrum, that produces small, very dark purple, edible berries."
phonon,2.21,0,0,2,"The quantum of acoustic or vibrational energy (sound), considered a discrete particle rather than a wave."
companys,2.21,0,0,1,Misspelling of companies.
comorbidity,2.21,1,1,3,The presence of one or more disorders (or diseases) in addition to a primary disease or disorder.
bluey,2.21,1,1,11,The metal lead.
uid,2.21,0,0,1,Alternative form of UID.
photochemical,2.21,0,0,1,Any chemical compound (such as silver halides) used in photography.
bleeping,2.21,0,0,1,An instance of bleeping; a sound that bleeps.
kier,2.21,0,0,1,A bleaching vat.
killzone,2.21,0,0,1,Alternative form of kill zone.
recommit,2.21,0,0,1,A second or subsequent commit.
kopi,2.21,0,1,2,"A variety of gypsum found in southern Australia, sometimes containing opal, and traditionally used by Indigenous Australian in powdered form as body ornamentation for mourning ceremonies."
kori,2.21,0,0,1,"The monetary unit of Kutch prior to 1947, divided into 24 dokdas."
buprenorphine,2.21,0,1,1,A semisynthetic narcotic analgesic that is administered in the form of its hydrochloride C₂₉H₄₁NO₄·HCl to control moderate to severe pain and treat opioid dependence.
graveside,2.21,0,0,1,The area immediately around a grave.
wurst,2.21,1,1,1,A German- or Austrian-style sausage.
ruckman,2.21,0,0,1,A ruck; a player who contests rucks.
olam,2.21,0,0,1,Alternative form of ollamh
ofer,2.21,0,0,1,Alternative form of oh for.
glassman,2.21,0,0,1,A person who manufactures glass.
welly,2.21,1,1,3,A Wellington boot.
byelection,2.2,0,0,1,Alternative form of by-election.
grat,2.2,0,0,1,A gratuity or tip.
sapien,2.2,0,0,1,"A human, a specimen of Homo sapiens."
handi,2.2,0,0,1,"A deep, narrow-mouthed vessel used in north Indian, Pakistani and Bengali cooking."
zeid,2.2,0,0,1,Any fish in the family Zeidae.
tempeh,2.2,1,1,1,An Indonesian food made from partially-cooked soybeans fermented by a fungus (either Rhizopus oligosporus or Rhizopus oryzae).
yola,2.2,0,1,1,cocaine
teleporter,2.2,0,0,3,A person who teleports.
commish,2.2,1,1,2,A commissioner.
casus,2.2,0,0,1,"A possible world, as a starting point for reasoning."
bolsa,2.2,0,0,1,An exchange for the transaction of business.
refried,2.2,0,0,1,Ellipsis of refried bean.
homocysteine,2.2,1,1,1,An amino acid which is monitored in the blood to estimate risk of cardiovascular disease.
hout,2.2,0,0,1,A black African.
kittel,2.2,0,0,1,"A white linen or cotton robe worn by religious Ashkenazi Jews on holidays, in the synagogue, or at home when leading the Passover seder."
wushu,2.2,0,1,2,Any Chinese martial art.
oon,2.2,0,0,1,An oven.
stour,2.2,0,0,8,A blowing or deposit of dust; dust in motion or at rest; dust in general.
cashel,2.2,0,0,1,"In early Ireland, a ringfort or a circular stone structure used for defense."
perovskite,2.2,0,0,1,"A minor accessory mineral, CaTiO₃, occurring in basic rocks, as orthorhombic crystals."
reperfusion,2.2,1,1,1,"The restoration of blood flow to an organ, after it was cut off (e.g. in an operation)."
photoreceptor,2.2,0,0,1,A specialized neuron or other structure able to detect and react to light.
khel,2.2,0,0,1,A Pashtun subtribe.
stoping,2.2,1,1,1,"The removal of the desired ore from an underground mine, leaving behind an open space known as a stope."
avoidant,2.2,0,0,2,A person who exhibits avoidance.
neurotoxicity,2.2,1,1,1,The state or property of being neurotoxic.
arad,2.2,0,0,1,A nomadic herder.
drumroll,2.2,0,0,1,Alternative spelling of drum roll.
pembina,2.2,0,0,2,"Squashberry, lowbush cranberry (Viburnum edule)."
freewill,2.2,0,1,1,Alternative form of free will.
woodblock,2.2,0,0,4,A woodcut.
delisting,2.2,0,0,1,Formal removal from an official list.
albie,2.2,0,0,1,A false albacore.
marron,2.2,0,0,2,A sweet chestnut.
kame,2.2,0,0,1,A round hill or short ridge of sand or gravel deposited by a melting glacier.
iftar,2.2,1,1,1,"The evening meal that breaks each day's fast during Ramadan, traditionally beginning with dates and water."
sulfite,2.2,0,0,1,Any salt of sulfurous acid.
quadra,2.2,0,0,3,"The plinth, or lowest member, of any pedestal, podium, water table, or the like."
quintile,2.2,0,0,3,Any of the quantiles which divide an ordered sample population into five equally numerous subsets.
bilinear,2.2,0,0,1,A bilinear function.
jund,2.2,0,0,1,An Arab military colony in the conquered lands of early caliphates.
sizzler,2.2,0,0,4,"One who, or that which, sizzles."
sidenote,2.2,0,0,1,Alternative form of side note.
veena,2.2,0,0,1,"A plucked stringed instrument with five or seven steel strings stretched on a long fretted finger-board over two gourds, used mostly in Carnatic Indian classical music."
uptrend,2.2,0,0,1,"An upward trend, or an upturn."
tubulin,2.2,0,0,2,Any of a group of proteins used as the material for microtubules.
tude,2.2,1,1,1,Alternative spelling of 'tude.
readme,2.2,0,0,1,A text file meant to be read before taking any significant action with the items it accompanies.
kumbaya,2.2,0,0,1,"Used to evoke spiritual unity and interpersonal harmony, with varying degrees of sincerity or sarcasm, as referring to the folk song."
destructor,2.2,0,0,3,One who destructs.
motorhead,2.2,0,0,2,"A car, truck, or motorcycle enthusiast."
tika,2.2,0,0,1,Alternative form of tilak (“Hindu caste mark on forehead”).
freakout,2.2,0,0,2,"A frightening or disorientating experience, especially one that results from the use of a hallucinogenic drug."
elif,2.2,1,1,1,"A conditional statement in computer code that runs after an ""if"" statement."
tayo,2.2,0,0,1,"A garment like an apron, worn by indigenous South Americans."
mouthfeel,2.2,1,1,2,A feeling (other than taste) perceived inside the mouth.
freakshow,2.2,0,0,1,Alternative spelling of freak show.
chupacabra,2.2,0,0,1,Alternative form of chupacabras.
terroir,2.2,1,1,1,"The complete set of local conditions in which a particular wine or family of wines is produced, including soil type, weather conditions, topography, and wine-making savoir-faire."
foodbank,2.2,0,0,1,Alternative spelling of food bank.
fluoro,2.2,0,0,1,A fluorescent light.
pahlavi,2.2,0,0,1,The principal gold coin of the Pahlavi dynasty (1925–1979).
teardown,2.2,0,0,2,A well-maintained structure purchased and torn down to make way for a new structure.
coronel,2.2,0,0,2,Alternative form of cronel.
waterslide,2.2,0,0,1,Alternative form of water slide.
zoonotic,2.2,0,0,1,Synonym of zoonosis.
bandaid,2.2,0,0,1,Alternative spelling of band-aid.
inseam,2.2,0,0,1,The seam of a trouser up the inside of the leg.
bailie,2.2,0,0,3,A bailiff.
beltline,2.2,0,0,2,"The imaginary line marking the upper end of the lower body of an automobile, running just below the bottoms of the windows"
hatha,2.2,0,1,1,The fundamental form of yoga that focuses on asanas
tmg,2.2,0,0,2,"Trimethylgallium, the most preferred metalorganic source of Gallium used in MOCVD of compound semiconductors for opto-electronics applications."
cuatro,2.2,0,0,1,Any of several stringed instruments of Latino origin; a Venezuelan ukulele-like instrument with four strings; a Puerto Rican violin-like instrument with ten strings in five courses (most commonly).
halim,2.2,0,1,1,Alternative form of haleem (“stew-like dish”).
riddim,2.2,1,1,2,"An instrumental version of a song in Jamaican or Caribbean music, usually with a drum pattern and a prominent bassline, meant to be reused as a backing track in other productions."
etoile,2.2,0,0,2,Alternative form of estoile.
boyo,2.2,0,0,2,A boy or lad.
firebombing,2.2,0,0,1,An attack with a firebomb.
leet,2.2,0,1,6,"A portion or list, especially a list of candidates for an office; also the candidates themselves."
chemotherapeutic,2.2,0,0,1,A chemical agent used in chemotherapy
backpage,2.2,0,0,1,Alternative form of back page.
flav,2.2,0,0,1,"A member of the species Drunella flavilinea, a species of spiny crawler mayfly found in Central and North America as far north as Canada, used in fly fishing."
vore,2.2,0,1,1,"The genre of creative work appreciated by vorarephiles, involving characters being eaten or swallowed, or any creative works that fall under this category."
gelder,2.2,0,0,1,One who gelds or castrates.
gcd,2.2,0,0,1,Initialism of greatest common divisor.
overwintering,2.2,1,1,2,The action of overwintering.
overworld,2.2,0,0,5,The celestial world.
pudsey,2.2,0,0,1,Alternative form of pudsy.
tanna,2.2,0,0,1,Alternative form of thana.
calzone,2.2,0,0,1,"A baked Italian turnover made of pizza dough and stuffed with tomato, cheese and other toppings."
smee,2.19,0,0,1,"The pintail, wigeon, pochard, or smew."
gameshow,2.19,0,0,1,Alternative spelling of game show.
carvel,2.19,0,0,2,"Synonym of caravel (“a light, usually lateen-rigged sailing ship”)."
photogrammetry,2.19,0,1,2,The making of precise measurements from photographs.
mimetic,2.19,0,0,3,Something mimetic or imitative.
univariate,2.19,0,0,1,A polynomial or function with only one variable
kesh,2.19,0,1,2,"The practice of allowing one's hair to grow naturally, one of the five Ks."
magisterium,2.19,0,0,3,The teaching authority or office of the Roman Catholic Church.
hardstyle,2.19,0,1,2,"A genre of electronic dance music that combines elements of trance, techno, and hardcore, with origins in the Netherlands and Belgium."
macha,2.19,0,0,1,best friend
mafic,2.19,0,0,1,A rock with such properties.
grom,2.19,0,0,1,"A young surfer, wakeskater, wakeboarder, snowboarder, skimboarder, skateboarder, or kiteboarder."
tengu,2.19,0,0,1,"A mythical Japanese creature, typically birdlike and having a long nose."
sadhana,2.19,0,1,1,A spiritual practice or discipline leading to a goal.
ziff,2.19,0,0,3,A beard.
doucet,2.19,0,0,2,A sweetened dish.
knorr,2.19,0,0,1,Alternative form of knarr (“large merchant ship used in mediaeval Scandinavia”).
hoedown,2.19,0,0,3,A type of American folk or square dance.
decima,2.19,0,0,4,"A tenth, particularly"
gumby,2.19,0,0,1,An inexperienced climber.
spader,2.19,0,0,1,"One who, or that which, spades; specifically, a digging machine."
gaijin,2.19,0,0,2,A non-Japanese person.
busk,2.19,0,0,3,"A strip of metal, whalebone, wood, or other material, worn in the front of a corset to stiffen it."
snapback,2.19,0,0,3,The reimposition of an earlier and usually higher tariff.
shayla,2.19,0,0,1,"A traditional Islamic headcovering worn by some Muslim women to observe sartorial hijab; typically wrapped and pinned, and sometimes worn as a partial niqab (veil for the face)."
vika,2.19,0,0,1,"A large, tree-dwelling rodent (Uromys vika) found in the Solomon Islands"
shiller,2.19,0,0,1,One who shills: Synonym of shill.
freeride,2.19,0,1,1,"A form of mountain biking closely related to downhill biking and dirt jumping, focused on tricks, style, and technical trail features."
balla,2.19,0,0,1,"Alternative form of baller (all senses except ""person who divides molten metal"")"
garg,2.19,0,0,1,A gargoyle.
sey,2.19,0,0,1,A cut of beef.
carpaccio,2.19,1,1,1,"Thinly sliced raw beef or tuna, usually served as an appetizer."
shir,2.19,0,0,1,Alternative form of shirr.
dreamscape,2.19,0,0,1,The landscape within a dream.
dramedy,2.19,1,1,2,A genre of film or television that lies somewhere between drama and comedy.
monseigneur,2.19,0,0,2,"An honorific form of address for an eminent person in France, especially under the Ancien Régime."
daimyo,2.19,0,0,1,A lord during the Japanese feudal period.
sweeting,2.19,0,0,2,A sweet apple.
erector,2.19,0,0,4,"A person who, or a device which erects."
essentialism,2.19,1,1,5,The view that objects have properties that are essential to them.
borgo,2.19,0,0,1,A small Italian village.
arkwright,2.19,0,0,1,A maker of cabinets or chests.
dropdown,2.19,0,0,1,An instance of a selection object that hides the contents (especially the other choices) until activated.
bimini,2.19,0,0,1,"A lightweight cover, usually made of fabric stretched on a metal frame which is readily removable, for the cockpit or deck of a speedboat or sailboat."
chapbook,2.19,0,0,1,"A small book, usually made from a single sheet, folded several times, containing poems, ballads or religious tracts."
pisco,2.19,1,1,1,"A liquor distilled from grapes (a brandy) made in wine-producing regions of Peru and Chile. It is the most widely consumed spirit in Argentina, Bolivia, Chile and Peru."
kapp,2.19,0,0,1,A headcovering worn by many women of certain Anabaptist Christian traditions (especially Mennonites and Amish) for religious reasons.
cmm,2.19,0,0,1,Abbreviation of cubic millimetre.
froot,2.19,0,0,1,"A boot (storage compartment) located at the front rather than the rear of a car, especially an electric vehicle."
repub,2.19,0,1,2,Clipping of republished.
fiori,2.19,0,1,1,A form of decorative extruded pasta.
coady,2.19,0,1,1,"A sauce, usually made from boiled molasses, spices, and an acid such as vinegar or lemon juice."
biffy,2.19,0,0,2,A toilet.
swingman,2.19,0,0,1,"A player who can swing between two different positions, often the small forward and shooting guard positions in basketball."
trou,2.19,0,1,2,Trousers.
paracord,2.19,1,1,1,"A lightweight nylon rope, originally used for the suspension lines of parachutes."
chikungunya,2.19,0,1,1,"A viral fever caused by the Chikungunya virus, an alphavirus spread by mosquito bites."
pulver,2.19,1,1,1,Powder.
gim,2.19,0,1,1,Edible seaweed in Korean cuisine.
wildling,2.19,0,0,2,"A wild, i.e. not cultivated, plant."
widowmaker,2.19,0,0,1,Alternative form of widow-maker.
habibi,2.19,0,0,1,Alternative form of habib.
postmodernist,2.19,0,0,1,An advocate or follower of postmodernism.
sexualization,2.19,1,1,1,The act or process of sexualizing.
cosmodrome,2.19,0,0,1,"A site for launching spacecraft, usually in reference to such Soviet or Russian built sites as the Baikonur, Kazakhstan and Plesetsk, Russia cosmodromes."
chitosan,2.19,0,0,1,"An oligosaccharide derived from chitin, sometimes used in the absorption of fat"
curcumin,2.19,1,1,1,"A polyphenol (1E,6E)-1,7-bis(4-hydroxy-3-methoxyphenyl)hepta-1,6-diene-3,5-dione; a major constituent of the spice turmeric."
marchesa,2.19,0,0,1,An Italian marchioness.
senora,2.19,0,0,1,Alternative spelling of señora.
consol,2.19,0,0,2,"Abbreviation of consolidated annuity: A perpetual bond issued by the United Kingdom, from the 18th century."
locomotor,2.19,0,0,1,Something that is capable of locomotion.
cosmopolitanism,2.19,1,1,3,The quality of being cosmopolitan.
dysregulation,2.19,0,0,1,A failure to regulate properly.
makepeace,2.19,0,0,2,A peacemaker; one who reconciles persons at variance with one another; a composer of strife; an adjuster of differences.
rostral,2.19,0,0,1,A scale in reptiles on the median plate of the tip of the snout that borders the mouth opening.
thrifting,2.19,0,1,1,"Shopping for cheap items, as for example at a garage sale, flea market, or thrift shop."
dewatering,2.19,1,1,2,"Any of various techniques for the removal of water, either from a solid or from a structure."
fortin,2.19,0,0,1,A small fort; a fortlet.
powerup,2.19,0,0,1,Alternative spelling of power-up.
loverboy,2.19,0,0,2,"A male lover, especially a young one."
broadleaf,2.19,1,1,2,"A tree (Terminalia latifolia, now Terminalia catappa) of Jamaica."
embarcadero,2.19,0,0,1,A quay; a wharf.
coromandel,2.19,1,1,2,Synonym of calamander.
mudge,2.19,0,1,1,mud; sludge
ison,2.19,0,0,1,Accompanying drone in Byzantine music.
projet,2.19,0,0,1,A proposed plan; a draft or project.
zerg,2.19,0,0,1,A very large group of units or players.
grabby,2.18,0,0,1,"Humanlike hand of some animals, mainly rodents and primates."
cadherin,2.18,0,0,1,Any of a class of transmembrane proteins important in maintaining tissue structure.
maharishi,2.18,0,0,1,A teacher of Hindu mysticism.
caird,2.18,0,0,1,A travelling tinker or a tramp.
churro,2.18,0,0,1,"A fried pastry from Spain, typically eaten as a dessert and with chocolate beverage."
deni,2.18,0,0,1,"A subdivision of currency, equal to 0.01 Macedonian denar."
tattersall,2.18,1,1,1,A fabric pattern containing squares of dark lines on a light background.
beatbox,2.18,0,0,1,A type of electronic percussion device.
lookbook,2.18,0,0,3,"A comprehensive directory of fashion-related companies and people, such as fashion designers, industry figures, brands and retail stores."
beatboxing,2.18,0,1,1,"The practice of using one’s mouth, lips, tongue, voice, etc. as a percussive instrument to create beats, rhythms and melodies for music, mainly hip hop."
intestate,2.18,0,0,1,A person who dies without making a valid will.
mutch,2.18,0,0,2,A nightcap (hat worn to bed).
classism,2.18,0,1,1,"Discrimination or prejudice that is based on social class, especially against those of lower social class."
tiburon,2.18,0,0,1,"A shark; now specifically, Sphyrna tiburo or Negaprion brevirostris."
gue,2.18,0,0,2,A kind of fiddle or violin played on the Shetland Islands.
harewood,2.18,0,1,1,"stained sycamore maple wood, used in cabinet making"
crutcher,2.18,0,0,2,A vessel in which the ingredients of soap are stirred with a crutch (form of prop).
roop,2.18,0,0,1,Hoarseness.
northbridge,2.18,0,0,1,A microchip connected directly to the CPU (unlike the southbridge) and thus responsible for tasks that require the highest performance.
intercooler,2.18,0,0,1,A heat-exchange device located between other devices or processes.
tant,2.18,0,0,1,A tantalum capacitor.
operant,2.18,0,0,2,An operative person or thing.
dut,2.18,0,0,1,A snug woolly hat.
jetlag,2.18,0,0,1,Alternative spelling of jet lag.
rosalia,2.18,0,0,1,"A form of melody in which a phrase or passage is successively repeated, each time a tone or semi-tone higher or lower"
puy,2.18,0,0,2,"Any of several cone-shaped hills in the Auvergne, France that are the remains of extinct volcanos."
anthro,2.18,1,1,3,Anthropology.
appy,2.18,0,0,6,An appetizer.
gogglebox,2.18,0,0,1,Alternative spelling of goggle box.
brewhouse,2.18,0,0,1,"The part of a brewery where the wort is made, as contrasted with the cellars and warehouses; a brewery (sometimes synonymous in cases involving a single building)."
clownfish,2.18,0,0,1,"Any of the colorful fish of genera Amphiprion and Premnas in subfamily Amphiprioninae of family Pomacentridae, native to the Pacific and Indian Oceans, notable for their mutual relationship with sea a"
coombe,2.18,0,0,1,Alternative form of combe.
indwelling,2.18,0,0,1,"A dwelling within, especially lodgement or habitation in the mind or soul."
traipsing,2.18,1,1,1,Laborious walking.
mechatronics,2.18,0,1,1,"The synergistic combination of mechanical engineering, electronic engineering and software engineering for the study of automata from an engineering perspective and the control of advanced hybrid syst"
qutb,2.18,0,0,1,One of the Sufi spiritual leaders of a particular era.
ensuite,2.18,0,0,1,"A private bathroom connected to a bedroom, as in an apartment or hotel room."
reappointment,2.18,1,1,1,An act of reappointing.
netter,2.18,0,0,2,"One who nets (in any sense), or who uses a net."
trow,2.18,1,1,4,Trust or faith.
tripwire,2.18,0,0,2,"A cord or wire arranged so that when snagged or pulled by an intruder, it will trigger a detector or trap or a device, such as a land mine."
kennet,2.18,0,0,1,A small hunting dog
replicant,2.18,0,0,2,"A robot or artificial being that is an exact copy of a genuine lifeform, especially a human."
downtrend,2.18,0,0,1,Any gradual movement towards a lower state or value.
collectivity,2.18,1,1,2,The condition of being collective.
datasheet,2.18,0,0,2,A document summarizing the performance and other technical characteristics of a product.
comandante,2.18,0,0,1,commandant
landward,2.18,0,1,1,The side facing land.
stormer,2.18,0,0,2,Someone who storms.
personalisation,2.18,1,1,1,Non-Oxford British English standard spelling of personalization.
readymade,2.18,0,0,1,Alternative form of ready-made.
rappelling,2.18,0,1,1,A method used to descend heights with a rope.
stromboli,2.18,0,0,1,"A type of turnover filled with various cheeses, typically mozzarella, and Italian meats such as salami, capicola and bresaola."
vang,2.18,0,0,1,A line extended down from the end of a gaff to regulate its position.
kagome,2.18,0,0,2,"An arrangement of laths composed of interlaced triangles such that each point where two laths cross has four neighboring points. Although called a lattice, it is more closely related to the trihexagon"
kahuna,2.18,0,0,2,A priest or priestess of the traditional Hawaiian religion.
valk,2.18,0,0,1,valkyrie
highpoint,2.18,0,0,1,Alternative form of high point.
hermeneutic,2.18,0,0,1,"A particular theory of hermeneutics; a particular method of interpretation of text, especially holy texts."
wheatland,2.18,0,0,1,An area where wheat is produced.
superglue,2.18,1,1,1,"A very strong and instant glue, generally cyanoacrylate."
kairos,2.18,0,0,1,A time when conditions are right for the accomplishment of a crucial action; the opportune and decisive moment.
spurting,2.18,0,0,1,The act of something that spurts.
recordkeeping,2.18,0,1,1,"The creation, collection and management of records, especially of a business or governmental nature."
bomberman,2.18,0,0,1,A male bomber (person who sets bombs)
stably,2.18,0,1,1,A medieval hunting practice in which a group of hunters and hounds are stationed around the perimeter of a wood during a hunt to prevent the escape of the game.
kranz,2.18,0,0,1,Alternative form of krantz.
microenvironment,2.18,0,0,3,A very small area that has different characteristics than its surroundings; the milieu (set of conditions) within this area.
bottega,2.18,0,0,1,A workshop or studio in Italy.
burd,2.18,0,0,1,"maiden, young woman"
homotopy,2.18,1,1,5,A continuous deformation of one continuous function or map to another.
nazim,2.18,0,0,1,The chief elected official of a local government in Pakistan.
atma,2.18,0,0,1,Alternative form of atman.
hoovering,2.18,1,1,1,The act of cleaning using a vacuum cleaner.
merengue,2.18,1,1,3,"A type of music common in the Caribbean, originally associated with the Dominican Republic."
petre,2.18,0,1,2,saltpetre
doit,2.18,0,0,3,"A small Dutch coin, equivalent to one-eighth of a stiver."
regex,2.18,0,0,1,Clipping of regular expression.
embryogenesis,2.18,0,1,1,The process by which an embryo is formed and develops.
bunton,2.18,0,0,1,A wooden cross-stay in a shaft; a support for shaft slides.
sandhill,2.18,0,0,2,A dune or sandpile.
rukia,2.18,0,0,1,"Any bird of the genus Rukia, native to Micronesia."
gurdwara,2.18,0,0,1,A Sikh place of worship.
guruji,2.18,0,0,1,A guru or spiritual teacher.
cruciform,2.18,0,0,2,A cross shape in DNA; a Holliday junction.
reeducation,2.18,1,1,2,The act of educating again or anew so as to rehabilitate or adapt to new situations.
sportsbook,2.18,0,0,1,"A place where a gambler can bet on various sports competitions; the company that runs it; the website that is its online presence. (Most such companies offer online betting, subject to geofencing by s"
switchback,2.17,0,0,5,"A railway track on a steep slope in a zigzag formation, in which a train travels in a reverse direction at each switch."
cliffside,2.17,0,0,1,The side of a cliff.
marceline,2.17,1,1,1,A thin silk fabric used for linings etc. in hats and ladies' dresses.
withal,2.17,0,1,1,The means; the wherewithal.
brickman,2.17,0,0,3,A brickmaker.
swarthy,2.17,0,0,1,A swarthy person.
heartedness,2.17,1,1,2,The state or quality of being hearted.
amrit,2.17,0,1,1,Alternative form of amrita.
trattoria,2.17,0,0,1,"A small, informal Italian-style restaurant."
germline,2.17,0,0,1,Those cells of an individual that have genetic material that could be passed to offspring; the source of gametes.
espada,2.17,0,0,1,A matador.
environ,2.17,0,0,1,A surrounding area or place (especially of an urban settlement); an environment.
qubit,2.17,0,0,1,A quantum bit; the basic unit of quantum information described by a superposition of two states; a quantum bit in a quantum computer capable of being in a state of superposition; A binary qudit.
dually,2.17,0,0,1,A pickup truck with four wheels on the rear axle.
oopsie,2.17,0,0,1,Alternative spelling of oopsy.
tabla,2.17,0,0,1,"A pair of tuned hand drums, used in various musical genres of the Indian subcontinent, that are similar to bongos."
covariant,2.17,0,0,2,"A bihomogeneous polynomial in x, y, ... and the coefficients of some homogeneous form in x, y, ... that is invariant under some group of linear transformations."
goog,2.17,0,0,1,An egg.
rooker,2.17,0,0,1,A person who rooks (cheats or swindles).
thew,2.17,0,0,4,"An attractive physical attribute; also, physical, mental, or moral strength or vigour."
corpo,2.17,0,0,2,"A person, especially an executive, who works for or serves the interests of a big business or corporation."
monotherapy,2.17,0,0,1,A therapy which is administered by itself
bicolor,2.17,0,0,1,Alternative form of bicolour.
interdimensional,2.17,0,0,1,A hypothetical being that can move between dimensions.
vives,2.17,0,1,1,"A disease of animals, especially horses, based in the glands under the ear, where a tumour is formed which sometimes ends in suppuration."
hayride,2.17,0,0,1,A recreational ride in a vehicle full of hay.
apostolate,2.17,0,0,2,"The office, or responsibilities of an apostle."
glottal,2.17,0,0,1,A sound made with the glottis
theming,2.17,1,1,1,The application of a theme.
watchmaking,2.17,0,1,1,The making (and repairing) of watches.
nonlethal,2.17,0,0,1,Alternative form of non-lethal.
sclerotic,2.17,0,0,1,Synonym of sclera.
toko,2.17,0,1,2,"A shop in the Netherlands selling mainly Asian food products, and generally Asian- or Indo-European-owned."
eidolon,2.17,0,0,3,"An image or representation of an idea; a representation of an ideal form; an apparition of some actual or imaginary entity, or of some aspect of reality."
loveday,2.17,0,0,2,A day appointed for a meeting intended to amicably resolve a dispute; also the meeting held on such a day.
chur,2.17,0,0,1,An island or shoal in a river.
teil,2.17,0,0,1,"The lime tree, or linden."
beaucoup,2.17,0,0,1,An abundance.
cineplex,2.17,0,0,1,A cinema having multiple theatres (showing rooms).
adamantium,2.17,0,1,1,A fictional metal which is indestructible or nearly so.
boneyard,2.17,0,0,4,A graveyard.
zog,2.17,0,0,1,Alternative form of ZOG.
adoptable,2.17,0,0,3,A person or animal that is eligible to be adopted.
bucko,2.17,0,0,2,A boastful or bullying man.
objectivism,2.17,1,1,4,The state of being objective; objectivity.
earmuffs,2.17,0,0,1,"A headphone-like device designed to cover a person's ears for protection against cold or noise. They consist of a thermoplastic or metal head-band, that fits over the top of the head, and a pad at eac"
mero,2.17,0,0,2,Any of several large groupers of warm seas.
combinator,2.17,0,0,1,A lambda expression which has no free variables in it.
creo,2.17,0,0,1,Clipping of creationist.
stallman,2.17,0,0,2,"A male stallholder, especially one who sells books."
fud,2.17,1,1,2,Alternative form of fuddy-duddy.
regolith,2.17,1,1,1,"The layer of loose rock, dust, sand, and soil, resting on the bedrock, that constitutes the surface layer of most dry land on Earth, the Moon, and other large solid aggregated celestial objects. Subma"
catenin,2.17,0,0,1,Any of a class of proteins that have a role in cell adhesion.
stapling,2.17,0,0,1,The act by which something is stapled.
snowmobiling,2.17,0,1,1,The use of a snowmobile for amusement.
unelectable,2.17,0,0,1,"A person who is unable, unlikely, or unfit to be elected to office."
unibody,2.17,1,1,4,An automobile construction technique in which the body is integrated into a single unit with the chassis rather than having a separate body-on-frame.
danza,2.17,0,1,1,A Puerto Rican music genre associated with ballroom dancing.
cogeneration,2.17,0,1,3,The production of heat and/or power from the waste energy of an industrial process.
armorial,2.17,0,0,1,"A book etc concerning heraldry, especially a collection of coats of arms."
backfill,2.17,1,1,4,The material that has been used to refill an excavation.
pils,2.17,1,1,1,Pilsner.
doy,2.17,0,0,1,A term of address to a young child.
boulanger,2.17,1,1,1,Eggplant; aubergine.
darr,2.17,0,0,1,"A bird, the black tern."
sug,2.17,0,0,1,sugar; sweetheart (as a term of endearment)
sugarman,2.17,0,0,1,A worker in sugar production.
defensor,2.17,0,0,3,one who defends; a defender
shroff,2.17,0,0,3,"A provider of financial services, especially a small-scale independent banker or money changer or (historical) a local expert at detecting bad coin."
whitespace,2.17,1,1,1,Alternative form of white space.
pitter,2.17,0,0,1,A device that removes pits from fruit such as olives or cherries.
alco,2.17,0,0,2,"A small South American dog, domesticated by the natives, now thought to be extinct."
manju,2.17,0,0,1,"A traditional Japanese confection; most have an outside made from flour, rice powder, kudzu, and buckwheat, and a filling of red bean paste, usually made from boiled azuki beans and sugar; in Hawaii, "
homescreen,2.17,0,0,1,The main or first interface shown in a graphical user interface.
fastback,2.17,0,0,1,A motor car having a continuous slope from the roof to the rear.
laneway,2.17,0,0,1,A narrow roadway; a lane
strapon,2.17,0,0,1,Alternative spelling of strap-on.
daye,2.17,0,0,2,Alternative form of dhye (“wet-nurse”).
enforceability,2.17,0,1,1,The quality of being enforceable.
emerg,2.17,0,0,1,The emergency department of a hospital.
lockscreen,2.17,0,0,1,Alternative form of lock screen.
emptier,2.17,0,0,1,"A person who, or device which empties."
emption,2.17,0,1,1,The act of buying; purchase.
incapacitation,2.17,1,1,2,The act of incapacitating or state of being incapacitated; incapacity; disqualification.
rito,2.17,0,1,2,"The young leaves of the coconut palm, used in traditional weaving in the Pacific."
tottering,2.17,0,0,1,The movement of one who totters.
genny,2.17,0,0,2,A person from the suburbs who moves to a low-income urban area.
renminbi,2.17,0,0,1,The official currency of the People's Republic of China.
lovat,2.16,1,1,1,A dusty blue-green colour.
fod,2.16,0,0,1,"forehead, particularly a large one"
princeps,2.16,0,0,3,The title of the Roman emperor during the principate.
dermatological,2.16,0,0,1,Such a drug or preparation
luan,2.16,1,1,1,Alternative spelling of lauan.
mailroom,2.16,0,0,1,A room used for receiving and (usually) sending mail.
derecho,2.16,0,0,1,"A windstorm characterized by strong, straight-line winds."
chook,2.16,0,0,4,"A chicken, especially a hen."
benda,2.16,0,0,1,"An old Guinean unit of mass, equivalent to 0.0642 kilograms."
cyclocross,2.16,0,1,1,"A form of bicycle racing consisting of many laps of a short course featuring pavement, wooded trails, grass, steep hills and obstacles and requiring the rider to quickly dismount, carry the bike whils"
tola,2.16,0,0,2,"A unit of mass used in India, equal to the mass of a silver rupee coin, fixed at 180 troy grains (11.663 8038 grams) in 1833, and of a similar but slightly variable value before that date."
dyadic,2.16,0,0,1,The sum of two or more dyads
paperwhite,2.16,0,0,2,"A bulbous perennial, of species Narcissus papyraceus, native to the Mediterranean region, with fragrant bunches of white flowers."
gotch,2.16,0,0,1,Men's underwear.
odum,2.16,0,0,1,"Synonym of mvule (""a tree of species Milicia excelsa"")"
monolayer,2.16,0,0,2,A layer of material that is one molecule thick
monocular,2.16,0,0,2,A monocle.
moksha,2.16,0,1,1,"In Indian philosophy and theology, the final liberation of the soul or consciousness from samsara and the bringing to an end of all the suffering involved in being subject to the cycle of reincarnatio"
chaya,2.16,0,0,3,A teahouse in Japan.
frontcourt,2.16,0,0,2,The half of the court where a team's offensive basket is located.
enviro,2.16,0,0,1,An ecofreak.
ducting,2.16,0,0,1,ductwork
dalal,2.16,0,0,1,A broker; a middleman.
archy,2.16,0,1,1,A political theory or practice that supports hierarchy and authority; the opposite of anarchy.
newsmagazine,2.16,0,0,1,Alternative spelling of news magazine.
jota,2.16,0,0,2,A traditional popular dance of the Iberian peninsula with regional variations.
bester,2.16,0,0,1,A fraudulent bookmaker.
trackside,2.16,0,0,1,The area that borders a track.
ansa,2.16,0,0,2,"The most protruding part of planetary rings as seen from a distance, perceived to project like handles on either side of the disc of the planet."
incognita,2.16,0,0,2,A woman who is unknown or in disguise.
equipe,2.16,0,0,1,Alternative form of équipe (“a team”).
cama,2.16,0,0,1,A hybrid animal produced by breeding a camel and a llama.
bridie,2.16,0,0,1,"A Scottish meat pastry, similar to a Cornish pasty."
circulator,2.16,0,0,3,A person or thing that causes something to circulate
bandura,2.16,0,0,1,"A Ukrainian plucked stringed instrument with a tear-shaped body, like an asymmetrical lute or a vertical zither, which is played with both hands while held upright on the lap."
sexo,2.16,0,1,2,A sexual offender.
lumpkin,2.16,0,0,1,"A clumsy, heavy, stupid, silly or blundering person."
iwi,2.16,0,0,1,"An extended group of Maori kin groups or families, sharing common ancestry; a tribe. (An iwi is smaller than a waka and larger than a hapu.)"
denuclearization,2.16,1,1,1,The act or process of denuclearizing.
laze,2.16,1,1,3,An instance of lazing.
kanga,2.16,0,0,3,"A comb, required to be worn at all times by Sikhs, one of the five Ks."
nametag,2.16,0,0,1,A tag with one's name inscribed on it.
fictive,2.16,0,0,1,"A headmate who is in some way a character from a fictional work, whether in inspiration, form, or identity. Originally popularized with soulbonds, and also used for fictional introjects and dissociati"
danceable,2.16,0,0,2,A social event with dancing; a ball.
mixup,2.16,0,0,1,Alternative form of mix-up.
ranga,2.16,0,0,1,An orange-haired or red-haired person.
hirsute,2.16,0,0,1,Someone or something that is hirsute.
kayser,2.16,0,0,1,"A unit of wavenumber in the CGS system of units, equivalent to the number of waves in one centimeter."
statism,2.16,0,1,6,Synonym of secularism: subservience of religious issues to political officials and expediency.
piledriver,2.16,0,0,4,A very hard shot.
autocar,2.16,0,0,1,A road vehicle powered by steam or electricity rather than by traction.
gamertag,2.16,0,0,1,A pseudonym by which an individual playing an online game with others is identified
homestand,2.16,0,0,1,A series of games played at a team's home field
matsu,2.16,0,0,1,"Pinus thunbergii, the Japanese pine."
subparagraph,2.16,0,0,1,"Part of a longer paragraph that can be considered alone, as in a legal document."
dione,2.16,0,0,1,diketone
ragu,2.16,1,1,1,Alternative spelling of ragù.
netizen,2.16,0,0,1,A member of the community of Internet users.
kix,2.16,0,0,1,Alternative form of kex.
agroforestry,2.16,0,1,1,An agricultural approach of using the interactive benefits from combining trees and shrubs with crops and/or livestock.
reformulation,2.16,1,1,2,The act of formulating anew.
renate,2.16,0,0,1,Any animal with a kidney.
gummer,2.16,0,0,3,A person or machine that applies gum.
celadon,2.16,0,1,3,"A pale green colour, possibly tinted with gray."
earworm,2.16,0,0,3,"A tune that keeps replaying in one's head or that one keeps thinking about, especially if unwanted."
objectivist,2.16,0,0,1,An advocate of objectivism.
yachty,2.16,0,0,1,A yachtsman or yachtswoman.
orl,2.16,0,0,2,An alder tree.
metastable,2.16,0,0,1,"A particle, etc. in the metastable state."
agung,2.16,0,0,1,A gong used in the Philippines and Indonesia.
culottes,2.16,0,0,1,A type of loose shorts which look like a skirt; a divided skirt.
methacrylate,2.16,0,0,2,"Any salt or ester of methacrylic acid, especially an ester used in the manufacture of resins and plastics."
guapo,2.16,0,1,1,Alternative form of gwop.
ebit,2.16,0,0,1,An entangled bit (in a quantum computer)
bullcrap,2.16,0,1,1,Bullshit.
paclitaxel,2.16,0,1,1,"A taxane antineoplastic drug C₄₇H₅₁NO₁₄ originally isolated from the bark of the Pacific yew, Taxus brevifolia, but now typically derived as a semisynthetic product of the English yew; it interferes w"
samiti,2.16,0,0,1,A local political association
absorbable,2.16,0,0,1,A material that can be absorbed.
electable,2.16,0,0,1,A person who is able or fit to be elected to office.
crewmember,2.15,0,0,1,A member of a crew.
sambal,2.15,1,1,1,A hot relish made from chili peppers and other ingredients.
samsonite,2.15,0,1,1,"A black, monoclinic silver manganese antimony sulfosalt mineral."
negara,2.15,0,0,1,A constituent state of Indonesia when it was under Dutch control.
horcrux,2.15,0,0,2,"In Harry Potter, an object in which a wizard has concealed a part of their soul through magic, rendering them immortal until the object is irreparably damaged or destroyed."
hardwork,2.15,0,1,1,Alternative form of hard work.
wendigo,2.15,0,0,2,"A malevolent and violent cannibal spirit found in Anishinaabe, Ojibwe, and Cree mythology, which is said to inhabit the body of a living person and possess him or her to commit murder."
sango,2.15,0,0,2,A sandwich.
makan,2.15,0,1,1,Food.
sparrowhawk,2.15,0,0,4,"A Eurasian sparrowhawk, Accipiter nisus, a small, short-winged European hawk that preys on smaller birds."
homebuyer,2.15,0,0,1,A person who buys or plans to buy a house.
redbook,2.15,0,0,1,Alternative form of red book
fuckwit,2.15,0,0,2,A very stupid person.
hooley,2.15,0,0,2,"A noisy celebration or party; also, an evening of traditional music and dance."
kampung,2.15,0,0,2,A traditional village.
raad,2.15,0,0,2,An assembly in one of the Boer republics of South Africa.
natch,2.15,0,0,2,"The rump of beef, especially the lower and back part of the rump."
susu,2.15,0,0,1,"An informal money pooling scheme practised in Africa, the Caribbean, and some immigrant communities."
gigafactory,2.15,0,0,2,A very large manufacturing facility.
corniche,2.15,0,0,1,"A road built on a ledge (cliff), especially along water (a river, sea, etc)."
rajon,2.15,0,0,1,Alternative spelling of raion.
mnt,2.15,0,1,1,Abbreviation of maleonitriledithiolate.
subfield,2.15,0,0,2,"A smaller, more specialized area of study or occupation within a larger one"
tule,2.15,0,0,2,"Any of a number of large freshwater sedges of western North America formerly classified in the genus Scirpus, but now mostly as Schoenoplectus"
hypervisor,2.15,0,0,1,"A firmware or software system that provides a virtual machine and allows it to operate directly on underlying hardware (instead of via emulation), but within specified constraints."
hythe,2.15,0,0,1,A landing-place in a river; a harbour or small port.
structuralist,2.15,0,0,1,An advocate or follower of structuralism.
tweaker,2.15,0,0,5,A person who tweaks something.
functor,2.15,0,0,4,A function word.
tsun,2.15,0,0,1,Dated form of cun (“Chinese unit of length”).
homeware,2.15,1,1,1,"Furnishings for the home, such as furniture and cushions."
bisphenol,2.15,0,0,1,"Any of a class of organic compounds, derived from methylenediphenol, CH₂(C₆H₄OH)₂, formed by the condensation of a phenol with an aldehyde or ketone."
khon,2.15,0,1,1,A Thai form of dance with music and narration.
kegel,2.15,0,0,2,The pubococcygeal muscles.
boma,2.15,1,1,7,"An enclosure usually made of thorn bushes, and latterly of steel fencing, for protection from marauders."
higashi,2.15,0,0,4,The (more prestigious) right-hand side of the banzuke.
daman,2.15,0,0,1,The rock hyrax.
yoi,2.15,0,1,2,"A preparatory position in karate, with the arms slightly forward, elbows slightly bent, and fists closed."
chitra,2.15,0,1,2,A sandfly.
jehu,2.15,0,0,1,"A coachman; a driver; especially, one who drives furiously."
mourne,2.15,0,0,1,Alternative spelling of morne
energetics,2.15,0,1,3,The field of study focused on the flow and transformation of energy.
roon,2.15,0,0,1,A shred or remnant (usually of cloth).
dialer,2.15,0,0,2,"A person or device that dials, as using a telephone."
pano,2.15,0,1,2,A panoramic image.
chron,2.15,0,0,1,A period of time between two geomagnetic reversals.
propionate,2.15,0,0,1,Any salt or ester of propionic acid.
bundt,2.15,0,0,1,"A baking pan with a hollow, circular, raised area in the middle."
waterworld,2.15,0,0,1,A planet or other large environment that is dominated by water.
delt,2.15,0,0,1,The deltoid muscle.
sendoff,2.15,0,0,4,A demonstration of affection and well-wishing to someone leaving a place or group to begin a new undertaking; a farewell.
jobsite,2.15,0,0,1,"A physical location where work is done, especially construction work."
designator,2.15,0,0,2,"A person who, or term that, designates."
impaler,2.15,0,0,1,One who impales.
brinkman,2.15,0,0,1,One who advocates for brinkmanship.
nightlight,2.15,1,1,2,"A small, dim light or lamp left on overnight."
edamame,2.15,1,1,1,Fresh green soybeans boiled as a vegetable.
cadastral,2.15,0,0,1,A cadastre.
magnon,2.15,0,0,1,A quantum of a spin wave.
taupo,2.15,0,0,1,"In Samoan culture, a ceremonial virgin, the daughter of a village chief."
premed,2.15,1,1,2,A premedication.
denialism,2.15,0,1,1,"The practice of rejecting propositions which are strongly supported by scientific or historical evidence, and often of seeking to influence policy processes and outcomes accordingly."
zinke,2.15,1,1,2,Alternative spelling of zink (“musical instrument”).
olay,2.15,1,1,1,"palm leaves, prepared for being written upon with a steel-tipped stylus"
graben,2.15,0,0,1,"An elongated block of the Earth's crust, bounded by faults, that has dropped relative to the surrounding area."
coro,2.15,0,0,1,Syllabic abbreviation of coroutine.
murr,2.15,0,0,2,A catarrh.
curragh,2.15,0,0,1,Alternative spelling of currach.
parkrun,2.15,1,1,1,An informal weekly 5 km (2 km for junior parkrun) running event that takes place in a park or similar location.
duchesse,2.15,1,1,4,A French duchess.
ricker,2.15,0,0,1,"A thick pole for use in making a rick, or for a spar to a boat."
weta,2.15,0,0,1,"Any of about 70 insect species in the families Anostostomatidae and Rhaphidophoridae, endemic to New Zealand, resembling katydids or crickets."
quadrupole,2.15,0,0,2,A distribution of either electric charge or magnetization equivalent to two dipoles that point in opposite directions.
archenemy,2.15,0,0,2,A principal enemy.
brazing,2.15,1,1,2,A method of joining metals by using heat and a filler
chiao,2.15,0,1,1,A Taoist ritual of cosmic renewal.
leatherman,2.15,0,0,3,"A member of a homosexual male subculture that grew out of male-only motorcycle clubs formed by homosexual veterans returning from World War II, stressing masculinity in contradiction to androgynous an"
cocksucking,2.15,0,1,1,Fellatio.
moka,2.15,0,1,2,A moka pot.
trialling,2.15,0,1,2,The process of running a trial; an experiment or pilot.
sinfonia,2.14,0,0,3,A symphony.
permittivity,2.14,1,1,1,A property of a dielectric medium that determines the forces that electric charges placed in the medium exert on each other.
kanal,2.14,0,0,1,"A unit of area used in parts of northern India and in Pakistan, equivalent to one eighth of an acre."
hapa,2.14,0,0,2,"A person of mixed ethnic heritage, especially half East or Southeast Asian or Pacific Islander and half White."
ahu,2.14,0,0,2,"The goitered gazelle, Gazella subgutturosa."
gak,2.14,0,1,2,Alternative form of gack (“crystal meth”).
recalibration,2.14,1,1,1,"A second, subsequent, or corrected calibration."
grandy,2.14,0,0,1,A grandparent: either a grandfather or a grandmother.
shraddha,2.14,1,1,1,"A Hindu ceremony performed in commemoration of one's deceased relatives, especially a parent."
mononuclear,2.14,0,0,1,A cell having a single nucleus.
suboxone,2.14,0,1,1,"A combination drug of buprenorphine and naloxone, used to treat opiate addictions."
venta,2.14,0,0,1,A roadside inn in Spain.
shuler,2.14,0,0,1,Alternative form of shooler (“a beggar”).
autocorrelation,2.14,1,1,1,The cross-correlation of a signal with itself: the correlation between values of a signal in successive time periods.
astrophotography,2.14,0,1,1,"The photography or imaging of astronomical objects, celestial events or areas of the night sky."
starman,2.14,0,0,3,A spaceman.
blueline,2.14,0,0,1,"A reproduction of the material submitted for printing, computer-generated or printed from film, provided to the customer for approval before the material is printed."
blacklight,2.14,0,0,1,Alternative form of black light (“ultraviolet bulb”).
unfree,2.14,0,0,1,"A person lacking freedom, such as a tenant bound to a manor."
rudge,2.14,0,0,1,A partridge.
teabag,2.14,0,0,1,"A cloth or paper sachet containing tea leaves or herbal tea, designed to act as an infuser when submerged in hot water."
longlist,2.14,0,0,1,"An initial, relatively long, shortlist, from which a further shortlist is selected."
nitpicking,2.14,1,1,2,The painstaking process of removing nits (lice eggs) from someone's hair.
logout,2.14,0,0,1,The act or process of logging out.
bruschetta,2.14,1,1,1,"A light Italian dish of toasted bread with a topping of olive oil, garlic and chopped tomatoes."
sawgrass,2.14,0,0,1,"Any of several Cladium species, long sedges with saw-like sharp, serrated edges, such as Cladium californicum, Cladium jamaicense, and Cladium mariscoides"
dural,2.14,0,1,1,Synonym of duralumin.
betamax,2.14,0,0,2,a Betamax (videocassette tape)
tollway,2.14,0,0,1,"A toll road or toll highway, where a fee is charged in order to travel on it; a turnpike."
campanella,2.14,0,0,1,A smallish suspended bell used in medieval monastic cloisters.
yandere,2.14,0,0,1,"A character, usually a girl, who has an obsessive and possessive side regarding their crush, ready to use violent (if not murderous) means to maintain an exclusive bond."
chocolatier,2.14,0,0,1,A producer of chocolate.
owler,2.14,0,0,2,The alder tree.
morphe,2.14,0,0,1,Alternative spelling of morphew.
tanjung,2.14,0,0,1,A cape; a headland.
pecorino,2.14,1,1,1,Any of a family of Italian hard cheeses made from ewe's milk.
marchese,2.14,0,0,1,An Italian marquis.
livingroom,2.14,0,0,1,Alternative form of living room.
seinen,2.14,0,0,1,"A kind of manga written for an older male audience, generally 18-30 years old (and older)."
germplasm,2.14,1,1,1,"Seeds or tissues maintained for the purpose of animal or plant breeding, preservation or other research uses."
breakdancing,2.14,0,1,1,An urban style of acrobatic street dance that originated in the hip hop culture of New York City in the late 20th century.
lightbox,2.14,0,0,5,"A box containing a source of light and a white, translucent cover, used to view photographic transparencies."
mannose,2.14,1,1,1,A monosaccharide aldohexose found in manna and other legumes.
backman,2.14,0,0,1,A defender in Australian rules football.
bergh,2.14,0,0,1,A hill.
misperception,2.14,1,1,1,An incorrect perception.
sloot,2.14,0,0,3,A ditch.
rehoming,2.14,0,0,1,The process of finding a new home for somebody.
gammy,2.14,0,0,1,Grandmother.
steno,2.14,1,1,2,"a stenographer, someone whose job is to take dictation in shorthand"
cohomology,2.14,1,1,2,"A method of contravariantly associating a family of invariant quotient groups to each algebraic or geometric object of a category, including categories of geometric and algebraic objects."
kif,2.14,0,1,3,"A kind of cannabis smoked in Morocco and Algeria, for its narcotic or intoxicating effects."
springwood,2.14,1,1,1,"The wood in a tree's growth ring formed earlier in the growing season, when growth is more rapid, thus composed of wider elements and usually lighter in colour."
killswitch,2.14,0,0,1,Alternative spelling of kill switch.
cavorting,2.14,0,0,1,The action of the verb to cavort
stickman,2.14,0,0,8,A simple drawing of a man with lines to represent limbs and torso.
relaunching,2.14,0,0,1,A second or subsequent launching.
explosiveness,2.14,0,1,1,The state of being explosive.
chandu,2.14,0,1,1,Opium prepared for smoking.
neurodegeneration,2.14,1,1,1,The degeneration (and death) of neurons.
kartel,2.14,0,0,2,A German industrial cartel.
natter,2.14,0,0,1,Mindless and irrelevant chatter.
alif,2.14,0,0,1,The first letter of the Arabic alphabet: ا (ʔalif).
aisling,2.14,0,0,1,"A kind of Irish poem, developed during the late 17th and 18th centuries, in which Ireland appears to the poet in a vision in the form of a woman, lamenting the state of the Irish people and predicting"
wookie,2.14,0,0,2,"Wookiee, Wookie (a tall hairy humanoid fictional race from Star Wars)"
gaster,2.14,0,0,2,The stomach.
aji,2.14,1,1,5,"A spicy Peruvian sauce, often containing tomatoes, cilantro, hot peppers, and onions."
infosec,2.14,0,1,1,Abbreviation of information security.
demain,2.14,0,0,1,"A demesne, especially the ancient demesne claimed by William the Conqueror."
viewport,2.14,0,0,2,A viewing window.
toolset,2.14,0,0,2,A collection of tools; a toolkit.
cleantech,2.14,1,1,1,Technologies that support increased productivity or profitability while also reducing resource consumption or pollution.
enum,2.14,0,0,1,An enumeration.
plunket,2.14,1,1,1,Synonym of blunket.
fromage,2.14,1,1,1,Synonym of cheese.
drumline,2.14,0,0,1,"A group of percussionists in a marching band, consisting of the battery and front ensemble."
cheviot,2.14,1,1,1,A coarse woolen fabric made from the wool of Cheviot sheep.
kitab,2.13,0,0,1,An Islamic book.
donat,2.13,0,0,2,A rank in some knightly orders.
asswipe,2.13,1,1,2,"An annoying, contemptible, or worthless person."
blathering,2.13,0,0,2,Incoherent or foolish talk.
bushmaster,2.13,0,0,1,"A venomous pit viper, Lachesis muta, from tropical America."
embolization,2.13,1,1,1,"A nonsurgical, minimally invasive procedure that affects the selective occlusion of blood vessels by purposely introducing emboli."
amala,2.13,0,1,1,"A thick paste made from yam or cassava flour, eaten chiefly in Yoruba cuisine."
radionuclide,2.13,0,0,1,a radioactive nuclide
biogeochemical,2.13,0,0,1,A geochemical of biological origin.
karuna,2.13,0,1,1,Compassion; mercy.
bossman,2.13,0,0,3,A male boss or employer.
everclear,2.13,0,1,1,"Any home-brewed distilled grain alcohol, especially one with a very high concentration of alcohol (such as 90-some percent, that is, 180-some proof); but generally not one rife with impurities or adul"
koku,2.13,0,0,2,"A unit of measure in feudal Japan, the amount of rice needed to feed one person for a year."
catsuit,2.13,0,0,1,"A tight-fitting one-piece women's garment, covering the legs, arms and torso."
kultur,2.13,0,1,1,"German culture or civilization, especially seen as authoritarian or racist during the period of world wars (1914-18 and 1939-45)"
drabble,2.13,0,0,1,"A short fictional story, typically in fan fiction, sometimes exactly 100 words long."
lacrimal,2.13,0,0,2,Ellipsis of lacrimal bone.
lackland,2.13,0,0,1,A person who does not own land.
gametime,2.13,1,1,1,Alternative form of game time.
databank,2.13,0,0,2,A database (collection of organized information in a regular structure).
stubblefield,2.13,0,0,1,Alternative spelling of stubble field.
chainmail,2.13,0,1,1,Alternative spelling of chain mail.
gussie,2.13,0,0,2,"A pig, a swine."
speedball,2.13,1,1,7,A mixture of heroin and cocaine or sometimes other drugs.
butyrate,2.13,0,0,1,Any salt or ester of butyric acid.
bubby,2.13,0,0,3,A woman's breast.
clindamycin,2.13,0,1,1,"A lincosamide antibiotic drug C₁₈H₃₃ClN₂O₅S, mostly used to treat infections with anaerobic bacteria."
noontime,2.13,0,0,3,Noon.
chateaubriand,2.13,1,1,1,"A thick, juicy cut from the center of a beef tenderloin."
superset,2.13,0,0,2,"(symbol: ⊇) With respect to another set, a set such that each of the elements of the other set is also an element of the set."
coffeemaker,2.13,0,0,2,A person who makes coffee.
sewa,2.13,0,1,1,Alternative form of seva.
marikina,2.13,0,0,1,"A small marmoset, the golden lion tamarin, Leontopithecus rosalia."
sweetcorn,2.13,1,1,1,Alternative form of sweet corn.
lightman,2.13,0,0,1,A man who carries or takes care of a light.
pollan,2.13,0,0,1,"A freshwater fish, Coregonus pollan, resembling a herring"
hepatology,2.13,0,1,1,"The study or treatment of the liver, gallbladder, and pancreas."
cand,2.13,0,1,1,Alternative form of kand.
dek,2.13,0,0,1,The subhead of a news story.
demonology,2.13,1,1,1,"The study of demons, especially the incantations required to summon and control them."
albo,2.13,0,0,1,An Albanian.
toty,2.13,0,0,1,A low-caste laborer hired as a messenger etc.
nunu,2.13,0,0,5,A true bug (or a similar other bug).
longus,2.13,0,0,1,A long muscle in the body.
goji,2.13,0,0,1,"A fruit in the genus Lycium, especially in commercial products where it is promoted as a superfruit."
bricker,2.13,0,0,2,A brickmaker.
prudhomme,2.13,0,0,1,Alternative form of prud'homme.
winer,2.13,0,0,1,A person who habitually drinks wine.
roid,2.13,0,0,3,"Clipping of steroid Steroids, especially those used illegally for performance enhancement."
weeny,2.13,0,0,2,"A wiener, a hot dog."
longa,2.13,0,0,1,A musical note equal to two (or occasionally three) breves or whole notes.
cosponsor,2.13,0,0,1,A joint sponsor.
haugh,2.13,0,0,1,A low-lying meadow by the side of a river.
harr,2.13,0,0,2,Alternative form of haar (“sea fog; wind which blows in this fog”).
framerate,2.13,1,1,1,Alternative form of frame rate.
punchbowl,2.13,0,0,1,A large bowl used for making or serving punch (the beverage).
terrane,2.13,0,0,1,"A block of the Earth's crust that differs from the surrounding material, and is separated from it by faults."
taverna,2.13,0,0,1,A small Greek restaurant.
webtoon,2.13,0,0,2,An animated cartoon published on the World Wide Web.
multipoint,2.13,0,0,1,A collection of points treated as a single object.
czarist,2.13,0,0,1,Alternative spelling of tsarist.
schizo,2.13,0,0,2,Schizophrenic.
moyen,2.13,1,1,1,Intercession; intervention.
maintainability,2.13,1,1,1,The ease with which something can be maintained.
fogle,2.13,0,0,1,A handkerchief.
tepe,2.13,0,0,1,"hill, tell"
basho,2.13,0,0,1,A sumo tournament of any kind.
ital,2.13,1,1,1,"Pure, natural food suiting a Rastafari lifestyle."
zale,2.13,0,0,1,Any of the genus Zale of erebid moths.
abdo,2.13,0,1,1,Abdomen.
accelerant,2.12,0,0,3,"Any substance that can bond or mix with, or disturb, another substance and cause an increase in the speed of a natural or artificial chemical process."
griz,2.12,0,0,1,Alternative form of grizz (“grizzly bear”).
ogi,2.12,0,1,1,"A fermented cereal porridge from West Africa, typically made from maize, sorghum, or millet."
railgun,2.12,0,0,3,An electromagnetic gun that uses a large electrical current to propel a projectile down a track of two parallel conductive rails.
kayfabe,2.12,0,1,2,"The act, situation, or code of portraying staged events, performances, rivalries, etc as authentic or spontaneous."
substituent,2.12,0,0,2,"Any atom, group, or radical substituted for another, or entering a molecule in place of some other part which is removed."
guv,2.12,0,0,2,"A form of address to a man, usually a stranger or a superior."
reanimation,2.12,1,1,1,The act of reanimating; a second or subsequent animation.
ocha,2.12,0,1,1,"Japanese tea, usually green tea."
outcall,2.12,0,0,2,"A visit by a provider of some service, such as a massage therapist or a prostitute, to a client."
bullshitter,2.12,0,0,1,"Someone who lies or exaggerates a lot, especially in order to preserve or enhance their reputation."
rost,2.12,1,1,2,Alternative form of roust (“strong tide or current”).
documentarian,2.12,0,0,4,A person whose profession is to create documentary films.
lowball,2.12,0,0,5,The position of the ball on an American railroad ball signal that indicated Stop.
woodie,2.12,0,0,6,"An early station wagon or estate car whose rear bodywork is made of wood, often associated with Southern California surfing culture."
cumbia,2.12,0,1,1,"A traditional style of Colombian dance and music, or a piece in this style."
brune,2.12,0,0,1,A brunette.
roofline,2.12,0,0,1,The profile of a roof or a series of roofs.
kilian,2.12,0,0,1,A type of ice dance performed by a pair of skaters side-by-side
whooshing,2.12,0,0,1,A sound or motion that whooshes.
recycler,2.12,0,0,1,"A person who recycles, or a machine used to recycle."
blabbering,2.12,0,0,1,Foolish or incoherent talk; blather; babble.
wingtip,2.12,0,0,3,"The extreme tip of the wing of an aircraft, bird, flying insect, etc."
routh,2.12,0,0,1,"Plenty, abundance."
finasteride,2.12,0,1,1,A medication used to treat male pattern baldness and benign prostatic hyperplasia in males.
finca,2.12,0,0,1,"A country estate, farm or ranch in Spain or Hispanic America."
alginate,2.12,0,0,1,Any salt or ester of alginic acid.
kep,2.12,0,0,1,A traditional Fair Isle fisherman's cap.
summative,2.12,0,0,3,A summative assessment; a test that assesses what a student learned during a course of study.
chay,2.12,0,0,2,A chaise (horse-drawn carriage).
judoka,2.12,0,0,1,A practitioner of the Japanese martial art of judo.
kungfu,2.12,0,1,1,Alternative spelling of kung fu.
lakin,2.12,0,0,2,A toy.
megalodon,2.12,0,0,1,A species of extinct shark that lived during the Miocene and Pliocene epochs (†Otodus megalodon).
bbg,2.12,0,0,1,Alternative form of baby girl (term of endearment).
boardgame,2.12,0,0,1,Alternative form of board game.
chok,2.12,0,0,1,A law or commandment without a comprehensible explanation or purpose.
cambio,2.12,0,0,1,bureau de change; currency exchange
harmonia,2.12,0,0,2,"A harmonic mode in ancient Greek music, characterized by a particular set of chords and rhythmic patterns."
proteasome,2.12,0,0,1,"A complex protein, found in bacterial, archeal and eukaryotic cells, that breaks down other proteins via proteolysis."
beeman,2.12,0,0,1,"One who tends bees, usually as an occupation; beekeeper."
taba,2.12,1,1,1,"A lump of dried tobacco, occasionally mixed with other recreational drugs, placed in the vagina for its stimulating effects."
paar,2.12,0,0,1,"A hypothesized shifting of four geologic blocks: northeast Africa west of Red Sea and north of the Ethiopian valley, the Arabian Peninsula, the Sinai Peninsula, and the Horn of Africa east of the rift"
wazoo,2.12,0,0,2,The anus.
spn,2.12,0,0,1,Initialism of substitution-permutation network.
blart,2.12,0,0,1,A loud noise or cry.
chenango,2.12,0,0,1,Alternative form of shenango.
pwn,2.12,1,1,2,"Triumph, victory. Often exclaimed after an opponent in a video game is defeated."
neer,2.12,0,0,1,(anatomy) Kidney.
triforce,2.12,0,0,1,"A shape composed of three equilateral triangles arranged in such a manner that a fourth triangle of identical size, but pointing the opposite direction, could fit between them."
lento,2.12,0,0,1,A tempo mark directing that a passage is to be played very slowly.
shutup,2.12,0,0,1,A steep canyon in the Solitario region of Texas in the United States.
nanoscience,2.12,1,1,1,The underlying science of nanotechnology.
mazza,2.12,1,1,2,Madness; something that is mad; a crazy situation.
maza,2.12,0,0,1,An Ancient Greek barley cake.
lectionary,2.12,0,0,1,A book or listing that contains a collection of scripture readings appointed for Christian or Jewish worship on a given day or occasion.
pickpocketing,2.12,1,1,1,The act of stealing from the pocket of a passerby; the crime committed by a pickpocket.
yare,2.12,0,0,1,Alternative form of yair.
gose,2.12,1,1,1,"A beer brewed since the 16th century, in Goslar and later Leipzig, with malted wheat, salt, and coriander."
ratu,2.12,0,0,1,A Fijian chief or chiefly titleholder.
grazer,2.12,0,0,3,"One who or that which grazes, in any sense."
stroganoff,2.12,1,1,2,A dish of sautéed pieces of beef served in a sauce with sour cream.
crossman,2.12,0,0,1,"A thief, forger, or other criminal."
creepypasta,2.12,1,1,1,"Frightening urban legends and short stories in the horror genre, circulated on the Internet."
nym,2.12,0,0,1,A pseudonym used when posting messages.
snog,2.12,0,0,1,A passionate kiss.
reparative,2.12,0,0,1,That which repairs.
antitumor,2.12,0,0,1,Any substance that inhibits tumors.
lipgloss,2.12,1,1,1,Alternative form of lip gloss.
linsey,2.12,1,1,2,A cloth made of linen and wool.
footsie,2.12,1,1,3,"A flirting game where two people touch their feet together, under a table or otherwise concealed, as a romantic prelude."
frap,2.12,0,0,1,Clipping of frappuccino.
anta,2.12,0,0,1,"A kind of pier that terminates the walls of the naos, a kind of post or pillar on either side of a doorway or entrance of a Greek temple."
ansible,2.12,0,0,1,"A hypothetical device that enables users to communicate instantaneously across great distances; that is, a faster-than-light communication device."
pottinger,2.12,0,0,1,Synonym of porringer (“a small cup or bowl”).
catfight,2.12,0,0,2,A fight between cats.
multilingualism,2.12,0,1,1,The condition of being multilingual; the ability to speak multiple languages.
isthmian,2.12,0,0,1,A native or inhabitant of an isthmus.
kra,2.12,0,0,2,"The letter Κʻ or ĸ, formerly used to write the Kalaallisut language of Greenland, replaced in 1973 by the letter q."
telepath,2.12,0,0,1,"A person with telepathic ability, capable of reading the thoughts of others around them. Telepaths also have the ability to project thought."
shaadi,2.12,1,1,2,Synonym of wedding.
pend,2.12,0,1,2,"An archway; especially, a vaulted passageway leading through a tenement-style building from the main street, giving access to the rear of the building or an internal courtyard."
fucktard,2.12,0,0,1,An extraordinarily stupid person.
histopathology,2.12,1,1,1,"The microscopic study of tissue, especially of abnormal tissue as a result of disease."
tretinoin,2.12,0,1,1,"The all-trans isomer of retinoic acid that is applied to the skin to treat severe acne and reduce facial wrinkles, roughness, and pigmented spots."
garba,2.12,1,1,1,"A form of dance from the state of Gujarat in India, performed in a circle often around a lamp."
shiel,2.12,0,0,2,A shepherd's hut or shieling.
backhaul,2.12,1,1,4,A return trip after delivery of cargo.
aromatase,2.12,1,1,1,An enzyme responsible for aromatization of androgen hormones into estrogens.
vani,2.12,0,1,1,"A custom in parts of Pakistan where girls, often minors, are given in marriage or servitude to an aggrieved family as compensation for a dispute, often over murder."
brander,2.12,0,0,2,A person who brands.
dtr,2.12,0,0,1,Abbreviation of double treble crochet.
demilitarization,2.12,0,0,1,Alternative spelling of demilitarisation.
poling,2.12,1,1,3,The act of supporting or of propelling by means of a pole or poles.
clemence,2.12,0,1,1,Synonym of clemency.
ingo,2.12,0,0,3,"The frame of a door, window, fireplace, or similar structure."
optimality,2.12,1,1,1,The property of being optimal.
realestate,2.11,0,1,1,Alternative form of real estate.
aloo,2.11,0,0,1,potato
hamzah,2.11,0,0,1,Alternative form of hamza.
kaisa,2.11,0,1,1,A variant of the game billiards played chiefly in Finland and Russia.
diphosphate,2.11,0,0,2,any salt or ester containing two phosphate groups
recurve,2.11,1,1,3,"A type of knife blade shape that involves several curves including a concave curve on a portion of the edge, resulting in a belly that is lower than the handle bottom."
amm,2.11,0,0,1,Synonym of amnesia (a potent sativa-dominant strain of marijuana).
kickboxer,2.11,0,0,1,One who practices the martial art of kickboxing.
mikan,2.11,0,0,1,"An orange seedless citrus fruit Citrus unshiu, originating from Japan, about the size of a tangerine."
looove,2.11,0,1,1,Elongated form of love.
crosslinking,2.11,1,1,1,Synonym of crosslinkage.
reanalysis,2.11,0,0,2,A second or subsequent analysis.
oudh,2.11,1,1,1,Alternative form of oud
ouroboros,2.11,0,0,2,"A serpent, dragon or worm that eats its own tail, a representation of the continuous cycle of life and death."
overcapacity,2.11,1,1,1,A capacity for the production of a commodity or product that is in excess of what is needed.
screamo,2.11,0,1,4,"A genre of aggressive lo-fi guitar-driven music with predominantly screaming vocals, while preserving structural aspects of the emocore/hardcore emo genres of the early 1990's."
whitestone,2.11,1,1,2,A light-coloured stone formerly used for scrubbing.
balrog,2.11,0,0,1,A fiery demonic creature.
timespan,2.11,0,0,1,An interval of time.
bootable,2.11,0,0,1,A disk or other medium from which the system can be booted.
garrow,2.11,0,0,1,Garo people
shearling,2.11,0,0,2,A sheep that has been shorn for the first time
interglacial,2.11,0,0,1,The relatively warm period between glacial periods.
bolas,2.11,0,0,2,"A throwing weapon made of weights on the ends of interconnected cords, designed to capture animals by entangling their legs."
anju,2.11,0,1,1,Korean food consumed with alcohol.
menudo,2.11,1,1,2,A traditional Mexican soup made with tripe and chili peppers.
sny,2.11,0,0,3,Upward curving observed in the planks of a wooden ship or boat.
panton,2.11,0,0,2,"A horseshoe to correct a narrow, hoofbound heel."
warpaint,2.11,1,1,1,Alternative spelling of war paint.
hct,2.11,0,1,1,Abbreviation of hematocrit/haematocrit.
malu,2.11,0,0,1,A culturally significant tattoo on a Samoan woman's upper leg.
jocko,2.11,0,0,2,A lawn jockey.
longhouse,2.11,0,0,3,"A long communal housing of the Iroquois and some other American Indians, the Malaysians, the Indonesians, the Vikings, and many other peoples."
sefer,2.11,0,0,1,"A book, especially a religious book."
seamer,2.11,0,0,3,A person who sews seams.
handprint,2.11,0,0,1,"A visible mark left on a surface by the contact of a hand, not limited to fingerprints."
handwashing,2.11,1,1,1,The washing of one's hands.
moonraker,2.11,0,0,2,Someone from Wiltshire.
beka,2.11,0,0,1,"an ancient Biblical unit of weight, half a shekel"
bellend,2.11,0,0,1,Alternative spelling of bell-end.
kmc,2.11,0,0,1,Abbreviation of kilomegacycle.
puli,2.11,0,0,1,"One of a breed of Hungarian sheepdog with a distinctive thick, corded coat."
factsheet,2.11,0,0,1,Alternative spelling of fact sheet.
rogaine,2.11,0,0,1,A session of the sport of rogaining.
paraglider,2.11,0,0,3,One who paraglides.
amba,2.11,0,1,2,"A characteristic landform in Ethiopia: a steep-sided, flat-topped mountain, often the site of a settlement."
sweeny,2.11,0,1,1,"An atrophy of the muscles, especially of the shoulder, in horses."
froyo,2.11,1,1,1,Alternative form of fro-yo.
immunohistochemical,2.11,0,0,1,Any immunological histochemical
lilliput,2.11,0,0,1,"Any of various small freshwater mussels of the genus Toxolasma, found mainly in the southeastern United States."
shero,2.11,0,0,1,A female hero.
homebuilding,2.11,0,1,1,The part of the construction industry concerned with building individual homes.
defacto,2.11,0,0,1,Alternative form of de facto.
matsuri,2.11,0,0,1,A Japanese festival.
unrecoverable,2.11,0,0,1,Something that cannot be recovered.
backscatter,2.11,1,1,4,The deflection of particles or radiation through angles greater than 90 degrees to the original direction of travel.
impactor,2.11,0,0,2,"Any of several machines or devices in which a part impacts on another, or on a material."
decluttering,2.11,1,1,1,"The act or process of removing clutter; tidying, removing unwanted or messy items from a given place."
insigne,2.11,0,0,1,An insignia.
badman,2.11,0,0,2,A violence-prone man who has had run-ins with the law; especially one from the Old West days of U.S. history.
concessionary,2.11,0,0,1,one who owns a concession or a franchise
sitch,2.11,0,0,2,"A brook; an occasional small waterway: a ditch, a gutter or drain; a ravine."
clipart,2.11,0,1,1,Alternative spelling of clip art.
lalla,2.11,0,0,4,"In Persia, a kind of domestic tutor."
tipoff,2.11,0,0,1,Alternative spelling of tip-off.
hoochie,2.11,0,0,7,A woman who dresses scantily or in a revealing fashion.
photog,2.11,0,0,1,"A photographer, especially a professional one."
showoff,2.11,0,0,1,Alternative form of show-off.
troponin,2.11,1,1,1,"A heterotrimeric regulatory protein complex found in the thin filaments of striated muscle fibers, including both skeletal and cardiac muscle, that controls calcium-mediated muscle contraction."
plasmon,2.11,0,0,2,The quantum of waves produced by the collective effects of large numbers of electrons when disturbed from equilibrium.
decisionmaking,2.11,0,1,1,Alternative form of decision making.
pib,2.11,0,0,1,Synonym of pibgorn.
subarctic,2.11,0,0,1,A subarctic region.
attitudinal,2.11,0,0,1,"A particle that conveys the emotion, tone, mood, or feeling of the speaker."
ube,2.11,0,1,1,"The purple yam, Dioscorea alata."
gugu,2.11,0,0,1,A Filipino.
aguinaldo,2.11,1,1,6,A gift given at Christmas or at the Feast of the Epiphany.
ruddock,2.11,0,0,3,The European robin.
cyclase,2.11,0,0,1,Any enzyme that catalyzes the cyclization of a compound
yester,2.1,1,1,1,Yesterday.
upsell,2.1,0,0,1,The act of making such a sale.
cueing,2.1,1,1,1,The act or process by which something is cued.
elastomeric,2.1,0,0,1,"An elastomeric item, especially an elastomeric ligature used in orthodontics."
binny,2.1,0,0,1,"Niger barb (Labeobarbus bynni or Barbus bynni), a species of yellowfish found in the Nile."
cheapo,2.1,0,0,3,"A person who is stingy, a miser."
lehr,2.1,0,0,1,"A long oven or kiln, often having a moving belt, used for annealing glass."
negroni,2.1,0,0,1,"A cocktail consisting of gin, Campari and vermouth, usually in equal parts."
lene,2.1,0,0,2,The smooth breathing (spiritus lenis).
napper,2.1,0,0,4,A person who takes a nap.
wingsuit,2.1,0,0,1,"A special jumpsuit, used in extreme sports like a parachute, which adds surface area to the wearer's body to create lift."
shuriken,2.1,0,0,1,"A dart or throwing blade, sometimes with multiple points, used as a weapon by ninja (or samurai)."
immer,2.1,0,0,1,A bird in genus Gavia.
bacha,2.1,0,0,1,A dancing boy in parts of Central Asia.
blindspot,2.1,0,0,1,Alternative form of blind spot.
balti,2.1,1,1,3,"A large iron pan having two handles, especially used in Pakistani cuisine"
mardy,2.1,0,0,1,"A sulky, whiny mood; a fit of petulance."
inari,2.1,0,1,1,A type of sushi with rice wrapped in a pouch of fried tofu (aburaage).
indigestible,2.1,0,0,1,Anything that is difficult to digest.
carine,2.1,0,0,1,A keel.
mija,2.1,0,0,1,A term of endearment for a woman or girl.
biller,2.1,0,0,2,An issuer of a bill.
munshi,2.1,0,0,2,A clerk or secretary.
chewable,2.1,0,0,2,Anything that is chewable; anything that is able to be chewed.
juvie,2.1,1,1,2,Synonym of juvenile hall (a youth detention centre).
quilter,2.1,0,0,4,A person whose hobby or profession is making quilts.
cfg,2.1,0,0,1,Alternative letter-case form of CFG.
tradeable,2.1,0,0,1,Alternative spelling of tradable.
riverrun,2.1,0,0,1,The course a river shapes through a landscape
winterbourne,2.1,0,0,1,"A stream that only flows in winter or after wet weather, particularly in an area rich in limestone."
chaudhuri,2.1,0,0,1,A leader or representative of a group of traders.
rotorcraft,2.1,0,0,1,Any aircraft that obtains its lift from rotors (usually either a helicopter or an aerial drone with rotors).
caca,2.1,0,1,1,Excrement; feces.
humidor,2.1,0,0,1,A container designed to keep its contents at a constant humidity; especially such a box for storing cigars.
bioreactor,2.1,0,0,1,"A vat or pressure vessel, containing microorganisms or biochemically active substances, used for biotechnological processes such as fermentation, waste recycling, or making drugs."
doke,2.1,0,0,1,A dimple or dint.
birchwood,2.1,1,1,2,A wood largely populated with birch trees (Betula spp.).
jerkoff,2.1,0,0,2,"Someone who behaves obnoxiously, rudely, inappropriately, or is ignorant of certain social norms, usually a male."
waterboy,2.1,0,0,1,Alternative spelling of water boy.
dorf,2.1,0,0,3,A village in a German-speaking area.
jetski,2.1,0,0,1,Alternative form of jet ski.
kayaker,2.1,0,0,1,One who kayaks.
roguelike,2.1,0,0,1,"Any of a genre of computer role playing games loosely characterized by various characteristics such as randomised environment generation, permadeath, turn-based movement, text-based or primitive tile-"
wunderkind,2.1,0,0,2,A child prodigy; a wonderchild.
rasool,2.1,0,0,1,Alternative form of rasul.
opo,2.1,0,0,1,The calabash or bottle gourd.
cyclosporine,2.1,0,1,1,Alternative form of ciclosporin.
nonlinearity,2.1,1,1,2,The state of being nonlinear.
chode,2.1,0,0,1,Alternative spelling of choad.
longline,2.1,0,0,3,"Gear consisting of a long and thick mainline, with baited hooks attached at intervals by means of branch lines called snoods or gangions."
senorita,2.1,0,0,1,"Alternative form of señorita, the character ñ being very rarely used in English."
sepoy,2.1,0,0,2,"A native soldier of the East Indies, employed in the service of a European colonial power, notably the British India army (first under the British-chartered East India Company, later in the crown colo"
mantri,2.1,0,0,1,A minister or high official.
darl,2.1,0,0,1,darling (as a term of address)
wau,2.1,0,0,1,Digamma (Ϝ/ϝ).
sportsperson,2.1,0,0,1,"Someone who plays sport, regardless of gender."
blithering,2.1,0,0,1,Incoherent or foolish talk.
helly,2.1,0,0,1,Synonym of hell.
carrow,2.1,0,0,1,A gambler in Ireland.
pathogenicity,2.1,1,1,1,"The quality or state of causing, originating or producing disease."
gatekeeping,2.1,0,1,1,"The act or process of limiting another party's participation in a collective identity or an activity, usually due to undue pettiness, resentment, selfishness, complacency, or overprotectiveness."
hider,2.1,0,0,1,One who hides oneself or a thing.
pepito,2.1,0,0,2,"A sandwich of Spanish origin and popular in Latin America, made with beef, pork, or chicken."
sike,2.1,0,0,2,A gutter or ditch; a small stream that frequently dries up in the summer; the marshy ground or ditch through which such a stream flows.
zolpidem,2.1,0,1,1,A sedative and hypnotic drug administered orally in the form of its tartrate (C₁₉H₂₁N₃O)₂·C₄H₆O₆ in the short-term treatment of insomnia.
fpm,2.1,0,0,1,Initialism of feet per minute.
extensibility,2.1,0,1,2,The capability of being extended.
cella,2.1,0,0,1,"The central, enclosed part of an ancient temple, as distinguished from the open porticos."
redlining,2.1,1,1,2,The process of or an instance of redlining.
flipboard,2.1,0,0,1,"A set of cards hinged together on an easel, used in making presentations."
tailbone,2.1,0,0,1,The final fused vertebrae at the base of the spine; the coccyx.
derailleur,2.1,0,0,2,"A mechanism on a bicycle wheel used while cycling to move the bicycle chain from one sprocket (gear) to another, to change speeds."
genderqueer,2.1,0,0,1,Someone who is genderqueer.
regio,2.1,0,0,2,Any large area of a planet or moon that is strongly differentiated from neighbouring areas by colour or albedo.
cienega,2.1,0,0,1,A marshy spring where groundwater bubbles to the surface.
snus,2.1,0,1,1,"A type of tobacco snuff consumed in the form of a moist powder which is placed under the (usually upper) lip, without chewing, for extended periods of time."
reestablishment,2.1,1,1,2,The condition of being reestablished; restoration.
bonzo,2.1,0,0,1,Alternative form of bonze (“Buddhist monk or priest in East Asia”).
formalist,2.1,0,0,2,"An overly formal person, especially one who adheres to current forms; a stickler"
thiol,2.1,0,0,1,A univalent organic radical (-SH) containing a sulphur and a hydrogen atom; a compound containing such a radical.
warg,2.1,0,0,1,A type of particularly wild or hostile wolf.
jobseeker,2.1,0,0,2,A person seeking employment.
moche,2.09,0,0,1,An imported package of spun silk.
zhe,2.09,0,0,1,"The letter Ж, ж."
milam,2.09,0,1,1,Synonym of dream yoga.
babydoll,2.09,0,0,1,Alternative form of baby doll.
decennial,2.09,0,0,3,"Synonym of decade, a ten-year period."
phonecall,2.09,0,0,1,Alternative form of phone call.
pern,2.09,0,0,2,"Part of a spinning wheel, a conical spool onto which the thread is wound from the spindle."
sideman,2.09,0,0,2,A soloist playing with a band or group of which he is not a regular member.
downtempo,2.09,0,1,1,A genre of house music and ambient music with an ethereal sound and a driving beat.
crosser,2.09,0,0,1,Someone who crosses; agent noun of cross
dogfighting,2.09,0,1,2,A blood sport in which dogs fight with one another.
umrah,2.09,0,0,1,"A minor hajj, a lesser pilgrimage to Mecca, other than at the time of the hajj."
chaebol,2.09,0,0,1,"A large, family-controlled, South Korean business conglomerate."
underinsured,2.09,0,0,1,One who has insufficient insurance.
asoka,2.09,0,0,1,Alternative form of ashoka.
glucan,2.09,0,0,1,Any polysaccharide that is a polymer of glucose
untreatable,2.09,0,0,1,A person with a condition that cannot be treated.
sherm,2.09,1,1,3,The drug phencyclidine (PCP).
bopper,2.09,0,0,3,A person who dances the bop.
livestreaming,2.09,1,1,1,The act or practice of broadcasting an event live over the Internet.
wholemeal,2.09,1,1,2,Meal (flour) milled from the whole grain (including the bran): wholemeal flour.
windchill,2.09,1,1,1,Alternative form of wind chill.
tooltip,2.09,0,0,1,An element of a graphical user interface in the form of a box of text that appears when a cursor is made to hover over an item; normally used to explain the function of the item.
penton,2.09,0,0,1,A pentagonal capsomere of an adenovirus capsid.
carbonite,2.09,1,1,3,"An explosive manufactured from a variety of materials, including nitroglycerine, wood meal and nitrates."
polarizer,2.09,0,0,2,One who polarizes; one who divides a group or community into two extremes.
neuroplasticity,2.09,1,1,1,"The state or quality of being neuroplastic, of having a brain that adapts to experience."
vetiver,2.09,1,1,3,"The grass Chrysopogon zizanioides (synonym Vetiveria zizanioides), which is native to India, but planted throughout the tropics for its fragrant roots and for erosion control."
nomos,2.09,0,0,2,"The body of law, especially that governing human behaviour."
tinkler,2.09,0,0,3,A small bell.
barger,2.09,0,0,2,One who barges or shoves.
bote,2.09,1,1,3,"Atonement, compensation, amends, satisfaction; as, manbote, a compensation for a man slain."
reshoot,2.09,0,0,1,An instance of reshooting.
breading,2.09,1,1,1,"The coating of a thin slice of meat in flour, egg and breadcrumbs prior to frying"
perdita,2.09,0,0,1,A woman who has fallen into prostitution.
doop,2.09,0,0,1,Alternative form of dop (“cup in which diamond is cut”).
bungo,2.09,0,1,3,"A Japanese written language established mainly during the Heian period, circa 900–1200 C.E., and commonly used until circa 1900."
allee,2.09,0,0,1,"A tree-lined avenue, often particularly one that is part of a landscaped garden."
dihedral,2.09,0,0,3,An angle between two plane surfaces
schismatic,2.09,0,0,1,A person involved in a schism.
fister,2.09,0,0,1,Someone who takes part in the sexual practice of fisting.
reupload,2.09,0,0,1,A second or subsequent upload.
moley,2.09,1,1,1,A kind of coconut curry from Madras.
diene,2.09,0,0,1,"An organic compound, especially a hydrocarbon, containing two double bonds."
flatland,2.09,0,0,2,Synonym of plain (“land of relatively constant altitude”).
dala,2.09,0,0,1,"The currency of Hawaii between 1847 and 1898, equal to the United States dollar."
toft,2.09,0,0,3,A hillock.
clonazepam,2.09,0,1,1,A benzodiazepine with potent anticonvulsant used especially in the treatment of epilepsy and other seizure disorders; C₁₅H₁₀ClN₃O₃. It is the generic name for Klonopin. It is a derivative of nitrazepa
mansa,2.09,0,0,1,A king of ancient Mali.
scientism,2.09,1,1,3,"The belief that the scientific method and the assumptions and research methods of the physical sciences are applicable to all other disciplines (such as the humanities and social sciences), or that th"
bandgap,2.09,0,0,2,The energy difference between two allowed ranges of electron energy in a solid; especially the difference between the energies of the valence band and the conduction band.
cishet,2.09,0,0,1,A cisgender and heterosexual person.
talwar,2.09,0,0,1,Alternative spelling of tulwar.
tarin,2.09,0,0,1,"A bird, the siskin."
psoriatic,2.09,0,0,1,A person who has psoriasis.
kpc,2.09,0,0,1,Abbreviation of kiloparsec.
mene,2.09,0,0,1,"The high middle singing voice (especially as for a boy) or part in musical composition, corresponding roughly to the alto."
formwork,2.09,0,1,1,"A temporary mold, made from planks, into which concrete is poured."
sonofabitch,2.09,0,0,1,Alternative spelling of son of a bitch.
headbutting,2.09,1,1,1,The act of giving a headbutt.
jif,2.09,0,0,2,Alternative form of jiff.
pantanal,2.09,0,0,1,"A marsh (a broad, flat area with pools of water and trees) in the Pantanal region of South America."
wavefunction,2.09,0,0,1,"A mathematical function that describes the propagation of the quantum mechanical wave associated with a particle (or system of particles), related to the probability of finding the particle in a parti"
fogo,2.09,0,0,1,Alternative form of hogo (“strong unpleasant smell”).
havering,2.09,0,1,1,"Indecision, indecisive behaviour."
dle,2.09,0,0,1,"A short, daily web-based guessing game or puzzle, especially one of many played one after another."
subclavian,2.09,0,0,1,"A subclavian part (such as an artery, vein, or nerve)."
metrosexual,2.09,0,0,2,"A man — typically urban, heterosexual, and affluent — who is concerned with personal appearance, such as personal grooming, fashion, and aesthetics in general."
klezmer,2.09,1,1,2,A Jewish folk musician.
katsura,2.09,0,0,1,"One of two species of trees in the genus Cercidiphyllum, most commonly Cercidiphyllum japonicum, one of the largest trees in Asia."
puh,2.09,0,0,1,Filter-avoidance spelling of pussy.
wonga,2.09,0,1,1,Money.
wonderboy,2.09,0,0,1,"A male child prodigy, or (loosely) a talented male of any age."
overgrazing,2.09,1,1,1,Excessive grazing to an extent that the land is damaged.
overconsumption,2.09,0,1,1,Excessive consumption.
subnational,2.09,0,0,1,A region or organization that operates within a subdivision of a nation.
adjunctive,2.09,0,0,2,"A connector joining two components of the same weight, such as a coordinating conjunction."
adda,2.09,0,0,2,An informal meeting place for conversation.
grouting,2.09,1,1,2,An application of grout.
subacute,2.08,0,0,1,A patient whose condition is less than acute.
biopharma,2.08,0,1,1,The biopharmaceutical industry.
misr,2.08,0,0,1,"An Arab frontier outpost or garrison town, chiefly in the period of early Islamic expansion."
youngman,2.08,0,0,2,Obsolete form of young man.
crosscountry,2.08,1,1,1,Alternative form of cross country.
tuzla,2.08,0,0,1,A kind of central Anatolian rug.
fugazi,2.08,0,0,1,"A thing or (less commonly) a person that is fake; a fake, a fraud."
occlusal,2.08,0,0,1,occlusion
kantar,2.08,0,0,1,"A unit of weight used in Eastern Mediterranean countries, varying from place to place (44.93 kg in Egypt)."
subdomain,2.08,0,0,3,A domain or sphere that is part of a larger domain or sphere.
ferroelectric,2.08,0,0,1,A ferroelectric material
oga,2.08,0,0,1,"A chief, employer, or superior."
callosum,2.08,0,0,1,corpus callosum
hassler,2.08,0,0,1,One who hassles.
sory,2.08,0,1,1,"iron(II) sulfate, or some earth impregnated with it"
teel,2.08,0,1,1,sesame
cele,2.08,0,0,1,celebrity
kleptocracy,2.08,0,0,1,A corrupt and dishonest government or society characterised by theft and greed.
remastering,2.08,0,0,2,The production of a new version of a recording by remixing the original master recordings.
bedsheet,2.08,0,0,1,"A sheet, a piece of cloth cut and finished as bedlinen."
moyle,2.08,0,0,2,Alternative form of moil.
preggo,2.08,0,0,1,A pregnant female.
jambo,2.08,0,0,1,Obsolete form of jambul.
becher,2.08,0,0,1,A kiddush cup
hayfever,2.08,0,1,1,Alternative spelling of hay fever.
cyclophosphamide,2.08,1,1,1,"An immunosuppressive, antineoplastic drug used in the treatment of Hodgkin's disease and certain other forms of cancer."
malm,2.08,1,1,2,"A soft, crumbly, chalky, grayish limestone."
taluka,2.08,0,0,1,Alternative form of taluk.
firetruck,2.08,0,0,1,Alternative form of fire truck.
pada,2.08,0,0,1,"The basic metric unit of Vedic poetry, consisting of one line of verse in Sanskrit, typically as part of a four-line stanza."
ambi,2.08,0,0,1,An ambidextrous person.
headhunting,2.08,0,1,2,The practice of cutting off and preserving the head of one's enemy.
kuh,2.08,0,0,1,The sound produced in English by the letter k or a hard c.
thal,2.08,0,1,1,thalassaemia
tey,2.08,0,0,1,"An English measure of length for rope, perhaps equivalent to the fathom."
ivermectin,2.08,1,1,1,"A compound of the avermectin group, used as an anthelmintic in veterinary medicine and as a treatment for river blindness."
iterator,2.08,0,0,2,One who or that which iterates.
vermeil,2.08,0,0,3,Vermilion; bright red.
renormalization,2.08,1,1,1,Any of several techniques in statistical mechanics and quantum electrodynamics used to construct mathematical relationships between observable quantities.
ticky,2.08,0,0,1,"a tick (particularly, a check mark)."
classist,2.08,0,0,1,An advocate of classism.
antifascist,2.08,0,0,1,A person opposed to the tenets of fascism.
anticorruption,2.08,0,1,1,Movement or actions opposing corruption.
dichroic,2.08,0,0,1,A dichroic filter
mooching,2.08,0,0,1,An idle stroll.
spirulina,2.08,0,1,1,A food supplement prepared from blue-green algae of the genus Arthrospira found in soda lakes.
chemokine,2.08,0,0,1,"Any of various chemotactic cytokines, produced during inflammation, that organize the leukocytes."
symbiont,2.08,0,0,1,An organism that lives in a symbiotic relationship.
switchover,2.08,0,0,1,"A complete change or switch from one state, system or course of action to another."
widebody,2.08,0,0,3,"An airliner capable of seating seven or more passengers in a single row of economy seating, with two aisles or more."
mamacita,2.08,0,0,1,"A babe, a hottie (sexually attractive woman)."
amparo,2.08,0,0,1,In some Hispanic jurisdictions (such as Mexico) a writ or an appeal demanding or seeking the protection of constitutional rights similar to a habeas corpus acting as a remedy for the violation of a pe
lamin,2.08,0,0,1,"Any of a class of fibrous proteins that provide structure, and regulate transcription in a cell nucleus"
megafauna,2.08,0,0,2,"The large animals of a given region or time, considered as a group."
riverbend,2.08,0,0,1,A knee or meander in a river.
vivax,2.08,0,1,1,Malaria caused by the parasite Plasmodium vivax.
polyclonal,2.08,0,0,1,Synonym of polyclonal antibody.
popolo,2.08,1,1,2,black nightshade (Solanum nigrum).
mwa,2.08,0,1,1,Alternative spelling of mwah.
tosa,2.08,0,0,1,A Japanese breed of fighting dog
instore,2.08,0,0,1,a performance or other event taking place within a store or a shop
muscarinic,2.08,0,0,1,A muscarinic drug: one that modulates (enhances or blocks) the activity of muscarinic acetylcholine receptors.
cornetto,2.08,0,0,2,"A trumpet-like wind instrument used in European music of the medieval, Renaissance, and Baroque periods."
flashmob,2.08,0,0,1,Alternative spelling of flash mob.
firman,2.08,0,0,1,"a royal decree issued by a sovereign in certain historical Islamic states, especially by the Sultan of the Ottoman Empire."
superstorm,2.08,0,0,1,A major storm (weather phenomenon).
moko,2.08,0,0,2,"A traditional Maori tattoo (image made in the skin), traditionally done with chisels; also, such an image used as a personal sign or signature."
discal,2.08,0,0,1,The central area of an insect's elytron or wing.
incharge,2.08,0,0,1,"The person who is in charge of something; an employee with responsibility for a department of a company; a manager, supervisor."
backslash,2.08,0,0,2,The punctuation mark \ (a left-leaning diagonal line). (Common uses include (1) use as a delimiter in filepaths and (2) use as an escape character to mark literals.)
brane,2.08,0,0,1,"A hypothetical object extending across a number of (often specified) spatial dimensions, with strings in string theory seen as one-dimensional examples."
marler,2.08,0,0,1,A laborer in a marlpit.
arroz,2.08,0,0,1,Any Spanish rice-based dish.
vav,2.08,0,0,2,"The sixth letter of the Hebrew alphabet, ו."
doof,2.08,1,1,3,A simpleton.
supercup,2.08,0,0,1,Alternative form of super cup.
satcom,2.08,0,1,1,Alternative form of satcoms (“satellite communications”).
glug,2.08,0,0,2,"The sound made when a significant amount of liquid is poured suddenly out of something, such as a jug or bottle."
tribble,2.08,0,0,2,A horizontal frame with wires stretched across it for drying paper.
fuckboy,2.08,0,0,1,Alternative spelling of fuck boy.
playfield,2.08,0,0,3,A playing field.
frontside,2.08,0,0,1,"The obverse, in contrast to the reverse."
siggy,2.08,0,0,1,A sig (signature used in posted messages).
hitmaker,2.08,0,0,1,A musician who frequently produces hits; a star.
upregulation,2.08,1,1,1,"The process, in the regulation of gene expression, in which the number, or activity of receptors increases in order to increase sensitivity."
underperformance,2.08,0,1,1,The state or quality of underperforming
nanite,2.08,0,0,1,Synonym of nanorobot.
athan,2.08,0,0,1,Alternative spelling of adhan.
unbundling,2.08,1,1,1,The process by which something is unbundled.
ultrabook,2.08,0,0,1,A very lightweight and thin portable computer the areal size of a notebook computer or subnotebook.
stempel,2.08,0,0,1,"A shelf set into a mineshaft for storing waste material, or for use as a step or support."
stellate,2.08,0,0,1,Ellipsis of stellate cell.
stell,2.08,0,0,4,A place; station.
starbase,2.08,0,0,2,"A base (for trading, military operations, etc.) located in space, among the stars."
dodie,2.08,0,0,1,A baby's pacifier or soother.
checkmark,2.08,0,0,1,Alternative form of check mark.
binational,2.08,0,0,1,A person of two nationalities.
ministership,2.08,1,1,1,The position held by a minister
maghrib,2.08,0,1,1,The sunset Islamic prayer.
maggy,2.08,0,0,1,Alternative form of maggie (“type of bird”).
burak,2.08,0,1,1,Alternative form of borak.
burpee,2.08,0,0,1,"A physical exercise performed by bending over, performing a squat thrust, returning to a standing position, and jumping once."
cryopreservation,2.07,1,1,1,"the preservation of biological tissue at cryogenic temperatures, typically at -80°C (dry ice temperature) or -196°C (the boiling point of liquid nitrogen)."
ageist,2.07,0,0,1,A person who behaves in an ageist manner.
cully,2.07,0,0,3,"A person who is easily tricked or imposed on; a dupe, a gullible person."
shola,2.07,1,1,2,"A wild plant of species Aeschynomene aspera, found in Bengal and Assam, having a milky-white, spongy pith used for the manufacture of pith helmets and decorative artifacts."
neta,2.07,0,0,2,A politician.
nematic,2.07,0,0,1,A liquid crystal whose molecules align in loose parallel lines.
bipod,2.07,0,0,1,A two-legged stand or organism.
kero,2.07,0,1,2,Kerosene.
fibronectin,2.07,1,1,1,An adhesive blood glycoprotein that has several cellular functions
bytecode,2.07,1,1,1,P-code (various forms of instruction sets designed for efficient execution by a software interpreter as well as being suitable for further compilation into machine code).
alastor,2.07,0,0,3,"An avenging spirit or deity, variously associated with the Erinyes, Nemesis, and more."
airconditioning,2.07,0,1,1,Alternative form of air conditioning.
coffeeshop,2.07,0,0,1,Alternative spelling of coffee shop.
phlegmatic,2.07,0,0,1,One who has a phlegmatic disposition.
ipe,2.07,1,1,1,"A type of wood of the genus Tabebuia, similar to teak, used for outdoor decking and furniture."
drafthouse,2.07,0,0,1,"A business establishment where alcoholic beverages such as beer, wine, ale, etc, are served, but not hard liquor."
ganna,2.07,0,1,1,"A plant formerly used to provide alkaline ashes for soap-making, Salsola aphylla."
reh,2.07,0,0,2,The Arabic letter ر.
mehndi,2.07,1,1,4,A henna plant (Lawsonia inermis).
filmer,2.07,0,0,2,One who films with a camera.
kalu,2.07,0,1,1,a dark-skinned person.
biodegradation,2.07,1,1,1,The decomposition of any material by microorganisms.
maiko,2.07,0,0,1,An apprentice geisha.
goli,2.07,0,1,2,A traditional dance and masquerade of the Baoulé people of the Ivory Coast.
mirador,2.07,0,0,1,A tower that offers a panoramic view.
birdseye,2.07,1,1,1,Alternative form of bird's-eye.
photobomb,2.07,0,0,2,An act of photobombing.
desa,2.07,0,0,1,A rural village terminology.
houndstooth,2.07,1,1,3,A two-colour fabric pattern of broken checks.
hoult,2.07,0,0,1,A wood; copse.
hotfix,2.07,0,0,1,A cumulative package of one or more files used to address a problem in a software product.
braai,2.07,1,1,3,"A barbecue (grill), especially an open outdoor grill built specifically for the purpose of braaing."
bazin,2.07,0,0,1,"An unleavened bread in the cuisine of Libya prepared with barley, water and salt"
urf,2.07,0,1,1,"The customs of an Arab society, used in jurisprudence when the Qur'an and Sunnah do not mandate a ruling."
carboxylate,2.07,0,0,1,Any salt or ester of a carboxylic acid.
preflight,2.07,0,0,2,An inspection of an aircraft before the start of a flight.
focaccia,2.07,1,1,2,"A flatbread similar in style, composition, and texture to modern pizza doughs and topped with herbs, cheese and other products. Focaccia typically consists of high-gluten flour, oil, water, sugar, sal"
queef,2.07,0,0,2,"An emission of air from the vagina, especially when audible; vaginal flatulence."
clubman,2.07,0,0,2,A man who attends a social club.
skene,2.07,0,0,2,An element of ancient Greek theater: the structure at the back of the stage.
shearman,2.07,0,0,2,One whose occupation is to shear cloth.
arris,2.07,0,0,4,A sharp edge or ridge formed by the intersection of two surfaces
fajita,2.07,0,0,1,"A Tex-Mex dish of strips of spicy marinated meat and/or vegetables in a soft flour tortilla, often served with salad or a savoury filling."
kobold,2.07,0,0,3,"An ambivalent, sometimes vindictive, spirit that is capable of materialising as an object or human, often a child; a sprite."
sorbitol,2.07,1,1,1,"A faintly sweet alcohol C₆H₁₄O₆ that occurs in some fruits, is made synthetically, and is used especially as a humectant and softener and in making ascorbic acid."
heartworm,2.07,1,1,2,"A parasitic organism that afflicts dogs, of species Dirofilaria immitis of roundworms."
archrival,2.07,0,0,1,A chief rival.
pash,2.07,0,0,7,A passionate kiss.
arclight,2.07,0,0,1,Alternative form of arc light.
topman,2.07,0,0,3,"The man stationed in the top on a sailing vessel, responsible for the setting of the sails"
injun,2.07,0,0,1,A Native American.
psychodrama,2.07,1,1,3,A form of psychotherapy in which a patient acts a role in a context devised by a psychotherapist.
seel,2.07,0,0,3,Good fortune; happiness; bliss.
makerspace,2.07,0,0,1,A hackerspace where people develop electronic hardware or other physical objects.
overman,2.07,0,0,2,"A person who supervises others; a supervisor, especially in a mine."
aquaponics,2.07,0,1,1,"A sustainable food production system that combines traditional aquaculture with hydroponics, with effluent from the water in which fish are reared being used as nutrition for plants."
apres,2.07,0,1,1,Abbreviation of après-ski.
consigliere,2.07,0,0,1,"A counselor or advisor, especially to Mafia bosses."
nimby,2.07,0,0,1,"Someone who objects to the building of an undesirable structure in their neighborhood, especially in public policy debate."
tarring,2.07,0,0,1,An application of tar.
tanah,2.07,0,0,1,Alternative form of thana.
deshmukh,2.07,0,0,1,The head or ruler of a district.
moscato,2.07,1,1,2,"A white grape variety used to make light, sweet white wine."
loadout,2.07,1,1,3,"The set of objects (e.g., equipment, supplies) to be carried into battle, onto a jobsite, etc.; all that one needs for a specific purpose."
malthouse,2.07,0,0,1,A plant where malt is produced.
pullup,2.07,0,0,2,"An exercise done for strengthening the arms and upper body, in which one lifts one's own weight while hanging from a bar."
talkshow,2.07,0,0,1,Alternative form of talk show.
tachi,2.07,0,0,1,"A pre-katana style Japanese sword, characterized by a longer blade with more curvature."
bestfriend,2.07,0,0,1,Alternative form of best friend.
recapitalization,2.07,0,0,1,A restructuring of a company's mixture of equity and debt
bidi,2.07,0,0,1,Alternative form of beedi (“Indian cigarette”).
kaizen,2.07,1,1,2,A Japanese business practice of continuous improvement in performance and productivity.
rohe,2.07,0,0,1,"A Māori tribal territory or region; (loosely), an area or region."
rocketeer,2.07,0,0,1,"Somebody who designs, launches, operates, or travels in a rocket."
sessional,2.07,0,0,1,An instructor hired by a college or universities on a temporary basis.
pickler,2.07,0,0,5,One who pickles food products.
deathcore,2.07,0,1,1,An extreme fusion genre of death metal and metalcore.
sportster,2.07,0,0,2,A sporty automobile or motorcycle.
spen,2.07,0,0,1,Alternative form of spean.
chetty,2.07,0,0,1,"A member of one of various South Indian castes of merchants, money-lenders and land-owners."
punny,2.07,0,0,1,A punishment.
chirality,2.07,1,1,1,"The phenomenon, in chemistry, physics and mathematics, in which objects are mirror images of each other, but are otherwise identical; handedness."
quizlet,2.07,0,0,1,A short quiz.
micromanagement,2.07,0,1,2,"The direct management of a project, etc. to an excessive degree, with too much attention to detail and insufficient delegation."
zaibatsu,2.07,0,0,2,"A large business conglomerate founded under the Empire of Japan, generally controlled by a single family or individual."
strummer,2.07,0,0,1,One who strums a stringed musical instrument.
stritch,2.07,0,0,1,Nickname for a type of saxophone.
misericordia,2.07,1,1,7,An amercement.
moai,2.07,0,0,1,One of the large stone statues on Easter Island (Rapa Nui).
nakba,2.07,0,0,1,In Arab contexts: a catastrophe; a grave setback.
exper,2.07,0,1,1,Alternative form of exper. (“experience”)
trie,2.07,0,0,1,An ordered tree data structure that is used to store an associative array where the keys are usually strings.
pneumonic,2.07,0,0,2,One who has pneumonia.
planta,2.07,0,0,1,The sole of the foot.
transhumanism,2.07,1,1,1,"A philosophy favouring the use of science and technology, especially neurotechnology, biotechnology, and nanotechnology, to overcome human limitations and improve the human condition."
sando,2.06,0,0,3,Sandwich.
oldtown,2.06,0,0,1,Alternative form of old town.
adat,2.06,1,1,1,"Traditional custom or law, in Islamic parts of Southeast Asia."
tranter,2.06,0,0,1,a peddler.
pmf,2.06,0,0,1,Initialism of probability mass function.
tromp,2.06,0,0,1,"An apparatus in which air, drawn into the upper part of a vertical tube through side holes by a stream of water within, is carried down with the water into a box or chamber below which it is led to a "
trilingual,2.06,0,0,2,A person who speaks three languages.
aimer,2.06,0,0,1,One who aims; one who is responsible for aiming.
backswing,2.06,0,0,1,"The preparatory stroke preceding that which produces contact with the target. Normally associated with sports using an implement such as a bat, club, racket or stick."
microsatellite,2.06,0,0,3,A miniature satellite.
gopnik,2.06,0,0,1,"In Russia, Eastern Europe, former Soviet republics, and other Slavic countries, a member of a subculture of young people of lower-class low-income backgrounds, mostly millennials, who usually live in "
knotweed,2.06,0,0,1,"Any of several plants of the genus Polygonum, with jointed stems and inconspicuous flowers"
splish,2.06,0,0,1,A light splashing sound.
naptime,2.06,1,1,1,The time when one takes a short sleep.
pinta,2.06,0,1,3,A pint of milk.
synthpop,2.06,0,1,1,A style of pop music in which the synthesizer is the dominant musical instrument.
selly,2.06,0,0,1,A marvel; wonder; something wonderful or rare
freeloading,2.06,0,1,1,The act of one who freeloads.
poot,2.06,0,0,2,"A fart, perhaps a relatively quiet one."
peanutbutter,2.06,1,1,1,Alternative spelling of peanut butter.
reconquest,2.06,1,1,1,"The act or process of conquering something again, such as a territory."
recertification,2.06,1,1,1,The act or process of recertifying.
berthe,2.06,0,0,1,A sort of trim added to the neckline of a dress.
jihadism,2.06,0,1,1,The ideological movement within modern Islamism that advocates armed jihad and hostility against non-believers.
chillout,2.06,1,1,2,"A period of quiet, rest and relaxation, especially after a party, etc."
chikara,2.06,0,0,3,An Indian antelope (Gazella bennettii).
marah,2.06,0,0,1,"A gratuity in the form of deductions from the gross produce of cultivated lands, granted to a mirasidar."
callsign,2.06,0,0,1,Alternative form of call sign.
loanee,2.06,0,0,2,borrower; someone who is loaned something
cayo,2.06,0,0,1,A small island or ledge of rock in the water; a key.
normale,2.06,0,0,1,"A normal espresso drink, neither ristretto (shorter) nor lungo (longer)."
restrictor,2.06,0,0,1,Anything that restricts
carphone,2.06,0,0,1,Alternative form of car phone.
shapewear,2.06,0,1,1,"Foundation garments, designed to hold a part of the body in a particular form."
returnee,2.06,0,0,2,"Someone who comes back or returns, especially to their own country or region."
paver,2.06,0,0,3,"A flat stone used to pave a pathway, such as a walkway to one's home."
presentational,2.06,0,0,1,"A clause using existential ""there"" with a verb other than a form of ""be"", as in ""There followed a brief silence""."
aquarian,2.06,0,0,1,A person who keeps an aquarium.
muang,2.06,0,0,1,Alternative form of mueang.
lish,2.06,0,0,1,"A hybrid variety of English having a name that is derived from a portmanteau of the name of one language and the word English, such as Chinglish (Chinese + English), Spanglish (Spanish + English), Tag"
artform,2.06,0,0,1,Alternative spelling of art form.
simson,2.06,0,1,1,Alternative form of sencion (“groundsel”).
ifrit,2.06,0,0,3,A kind of djinn mentioned in the Qur'an.
bothy,2.06,0,0,3,"A small cottage or hut; specifically (Scotland), one often left unlocked for communal use in a remote, often mountainous, area by hikers, labourers, etc."
boudin,2.06,0,0,3,"A kind of blood sausage in French, Belgian, Luxembourgish and related cuisines."
bajan,2.06,0,0,1,Alternative form of bayan (“type of accordion”).
bahu,2.06,0,0,1,"A daughter-in-law or sister-in-law, especially one who lives with her husband's family when married."
tolerability,2.06,1,1,1,The quality or state of being tolerable.
shorthair,2.06,0,0,1,"Any of several breeds of domestic cat with relatively short hair, a slender body and a large head."
visite,2.06,0,0,1,"A light cape or short cloak made of silk or lace, formerly worn by women in summer."
vorticity,2.06,1,1,1,A property of a fluid flow related to local angular rotation; defined as the curl of the flow's velocity field.
enablement,2.06,1,1,1,The act of enabling.
tweek,2.06,1,1,1,A form of atmospherics (radio interference) produced when the high-frequency components reach the receiver before the low-frequency components.
tokenism,2.06,1,1,1,"A policy of formally complying with efforts to achieve a goal by making small, token gestures; especially to hire a minimal number of ethnically diverse or disadvantaged people."
reusability,2.06,0,1,1,The property or degree of being reusable.
frogger,2.06,0,0,3,The pronged plater used in frogging (transferring cells to another plate).
couponing,2.06,0,1,1,The use or distribution of money-saving coupons.
ceramide,2.06,0,0,1,Any of various lipids formed by linking a fatty acid to sphingosine and found widely but in small amounts in plant and animal tissue
rosado,2.06,1,1,1,A Spanish rosé wine.
sukuk,2.06,0,0,1,A bond that generates a return to an investor without infringing Islamic laws against interest.
supercross,2.06,0,1,1,A sport in which high-performance off-road motorcycles are raced on an artificially made dirt track consisting of steep jumps and obstacles.
ductwork,2.06,1,1,1,The system of ducts in a particular building.
rollerball,2.06,0,0,2,A kind of ballpoint pen with a spherical nib that uses water-based liquid or gelled ink.
prr,2.06,0,0,1,Onomatopeia for a feline's purr.
warfighter,2.06,0,0,1,A servicemember of an armed force; (often specifically) one who sees combat.
headbanging,2.06,0,1,2,"A type of dance associated with hard rock or heavy metal music, in which the head is shaken violently in time with music."
hdc,2.06,0,0,2,Initialism of half double crochet.
dorje,2.06,0,0,1,Synonym of vajra (“Buddhist ceremonial mace”).
hitz,2.06,0,0,1,Informal spelling of hits; plural of hit.
thinktank,2.06,0,0,1,Alternative spelling of think tank.
rato,2.06,1,1,1,Alternative form of RATO (“rocket-assisted takeoff”).
sheerness,2.06,1,1,2,The property of being sheer.
incall,2.06,0,0,2,"A visit by a client to a provider of some service, such as a massage therapist or a prostitute."
likability,2.06,0,1,1,Alternative spelling of likeability.
formate,2.06,0,0,1,Any salt or ester of formic acid.
aguayo,2.06,0,0,1,"A rectangular piece of patterned cloth, used in traditional South American communities to carry children, goods, etc."
snicket,2.06,0,0,1,A narrow passage or alley.
hok,2.06,0,0,1,A kind of small hut.
agarose,2.06,0,0,1,A polymeric cross-linked polysaccharide extracted from the seaweed agar; used to make gels that are used in electrophoresis.
maximalist,2.06,0,0,6,"A person with maximalist beliefs or tendencies; someone who prefers redundancy or excess, especially in the arts."
fers,2.06,0,0,2,The medieval chess piece that developed into the modern queen.
precure,2.06,0,0,1,The treatment of rubber in this way.
gluconeogenesis,2.06,0,1,1,"The metabolic process in which glucose is formed, mostly in the liver, from non-carbohydrate precursors"
bouton,2.06,0,0,1,"A bud-like swelling, especially one at the end of an axon."
networth,2.06,1,1,1,Alternative form of net worth.
phosphodiesterase,2.06,0,0,1,Any of a family of enzymes that catalyze the cleavage of phosphodiester links in nucleic acids.
ulu,2.06,0,0,2,"An all-purpose knife traditionally used by Yup'ik, Inuit, and Aleut women."
satnav,2.06,1,1,3,A satellite navigation system.
kalo,2.06,0,0,1,taro (Colocasia esculenta)
sater,2.06,0,0,1,That which sates.
battlecruiser,2.06,0,0,3,"A fast warship with thicker armor and heavier guns than a typical cruiser, but with armor, armament, or both still inferior to that of a dreadnought battleship; designed to act as an advanced scout of"
hield,2.06,0,0,3,An inclination; a cant.
vaporwave,2.06,0,1,1,"A genre of electronic music and visual arts style that emerged in the early 2010s. As a musical genre, it evolved from chillwave and seapunk with influences from lounge music, elevator music, smooth j"
isolator,2.06,0,0,3,An electrical device that detects short circuits and isolates them.
arnot,2.06,0,0,1,Alternative spelling of arnut.
dreamtime,2.06,0,0,1,The time for dreaming.
preproduction,2.06,0,1,2,"All the preliminary arrangements that are made before the start of a project, especially before the filming of a movie."
giftedness,2.06,1,1,1,The property of being gifted.
sqrt,2.06,0,0,1,Abbreviation of square root.
trant,2.05,0,0,1,A turn; trick; stratagem.
tricuspid,2.05,0,0,1,A molar tooth that has three cusps
backplane,2.05,0,0,1,"A circuit board that connects several connectors in parallel to each other, so that each pin of each connector is linked to the same relative pin of all the other connectors, forming a computer bus."
groundout,2.05,0,0,1,Alternative form of ground out.
coprocessor,2.05,0,0,1,"An additional microprocessor used to supplement the functionality of the central processing unit, performing tasks such as floating-point arithmetic (floating-point unit) or graphics calculations (gra"
childline,2.05,0,0,1,A telephone counselling service for children and young people.
serotype,2.05,0,0,1,A group of microorganisms characterised by a specific set of antigens.
delamination,2.05,1,1,2,"The separation of the layers of a laminar composite material as a result of repeated stress, or failure of the adhesive"
lona,2.05,0,0,1,A bonus scored in the game of kabaddi for getting the entire opposing team declared as out.
semigroup,2.05,0,0,1,Any set for which there is a binary operation that is closed and associative.
whatta,2.05,0,0,1,A scaffold used by the Tahitians for animal sacrifices.
alliant,2.05,0,0,1,An ally; a confederate.
almshouse,2.05,0,0,1,"A building of residence for the poor, sick or elderly of a parish. Originally founded by the Church, and usually funded by charitable donations."
novela,2.05,0,0,1,A Latin American soap opera.
novum,2.05,1,1,3,"A new feature, a novelty."
paik,2.05,0,0,1,"A foot soldier or armed attendant, in some cases holding land in exchange for military service."
piedra,2.05,0,1,1,A hair disease caused by a fungus.
oropharyngeal,2.05,0,0,1,Ellipsis of oropharyngeal airway (“an adjunct device used to open and secure a patient's airway during emergencies”).
cogito,2.05,0,1,1,"The argument ""cogito, ergo sum"" (""I think therefore I am"") from the philosophy of René Descartes; the mental act of thinking this thought; a conscious being which performs this mental act."
bort,2.05,1,1,1,"The shards or fragments removed from diamonds during cutting, used for industrial purposes such as abrasives in cutting, drilling or grinding tools; a poorly crystallized diamond."
abend,2.05,0,0,2,The abnormal termination of a program.
zouk,2.05,0,0,1,"A style of dance music originating in the French Antilles, combining Latin American, African and Western disco rhythms; a dance to this music"
truther,2.05,0,0,4,Someone who tells the truth.
bice,2.05,1,1,2,"A pale blue pigment, prepared from the native blue carbonate of copper, or from smalt."
hardcopy,2.05,0,0,1,Alternative form of hard copy.
bichon,2.05,0,0,2,Any of a class of toy dogs with curly or wavy hair and long curled tails.
biosensor,2.05,0,0,2,"Any device that detects, records or transmits physiological data, especially data concerning the presence of chemical compounds (analytes)"
malling,2.05,0,1,2,the transformation of a district by building shopping malls
anata,2.05,0,1,1,Alternative form of anatta.
piscina,2.05,0,0,2,A drained basin near a church's altar for the disposal of water from liturgical ablutions.
piti,2.05,0,0,1,An Azerbaijani soup made with mutton and vegetables in individual crocks with a glazed interior.
fum,2.05,0,0,1,"The fenghuang, a mythological Chinese bird."
shahin,2.05,0,0,1,The shaheen falcon.
targum,2.05,0,0,1,An Aramaic translation of the Tanakh written or compiled between the Second Temple period and the early Middle Ages.
tanuki,2.05,0,0,3,"A raccoon dog, Nyctereutes viverrinus."
morra,2.05,0,1,1,A game in which two (or more) players each suddenly display a hand showing zero to five fingers and call out what they think will be the sum of all fingers shown.
pomodoro,2.05,1,1,3,A variety of pear-shaped tomato from Italy; San Marzano tomato.
signee,2.05,0,0,1,"One who is signed (signed up, enlisted) by someone else; thus, one who signs a contract, especially in athletic contexts."
backburner,2.05,1,1,1,Alternative form of back burner.
passionfruit,2.05,0,0,1,Alternative form of passion fruit.
mukti,2.05,0,1,1,"Feminine synonym of masculine substantive noun मोक्ष (mokṣa, “liberation”)."
beastmaster,2.05,0,0,3,A character in video games who fights monsters and other creatures.
tela,2.05,0,0,1,"A thin, web-like structure or membrane."
programm,2.05,0,0,1,Same as programme.
pronotum,2.05,0,0,1,The dorsal plate of the prothorax in insects
livability,2.05,1,1,1,The property of being livable.
jetson,2.05,1,1,1,jetsam
roadwork,2.05,1,1,3,The construction or maintenance done to roads.
nonalcoholic,2.05,0,0,2,One who is not an alcoholic.
sunland,2.05,0,0,1,A sunny region or landscape.
sunbed,2.05,0,0,2,A device emitting ultraviolet radiation used to produce a cosmetic suntan.
endothermic,2.05,0,0,1,A substance that absorbs heat energy.
hostname,2.05,0,0,3,The unique name by which any device attached to a computer network is known.
hootenanny,2.05,0,0,2,"An informal, festive performance by folk singers, often including audience participation with the use of acoustic instruments."
parotid,2.05,0,0,1,The parotid gland.
malum,2.05,0,0,2,An evil or wrongdoing.
amaru,2.05,0,0,1,A double-headed serpent in Inca and other Andean mythology.
capulet,2.05,0,0,1,Alternative form of capellet.
rimfire,2.05,0,0,1,"A type of firearm cartridge where the primer is in the back rim, rather than a central primer cap. They are cheap to produce but cannot be reloaded with powder."
chondroitin,2.05,0,0,1,"Any of a range of mucopolysaccharides, derived from galactosamine and glucuronic acid, that occur in cartilage and bone."
nias,2.05,0,0,1,A young hawk; an eyas.
hef,2.05,0,0,1,Clipping of hefeweizen.
hench,2.05,0,0,3,"The narrow side of chimney stack, a haunch."
reemergence,2.05,1,1,1,A second or subsequent emergence after being hidden etc.
nain,2.05,0,0,1,A grandmother.
stereochemistry,2.05,1,1,2,"the branch of chemistry that involves the spatial arrangement of the atoms of molecules, and studies how this affects the physical and chemical properties of such species"
sucralose,2.05,1,1,1,"A selectively chlorinated sucrose, used as an artificial sweetener."
gluteal,2.05,0,0,1,"Any of the muscles of the buttocks, gluteus maximus, gluteus medius and gluteus minimus"
portas,2.05,0,0,1,Obsolete form of portass.
bardic,2.05,0,0,1,"A bardic circle or competition: a gathering or contest at which stories, poems, and/or songs are recited."
brachytherapy,2.05,1,1,1,"Radiotherapy using radioactive sources positioned within (or close to) the treatment volume, typically with radiopharmaceuticals as opposed to external-beam sources."
perrot,2.05,0,0,1,Obsolete form of periot.
preprocessing,2.05,1,1,2,The act of processing beforehand.
preprocessor,2.05,0,0,1,program that processes its input data to produce output that is used as input to another program
cursus,2.05,0,0,5,A course; a journey or progression.
flossie,2.05,0,0,1,"A sexually promiscuous person (usually a woman); a sex worker, prostitute."
bateau,2.05,0,0,1,"A small, flat-bottomed type of boat."
utis,2.05,0,0,2,"A racket, din"
cinerea,2.05,0,1,1,The grey matter of the brain
doujin,2.05,0,0,2,A product produced and sold independently of corporations (in Japan); an indie work.
worktop,2.05,0,0,1,"A surface, usually resting on cupboards or drawers that can be used to work on. Usually in a kitchen."
mado,2.05,0,1,1,"Any fish in the genus Atypichthys, in Australia mostly Atypichthys strigatus and in New Zealand Atypichthys latus."
musicale,2.05,0,0,1,"A musical entertainment, usually private and typically involving classical music"
ligase,2.05,0,0,1,Any of a group of enzymes that catalyze the binding of two molecules; synthetase.
kugel,2.05,1,1,3,"A traditional savoury or sweet Jewish dish consisting of a baked pudding of pasta, potatoes, or rice, with vegetables, or raisins and spices."
ragini,2.05,0,0,1,The feminine counterpart of a raga in Indian music.
moco,2.05,0,0,1,Rock cavy (Kerodon rupestris).
feis,2.05,0,0,2,"An Irish festival, usually including folk music, dancing, and sports."
shiz,2.05,0,1,1,shit (in any sense)
futur,2.05,0,0,1,A fiancé.
hominin,2.05,0,0,1,"Any member of the taxonomic tribe Hominini, the evolutionary group that includes modern humans and now-extinct bipedal relatives."
timebomb,2.05,0,0,1,Alternative form of time bomb.
electroencephalography,2.05,0,0,1,The measurement and recording of electrical activity in the brain for diagnostic purposes.
yersinia,2.05,0,0,1,"A Gram-negative bacterium, of the genus Yersinia, that is an etiological agent of several diseases in animals and humans, notably Yersinia pestis, which causes bubonic plague."
crossdresser,2.05,0,0,1,Alternative spelling of cross-dresser.
elderflower,2.05,0,0,1,"The blossom of the elderberry, often specifically the European species Sambucus nigra"
bupropion,2.04,0,1,1,An antidepressant drug which is also given to relieve the symptoms of nicotine withdrawal.
grindcore,2.04,0,1,1,"A fusion genre of extreme metal and hardcore punk, incorporating aggressive guitar riffs; extremely rapid drumming; and loud, largely unintelligible screaming."
nyanza,2.04,0,0,1,A lake (in Africa).
osteogenesis,2.04,1,1,1,The formation and development of bone.
optoelectronics,2.04,0,1,1,"The branch of physics that deals with the interaction of light with electronic devices, or the production of light from such devices"
sigmoid,2.04,0,0,2,Ellipsis of sigmoid colon.
sifu,2.04,0,0,2,"A master or teacher in the context of martial arts, especially kung fu and tai chi."
abraxas,2.04,0,0,1,A transcription of Abrasax.
yiff,2.04,0,1,3,The bark of a fox.
booboo,2.04,0,0,1,Alternative form of boo-boo.
lactam,2.04,0,0,1,"Any of a class of cyclic amides that are the nitrogen analogs of lactones, formed by heating amino acids; the tautomeric enol forms are known as lactims."
ezine,2.04,0,0,1,Alternative spelling of e-zine.
carnitas,2.04,0,1,1,"A Mexican dish of strips or chunks of pork (or sometimes other meat) which are braised or roasted, especially in their own fat."
shish,2.04,0,0,1,The spine of a shish kebab structure.
pharmacotherapy,2.04,0,0,1,The use of pharmaceuticals to treat disease
homi,2.04,0,0,1,A homicide.
peroxidation,2.04,1,1,2,"Any oxidation reaction, especially of an oxide, that produces a peroxide."
predawn,2.04,1,1,1,The period immediately preceding dawn.
poy,2.04,0,0,3,A support structure.
powerlifter,2.04,0,0,1,One who performs powerlifting.
foon,2.04,0,0,1,Synonym of spork.
ipi,2.04,0,0,1,The long-tailed pangolin (Manis tetradactyla)
tinley,2.04,0,0,1,"A torch, made from burning straw, supposed to represent the burning of souls"
dragster,2.04,0,0,3,A heavily modified or custom-built vehicle used in drag racing.
castellan,2.04,0,0,2,A feudal lord with a fortified manor.
multimode,2.04,0,0,1,A simultaneous superposition of modes.
upliftment,2.04,1,1,1,Lifting up; elevation or promotion.
petersham,2.04,1,1,3,"A style of heavy overcoat, originally one with a short cloak on the shoulder; also, a style of frock coat with slanted pockets and velvet trimmings."
dashi,2.04,1,1,1,"A type of soup or cooking stock, often made from kelp."
photobooth,2.04,0,0,1,Alternative form of photo booth.
megachurch,2.04,0,0,1,A church with an atypically large congregation.
carryout,2.04,1,1,2,Food that is intended to be eaten off the premises from which it is bought.
estancia,2.04,0,0,1,A large rural estate in Latin America; a kind of ranch.
arish,2.04,0,0,1,Alternative form of earsh.
concho,2.04,0,0,1,A silver ornament either stamped with a design or inlaid with a stone.
concertmaster,2.04,0,0,1,"The first violin in a symphony orchestra, which normally plays violin solos."
asiago,2.04,1,1,1,A hard Italian cheese similar to Parmesan.
hepatocyte,2.04,0,0,1,"Any of the cells in the liver responsible for the metabolism of protein, carbohydrate and lipid and for detoxification."
failover,2.04,1,1,1,"An automatic switch to a secondary system on failure of the primary system, such as a means for ensuring high availability of some critical resource (such as a computer system), involving a parallel b"
mesoscale,2.04,0,0,1,A scale of intermediate size.
niggle,2.04,0,0,2,A minor complaint or problem.
neuroprotective,2.04,0,0,1,Any neuroprotective agent.
sexologist,2.04,0,0,1,"Someone who studies, or is an expert in, sex and sexuality."
tawhid,2.04,0,1,1,The central Islamic doctrine of God's divine unity.
jeepney,2.04,0,0,1,"Synonym of shared taxi or minibus, especially one with flamboyant decoration and usually heavily crowded."
viridian,2.04,1,1,2,A bluish-green pigment made from chromium sesquioxide.
torta,2.04,1,1,5,"A sandwich, served either hot or cold, on an oblong white sandwich roll, derived from Mexican cuisine."
pierogi,2.04,0,0,1,"A square- or crescent-shaped dumpling of unleavened dough, stuffed with sauerkraut, cheese, mashed potatoes, cabbage, onion, meat, or any combination of these, or with a fruit filling."
kluge,2.04,0,0,2,"Something that should not work, but does."
vta,2.04,0,0,1,Initialism of verb transitive animate.
ritsu,2.04,0,1,1,"An anhemitonic pentatonic scale used in a Japanese Buddhist chant, and built up by intervals of major second, minor third, major second, major second, minor third."
lipopolysaccharide,2.04,0,0,1,Any of a large class of lipids conjugated with polysaccharides
shama,2.04,0,0,1,"Copsychus malabaricus (white-rumped shama), a saxicoline songbird of India, glossy black with a white rump and brown underparts, and six other species in genus Copsychus."
flatscreen,2.04,0,0,2,A screen of this kind.
firestarter,2.04,0,0,2,Someone who starts a fire or fires.
jizya,2.04,0,1,1,"A per capita tax levied on a section of an Islamic state's non-Muslim citizens, who meet certain criteria."
malky,2.04,0,0,2,A beating.
servlet,2.04,0,0,1,A Java program running on an Internet server that generates web content dynamically in response to requests from clients.
toymaker,2.04,0,0,1,A craftsman who makes toys.
townsite,2.04,0,0,1,"In former British colonies, a tract of land authorized to be developed as a town and then surveyed and marked out with streets."
degradable,2.04,0,0,1,Any material that can be degraded or decomposed.
awf,2.04,0,0,2,An elf.
tumorigenesis,2.04,0,0,2,Production of a new tumor or tumors.
webseries,2.04,0,0,1,Alternative form of web series.
malle,2.04,0,0,1,"A heavy hammer or beetle, often made of wood or lead."
spiderweb,2.04,0,0,2,The net-like construct of a spider containing sticky strands to catch prey.
microblogging,2.04,0,1,1,The writing or publishing of a microblog.
mico,2.04,0,0,1,"A small South American monkey (Mico melanurus, syn. Callithrix melanura), allied to the marmoset."
pacifico,2.04,0,0,1,A peaceful native in Cuba or the Philippines who did not oppose Spanish colonization.
bhajan,2.04,0,0,1,A type of Indian devotional song.
squee,2.04,0,0,1,A cry of squee.
webstore,2.04,0,0,1,A sales outlet which supplies goods or services over the World Wide Web.
monadnock,2.04,0,0,1,A hill or mountain standing isolated above a predominantly flat plain.
hance,2.04,0,0,2,"A curve or arc, especially in architecture or in the design of a ship."
seiner,2.04,0,0,2,A fisherman who uses a seine to catch fish.
polyphemus,2.04,0,0,1,Synonym of polyphemus moth.
degen,2.04,0,0,2,Sword.
blankie,2.04,0,0,1,"A blanket, especially one used as a security blanket."
cheeseman,2.04,0,0,1,A man who makes cheese.
monophosphate,2.04,0,0,1,any compound containing a single phosphate unit
loreal,2.04,0,0,1,Any of the loreal scales.
hade,2.04,0,0,3,"State; order, estate, rank, degree, or quality."
wideout,2.04,0,0,1,A wide receiver.
oblongata,2.04,0,0,1,Clipping of medulla oblongata.
alkylation,2.04,0,0,1,Any reaction in which an alkyl group is added to a molecule; used in the production of high-octane petroleum fuels.
bima,2.04,0,0,1,The raised platform in the front of a synagogue where the Torah is read on a podium.
fearmongering,2.04,0,1,1,The act of spreading needless fear; exaggerating purported threats in order to incite fear.
kibosh,2.04,0,1,3,Chiefly in put on the kibosh or put the kibosh on: something which checks or restrains.
kanban,2.04,1,1,3,"A card containing a set of manufacturing specifications and requirements, used to regulate the supply of components."
kanaka,2.04,0,0,2,A person of Hawaiian descent.
rango,2.04,0,0,1,Alternative form of arango.
randomizer,2.04,0,0,2,"One who, or that which, randomizes (often practically extended to pseudorandomization as well)."
gurdy,2.04,0,0,1,A manual crank used on fishing lines
rueda,2.04,0,0,1,A kind of salsa round dance.
sarma,2.04,0,1,2,A dumpling of minced meat and other ingredients wrapped in a leaf (grape or cabbage).
sanga,2.04,0,0,1,Sandwich.
workfare,2.04,0,1,1,A form of welfare in which people are required to work as a condition of receiving aid
backlink,2.04,0,0,3,A hyperlink to a webpage from an external website.
maci,2.04,0,1,1,"A traditional Chinese rice cake snack made of glutinous rice, peanuts, and sugar."
saker,2.04,0,0,2,A falcon (Falco cherrug) native of Southern Europe and Asia.
crofting,2.04,1,1,2,"A form of land tenure and small-scale food production, unique to the Highlands and islands of Scotland, in which individual crofts are established on the better land while a large area of poor-quality"
maddock,2.04,0,0,1,An earthworm or maggot.
makeout,2.03,0,0,1,An act of making out; passionate kissing or petting.
zari,2.03,0,1,1,"A fine gold or silver thread used in traditional Indian, Pakistani and Persian garments, especially as brocade in saris etc."
bushcraft,2.03,1,1,1,"The skills needed to survive in the bush, and by extension in any natural environment."
floorplan,2.03,0,0,1,Alternative spelling of floor plan.
yok,2.03,0,0,2,Alternative form of yock.
rdna,2.03,0,0,1,Alternative form of rDNA.
caretaking,2.03,0,1,2,The act of taking care or taking charge of something.
shug,2.03,1,0,1,A term of endearment.
tache,2.03,0,0,3,"Moustache, mustache."
parklife,2.03,0,1,1,The lifestyle and culture of parkgoers.
antisemite,2.03,0,0,1,Alternative form of anti-Semite.
nill,2.03,0,1,3,Shining sparks thrown off from melted brass.
multithreading,2.03,0,1,1,The use of multithreaded code.
llyn,2.03,0,0,1,An upland lake in Wales.
workaday,2.03,0,0,1,A workday.
erf,2.03,0,0,3,Inheritance; patrimony.
ultraviolence,2.03,0,1,1,"Unnecessary, unprovoked (usually brutal) violence; violent acts simply for the thrill and entertainment of it."
spinosaurus,2.03,0,0,1,"A large, extinct, carnivorous dinosaur of genus †Spinosaurus, with a long snout like that of a crocodile and with a sail on its back. It is considered to be the largest theropod dinosaur."
spellcheck,2.03,1,1,2,The act of spellchecking.
lbm,2.03,0,0,1,Abbreviation of pound-mass (“unit of mass”).
dbh,2.03,0,1,1,"Initialism of diameter at breast height, a standard method of expressing the diameter of the trunk or bole of a standing tree, measured at the supposed height above ground of an adult's breast (which "
trainable,2.03,0,0,1,A mentally retarded person who can be trained or taught.
rerelease,2.03,0,0,1,A rereleased item.
essentialist,2.03,0,0,1,An advocate of essentialism.
lasing,2.03,0,0,1,The application of a laser beam.
laserjet,2.03,0,0,1,A laser printer.
doujinshi,2.03,1,1,1,A fan-produced book or magazine of Japanese fiction; especially manga.
sangeet,2.03,0,0,1,A gathering for the purpose of singing songs; a musical ceremony.
ruleset,2.03,0,0,1,A set of rules.
buka,2.03,0,0,3,"The short introduction to a gamelan piece, generally played by a single instrument in a free rhythm, with the kendhang coming in on the last few notes to set the tempo."
paedo,2.03,1,1,2,A paedophile.
audiologist,2.03,0,0,1,"A healthcare professional who diagnoses, treats and/or manages hearing and balance disorders."
gali,2.03,0,1,2,Alternative form of galee (“abuse; bad language”).
balaban,2.03,0,0,1,An Azerbaijani wind instrument made of wood.
neisseria,2.03,0,0,1,Any of several Gram-negative bacteria of the genus Neisseria.
skitter,2.03,0,1,2,A skittering movement.
anglaise,2.03,0,0,1,A kind of English country dance.
darkling,2.03,0,1,4,Darkness.
coliform,2.03,0,0,1,Such a bacterium.
pidge,2.03,0,0,2,A pigeonhole.
garn,2.03,0,1,1,Yarn (twisted fibers for weaving) or worsted (woolen yarn).
nicotinamide,2.03,1,1,1,The amide of nicotinic acid (or niacin).
backstab,2.03,0,0,1,An act of backstabbing.
gestion,2.03,1,1,1,"The act of managing, conducting or administrating something."
kanon,2.03,0,0,2,Synonym of monochord (used mainly in reference to ancient Greek music)
threepenny,2.03,0,0,1,A stamp worth three pence.
basa,2.03,0,0,1,The catfish Pangasius bocourti.
middleclass,2.03,0,0,1,Alternative form of middle class.
unicom,2.03,0,0,1,An air-ground communication facility operated by a private agency (not air traffic control) to provide advice at uncontrolled aerodromes and airports and to provide non-flight services such as request
linney,2.03,0,0,1,Alternative form of linhay.
paya,2.03,0,1,1,"A dish from the Indian subcontinent, made from an animal's trotters cooked with herbs and spices."
kie,2.03,0,0,1,"Alternative spelling of kye, plural of cow"
carboxy,2.03,0,1,1,The carboxyl group.
corder,2.03,0,0,1,One who prepares wood as cordwood.
rootkit,2.03,0,0,1,A set of software tools used by a third party to gain unauthorized access to a computer system and control the system while concealing itself from the user.
menton,2.03,0,0,1,The lowest point of the chin / mandibular symphysis.
denaturation,2.03,1,1,2,The deliberate addition of a noxious substance to alcohol to make it unfit to drink
gamechanger,2.03,0,0,1,Alternative form of game changer.
recueil,2.03,0,0,1,"compendium, literary compilation"
farro,2.03,1,1,1,Emmer wheat (Triticum turgidum).
waqf,2.03,0,0,1,An endowment of land given for religious or charitable purposes.
redfin,2.03,0,0,3,"A common shiner, a small North American dace of species Luxilus cornutus."
bencher,2.03,0,0,5,A senior member of a law society in a Canadian province (except New Brunswick).
communitarian,2.03,0,0,2,An adherent of communitarianism.
frater,2.03,0,0,3,A monk.
interweb,2.03,0,0,1,The Internet.
comitatus,2.03,0,0,2,A group of warriors or nobles accompanying a king or other leader.
wantage,2.03,0,1,1,want; lack; deficiency
casse,2.03,0,1,1,"A fault in wine, caused by an enzyme, making it turn from red to brown, or white to yellow, on exposure to air."
gein,2.03,0,1,1,Humic acid.
chiro,2.03,1,1,2,A chiropractor.
wakeboarding,2.03,0,1,1,"A water sport where a rider on a small board is towed by a motor boat, attached by a cable."
landform,2.03,0,0,1,"Any geological feature, such as a mountain or valley."
cun,2.03,0,0,1,"A traditional Chinese unit of length, originally the width of a person's thumb at the knuckle."
fennec,2.03,0,0,1,"A small fox of the species Vulpes zerda, found in the Sahara (excluding the coast) and having distinctive oversized ears."
varroa,2.03,0,1,1,"Infestation with the mite Varroa destructor, or the disease caused by such mites."
extinguishment,2.03,1,1,2,"The act of extinguishing, putting out, or quenching, or the state of being extinguished."
artbook,2.03,0,0,2,"A book about art, particularly concept art for an animated media production."
fluence,2.03,1,1,3,Fluency
lapa,2.03,0,0,2,"An open structure in South Africa, typically a thatched roof supported by wooden poles."
dropoff,2.03,0,0,1,Alternative form of drop-off.
abbr,2.03,0,0,1,Alternative spelling of abbr..
objet,2.03,0,0,1,Ellipsis of objet d'art.
zein,2.03,1,1,1,"A protein derived from corn/maize, having many industrial applications."
nyet,2.03,0,1,1,A no; a negative response (in a Russian context).
suchlike,2.03,0,0,1,A thing of the same kind or type.
dobbie,2.03,0,0,1,Alternative spelling of dobby.
trunking,2.03,1,1,5,All the electrical and communications cables bundled together and distributed through a building.
salto,2.03,0,0,1,A somersault.
octopussy,2.03,0,0,1,An octopus.
misidentification,2.03,1,1,1,An instance of misidentifying; an erroneous identification.
perdu,2.03,0,0,2,"One placed on watch, or in ambush."
hihi,2.03,0,0,1,Synonym of stitchbird.
campagna,2.03,0,0,1,A flat stretch of countryside; open rural plain.
ciphertext,2.03,1,1,1,Encoded or encrypted text.
halligan,2.03,0,0,1,"A tool, used mostly by firemen, to pry open buildings, manholes, wrecked cars, etc."
supertramp,2.03,0,0,1,A creature of organism that disperses widely and is not adapted to any specific environment.
preventer,2.03,0,0,3,"One who, or that which, prevents."
herstory,2.03,1,1,3,"History that emphasizes the role of women, or that is told from a woman's (or from a feminist) point of view."
sheetrock,2.03,0,1,1,"A building material comprising a sheet of gypsum sandwiched between two pieces of heavy paper, used mainly for interior walls and ceilings; drywall."
ultramafic,2.02,0,0,1,A rock with such properties.
evapotranspiration,2.02,1,1,1,"The transfer of water from the surface of the earth to the atmosphere by evaporation, sublimation and transpiration."
lbf,2.02,0,0,1,Abbreviation of pound-force (“unit of force”).
workrate,2.02,0,0,1,The rate at which work is performed.
majoritarian,2.02,0,0,2,One who supports the dominance of the majority over the minority.
moorman,2.02,0,0,1,A man who lives on or around the moors.
flippy,2.02,0,0,2,A flippy disk.
greeny,2.02,0,0,1,Alternative form of greenie
agoraphobic,2.02,0,0,1,One who suffers from agoraphobia.
cribbing,2.02,1,1,5,"The members used to build a (structural) crib, usually of timbers or logs, but also of concrete, steel or even plastic; cribwork."
shounen,2.02,0,1,1,Alternative form of shonen.
insurable,2.02,0,0,1,A person or thing that can be insured.
localhost,2.02,0,0,1,"The computer being used locally, contrasted with remote computers elsewhere on a network."
neera,2.02,0,1,1,"A sweet sap extracted from the inflorescence of various species of toddy palm and widely consumed in India and other Asian countries, sometimes fermented to produce toddy."
excimer,2.02,0,0,1,Any diatomic exciplex
lof,2.02,0,0,1,"Community, tribe: basic social organization of the Mapuche, Huilliche, and Picunche peoples, a (familial) clan which recognizes the authority of a lonco."
hospitalist,2.02,0,0,2,A hospitaller.
cohost,2.02,0,0,1,A joint host alongside another (compare costar).
fursona,2.02,0,0,1,"An animal character, typically anthropomorphic, used to represent oneself online or in furry role-playing."
cyclization,2.02,1,1,2,"The process of cyclizing, of becoming or causing to become aromatic."
nonnegative,2.02,0,0,1,Any value that is not negative.
pube,2.02,0,0,1,A single pubic hair.
darndest,2.02,0,1,1,Alternative spelling of darnedest.
signoria,2.02,0,1,1,"lordship, especially in medieval Italian city states"
nads,2.02,0,0,2,The testicles.
jip,2.02,0,1,1,Ejaculated semen.
skittering,2.02,0,0,1,The act of one who skitters.
warfighting,2.02,0,1,1,The fighting of a war.
moonbase,2.02,0,0,1,A base or outpost located on a moon.
jolley,2.02,0,0,2,One who jigs.
antiterrorism,2.02,0,1,1,Activity aiming at opposing or preventing terrorism.
shud,2.02,0,0,1,A shed.
lumb,2.02,0,0,1,Alternative spelling of lum (“chimney”).
worldbuilding,2.02,0,1,3,"The conception and description of a fictional world, often as the setting of a work of fiction, particularly in speculative fiction."
infuser,2.02,0,0,1,A device used for preparing infusions
phenology,2.02,0,1,1,The study of the effect of climate on periodic biological phenomena.
ristorante,2.02,0,0,1,An Italian restaurant.
esca,2.02,0,0,4,The fleshy growth from an anglerfish's head that acts as a lure for its prey.
minifigure,2.02,0,0,1,"A small figure of a person, especially in toys such as Lego."
dahi,2.02,0,1,1,A yogurt or fermented milk product.
glaucus,2.02,0,0,2,"Any member of the genus Glaucus of nudibranchiate mollusks, found in the warmer latitudes, swimming in the open sea, strikingly colored with blue and silvery white."
sheth,2.02,0,0,1,The bar on a plough which projects downward beneath the beam to connect to the sole.
dreamboat,2.02,0,0,2,"An exceptionally good-looking and sexually attractive person, particularly a man."
shellie,2.02,0,0,1,A small or miniature shell.
kingslayer,2.02,0,0,1,One who kills a king.
multilateralism,2.02,1,1,2,"Unbiased trade between nations, in contrast to bilateralism."
kumara,2.02,0,0,1,The sweet potato.
thema,2.02,0,0,1,A subject or theme.
dobro,2.02,0,0,1,An acoustic guitar with a metal resonator.
powerbomb,2.02,0,0,1,A professional wrestling throw in which an opponent is lifted up (usually so that they are sitting on the wrestler's shoulders) and then slammed back-first down to the mat.
paan,2.02,1,1,1,"A psychoactive preparation of betel leaf combined with areca nut and/or cured tobacco, chewed recreationally in Asia; such a preparation served wrapped in the leaf."
multifactorial,2.02,0,0,1,A generalization of a factorial in which each element to be multiplied differs from the next by an integer (e.g. n(n-3)(n-6)(n-9)...).
benihana,2.02,0,0,1,"An aerial trick where one hand grabs the tail of the board, and the back foot is released from the board."
lineout,2.02,0,0,3,A set piece where the hooker throws the ball into play between a row of players from each team.
palenque,2.02,0,0,1,A community of runaway slaves.
riverdance,2.02,0,0,1,A theatrical show based on traditional Irish music and dance.
slappy,2.02,0,0,1,A grind on a curb without doing an ollie.
skydome,2.02,0,0,1,"A sphere or hemisphere with a texture on its inner face, used to simulate the sky or similar backdrop around a three-dimensional playfield."
demotic,2.02,1,1,1,Language as spoken or written by the common people.
minimax,2.02,0,0,1,"A decision rule used for minimizing the maximum possible loss, or maximizing the minimum gain."
roza,2.02,0,0,1,"A garden, especially one at a mausoleum."
outshot,2.02,0,0,1,An extension to a building.
circuiting,2.02,0,0,1,circuitous movement
kneejerk,2.02,0,0,1,Alternative form of knee-jerk.
centeredness,2.02,0,1,2,The state of being centered.
parp,2.02,0,0,1,The sound of a horn or breaking wind.
southbridge,2.02,0,0,1,A secondary microchip connected to the CPU only through the northbridge.
mediumship,2.02,1,1,1,The state of being a medium (psychic conduit); purported ability to mediate communication between spirits of the dead and living human beings.
whare,2.02,0,0,2,A Maori house or other building.
kokoda,2.02,0,1,1,"A Fijian dish of raw fish marinated in citrus juice (especially lime or lemon), typically mixed with coconut cream, onions, chillies, and tomatoes; the Fijian version of ceviche."
prescriber,2.02,0,0,2,"A person who prescribes medication (usually a physician, physician assistant, or nurse practitioner)."
diener,2.02,0,0,1,"A morgue worker responsible for handling, moving, and cleaning the corpse."
juco,2.02,1,1,2,Junior college.
swara,2.02,0,1,2,Alternative form of svara.
herdman,2.02,0,0,1,Someone who herds animals; a herdsman.
arche,2.02,1,1,1,"The first principle of existing things in pre-Socratic philosophy, initially assumed to be of water."
vario,2.02,0,0,1,Variometer
microelectronic,2.02,0,0,1,A microelectronic device.
microcredit,2.02,1,1,2,"The practice of making very small loans, especially to poor people to promote self-employment; microlending."
allosteric,2.02,0,0,1,An allosteric modulator
whitebeard,2.02,0,0,1,An old man; a greybeard.
whish,2.02,0,0,1,"A sibilant sound, especially that of rapid movement through the air."
maladministration,2.02,1,1,2,"Faulty, improper, or inefficient administration or management, especially by a government body; (countable) an instance of this."
seabass,2.02,0,0,1,"Alternative form of sea bass, used especially in compound terms."
broch,2.02,0,0,1,"A type of Iron Age stone tower with hollow double-layered walls found on Orkney, Shetland, in the Hebrides and parts of the Scottish mainland."
schmoozing,2.02,1,1,1,The act of one who schmoozes.
urbano,2.02,0,1,1,An umbrella term for various popular Latin American music genres.
fadeaway,2.02,0,0,3,"An instance of fading away, of diminishing in proximity or intensity."
grindhouse,2.02,0,0,1,A low-budget film theater that shows primarily exploitation films
nightshift,2.02,0,0,1,Alternative spelling of night shift.
maundy,2.02,1,1,4,A commandment.
folklife,2.02,0,1,1,Folklore; those cultural traditions passed down orally or informally.
superstardom,2.02,0,1,1,The status or position of a superstar.
bif,2.02,0,0,1,A public washroom.
preg,2.02,0,0,1,Pregnancy.
codependency,2.02,1,1,2,The state of being codependent; codependence
pneuma,2.02,0,0,3,A neume.
trenchcoat,2.02,0,0,1,Alternative spelling of trench coat.
channa,2.02,0,1,1,Alternative form of chana.
distributable,2.02,0,0,2,Any of the costs that are not directly associated with a specific account.
raki,2.02,1,1,1,A Turkish liqueur flavored with anise.
transcoding,2.02,0,0,1,A conversion between encodings.
cyberwarfare,2.02,0,1,1,"Warfare taking place on the Internet, as by disrupting critical online services."
orval,2.01,0,1,1,"A sage, of species Salvia viridis."
subdistrict,2.01,0,0,1,A district forming part of a larger district.
backhouse,2.01,0,0,2,"An outbuilding behind the main building, or an annex attached to the rear of it; especially, a scullery or washhouse."
nanga,2.01,0,0,1,A simple wooden harp or zither used in central and eastern Africa.
samp,2.01,1,1,1,"An article of food consisting of coarse ground maize, or a porridge made from it."
salop,2.01,1,1,1,Alternative form of saloop.
chanteuse,2.01,0,0,1,A female singer; often specifically a popular or cabaret singer.
chala,2.01,0,0,1,"Croton scouleri, a tree native to the Galapagos."
zoomer,2.01,0,0,6,That which zooms.
arber,2.01,0,0,1,One who engages in arbitrage; an arbitrageur.
vier,2.01,0,0,1,One who vies for something.
pendejo,2.01,0,0,1,A stupid person.
halloumi,2.01,0,1,1,"A traditional cheese from Cyprus, made from goat's and/or sheep's milk."
alvar,2.01,0,0,1,A limestone pavement.
allover,2.01,0,0,1,Alternative spelling of all-over.
lipsync,2.01,0,1,1,Alternative form of lip sync.
kringle,2.01,0,0,1,"A Scandinavian pastry, a variety of pretzel."
rencontre,2.01,0,0,1,A chance or unexpected meeting or encounter.
periodization,2.01,1,1,3,The process of categorizing something (e.g. history) into named periods.
perine,2.01,0,0,1,A sporoderm layer surrounding the exine of many spores
superdrug,2.01,0,0,1,An especially potent or effective drug.
supercenter,2.01,0,0,1,"A big box, especially one that is even larger than normal."
malwa,2.01,0,1,1,"beer made with millet, common in Africa"
counterstrike,2.01,0,0,1,The tactic of counterattacking.
patta,2.01,0,0,1,Alternative form of pata (“type of sword”).
pretest,2.01,0,0,1,"A preliminary test, given in advance of instruction or evaluation."
prest,2.01,0,0,5,A payment of wages in advance
merkin,2.01,0,0,4,"A woman's pubic wig. Worn for nude stage appearances and by women, originally after shaving their pubic hair to eliminate lice or for other reasons, now often as a fashion item."
bankside,2.01,0,0,1,The land by a riverbank.
bookselling,2.01,0,1,1,The sale of books.
carbamazepine,2.01,1,1,1,"A synthetic compound of the benzodiazepine class, used as an anticonvulsant and analgesic drug."
kuda,2.01,0,0,1,The Malayan tapir (Tapirus indicus).
ciabatta,2.01,1,1,1,"A broad, flat, white Italian bread."
remapping,2.01,0,0,1,A new mapping.
wellbore,2.01,0,0,1,The hole produced when drilling an oil or gas well.
panko,2.01,0,1,1,"Coarse, dry breadcrumbs used in Japanese cuisine."
pandan,2.01,1,1,2,"A screw pine, screw palms (Pandanus spp.)."
epoxide,2.01,0,0,2,"Any of a class of organic compound, cyclic ethers, having a three-membered ring; they are prepared by the selective oxidation of alkenes or by ring-closure of halohydrins; used to make plastics."
emeril,2.01,0,0,2,emery
presbyterianism,2.01,0,1,1,"That form of church government which invests presbyters with all spiritual power, and admits no prelates over them; also, the faith and polity of the Presbyterian churches, taken collectively."
beardy,2.01,0,0,5,A bearded person or animal:
wingnut,2.01,0,0,5,A deciduous tree of the genus Pterocarya native to Asia.
widdle,2.01,1,1,2,Urine.
cerrado,2.01,1,1,2,A type of tropical savanna biome found in much of central Brazil and parts of Paraguay.
fanpage,2.01,0,0,1,Alternative form of fan page.
fano,2.01,0,0,1,A non-singular complete algebraic variety whose anticanonical bundle is ample.
bivariate,2.01,0,0,1,A polynomial or function with exactly two variables.
updo,2.01,0,0,1,A woman's hairdo in which most hair is kept above the neck.
neuropeptide,2.01,0,0,1,"Any of several peptides, such as endorphins, that function as neurotransmitters."
muthafucka,2.01,0,0,1,motherfucker
banky,2.01,0,0,1,A child's blanket.
kuya,2.01,0,0,2,An elder brother.
hoose,2.01,0,0,1,house
kalamata,2.01,0,0,1,kalamata olive
mahila,2.01,0,1,1,Woman or women.
habilitation,2.01,1,1,4,Equipment; qualification.
kitesurfing,2.01,0,1,1,"A type of kiteboarding that happens in the water, where the rider is on a surfboard and is propelled by a power kite."
spacebar,2.01,0,0,1,Alternative spelling of space bar.
apolipoprotein,2.01,0,0,1,Any polypeptide or protein that can serve as an apoprotein by binding with a lipid to form a lipoprotein.
antivenom,2.01,1,1,1,"A medicine that counteracts venom, an antidote to biological poisons from venomous animals such as snakes and spiders."
undeliverable,2.01,0,0,1,"A message, parcel, etc. that cannot be delivered."
megamind,2.01,0,0,1,A mind that is composed of other minds nested within it.
barfi,2.01,0,0,1,"An Indian dessert made from sweetened, condensed milk flavoured with fruit and spices."
godman,2.01,0,0,1,A charismatic male guru.
kercher,2.01,0,0,1,A bandana.
topline,2.01,0,0,5,"The upper curvature of a horse's or dog's withers, back, and loin."
bandh,2.01,0,0,1,"A general strike, shutdown, or other form of protest used in South Asia in which a substantial portion of the population stays home and does not report to work."
multipolar,2.01,0,0,1,An electromagnetic machine in which several magnetic poles exist.
marechal,2.01,0,0,1,Alternative form of mareschal.
cannabidiol,2.01,0,0,1,A nonintoxicating cannabinoid found in the hemp plant Cannabis sativa.
puncheon,2.01,0,0,7,"A figured stamp, die, or punch, used by goldsmiths, cutlers, etc."
methoxy,2.01,0,0,1,The univalent radical CH₃-O- derived from methanol
bloodwork,2.01,0,1,1,Alternative spelling of blood work.
botrytis,2.01,0,1,1,"Any fungus of the genus Botrytis, especially Botrytis cinerea which is responsible for the formation of noble rot on grapes."
hypercube,2.01,0,0,4,"A geometric figure in four or more dimensions, which is analogous to a cube in three dimensions. Specifically, the n-dimensional equivalent of a cube for any non-negative integer n."
frenemy,2.01,0,0,2,Someone who has traits of an enemy and a friend.
infringer,2.01,0,0,1,One who infringes.
infectivity,2.01,1,1,1,The ability of a pathogen to establish an infection
toxoplasma,2.01,0,0,1,Any member of the genus Toxoplasma of parasitic sporozoans.
luciferase,2.01,0,0,1,Any one of a group of enzymes that produce bioluminescence by oxidizing luciferin.
mux,2.01,0,1,2,"Dirt, filth or muck."
humbucker,2.01,0,0,1,"A pickup, on an electric guitar, that has a pair of coils of reverse polarity connected in series in order to reduce buzzing noise caused by mains frequency."
debye,2.01,0,0,1,"The CGS unit of electric dipole moment, defined as 1 D = 10⁻¹⁸ statcoulomb-centimetre and computable from the SI unit coulomb-metre by multiplying by the factor 3.33564 × 10⁻³⁰."
hypnotherapist,2.01,0,0,1,A practitioner of hypnotherapy.
azz,2.01,0,0,1,ass; backside
retinoid,2.01,0,0,1,Any of a class of compounds whose structure or effects on the body resemble retinol (vitamin A).
dedicatory,2.01,0,0,1,A dedication.
bactericidal,2.01,0,0,1,A bactericide.
subcarrier,2.01,0,0,1,"A separate signal carried on a main radio transmission, often carrying additional information such as voice or data."
ravin,2.01,1,1,6,"Property obtained or seized by force or violence; booty, plunder, spoils."
symplectic,2.01,0,0,2,"A symplectic bilinear form, manifold, geometry, etc."
tafsir,2.01,1,1,1,"A grammatical, historical, allegorical and/or traditional interpretation of the Qur'an."
taqueria,2.01,0,0,1,A restaurant specializing in tacos and other Mexican food.
yayo,2.01,0,1,1,cocaine
gorn,2.01,0,1,1,"A work that dwells upon graphic and realistic scenes of sadistic torture, mutilation, vivisection, cannibalism, etc. to the point of being pornographic."
yager,2.01,0,0,2,"A heavy, muzzle-loading hunting rifle"
acupuncturist,2.01,0,0,1,A healthcare professional who is qualified or professionally engaged in the practice of acupuncture.
abseiling,2.01,1,1,1,The process or act of abseiling.
olio,2.01,1,1,4,"A rich, thick, Spanish stew consisting of meat and vegetables."
onde,2.0,0,1,2,envy; hatred; malice
crewneck,2.0,0,0,1,Alternative form of crew neck.
adamantine,2.0,0,1,1,Synonym of adamantium (“a fictional metal which is indestructible or nearly so”).
zira,2.0,0,1,1,Alternative form of jeera (“cumin”).
greyscale,2.0,1,1,1,Alternative spelling of grayscale.
reaver,2.0,0,0,1,"One who reaves; a plunderer, marauder, or pillager."
stripey,2.0,0,0,2,"A marine fish found from Australia to Hawaii and Japan, Microcanthus strigosus, which is sometimes kept in aquaria."
rapamycin,2.0,0,1,1,Alternative form of sirolimus.
cryptosporidium,2.0,0,0,1,"Any protozoan of the genus Cryptosporidium, intestinal parasites of humans and other vertebrates that can cause diarrhea and other symptoms in cases of low immunity."
edtech,2.0,1,1,2,"Educational technology, that is, technology (usually information technology) that is focused on education."
diffusivity,2.0,0,0,2,A tendency to diffuse
moringa,2.0,0,0,1,"Any of several trees, of genus Moringa, that grow in tropical and subtropical India and Africa."
mortier,2.0,0,0,1,A cap of state worn by legal functionaries in France.
prox,2.0,0,0,1,"The ticket or list of candidates at elections, presented to the people for their votes."
nkosi,2.0,0,0,1,Alternative form of inkosi
nole,2.0,0,0,1,Alternative spelling of noll (“the head”).
serotonergic,2.0,0,0,1,That which is serotonergic.
calmodulin,2.0,1,1,1,A calcium-binding protein found in all nucleated cells
jetstream,2.0,0,0,1,Alternative spelling of jet stream.
purp,2.0,0,1,1,A variety of marijuana with purple flowers.
webhosting,2.0,0,1,1,Alternative form of web hosting.
mfd,2.0,0,0,1,Abbreviation of manufacturing date.
copay,2.0,0,0,1,A copayment.
canner,2.0,0,0,4,Someone or something which cans.
broadhead,2.0,0,0,1,"A flat arrowhead with razor-sharp sides, intended to kill prey by causing severe bleeding."
connex,2.0,0,0,1,A correspondence between a projective space and its dual.
gazi,2.0,0,0,1,Alternative form of ghazi.
beemer,2.0,0,0,1,A BMW motorcycle or automobile.
bemba,2.0,0,0,1,A type of folk drum used in Trinidad and Tobago.
motherfuck,2.0,0,0,2,A motherfucker.
mouthguard,2.0,0,0,1,A device that fits into the mouth over one or both arches of the teeth and usually made of plastic. Such devices may protect against injury during sport or fighting or may serve a medical purpose.
shafter,2.0,0,0,1,One who or that which shafts.
rituximab,2.0,0,1,1,A chimeric monoclonal antibody (trademark Rituxan) administered by intravenous injection especially to treat non-Hodgkin lymphoma and chronic lymphocytic leukemia by binding to the protein CD20 found 
kirtan,2.0,0,0,1,A call-and-response chant performed in India's devotional traditions.
kissel,2.0,1,1,1,Alternative spelling of kisel (“type of dessert”).
quim,2.0,0,0,2,The female genitalia; the vulva.
seleucid,2.0,0,0,1,Any member of the Seleucidae.
soundbar,2.0,0,0,1,"A bar containing multiple speakers that can be mounted under or alongside a television, etc. instead of having separate speakers positioned around the room."
bobsledder,2.0,0,0,1,Someone who participates in bobsled.
boff,2.0,0,0,5,A big laugh.
kodama,2.0,0,0,1,A type of Japanese tree spirit.
vindaloo,2.0,1,1,2,"A blend of chilis, tamarind, ginger, cumin, and mustard seeds, originally from Goa."
vinyasa,2.0,0,0,2,"The transition between poses executed in succession, often timed with regular breathing."
viscoelastic,2.0,0,0,1,Such a material.
pashmina,2.0,1,1,3,A Cashmere; a goat native to Kashmir.
paulin,2.0,0,0,1,A tarpaulin.
amphibia,2.0,0,0,1,The amphibians.
hamsa,2.0,0,0,1,The Hand of Fatima.
molluscan,2.0,0,0,1,A mollusc.
superfluid,2.0,0,0,1,"A substance, such as liquid helium, that exhibits superfluidity."
superhot,2.0,0,0,1,A very hot chili pepper.
biggy,2.0,0,0,4,Something large in size in comparison to similar things.
izzat,2.0,0,1,1,"Honour, pride; reputation."
telemovie,2.0,0,0,1,A feature film produced and originally distributed by a television network.
gasper,2.0,0,0,5,A person or animal that gasps.
peepee,2.0,1,1,1,Alternative spelling of pee-pee.
dazzler,2.0,0,0,1,One who or that which dazzles; something spectacular.
softshell,2.0,1,1,2,A softshell turtle (Trionychidae).
refi,2.0,1,1,1,Abbreviation of refinancing.
bayfront,2.0,0,0,1,The strip of land running along the shore of a bay
brak,2.0,0,0,1,A dog of mixed breed; a mongrel.
artha,2.0,0,1,1,"One of the four aims of human life in Indian philosophy, along with dharma (righteousness), kama (desire), and moksha (liberation). The concept is variously translated, with translations including ""me"
jum,2.0,0,1,1,Alternative form of jhum.
schizoaffective,2.0,0,0,1,A person who has a schizoaffective disorder.
countrys,2.0,0,0,1,Misspelling of countries.
driveline,2.0,0,0,2,The drivetrain minus the engine and transmission
ashman,2.0,0,0,1,One employed to collect ash.
ustad,2.0,0,0,1,"a master, especially of music, in South Asia and the Middle East"
util,2.0,1,1,3,A hypothetical unit measuring satisfaction.
danna,2.0,1,1,2,Human feces.
compostable,2.0,0,0,1,That which is suitable for compost.
telesales,2.0,0,1,1,telemarketing
terai,2.0,0,0,2,"A belt of marshy land, which lies between the foothills of the Himalayas and the plains."
boilermaker,2.0,0,0,2,A person qualified to make or repair boilers.
multipath,2.0,0,1,1,A wireless propagation phenomenon that results in a signal reaching the receiving antenna by two or more paths.
enneagram,2.0,0,0,2,A nine-pointed stellate polygon
smokie,2.0,0,0,2,"A type of smoked sausage, often used for hot dogs."
postproduction,2.0,0,1,1,Alternative spelling of post-production.
chup,2.0,0,0,1,"A short, loud, and urgent sound, usually of a bird."
unibrow,2.0,0,0,1,A pair of eyebrows which meet in the middle.
upcountry,2.0,0,1,2,The interior of a country.
ascorbate,2.0,0,0,1,Any salt or ester of ascorbic acid.
microscale,2.0,0,0,3,A very small or microscopic scale.
kist,2.0,0,0,4,A chest.
blackhole,2.0,0,0,1,Alternative form of black hole.
blading,2.0,0,1,1,rollerblading (sport)
rother,2.0,0,0,2,"A horned animal, especially an ox."
combiner,2.0,0,0,1,A person who or a thing that combines.
carder,2.0,0,0,4,A person employed to card wool.
levan,2.0,0,1,1,A homopolysaccharide composed of D-fructofuranosyl.
lifeform,2.0,0,0,1,Any specific living organism.
phentermine,2.0,0,1,1,An appetite suppressant of the amphetamine and phenethylamine classes.
labradorite,2.0,0,1,1,"A plagioclase feldspar mineral, calcium sodium aluminum silicate, often very coarsely crystalline, used as a decorative stone for carvings and building façades."
modder,2.0,0,0,1,"Often preceded by a descriptive word: one who modifies a mass-manufactured object, especially computer hardware or software, or a motor vehicle."
dimerization,2.0,1,1,1,Any chemical reaction in which two monomers react to form a dimer.
ferd,2.0,0,1,5,A journey; a voyage.
overclock,2.0,0,0,1,The act of overclocking.
goodmorning,2.0,0,0,1,Alternative form of good morning.
ballsack,2.0,0,0,1,Alternative form of ball sack.
citalopram,2.0,0,1,1,A drug that functions as a SSRI and is administered orally in the form of its hydrobromide C₂₀H₂₁FN₂O·HBr to treat depression and anxiety. It is marketed under the trademark Celexa.
medtech,2.0,1,1,2,Abbreviation of medical technology.
landowning,2.0,0,0,1,A portion of land belonging to a landowner; a smallholding.
phospholipase,2.0,0,0,1,Any of several enzymes that hydrolyze the phosphate ester bonds of phospholipids.
homewrecker,2.0,0,0,1,Alternative form of home wrecker.
riegel,2.0,0,0,1,A transverse ridge of bedrock that has been exposed by glacial erosion.
rikishi,2.0,0,0,1,A sumo wrestler.
tolley,2.0,0,0,1,Synonym of tawse (“strap or thong for corporal punishment in schools”).
muzzy,2.0,0,0,2,A Muslim.
porcini,2.0,0,0,1,"An edible mushroom (Boletus edulis), prized for its flavor."
polestar,2.0,0,0,1,Alternative form of pole star.
situs,2.0,0,0,4,"The position, especially the usual, normal position, of a body part or part of a plant."
idiocracy,2.0,1,1,2,A government run by idiots.
tuneup,2.0,0,0,1,Alternative form of tune-up.
fumarate,2.0,0,0,1,Any salt or ester of fumaric acid; they are produced in the body as part of the urea cycle.
workability,2.0,1,1,2,The ease with which something can be worked or fashioned.
sangiovese,2.0,1,1,2,Either of two grape varieties grown in Tuscany and Romagna.
caballo,2.0,0,0,1,A horse.
guro,2.0,0,1,1,A subgenre of manga and anime focusing on gore and mutilation.
rati,2.0,0,0,1,Alternative form of ratti (“Indian unit of measure”).
backstabber,2.0,0,0,1,"A traitor or hypocrite, such as a co-worker or friend assumed trustworthy but who figuratively attacks when one's back is turned."
sicario,2.0,0,0,1,"hitman, hired killer (especially when referring to Latin American drug cartels)"
sieving,2.0,0,0,2,The act of passing something through a sieve.
resolver,2.0,0,0,2,One who or that which resolves.
hydrophone,2.0,0,0,1,"a transducer that converts underwater sound waves into electrical signals, rather like a microphone"
hydroquinone,2.0,1,1,1,"The diphenol para-dihydroxy benzene, used as a mild reducing agent in photographic developing; isomeric with catechol and resorcinol."
lassi,2.0,1,1,1,A drink made with yogurt diluted with water and flavoured with salt or fruit juice.
trem,2.0,0,0,1,The vibrato system on a guitar.
playland,2.0,0,0,1,An area of free recreation
coble,2.0,0,0,1,"A small flat-bottomed fishing boat suitable for launching from a beach, found on the north-east coast of England and in Scotland."
trampolining,2.0,0,1,1,A competitive sport performed on the trampoline.
mithril,2.0,0,1,1,"A fictional silvery metal of great strength and value, primarily in fantasy and role-playing settings."
cvm,2.0,0,1,1,Filter-avoidance spelling of cum.
xylitol,2.0,1,1,1,"A pentahydric alcohol, C₅H₁₂O₅, penta-hydroxy pentane; derived from xylose; used as a sweetener."
operability,2.0,0,1,1,The extent to which a system or device is operable.
crapo,2.0,0,0,1,Alternative form of crappo (“toad”).
ecker,2.0,0,1,1,Alternative spelling of ekker.
makai,2.0,0,0,1,Any of the species Anthoshorea assamica (syn. Shorea assamica of trees of India.
absurdum,2.0,0,0,1,An illogical conclusion or state.
