variant,canonical,verdict,variant_verdict,canonical_verdict,note,dist,plural_side,v_zipf,c_zipf,v_pos,c_pos,v_wikt,c_wikt,v_corpus,c_corpus,v_gloss,c_gloss
in,inch,unrelated,,,,2,,7.27,4.49,,,prep:21;adj:16;adv:5,noun:7;verb:4;adj:1,OTHER:27749,NOUN:39,"A position of power or influence, or a way to get it.",An English unit of length equal to 1/12 of a foot or 2.54 cm.
at,att,unrelated,,,,1,,6.7,3.22,,,prep:21;noun:2;pron:,noun:1;prep:1,OTHER:7106,OTHER:2,The at sign (@).,"A subdivision of currency, equal to one hundredth of a Lao kip."
do,hairdo,unrelated,,,,4,,6.35,2.72,,,verb:39;noun:9;adv:1,noun:2,OTHER:1713,,"A party, celebration, social function; usually of moderate size and fo",A hairstyle.
back,backstroke,unrelated,,,,4,,6.04,2.65,,,noun:25;verb:16;adv:,noun:3;verb:2,ADV:1125,,"The rear of the body, especially the part between the neck and the end",A backhanded stroke or blow.
year,here,unrelated,,,,3,,5.96,5.97,,,noun:13,adv:8;intj:5;noun:3;,NOUN:1450,ADV:848,A period of time akin to the time taken for the Earth to undergo a ful,This place; this location.
why,wye,unrelated,,,,2,,5.93,2.77,,,adv:6;noun:3;intj:1;,noun:2;verb:2,OTHER:449,,Reason.,The name of the Latin script letter Y/y.
s,scruple,unrelated,name,,,4,,5.86,1.89,,,noun:3;character:1;n,noun:5;verb:4,PROPN:34,,"Abbreviation of scruple, a unit of mass in the apothecaries' system.",Hesitation to act from the difficulty of determining what is right or 
better,bettor,unrelated,adj,,,1,,5.76,2.06,,,verb:5;adj:4;noun:2;,noun:1,ADJ:486,,"An entity, usually animate, deemed superior to another; one who has a ","A person who makes a bet, such as a wager on the outcome of a game of "
must,musth,unrelated,,,,1,,5.68,1.46,,,noun:5;verb:5,noun:2,OTHER:1095,,"Something that is mandatory, required or recommended.",Chiefly preceded by in or on: the state each year during which a male 
set,sett,unrelated,,,,1,,5.59,2.27,,,verb:49;noun:41;adj:,noun:8;verb:2,VERB:520,,A punch for setting nails in wood.,The system of tunnels that is the home of a badger.
head,headline,unrelated,,,,4,,5.51,4.03,,,noun:61;verb:14;adj:,noun:4;verb:2,NOUN:487,NOUN:7,"The part of the body of an animal or human which contains the brain, m",The heading or title of a magazine or newspaper article.
car,cat,unrelated,,,,1,,5.45,4.78,,,noun:18,noun:28;verb:7;adj:1,NOUN:328,NOUN:29,"A wheeled vehicle that moves independently, with at least three wheels",Terms relating to animals.
president,precedent,unrelated,,,,2,,5.45,3.78,,,noun:5;adj:1;verb:1,noun:6;adj:2;verb:2,NOUN:819,NOUN:14,"The head of state of a republic, sometimes also the head of government",An act in the past which may be used as an example to help decide the 
t,time,unrelated,,,,3,,5.43,6.29,,,noun:4;character:1;n,noun:27;verb:6;intj:,NOUN:77,NOUN:1881,Abbreviation of time.,The inevitable progression into the future with the passing of present
m,meter,unrelated,,,,4,,5.39,4.09,,,noun:8;verb:2;adj:1;,noun:7;verb:3,NOUN:17,NOUN:6,Abbreviation of meter.,A device that measures things.
win,wynn,unrelated,,name,,2,,5.39,3.11,,,verb:13;noun:6,noun:1,VERB:83,PROPN:1,An individual victory.,"A letter of the Old English alphabet, ƿ, borrowed from the futhark and"
police,policy,unrelated,,,,1,,5.33,5.17,,,noun:10;verb:3,noun:14;verb:1,NOUN:179,NOUN:342,A constituted body of officers representing the civil authority of gov,"A principle of behaviour, conduct which an entity (government, organiz"
check,chick,unrelated,,,,1,,5.31,4.08,,,verb:23;noun:16;intj,noun:7;verb:2,VERB:104,NOUN:3,An inspection or examination.,A young bird.
field,fielder,unrelated,,,,2,,5.24,3.19,,,noun:27;verb:6,noun:5,NOUN:308,NOUN:3,"A land area free of woodland, cities, and towns; an area of open count",A dog trained in pursuit of game in the field.
board,blackboard,unrelated,,,,4,,5.24,3.02,,,noun:16;verb:9,noun:1;verb:1,NOUN:464,NOUN:2,"A relatively long, wide and thin piece of any material, usually wood o","A large flat surface, finished with black slate or a similar material,"
re,rematch,unrelated,name,,,4,,5.23,3.44,,,noun:4;prep:1,verb:3;noun:2,PROPN:8,NOUN:1,A syllable used in solfège to represent the second note of a major sca,A repeated contest staged between the same opponents or teams which pl
sex,sect,unrelated,,,,2,,5.22,3.54,,,noun:9;verb:3,noun:4,NOUN:95,NOUN:2,A category into which sexually-reproducing organisms are divided on th,An offshoot of a larger religion or denomination.
w,win,unrelated,name,,,2,,5.21,5.39,,,noun:5;adj:3;prep:2;,verb:13;noun:6,PROPN:5,VERB:83,watt,An individual victory.
test,testosterone,unrelated,,,,4,,5.19,3.6,,,noun:11;verb:10,noun:2,NOUN:189,,"A challenge, trial.",A steroid hormone that stimulates development of male secondary sexual
dead,deadlift,unrelated,adj,,,4,,5.19,2.54,,,adj:30;adv:4;noun:4;,noun:3;verb:1,ADJ:187,,"Time when coldness, darkness, or stillness is most intense.",A weight training exercise where one lifts a loaded barbell off the gr
sent,scent,unrelated,,,,1,,5.16,3.82,,,noun:2;verb:1,noun:6;verb:6,VERB:188,NOUN:6,"A subdivision of currency, equal to one hundredth of an Estonian kroon",A distinctive smell.
n,north,unrelated,,,,4,,5.15,5.34,,,noun:5;adj:1;charact,adj:6;noun:5;adv:1;v,NOUN:38,NOUN:247,Abbreviation of north.,The direction towards the pole to the left-hand side of someone facing
p,p,reverse,,,,0,,5.13,5.13,,,noun:7;adv:2;prep:2;,noun:7;adv:2;prep:2;,NOUN:76,NOUN:76,"Alternative form of p., abbreviation of page (plural pp).","Alternative form of p., abbreviation of page (plural pp)."
key,quay,unrelated,adj,,,3,,5.12,3.26,,,noun:43;verb:15;adj:,adj:1;adv:1;noun:1;v,ADJ:133,,An object designed to open and close a lock or to activate or deactiva,A stone or concrete structure on navigable water used for loading and 
forward,foreword,unrelated,,,,2,,5.12,3.13,,,adj:11;noun:9;adv:8;,noun:1,ADV:126,,"One of the eight players (comprising two props, one hooker, two locks,",An introductory section preceding the main text of a book or other doc
science,scion,unrelated,,,,3,,5.12,3.03,,,noun:9;verb:2,noun:4,NOUN:140,NOUN:1,"A particular discipline or branch of knowledge that is natural, measur","A descendant, especially a first-generation descendant of a distinguis"
style,stile,unrelated,,,,1,,5.11,2.39,,,noun:16;verb:4,noun:3;verb:1,NOUN:111,,"Senses relating to a thin, pointed object.","A set of one or more steps surmounting a fence or wall, or a narrow ga"
kill,kiln,unrelated,,,,1,,5.09,3.11,,,verb:18;noun:8,noun:1;verb:1,VERB:75,,The act of killing.,"An oven or furnace or a heated chamber, for the purpose of hardening, "
f,fuck,unrelated,name,,,3,,5.08,5.39,,,noun:3;character:1;n,verb:13;noun:5;intj:,PROPN:41,VERB:4,"Folio, paper and book size (10""-12.5"" x 15""-20"")",An act of sexual intercourse.
code,cod,unrelated,,,,1,,5.08,3.89,,,noun:13;verb:7,noun:12;adj:2;verb:2,NOUN:51,NOUN:6,"A short textual designation, often with little relation to the item it",Any of various types of sea fish or the meat from said fish.
super,superannuation,unrelated,,,,4,,5.08,3.01,,,noun:11;adj:2;adv:2;,noun:2,ADJ:8,,Clipping of superannuation.,"A retirement benefit fund, an accumulation of regular deductions from "
staff,staph,unrelated,,,,2,,5.08,2.57,,,noun:13;verb:1,noun:1,NOUN:156,,"A long, straight, thick wooden rod or stick, especially one used to as",Staphylococcus bacteria and the infection it causes.
paper,newspaper,unrelated,,,,4,,5.07,4.6,,,noun:16;verb:9;adj:4,noun:3;verb:3,NOUN:251,NOUN:100,A sheet material typically used for writing on or printing on (or as a,"A publication, usually published daily or weekly, containing news and "
bed,bedroom,unrelated,,,,4,,5.07,4.46,,,noun:30;verb:11,noun:3,NOUN:130,NOUN:52,"A piece of furniture, usually flat and soft, on which to rest or sleep","A room in a house, apartment, hotel, or other dwelling where a bed is "
die,dye,unrelated,,,,1,,5.07,3.82,,,verb:25;noun:10;adv:,noun:3;verb:1,VERB:83,,The cubical part of a pedestal; a plinth.,"A colorant, especially one that has an affinity to the substrate to wh"
h,hour,unrelated,name,,,3,,5.06,5.18,,,noun:5;adj:1;charact,noun:7,PROPN:23,NOUN:169,"Abbreviation of hour, particularly when used as a (non-SI) unit of tim",A unit of time of one twenty-fourth of a day (sixty minutes).
v,venturi,unrelated,,name,,4,,5.06,2.54,,,noun:2;adv:1;charact,noun:3,NOUN:27,PROPN:1,A shape resembling the letter.,A venturi tube.
la,lane,unrelated,name,name,,2,,5.05,4.57,,,noun:4;intj:3;partic,noun:13,PROPN:76,PROPN:42,A syllable used in solfège to represent the sixth note of a major scal,"A road, street, or similar thoroughfare."
base,bass,unrelated,,,,1,,5.05,4.28,,,noun:39;adj:12;verb:,noun:9;adj:1;verb:1,NOUN:135,NOUN:22,Something from which other things extend; a foundation.,A low spectrum of sound tones.
mine,mien,unrelated,,,,2,,5.04,2.31,,,verb:10;noun:8;pron:,noun:2,OTHER:77,NOUN:1,"An excavation from which ore or solid minerals are taken, especially o","Demeanor; facial expression or attitude, especially one which is inten"
box,horsebox,unrelated,,,,4,,5.04,1.47,,,noun:43;verb:12,noun:3,NOUN:81,,Senses relating to a three-dimensional object or space.,A motor vehicle for transporting horses.
y,year,unrelated,,,,3,,5.03,5.96,,,noun:2;adv:1;charact,noun:13,NOUN:5,NOUN:1450,Abbreviation of year.,A period of time akin to the time taken for the Earth to undergo a ful
rock,roc,unrelated,,,,1,,5.03,3.31,,,noun:27;verb:15,noun:2,NOUN:88,,"A formation of minerals, specifically:",An enormous mythical bird in Eastern legend.
g,gram,unrelated,name,,,3,,5.0,3.76,,,noun:7;character:1;n,noun:7;name:1;verb:1,PROPN:17,NOUN:10,A unit of gravitational acceleration.,A unit of mass equal to one-thousandth of a kilogram. Symbol: g.
link,hyperlink,unrelated,,,,4,,4.99,2.42,,,noun:16;verb:8,verb:3;noun:2,NOUN:25,,"A connection between places, people, events, things, or ideas.",Some text or a graphic in an electronic document that can be activated
favorite,favourite,reverse,adj,,,1,,4.97,4.57,,,adj:1;noun:1;verb:1,noun:5;verb:3;adj:2,ADJ:50,,"Canada, US standard spelling of favourite.",A person or thing who enjoys special regard or favour.
reach,retch,unrelated,,,,1,,4.94,2.04,,,verb:18;noun:15,verb:4;noun:1,VERB:126,VERB:1,The act of stretching or extending; extension.,An unsuccessful effort to vomit.
ship,relationship,unrelated,,,,4,,4.93,5.15,,,verb:13;noun:10,noun:6,NOUN:97,NOUN:101,A water-borne vessel generally larger than a boat.,A connection or association; the condition of being related.
none,nones,plural,,,,1,canonical,4.93,1.83,,,adv:3;noun:3;pron:3;,noun:6,OTHER:130,,A person without religious affiliation.,"The notional first-quarter day of a Roman month, occurring on the 7th "
beach,bitch,unrelated,,,,2,,4.92,4.76,,,noun:6;verb:3,noun:17;verb:3,NOUN:85,NOUN:6,"The shore of a body of water, especially when sandy or pebbly.","A female dog or other canine, particularly a recent mother."
wear,weir,unrelated,,,,1,,4.92,3.52,,,verb:15;noun:5,noun:3,VERB:42,NOUN:2,Clothing.,An adjustable dam placed across a river to regulate the flow of water 
lack,lakh,unrelated,,,,2,,4.92,3.24,,,verb:5;noun:3,noun:2;num:1,NOUN:137,,A deficiency or need (of something desirable or necessary); an absence,One hundred thousand rupees.
skin,skinhead,unrelated,,,,4,,4.91,2.68,,,noun:19;verb:12,noun:2,NOUN:52,,"The outer protective layer of the body of any animal, including of a h",Someone with a shaved head.
block,bloc,unrelated,,,,1,,4.88,3.6,,,noun:40;verb:15,noun:2,NOUN:117,NOUN:23,"A substantial, often approximately cuboid, piece of any substance.",A group of voters or politicians who share common goals.
drug,drugstore,unrelated,,,,4,,4.87,3.07,,,noun:6;verb:5,noun:1,NOUN:90,NOUN:5,"A substance used to treat an illness, relieve a symptom, or modify a c","Synonym of pharmacy, especially a small standalone general store which"
cent,century,unrelated,,,,3,,4.83,5.02,,,noun:10,noun:8,NOUN:164,NOUN:232,A subunit of currency equal to one-hundredth of the main unit of curre,A period of one hundred consecutive years; often specifically a number
throw,throe,unrelated,,,,1,,4.83,1.24,,,verb:30;noun:13,noun:5;verb:2,VERB:45,,The act of throwing something.,"A severe pang or spasm of pain, especially one experienced when the ut"
click,klick,unrelated,,,,1,,4.82,1.89,,,noun:16;verb:15;intj,noun:3,NOUN:2,,"A brief, sharp, not particularly loud, relatively high-pitched sound p",A kilometer.
ex,exhibition,unrelated,,,,4,,4.81,4.37,,,adj:4;noun:3;verb:2,noun:6;verb:1,OTHER:2,NOUN:28,The name of the Latin script letter X/x.,"An instance of exhibiting, or something exhibited."
wild,weald,unrelated,adj,,,2,,4.8,2.3,,,adj:18;noun:4;adv:2;,noun:2,ADJ:68,,The undomesticated state of a wild animal.,A forest or wood.
camp,campus,unrelated,,,,2,,4.79,4.51,,,noun:20;verb:10;adj:,noun:2;verb:2,NOUN:75,NOUN:36,An outdoor place acting as temporary accommodation in tents or other s,"The grounds or property of a school, college, university, business, ch"
bet,beth,unrelated,,name,,1,,4.79,3.87,,,noun:4;intj:3;verb:3,noun:4,VERB:32,PROPN:11,"A wager, an agreement between two parties that a stake (usually money)","The second letter of the Phoenician alphabet, 𐤁"
cast,caste,unrelated,,,,1,,4.79,3.6,,,verb:34;noun:21;adj:,noun:4,VERB:54,NOUN:3,An act of throwing.,Any of the hereditary social classes and subclasses of South Asian soc
van,vanguard,unrelated,name,,,4,,4.78,3.53,,,noun:8;verb:3,noun:2,PROPN:50,NOUN:3,A covered motor vehicle used to carry goods or (normally less than ten,The leading units at the front of an army or fleet.
labor,labour,reverse,,,,1,,4.77,4.7,,,noun:1;verb:1,noun:9;verb:5,NOUN:185,NOUN:4,Alternative spelling of labour.,"An effort expended on a particular task; toil, work."
birth,berth,unrelated,,,,1,,4.77,3.44,,,noun:6;verb:2;adj:1,noun:12;verb:7,NOUN:69,NOUN:4,The process of childbearing; the beginning of life; the emergence of a,Chiefly in wide berth: a sufficient space in the water for a ship or o
ad,advertisement,unrelated,,,,4,,4.76,3.84,,,noun:5;prep:1,noun:6,NOUN:77,NOUN:4,Clipping of advertisement.,"A commercial solicitation designed to sell some commodity, service or "
fellow,fella,reverse,,,,2,,4.76,3.49,,,noun:31;verb:7,noun:3,NOUN:75,NOUN:6,A companion; a comrade.,Pronunciation spelling of fellow.
connection,connexion,reverse,,,,2,,4.76,2.46,,,noun:16,noun:3,NOUN:77,NOUN:2,The act of connecting.,Dated spelling of connection.
aid,aide,unrelated,,,,1,,4.75,3.69,,,noun:8;verb:2,noun:2,NOUN:192,NOUN:21,"Help; assistance; succor, relief.",An assistant.
frank,franc,unrelated,name,,,1,,4.75,3.11,,,noun:6;adj:5;verb:4,noun:1,PROPN:90,NOUN:6,"Free postage, a right exercised by governments (usually with definite ",Any of several units of currency.
martin,marten,unrelated,name,,,1,,4.74,2.66,,,noun:2,noun:2,PROPN:78,,"Many of the various passerine birds of the family Hirundinidae, which ",Any carnivorous mammal of the genus Martes.
lee,li,unrelated,name,name,,2,,4.73,4.25,,,noun:6;adj:1,noun:6,PROPN:43,PROPN:3,"A protected cove or harbor, out of the wind.","The Chinese mile, a traditional unit of distance equal to 1500 chis or"
stress,distress,unrelated,,,,2,,4.73,3.95,,,noun:10;verb:6,noun:6;verb:3,NOUN:122,NOUN:16,"A physical, chemical, infective agent aggressing an organism.","Physical or emotional discomfort, suffering, or alarm, particularly of"
ray,re,unrelated,name,name,,2,,4.69,5.23,,,noun:10;verb:6,noun:4;prep:1,PROPN:23,PROPN:8,A beam of light or radiation.,A syllable used in solfège to represent the second note of a major sca
ben,bin,unrelated,name,,,1,,4.69,4.22,,,noun:9;adj:2;adv:1;p,noun:9;verb:5;contra,PROPN:22,NOUN:10,A prayer; a petition.,"A box, frame, crib, or enclosed place, used as a storage container."
user,username,unrelated,,,,4,,4.69,3.76,,,noun:6,noun:1,NOUN:17,,"One who uses or makes use of something, a consumer or client or an exp",A name or string of characters used as a person's identification on an
chair,chairperson,unrelated,,,,4,,4.69,3.15,,,noun:11;verb:3,noun:1,NOUN:66,,"An item of furniture used to sit on or in, comprising a seat, legs or ","A chairman or chairwoman, someone who presides over a meeting, board, "
ms,manuscript,unrelated,,,,4,,4.67,3.92,,,noun:2,noun:2;adj:1,NOUN:2,NOUN:9,Abbreviation of manuscript.,"A book, composition or any other document, written by hand (or manuall"
max,maximum,unrelated,name,adj,,4,,4.66,4.6,,,noun:3;verb:2;adj:1;,noun:8;adj:1,PROPN:13,ADJ:89,Clipping of maximum.,The highest limit.
sub,submarine,unrelated,,,,4,,4.66,3.81,,,noun:19;verb:11;prep,noun:5;verb:4;adj:3,NOUN:5,NOUN:28,Abbreviation of submarine.,A boat that can go underwater.
mm,month,unrelated,,,,4,,4.65,5.25,,,intj:1;noun:1,noun:3,NOUN:5,NOUN:308,"Abbreviation of month, in two-digit numeric format, as in: dd/mm/yyyy.","A period into which a year is divided, historically based on the phase"
id,ide,unrelated,,,,1,,4.61,3.14,,,noun:3;pron:1,noun:1,NOUN:1,,The unconscious impulsive component of the personality in the Freudian,"A freshwater fish of the family Cyprinidae, found across northern Euro"
prize,price,unrelated,,,,1,,4.59,5.23,,,noun:8;verb:4;adj:2,verb:5;noun:3,NOUN:31,NOUN:414,That which is taken from another; something captured; a thing seized b,The cost required to gain possession of something.
nick,nickname,unrelated,name,,,4,,4.59,3.91,,,verb:11;noun:9,noun:2;verb:1,PROPN:26,NOUN:14,A small cut in a surface.,"A familiar, invented name for a person or thing used instead of the ac"
programme,program,variant,,,,2,,4.57,5.27,,,noun:2;verb:1,noun:7;verb:5,,NOUN:649,"UK, New Zealand, and India standard spelling of program.",A set of structured activities; a plan of action.
matt,matte,variant,,,,1,,4.55,3.52,,,noun:3;adj:1;verb:1,noun:4;adj:1;verb:1,NOUN:4,,"Alternative spelling of matte (“background, often painted or created w",A decorative border around a picture used to inset and center the cont
mate,checkmate,unrelated,,,,4,,4.55,2.98,,,noun:13;verb:13,intj:2;noun:2;verb:2,NOUN:22,,"A fellow, comrade, colleague, partner or someone with whom something i",The conclusive victory in a game of chess that occurs when an opponent
wet,wat,unrelated,adj,,,1,,4.54,3.44,,,adj:18;noun:9;verb:7,noun:2;adv:1;det:1;p,ADJ:53,,Liquid or moisture.,"A Buddhist temple in Southeast Asia, especially those in Thailand, Lao"
bike,bicycle,unrelated,,,,4,,4.53,3.98,,,noun:6;verb:3,noun:10;verb:2,NOUN:12,NOUN:9,Clipping of bicycle.,"A vehicle that has two primary wheels, one behind the other, a steerin"
peak,peag,unrelated,,,,1,,4.53,0.0,,,noun:12;verb:11;adj:,noun:1,NOUN:28,,A point; the sharp end or top of anything that terminates in a point; ,Wampum.
ft,foot,unrelated,,,,2,,4.52,4.87,,,noun:1;verb:1,noun:26;verb:9,NOUN:6,NOUN:79,Abbreviation of foot (“unit of length”).,A biological structure found in many animals that is used for locomoti
theatre,theater,variant,,,,2,,4.52,4.35,,,noun:2,noun:8,NOUN:29,NOUN:53,Alternative spelling of theater.,"A place or building, consisting of a stage and seating, in which an au"
brief,briefs,plural,adj,,,1,canonical,4.52,3.31,,,noun:15;adj:4;adv:2;,noun:5;verb:1,ADJ:86,NOUN:4,A writ summoning one to answer; an official letter or mandate.,plural of brief
pink,pinko,unrelated,adj,,,1,,4.52,2.05,,,noun:17;verb:9;adj:7,noun:1,ADJ:49,,"A color reminiscent of pinks, the flowers.","A socialist, particularly one who is not completely communist."
cap,capture,unrelated,,,,4,,4.51,4.42,,,noun:32;verb:16,noun:5;verb:5,NOUN:34,VERB:22,"A close-fitting hat, either brimless or peaked.",An act of capturing; a seizing by force or stratagem.
colour,color,variant,,,,1,,4.49,4.91,,,adj:1;noun:1;verb:1,noun:25;verb:8;adj:1,,NOUN:147,Commonwealth and Ireland standard spelling of color.,The spectral composition of visible light.
grey,gray,variant,adj,adj,,1,,4.48,4.45,,,adj:2;noun:1;verb:1,noun:7;adj:6;verb:3,ADJ:13,ADJ:85,Commonwealth standard spelling of gray.,An achromatic colour between black and white.
auto,automobile,unrelated,,,,4,,4.48,3.94,,,noun:6;adj:1;verb:1,adj:1;noun:1;verb:1,NOUN:67,NOUN:58,A setting for automatic operation.,A type of motor vehicle designed to move on the ground under its own s
sharp,sharpie,unrelated,adj,,,2,,4.48,2.73,,,adj:24;noun:15;adv:6,noun:8,ADJ:106,,"The symbol ⟨♯⟩, placed after the name of a note in the key signature o",An alert person.
bone,trombone,unrelated,,,,4,,4.47,2.97,,,noun:16;verb:11;adj:,noun:3;verb:2,NOUN:38,,A composite material consisting largely of calcium phosphate and colla,"A musical instrument in the brass family, having a cylindrical bore, a"
pet,petition,unrelated,,,,4,,4.45,4.3,,,noun:7;verb:7;adj:3,noun:3;verb:1,NOUN:14,NOUN:18,"An animal kept as a companion or otherwise for pleasure, rather than f",A formal written request made by an individual or a group of people to
math,mathematics,unrelated,,,,4,,4.45,4.15,,,noun:5;verb:2,noun:2,NOUN:4,NOUN:23,Clipping of mathematics.,"An abstract representational system studying numbers, shapes, structur"
mac,mackintosh,unrelated,name,,,4,,4.45,2.93,,,noun:3,noun:3,PROPN:15,NOUN:1,Clipping of mackintosh (“a raincoat”).,A waterproof long coat made of rubberized cloth.
bath,bathroom,unrelated,,,,4,,4.44,4.54,,,noun:9;verb:2,noun:2;verb:1,NOUN:26,NOUN:18,A tub or pool which is used for bathing: bathtub.,"A room containing a shower or bathtub, and (typically but not necessar"
sand,sandpiper,unrelated,,,,4,,4.44,2.46,,,noun:12;verb:3;adj:1,noun:1,NOUN:34,,"Rock that is ground more finely than gravel, but is not as fine as sil",Any of various small waders of the family Scolopacidae.
mini,miniskirt,unrelated,,,,4,,4.44,2.38,,,noun:5;adj:1,noun:1,,,Abbreviation of miniskirt.,"A short skirt with its hemline well above the knees, generally at mid-"
plain,plane,unrelated,adj,,,2,,4.43,4.72,,,adj:13;noun:5;verb:4,noun:12;verb:3;adj:1,ADJ:51,NOUN:121,"An expanse of land with relatively low relief and few trees, especiall",A level or flat surface.
gym,gymnasium,unrelated,,,,4,,4.43,3.19,,,noun:4;verb:1,noun:3,NOUN:2,NOUN:1,"Clipping of gymnasium; especially, a school gymnasium.",A large room or building for indoor sports.
min,minute,unrelated,,,,3,,4.42,4.98,,,noun:6;verb:3;adj:1,noun:12;adj:2;verb:2,NOUN:5,NOUN:64,Abbreviation of minute.,A unit of time which is one sixtieth of an hour (sixty seconds).
ghost,ghostwriter,unrelated,,,,4,,4.42,2.48,,,noun:25;verb:13;adj:,noun:1,NOUN:11,,A disembodied soul; a soul or spirit of a deceased person; a spirit ap,A professional writer who is paid to write material that is officially
sheet,shit,unrelated,,,,2,,4.4,5.48,,,noun:15;verb:4,noun:14;verb:6;intj:,NOUN:57,NOUN:2,A thin bed cloth used as a covering for a mattress or as a layer over ,Usually solid excretory product evacuated from the bowels; feces.
desert,dessert,unrelated,,,,1,,4.4,3.83,,,noun:5;verb:2;adj:1,noun:2,NOUN:23,NOUN:8,"A barren area of land or desolate terrain, especially one with little ","The last course of a meal, consisting of fruit, sweet confections etc."
crap,craps,plural,,,,1,canonical,4.4,2.8,,,noun:7;verb:3;adj:1;,noun:3;verb:1,NOUN:3,,The husk of grain; chaff.,"A game of gambling, or chance, where the players throw dice to make sc"
pot,potbelly,unrelated,,,,4,,4.4,2.0,,,noun:28;verb:16,noun:3,NOUN:31,,"A flat-bottomed vessel (usually metal) used for cooking food, possibly","A large, protruding, or swollen abdomen; a paunch."
bye,boy,unrelated,,,,2,,4.39,5.17,,,noun:8;adj:2;intj:2;,noun:18;intj:1;verb:,VERB:2,NOUN:246,The position of a person or team in a tournament or competition who dr,A male child.
mo,moment,unrelated,name,,,4,,4.38,5.24,,,noun:5;adj:2;adv:2;n,noun:12,PROPN:1,NOUN:271,Clipping of moment.,"A particular point, or relatively small region."
pope,pop,unrelated,,name,,1,,4.38,4.87,,,noun:18;verb:2,verb:21;noun:19;adj:,NOUN:46,PROPN:17,An honorary title of the Roman Catholic bishop of Rome as father and h,"A loud, sharp sound, as of a cork coming out of a bottle, especially w"
mill,mil,unrelated,,,,1,,4.38,3.74,,,noun:28;verb:17,noun:7;adj:1,NOUN:21,,"A grinding apparatus for substances such as grains, seeds, etc. (Some ","An angular mil, a unit of angular measurement equal to ¹⁄₆₄₀₀ of a com"
spin,spinnaker,unrelated,,,,4,,4.38,2.26,,,verb:21;noun:16,noun:1;verb:1,VERB:13,,"Circular motion, usually rapid.","A sail supplemental to the mainsail, especially a triangular one, used"
behaviour,behavior,variant,,,,1,,4.36,4.69,,,noun:1,noun:6,NOUN:3,NOUN:108,British standard spelling of behavior.,Human conduct relative to social norms.
doc,doctorate,unrelated,name,,,4,,4.36,3.38,,,noun:4,noun:1;verb:1,PROPN:21,NOUN:2,A doctor.,The highest degree awarded by a university faculty.
rep,reputation,unrelated,,,,4,,4.35,4.47,,,noun:8;verb:4,noun:1,,NOUN:36,Clipping of reputation.,What somebody or something is known for.
terrorist,tourist,unrelated,,,,4,,4.35,4.2,,,noun:3;adj:1,noun:5;verb:1,ADJ:1,NOUN:21,"A person, group, or organization that uses violent action, or the thre",Someone who travels for pleasure rather than for business; a leisure v
principle,principal,unrelated,,adj,,2,,4.34,4.52,,,noun:10;verb:1,noun:15;adj:3,NOUN:119,ADJ:122,"A fundamental assumption, fundamental law or guiding belief.","The money originally invested or loaned, on which basis interest and r"
bang,bhang,unrelated,,,,1,,4.32,1.77,,,noun:14;verb:14;adv:,noun:2,NOUN:12,,A sudden percussive noise.,A traditional South Asian preparation made from the leaves and flowers
sec,second,unrelated,name,,,3,,4.31,5.63,,,noun:3,noun:18;verb:7;adj:3,PROPN:27,OTHER:488,"Second, ¹⁄₆₀ of a minute.",Something that is number two in a series.
favour,favor,variant,,,,1,,4.31,4.58,,,noun:1;verb:1,noun:11;verb:6,NOUN:2,NOUN:102,British standard spelling of favor.,A kind or helpful deed; an instance of voluntarily assisting (someone)
sauce,source,unrelated,,,,2,,4.3,5.15,,,noun:10;verb:5,noun:7;verb:2,NOUN:22,NOUN:127,A liquid (often thickened) condiment or accompaniment to food.,"The person, place, or thing from which something (information, goods, "
bat,baht,unrelated,,,,1,,4.3,2.94,,,noun:22;verb:7,noun:2;adv:1;prep:1,NOUN:19,,"Any flying mammal of the order Chiroptera, usually small and nocturnal","The official currency of Thailand, equal to 100 satang."
bow,bough,unrelated,,,,3,,4.3,2.73,,,noun:19;verb:10;intj,noun:2,NOUN:17,NOUN:2,A weapon made of a curved piece of wood or other flexible material who,"A tree-branch, usually a primary one directly attached to the trunk."
drag,dragon,unrelated,,,,2,,4.29,4.41,,,noun:33;verb:17;adj:,noun:17,VERB:17,NOUN:1,Resistance of a fluid to something moving through it.,A mythical reptilian or serpentine creature.
dialogue,dialog,variant,,,,2,,4.29,3.46,,,noun:5;verb:3,noun:2;verb:1,NOUN:16,,A conversation or other form of discourse between two or more individu,Uncommon spelling of dialogue.
dec,decrement,unrelated,name,,,4,,4.29,2.0,,,noun:3;adj:1;verb:1,noun:2;verb:1,PROPN:9,NOUN:2,Abbreviation of decrement.,A small quantity removed or lost; one of a series of regular subtracti
tale,tael,unrelated,,,,2,,4.29,1.77,,,noun:12;verb:2,noun:3,NOUN:23,,A rehearsal of what has occurred; narrative; discourse; statement; his,Any of several units of measure used in China and elsewhere in eastern
slip,sideslip,unrelated,,,,4,,4.28,1.38,,,noun:36;verb:17,noun:4;verb:1,NOUN:23,,An act or instance of slipping.,A flight manoeuvre that uses opposing rudder and aileron inputs to mov
corps,corpse,unrelated,,,,1,,4.27,3.76,,,noun:5,noun:3;verb:2,NOUN:116,NOUN:7,A battlefield formation composed of two or more divisions.,"A dead body, especially that of a human as opposed to an animal."
weed,duckweed,unrelated,,,,4,,4.27,1.79,,,noun:16;verb:4,noun:1,VERB:1,,Any plant unwanted at the place where and at the time when it is growi,Any of several reduced floating aquatic plants in the subfamily Lemnoi
exam,examination,unrelated,,,,4,,4.26,4.26,,,noun:1;verb:1,noun:4,NOUN:2,NOUN:39,"Clipping of examination, especially when meaning “test” or in compound",The act of examining.
lover,louver,unrelated,,,,1,,4.26,1.78,,,noun:5,noun:3,NOUN:20,,One who loves and cares for another person in a romantic way; a sweeth,A type of turret on the roof of certain medieval buildings designed to
alpha,alphabet,unrelated,name,,,3,,4.25,3.7,,,noun:13;adj:4,noun:7;verb:1,PROPN:7,NOUN:2,"The name of the first letter of the Greek alphabet (Α, α), followed by",The set of letters used when writing in a language.
habit,growth,unrelated,,,,4,,4.24,5.03,,,noun:7;verb:2,noun:6,NOUN:27,NOUN:297,An action performed on a regular basis.,"An increase in size, number, value, or strength."
terrorism,tourism,unrelated,,,,4,,4.24,4.28,,,noun:4,noun:3,NOUN:2,NOUN:4,The system of fear and intimidation put into place during the Reign of,"The act of travelling or sightseeing, particularly away from one's hom"
pat,patent,unrelated,name,,,3,,4.24,4.18,,,noun:5;verb:4;adj:3;,adj:10;noun:9;verb:3,PROPN:38,NOUN:52,"The sound of a light slap or tap with a soft flat object, especially o","An official document granting an appointment, privilege, or right, or "
marshall,marshal,variant,name,,,1,,4.24,3.87,,,noun:1,noun:5;verb:5,PROPN:47,NOUN:26,Alternative spelling of marshal.,"A high-ranking officer in the household of a medieval prince or lord, "
pub,publication,unrelated,,,,4,,4.23,4.45,,,noun:4;verb:2,noun:3,NOUN:2,NOUN:60,"A public house where beverages, primarily alcoholic, may be bought and",The act of publishing printed or other matter.
shed,woodshed,unrelated,,,,4,,4.23,2.19,,,noun:11;verb:11,verb:3;noun:2,VERB:13,NOUN:1,An opening between upper and lower warp yarns through which the weft i,"An enclosed, roofed structure, often an outbuilding, used primarily to"
skip,skipper,unrelated,,,,3,,4.21,3.54,,,noun:21;verb:14,noun:13;verb:2,VERB:7,NOUN:3,A leaping or jumping movement; the action of one who skips.,The master of a ship.
hr,hour,unrelated,,,,2,,4.2,5.18,,,noun:2,noun:7,NOUN:7,NOUN:169,Abbreviation of hour.,A unit of time of one twenty-fourth of a day (sixty minutes).
wrap,rap,unrelated,,,,1,,4.2,4.12,,,noun:11;verb:7,noun:12;verb:9,VERB:7,NOUN:3,"Paper or sheeting that is wrapped around something to protect, contain",A sharp blow with something hard.
dose,doze,unrelated,,,,1,,4.2,2.64,,,noun:7;verb:5,verb:3;det:1;noun:1,NOUN:12,,A measured portion of medicine taken at any one time.,"A light, short sleep or nap."
lit,literature,unrelated,,,,4,,4.19,4.62,,,adj:6;verb:4;noun:3,noun:5,VERB:17,NOUN:138,Little.,The body of all written works.
mar,mere,unrelated,,adj,,2,,4.19,4.13,,,noun:3;verb:1,noun:7;adj:3;verb:3,VERB:4,ADJ:52,A blemish.,"Boundary, limit; a boundary-marker; boundary-line."
humor,humour,reverse,,,,1,,4.19,3.83,,,noun:1;verb:1,noun:5;verb:1,NOUN:49,NOUN:1,US spelling of humour.,"The quality of being amusing, comical, funny."
bacteria,bacterium,unrelated,,,,2,,4.19,3.05,,,noun:5,noun:1,NOUN:10,,plural of bacterium,A single-celled organism with cell walls but no nucleus or organelles.
ram,rambo,unrelated,,,,2,,4.19,3.04,,,noun:8;verb:6;adj:1,noun:1,NOUN:2,,"A male sheep, typically uncastrated.",A knife.
cole,coal,unrelated,name,,,2,,4.18,4.49,,,noun:4,noun:8;verb:5;adj:1,PROPN:2,NOUN:47,Cabbage.,"A black or brownish black rock formed from prehistoric plant remains, "
lap,laparoscopy,unrelated,,,,4,,4.18,2.18,,,noun:20;verb:13;adj:,noun:1,NOUN:22,,The loose part of a coat; the lower part of a garment that plays loose,"Examination of the loins or abdomen, now specifically examination or s"
jam,jamb,unrelated,,,,1,,4.17,2.46,,,noun:18;verb:15,noun:3;verb:1,NOUN:8,,A sweet mixture of fruit boiled with sugar and allowed to congeal. Oft,Either of the vertical components that form the side of an opening in 
rat,muskrat,unrelated,,,,4,,4.17,2.41,,,noun:13;verb:9,noun:3,NOUN:6,,Any of the numerous members of several rodent families that usually ha,A semiaquatic rodent of the tribe Ondatrini.
chuck,woodchuck,unrelated,,,,4,,4.17,2.3,,,noun:15;verb:14,noun:1,NOUN:16,,Meat from the shoulder of a cow or other animal.,"A rodent of the family Sciuridae, belonging to the group of large grou"
par,paragraph,unrelated,,,,4,,4.15,4.03,,,noun:9;verb:2;adj:1;,noun:4;verb:2,NOUN:42,NOUN:14,Abbreviation of paragraph.,"A passage in text that starts on a new line, the first line sometimes "
soup,sup,unrelated,,,,1,,4.15,3.56,,,noun:13;verb:6,noun:5;verb:2;adj:1;,NOUN:27,VERB:1,"Any of various dishes commonly made by combining liquids, such as wate","A sip; a small amount, of food or drink, water or rain."
lip,lipstick,unrelated,,,,4,,4.13,3.69,,,noun:11;verb:9,noun:4;verb:1,NOUN:19,NOUN:3,Either of the two fleshy protrusions around the opening of the mouth.,Makeup for the lips.
ham,home,unrelated,,,,2,,4.12,5.81,,,noun:8;verb:1,noun:15;adv:8;adj:4;,NOUN:19,NOUN:650,The region back of the knee joint; the popliteal space; the hock.,A dwelling.
prof,professor,unrelated,name,,,4,,4.12,4.9,,,noun:2,noun:6,PROPN:1,NOUN:81,Clipping of professor.,The most senior rank for an academic at a university or similar instit
rev,revolution,unrelated,name,,,4,,4.12,4.56,,,noun:3;verb:1,noun:8,PROPN:11,NOUN:76,Clipping of revolution (of something spinning).,A political upheaval in a government or state characterized by great c
jewelry,jewellery,reverse,,,,2,,4.12,3.74,,,verb:2;noun:1,noun:3,NOUN:4,,US standard spelling of jewellery.,"Collectively, personal ornamentation such as rings, necklaces, brooche"
canon,cannon,unrelated,,,,1,,4.11,4.02,,,noun:20;adj:1,noun:15;verb:4;adj:1,NOUN:5,NOUN:7,A generally accepted principle; a rule.,"A complete assembly, consisting of an artillery tube and a breech mech"
neighbor,neighbour,reverse,,,,1,,4.11,3.69,,,noun:1;verb:1,noun:4;verb:3,NOUN:17,,US standard spelling of neighbour.,A person living on adjacent or nearby land; a person situated adjacent
freeze,frieze,unrelated,,,,1,,4.11,2.79,,,verb:13;noun:6,noun:4;verb:2,VERB:7,NOUN:13,A period of intensely cold weather.,A kind of coarse woollen cloth or stuff with a shaggy or tufted (friez
warner,warrener,unrelated,name,,,2,,4.11,1.16,,,noun:2,noun:1,PROPN:54,,One who warns.,One who farms or hunts rabbits professionally; the keeper of a warren
fig,figure,unrelated,,,,3,,4.1,5.07,,,noun:10;verb:7,noun:16;verb:13,NOUN:3,NOUN:246,"The fruit of the fig tree, pear-shaped and containing many small seeds",A drawing or diagram conveying information.
ally,alley,unrelated,,,,1,,4.1,3.87,,,noun:10;verb:4,noun:11,NOUN:11,NOUN:8,A person who co-operates with or helps another; an associate; a friend,"A narrow street or passageway, especially one through the middle of a "
cliff,clef,unrelated,,,,2,,4.1,2.45,,,noun:3,noun:1,NOUN:12,,A vertical (or nearly vertical) rock face.,A symbol found on a musical staff that indicates the pitches represent
skull,school,unrelated,,,,4,,4.09,5.71,,,noun:8;verb:3,noun:12;verb:4,NOUN:4,NOUN:557,The main bones of the head considered as a unit; including the cranium,An institution dedicated to teaching and learning; an educational inst
meter,metre,reverse,,,,2,,4.09,3.76,,,noun:7;verb:3,noun:3;verb:2,NOUN:6,NOUN:1,A device that measures things.,The basic unit of length in the International System of Units (SI: Sys
freak,fuck,unrelated,,,,3,,4.08,5.39,,,noun:13;verb:3;adj:1,verb:13;noun:5;intj:,NOUN:4,VERB:4,Someone or something that is markedly unusual or unpredictable.,An act of sexual intercourse.
burger,burgher,unrelated,name,name,,1,,4.07,2.13,,,noun:6,noun:4,PROPN:6,PROPN:1,A hamburger.,"A citizen of a borough or town, especially one belonging to the middle"
cheer,chair,unrelated,,,,2,,4.06,4.69,,,noun:8;verb:5,noun:11;verb:3,NOUN:8,NOUN:66,"A cheerful attitude; happiness; a good, happy, or positive mood.","An item of furniture used to sit on or in, comprising a seat, legs or "
chile,chili,variant,name,,,1,,4.06,3.73,,,noun:2,noun:5,PROPN:4,NOUN:6,Alternative spelling of chili.,"The pungent, spicy fresh or dried fruit of any of several cultivated v"
doll,dal,unrelated,,,,2,,4.06,3.25,,,noun:13;verb:3,noun:3,NOUN:11,,A small figure resembling a human being that is used as a toy.,"Any of many dried husked pulses (legume), including peas, beans and le"
cos,coz,unrelated,name,,,1,,4.05,3.15,,,noun:4;conj:1;det:1,conj:1;noun:1,PROPN:1,,"Synonym of romaine lettuce, a long-leaved variety of lettuce.",cousin (usually as a term of address)
dot,dotty,unrelated,,,,2,,4.05,2.5,,ADJ,noun:13,adj:3;noun:1,NOUN:16,,"A small, round spot.",A shotgun.
hart,heart,unrelated,name,,,1,,4.04,5.31,,,noun:5,noun:16;verb:5,PROPN:17,NOUN:191,"A male deer, especially the male of the red deer after his fifth year.","A muscular organ that pumps blood through the body, traditionally thou"
blonde,blond,variant,adj,adj,,1,,4.04,3.55,,,noun:4;adj:2;verb:1,adj:3;noun:3;verb:1,ADJ:20,ADJ:11,Alternative form of blond (“person with fair hair”). (Used especially ,"A pale yellowish (golden brown) color, especially said of hair color."
marc,mark,unrelated,name,,,1,,4.03,5.05,,,noun:3,noun:39;verb:25,PROPN:5,NOUN:135,"The refuse matter that remains after fruit, particularly grapes, has b","Boundary, land within a boundary."
eager,eagre,reverse,adj,,,2,,4.03,0.0,,,adj:5;verb:3;noun:1,adj:1;noun:1,ADJ:39,,Alternative form of eagre (“tidal bor”).,a tidal bore
cannon,canon,unrelated,,,,1,,4.02,4.11,,,noun:15;verb:4;adj:1,noun:20;adj:1,NOUN:7,NOUN:5,"A complete assembly, consisting of an artillery tube and a breech mech",A generally accepted principle; a rule.
tire,tyre,reverse,,name,,1,,4.02,3.51,,,noun:7;verb:7,noun:4;verb:2,NOUN:32,PROPN:5,US and Canada spelling of tyre: The rubber covering on a wheel.,The ring-shaped protective covering around a wheel which is usually ma
seller,cellar,unrelated,,,,2,,4.01,3.6,,,noun:3,noun:5;verb:1,NOUN:12,NOUN:27,Someone who sells; a vendor; a clerk.,"An enclosed underground space, often under a building, used for storag"
pad,keypad,unrelated,,,,3,,4.01,2.84,,,noun:34;verb:11;intj,noun:1,NOUN:9,,"A flattened mass of anything soft, to sit or lie on.",A small board with keys primarily used for tactile input into a machin
den,denier,unrelated,,,,3,,4.01,2.75,,,noun:8;verb:2;adv:1,noun:4,NOUN:3,,"A small cavern or hollow place in the side of a hill, or among rocks; ",An old French coin worth one-twelfth of a sou.
buck,buckshot,unrelated,name,,,4,,4.01,2.47,,,noun:33;verb:19,noun:1,PROPN:26,NOUN:1,"A male deer, antelope, sheep, goat, rabbit, hare, and sometimes the ma","Lead shot used in shotgun cartridges, made of larger pellets than bird"
flour,flower,unrelated,,,,2,,4.0,4.42,,,noun:4;verb:3,noun:17;verb:5,NOUN:8,NOUN:23,"Powder obtained by grinding or milling cereal grains, especially wheat","A colorful, conspicuous structure associated with angiosperms, frequen"
dash,dashboard,unrelated,,,,4,,4.0,3.33,,,noun:14;verb:11;intj,noun:6;verb:1,NOUN:13,NOUN:2,"Any of the following symbols: ‒ (figure dash), – (en dash), — (em dash",An upturned screen of wood or leather placed on the front of a horse-d
feat,feature,unrelated,,,,3,,3.99,4.82,,,noun:2;verb:2;adj:1,noun:12;verb:5,NOUN:6,NOUN:46,A relatively rare or difficult accomplishment.,"One's structure or make-up: form, shape, bodily proportions."
cluster,clusterfuck,unrelated,,,,4,,3.99,2.22,,,noun:14;verb:3,noun:2;verb:1,NOUN:14,,A bunch or group of several discrete items that are close to each othe,"A chaotic situation where everything seems to go wrong, often caused b"
harbour,harbor,variant,,,,1,,3.98,4.15,,,noun:1;verb:1,noun:5;verb:4,,NOUN:42,Standard spelling of harbor.,Any place of shelter.
cord,chord,unrelated,,,,1,,3.98,3.65,,,noun:9;verb:4,noun:10;verb:3,NOUN:7,NOUN:7,"A long, thin, flexible length of twisted yarns (strands) of fibre (a r",A harmonic set of three or more notes that is heard as if sounding sim
gig,gigabyte,unrelated,,,,4,,3.98,2.65,,,noun:14;verb:8,noun:2,NOUN:2,,"Originally (music), a performing engagement by a musician or musical g","One billion (10⁹, or 1,000,000,000) bytes or 1,000 megabytes."
autism,autumn,unrelated,,,,3,,3.97,4.26,,,noun:5,noun:3;verb:2;adj:1,NOUN:2,NOUN:27,"Autism spectrum disorder, a condition characterized by impairment in s","Traditionally the third of the four seasons, when deciduous trees lose"
manga,mango,unrelated,,,,1,,3.97,3.56,,,noun:6,noun:8;verb:1,,,A comic originating in Japan.,Any of species Mangifera indica of tropical Asian fruit trees.
curry,quarry,unrelated,name,,,2,,3.96,3.6,,,verb:9;noun:5,noun:5;verb:3,PROPN:11,NOUN:7,"One of a family of dishes originating from Indian cuisine, flavored by","A site for mining stone, such as limestone, or slate."
canvas,canvass,plural,,,,1,canonical,3.96,2.81,,,noun:10;verb:2,verb:11;noun:6,NOUN:19,NOUN:3,"A type of coarse cloth, woven from hemp (traditionally) or from cotton","A seeking or solicitation of donations, information, opinions, support"
melt,milt,unrelated,,name,,1,,3.96,2.66,,,noun:9;verb:6,noun:3;verb:1,VERB:5,PROPN:2,"Molten material, the product of melting.","The spleen, especially of an animal bred for food."
col,column,unrelated,,,,3,,3.95,4.33,,,noun:4,noun:9,,NOUN:75,A dip on a mountain ridge between two peaks.,A solid upright structure designed usually to support a larger structu
ref,referee,unrelated,,,,4,,3.95,3.86,,,noun:5;verb:1,noun:4;verb:1,,NOUN:1,Clipping of referee.,An umpire or judge; an official who makes sure the rules are followed 
critic,critique,unrelated,,,,3,,3.95,3.83,,,noun:6;verb:1,noun:4;verb:1,NOUN:27,NOUN:1,A person who appraises the works of others.,The art of criticism.
chi,chihuahua,unrelated,name,,,4,,3.95,3.21,,,noun:7,noun:1,PROPN:2,,The twenty-second letter of the Classical and Modern Greek alphabets.,Alternative letter-case form of Chihuahua.
neighbourhood,neighborhood,variant,,,,1,,3.94,4.5,,,noun:1,noun:15,NOUN:1,NOUN:62,British standard spelling of neighborhood.,The residential area near one's home.
motive,motif,unrelated,,,,2,,3.94,3.4,,,noun:7;adj:2;verb:1,noun:7,NOUN:26,NOUN:8,"An idea or communication that makes one want to act, especially from s",A recurring or dominant element; an artistic theme.
prep,preposition,unrelated,,,,4,,3.94,2.62,,,noun:10;verb:1,noun:3;verb:1,NOUN:2,NOUN:2,Preparation.,Any of a class of non-inflecting words and multiword terms typically e
lb,pound,unrelated,,,,5,,3.93,4.32,,,noun:2,noun:22;verb:10,NOUN:8,NOUN:50,Abbreviation of pound (“unit of weight”).,A unit of weight in various measurement systems.
coloured,colored,variant,,,,1,,3.92,4.19,,,adj:1;noun:1;verb:1,adj:7;noun:3;verb:1,VERB:1,VERB:33,Alternative form of colored.,A colored article of clothing.
heroin,heroine,unrelated,,,,1,,3.92,3.53,,,noun:2,noun:3;adj:1,NOUN:2,NOUN:5,A powerful and addictive drug derived from opium producing intense eup,A female hero.
crane,cran,unrelated,name,,,1,,3.92,2.16,,,noun:8;verb:3,noun:4,PROPN:9,,"Any bird of the family Gruidae, large birds with long legs and a long ","A measure of herrings, either imprecise or sometimes legally specified"
catalog,catalogue,reverse,,,,2,,3.91,3.91,,,noun:1;verb:1,noun:8;verb:4,NOUN:11,NOUN:8,US standard spelling of catalogue.,"A systematic list of books, names, pictures, etc."
compliment,complement,unrelated,,,,1,,3.91,3.77,,,noun:3;verb:2,noun:23;verb:4,NOUN:4,NOUN:21,"An expression of praise, congratulation, or respect.","The totality, the full amount or number which completes something."
mod,modification,unrelated,,,,4,,3.91,3.77,,,noun:13;verb:3;adj:2,noun:7,,NOUN:5,An unconventionally modern style of fashionable dress originating in E,"The act of assessing and prescribing a payment, penalty, price, valuat"
sack,sac,unrelated,,,,1,,3.91,3.67,,,noun:15;verb:7,noun:3;verb:1,NOUN:8,NOUN:8,"A bag; especially a large bag of strong, coarse material for storage a",A bag or pouch inside a plant or animal that typically contains a flui
champ,champion,unrelated,name,,,3,,3.9,4.62,,,noun:7;verb:4,noun:5;adj:3;verb:2,PROPN:3,NOUN:31,Clipping of champion.,An ongoing winner in a game or contest.
rack,arak,unrelated,,,,2,,3.9,2.29,,,noun:26;verb:18,noun:3,NOUN:9,NOUN:1,"A series of one or more shelves, stacked one above the other.","A clear, unsweetened aniseed-flavoured alcoholic drink, produced and c"
ng,newsgroup,unrelated,,,,4,,3.9,2.13,,,noun:1,noun:1,,,Initialism of newsgroup; also NG.,"A repository on a computer network where people can post messages, usu"
ana,anna,unrelated,name,name,,1,,3.89,4.37,,,noun:3;adv:2,noun:2,PROPN:7,PROPN:7,"A collection of things associated with a person or place, especially a","A former Indian coin, being a 16th of a rupee."
ki,key,unrelated,,adj,,2,,3.88,5.12,,,noun:4,noun:43;verb:15;adj:,,ADJ:133,A plant native to the Pacific islands and China (Cordyline fruticosa);,An object designed to open and close a lock or to activate or deactiva
villain,villein,unrelated,,,,1,,3.88,1.36,,,noun:7;verb:1,noun:1,NOUN:3,,"A vile, wicked person.","A feudal tenant, a serf."
dug,dog,unrelated,,,,1,,3.86,5.1,,,noun:3;verb:1,noun:23;verb:7;adj:1,VERB:15,NOUN:81,"A mammary gland on a domestic mammal with more than two breasts, mostl",A mammal of the family Canidae:
judgement,judgment,variant,,,,1,,3.86,4.28,,,noun:1,noun:5,NOUN:2,NOUN:65,Alternative spelling of judgment.,The act of judging.
coral,corral,unrelated,,,,1,,3.86,3.06,,,noun:6;adj:2;verb:1,noun:3;verb:3,NOUN:5,NOUN:5,"Any of many species of marine invertebrates in the class Anthozoa, mos","An enclosure for livestock, especially a circular one."
fatigue,fatigues,plural,,,,1,canonical,3.86,2.53,,,verb:5;noun:4,noun:3;verb:1,NOUN:11,NOUN:2,A weariness caused by exertion; exhaustion.,plural of fatigue
dough,doughboy,unrelated,,,,3,,3.86,2.19,,,noun:3;verb:1,noun:3,NOUN:13,,"A thick, malleable substance made by mixing flour with other ingredien","An American infantryman, especially one from World War I."
bra,bro,unrelated,,,,1,,3.85,4.4,,,noun:3,noun:5,,,"An item of clothing, usually underwear worn to support the breasts.",Brother (a male sibling).
para,paragraph,unrelated,,,,4,,3.85,4.03,,,noun:9;adj:1,noun:4;verb:2,,NOUN:14,A former subunit of currency in several countries in the Ottoman/Turki,"A passage in text that starts on a new line, the first line sometimes "
builder,bodybuilder,unrelated,,,,4,,3.85,2.89,,,noun:4,noun:2,NOUN:30,NOUN:6,One who builds or constructs things.,A person who uses diet and exercise to build an aesthetically muscular
proposition,preposition,unrelated,,,,1,,3.85,2.62,,,noun:12;verb:2,noun:3;verb:1,NOUN:19,NOUN:2,The act of offering (an idea) for consideration.,Any of a class of non-inflecting words and multiword terms typically e
grill,girl,unrelated,,,,2,,3.84,5.38,,,noun:11;verb:10;adj:,noun:14;verb:2,NOUN:12,NOUN:226,A grating; a grid of wire or a sheet of material with a pattern of hol,A female child.
mat,material,unrelated,,,,4,,3.84,4.95,,,noun:13;verb:3;adj:1,noun:11;adj:7;verb:1,NOUN:5,NOUN:202,"A flat piece of coarse material used for wiping one’s feet, or as a de","A basic matter (as metal, wood, plastic, fiber, etc.) from which the w"
ml,millilitre,unrelated,,,,4,,3.84,1.6,,,noun:1,noun:1,NOUN:11,,"Symbol for millilitre, an SI unit of fluid measure equal to 10⁻³ litre","A unit of measure of capacity, equal to one thousandth of a litre. Sym"
critique,critic,unrelated,,,,3,,3.83,3.95,,,noun:4;verb:1,noun:6;verb:1,NOUN:1,NOUN:27,The art of criticism.,A person who appraises the works of others.
isle,aisle,unrelated,,,,1,,3.83,3.72,,,noun:2,noun:7,NOUN:7,NOUN:7,"An island, usually very small. Compare with islet.","A wing of a building, notably in a church separated from the nave prop"
calif,caliph,variant,name,,,2,,3.83,2.91,,,noun:1,noun:1,PROPN:13,,Alternative spelling of caliph.,The holder of a monarchical title based on a claim to be a successor o
dye,die,unrelated,,,,1,,3.82,5.07,,,noun:3;verb:1,verb:25;noun:10;adv:,,VERB:83,"A colorant, especially one that has an affinity to the substrate to wh",The cubical part of a pedestal; a plinth.
mic,mike,variant,,name,,2,,3.81,4.8,,,noun:2;verb:1,noun:4;verb:2,,PROPN:94,Alternative form of mike (“microphone”).,A microphone.
promo,promotion,unrelated,,,,4,,3.81,4.41,,,noun:3;verb:1,noun:5,,NOUN:44,Clipping of promotion.,An advancement in rank or position.
gal,gallon,unrelated,,,,3,,3.81,3.75,,,noun:3,noun:5,NOUN:5,NOUN:8,Abbreviation of gallon.,"A unit of volume, equivalent to eight pints"
lid,eyelid,unrelated,,,,3,,3.81,3.01,,,noun:13;verb:1,noun:1,NOUN:22,NOUN:1,The top or cover of a container.,A thin skin membrane that covers and moves over an eye.
ribbon,ribband,unrelated,,,,2,,3.81,1.09,,,noun:16;verb:2,noun:2,NOUN:12,,"A long, narrow strip of material used for decoration of clothing or th","A long, narrow strip of timber bent and bolted longitudinally to the r"
vent,ventilation,unrelated,,,,4,,3.8,3.6,,,noun:14;verb:10,noun:6,NOUN:10,NOUN:6,"An opening through which gases, especially air, can pass.",The replacement of stale or noxious air with fresh.
madame,madam,variant,name,,,1,,3.8,3.59,,,noun:1,noun:5;verb:2,PROPN:15,NOUN:2,Alternative form of madam.,A polite form of address for a woman or lady.
lin,linn,variant,name,,,1,,3.8,3.06,,,noun:2;verb:1,noun:2,PROPN:13,,Alternative spelling of linn.,"A waterfall or cataract (torrent of water running over a rocky bed), o"
peel,peal,unrelated,,,,1,,3.8,2.41,,,noun:12;verb:9,verb:5;noun:4,VERB:3,NOUN:3,"The skin or outer layer of a fruit, vegetable, etc.","A loud sound, or a succession of loud sounds, as of bells, thunder, ca"
amp,ampere,unrelated,,,,3,,3.8,2.21,,,noun:7;verb:4,noun:1,NOUN:3,,Clipping of ampere.,"A unit of electrical current, the standard base unit in the Internatio"
yr,year,unrelated,,,,2,,3.79,5.96,,,noun:2;contraction:1,noun:13,,NOUN:1450,Abbreviation of year.,A period of time akin to the time taken for the Earth to undergo a ful
pitcher,picture,unrelated,,,,4,,3.79,5.13,,,noun:11,noun:13;verb:3,NOUN:24,NOUN:176,One who pitches (in any sense) anything,"A representation of anything (as a person, a landscape, a building) up"
stab,establishment,unrelated,,,,4,,3.78,4.42,,,noun:9;verb:8;adj:1,noun:6,NOUN:3,NOUN:56,An act of stabbing or thrusting with an object.,The act or process of establishing; a ratifying or ordaining; settleme
drawer,drawers,plural,,,,1,canonical,3.78,3.42,,,noun:9,noun:4,NOUN:8,NOUN:5,An open-topped box that can be slid in and out of the cabinet that con,plural of drawer
tenant,tenet,unrelated,,,,2,,3.78,3.0,,,noun:6;verb:2,noun:1,NOUN:6,,One who holds a lease (a tenancy).,"An opinion, belief, or principle that is held as absolute truth by som"
somerset,somersault,variant,name,,,3,,3.78,2.48,,,noun:1;verb:1,noun:1;verb:1,PROPN:4,NOUN:2,Archaic form of somersault.,"Starting on one's feet, an instance of rotating one's body 360 degrees"
disco,discotheque,unrelated,,,,4,,3.78,2.11,,,noun:5;verb:2,noun:1,,,Clipping of discotheque (“nightclub for dancing”).,A nightclub where dancing takes place.
prop,propellant,unrelated,,,,4,,3.77,2.92,,,noun:14;verb:6,noun:3;adj:1,VERB:5,,"An object placed against or under another, to support it; anything tha",anything that propels
literal,littoral,unrelated,adj,,,2,,3.77,2.69,,,adj:8;noun:4,noun:2;adj:1,ADJ:15,,A misprint (or occasionally a scribal error) that affects a letter.,"A shore, coastline, or coast."
foil,hydrofoil,unrelated,,,,4,,3.76,2.06,,,noun:16;verb:8,noun:2;verb:1,NOUN:21,,A very thin sheet of metal.,A wing attached to the hull of a ship that raises it out of the water 
temp,temperature,unrelated,,,,4,,3.75,4.64,,,noun:3;verb:2;adj:1;,noun:7,,NOUN:136,Clipping of temperature.,"A measure of cold or heat, often measurable with a thermometer."
maths,mathematics,unrelated,,,,4,,3.75,4.15,,,noun:2;verb:1,noun:2,,NOUN:23,Clipping of mathematics.,"An abstract representational system studying numbers, shapes, structur"
armour,armor,variant,name,,,1,,3.75,3.97,,,noun:1;verb:1,noun:6;verb:2,PROPN:2,NOUN:5,British standard spelling of armor.,"A protective layer over a body, vehicle, or other object intended to d"
tray,trey,unrelated,,,,1,,3.75,3.43,,,noun:9;verb:4,noun:6,NOUN:19,,"A small, typically rectangular or round, flat, and rigid object upon w",A playing card or die with the rank of three.
congo,congou,variant,name,,,1,,3.75,0.0,,,intj:1;noun:1,noun:1,PROPN:57,,Alternative form of congou: a kind of Chinese black tea.,A kind of Chinese black tea.
stud,student,unrelated,,,,3,,3.74,5.02,,,noun:18;verb:4,noun:3;adj:1,NOUN:7,NOUN:145,"A male animal, especially a stud horse (stallion), kept for breeding.",A person who studies or learns about a particular subject.
boxer,boxers,plural,,,,1,canonical,3.74,3.41,,,noun:7,noun:3,NOUN:1,,A participant in a boxing match; a fighter who boxes.,plural of boxer
mil,milliliter,unrelated,,,,4,,3.74,2.15,,,noun:7;adj:1,noun:1,,NOUN:2,"An angular mil, a unit of angular measurement equal to ¹⁄₆₄₀₀ of a com",Alternative spelling of millilitre.
flavour,flavor,variant,,,,1,,3.73,4.04,,,noun:1;verb:1,noun:8;verb:1,,NOUN:16,British standard spelling of flavor.,"The quality produced by the sensation of taste or, especially, of tast"
stoke,stokes,plural,,,,1,canonical,3.73,3.57,,,verb:4;noun:2,noun:1;verb:1,,,"An act of poking, piercing, thrusting",A unit of kinematic viscosity in the CGS system of units. 1 stokes = 1
dis,diss,plural,name,,,1,canonical,3.73,3.14,,,noun:2;det:1;pron:1;,noun:3;verb:1,,,Alternative form of diss.,An insult or put-down; an expression of disrespect.
retro,retrorocket,unrelated,,,,4,,3.73,0.0,,,noun:4;adj:2,noun:1,,,Past fashions or trends.,"A small rocket engine on a larger rocket or spacecraft, designed to sl"
mayo,mayonnaise,unrelated,name,,,4,,3.72,3.24,,,noun:3,noun:4;verb:1,PROPN:2,NOUN:4,Clipping of mayonnaise.,"A dressing made from vegetable oil, raw egg yolks, vinegar or lemon ju"
mag,magazine,unrelated,,,,4,,3.71,4.74,,,noun:8;verb:2,noun:11,NOUN:1,NOUN:84,Clipping of magazine.,"A nonacademic, periodical publication which consists of articles by mu"
pod,podcast,unrelated,name,,,4,,3.71,4.15,,,noun:16;verb:4,noun:2;verb:2,PROPN:3,,"A self-contained unit, container, or enclosure that holds, protects, o","A program, especially an audio program, produced on a regular basis, d"
beck,beak,unrelated,name,,,1,,3.71,3.3,,,noun:4;verb:1,noun:17;verb:3,PROPN:1,,A stream or small river.,"A rigid structure projecting from the front of a bird's face, used for"
slack,slacks,plural,adj,,,1,canonical,3.71,2.89,,,noun:10;adj:9;verb:4,noun:2;verb:1,ADJ:14,NOUN:7,"The part of anything that hangs loose, having no strain upon it.",plural of slack
hooker,hookah,unrelated,name,,,2,,3.71,2.81,,,noun:11,noun:2,PROPN:13,,"One who, or that which, hooks.","A pipe with a long flexible tube that draws the smoke through water, t"
macro,macroeconomics,unrelated,,,,4,,3.71,2.68,,,noun:8;verb:3;adj:2,noun:1,,,Clipping of macroeconomics.,The study of the entire economy in terms of the total amount of goods 
tore,torus,variant,,,,2,,3.71,2.57,,,noun:4;adj:3;verb:2,noun:7,VERB:15,,Alternative form of torus.,The standard representation of such a space in 3-dimensional Euclidean
peek,pique,unrelated,,,,4,,3.7,2.93,,,verb:5;noun:2,noun:8;verb:8,,NOUN:2,A quick glance or look.,"Enmity, ill feeling; (countable) a feeling of animosity or a dispute."
grape,grapeshot,unrelated,,,,4,,3.7,1.88,,,noun:9;verb:6;adj:2,noun:1,NOUN:3,,"A small, round, smooth-skinned edible fruit, usually purple, red, or g","A cluster of small iron balls, put together in a canvas bag in order t"
quad,quadruplet,unrelated,,,,4,,3.7,1.3,,,noun:24;verb:4;adj:2,noun:4,,,Clipping of quadrat.,"A set of four, particularly"
sol,solidarity,unrelated,name,,,4,,3.69,3.89,,,noun:9,noun:2,PROPN:5,NOUN:15,"In a movable-do or tonic sol-fa system: the fifth step in a scale, pre","A bond of unity or agreement between individuals, united around a comm"
brent,brant,variant,name,,,1,,3.69,2.9,,,adj:1;noun:1;verb:1,adj:2;noun:1,PROPN:2,,Alternative form of brant.,"Any of several wild geese, of the genus Branta, that breed in the Arct"
piper,pepper,unrelated,name,,,2,,3.68,4.14,,,noun:9,verb:8;noun:7,PROPN:1,NOUN:14,A musician who plays a pipe.,A plant of the family Piperaceae.
pike,turnpike,unrelated,name,,,4,,3.68,3.18,,,noun:13;verb:6,noun:6;verb:1,PROPN:41,NOUN:17,A very long spear used two-handed by infantry soldiers for thrusting (,A frame consisting of two bars crossing each other at right angles and
tails,tailcoat,unrelated,,,,4,,3.68,1.59,,,noun:5;verb:1,noun:2,NOUN:7,,plural of tail,A formal evening jacket with an extended back panel; a dress coat.
scarf,scurf,unrelated,,,,1,,3.68,1.23,,,noun:8;verb:7,noun:7,NOUN:4,,"A long, often knitted, garment worn around the neck.",A skin disease.
var,variable,unrelated,,adj,,4,,3.65,4.12,,,noun:4,noun:8;adj:5,,ADJ:37,Abbreviation of variable.,Something that is variable.
salvage,savage,unrelated,,adj,,1,,3.65,4.05,,,noun:9;verb:6,adj:9;noun:4;verb:4,NOUN:6,ADJ:22,"The rescue of a ship, its crew and passengers or its cargo from a haza","A member of a traditional, nonindustrialised society or indigenous tri"
kin,qin,unrelated,,,,1,,3.65,3.05,,,noun:9;verb:2;adj:1,noun:1,NOUN:2,,Race; family; breed; kind.,"Any of several traditional Chinese musical instruments, most commonly "
helm,haulm,unrelated,,,,2,,3.65,0.0,,,noun:14;verb:4,noun:3,NOUN:6,,"The tiller (or, in a large ship, the wheel) which is used to steer the","The stems of various cultivated plants, left after harvesting the crop"
sonny,address,unrelated,name,,,4,,3.64,4.91,,,noun:2,verb:16;noun:13,PROPN:3,NOUN:89,A familiar form of address for a boy.,Direction.
cocoa,coco,unrelated,,,,1,,3.64,3.49,,,noun:6;adj:1,noun:2,NOUN:4,NOUN:1,The dried and partially fermented fatty seeds of the cacao tree from w,Coconut palm.
cozy,cosy,reverse,,,,1,,3.64,3.31,,,adj:1;noun:1;verb:1,noun:3;adj:2;verb:2,ADJ:2,ADJ:1,US standard spelling of cosy.,"A padded or knit covering put on an item to keep it warm, especially a"
kat,khat,unrelated,,,,1,,3.64,2.22,,,noun:3,noun:1,,,"An ancient Egyptian unit of weight, one fiftieth of an avoirdupois pou","A shrub, Catha edulis, whose leaves are used as a mild stimulant when "
dread,dreadlock,unrelated,,,,4,,3.64,1.7,,,noun:8;verb:4;adj:2,noun:1;verb:1,NOUN:9,,Great fear in view of impending evil; fearful apprehension of danger; ,A single strand of dreadlocks.
rite,right,unrelated,,,,3,,3.63,5.96,,,noun:3;adj:1;adv:1;i,adj:15;adv:8;noun:8;,NOUN:8,NOUN:712,A religious custom.,"That which complies with justice, law or reason."
sis,sister,unrelated,name,,,3,,3.63,4.95,,,noun:2,noun:12;verb:2,PROPN:3,NOUN:41,Clipping of sister.,A daughter of the same parents as another person; a female sibling.
gee,grand,unrelated,name,adj,,4,,3.63,4.91,,,noun:6;verb:5;intj:2,adj:7;noun:4,PROPN:4,ADJ:64,"A gee-gee, a horse.","A thousand of some unit of currency, such as dollars or pounds. (Compa"
whisky,whiskey,variant,,,,1,,3.63,3.78,,,noun:2,noun:4,NOUN:23,NOUN:21,"Alternative form of whiskey, an alcoholic liquor distilled from fermen","A liquor distilled from the fermented mash of grain (as rye, corn, or "
nigga,nigger,variant,,,,2,,3.63,3.35,,,noun:6,noun:14;verb:5,,NOUN:12,Pronunciation spelling of nigger.,A black person; a person of black African descent.
condo,condominium,unrelated,,,,4,,3.63,3.1,,,noun:1,noun:5,,NOUN:3,Clipping of condominium.,Joint sovereignty over a territory by two or more countries.
cache,cachet,unrelated,,,,1,,3.63,2.41,,,verb:5;noun:4,noun:6;verb:1,NOUN:3,,"A store, protected and often hidden in some way, of things that may be","A seal, as of a letter."
mantle,mantel,unrelated,name,,,2,,3.62,2.91,,,noun:14;verb:6,noun:2;verb:1,PROPN:48,NOUN:3,"A piece of clothing somewhat like an open robe or cloak, especially th",The shelf above a fireplace which may be also a structural support for
savannah,savanna,variant,name,,,1,,3.62,2.83,,,noun:1,noun:1,PROPN:9,,Alternative spelling of savanna.,A mixed woodland-grassland biome and ecosystem characterised by the tr
fuse,fuze,unrelated,,,,1,,3.62,2.41,,,verb:9;noun:7,noun:2;verb:2,NOUN:5,,"A wick or cord used to convey flame to gunpowder, a bomb, or similar e","Synonym of detonator, an auxiliary device used to ignite an explosive "
chap,chop,unrelated,,,,1,,3.61,3.77,,,noun:10;verb:3,noun:21;verb:21,NOUN:2,NOUN:3,"A man, a fellow.","A cut of meat, often containing a section of a rib."
homo,homosexual,unrelated,,,,4,,3.61,3.72,,,noun:3;adj:2,adj:3;noun:1,OTHER:1,ADJ:8,Clipping of homosexual.,A person who is sexually attracted solely or primarily to others of th
spectacle,spectacles,plural,,,,1,canonical,3.61,3.11,,,noun:6,noun:3,NOUN:18,NOUN:3,"An exciting or extraordinary scene, exhibition, performance etc.",plural of spectacle
stint,stent,unrelated,,,,1,,3.61,2.82,,,noun:6;verb:6,verb:3;noun:2,NOUN:8,,A period of time spent doing or being something; a spell.,"A slender tube inserted into a blood vessel, a ureter or the oesophagu"
crank,crankshaft,unrelated,,,,4,,3.61,2.79,,,noun:15;verb:7;adj:6,noun:1;verb:1,NOUN:2,NOUN:1,"An ailment, ache.","A rotating shaft with throws (parts that stick out) and which drives, "
mare,mayor,unrelated,,,,3,,3.6,4.62,,,noun:8,noun:7,NOUN:16,NOUN:59,An adult female horse.,"The chief executive of the municipal government of a city, borough, et"
grad,graduate,unrelated,,,,4,,3.6,4.5,,,noun:4,verb:10;adj:3;noun:3,NOUN:2,NOUN:34,Clipping of graduate.,A person who is recognized as having completed any of various levels o
ordinance,ordnance,unrelated,,,,1,,3.6,3.37,,,noun:7,noun:2,NOUN:9,NOUN:2,"A local law, passed by e.g. a city.","Military equipment, especially weapons and ammunition."
repost,riposte,unrelated,,,,2,,3.6,2.44,,,noun:2;verb:2,noun:4;verb:2,,,The act of posting again; the material thus posted.,A thrust given in return after parrying an attack.
spec,specification,unrelated,,,,4,,3.59,3.75,,,noun:9;adj:3;verb:1,noun:2,,NOUN:3,Clipping of specification.,"An explicit set of requirements to be satisfied by a material, product"
booty,bootee,unrelated,,,,2,,3.59,0.0,,,noun:7;adj:1;verb:1,noun:3,NOUN:3,,"A form of prize which, when a ship was captured at sea, could be distr","A soft, woolen shoe, usually knitted, for a baby or small pet."
tang,tongue,unrelated,,,,3,,3.58,4.37,,,noun:15;verb:2,noun:25;verb:9,NOUN:4,NOUN:35,A refreshingly sharp aroma or flavor.,The flexible muscular organ in the mouth that is used to move food aro
dorm,dormitory,unrelated,,,,4,,3.58,3.12,,,noun:1;verb:1,noun:3,,NOUN:3,Clipping of dormitory.,A room containing a number of beds (and often some other furniture and
traveler,traveller,reverse,,,,1,,3.57,3.49,,,noun:1,noun:11,NOUN:9,NOUN:3,US standard spelling of traveller.,"One who travels, especially to distant lands."
bun,bunny,unrelated,,name,,2,,3.56,3.88,,,noun:17;verb:4,noun:13;adj:2,NOUN:1,PROPN:7,Senses referring to baked goods.,"A rabbit, especially a juvenile one."
cory,corey,unrelated,,,,1,,3.55,3.7,,,noun:2,noun:1,,,"Any fish belonging to the genus Corydoras, a group of South American f",A penis.
pun,bun,unrelated,,,,1,,3.55,3.56,,,noun:3;verb:2,noun:17;verb:4,NOUN:1,NOUN:1,A joke or type of wordplay in which similar definitions or sounds of t,Senses referring to baked goods.
meg,megabyte,unrelated,name,,,4,,3.55,2.23,,,noun:6;verb:1,noun:2,PROPN:2,,Clipping of megabyte,"One million (10⁶, or 1,000,000) bytes or 1,000 kilobytes."
kc,kilocycle,unrelated,,,,4,,3.55,0.0,,,noun:1,noun:2,NOUN:4,,Abbreviation of kilocycle.,A thousand cycles (of any periodic phenomenon).
specs,spectacles,unrelated,,,,4,,3.54,3.11,,,noun:2;verb:1,noun:3,,NOUN:3,Abbreviation of spectacles.,plural of spectacle
heroine,heroin,unrelated,,,,1,,3.53,3.92,,,noun:3;adj:1,noun:2,NOUN:5,NOUN:2,A female hero.,A powerful and addictive drug derived from opium producing intense eup
comb,combination,unrelated,,,,4,,3.52,4.61,,,noun:23;verb:5,noun:10,NOUN:6,NOUN:67,A toothed implement:,"The act of combining, the state of being combined or the result of com"
stool,stole,unrelated,,,,2,,3.52,4.21,,,noun:13;verb:3,noun:3;verb:2,NOUN:8,VERB:10,"A seat, especially for one person and without armrests.","A garment consisting of a decorated band worn on the back of the neck,"
chilly,chili,variant,,,,2,,3.5,3.73,,,adj:3;noun:1,noun:5,ADJ:5,NOUN:6,Alternative spelling of chili.,"The pungent, spicy fresh or dried fruit of any of several cultivated v"
litre,litter,unrelated,,,,2,,3.5,3.71,,,noun:4,noun:13;verb:7;adj:1,,NOUN:3,"The metric unit of fluid measure, equal to one cubic decimetre. Symbol","Straw, grass, and similar loose material used as bedding for people or"
moth,mote,unrelated,,,,1,,3.5,2.63,,,noun:6;verb:1,noun:5;verb:3,NOUN:1,,Any flying insect of the order Lepidoptera not in the superfamily Papi,A small particle; a speck.
fella,fellow,variant,,,,2,,3.49,4.76,,,noun:3,noun:31;verb:7,NOUN:6,NOUN:75,Pronunciation spelling of fellow.,A companion; a comrade.
loot,lieutenant,unrelated,,,,4,,3.49,4.44,,,noun:6;verb:3,noun:8;adj:1,NOUN:3,NOUN:32,"Synonym of booty, goods seized from an enemy by violence, particularly",The lowest junior commissioned officer rank(s) in many military forces
wen,wynn,unrelated,,name,,2,,3.49,3.11,,,noun:3;adv:1;conj:1;,noun:1,,PROPN:1,A cyst on the skin; a tumor or wart.,"A letter of the Old English alphabet, ƿ, borrowed from the futhark and"
nan,naan,unrelated,name,,,1,,3.49,2.58,,,noun:5,noun:1,PROPN:2,,Synonym of maid: a servant girl.,"A type of round, flat bread baked in a tandoor popular in South and Ce"
paw,pa,unrelated,,,,1,,3.48,4.46,,,verb:5;noun:3,noun:4,NOUN:3,NOUN:26,"The soft foot of a mammal or other animal, generally a quadruped, that","Father, papa."
lama,llama,unrelated,name,,,1,,3.48,2.95,,,noun:3,noun:3,PROPN:5,,A master of Tibetan Buddhism.,"A South American mammal of the camel family, Lama glama, used as a dom"
envoy,envoi,unrelated,,,,1,,3.48,1.48,,,noun:5,noun:1,NOUN:1,,"A diplomatic agent of the second rank, next in status after an ambassa","A short stanza at the end of a poem, used either to address a person o"
ox,oxygen,unrelated,,,,4,,3.47,4.25,,,noun:3,noun:5,NOUN:6,NOUN:45,"An adult castrated male of cattle (B. taurus), especially when used as",The chemical element (symbol O) with an atomic number of 8 and relativ
char,cha,unrelated,,,,1,,3.47,3.7,,,noun:9;verb:7,noun:2;particle:1;pr,VERB:1,,A charred substance.,"Tea, (sometimes dialect) specifically masala chai."
dialog,dialogue,reverse,,,,2,,3.46,4.29,,,noun:2;verb:1,noun:5;verb:3,,NOUN:16,Uncommon spelling of dialogue.,A conversation or other form of discourse between two or more individu
liter,litre,reverse,,,,2,,3.46,3.5,,,noun:2,noun:4,NOUN:2,,"Alternative form of litre, one cubic decimeter.","The metric unit of fluid measure, equal to one cubic decimetre. Symbol"
swat,swot,unrelated,,,,1,,3.46,2.67,,,noun:2;verb:2,noun:3;verb:1,,,"A hard stroke, hit or blow, e.g., as part of a spanking.","One who swots; a boffin, nerd, or smart aleck."
sham,champagne,unrelated,,,,4,,3.45,3.9,,,noun:5;verb:3;adj:2,noun:6;adj:2;verb:2,NOUN:1,NOUN:18,A fake; an imitation that purports to be genuine.,"A sparkling white wine made from a blend of grapes, especially Chardon"
mould,mold,variant,,,,1,,3.45,3.77,,,noun:4;verb:2,noun:14;verb:9,VERB:1,NOUN:46,Commonwealth standard spelling of mold.,A hollow form or matrix for shaping a fluid or plastic substance.
endeavour,endeavor,variant,,,,1,,3.45,3.56,,,noun:1;verb:1,verb:4;noun:1,NOUN:1,NOUN:8,British standard spelling of endeavor.,A sincere attempt; a determined or assiduous effort towards a specific
pong,pung,unrelated,,,,1,,3.45,1.79,,,noun:3;verb:3,noun:3;verb:1,NOUN:1,,"A stench, a bad smell.",A low box-like sleigh designed to be pulled by one horse.
fulfillment,fulfilment,reverse,,,,1,,3.44,2.97,,,noun:1,noun:3,NOUN:12,,US standard spelling of fulfilment.,The act of fulfilling or the state or quality of being fulfilled; cons
saloon,salon,unrelated,,name,,1,,3.43,3.87,,,noun:7,noun:4,NOUN:12,PROPN:6,"A tavern, especially in an American Old West setting.","A large room, especially one used to receive and entertain guests."
psyche,psychology,unrelated,,,,4,,3.42,4.31,,,noun:4;intj:1;verb:1,noun:4,NOUN:7,NOUN:28,"The human soul, mind, or spirit.",The study of the human mind.
medic,medick,unrelated,,,,1,,3.42,1.01,,,noun:4;adj:1,adj:1;noun:1,,,A physician.,"Any of various European and North African herbs, of the genus Medicago"
enquiry,inquiry,variant,,,,1,,3.41,4.25,,,noun:1,noun:2,,NOUN:24,British form of inquiry.,The act of inquiring; a seeking of information by asking questions; in
momma,mama,variant,name,,,2,,3.41,4.24,,,noun:2,noun:12;verb:3;intj:,PROPN:2,NOUN:44,Alternative spelling of mama.,Synonym of mother (“a female parent”).
deco,decoration,unrelated,,,,4,,3.41,3.82,,,noun:3,noun:5,,NOUN:8,Decompression.,"The act of adorning, embellishing, or honoring; ornamentation."
mustache,moustache,reverse,,,,1,,3.41,3.24,,,noun:1,noun:2,NOUN:5,NOUN:1,US standard spelling of moustache.,A growth of facial hair between the nose and the upper lip.
jacks,jakes,unrelated,,,,2,,3.41,2.51,,,noun:5,noun:2;verb:1,,NOUN:1,plural of jack,A place to urinate and defecate: an outhouse or lavatory.
amir,emir,variant,,,,1,,3.4,3.05,,,noun:1,noun:2,,,Alternative form of emir.,"A prince, commander or other leader or ruler in an Islamic nation."
tumour,tumor,variant,,,,1,,3.39,3.97,,,noun:1,noun:1,,NOUN:19,Commonwealth standard spelling of tumor.,"An abnormal growth; differential diagnosis includes abscess, metaplasi"
eta,ita,unrelated,name,,,1,,3.37,3.11,,,noun:4,noun:1,PROPN:5,,"The seventh letter of the Modern Greek alphabet, the eighth in Old Gre","A kind of palm tree (Mauritia flexuosa), growing near the Orinoco."
otter,attar,unrelated,,,,2,,3.37,2.23,,,noun:5,noun:2,NOUN:5,,An aquatic or marine carnivorous mammal in the subfamily Lutrinae.,An essential oil extracted from flowers.
burr,bur,unrelated,name,,,1,,3.36,2.75,,,noun:14;verb:3,noun:4,PROPN:7,,"A sharp, pointy object, such as a sliver or splinter.","A rough, prickly husk around the seeds or fruit of some plants."
obi,obeah,unrelated,,,,3,,3.35,1.81,,,noun:3,noun:3;verb:1,,,A sash worn with a kimono.,"A form of folk magic, medicine or witchcraft originating in Africa and"
mina,myna,variant,,,,1,,3.35,1.66,,,noun:3,noun:1,,,Alternative spelling of myna.,One of the South and East Asian birds of the starling family Sturnidae
bog,bug,unrelated,,,,1,,3.34,4.2,,,verb:11;noun:10;adj:,noun:25;verb:5,VERB:1,NOUN:6,An area of decayed vegetation (particularly sphagnum moss) which forms,An insect of the order Hemiptera (the “true bugs”).
ax,axe,reverse,,,,1,,3.34,3.79,,,verb:2;noun:1,noun:7;verb:4,NOUN:7,NOUN:8,US standard spelling of axe.,A tool for felling trees or chopping wood etc. consisting of a heavy h
slew,slough,unrelated,,name,,4,,3.34,3.06,,,verb:8;noun:6,noun:7;verb:4,NOUN:3,PROPN:1,"The act, or process of slewing.",The skin shed by a snake or other reptile.
mane,man,unrelated,,,,1,,3.33,5.82,,,noun:4,noun:22;verb:5;pron:,,NOUN:1252,"Longer hair growth on back of neck of an animal, especially a horse or",An adult male human.
limo,limousine,unrelated,,,,4,,3.33,3.2,,,noun:1,noun:4,,NOUN:4,Clipping of limousine.,"An automobile body with seats and permanent top like a coupe, and with"
dole,dhole,unrelated,name,,,1,,3.33,1.58,,,noun:9;verb:2,noun:1,PROPN:7,,Distribution; dealing; apportionment.,"An Asian wild dog, Cuon alpinus."
mamma,mama,unrelated,,,,1,,3.32,4.24,,,noun:3;intj:1;verb:1,noun:12;verb:3;intj:,NOUN:8,NOUN:44,The milk-secreting organ of female humans and other mammals which incl,Synonym of mother (“a female parent”).
eq,equation,unrelated,,,,4,,3.32,4.02,,,noun:1,noun:3,,NOUN:33,Abbreviation of equation.,"The act or process of equating two or more things, or the state of tho"
counsellor,counselor,variant,,,,1,,3.32,3.79,,,noun:1,noun:5,,NOUN:5,Alternative spelling of counselor.,"A professional who counsels people, especially on personal problems."
fro,afro,unrelated,,name,,1,,3.32,3.43,ADV,,adv:1;noun:1;prep:1,noun:2,ADV:1,,Clipping of afro (hairstyle).,A hairstyle characterized by tightly curled locks and a rounded shape.
melon,mellon,unrelated,,name,,1,,3.32,3.21,,,noun:11;adj:1,noun:1,NOUN:1,PROPN:3,"Some of the plants of the family Cucurbitaceae grown for food, general",The result of heptazine being polymerized with the tri-s-triazine unit
acknowledgement,acknowledgment,variant,,,,1,,3.32,3.11,,,noun:1,noun:9,NOUN:2,NOUN:2,Alternative spelling of acknowledgment.,The act of acknowledging
crease,kris,unrelated,,,,4,,3.31,3.65,,,noun:6;verb:5,noun:1;verb:1,NOUN:1,,A line or mark made by folding or doubling any pliable substance; henc,"A traditional Indonesian, Malaysian, or Filipino sword or dagger havin"
lac,lakh,unrelated,,,,2,,3.31,3.24,,,noun:4,noun:2;num:1,,,A resinous substance or lacquer produced mainly on the banyan tree by ,One hundred thousand rupees.
donut,doughnut,variant,,,,3,,3.31,3.17,,,noun:1,noun:12;verb:1,,,Alternative spelling of doughnut.,"A deep-fried piece of dough or batter, usually mixed with various swee"
raja,rajah,variant,,,,1,,3.31,2.65,,,noun:1,noun:2,,NOUN:1,Alternative spelling of rajah.,A Hindu prince or ruler in India.
qi,chi,variant,,name,,2,,3.29,3.95,,,noun:1,noun:7,,PROPN:2,Alternative form of chi.,The twenty-second letter of the Classical and Modern Greek alphabets.
chilli,chili,variant,,,,1,,3.29,3.73,,,noun:1,noun:5,,NOUN:6,Alternative spelling of chili.,"The pungent, spicy fresh or dried fruit of any of several cultivated v"
tau,taw,unrelated,name,,,1,,3.29,2.32,,,noun:11,noun:6;verb:6,PROPN:1,,The letter Τ /τ in the Greek alphabet; being the nineteenth letter of ,Tawed leather.
vantage,advantage,unrelated,,,,2,,3.28,4.78,,,noun:4;verb:1,noun:6;verb:2,NOUN:6,NOUN:102,An advantage.,"Any condition, circumstance, opportunity or means, particularly favora"
analogue,analog,variant,,,,2,,3.28,3.73,,,noun:3;adj:1,noun:3;adj:2,NOUN:1,NOUN:1,Something that bears an analogy to something else.,Something that bears an analogy to something else.
midget,midge,unrelated,,name,,1,,3.27,2.76,,,noun:4,noun:3,,PROPN:4,A very small thing; especially one which is conspicuously smaller than,"Any of various small two-winged flies, for example, from the family Ch"
polio,poliomyelitis,unrelated,,,,4,,3.27,2.02,,,noun:2,noun:1,NOUN:1,,Abbreviation of poliomyelitis.,"Acute infection by the poliovirus, especially of the motor neurons in "
bane,bone,unrelated,,,,1,,3.26,4.47,,,noun:7;verb:4,noun:16;verb:11;adj:,,NOUN:38,A cause of misery or ruin.,A composite material consisting largely of calcium phosphate and colla
fitch,vetch,unrelated,name,,,2,,3.26,2.18,,,noun:4;verb:1,noun:2,PROPN:1,,"A polecat, such as the European polecat (Mustela putorius), the stripe","Any of several leguminous plants, of the genus Vicia, often grown as g"
groin,groyne,unrelated,,,,2,,3.26,1.5,,,noun:6;verb:4,noun:1,NOUN:4,,The crease or depression of the human body at the junction of the trun,An often wooden structure that projects from a coastline to prevent er
prod,production,unrelated,,,,4,,3.25,5.14,,,noun:7;verb:3,noun:13,VERB:3,NOUN:240,A device (now often electrical) used to goad livestock into moving.,"The act of producing, making or creating something."
hoe,ho,unrelated,,name,,1,,3.25,4.22,,,noun:5;verb:3,noun:4;intj:3;verb:2,,PROPN:1,"Any of various tools for scraping, scratching, digging, or stirring so",A stop; a halt; a moderation of pace.
leach,leech,unrelated,,,,1,,3.25,3.17,,,noun:4;verb:3,noun:7;verb:3,,,"A quantity of wood ashes, through which water passes, and thus imbibes","A typically aquatic blood-sucking annelid of the subclass Hirudinea, e"
sens,sensitivity,unrelated,,,,4,,3.24,3.95,,,noun:3,noun:7,,NOUN:29,Clipping of sensitivity.,The quality or state of being sensitive; sensitiveness.
jargon,jargoon,unrelated,,,,1,,3.24,0.0,,,noun:4;verb:1,noun:2,NOUN:4,,A technical terminology unique to a particular subject.,A variety of zircon.
tester,testiere,unrelated,,,,2,,3.24,0.0,,,noun:11,noun:1,,,A canopy over a bed.,Complete armour for a horse's head.
lair,layer,unrelated,,,,2,,3.23,4.4,,,noun:9;verb:5,noun:11;verb:2,,NOUN:14,"A place inhabited by a wild animal, often a cave or a hole in the grou",A single thickness of some material covering a surface.
hoard,horde,unrelated,,,,2,,3.23,3.23,,,noun:6;verb:2,noun:2;verb:1,NOUN:2,NOUN:2,A hidden supply or fund.,"A wandering troop or gang; especially, a clan or tribe of a nomadic pe"
watercolor,watercolour,reverse,,,,1,,3.23,2.93,,,adj:1;noun:1;verb:1,noun:3;adj:1;verb:1,NOUN:12,,Alternative spelling of watercolour.,A water-soluble pigment or paint.
valor,valour,reverse,,,,1,,3.23,2.91,,,noun:1,noun:4,NOUN:1,,US standard spelling of valour.,Individually sustained verve or passion.
clegg,cleg,variant,,,,1,,3.23,1.18,,,noun:1,noun:2,,,Alternative spelling of cleg.,"a blood-sucking fly of the family Tabanidae: gadfly, horsefly, deer fl"
gage,gauge,unrelated,,,,1,,3.22,4.02,,,noun:11;verb:4,noun:17;verb:6,NOUN:4,NOUN:18,"Something, such as a glove or other pledge, thrown down as a challenge",A measure; a standard of measure; an instrument to determine dimension
armory,armoury,reverse,,,,1,,3.22,2.73,,,noun:1,noun:6,NOUN:2,,American standard spelling of armoury.,"A place where arms are kept, an arsenal."
choral,chorale,variant,,name,,1,,3.22,2.51,,,adj:1;noun:1,noun:2,ADJ:2,PROPN:1,Alternative form of chorale.,A form of Lutheran or Protestant hymn tune.
flake,fake,unrelated,,adj,,1,,3.21,4.65,,,noun:14;verb:6,verb:6;noun:5;adj:2,VERB:1,ADJ:11,A loose filmy mass or a thin chiplike layer of anything,"Something which is not genuine, or is presented fraudulently."
tic,ticket,unrelated,,,,3,,3.21,4.61,,,noun:3;verb:1,noun:14;verb:2,,NOUN:30,"A sudden, nonrhythmic motor movement or vocalization.","A small document that acts as proof of something, often thereby granti"
calibre,caliber,variant,,,,2,,3.21,3.65,,,noun:1,noun:8,NOUN:2,NOUN:8,Alternative form of caliber.,"Diameter of the bore of a firearm, typically measured between opposite"
tramp,trampoline,unrelated,name,,,4,,3.21,3.14,,,noun:9;verb:8,noun:4;verb:2,PROPN:7,,The act of walking with heavy steps.,"A gymnastic and recreational device consisting of a piece of taut, str"
plow,plough,reverse,,,,3,,3.21,3.09,,,noun:1;verb:1,verb:10;noun:8,NOUN:12,,Alternative spelling of plough.,A device pulled through the ground in order to break it open into furr
clutter,clowder,unrelated,,,,3,,3.21,1.1,,,noun:5;verb:4,noun:1,NOUN:1,,A confused disordered jumble of things.,A group of cats or other small felines.
realisation,realization,variant,,,,1,,3.2,3.72,,,noun:1,noun:4,,NOUN:26,Alternative spelling of realization.,"The act of realizing, as:"
salah,salat,variant,,,,1,,3.2,2.22,,,adj:1;noun:1,noun:1,,,Alternative form of salat.,The obligatory prayer that Muslims are called to perform five times a 
staunch,stanch,reverse,,,,1,,3.2,1.93,ADJ;VERB,ADJ;VERB,adj:8;noun:5;verb:1,verb:8;noun:2;adj:1;,ADJ:5,ADJ:2,That which stanches or checks a flow.,Alternative spelling of staunch (“that which stanches; act of stanchin
drier,dryer,variant,,,,1,,3.19,3.54,,,adj:1;noun:1,noun:4;adj:1,ADJ:3,NOUN:4,Alternative spelling of dryer.,"One who, or that which, dries; any device or facility employed to remo"
kilometer,kilometre,reverse,,,,2,,3.19,3.21,,,noun:1,noun:1,NOUN:8,,US spelling of kilometre.,An SI unit of length equal to 10³ metres. Symbol: km
cayman,caiman,variant,,,,1,,3.19,2.21,,,noun:1,noun:3,,,Alternative spelling of caiman.,"Any of the relatively small crocodilians of the genus Caiman, within t"
sulphur,sulfur,variant,,,,2,,3.18,3.43,,,noun:1;verb:1,noun:4;adj:2;verb:1,NOUN:3,NOUN:1,Alternative spelling of sulfur.,"A chemical element with atomic number 16, having a bright yellow color"
nag,knack,unrelated,,,,3,,3.18,3.26,,,noun:7;verb:3,noun:3;verb:2,,NOUN:4,A small horse; a pony.,A readiness in performance; aptness at doing something.
castor,caster,unrelated,,,,1,,3.18,3.1,,,noun:7,noun:5;verb:1,NOUN:2,,A hat made from the fur of the beaver.,Someone or something that casts.
saber,sabre,reverse,,,,2,,3.18,3.02,,,noun:2;verb:1,noun:2;verb:2,NOUN:1,NOUN:2,US standard spelling of sabre.,"A light sword with a curved blade, sharp along the front edge, part of"
mol,mole,variant,,,,1,,3.16,3.67,,,noun:1,noun:13;verb:1,,NOUN:4,Alternative spelling of mole.,"A naevus, a pigmented, slightly raised, and sometimes hairy spot on th"
camo,camouflage,unrelated,,,,4,,3.16,3.42,,,noun:3;verb:2,noun:6;verb:1,,NOUN:3,A pattern on clothing consisting of irregularly shaped patches that ar,A disguise or covering up.
aunty,auntie,variant,,name,,2,,3.16,3.3,,,noun:1,noun:4;verb:1,,PROPN:3,Alternative spelling of auntie.,Diminutive of aunt.
kern,quern,unrelated,name,,,2,,3.16,1.59,,,noun:10;verb:1,noun:1;verb:1,PROPN:8,,A corn; grain; kernel.,"A mill for grinding corn, especially a handmill made of two circular s"
lager,laager,unrelated,,,,1,,3.16,1.56,,,noun:2;verb:2,noun:2;verb:2,,,"A type of beer, brewed using a bottom-fermenting yeast.","A defensive encampment encircled by wagons, especially by South Africa"
pct,percent,unrelated,,,,4,,3.15,5.04,,,noun:1,noun:4;adv:1;prep_ph,,NOUN:56,Abbreviation of percent.,"A percentage, a proportion (especially per hundred)."
masse,mass,variant,,,,1,,3.15,4.87,,,noun:1,noun:16;adj:2;verb:2,OTHER:1,NOUN:110,Obsolete form of mass.,"Matter, material."
ply,plywood,unrelated,,,,4,,3.15,3.29,,,verb:9;noun:6,noun:2;verb:1,,NOUN:11,A layer of material.,"Construction material supplied in sheets, and made of three or more la"
gent,gentamicin,unrelated,,,,4,,3.15,2.03,,,adj:2;noun:2,noun:1,,,A gentleman.,"A broad-spectrum aminoglycoside antibiotic mixture, derived from an ac"
speciality,specialty,variant,,,,1,,3.14,3.89,,,noun:1,noun:6,,NOUN:17,UK standard form of specialty.,That in which one specializes; a chosen expertise or talent; bailiwick
parlour,parlor,variant,,,,1,,3.14,3.34,,,noun:1,noun:7;adj:2,,NOUN:18,Commonwealth standard spelling of parlor.,"The living room of a house, or a room for entertaining guests; a room "
chime,chine,unrelated,,,,1,,3.14,2.52,,,noun:6;verb:5,noun:9;verb:3,,,"A musical instrument producing a sound when struck, similar to a bell ",The top of a ridge.
louvre,louver,variant,name,,,2,,3.14,1.78,,,noun:1,noun:3,PROPN:3,,Alternative form of louver.,A type of turret on the roof of certain medieval buildings designed to
tung,tongue,variant,,,,3,,3.13,4.37,,,noun:2,noun:25;verb:9,NOUN:2,NOUN:35,"Obsolete spelling of tongue, both as language and as part of the body.",The flexible muscular organ in the mouth that is used to move food aro
lat,latitude,unrelated,,,,4,,3.13,3.57,,,noun:8,noun:6,,NOUN:7,"A staff, particularly one of an Indian kind.","The angular distance north or south from a planet's equator, measured "
preventative,preventive,variant,,adj,,2,,3.13,3.5,,,adj:1;noun:1,adj:4;noun:3,ADJ:1,ADJ:15,Alternative form of preventive.,"A thing that prevents, hinders, or acts as an obstacle to."
kilo,kilogram,unrelated,,,,4,,3.13,3.01,,,noun:2,noun:2,,,Clipping of kilogram.,"In the International System of Units, the base unit of mass; conceived"
wiz,whiz,unrelated,,,,1,,3.13,2.9,,,noun:3;prep:1;verb:1,noun:5;verb:4;prep:1,,NOUN:3,"A person who is exceptionally clever, gifted or skilled in a particula",A whirring or hissing sound (as above).
millimeter,millimetre,reverse,,,,2,,3.13,2.6,,,noun:1,noun:1,NOUN:3,,US spelling of millimetre.,"An SI/MKS unit of measure, the length of ¹⁄₁₀₀₀ of a metre. Symbol: mm"
hippo,hippopotamus,unrelated,,,,4,,3.13,2.56,,,noun:4,noun:2,,,Clipping of hippopotamus.,"A semi-aquatic, herbivorous, African hoofed mammal of the family Hippo"
pallet,palette,unrelated,,,,3,,3.12,3.74,,,noun:16;verb:1,noun:9,NOUN:1,NOUN:5,A bed of loose straw.,A thin board on which a painter lays and mixes colours.
revel,reveal,unrelated,,,,1,,3.11,4.43,,VERB,noun:4;verb:3,noun:2;verb:2,NOUN:3,VERB:32,An instance of merrymaking; a celebration.,The outer side of a window or door frame.
organiser,organizer,variant,,,,1,,3.11,3.57,,,noun:1,noun:5,,,Non-Oxford British English standard spelling of organizer.,A person who arranges the details of a public event.
dahl,dal,variant,name,,,1,,3.11,3.25,,,noun:1,noun:3,PROPN:2,,Alternative spelling of dal.,"Any of many dried husked pulses (legume), including peas, beans and le"
lister,leister,variant,,,,1,,3.11,1.63,,,noun:5,noun:1;verb:1,,,Alternative form of leister (“fish spear”).,"A spear armed with three or more barbed prongs for catching fish, part"
counterpoint,counterpane,unrelated,,,,3,,3.11,1.12,,,noun:4;verb:2,noun:1,NOUN:5,,"A melody added to an existing one, especially one added to provide har","The topmost covering of a bed, often functioning as a blanket."
plat,platform,unrelated,,,,4,,3.1,4.67,,,noun:7;verb:2;adj:1;,noun:15;verb:7,,NOUN:76,A plot of land; a lot.,A raised stage from which speeches are made and on which musical and o
grille,grill,variant,,,,1,,3.1,3.84,,,noun:1,noun:11;verb:10;adj:,NOUN:3,NOUN:12,"Alternative form of grill (only in the senses of ""grating over opening",A grating; a grid of wire or a sheet of material with a pattern of hol
sheik,sheikh,variant,,,,1,,3.1,3.6,,,noun:1,noun:7,NOUN:4,,Alternative form of sheikh.,"The leader of an Arab village, family or small tribe."
dork,dirk,unrelated,,,,1,,3.1,3.43,,,noun:3;verb:2,noun:4;verb:2,,,"A quirky, silly or stupid, socially inept person, or one who is out of",A long Scottish dagger with a straight blade.
burrow,barrow,unrelated,,name,,1,,3.1,3.38,,,noun:3;verb:3,noun:8,NOUN:4,PROPN:1,"A tunnel or hole, or a system of tunnels, often as dug by a small crea",A mountain.
privatisation,privatization,variant,,,,1,,3.1,3.27,,,noun:1,noun:2,,NOUN:14,Non-Oxford British English standard spelling of privatization.,The transfer of a company or organization from government to private o
tort,tortoise,unrelated,,,,4,,3.1,3.26,,,adj:4;noun:4,noun:2,NOUN:4,NOUN:3,"A wrongful act, whether intentional or negligent, regarded as non-crim","Any of various land-dwelling reptiles, of the family Testudinidae (chi"
mow,mew,unrelated,,,,1,,3.1,3.0,,,noun:6;verb:4,noun:9;verb:7;intj:3,,VERB:1,"The act of mowing (a garden, grass, etc.).","A gull, seagull."
clit,clitoris,unrelated,,,,4,,3.1,2.95,,,noun:3;verb:2,noun:2,,,Clipping of clitoris.,A sensitive elongated erectile sex organ at the anterior part of the v
macintosh,mackintosh,variant,name,,,1,,3.1,2.93,,,noun:1,noun:3,PROPN:3,NOUN:1,Alternative form of mackintosh (“a raincoat”).,A waterproof long coat made of rubberized cloth.
centerpiece,centrepiece,reverse,,,,2,,3.1,2.64,,,noun:1,noun:2,NOUN:1,,US standard spelling of centrepiece.,"An ornament to be placed in the centre, as of a table, ceiling, etc."
skunk,skunkweed,unrelated,,,,4,,3.1,0.0,,,noun:8;verb:4,noun:2,,,"Any of various small mammals of the subfamily Mephitinae, native to No","Any of several American plants that have an offensive odour, but espec"
yoke,yolk,unrelated,,,,2,,3.09,3.04,,,noun:27;verb:10,noun:2;verb:1,NOUN:3,NOUN:1,Senses relating to a frame around the neck.,"The yellow, spherical part of an egg that is surrounded by the white a"
pane,peen,unrelated,,,,3,,3.09,2.34,,,noun:10;verb:1,noun:2;verb:1,NOUN:3,,An individual sheet of glass or other transparent material in a window,The (often spherical) end of the head of a hammer opposite the main ha
plough,snowplough,unrelated,,,,4,,3.09,1.4,,,verb:10;noun:8,noun:1;verb:1,,,A device pulled through the ground in order to break it open into furr,Alternative form of snowplow.
tact,tactic,unrelated,,,,2,,3.08,3.71,,,noun:6;verb:1,noun:3;adj:2,NOUN:6,NOUN:5,Sensitive mental touch; special skill or faculty; keen perception or d,"A maneuver, or action calculated to achieve some end."
medallist,medalist,variant,,,,1,,3.08,3.22,,,noun:1,noun:2,,,Alternative spelling of medalist.,"An engraver, designer or maker of medals."
marge,margarine,unrelated,name,,,4,,3.08,2.83,,,noun:3;verb:1,noun:2;verb:1,PROPN:1,,Margin; edge; brink or verge.,"A spread, manufactured from a blend of vegetable oils (some of which a"
rigor,rigour,reverse,,,,1,,3.07,2.67,,,noun:2,noun:7,NOUN:1,,US spelling of rigour.,Severity or strictness.
fuzz,fuss,unrelated,,,,2,,3.06,3.62,,,noun:8;verb:5,verb:6;noun:3,NOUN:3,NOUN:4,A frizzy mass of hair or fibre.,"Excessive activity, worry, bother, or talk about something."
minion,minium,unrelated,,,,2,,3.05,1.51,,,noun:6;adj:1,noun:2,,,"A loyal servant of another, usually a more powerful being.","Cinnabar, especially when used as a pigment; vermilion."
fiberglass,fibreglass,variant,,,,2,,3.04,2.53,,,noun:1;verb:1,noun:3;verb:1,NOUN:2,,Alternative form of fibreglass.,Silica based glass extruded into fibers that possess a length at least
kos,coss,variant,,,,2,,3.04,2.04,,,noun:1,adj:1;noun:1,,,Alternative spelling of coss.,"A measure of distance, varying from one and a quarter to two and a hal"
cob,cobnut,unrelated,,,,3,,3.04,0.0,,,noun:22;verb:8,noun:3,,,A corncob.,A nut of a common hazel (Corylus avellana); hazelnut.
toon,town,unrelated,,,,1,,3.03,5.24,,,noun:7,noun:11,,NOUN:235,"A cartoon, especially an animated television show.","A settlement; an area with residential districts, shops and amenities,"
authorisation,authorization,variant,,,,1,,3.03,3.74,,,noun:1,noun:4,,NOUN:7,Non-Oxford British English standard spelling of authorization.,An act of authorizing.
manoeuvre,maneuver,variant,,,,3,,3.03,3.53,,,noun:1;verb:1,noun:5;verb:3,,NOUN:7,Commonwealth standard spelling of maneuver.,"The planned movement of troops, vehicles etc.; a strategic repositioni"
puss,pus,plural,,,,1,variant,3.03,3.02,,,noun:9,noun:1;verb:1,,,A cat.,A whitish-yellow or yellow substance composed primarily of dead white 
vigor,vigour,reverse,,,,1,,3.03,2.87,,,noun:1,noun:3,NOUN:14,,Alternative form of vigour.,"Active strength or force of body or mind; a capacity for exertion, phy"
vapour,vapor,variant,,,,1,,3.02,3.56,,,noun:1;verb:1,noun:6;verb:5,,NOUN:12,British standard spelling of vapor.,"Cloudy diffused matter such as mist, steam or fumes suspended in the a"
diarrhoea,diarrhea,variant,,,,1,,3.02,3.55,,,noun:1,noun:2,NOUN:3,NOUN:8,Alternative spelling of diarrhea.,A gastrointestinal disorder characterized by frequent and very soft or
tranquility,tranquillity,reverse,,,,1,,3.02,2.76,,,noun:1,noun:1,NOUN:5,NOUN:1,American standard spelling of tranquillity.,"The state of being tranquil; peacefulness, the absence of disturbance "
yoghurt,yogurt,variant,,,,1,,3.01,3.63,,,noun:1,noun:2,,,Alternative spelling of yogurt.,"A milk-based product stiffened by a bacterium-aided curdling process, "
gangsta,gangster,variant,,,,2,,3.01,3.55,,,adj:1;noun:1,adj:2;noun:2;verb:1,,NOUN:2,"Pronunciation spelling of gangster, representing African-American Vern",A member of a criminal or street gang.
hippy,hippie,variant,,,,2,,3.0,3.36,,,adj:1;noun:1,noun:5;adj:2,,,Alternative spelling of hippie.,A teenager who imitated the beatniks.
doggie,doggy,variant,,,,2,,3.0,3.33,,,noun:1,noun:4;adj:3;adv:1,,,Alternative spelling of doggy.,"A dog, especially a small one."
czar,tsar,variant,,name,,2,,3.0,3.16,,,noun:2,noun:2,NOUN:3,PROPN:1,Alternative spelling of tsar (especially common in American English),An emperor of Russia (1547 to 1917) and of some South Slavic states.
looney,loony,variant,,,,1,,3.0,2.78,,,adj:1;noun:1,adj:2;noun:1,,ADJ:1,Alternative spelling of loony.,An insane or very foolish person.
loon,balloon,unrelated,,,,3,,2.99,3.9,,,noun:9,noun:14;verb:6,NOUN:2,NOUN:14,A crazy or deranged person; a lunatic.,"An inflatable buoyant object, often (but not necessarily) round and fl"
calvary,cavalry,unrelated,name,,,2,,2.99,3.8,,,noun:5,noun:4,PROPN:2,NOUN:26,A life-size representation of the crucifixion of Jesus Christ on a pie,The military arm of service that fights while riding horses.
lira,lyra,unrelated,,name,,1,,2.99,2.85,,,noun:7,noun:4,NOUN:1,,The basic unit of currency in Turkey.,The middle portion of the ventral surface of the fornix of the brain.
grandad,granddad,variant,,,,1,,2.99,2.68,,,noun:1,noun:2,,,Alternative spelling of granddad.,grandfather
cask,casque,unrelated,name,,,3,,2.99,1.65,,,noun:4;verb:1,noun:3,PROPN:3,,"A large barrel for the storage of liquid, especially of alcoholic drin",A helmet.
ley,lea,unrelated,,,,1,,2.98,3.57,,,noun:5;adj:2,noun:3,,,Arable land used temporarily for hay or grazing.,"An open field, meadow, pasture."
savor,savour,reverse,,,,1,,2.98,2.78,,,noun:1;verb:1,verb:18;noun:9,NOUN:1,,Alternative spelling of savour.,An aroma or smell.
tarp,tarpaulin,unrelated,,,,4,,2.98,2.38,,,noun:1;verb:1,noun:4;verb:1,,NOUN:1,Clipping of tarpaulin (“covering”).,"A heavy, waterproof sheet of material, often cloth or plastic sheet, u"
baritone,barytone,unrelated,,,,1,,2.98,1.02,,,noun:5,adj:3;noun:3,NOUN:5,,The male voice between tenor and bass.,A word that is not accented on the ultimate syllable.
modernisation,modernization,variant,,,,1,,2.97,3.36,,,noun:1,noun:1,,NOUN:17,Alternative spelling of modernization.,"The act, process, or result of modernizing."
doge,doggy,unrelated,,,,2,,2.97,3.33,,,noun:3;verb:1,noun:4;adj:3;adv:1,,,The chief magistrate in the republics of Venice and Genoa.,"A dog, especially a small one."
lustre,luster,variant,,,,2,,2.97,2.96,,,noun:3;verb:1,noun:17;verb:7,NOUN:2,NOUN:3,"UK standard spelling of luster (shine, etc.).","The ability or condition of shining with reflected light; sheen, gleam"
caddy,caddie,unrelated,name,,,2,,2.96,2.6,,,noun:6;verb:1,noun:5;verb:1,PROPN:1,,A small box or tin (can) with a lid for holding dried tea leaves used ,Synonym of cadet (“a gentleman (often a younger son from a noble famil
naught,nought,unrelated,,,,1,,2.96,2.51,,,noun:2;num:1;pron:1,noun:3;adj:2;adv:2;p,OTHER:2,,Nothingness.,A thing or person of no worth or value; nil.
luster,lusterware,unrelated,,,,4,,2.96,0.0,,,noun:17;verb:7,noun:1,NOUN:3,,"The ability or condition of shining with reflected light; sheen, gleam",A type of pottery having an iridescent metallic glaze
vac,vacation,unrelated,,,,4,,2.95,4.4,,,noun:4;verb:1,noun:7;verb:1,,NOUN:55,Clipping of vacation (“extended period of time away from work or schoo,An extended trip or journey away from home for rest or pleasure.
perky,percy,variant,,name,,1,,2.95,3.66,ADJ,,adj:3;noun:1,noun:1,ADJ:2,PROPN:2,Alternative spelling of percy (“Percocet pill”).,A unit of Percocet.
llama,lama,unrelated,,name,,1,,2.95,3.48,,,noun:3,noun:3,,PROPN:5,"A South American mammal of the camel family, Lama glama, used as a dom",A master of Tibetan Buddhism.
flack,flak,unrelated,,,,1,,2.95,3.06,,,verb:4;noun:2,noun:4,,,"A publicist, a publicity agent.",Ground-based anti-aircraft guns firing explosive shells.
chimp,chimpanzee,unrelated,,,,4,,2.95,2.96,,,verb:3;noun:2,noun:2,,,Clipping of chimpanzee.,"Pan troglodytes, a species of great ape native to the savannas and for"
honk,honky,unrelated,,,,1,,2.95,2.79,,,verb:6;noun:4;intj:1,noun:2,,,The harsh note produced by a typical car horn.,A white (Caucasian) person.
adage,adagio,unrelated,,,,2,,2.95,2.5,,,noun:3,noun:3;adj:1;adv:1,NOUN:3,NOUN:3,An old saying which has obtained credit by long use.,"A tempo mark directing that a passage is to be played rather slowly, l"
scepticism,skepticism,variant,,,,1,,2.94,3.4,,,noun:1,noun:5,NOUN:5,NOUN:9,Alternative spelling of skepticism.,The practice or philosophy of being a skeptic.
dickie,dicky,variant,,,,2,,2.94,2.73,,,noun:1,noun:16;adj:2,,,Alternative form of dicky.,A louse.
ambience,ambiance,variant,,,,1,,2.94,2.68,,,noun:1,noun:2,,NOUN:1,Alternative spelling of ambiance.,A particular mood or atmosphere of an environment or surrounding influ
dram,drachm,unrelated,,,,2,,2.94,1.19,,,noun:8;verb:2,noun:5,NOUN:1,,"A small unit of weight, variously:","A small unit of weight, variously:"
anaesthetic,anesthetic,variant,,,,1,,2.93,3.06,,,adj:1;noun:1,adj:2;noun:1,,NOUN:1,Alternative spelling of anesthetic.,A substance administered to reduce the perception of pain or to induce
pall,pawl,unrelated,,,,1,,2.93,1.94,,,noun:10;verb:4,noun:3;verb:1,NOUN:6,,Senses relating to cloth.,A pivoted catch designed to fall into a notch on a ratchet wheel so as
flier,flyer,variant,,,,1,,2.92,3.58,,,adj:1;noun:1;verb:1,noun:16;verb:2;adj:1,NOUN:3,NOUN:4,"Alternative form of flyer (more common in US, except in the sense of ""","That which flies, as a bird or insect."
plumb,plum,unrelated,,,,1,,2.92,3.55,,,verb:10;noun:4;adj:2,noun:20;adj:3;adv:1;,OTHER:5,NOUN:1,"A little mass of lead, or the like, attached to a line, and used by bu",The fruit and its tree.
argyll,argyle,variant,,,,1,,2.92,2.96,,,noun:1,noun:3,,,Alternative form of argyle.,a pattern of diamond-shaped areas on a solid background; used especial
bogey,bogie,unrelated,,,,2,,2.92,2.46,,,noun:15;verb:2,noun:11,NOUN:5,,"A ghost, goblin, or other hostile supernatural creature.","A low, hand-operated truck, generally with four wheels, used for trans"
mem,memory,unrelated,,,,3,,2.91,4.81,,,noun:6,noun:8,OTHER:1,NOUN:87,"The thirteenth letter of many Semitic alphabets/abjads (Phoenician, Ar",The ability of the brain to record information or impressions with the
bannister,banister,variant,,,,1,,2.91,2.52,,,noun:1,noun:2;verb:2,,NOUN:5,Alternative form of banister.,The rail on the side of a staircase that a person's hand holds onto.
esophagus,oesophagus,reverse,,,,1,,2.91,2.35,,,noun:1,noun:1,,,Alternative spelling of oesophagus.,The tube that carries food from the pharynx to the stomach.
nance,nancy,variant,,name,,1,,2.9,4.14,,,noun:2;verb:1,noun:1,,PROPN:8,Alternative form of nancy (“an effeminate male homosexual”).,"An effeminate man, especially a homosexual."
guerilla,guerrilla,variant,,,,1,,2.9,3.38,,,noun:1,noun:4;adj:3,NOUN:1,NOUN:18,"Obsolete spelling of guerrilla, now a misspelling.","A soldier in a small independent group, fighting against the governmen"
valence,valance,unrelated,,,,1,,2.9,2.45,,,noun:7,noun:6,,,"The combining capacity of an atom, functional group, or radical determ",A short curtain that usually hangs along the top edge of a window.
epicenter,epicentre,reverse,,,,2,,2.9,2.44,,,noun:1;verb:1,noun:4;verb:1,NOUN:11,,US standard spelling of epicentre.,"The point on the land or water surface directly above the focus, or hy"
dag,dog,unrelated,name,,,1,,2.89,5.1,,,noun:13;verb:5;intj:,noun:23;verb:7;adj:1,PROPN:7,NOUN:81,"A hanging end or shred, in particular a long pointed strip of cloth at",A mammal of the family Canidae:
characterisation,characterization,variant,,,,1,,2.89,3.53,,,noun:1,noun:1,,NOUN:8,Alternative form of characterization.,The act or process of characterizing.
dickey,dicky,variant,name,,,1,,2.89,2.73,,,adj:1;noun:1,noun:16;adj:2,PROPN:3,,Alternative form of dicky.,A louse.
centimeter,centimetre,reverse,,,,2,,2.89,2.55,,,noun:1,noun:1,NOUN:3,,"(Canadian spelling, alternative) Alternative form of centimetre.",An SI unit of length equal to 10⁻² metres. Symbol: cm
putty,puttee,unrelated,,,,2,,2.89,0.0,,,noun:5;adj:1;verb:1,noun:3,NOUN:2,,"A form of cement, made from linseed oil and whiting, used to fixate pa","A strip of cloth wound round the leg, worn for protection or support b"
reorganisation,reorganization,variant,,,,1,,2.88,3.33,,,noun:1,noun:2,,NOUN:46,Alternative spelling of reorganization.,The act or process of rearranging. See reorganize.
imposter,impostor,variant,,,,1,,2.88,2.8,,,noun:1,noun:3,,,Alternative spelling of impostor.,Someone who attempts to deceive by using an assumed name or identity.
dishonor,dishonour,reverse,,,,1,,2.88,2.71,,,noun:1;verb:1,noun:3;verb:3,NOUN:2,,American standard spelling of dishonour.,Shame or disgrace.
prawn,porn,unrelated,,,,3,,2.87,4.5,,,noun:5;verb:1,noun:4,,,A crustacean of the suborder Dendrobranchiata.,Pornography.
lx,linguistics,unrelated,,,,4,,2.87,3.43,,,noun:1,noun:1,,NOUN:5,Abbreviation of linguistics.,The systematic and scholarly study of language.
gopher,gofer,unrelated,,,,2,,2.87,1.69,,,noun:6,noun:1,,,"A small burrowing rodent native to North and Central America, especial",A worker who runs errands; an errand boy.
fertiliser,fertilizer,variant,,,,1,,2.86,3.42,,,noun:1,noun:3,,NOUN:8,Alternative spelling of fertilizer.,A natural substance that is used to make the ground more suitable for 
pinkie,pinky,unrelated,name,,,2,,2.86,3.39,,,noun:4,noun:6;adj:2,PROPN:1,,"A little finger, the finger furthest on a hand from the thumb.",Methylated spirits mixed with red wine or Condy's crystals.
equaliser,equalizer,variant,,,,1,,2.86,2.97,,,noun:1,noun:11,,,Non-Oxford British English standard spelling of equalizer.,One who makes equal; a balancer.
geezer,geyser,unrelated,,,,2,,2.86,2.8,,,noun:6,noun:4;verb:1,,,A male person.,"A boiling natural spring which throws forth jets of water, mud, etc., "
dike,dyke,reverse,,name,,1,,2.85,3.37,,,noun:5;verb:3,noun:21;verb:6,,PROPN:1,US standard spelling of dyke.,An earthwork raised to prevent inundation of low land by the sea or fl
paedophile,pedophile,variant,,,,1,,2.85,3.3,,,noun:1,noun:3,,,Commonwealth standard spelling of pedophile.,An adult or older adolescent who is sexually attracted to prepubescent
pollack,pollock,variant,,name,,1,,2.85,3.23,,,noun:1;verb:1,noun:2;verb:2,,PROPN:8,Alternative spelling of pollock.,"Either of two lean, white marine food fishes, of the genus Pollachius,"
hakeem,hakim,variant,,,,2,,2.85,2.84,,,noun:1,noun:2,,,Archaic form of hakim.,"A doctor, usually practicing traditional medicine."
gaol,jail,variant,,,,2,,2.84,4.62,,,noun:1;verb:1,noun:5;verb:1,,NOUN:29,Dated spelling of jail.,A place or institution for the confinement of persons held against the
holler,hollow,unrelated,,adj,,2,,2.84,3.95,,,noun:4;verb:3;adj:1,adj:7;noun:4;verb:2;,,ADJ:14,"A yell, shout.",A small valley between mountains.
hock,hawk,unrelated,,,,2,,2.84,3.81,,,noun:10;verb:4,noun:8;verb:5,,NOUN:15,"A Rhenish wine, of a light yellow color, either sparkling or still, fr","A diurnal predatory bird of the family Accipitridae, smaller than an e"
buss,bus,plural,,,,1,variant,2.83,4.83,,,noun:5;verb:3,noun:8;verb:5,NOUN:1,NOUN:37,A kiss.,A motor vehicle for transporting large numbers of people along roads.
tux,tuxedo,unrelated,,,,3,,2.83,3.11,,,noun:1,noun:3,,,Clipping of tuxedo,A typically black formal jacket worn by men.
enquirer,inquirer,variant,name,name,,1,,2.83,2.97,,,noun:1,noun:1,PROPN:1,PROPN:13,Alternative form of inquirer.,One who inquires.
juke,jukebox,unrelated,,,,3,,2.82,3.02,,,verb:9;noun:5,noun:4;verb:4,NOUN:2,,"A roadside cafe or bar, especially one with dancing and sometimes pros","A coin-operated machine that plays recorded music, with push-buttons t"
nim,neem,unrelated,,,,2,,2.82,2.43,,,verb:3;noun:2,noun:1,,,A game in which players take turns removing objects from heaps.,"Azadirachta indica, a large, mostly evergreen tree from India, whose s"
gat,khat,unrelated,,,,2,,2.82,2.22,,,noun:7;verb:2,noun:1,,,A Gatling gun.,"A shrub, Catha edulis, whose leaves are used as a mild stimulant when "
halter,haltere,unrelated,,,,1,,2.82,0.0,,,noun:5;verb:1,noun:1,NOUN:1,,"A bitless headpiece of rope or straps, placed on the head of animals s","A small knobbed structure in some two-winged insects, one of a pair th"
gripe,grip,unrelated,,,,1,,2.81,4.11,,,noun:9;verb:7,noun:18;verb:5,,NOUN:26,"A complaint, often a petty or trivial one.","A hold or way of holding, particularly with the hand."
burg,burger,unrelated,,name,,2,,2.81,4.07,,,noun:4,noun:6,,PROPN:6,A city or town.,A hamburger.
daemon,demon,variant,,,,1,,2.81,4.06,,,noun:5,noun:14,,NOUN:9,A minor deity or divinity.,An evil supernatural being.
canvass,canvas,plural,,,,1,variant,2.81,3.96,,,verb:11;noun:6,noun:10;verb:2,NOUN:3,NOUN:19,"A seeking or solicitation of donations, information, opinions, support","A type of coarse cloth, woven from hemp (traditionally) or from cotton"
encyclopaedia,encyclopedia,variant,,,,1,,2.81,3.52,,,noun:1,noun:3,,NOUN:1,Commonwealth standard spelling of encyclopedia.,A comprehensive reference work (often spanning several printed volumes
savoury,savory,variant,,,,1,,2.81,3.0,,,adj:1;noun:1,adj:4;noun:3,,ADJ:4,Alternative form of savory.,A savory snack.
brahman,brahmin,variant,,,,1,,2.81,2.81,,,noun:1,noun:5;adj:1,,,Alternative form of brahmin (member of the Hindu priestly class).,"A member of the Hindu priestly caste, one of the four varnas or social"
girdle,griddle,unrelated,,,,2,,2.81,2.52,,,noun:8;verb:2,noun:1;verb:1,NOUN:2,,"That which girds, encircles, or encloses; a circumference.",A stone or metal flat plate or surface on which food is fried or baked
haji,hajji,variant,,,,1,,2.81,2.16,,,noun:1,noun:3,,,Alternative spelling of hajji.,A Muslim who has participated in a hajj.
crick,creek,unrelated,,,,2,,2.8,4.37,,,noun:4;verb:4,noun:4,,NOUN:19,"A painful stiffness in some part of the body, like the neck or back, w","A small inlet, often saltwater, leading to the sea or to the main chan"
cypher,cipher,variant,,name,,1,,2.8,3.12,,,noun:1;verb:1,noun:12;verb:4,,PROPN:5,Alternative spelling of cipher.,A numeric character.
hearse,hearst,unrelated,,name,,1,,2.8,3.06,,,noun:5;verb:1,noun:1,NOUN:1,PROPN:61,A framework of wood or metal placed over the coffin or tomb of a decea,A hind in her second or third year.
filet,fillet,variant,,,,1,,2.8,2.97,,,noun:1;verb:1,noun:15;verb:2,,,Alternative spelling of fillet.,"A headband; a ribbon or other band used to tie the hair up, or keep a "
amphitheater,amphitheatre,reverse,,,,2,,2.8,2.84,,,noun:1,noun:2,NOUN:1,,American form of amphitheatre.,"An open, outdoor theatre (which may be a theatre in the round, or have"
lido,lidocaine,unrelated,name,name,,4,,2.79,2.54,,,noun:3,noun:1,PROPN:1,,Part of the sea by a beach sectioned off for swimming and other aquati,"A crystalline compound, C₁₄H₂₂N₂O, that is used in the form of its hyd"
wether,weather,unrelated,,,,1,,2.78,4.87,,,noun:3;verb:1,verb:8;noun:6;adj:1,,NOUN:79,A castrated goat.,"The short-term state of the atmosphere at a specific time and place, i"
mediaeval,medieval,variant,,adj,,1,,2.78,4.05,ADJ,ADJ,adj:1;noun:1,adj:3;noun:2,,ADJ:18,Alternative spelling of medieval.,Someone living in the Middle Ages.
foetus,fetus,variant,,,,1,,2.78,3.6,,,noun:1,noun:3,,,Alternative spelling of fetus.,An unborn or unhatched vertebrate showing signs of the mature animal.
kor,cor,variant,,,,1,,2.78,3.32,,,noun:1,noun:3;intj:1,,,Alternative form of cor: a former Hebrew and Phoenician unit of volume,Any of various former units of volume
pamper,pampers,plural,,name,,1,canonical,2.78,2.39,VERB,VERB,verb:3;noun:1,noun:1;verb:1,VERB:1,PROPN:1,Alternative form of pampers.,"A diaper or nappy (an absorbent garment worn by a baby, or by someone "
favoritism,favouritism,reverse,,,,1,,2.78,2.32,,,noun:1,noun:1,NOUN:4,,Alternative spelling of favouritism.,The unfair favouring of one person or group at the expense of another.
archeology,archaeology,reverse,,,,1,,2.77,3.57,,,noun:1,noun:4,,NOUN:11,Uncommon spelling of archaeology.,The study of the past by excavation and analysis of its material remai
lino,linoleum,unrelated,,,,4,,2.77,2.61,,,noun:2,noun:1,,NOUN:1,Clipping of linoleum.,"An inexpensive waterproof covering used especially for floors, made fr"
neb,nebulizer,unrelated,,,,4,,2.77,2.01,,,noun:8,noun:2,,,A bird's beak.,"A device used to convert liquid into a fine spray of aerosols, by mean"
posit,position,unrelated,,,,3,,2.76,5.21,,,noun:3;verb:3,noun:13;verb:1,,NOUN:314,Something that is posited; a postulate.,A place or location.
leukaemia,leukemia,variant,,,,1,,2.76,3.46,,,noun:1,noun:1,,NOUN:4,Alternative spelling of leukemia.,"Any of a class of types of cancer affecting the blood cells, especiall"
ruck,roc,unrelated,,,,2,,2.76,3.31,,,noun:12;verb:6,noun:2,,,"A throng or crowd of people or things; a mass, a pack.",An enormous mythical bird in Eastern legend.
guile,gold,unrelated,,,,3,,2.75,5.17,,,noun:4;verb:1,noun:7;adj:6;adv:1;s,NOUN:1,NOUN:130,Astuteness often marked by a certain sense of cunning or artful decept,"A heavy yellow elemental metal of great value, with atomic number 79."
loin,lion,unrelated,,,,2,,2.75,4.25,,,noun:3,noun:8;adj:1,NOUN:1,NOUN:20,The part of the body (of humans and quadrupeds) at each side of the ba,"A big cat, Panthera leo, native to Africa, India and formerly much of "
bur,burr,unrelated,,name,,1,,2.75,3.36,,,noun:4,noun:14;verb:3,,PROPN:7,"A rough, prickly husk around the seeds or fruit of some plants.","A sharp, pointy object, such as a sliver or splinter."
homey,homie,variant,,,,2,,2.75,3.26,ADJ,,adj:1;noun:1,noun:4,,,Alternative form of homie.,"Someone, particularly a friend or male acquaintance, from one's hometo"
fervour,fervor,variant,,,,1,,2.75,3.05,,,noun:1,noun:3,,NOUN:4,Commonwealth and Ireland standard spelling of fervor.,"An intense, heated emotion; passion, ardor."
signor,signore,variant,name,name,,1,,2.75,2.19,,,noun:1,noun:1,PROPN:2,PROPN:2,"Alternative form of signore, a courtesy title used towards an Italian ",A courtesy title for Italian men.
pix,pyx,unrelated,,,,1,,2.75,1.54,,,noun:3;verb:1,noun:4;verb:3,,,plural of pic (“picture”),"A small, usually round container used to hold the host (“consecrated b"
twit,twitter,unrelated,,,,3,,2.74,4.83,,,noun:6;verb:6;intj:1,noun:6;verb:6,,,"A jibe, reproach, or taunt, especially one made in a good-natured or t",The sound of a succession of chirps as uttered by birds.
soya,soy,variant,,,,1,,2.74,3.63,,,noun:1,noun:3;adj:1;verb:1,,NOUN:2,Alternative form of soy.,"A common East Asian liquid sauce, made by subjecting boiled beans to l"
aether,ether,variant,,,,1,,2.74,3.4,,,noun:1,noun:9;verb:2,,OTHER:1,Alternative spelling of ether.,The substance formerly supposed to fill the upper regions of the atmos
haemorrhage,hemorrhage,variant,,,,1,,2.74,3.1,,,noun:1;verb:1,noun:2;verb:2,,NOUN:5,British standard spelling of hemorrhage.,A heavy release of blood within or from the body.
woollen,woolen,variant,,,,1,,2.74,2.7,,,adj:1;noun:1,adj:2;noun:1,,NOUN:4,Alternative spelling of woolen.,An item of clothing made from wool.
feller,fellow,unrelated,,,,2,,2.73,4.76,,,noun:5;adj:1,noun:31;verb:7,NOUN:1,NOUN:75,A person who fells trees; a lumberjack,A companion; a comrade.
adaption,adaptation,variant,,,,2,,2.73,4.01,,,noun:1,noun:8,,NOUN:10,Alternative form of adaptation.,The process of adapting something or becoming adapted to a situation; 
optimisation,optimization,variant,,,,1,,2.73,3.66,,,noun:1,noun:2,,NOUN:1,Alternative spelling of optimization.,The design and operation of a system or process to make it as good as 
bennie,benny,variant,,name,,2,,2.73,3.6,,,noun:1,noun:7;verb:1,,PROPN:5,Alternative form of benny.,An amphetamine tablet.
cay,quay,unrelated,,,,2,,2.73,3.26,,,noun:2,adj:1;adv:1;noun:1;v,,,"A small, low island largely made of sand or coral.",A stone or concrete structure on navigable water used for loading and 
pretence,pretense,variant,,,,1,,2.73,3.01,,,noun:1,noun:6,NOUN:4,NOUN:6,British standard spelling of pretense.,The action of pretending; false or simulated show or appearance; false
scepter,sceptre,reverse,,,,2,,2.73,2.61,,,noun:1;verb:1,verb:2;noun:1,,,American and archaic form of sceptre.,An ornamental staff held by a ruling monarch as a symbol of power.
boarder,skateboarder,unrelated,,,,4,,2.73,2.43,,,noun:8,noun:1,NOUN:1,,A pupil who lives at school during term time.,A person who rides a skateboard.
lye,lie,unrelated,,,,1,,2.72,4.84,,,noun:4;verb:2,verb:12;noun:9,,VERB:62,An alkaline liquid made by leaching ashes (usually wood ashes).,The terrain and conditions surrounding the ball before it is struck.
mettle,metal,unrelated,,,,2,,2.72,4.82,,,noun:3;adj:1,noun:13;adj:2;verb:1,NOUN:3,NOUN:73,A quality of courage and endurance.,"Chemical elements or alloys, their ores, and the mines where their ore"
faerie,fairy,variant,,,,3,,2.72,4.08,,,noun:2,noun:10;adj:1,,NOUN:4,Archaic spelling of fairy.,"A mythical being of human form with magical powers, known in many size"
colonisation,colonization,variant,,,,1,,2.72,3.36,,,noun:1,noun:2,,,Alternative spelling of colonization.,The process of establishing a colony.
roan,rowan,unrelated,,,,1,,2.72,3.32,,,noun:4;adj:2,noun:6,,,An animal (such as a horse) that has a coat of a dark base color with ,"Sorbus aucuparia, the European rowan."
anaesthesia,anesthesia,variant,,,,1,,2.71,3.39,,,noun:1,noun:3,NOUN:1,,Alternative spelling of anesthesia.,"An artificial method of preventing sensation, used to eliminate pain w"
faeces,feces,variant,,,,1,,2.71,3.22,,,noun:1,noun:1,,,Alternative spelling of feces.,Digested waste material (typically solid or semi-solid) discharged fro
jak,jack,variant,,name,,1,,2.7,4.82,,,noun:1,noun:46;verb:9;adj:1,,PROPN:115,Alternative form of jack (“the tree Mangifera caesia”).,"A coarse medieval coat of defence, especially one made of leather."
barbeque,barbecue,variant,,,,1,,2.7,3.62,,,noun:1;verb:1,noun:6;verb:3,,NOUN:14,Alternative spelling of barbecue (“apparatus for grilling; cookout (ev,"A fireplace or pit for grilling food, typically used outdoors and trad"
racquet,racket,variant,name,,,2,,2.7,3.33,,,verb:4;noun:1,noun:8;verb:3,PROPN:1,NOUN:7,Alternative form of racket (“implement with a handle connected to a ro,An implement with a handle connected to a round frame strung with wire
industrialisation,industrialization,variant,,,,1,,2.7,3.07,,,noun:1,noun:1,,NOUN:2,Non-Oxford British English standard spelling of industrialization.,A process of social and economic change whereby a human society is tra
croquet,croquette,unrelated,,,,2,,2.7,1.74,,,noun:3;verb:1,noun:1,,,"A game played on a lawn, in which players use mallets to drive balls t","A minced, cooked food (usually meat or vegetables), which is deep-frie"
dateline,deadline,unrelated,,,,3,,2.69,4.12,,,noun:2;verb:1,noun:4;verb:1,,NOUN:18,A line at the beginning of a document (such as a newspaper article) st,A time limit in the form of a date on or before which something must b
despatch,dispatch,variant,,,,1,,2.69,3.76,,,noun:1;verb:1,verb:12;noun:5,,NOUN:9,Alternative form of dispatch.,"A message sent quickly, as a shipment, a prompt settlement of a busine"
leger,ledger,unrelated,name,,,1,,2.69,3.49,,,noun:3;adj:2;verb:1,noun:7;verb:3,PROPN:2,NOUN:8,An ambassador or minister resident at a court or seat of government.,"A book for keeping notes; a record book, a register."
phoney,phony,variant,,adj,,1,,2.69,3.35,,,adj:1;noun:1;verb:1,noun:3;adj:1;verb:1,ADJ:1,ADJ:16,Alternative form of phony.,A person who assumes an identity or quality other than their own.
stabilisation,stabilization,variant,,,,1,,2.69,3.3,,,noun:1,noun:3,,NOUN:4,Non-Oxford British English standard spelling of stabilization.,The process of stabilizing.
dominos,dominoes,unrelated,,,,1,,2.69,2.83,,,noun:2,noun:2,,,plural of domino,plural of domino
orang,orangutan,unrelated,,,,4,,2.69,2.8,,,noun:1,noun:1,,,Clipping of orangutan.,"An arboreal ape, characterised by its shaggy reddish-brown coat and lo"
ochre,okra,unrelated,,,,3,,2.69,2.63,,,noun:6;adj:2;verb:1,noun:2,NOUN:2,,"A clay earth pigment containing silica, aluminum and ferric oxide.","The edible immature mucilaginous seed pod (properly, capsule) of the A"
liberalisation,liberalization,variant,,,,1,,2.68,2.84,,,noun:1,noun:2,,NOUN:2,Non-Oxford British English standard spelling of liberalization.,The process or act of making more liberal.
ellipse,ellipsis,unrelated,,,,2,,2.68,2.43,,,noun:2;verb:1,noun:4,,NOUN:1,"A closed curve, the locus of a point such that the sum of the distance","A mark consisting of multiple full stops (with or without spaces), use"
rigour,rigor,variant,,,,1,,2.67,3.07,,,noun:7,noun:2,,NOUN:1,Severity or strictness.,US spelling of rigour.
roomy,roomie,variant,,,,2,,2.67,2.49,,,adj:1;noun:1,noun:1,ADJ:1,,Alternative spelling of roomie.,A roommate.
marten,martin,unrelated,,name,,1,,2.66,4.74,,,noun:2,noun:2,,PROPN:78,Any carnivorous mammal of the genus Martes.,"Many of the various passerine birds of the family Hirundinidae, which "
urbanisation,urbanization,variant,,,,1,,2.66,3.04,,,noun:1,noun:3,,NOUN:8,Alternative spelling of urbanization.,The process of the formation and growth of cities.
sanitarium,sanatorium,variant,,,,2,,2.66,2.81,,,noun:1,noun:1,NOUN:1,NOUN:2,Alternative form of sanatorium.,"An institution that treats chronic diseases, and provides supervised r"
bloomer,bloomers,plural,,,,1,canonical,2.66,2.38,,,noun:8,noun:3,,,An ironworker.,Any of several forms of women’s divided garment for the lower body.
gipsy,gypsy,variant,,,,1,,2.65,3.55,,,noun:1;verb:1,noun:7;adj:2;verb:2,,NOUN:4,Dated spelling of gypsy.,Alternative form of Gypsy (“member of the Romani people”).
nob,knob,unrelated,name,,,1,,2.65,3.49,,,noun:7;verb:1,noun:14;verb:3,PROPN:2,NOUN:2,The head.,"A rounded protuberance, especially one arising from a flat surface; a "
clench,clinch,unrelated,,,,1,,2.65,3.29,,,noun:5;verb:4,verb:9;noun:8,VERB:1,VERB:2,A tight grip.,Any of several fastenings.
jeweller,jeweler,variant,,,,1,,2.65,2.81,,,noun:1,noun:1,,NOUN:4,Alternative spelling of jeweler.,"A person whose job is making, repairing or selling jewelry."
lah,la,variant,,name,,1,,2.64,5.05,,,particle:17;noun:1,noun:4;intj:3;partic,,PROPN:76,Alternative spelling of la.,A syllable used in solfège to represent the sixth note of a major scal
winder,window,unrelated,,,,2,,2.64,4.8,,,noun:10;verb:1,noun:12;verb:3,NOUN:3,NOUN:124,A winding plant.,"An opening, usually covered by one or more panes of clear glass, to al"
gratuity,fee,unrelated,,,,4,,2.64,4.51,,,noun:3,noun:10;verb:1,,NOUN:23,An additional payment given freely as thanks for service.,An amount charged for a privilege.
choc,chocolate,unrelated,,,,4,,2.64,4.49,,,noun:1,noun:7;adj:3;verb:2,,NOUN:10,Clipping of chocolate.,A food made from ground roasted cocoa beans.
adaptor,adapter,variant,,,,1,,2.64,3.6,,,noun:1,noun:7,,NOUN:2,Alternative spelling of adapter.,One who is capable of adapting to differing situations.
aeon,eon,variant,,,,1,,2.64,2.7,,,noun:3,noun:6,NOUN:1,,Commonwealth standard spelling of eon.,"Eternity, the duration of the universe."
maneuverability,manoeuvrability,reverse,,,,2,,2.64,2.1,,,noun:1,noun:2,NOUN:1,,US standard spelling of manoeuvrability.,The quality of being manoeuvrable; ability to be manoeuvred.
karat,carat,variant,,name,,1,,2.63,3.15,,,noun:1,noun:3,,PROPN:11,Alternative spelling of carat.,"A metric unit of mass equal to exactly 200 mg, chiefly used for measur"
saree,sari,variant,,,,2,,2.63,3.06,,,noun:1,noun:1,,NOUN:1,Alternative form of sari.,The traditional dress of women in the Indian Subcontinent; an outer ga
verandah,veranda,variant,,,,1,,2.63,2.89,,,noun:1,noun:1,NOUN:1,NOUN:8,Alternative spelling of veranda.,"A gallery, platform, or balcony, usually roofed and often partly enclo"
omelet,omelette,reverse,,,,2,,2.63,2.85,,,noun:1,noun:2;verb:1,NOUN:3,,US standard spelling of omelette.,"A dish made with beaten eggs cooked in a frying pan without stirring, "
checkbook,chequebook,variant,,,,3,,2.63,1.96,,,noun:1,noun:1,NOUN:6,,Alternative form of chequebook.,A folder or booklet containing preprinted cheques for use by the holde
masque,mask,unrelated,name,,,3,,2.62,4.31,,,noun:5;verb:1,noun:18;verb:18,PROPN:1,NOUN:9,"A dramatic performance, often performed at court as a royal entertainm","A cover, or partial cover, for the face, used for disguise or protecti"
broach,brooch,unrelated,,,,1,,2.62,3.04,,,noun:9;verb:6,noun:2;verb:1,VERB:1,,"A series of chisel points mounted on one piece of steel. For example, ",A piece of ornamental jewellery having a pin allowing it to be fixed t
nog,noggin,unrelated,,,,3,,2.62,2.54,,,noun:8;verb:2,noun:5,,,"A wooden block, the size of a brick, built into a wall, as a hold for ","A small mug, cup or ladle; the contents of such a container."
glycerin,glycerine,variant,,,,1,,2.62,2.24,,,noun:1,noun:1,NOUN:2,NOUN:5,Alternative spelling of glycerine.,Synonym of glycerol
chamomile,camomile,reverse,,,,1,,2.62,2.04,,,noun:1,noun:4,,,US standard spelling of camomile.,An asteracean plant with a fragrance reminiscent of apples:
kerb,curb,variant,,,,2,,2.61,3.79,,,verb:2;noun:1,verb:8;noun:6,,NOUN:22,Alternative spelling of curb.,"A concrete margin along the edge of a road; a kerb (UK, Australia, New"
chink,kink,unrelated,,,,2,,2.61,3.21,,,noun:8;verb:6,noun:8;verb:4,,,A narrow opening such as a fissure or crack.,A convulsive fit of coughing or laughter; a sonorous indraft of breath
etiology,aetiology,reverse,,,,1,,2.61,1.96,,,noun:1,noun:4,,,US standard spelling of aetiology.,"The establishment of a cause, origin, or reason for something."
narc,nark,unrelated,,,,1,,2.61,1.65,,,noun:3;verb:2,verb:4;noun:3,,,A police officer or federal agent assigned to or engaging in illegal n,A police spy or informer.
monger,whoremonger,unrelated,,,,4,,2.61,1.17,,,noun:4;verb:2,noun:1,,,Chiefly preceded by a descriptive word.,A frequent customer of whores.
louse,loose,unrelated,,adj,,1,,2.6,4.46,,ADJ;ADV;VERB,noun:4;verb:2,adj:13;verb:9;noun:5,VERB:3,ADJ:58,A small parasitic wingless insect of the order Psocodea.,The release of an arrow.
cristal,crystal,variant,name,,,1,,2.6,4.4,,,adj:1;noun:1,noun:6;adj:2,PROPN:3,NOUN:27,Obsolete spelling of crystal.,A solid composed of an array of atoms or molecules possessing long-ran
aum,om,variant,name,,,2,,2.6,3.55,,,noun:2,noun:1;verb:1,,,Alternative form of om (“mystical syllable”).,"A sacred, mystical syllable used in prayer and meditation."
caddie,caddy,unrelated,,name,,2,,2.6,2.96,,,noun:5;verb:1,noun:6;verb:1,,PROPN:1,Synonym of cadet (“a gentleman (often a younger son from a noble famil,A small box or tin (can) with a lid for holding dried tea leaves used 
sulphate,sulfate,variant,,,,2,,2.59,3.19,,,noun:1;verb:1,verb:2;noun:1,,,Alternative spelling of sulfate.,Any salt or ester of sulfuric acid.
confidante,confidant,unrelated,,,,1,,2.59,2.93,,,noun:3,noun:1,NOUN:1,NOUN:3,A female confidant.,A person in whom one can confide or share one's secrets: a friend.
burka,burqa,variant,,,,1,,2.59,2.58,,,noun:2,noun:3,,,Alternative form of burqa.,"An enveloping Central Asian garment which covers the whole body, incor"
jodhpur,jodhpurs,plural,,,,1,canonical,2.59,1.77,,,noun:1,noun:1,,,Attributive form of jodhpurs.,"Flared riding trousers of heavy cloth, fitting tightly from knee to an"
synchro,synchromesh,unrelated,,,,4,,2.59,1.45,,,noun:3,noun:2;adj:1,,,"Any synchronized event, such as synchronized swimming.",A system of synchronized transmission found in modern gearboxes to mak
sone,son,unrelated,,,,1,,2.58,5.28,,,noun:2,noun:9;verb:2,,NOUN:176,a subjective unit of loudness for an average listener equal to the lou,One's male offspring.
specialisation,specialization,variant,,,,1,,2.58,3.29,,,noun:1,noun:4,,NOUN:10,Non-Oxford British English standard spelling of specialization.,The act or process of specializing.
bazar,bazaar,variant,,,,1,,2.57,3.37,,,noun:1,noun:3,,NOUN:7,Obsolete spelling of bazaar.,"A marketplace, particularly in the Middle East and South Asia, and oft"
lav,lavatory,unrelated,,,,4,,2.57,2.9,,,noun:2,noun:17;adj:1,,NOUN:4,Clipping of lavatory.,"A vessel or fixture for washing, particularly"
crozier,crosier,variant,name,,,1,,2.57,1.71,,,noun:1,noun:2,PROPN:1,,Alternative spelling of crosier.,"A staff with a hooked end similar to a shepherd's crook, or with a cro"
maxillary,maxilla,variant,,,,2,,2.56,2.45,,,adj:2;noun:2,noun:3,,,Alternative form of maxilla.,Synonym of jaw.
nosey,nosy,variant,,,,1,,2.55,2.85,ADJ,ADJ,adj:1;noun:1;verb:1,adj:2;noun:2;verb:1,,,Alternative spelling of nosy.,A look at something to satisfy one's curiosity.
juggler,jugular,unrelated,,,,2,,2.55,2.78,,,noun:5,adj:4;noun:2,,,"Agent noun of juggle; one who either literally juggles objects, or fig",Ellipsis of jugular vein.
glazer,glazier,unrelated,name,,,1,,2.55,2.26,,,noun:4,adj:1;noun:1,PROPN:6,,"One who applies glaze, as in pottery, etc.; one who gives a glasslike ","One who glazes: a craftsman who works with glass, fitting windows, etc"
kola,cola,unrelated,,,,1,,2.54,3.74,,,noun:3,noun:4,NOUN:2,,"A tree, genus Cola, bearing large brown seeds (""nuts"") that are the so","The kola plant, genus Cola, famous for its nut, or one of these nuts."
fertilisation,fertilization,variant,,,,1,,2.54,3.05,,,noun:1,noun:3,,NOUN:1,Alternative spelling of fertilization.,The act or process of rendering fertile.
draftsman,draughtsman,reverse,,,,3,,2.54,2.42,,,noun:2,noun:4,,,US standard spelling of draughtsman.,A person skilled at drawing engineering or architectural plans.
visualisation,visualization,variant,,,,1,,2.53,3.32,,,noun:1,noun:2,,NOUN:1,Non-Oxford British English standard spelling of visualization.,"The act of visualizing, or something visualized."
lasagne,lasagna,unrelated,,,,1,,2.53,3.12,,,noun:2,noun:3,,,plural of lasagna,A flat sheet of pasta.
haj,hajj,variant,,,,1,,2.53,3.04,,,noun:2,noun:1,,,Alternative spelling of hajj.,The pilgrimage to Mecca made by pious Muslims; the fifth of the five p
polarisation,polarization,variant,,,,1,,2.52,3.26,,,noun:1,noun:4,,NOUN:6,Non-Oxford British English standard spelling of polarization.,The production or the condition of polarity.
boogeyman,bogeyman,variant,,,,1,,2.52,2.5,,,noun:1,noun:2,,,Alternative form of bogeyman.,"A menacing, ghost-like monster in children's stories."
mongo,mongoloid,unrelated,,,,4,,2.52,2.33,,,noun:4,noun:3;adj:1,,,Still-usable things salvaged (by sanmen) from garbage.,A member of the racial classification of humanity composed of peoples 
travail,travel,unrelated,,,,2,,2.51,5.0,,,noun:6;verb:2,noun:7;verb:6,,NOUN:94,"Arduous or painful exertion; excessive labor, suffering, hardship.",The act of traveling; passage from place to place.
annexe,annex,variant,,,,1,,2.51,3.5,,,noun:1;verb:1,noun:4;verb:4,,VERB:1,Alternative spelling of annex.,"An addition, an extension."
anaemia,anemia,variant,,,,1,,2.51,3.17,,,noun:1,noun:3,,NOUN:5,Alternative spelling of anemia.,A medical condition in which the capacity of the blood to transport ox
uke,ukulele,unrelated,,,,4,,2.51,3.01,,,noun:3,noun:1,,,Clipping of ukulele.,A small four-stringed guitar.
rime,rhyme,unrelated,,,,2,,2.5,3.56,,,noun:9;verb:9,noun:9;verb:7,NOUN:1,NOUN:3,"Archaic in the form rimes: originally, any frozen dew forming a white ",Rhyming verse (poetic form).
standardisation,standardization,variant,,,,1,,2.5,3.09,,,noun:1,noun:2,,,Non-Oxford British English standard spelling of standardization.,"The act, process, or result of complying with a standard."
sceptic,skeptic,variant,,,,1,,2.5,2.89,,,adj:1;noun:1,noun:2;adj:1,,,Alternative spelling of skeptic.,"Someone who doubts beliefs, claims, plans, etc. that are accepted by o"
pica,pika,unrelated,,,,1,,2.5,2.57,,,noun:7,noun:1,,,A disorder characterized by appetite and craving for non-edible substa,"Any of several small, furry mammals, similar to guinea pigs, but relat"
canna,cannabis,unrelated,,,,3,,2.49,4.03,,,noun:3;contraction:1,noun:3,,,Any member of the genus Canna of tropical plants with large leaves and,"A tall annual dioecious plant (Cannabis, especially Cannabis sativa), "
cress,kris,unrelated,,,,3,,2.49,3.65,,,noun:2,noun:1;verb:1,,,"A plant of various species, chiefly cruciferous. The leaves have a mod","A traditional Indonesian, Malaysian, or Filipino sword or dagger havin"
minx,mink,unrelated,,,,1,,2.49,3.15,,,noun:4;verb:2,noun:4,,NOUN:11,"A flirtatious, impudent, or pert young woman.","Any semi-aquatic, carnivorous mammal in the Mustelinae subfamily, simi"
whizz,whiz,variant,,,,1,,2.49,2.9,,,noun:1;verb:1,noun:5;verb:4;prep:1,,NOUN:3,Alternative spelling of whiz.,A whirring or hissing sound (as above).
gynaecology,gynecology,variant,,,,1,,2.49,2.84,,,noun:1,noun:1,,,Alternative spelling of gynecology.,"The study of, or the branch of medicine specializing in, the medical p"
tricolor,tricolour,reverse,,,,1,,2.49,2.3,,,adj:1;noun:1,noun:2;adj:1,NOUN:1,,US standard spelling of tricolour.,A flag consisting of three stripes that are either vertical or horizon
torr,tor,variant,,,,1,,2.48,3.57,,,noun:2,noun:2;adj:1,,,Archaic form of tor.,"A craggy outcrop of rock on the summit of a hill, created by the erosi"
ameer,emir,variant,,,,3,,2.48,3.05,,,noun:1,noun:2,,,Alternative form of emir.,"A prince, commander or other leader or ruler in an Islamic nation."
duffle,duffel,variant,,,,2,,2.48,2.73,,,noun:1,noun:2,,NOUN:3,Alternative spelling of duffel.,"A kind of coarse woolen cloth, having a thick nap or frieze."
conceptualization,conceptualisation,reverse,,,,1,,2.48,1.77,,,noun:1,noun:1,NOUN:1,,Alternative spelling of conceptualisation.,"The act of conceptualising, or something conceptualised."
pud,pood,unrelated,,,,2,,2.47,1.34,,,noun:4,noun:2,,,Pudding (either sweet or savoury).,"An obsolete Russian unit of mass, equal to 40 Russian funt, or about 1"
connexion,connection,variant,,,,2,,2.46,4.76,,,noun:3,noun:16,NOUN:2,NOUN:77,Dated spelling of connection.,The act of connecting.
soph,sophomore,unrelated,,,,4,,2.46,3.69,,,noun:2,adj:2;noun:2,,NOUN:5,Clipping of sophomore.,"A second-year undergraduate student in a college or university, or a s"
immunisation,immunization,variant,,,,1,,2.46,3.01,,,noun:2,noun:3,,NOUN:1,Alternative spelling of immunization.,The process by which a person is safely exposed in a controlled manner
bogie,bogey,unrelated,,,,2,,2.46,2.92,,,noun:11,noun:15;verb:2,,NOUN:5,"A low, hand-operated truck, generally with four wheels, used for trans","A ghost, goblin, or other hostile supernatural creature."
candour,candor,variant,,,,1,,2.46,2.8,,,noun:1,noun:3,NOUN:1,NOUN:2,British and Canada standard spelling of candor.,The state of being sincere and open in speech; honesty in expression.
cesium,caesium,reverse,,,,1,,2.46,2.19,,,noun:1,noun:1,,,Alternative form of caesium.,The chemical element (symbol Cs) with an atomic number of 55. It is a 
horsey,horsy,variant,,,,1,,2.46,1.12,ADJ,ADJ,adj:1;noun:1,adj:3;noun:2,,,Alternative spelling of horsy.,A child's term or name for a horse.
localisation,localization,variant,,,,1,,2.45,3.27,,,noun:1,noun:7,,NOUN:2,Alternative spelling of localization.,The act of localizing.
lacklustre,lackluster,variant,,,,2,,2.45,2.99,ADJ,ADJ,adj:1;noun:1,adj:3;noun:2,,ADJ:5,Alternative spelling of lackluster.,Lack of brightness or points of interest.
kiddy,kiddie,unrelated,,,,2,,2.45,2.94,,,noun:4;adj:1;verb:1,noun:1,,,A small kid (young goat).,A child.
weft,waif,unrelated,,,,3,,2.45,2.35,,,noun:4,noun:7;verb:1,,NOUN:1,The horizontal threads that are interlaced through the warp in a woven,"An article of movable property which has been found, and of which the "
ikon,icon,variant,,,,1,,2.44,4.16,,,noun:1,noun:6,,NOUN:1,Alternative form of icon (religious image).,"An image, symbol, picture, portrait, or other representation, usually "
paediatrics,pediatrics,variant,,,,1,,2.44,3.29,,,noun:1,noun:1,,,Standard spelling of pediatrics.,The branch of medicine that deals with the treatment of children and a
colter,coulter,reverse,,,,1,,2.44,3.14,,,noun:1,noun:2,,,US standard spelling of coulter.,"A cutter, consisting of a blade in either knife form or disk form, att"
dray,drey,unrelated,,,,1,,2.44,1.82,,,noun:4;verb:1,noun:2,,,"Any of various forms of low horse-drawn cart or wagon, often without s","A squirrel’s nest, built of twigs in a tree."
chon,jun,variant,,,,3,,2.43,3.94,,,noun:1,noun:1,,,Alternative spelling of jun.,"A monetary unit of North Korea and formerly of South Korea, equal to o"
gild,guild,variant,,,,1,,2.43,3.93,,,verb:5;noun:1,noun:4,VERB:1,NOUN:16,Archaic spelling of guild.,"A group or association mainly of tradespeople made up of merchants, cr"
decentralisation,decentralization,variant,,,,1,,2.43,2.87,,,noun:1,noun:2,,NOUN:1,Alternative spelling of decentralization.,The process of decentralizing
fosse,fossa,unrelated,,,,1,,2.43,2.57,,,noun:2,noun:3,,,A ditch or moat.,"A pit, groove, cavity, or depression."
junky,junkie,variant,,,,2,,2.42,3.27,,,adj:2;noun:1,noun:2,,,Alternative spelling of junkie.,"A narcotics addict, especially a heroin user."
archeologist,archaeologist,reverse,,,,1,,2.42,3.12,,,noun:1,noun:1,,,Alternative spelling of archaeologist.,Someone who studies or practises archaeology.
pitta,pita,variant,,,,1,,2.42,3.0,,,noun:3,noun:3,,,Alternative spelling of pita.,A piece of pita bread; a flatbread pouch used for making sandwiches su
nitroglycerin,nitroglycerine,variant,,,,1,,2.42,1.97,,,noun:1,noun:1,,NOUN:1,Alternative spelling of nitroglycerine.,"The compound glyceryl-tri-nitrate or 1,2,3 tri-nitrooxy propane; the e"
fuze,fuse,unrelated,,,,1,,2.41,3.62,,,noun:2;verb:2,verb:9;noun:7,,NOUN:5,"Synonym of detonator, an auxiliary device used to ignite an explosive ","A wick or cord used to convey flame to gunpowder, a bomb, or similar e"
pacha,pasha,variant,,name,,1,,2.41,3.14,,,noun:1,noun:2,,PROPN:3,Archaic form of pasha.,"A high-ranking Turkish military officer, especially as a commander or "
hemophilia,haemophilia,reverse,,,,1,,2.41,2.12,,,noun:1,noun:1,,,US standard spelling of haemophilia.,Any of several hereditary illnesses that impair the body's ability to 
avo,avocado,unrelated,,,,4,,2.4,3.45,,,noun:2,noun:3;adj:1,,NOUN:10,"A subdivision of currency, equal to one hundredth of a Macanese pataca","The large, usually yellowish-green or black, savory fruit of the avoca"
oestrogen,estrogen,variant,,,,1,,2.4,3.36,,,noun:1,noun:1,,,Alternative spelling of estrogen.,Any of a group of steroids that are secreted by the ovaries and functi
panto,pantomime,unrelated,,,,4,,2.4,3.0,,,noun:2,noun:4;verb:2,,NOUN:2,Clipping of pantomime.,"A Classical comic actor, especially one who works mainly through gestu"
commercialisation,commercialization,variant,,,,1,,2.4,2.98,,,noun:1,noun:1,,NOUN:1,Alternative spelling of commercialization.,The act of commercializing.
gynaecologist,gynecologist,variant,,,,1,,2.4,2.78,,,noun:1,noun:1,,NOUN:1,Alternative spelling of gynecologist.,A physician specializing in diseases of the female reproductive system
wain,wean,unrelated,,,,2,,2.4,2.72,,VERB,noun:3;verb:2,verb:6;noun:1,,,"A wagon; a four-wheeled cart for hauling loads, usually pulled by hors",A young child.
bole,boll,unrelated,,,,1,,2.4,2.52,,,noun:7,noun:3;verb:1,,,The trunk or stem of a tree.,The rounded seed-bearing capsule of a cotton or flax plant.
heckle,hackle,variant,,,,1,,2.4,1.89,,,noun:4;verb:3,noun:9;verb:3,,,Alternative form of hackle (“tool for separating flax”).,An instrument with steel pins used to comb out flax or hemp.
reticle,reticule,unrelated,,,,1,,2.4,1.77,,,noun:3,noun:2,,,"A transparent plate marked with a crosshair, grid, or scale which is u",A reticle; a grid in the eyepiece of an instrument.
stile,style,unrelated,,,,1,,2.39,5.11,,,noun:3;verb:1,noun:16;verb:4,,NOUN:111,"A set of one or more steps surmounting a fence or wall, or a narrow ga","Senses relating to a thin, pointed object."
serjeant,sergeant,variant,,,,1,,2.39,4.11,,,noun:2,noun:8,,NOUN:28,Archaic spelling of sergeant.,"A UK army rank with NATO code OR-6, senior to corporal and junior to w"
sedge,siege,unrelated,,,,2,,2.39,3.93,,,noun:6,noun:14;verb:1,,NOUN:7,Any plant of the family Cyperaceae.,Military action.
sterilisation,sterilization,variant,,,,1,,2.39,3.1,,,noun:1,noun:5,,NOUN:5,Non-Oxford British English standard spelling of sterilization.,The process of treating something to kill or inactivate microorganisms
dietician,dietitian,variant,,,,1,,2.39,2.69,,,noun:1,noun:1,,,Nonstandard spelling of dietitian.,A person who studies or practices dietetics.
miter,mitre,reverse,,,,2,,2.39,2.63,,,noun:1;verb:1,noun:7;verb:2,VERB:1,NOUN:1,Alternative form of mitre.,"A covering for the head, worn on solemn occasions by church dignitarie"
nanometer,nanometre,reverse,,,,2,,2.39,1.5,,,noun:1,noun:1,,,US spelling of nanometre.,An SI subunit of length equal to 10⁻⁹ metres.
toilette,toilet,variant,,,,2,,2.38,4.31,,,noun:1,noun:11;verb:3,,NOUN:17,"Archaic spelling of toilet, in all senses related to dressing and pers","A room, enclosed area or single-purpose building containing a fixture "
bicyclist,cyclist,variant,,,,2,,2.38,3.58,,,noun:1,noun:2,NOUN:1,NOUN:10,Rare form of cyclist.,"A person who rides a cycle, especially a bicycle, or who habitually en"
descendent,descendant,variant,,,,1,,2.38,3.3,,,adj:1;noun:1,noun:6;adj:3,,NOUN:3,Misspelling of descendant.,"One of the progeny of a specified person, at any distance of time or t"
humus,hummus,unrelated,,,,1,,2.38,3.0,,,noun:2,noun:1,,,"A large group of natural organic compounds, found in the soil, formed ","A Levantine Arab dip made of chickpea paste with various additions, su"
rationalisation,rationalization,variant,,,,1,,2.38,2.71,,,noun:1,noun:5,,NOUN:2,Non-Oxford British English standard spelling of rationalization.,"The process or result of rationalizing, or expressing in rational term"
gargle,gargoyle,unrelated,,,,2,,2.38,2.63,,,verb:5;noun:4,noun:4,NOUN:2,,A liquid used for gargling.,A carved grotesque figure on a spout which conveys water away from the
griffon,griffin,variant,,name,,1,,2.37,3.9,,,noun:3,noun:6,,PROPN:5,Alternative form of griffin (mythical creature),A mythical creature with the body of a lion and head and wings of an e
sulphide,sulfide,variant,,,,2,,2.37,2.92,,,noun:2,noun:2,,NOUN:1,Alternative spelling of sulfide.,Any compound of sulfur and a metal or other electropositive element or
molt,moult,reverse,,,,1,,2.37,2.25,,,verb:2;noun:1,noun:2;verb:2,,,US standard spelling of moult.,"The process of shedding or losing a covering of fur, feathers or skin "
kiley,kylie,variant,,,,3,,2.36,3.54,,,noun:1,noun:1,,,Archaic form of kylie (“boomerang”).,A boomerang.
centralisation,centralization,variant,,,,1,,2.36,2.69,,,noun:1,noun:1,,NOUN:4,Non-Oxford British English standard spelling of centralization.,"The act or process of centralizing, or the state of being centralized;"
furore,furor,variant,,,,1,,2.36,2.52,,,noun:1,noun:3,,NOUN:8,Alternative form of furor.,A general uproar or commotion.
phantasy,fantasy,variant,,,,2,,2.35,4.52,,,noun:2;verb:1,noun:4;verb:4,NOUN:2,NOUN:16,Archaic spelling of fantasy.,That which comes from one's imagination or the act of imagining things
brier,briar,variant,,,,1,,2.35,2.86,,,noun:1,noun:4,,NOUN:1,Alternative spelling of briar.,"Any of many plants with thorny stems growing in dense clusters, such a"
moolah,mullah,variant,,name,,2,,2.35,2.73,,,noun:2,noun:7;verb:1,,NOUN:1,Archaic form of mullah.,An honorific title for a scholar of theology and sharia law.
britches,breeches,variant,,,,2,,2.35,2.67,,,noun:2,noun:3,NOUN:1,NOUN:1,"Alternative form of breeches (pants, trousers).",plural of breech
softie,softy,unrelated,,,,2,,2.35,2.21,,,noun:3,noun:6,,,Synonym of soft girl.,A weak or sentimental person.
weeb,weeaboo,unrelated,,,,3,,2.35,1.84,,,noun:1,noun:2,,,Clipping of weeaboo (in both senses).,"A non-Japanese person, stereotypically an unsociable white male, who i"
cassino,casino,variant,,,,1,,2.34,4.16,,,noun:1,noun:4,,NOUN:6,Dated spelling of casino (all senses).,A public building or room for gambling.
partizan,partisan,variant,,adj,,1,,2.34,3.81,,,noun:2;adj:1,noun:6;adj:3,,ADJ:23,Dated spelling of partisan.,An adherent to a party or faction.
glamor,glamour,reverse,,,,1,,2.34,3.51,,,noun:1;verb:1,noun:7;verb:1,NOUN:4,NOUN:6,Uncommon spelling of glamour.,"Originally, enchantment; magic charm; especially, the effect of a spel"
tabu,taboo,variant,,,,2,,2.34,3.47,,,noun:1;verb:1,verb:3;adj:2;noun:2,,ADJ:4,Alternative spelling of taboo.,An inhibition or ban that results from social custom or emotional aver
gelatine,gelatin,variant,,,,1,,2.34,3.0,,,noun:1;verb:1,noun:3;verb:1,,NOUN:1,Alternative spelling of gelatin.,A protein derived through partial hydrolysis of the collagen extracted
gramma,grama,unrelated,,,,1,,2.34,2.24,,,noun:5,noun:1,,,A grandmother.,"Various species of grass in the genus Bouteloua, including Bouteloua g"
apse,apsis,unrelated,,,,2,,2.34,1.05,,,noun:7,noun:2,,,The rounded east (liturgical east) end of a church that contains or is,"A recess or projection, with a dome or vault, at the east end of a chu"
punky,punkie,variant,,,,2,,2.34,0.0,,,adj:2;noun:2,noun:3,,,Alternative spelling of punkie (“small two-winged fly or midge; lanter,"A small two-winged fly or midge of the family Ceratopogonidae, which b"
sentience,sentence,unrelated,,,,1,,2.33,4.58,,,noun:2,noun:10;verb:3,,NOUN:40,The state or quality of being sentient; possession of consciousness or,The decision or judgement of a jury or court; a verdict.
antic,antique,unrelated,,,,3,,2.33,3.86,,,noun:6;adj:4;verb:3,noun:8;adj:7;verb:3,ADJ:1,NOUN:13,A grotesque representation of a figure; a gargoyle.,"In general, anything very old; specifically:"
tare,tara,unrelated,,name,,1,,2.33,3.66,,,noun:6;verb:3,noun:3;intj:1,,PROPN:1,"A vetch, or the seed of a vetch (genus Vicia, esp. Vicia sativa).",The tern.
eyeglass,eyeglasses,plural,,,,2,canonical,2.33,2.79,,,noun:5,noun:2,,NOUN:3,"An artificial lens, especially one of a pair.","Spectacles, glasses."
rigger,outrigger,unrelated,,,,3,,2.33,2.29,,,noun:12,noun:6,NOUN:1,NOUN:3,One who rigs or dresses; as:,Any of various projecting beams or spars that provide support for a sa
bandanna,bandana,variant,,,,1,,2.32,2.75,,,noun:1,noun:2,,,Alternative spelling of bandana.,"A large kerchief, usually colourful and used either as headgear or as "
ratan,rattan,variant,,,,1,,2.32,2.63,,,noun:1,noun:3;verb:1,,,Alternative form of rattan.,Any of several species of climbing palm of the genus Calamus.
herm,hermaphrodite,unrelated,,,,4,,2.32,2.48,,,noun:2;adj:1,noun:7;adj:3,,,"A rectangular pillar bearing a bust of Hermes, once used as a boundary",A person possessing ambiguous sexual organs or characteristics.
orthopaedics,orthopedics,variant,,,,1,,2.32,2.47,,,noun:1,noun:1,,,Alternative spelling of orthopedics.,The branch of medicine that deals with the prevention or correction of
atar,attar,variant,,,,1,,2.32,2.23,,,noun:1,noun:2,,,Alternative spelling of attar.,An essential oil extracted from flowers.
ern,erne,variant,,,,1,,2.32,2.12,,,verb:5;noun:1,noun:2;verb:1,,,Alternative spelling of erne.,"A sea eagle (Haliaeetus), especially the white-tailed eagle (Haliaeetu"
micrometer,micrometre,reverse,,,,2,,2.32,1.35,,,noun:2,noun:1,NOUN:2,,A device used to measure distance very precisely but within a limited ,"An SI and mks unit of measure, the length of one-millionth of a metre."
beano,bingo,unrelated,,,,3,,2.31,3.71,,,noun:3,noun:6;verb:4;intj:3,,,"A beanfeast; any noisy celebration, a party.","A game of chance for two or more players, who mark off numbers on a gr"
normalisation,normalization,variant,,,,1,,2.31,2.99,,,noun:1,noun:9;name:1,,,Non-Oxford British English standard spelling of normalization.,"Any process that makes something more normal or regular, which typical"
schtick,shtick,variant,,,,1,,2.31,2.52,,,noun:2,noun:3,,,Alternative spelling of shtick.,A generally humorous routine.
meany,meanie,variant,,,,2,,2.31,2.47,,,noun:1,noun:2,,,Alternative spelling of meanie.,A mean (unkind or miserly) person; a killjoy.
handmaiden,handmaid,variant,,,,2,,2.31,2.19,,,noun:2,noun:2,NOUN:1,,Alternative form of handmaid.,A maid that waits at hand; a female servant or attendant.
telfer,telpher,variant,,,,2,,2.31,0.0,,,noun:1,noun:2;verb:1,,,Alternative form of telpher.,"An electric-run cable car used for transportation, along overhead wire"
palaeontology,paleontology,variant,,,,1,,2.3,2.79,,,noun:1,noun:1,,,Alternative spelling of paleontology.,The study of the forms of life existing in prehistoric or geologic tim
mudder,mother,unrelated,,,,3,,2.29,5.24,,,noun:4,noun:20;verb:4,,NOUN:230,A racehorse that performs well on muddy or wet tracks.,"A female parent, especially of a human; a female who parents a child ("
scull,skull,unrelated,,,,1,,2.29,4.09,,,noun:8;verb:3,noun:8;verb:3,,NOUN:4,A single oar mounted at the stern of a boat and moved from side to sid,The main bones of the head considered as a unit; including the cranium
synchronisation,synchronization,variant,,,,1,,2.29,3.11,,,noun:1,noun:2,,,Non-Oxford British English standard spelling of synchronization.,The state or property of being synchronized.
swathe,swath,unrelated,,,,1,,2.29,2.83,,,noun:2;verb:1,noun:2,,NOUN:1,A bandage; a band.,The track cut out by a scythe in mowing.
arak,arrack,unrelated,,,,2,,2.29,1.63,,,noun:3,noun:3,NOUN:1,NOUN:1,"A clear, unsweetened aniseed-flavoured alcoholic drink, produced and c",An alcoholic drink distilled from coconut palm flowers in South Asia.
caulk,calk,unrelated,,,,1,,2.29,1.62,,,noun:4;verb:4,verb:4;noun:3,,,Caulking.,A pointed projection on a horseshoe to prevent its slipping.
thruway,throughway,variant,,,,3,,2.29,1.37,,,noun:1,noun:2,NOUN:1,,Standard form of throughway.,(Normally and officially spelled thruway) A broad highway fit for high
lense,lens,variant,,,,1,,2.28,4.17,,,noun:1;verb:1,noun:8;verb:2,,NOUN:18,Alternative spelling of lens.,"An object, usually made of glass, that focuses or defocuses the light "
fount,font,unrelated,,,,1,,2.28,3.8,,,noun:4;verb:1,noun:9;verb:1,,,Synonym of fountain (“a natural source of water”); a spring.,"A receptacle in a church for holy water, especially one used in baptis"
haemoglobin,hemoglobin,variant,,,,1,,2.28,2.92,,,noun:1,noun:1,,NOUN:4,Alternative spelling of hemoglobin.,The iron-containing substance in red blood cells that transports oxyge
maharajah,maharaja,variant,,,,1,,2.28,2.71,,,noun:1,noun:1,,,Alternative spelling of maharaja.,"A Hindu monarch ranking above a raja, an emperor."
mollusk,mollusc,reverse,,,,1,,2.28,2.15,,,noun:1,noun:2,,,US standard spelling of mollusc.,"A soft-bodied invertebrate of the phylum Mollusca, typically with a ha"
consignor,consigner,variant,,,,1,,2.28,0.0,,,noun:1,noun:2,,,Alternative form of consigner.,The party that consigns.
sett,set,unrelated,,,,1,,2.27,5.59,,,noun:8;verb:2,verb:49;noun:41;adj:,,VERB:520,The system of tunnels that is the home of a badger.,A punch for setting nails in wood.
manilla,manila,unrelated,,name,,1,,2.27,3.88,,,noun:2;adj:1,noun:3;adj:2,,PROPN:8,"A penannular armlet, sometimes worn on the leg or neck or used as an o","Fiber made from abaca (Manila hemp), used to make ropes and manila pap"
challis,chalice,unrelated,,,,3,,2.27,3.0,,,noun:2,noun:2,,,"A light, soft fabric of silk and worsted, having a printed design.","A large drinking cup, often having a stem and base and used especially"
waggoner,wagoner,variant,,,,1,,2.27,2.41,,,noun:1,noun:2,,,Alternative spelling of wagoner.,Someone who drives a wagon.
lats,lat,plural,,,,1,variant,2.26,3.13,,,noun:6,noun:8,NOUN:2,,plural of lat: staves; pillars.,"A staff, particularly one of an Indian kind."
categorisation,categorization,variant,,,,1,,2.26,2.82,,,noun:1,noun:2,,,Alternative form of categorization.,A group of things arranged by category.
umma,ummah,variant,name,name,,1,,2.26,2.49,,,noun:1,noun:1,,,Alternative spelling of ummah.,The worldwide Muslim community.
nuna,noona,variant,,,,2,,2.26,2.43,,,noun:1,noun:1,,,Alternative form of noona.,An affectionate term of address for an older sister or somewhat older 
soh,so,variant,,,,1,,2.25,6.52,,,noun:1,adv:8;conj:5;intj:4;,,OTHER:2285,Alternative form of so.,A syllable used in solfège to represent the fifth note of a major scal
blather,bladder,unrelated,,,,2,,2.25,3.62,,,noun:2;verb:2,noun:7;verb:2,,NOUN:1,Foolish or nonsensical talk.,A flexible sac that can expand and contract and that holds liquids or 
paediatrician,pediatrician,variant,,,,1,,2.25,3.07,,,noun:1,noun:1,,NOUN:1,Standard spelling of pediatrician.,A physician that specializes in pediatrics; the medical care of infant
democratisation,democratization,variant,,,,1,,2.25,2.77,,,noun:1,noun:4,,NOUN:3,Non-Oxford British English standard spelling of democratization.,"The introduction of democracy, its functions or principles, to an area"
ulama,ulema,unrelated,,,,1,,2.25,2.15,,,noun:3,noun:1,,,A modern ball game descended from tlachtli.,plural of alim; the guardians of legal and religious tradition in Isla
synesthesia,synaesthesia,reverse,,,,1,,2.25,1.75,,,noun:1,noun:3,,,Alternative spelling of synaesthesia.,A neurological or psychological phenomenon whereby a particular sensor
dolor,dolour,reverse,,,,1,,2.25,1.16,,,noun:1,noun:2,,,Alternative spelling of dolour.,"Anguish, grief, misery, or sorrow."
bootie,bootee,variant,,,,1,,2.25,0.0,,,noun:3,noun:3,,,Alternative spelling of bootee.,"A soft, woolen shoe, usually knitted, for a baby or small pet."
fug,fuck,unrelated,,,,2,,2.24,5.39,,,noun:7;verb:7;intj:1,verb:13;noun:5;intj:,,VERB:4,"A heavy, musty, stuffy or unpleasant atmosphere, usually in a poorly-v",An act of sexual intercourse.
diam,diameter,unrelated,,,,4,,2.24,4.08,,,noun:2;intj:1,noun:4,NOUN:2,NOUN:45,Clipping of diameter.,Any straight line between two points on the circumference of a circle 
racoon,raccoon,variant,,name,,1,,2.24,3.27,,,noun:1,noun:5,,PROPN:1,Alternative spelling of raccoon.,"An omnivorous, nocturnal mammal native to the Americas, of the genus P"
repellant,repellent,variant,,,,1,,2.24,2.94,,,adj:1;noun:1,adj:3;noun:3,,NOUN:1,Alternative form of repellent.,"A substance or solution used to repel insects, dangerous animals, or o"
socialisation,socialization,variant,,,,1,,2.23,3.02,,,noun:1,noun:3,,NOUN:6,Alternative spelling of socialization.,The process of learning how to live in a way acceptable to one's own s
hadji,hajji,variant,,,,1,,2.23,2.16,,,noun:1,noun:3,,,Alternative spelling of hajji.,A Muslim who has participated in a hajj.
anaesthetist,anesthetist,variant,,,,1,,2.23,2.04,,,noun:1,noun:1,,,Alternative spelling of anesthetist; an anaesthesiologist.,One who gives an anesthetic.
quire,choir,unrelated,,,,4,,2.22,3.88,,,noun:5;verb:2,noun:5;verb:1,,NOUN:9,One-twentieth of a ream of paper; a collection of twenty-four or twent,A group of people who sing together; a company of people who are train
kail,kale,variant,,,,2,,2.22,3.38,,,noun:3,noun:4,,NOUN:1,Alternative form of kale.,"An edible plant, similar to cabbage, with curled leaves that do not fo"
hospitalisation,hospitalization,variant,,,,1,,2.22,3.09,,,noun:1,noun:2,,NOUN:8,Alternative spelling of hospitalization.,"The hospitalizing of a patient, the condition of being hospitalized, o"
haft,heft,unrelated,,,,1,,2.22,2.75,,,verb:3;noun:2,noun:11;verb:11,,,The handle of a tool or weapon.,The feel of the weight of something; heaviness.
affaire,affair,variant,name,,,1,,2.21,4.3,,,noun:1,noun:9,PROPN:1,NOUN:36,Obsolete spelling of affair.,"Something which is done or is to be done; business of any kind, commer"
misdemeanour,misdemeanor,variant,,,,1,,2.21,3.38,,,noun:1,noun:2,,NOUN:5,Alternative form of misdemeanor.,"A lesser criminal act in most common law legal systems, generally puni"
victimisation,victimization,variant,,,,1,,2.21,2.82,,,noun:1,noun:2,,,Alternative spelling of victimization.,An act that victimizes or exploits someone.
eonni,unnie,variant,,,,3,,2.21,2.05,,,noun:1,noun:2,,,Alternative form of unnie.,An affectionate term of address for an older sister or somewhat older 
khadi,khaddar,variant,,,,3,,2.21,0.0,,,noun:1,noun:1,,,Alternative form of khaddar.,A coarse homespun cotton cloth from India.
pappa,papa,variant,,name,,1,,2.2,3.91,,,noun:1,noun:4,,PROPN:41,Alternative spelling of papa.,"Dad, daddy, father; a familiar or old-fashioned term of address to one"
gryphon,griffin,variant,,name,,4,,2.2,3.9,,,noun:1,noun:6,,PROPN:5,Alternative form of griffin.,A mythical creature with the body of a lion and head and wings of an e
lupine,lupin,unrelated,,,,1,,2.2,2.86,,,adj:2;noun:1,noun:2,,,North American English form of lupin (any plant of the genus Lupinus; ,Any member of the genus Lupinus in the family Fabaceae.
misbehaviour,misbehavior,variant,,,,1,,2.2,2.53,,,noun:1,noun:1,,NOUN:3,Alternative spelling of misbehavior.,"Action or conduct that is inappropriate, improper, incorrect, or unexp"
mezcal,mescal,variant,,,,1,,2.2,1.92,,,noun:1,noun:2,,,Alternative form of mescal.,A Mexican alcoholic drink distilled from the fermented juice of the ag
analyser,analyzer,variant,,,,1,,2.19,3.06,,,noun:1,noun:3,,NOUN:1,Alternative spelling of analyzer.,an instrument for the analysis of something
confectionary,confectionery,unrelated,,,,1,,2.19,2.96,,,noun:5;adj:2,noun:3,,ADJ:1,"A candy, sweetmeat; a confection.","Foodstuffs that taste very sweet, taken as a group; candies, sweetmeat"
marginalisation,marginalization,variant,,,,1,,2.19,2.65,,,noun:1,noun:1,,,Alternative spelling of marginalization.,The act of marginalizing.
digitisation,digitization,variant,,,,1,,2.19,2.52,,,noun:1,noun:2,,,Alternative spelling of digitization.,The conversion of data or information from analog to digital or binary
gilder,guilder,unrelated,name,,,1,,2.19,2.02,,,noun:2,noun:4,PROPN:1,,One who gilds; especially one whose occupation is to overlay things wi,"The former currency unit in the Netherlands, divided into 100 cents."
esthetics,aesthetics,reverse,,,,1,,2.18,3.59,,,noun:1,noun:3,NOUN:3,NOUN:1,Alternative form of aesthetics.,The study or philosophy of beauty.
transexual,transsexual,variant,,,,1,,2.18,2.99,,,adj:1;noun:1,adj:2;noun:1,,,Alternative spelling of transsexual.,A transsexual person.
gonorrhoea,gonorrhea,variant,,,,1,,2.18,2.71,,,noun:1,noun:1,,,Alternative spelling of gonorrhea.,"A sexually transmitted infection caused by Neisseria gonorrhoeae, a sp"
equalisation,equalization,variant,,,,1,,2.18,2.69,,,noun:1,noun:3,,NOUN:1,Alternative spelling of equalization.,"The act of equalizing, or state of being equalized."
worshiper,worshipper,variant,,,,1,,2.18,2.45,,,noun:1,noun:1,,,Alternative form of worshipper. Cf. kidnaper and kidnapper.,"A person who worships, especially at a place of assembly for religious"
brigantine,brigandine,unrelated,name,,,1,,2.18,1.06,,,noun:2,noun:1,PROPN:1,,"a two-masted vessel, square-rigged on the foremast, but fore-and-aft-r","A coat of armor for the body, consisting of scales or plates, sometime"
encumbrance,incumbrance,reverse,,,,1,,2.18,0.0,,,noun:4;verb:1,noun:3,,,Something that encumbers; a burden that must be carried.,Alternative form of encumbrance (“that which encumbers”).
marihuana,marijuana,variant,,,,1,,2.17,4.2,,,noun:1,noun:2,,NOUN:10,Dated spelling of marijuana.,"The inflorescence of the Cannabis sativa plant, smoked or ingested for"
sunglass,sunglasses,plural,,,,2,canonical,2.17,3.72,,,noun:2,noun:3,,,"Attributive form of sunglasses, used chiefly in phrases.",Tinted glasses worn to protect the eyes from the sun or other bright l
criterium,criterion,unrelated,,,,2,,2.17,3.46,,,noun:2,noun:1,,NOUN:11,A mass-start road-cycle race consisting of several laps around a close,"A standard, test, or requirement by which individual things or people "
aneurism,aneurysm,variant,,,,1,,2.17,3.08,,,noun:1,noun:1,,,Dated spelling of aneurysm.,"An abnormal blood-filled swelling of an artery or vein, resulting from"
colouration,coloration,variant,,,,1,,2.17,3.01,,,noun:1,noun:6,,NOUN:2,Alternative spelling of coloration.,The act or art of coloring.
stabiliser,stabilizer,variant,,,,1,,2.17,2.94,,,noun:1,noun:6,,,Alternative spelling of stabilizer.,Any person or thing that brings stability.
aerie,eyrie,reverse,,,,2,,2.17,2.25,,,noun:2,noun:2,,,US standard spelling of eyrie.,The nest of a bird of prey.
tipi,teepee,variant,,,,4,,2.17,2.25,,,noun:1,noun:3;verb:1,,,Alternative form of teepee.,A cone-shaped tent traditionally used by many native peoples of the Gr
buncombe,bunkum,variant,,,,4,,2.17,1.68,,,noun:1,noun:2,,,Alternative spelling of bunkum.,Senseless talk; nonsense; a piece of nonsense.
pasteurization,pasteurisation,reverse,,,,1,,2.17,1.51,,,noun:1,noun:1,NOUN:1,,Alternative spelling of pasteurisation.,Heat-treatment of a perishable food to destroy heat-sensitive vegetati
bourn,bourne,variant,name,,,1,,2.16,3.35,,,noun:2,noun:3,PROPN:1,,Alternative form of bourne (“small stream or brook”).,A boundary; a limit.
oedema,edema,variant,,,,1,,2.16,2.95,,,noun:1,noun:2,,NOUN:2,Standard spelling of edema.,An excessive accumulation of serum in tissue spaces or a body cavity.
carburettor,carburetor,variant,,,,1,,2.16,2.82,,,noun:1,noun:3,,,Alternative spelling of carburetor.,A device in an internal combustion engine where fuel is vaporized and 
rozelle,roselle,variant,name,,,1,,2.16,2.18,,,noun:1,noun:1,PROPN:1,,Alternative form of roselle (“edible hibiscus”).,"Hibiscus sabdariffa, an edible flower in the hibiscus family used to m"
lath,lat,unrelated,,,,1,,2.15,3.13,,,noun:4;verb:1,noun:8,NOUN:2,,"A thin, narrow strip, fastened to the rafters, studs, or floor beams o","A staff, particularly one of an Indian kind."
rouble,ruble,variant,,,,1,,2.15,2.62,,,noun:1,noun:1,,,Alternative spelling of ruble.,"The monetary unit of Russia, Belarus and Transnistria, equal to 100 ko"
internationalisation,internationalization,variant,,,,1,,2.15,2.56,,,noun:1,noun:2,,NOUN:1,Non-Oxford British English standard spelling of internationalization.,The conversion of something in order to make it international.
rancour,rancor,variant,,,,1,,2.15,2.51,,,noun:1;verb:1,noun:2;verb:1,,NOUN:4,Alternative spelling of rancor.,"A feeling of long-lasting ire for another, sometimes to the point of h"
succor,succour,reverse,,,,1,,2.15,2.3,,,noun:1;verb:1,noun:3;verb:3,NOUN:1,,Alternative spelling of succour.,"Aid, assistance, or relief given to one in distress; ministration."
salwar,shalwar,variant,,,,1,,2.15,1.85,,,noun:1,noun:1,,,Alternative form of shalwar.,"Loose trousers worn in some South Asian or Islamic countries, especial"
milliliter,millilitre,reverse,,,,2,,2.15,1.6,,,noun:1,noun:1,NOUN:2,,Alternative spelling of millilitre.,"A unit of measure of capacity, equal to one thousandth of a litre. Sym"
hame,home,unrelated,,,,1,,2.14,5.81,,,noun:4,noun:15;adv:8;adj:4;,,NOUN:650,"shroud, a covering, skin, membrane.",A dwelling.
sympathiser,sympathizer,variant,,,,1,,2.14,2.59,,,noun:1,noun:2,,,Non-Oxford British English standard spelling of sympathizer.,"A person who sympathizes (with a political cause, a side in a conflict"
septicaemia,septicemia,variant,,,,1,,2.14,1.96,,,noun:1,noun:1,,,Alternative spelling of septicemia.,"A disease caused by the presence of pathogenic organisms, especially b"
atheneum,athenaeum,reverse,,,,1,,2.13,2.51,,,noun:1,noun:4,,,Alternative form of athenaeum.,Alternative form of Athenaeum: a temple primarily dedicated to Athena 
peavey,peavy,variant,,,,1,,2.13,2.18,,,noun:1,noun:1,,,Alternative spelling of peavy.,"A tool used to manipulate logs, having a thick wooden handle, a steel "
tendonitis,tendinitis,variant,,,,1,,2.12,2.36,,,noun:1,noun:1,,,Alternative form of tendinitis.,Inflammation of a tendon.
boule,buhl,unrelated,,,,3,,2.12,2.08,,,noun:7;verb:1,noun:2,,,One of the bowls used in the French game of boules.,"A particularly decorative piece of brass or other material, used as in"
maser,mazer,unrelated,name,,,1,,2.12,1.96,,,noun:3,noun:2,PROPN:1,,a device for the coherent amplification or generation of electromagnet,"The maple tree, or maple wood."
hooman,human,unrelated,,adj,,2,,2.11,5.35,,,noun:4,noun:4;adj:3;verb:1,,ADJ:325,A human being.,A highly intelligent ape with fine and short body hair; the most abund
palaeontologist,paleontologist,variant,,,,1,,2.11,2.52,,,noun:1,noun:1,,,Alternative spelling of paleontologist.,One who studies paleontology.
tach,tachometer,unrelated,,,,4,,2.11,2.21,,,noun:3,noun:2,,,Clipping of tachometer.,A device for measuring the revolutions per minute (RPMs) of a revolvin
demonetisation,demonetization,variant,,,,1,,2.11,2.04,,,noun:1,noun:2,,,Alternative form of demonetization.,The act or process of demonetizing (withdrawing as legal tender).
kine,kinescope,unrelated,,,,4,,2.11,1.59,,,noun:4,noun:2;verb:1,,,plural of cow,A recording of a television broadcast made by filming the screen of a 
gamedev,game,variant,,,,3,,2.1,5.72,,,noun:2,noun:23;adj:4;verb:4,,NOUN:157,Alternative form of game dev.,A playful or competitive activity.
piquet,picket,unrelated,,,,2,,2.1,3.27,,,noun:2;verb:1,noun:7;verb:5,,NOUN:11,"A game of cards for two people, with thirty-two cards, all the deuces,",A stake driven into the ground.
tawney,tawny,variant,name,,,1,,2.1,2.77,,ADJ,noun:1,noun:9;verb:2;adj:1,PROPN:1,ADJ:4,Obsolete form of tawny.,A light brown to brownish orange colour.
baulk,balk,variant,,,,1,,2.1,2.72,,,noun:1;verb:1,verb:14;noun:12,,VERB:1,Alternative spelling of balk.,"An uncultivated ridge formed in the open field system, caused by the a"
minimisation,minimization,variant,,,,1,,2.1,2.57,,,noun:1,noun:3,,,Alternative spelling of minimization.,The act of lowering something to its smallest value or extent.
damascene,damson,variant,,,,4,,2.1,2.01,,,adj:2;noun:2;verb:1,noun:2;adj:1,,,Archaic form of damson.,"A subspecies of plum tree, Prunus domestica subsp. insititia, native t"
flutist,flautist,variant,,,,1,,2.1,1.97,,,noun:1,noun:1,NOUN:1,NOUN:1,Alternative form of flautist.,One who plays the flute.
saltpeter,saltpetre,reverse,,,,2,,2.1,1.83,,,noun:1;verb:1,noun:2;verb:1,,,Alternative spelling of saltpetre.,Potassium nitrate.
chukka,chukker,unrelated,,,,2,,2.1,1.2,,,noun:2,noun:1,,,chukka boot,"Any of the six playing periods, each 7½ minutes long, of a game of pol"
mumma,mama,variant,,,,2,,2.09,4.24,,,noun:1,noun:12;verb:3;intj:,,NOUN:44,Alternative spelling of mama.,Synonym of mother (“a female parent”).
waggon,wagon,variant,,,,1,,2.09,3.9,,,noun:1;verb:1,noun:11;verb:2,,NOUN:55,Dated spelling of wagon.,A heavier four-wheeled (normally horse-drawn) vehicle designed to carr
riband,ribbon,variant,,,,3,,2.09,3.81,,,noun:2,noun:16;verb:2,,NOUN:12,Archaic form of ribbon.,"A long, narrow strip of material used for decoration of clothing or th"
sylva,silva,variant,,,,1,,2.08,3.77,,,noun:1,noun:1,,,Alternative spelling of silva.,The forest trees of a particular area
derma,dermatologist,unrelated,,,,4,,2.08,3.06,,,noun:3,noun:1,,,The inner layer of the skin.,"A person who is skilled in, professes or practices dermatology."
naturalisation,naturalization,variant,,,,1,,2.08,2.89,,,noun:1,noun:3,,,Alternative spelling of naturalization.,The action of naturalizing somebody; act of granting citizenship.
kasbah,casbah,variant,,name,,1,,2.08,2.2,,,noun:1,noun:3,,PROPN:3,Alternative spelling of casbah.,The fortress in a city in North Africa or the Middle East.
wog,polliwog,unrelated,,,,4,,2.08,0.0,,,noun:8;verb:2,noun:1,,,"A non-white person, especially one of South Asian, Middle Eastern, or ",Alternative form of pollywog.
pendent,pendant,variant,,,,1,,2.07,3.43,,,adj:6;noun:1,noun:12,,OTHER:1,Alternative spelling of pendant.,A supporting post attached to the main rafter.
revitalisation,revitalization,variant,,,,1,,2.07,2.89,,,noun:1,noun:1,,,Non-Oxford British English standard spelling of revitalization.,The process of revitalizing.
decriminalisation,decriminalization,variant,,,,1,,2.07,2.59,,,noun:1,noun:2,,,Non-Oxford British English standard spelling of decriminalization.,The act of making an activity or substance no longer criminalized (no 
mechanisation,mechanization,variant,,,,1,,2.07,2.41,,,noun:1,noun:1,,NOUN:4,Alternative spelling of mechanization.,"The use of machinery to replace human or animal labour, especially in "
carrell,carrel,variant,,name,,1,,2.07,2.05,,,noun:1,noun:4,,PROPN:1,Alternative spelling of carrel.,Alternative spelling of carol (“a small closet or enclosure built agai
cyclopedia,cyclopaedia,reverse,,,,1,,2.07,1.87,,,noun:1,noun:2,,,Alternative spelling of cyclopaedia.,"The circle or compass of the arts and sciences (originally, of the sev"
finalization,finalisation,reverse,,,,1,,2.07,1.79,,,noun:1,noun:1,,,Alternative form of finalisation.,The act or process of finalising.
disfavor,disfavour,reverse,,,,1,,2.07,1.75,,,noun:1;verb:1,noun:3;verb:1,NOUN:2,,Alternative form of disfavour.,Lack of favour; displeasure.
discolouration,discoloration,variant,,,,1,,2.06,2.81,,,noun:1,noun:2,,,Alternative spelling of discoloration.,"The act of discoloring, or the state of being discolored; an alteratio"
loonie,loony,unrelated,,,,2,,2.06,2.78,,,noun:3,adj:2;noun:1,,ADJ:1,The Canadian dollar coin in common circulation since 1987.,An insane or very foolish person.
jailor,jailer,variant,,,,1,,2.06,2.61,,,noun:1,noun:1,,,Alternative spelling of jailer.,One who enforces confinement in a jail or prison.
salable,saleable,variant,,,,1,,2.06,2.34,ADJ,ADJ,adj:1;noun:1,adj:1;noun:1,ADJ:2,,Alternative spelling of saleable.,Something that can be sold.
briony,bryony,variant,,,,1,,2.06,2.3,,,noun:1,noun:1,,,Alternative spelling of bryony.,"A perennial herb of the genus Bryonia, especially the common wild subs"
goiter,goitre,reverse,,,,2,,2.06,1.66,,,noun:1,noun:1,,NOUN:3,Alternative spelling of goitre.,An enlargement of the front and sides of the neck caused by inflammati
hullo,hello,variant,,,,1,,2.05,4.72,,,intj:2;noun:1;verb:1,intj:5;noun:1;verb:1,,OTHER:10,Alternative form of hello.,"""Hello!"" or an equivalent greeting."
carrel,carol,variant,name,name,,2,,2.05,4.02,,,noun:4,verb:5;noun:4,PROPN:1,PROPN:4,Alternative spelling of carol (“a small closet or enclosure built agai,A round dance accompanied by singing.
amuck,amok,variant,,,,2,,2.05,2.77,ADV,ADV,adv:1;noun:1,noun:3;adv:2;verb:1,,,Alternative form of amok.,"One who runs amok; in Malay and Moro/Philippine culture, one who attem"
macaroon,macaron,unrelated,,,,1,,2.05,2.11,,,noun:3,noun:1,,,A soft biscuit or cookie prepared with almond or coconut dough.,"Any of various confections made with almond and egg white, traditional"
curtsy,curtsey,variant,,,,1,,2.05,1.96,,,noun:1;verb:1,noun:1;verb:1,,,Alternative spelling of curtsey.,"A small bow, generally performed by a woman or a girl, where she cross"
darter,daughter,unrelated,,,,3,,2.04,5.07,,,noun:8,noun:7,,NOUN:74,"One who darts, or who throws darts; that which darts.",One’s female offspring.
syphon,siphon,variant,,,,1,,2.04,2.92,,,noun:1;verb:1,noun:3;verb:3,,,Alternative spelling of siphon.,"A bent pipe or tube with one end lower than the other, in which hydros"
ocher,ochre,reverse,,,,2,,2.04,2.69,,,noun:1;verb:1,noun:6;adj:2;verb:1,NOUN:1,NOUN:2,Alternative spelling of ochre.,"A clay earth pigment containing silica, aluminum and ferric oxide."
whir,whirr,variant,,,,1,,2.04,2.01,,,noun:1;verb:1,verb:4;noun:3,NOUN:3,,Alternative spelling of whirr.,A sibilant buzz or vibration; the sound of something in rapid motion.
extraversion,extroversion,variant,,,,1,,2.04,1.92,,,noun:1,noun:3,,,Alternative spelling of extroversion.,The state or quality of being extroverted or an extrovert
faery,fairy,variant,,,,1,,2.03,4.08,,,noun:1,noun:10;adj:1,NOUN:1,NOUN:4,Obsolete spelling of fairy.,"A mythical being of human form with magical powers, known in many size"
conveyer,conveyor,variant,,,,1,,2.03,3.28,,,noun:1,noun:3,,NOUN:3,Alternative spelling of conveyor.,"A person that conveys, transports or delivers."
criminalisation,criminalization,variant,,,,1,,2.03,2.53,,,noun:1,noun:2,,,Non-Oxford British English standard spelling of criminalization.,"The act of making a previously legal activity illegal, the act of maki"
tepee,teepee,variant,,,,1,,2.03,2.25,,,noun:1,noun:3;verb:1,,,Alternative form of teepee.,A cone-shaped tent traditionally used by many native peoples of the Gr
modeller,modeler,variant,,,,1,,2.03,2.24,,,noun:1,noun:4,,,Alternative spelling of modeler.,"a person who makes models, especially from a plastic medium such as cl"
hybridisation,hybridization,variant,,,,1,,2.02,2.82,,,noun:1,noun:4,,,Non-Oxford British English standard spelling of hybridization.,"The act of hybridizing, or the state of being hybridized."
sonography,ultrasonography,unrelated,,,,4,,2.02,2.23,,,noun:2,noun:2,,,Clipping of ultrasonography,The use of ultrasound to produce images of the hidden interior of obje
guilder,gilder,unrelated,,name,,1,,2.02,2.19,,,noun:4,noun:2,,PROPN:1,"The former currency unit in the Netherlands, divided into 100 cents.",One who gilds; especially one whose occupation is to overlay things wi
cozier,cosier,variant,,,,1,,2.02,1.68,ADJ,ADJ,adj:1;noun:1,adj:1;noun:1,ADJ:1,,Alternative form of cosier.,A cobbler.
pavan,pavane,variant,,,,1,,2.02,1.59,,,noun:1,noun:2;verb:1,,,Alternative form of pavane (“musical style and dance”).,A musical style characteristic of the 16th and 17th centuries.
chaw,cha,unrelated,,,,1,,2.01,3.7,,,noun:4;verb:4,noun:2;particle:1;pr,NOUN:1,,That which is chewed.,"Tea, (sometimes dialect) specifically masala chai."
saman,zaman,unrelated,,,,1,,2.01,2.53,,,noun:2,noun:1,,,A fine; a monetary penalty imposed for breaking the law.,"Albizia saman, a large tropical tree in the pea family."
tiro,tyro,variant,,,,1,,2.01,2.26,,,noun:1,noun:1,,,Alternative spelling of tyro.,A beginner; a novice.
forbear,forebear,variant,,,,1,,2.01,1.87,,,verb:4;noun:1,noun:1;verb:1,,,Alternative spelling of forebear.,An ancestor.
estrus,oestrus,reverse,,,,1,,2.01,1.59,,,noun:1,noun:4,,,Alternative spelling of oestrus.,A biting fly of the genus Oestrus; a botfly.
floatation,flotation,variant,,,,1,,2.0,3.13,,,noun:1,noun:4,,,Nonstandard spelling of flotation.,"A state of floating, or being afloat."
ionisation,ionization,variant,,,,1,,2.0,3.03,,,noun:1,noun:1,,,Alternative spelling of ionization.,Any process that leads to the dissociation of a neutral atom or molecu
ascendency,ascendancy,variant,,,,1,,2.0,2.88,,,noun:1,noun:3,NOUN:1,NOUN:1,Alternative spelling of ascendancy.,"The quality of being in the ascendant; dominant control, supremacy."
lynchpin,linchpin,variant,,,,1,,2.0,2.33,,,noun:1;verb:1,noun:2;verb:1,,,Alternative form of linchpin.,"A pin inserted through holes at the end of an axle or shaft, so as to "
archaeopteryx,archeopteryx,variant,,,,1,,2.0,0.0,,,noun:1,noun:1,,,Alternative spelling of archeopteryx.,"A specimen of the species Archaeopteryx lithographica, being the earli"
tole,toll,unrelated,,,,1,,1.99,4.08,,,noun:3;verb:2,verb:15;noun:8,NOUN:2,NOUN:29,A decorative metalware having a lacquered or enamelled surface that is,"A fee paid for some liberty or privilege, particularly for the privile"
jujutsu,jujitsu,variant,,,,1,,1.99,2.24,,,noun:1,noun:3;verb:1,,,Alternative form of jujitsu.,"A Japanese martial art and method of self-defence, typically unarmed, "
jessamine,jasmine,variant,,,,3,,1.98,3.61,,,noun:1,noun:4,,,Dated form of jasmine.,"Any of several plants, of the genus Jasminum, mostly native to Asia, h"
fagot,faggot,variant,,,,1,,1.98,3.48,,,noun:4;verb:1,noun:12;verb:1,,,Alternative spelling of faggot (“bundle of sticks”).,A bundle of sticks or brushwood intended to be used for fuel tied toge
merl,merle,variant,,name,,1,,1.98,3.04,,,noun:1,noun:4,,PROPN:1,Alternative form of merle (blackbird),"A Eurasian blackbird, Turdus merula."
khalif,caliph,variant,,,,4,,1.98,2.91,,,noun:1,noun:1,,,Alternative form of caliph.,The holder of a monarchical title based on a claim to be a successor o
tatu,tattoo,variant,,,,3,,1.97,4.14,,,noun:2;verb:1,noun:7;verb:3,,,Archaic form of tattoo (“decorative ink design on the skin”).,"An image made on a body part, usually the skin with ink and a needle."
khi,chi,variant,,name,,1,,1.97,3.95,,,noun:1,noun:7,,PROPN:2,"Alternative spelling of chi (uppercase Χ, lowercase χ), the 22nd lette",The twenty-second letter of the Classical and Modern Greek alphabets.
soja,soya,variant,,,,1,,1.97,2.74,,,noun:1,noun:1,,,Dated form of soya.,Alternative form of soy.
hypoglycaemia,hypoglycemia,variant,,,,1,,1.97,2.68,,,noun:1,noun:1,,,Alternative spelling of hypoglycemia.,A too low level of blood glucose.
confab,confabulation,unrelated,,,,4,,1.97,1.75,,,noun:1;verb:1,noun:3,,NOUN:3,Clipping of confabulation (“a casual chat or talk”).,A casual conversation; a chat.
baldrick,baldric,variant,,,,1,,1.97,1.5,,,noun:1,noun:4,,,Alternative form of baldric.,"A broad belt, originally of leather and often richly ornamented, worn "
paramedical,paramedic,variant,,,,2,,1.96,3.19,,,adj:2;noun:1,noun:2,,,Alternative form of paramedic.,A person trained to medically stabilize people through various interve
monetisation,monetization,variant,,,,1,,1.96,2.73,,,noun:1,noun:3,,,Non-Oxford British English standard spelling of monetization.,The conversion of something (especially metal) into money.
sepulcher,sepulchre,reverse,,,,2,,1.96,2.68,,,noun:1;verb:1,noun:2;verb:1,,,Alternative form of sepulchre.,A burial chamber.
rubel,ruble,variant,,,,2,,1.96,2.62,,,noun:1,noun:1,,,"Alternative form of ruble (“the monetary unit of Belarus, equal to 100","The monetary unit of Russia, Belarus and Transnistria, equal to 100 ko"
cooly,coolie,variant,,,,2,,1.96,2.36,,,adv:1;noun:1,noun:2,ADV:1,,Alternative spelling of coolie.,"An unskilled Asian worker, usually of Chinese or Indian descent; a lab"
flunky,flunkey,unrelated,,,,1,,1.96,1.22,,,noun:3,noun:2,,,A person who always agrees with their superior or employer.,"An underling; a liveried servant or a footman; servant, retainer – a p"
grannie,granny,variant,,name,,2,,1.95,3.61,,,noun:1,noun:5;verb:2;adj:1,,PROPN:6,Alternative form of granny.,A grandmother.
decolonisation,decolonization,variant,,,,1,,1.95,2.43,,,noun:1,noun:3,,,Alternative spelling of decolonization.,The freeing of a colony etc from dependent status by granting it indep
caplin,capelin,variant,,,,1,,1.95,1.57,,,noun:2,noun:1,,,Alternative form of capelin.,"A fish of species Mallotus villosus, a type of smelt found in the Atla"
royster,roister,variant,,,,1,,1.95,1.15,VERB,VERB,noun:1;verb:1,noun:2;verb:2,,,Obsolete spelling of roister.,A roisterer.
jemmy,jimmy,unrelated,,name,,1,,1.94,4.44,,,noun:4;verb:2;adj:1,noun:10;verb:1,,PROPN:12,A sheep's head used as food.,"Sprinkles used as a topping for ice cream, cookies, or cupcakes."
clime,climb,unrelated,,,,1,,1.94,4.22,,,noun:4;verb:1,verb:11;noun:3,,VERB:19,A particular region defined by its weather or climate.,An act of climbing.
cocoanut,coconut,variant,,,,1,,1.94,3.88,,,noun:1,noun:11,,NOUN:8,Archaic spelling of coconut.,"A fruit of the coconut palm (not a true nut), Cocos nucifera, having a"
carrousel,carousel,variant,,,,1,,1.94,3.21,,,noun:1,noun:7;verb:1,,,Alternative spelling of carousel.,"A pleasure ride, typically found at amusement parks and fairs and acco"
womaniser,womanizer,variant,,,,1,,1.94,2.61,,,noun:1,noun:1,,,Non-Oxford British English standard spelling of womanizer.,"A man who habitually flirts with and seduces, or attempts to seduce, w"
camelia,camellia,variant,,,,1,,1.94,2.52,,,noun:1,noun:1,,,Obsolete form of camellia.,"Any plant of the genus Camellia, shrubs and small trees native to Asia"
dramatisation,dramatization,variant,,,,1,,1.94,2.43,,,noun:1,noun:3,,NOUN:1,Alternative spelling of dramatization.,The act of dramatizing.
caftan,kaftan,variant,,,,1,,1.94,2.04,,,noun:1,noun:2,,,Alternative spelling of kaftan.,A long tunic worn in the Eastern Mediterranean.
abridgement,abridgment,variant,,,,1,,1.94,1.92,,,noun:1,noun:6,,NOUN:1,Alternative form of abridgment.,The act of abridging; reduction or deprivation
kauri,cowrie,unrelated,,,,4,,1.94,1.76,,,noun:4,noun:3,,,"A conifer of the genus Agathis, found in Australasia and Melanesia, es","A small gastropod (Monetaria moneta, syn. Cypraea moneta) common in th"
esthetician,aesthetician,reverse,,,,1,,1.94,1.66,,,noun:1,noun:2,,,Alternative form of aesthetician.,One who studies aesthetics; a student of art or beauty.
burthen,burden,variant,,,,2,,1.93,4.23,,,noun:4;verb:1,noun:13;verb:2,,NOUN:53,Archaic form of burden.,A heavy load.
cooky,cookie,variant,,,,2,,1.93,4.07,,,adj:1;noun:1,noun:14;verb:1,,NOUN:4,Dated spelling of cookie.,"A small, flat, baked good which is either crisp or soft but firm."
pallette,palette,variant,,,,1,,1.93,3.74,,,noun:2,noun:9,,NOUN:5,Alternative form of palette (“a rounded armor plate over the armpit”).,A thin board on which a painter lays and mixes colours.
stanch,staunch,variant,,,,1,,1.93,3.2,ADJ;VERB,ADJ;VERB,verb:8;noun:2;adj:1;,adj:8;noun:5;verb:1,ADJ:2,ADJ:5,Alternative spelling of staunch (“that which stanches; act of stanchin,That which stanches or checks a flow.
virtu,vertu,variant,,,,1,,1.93,2.02,,,noun:1,noun:4,,,Alternative form of vertu.,The fine arts as a subject of study or expertise; understanding of art
baptistery,baptistry,variant,,,,1,,1.93,1.54,,,noun:1,noun:2,NOUN:1,,Alternative spelling of baptistry.,"A designated space within a church, or a separate room or building ass"
amortisation,amortization,variant,,,,1,,1.92,2.97,,,noun:1,noun:2,,NOUN:4,Non-Oxford British English standard spelling of amortization.,The reduction of loan principal over a series of payments.
missis,missus,variant,,,,1,,1.92,2.78,,,noun:2,noun:2,,,"Pronunciation spelling of missus, representing African-American Vernac",Wife or girlfriend.
canonisation,canonization,variant,,,,1,,1.92,2.5,,,noun:1,noun:3,,,Alternative spelling of canonization.,The final process or decree (following beatification) by which the nam
dentine,dentin,variant,,,,1,,1.92,2.22,,,noun:1,noun:1,,,Alternative spelling of dentin.,"The hard, dense calcareous material that makes up the bulk of a tooth."
spick,spic,variant,,,,1,,1.92,2.14,,,noun:2;adj:1;verb:1,noun:2,,ADJ:1,Alternative spelling of spic.,"Synonym of Latino, an inhabitant of Latin America or person of Latin A"
inflator,inflater,variant,,,,1,,1.92,0.0,,,noun:1,noun:3,,,Alternative spelling of inflater.,Someone who inflates.
charr,char,variant,,,,1,,1.91,3.47,,,noun:1,noun:9;verb:7,,VERB:1,Alternative spelling of char (fish),A charred substance.
resister,resistor,variant,,,,1,,1.91,3.01,,,noun:1,noun:2,,NOUN:3,Alternative form of resistor (“one who resists”),"One who resists, especially a person who fights against an occupying a"
synthesiser,synthesizer,variant,,,,1,,1.91,2.81,,,noun:1,noun:5,,,Alternative spelling of synthesizer.,An electronic musical instrument that creates its sounds with electron
largess,largesse,variant,,,,1,,1.91,2.31,,,noun:1,noun:7,NOUN:1,NOUN:1,Alternative spelling of largesse.,"The trait of being willing to donate money, resources, or time; genero"
veldt,veld,variant,,,,1,,1.91,2.28,,,noun:1,noun:1,NOUN:1,,Dated spelling of veld.,The open grassland or pastureland of South Africa and neighbouring cou
coziness,cosiness,reverse,,,,1,,1.91,1.66,,,noun:1,noun:1,,,US standard spelling of cosiness.,The state or quality of being cosy.
taira,tayra,variant,,,,1,,1.91,0.0,,,noun:1,noun:1,,,Alternative form of tayra.,"A South American omnivore, Eira barbara, allied to the grison, with a "
manikin,mannequin,unrelated,,,,4,,1.9,3.06,,,noun:3,noun:4,NOUN:1,NOUN:1,A little man (sometimes as a term of endearment).,"A dummy, or life-size model of the human body, used for martial arts t"
homoeopathy,homeopathy,variant,,,,1,,1.9,2.87,,,noun:1,noun:1,,,Alternative spelling of homeopathy.,"A system of treating diseases with small amounts of substances which, "
mujahedin,mujahideen,variant,,,,3,,1.9,2.71,,,noun:1,noun:1,,,Alternative form of mujahideen.,plural of mujahid
sherbert,sherbet,variant,,,,1,,1.9,2.5,,,noun:1,noun:4,,,Alternative form of sherbet (“food of frozen fruit juice with a dairy ,A dessert of frozen fruit juice with a dairy product such as milk adde
matzah,matzo,variant,,,,2,,1.9,2.2,,,noun:1,noun:2,,,Alternative spelling of matzo.,"Thin, unleavened bread in Jewish cuisine."
leveler,leveller,variant,,,,1,,1.9,2.09,,,adj:1;noun:1,noun:5;adj:1,,,Alternative form of leveller.,A person or thing that levels.
klick,click,unrelated,,,,1,,1.89,4.82,,,noun:3,noun:16;verb:15;intj,,NOUN:2,A kilometer.,"A brief, sharp, not particularly loud, relatively high-pitched sound p"
goodby,goodbye,variant,,,,1,,1.89,4.3,,,intj:1;noun:1,intj:1;noun:1;verb:1,OTHER:1,OTHER:7,Dated form of goodbye.,"An utterance of goodbye, the wishing of farewell to someone."
conk,conch,unrelated,,,,2,,1.89,2.79,,,noun:4;verb:4,noun:5;verb:2,,,The shelf- or bracket-shaped fruiting body of a bracket fungus (also c,A marine gastropod of the family Strombidae which lives in its own spi
pedlar,peddler,variant,,,,2,,1.89,2.61,,,noun:1,noun:3,,NOUN:6,Alternative spelling of peddler.,An itinerant seller of small goods.
demobilisation,demobilization,variant,,,,1,,1.89,2.31,,,noun:1,noun:1,,,Non-Oxford British English standard spelling of demobilization.,The disorganization or disarming of troops which have previously been 
bosun,boatswain,variant,,,,4,,1.89,2.22,,,noun:1,noun:4,,NOUN:3,Alternative form of boatswain (“warrant or petty officer on board a na,A person aboard ship who is in charge of various maritime affairs.
pouf,puff,unrelated,,,,2,,1.88,3.55,,,noun:9;intj:1;verb:1,noun:16;verb:11,,VERB:1,A headdress for women popular in 18th century France.,A sharp exhalation of a small amount of breath through the mouth.
kabob,kebab,reverse,,,,2,,1.88,3.03,,,noun:1;verb:1,noun:8;verb:2,,,US spelling of kebab.,"A dish usually made of cut meat roasted on a skewer or spit, especiall"
dowse,douse,variant,,,,1,,1.88,2.59,,VERB,verb:3;noun:1,verb:5;noun:2,,,Alternative form of douse (“strike”).,A sudden plunging into water.
doxy,doxycycline,unrelated,,,,4,,1.88,2.25,,,noun:5,noun:1,,,"A sweetheart, a prostitute, a mistress or kept woman.","A broad-spectrum antibiotic C₂₂H₂₄N₂O₈ of the tetracycline class, whic"
frangipani,frangipane,unrelated,,,,1,,1.88,1.76,,,noun:4,noun:3,NOUN:1,,Any of several tropical American shrubs and trees of the genus Plumeri,A cream made from ground almonds used in confectionery
valse,waltz,variant,,,,3,,1.87,3.38,,,noun:1;verb:1,verb:4;noun:3,,NOUN:1,Archaic form of waltz.,A ballroom dance in 3/4 time.
hadj,hajj,variant,,,,1,,1.87,3.04,,,noun:1,noun:1,,,Alternative spelling of hajj.,The pilgrimage to Mecca made by pious Muslims; the fifth of the five p
fiord,fjord,variant,,,,1,,1.87,2.81,,,noun:1,noun:1,,,Alternative spelling of fjord.,"A long, narrow, deep inlet between cliffs."
fice,feist,variant,,,,3,,1.87,2.22,,,noun:1,noun:3,,,Alternative form of feist (“a feist dog”).,"A small, snappy, belligerent mixed-breed dog; a feist dog."
linguini,linguine,variant,,,,1,,1.87,2.18,,,noun:1,noun:1,,,Alternative spelling of linguine.,"Ribbons of pasta, cut from a sheet, not as wide as tagliatelle."
selvedge,selvage,variant,,,,2,,1.87,1.67,,,noun:1;verb:1,noun:7;verb:1,,,Alternative spelling of selvage.,"The edge of a woven fabric, where the weft (side-to-side) threads run "
sampan,jampan,unrelated,,,,1,,1.87,0.0,,,noun:3,noun:2,,,A Chinese flat-bottomed wooden boat propelled by two oars.,"Synonym of dandy or tonjon, a kind of open sedan chair, particularly o"
vender,vendor,variant,,,,1,,1.86,3.79,,,noun:1,noun:2;verb:2,,NOUN:1,Dated spelling of vendor.,A person or a company that vends or sells.
interne,intern,variant,,,,1,,1.86,3.67,,,noun:1;verb:1,verb:4;noun:3;adj:1,NOUN:2,NOUN:2,Archaic spelling of intern.,"A person who is interned, forcibly or voluntarily."
catsup,ketchup,variant,,,,4,,1.86,3.46,,,noun:1,noun:2;verb:1,NOUN:3,NOUN:3,Alternative form of ketchup.,"Ellipsis of tomato ketchup (“a tomato-vinegar-based sauce, sometimes c"
qat,khat,variant,,,,2,,1.86,2.22,,,noun:1,noun:1,,,"Alternative form of khat, a psychoactive stimulant obtained from the p","A shrub, Catha edulis, whose leaves are used as a mild stimulant when "
tympani,timpani,variant,,,,1,,1.86,2.19,,,noun:1,noun:2,,,Alternative spelling of timpani.,The set of precision kettledrums in an orchestra.
amenorrhea,amenorrhoea,reverse,,,,1,,1.86,1.15,,,noun:1,noun:1,,,Alternative spelling of amenorrhoea.,Absence of menstrual discharge.
clew,clue,unrelated,,,,2,,1.85,4.18,,,noun:7;verb:2,noun:5;verb:3,,NOUN:16,A roughly spherical mass or body.,A strand of yarn etc. as used to guide one through a labyrinth; someth
tzar,tsar,variant,,name,,1,,1.85,3.16,,,noun:1,noun:2,,PROPN:1,Alternative spelling of tsar.,An emperor of Russia (1547 to 1917) and of some South Slavic states.
spiff,spliff,unrelated,,,,1,,1.85,2.34,,,noun:4;verb:3;adj:1,noun:1;verb:1,,,"Attractiveness or charm in dress, appearance, or manner.",A cannabis cigarette.
lodgement,lodgment,variant,,,,1,,1.85,1.27,,,noun:1,noun:4,,NOUN:1,Alternative spelling of lodgment.,An area used for lodging; a place in which a person or thing is or can
meq,milliequivalent,unrelated,,,,4,,1.85,0.0,,,noun:1,noun:1,NOUN:1,,Abbreviation of milliequivalent,One thousandth of an equivalent
spirt,spurt,variant,,,,1,,1.84,2.84,,,noun:1;verb:1,noun:6;verb:3,,NOUN:2,Archaic spelling of spurt.,"A brief gush, as of liquid spurting from an orifice or a cut/wound."
stye,sty,unrelated,,,,1,,1.84,2.47,,,noun:2,noun:4;verb:3,,,A bacterial infection in the eyelash or eyelid.,A pen or enclosure for swine.
litchi,lychee,variant,,,,4,,1.84,2.25,,,noun:1,noun:3,,,Alternative spelling of lychee.,"The Chinese tropical fruit tree Litchi chinensis, of the soapberry fam"
jiujitsu,jujitsu,variant,,,,1,,1.84,2.24,,,noun:1,noun:3;verb:1,,,Alternative spelling of jujitsu.,"A Japanese martial art and method of self-defence, typically unarmed, "
ploughman,plowman,variant,,,,3,,1.84,2.22,,,noun:1,noun:1,,,Alternative spelling of plowman.,A man who plows land with a plow.
darkie,darkey,variant,,,,2,,1.84,0.0,,,noun:1,noun:3,,,Alternative spelling of darkey.,A person with dark skin.
nones,noon,unrelated,,,,3,,1.83,4.11,,,noun:6,noun:6;verb:1,,NOUN:31,"The notional first-quarter day of a Roman month, occurring on the 7th ",The time of day when the Sun seems to reach its highest point in the s
yack,yak,variant,,,,1,,1.83,3.12,,,noun:3;verb:1,noun:8;verb:2,,,Alternative form of yak (“chatter; talk”).,"An ox-like mammal native to the Himalayas, Mongolia, Myanmar, and Tibe"
valency,valence,variant,,,,1,,1.83,2.9,,,noun:6,noun:7,,,"Alternative form of valence (“the combining capacity of an atom, funct","The combining capacity of an atom, functional group, or radical determ"
crape,crepe,variant,,,,1,,1.83,2.87,,,noun:2;verb:2,noun:5;verb:3,,NOUN:1,"Alternative form of crepe (“a thin fabric, paper, or pancake”).","A flat round pancake-like pastry from Lower Brittany, made with wheat."
thiamin,thiamine,variant,,,,1,,1.83,2.27,,,noun:1,noun:1,NOUN:1,,Alternative spelling of thiamine.,"One of the constituents of vitamin B complex, found in meat, yeast and"
medivac,medevac,variant,,,,1,,1.83,2.23,,,noun:1;verb:1,noun:3;verb:1,,,Alternative form of medevac.,"The emergency transportation, usually by air, of patients to a medical"
ghillie,gillie,unrelated,,,,1,,1.83,2.1,,,noun:2;verb:1,noun:3;verb:1,,,A low-cut type of shoe with decorative lacing.,A male attendant of a Scottish Highland chief.
kindergartener,kindergartner,variant,,,,1,,1.83,1.98,,,noun:1,noun:2,,,Alternative form of kindergartner.,A child who attends a kindergarten.
dhal,dal,variant,,,,1,,1.82,3.25,,,noun:1,noun:3,,,Alternative spelling of dal.,"Any of many dried husked pulses (legume), including peas, beans and le"
crystallisation,crystallization,variant,,,,1,,1.82,2.64,,,noun:1,noun:4,,NOUN:3,Alternative spelling of crystallization.,The act or process by which a substance in solidifying assumes the for
whacko,wacko,variant,,,,1,,1.82,2.38,,,adj:1;noun:1,adj:1;intj:1;noun:1,,,Alternative spelling of wacko.,An amusingly eccentric or irrational person.
quaff,coif,unrelated,,,,4,,1.82,2.09,,,noun:2;verb:1,noun:4;verb:1,,,The act of quaffing; a deep draught.,A hairdo.
reflexion,reflection,variant,,,,2,,1.81,4.17,,,noun:2,noun:8,,NOUN:36,Dated spelling of reflection.,The act of reflecting or the state of being reflected.
broncho,bronco,variant,,,,1,,1.81,2.99,,,noun:1,noun:1,,,Alternative spelling of bronco.,A horse of western North America that is wild or not fully broken.
militarisation,militarization,variant,,,,1,,1.81,2.57,,,noun:1,noun:1,,,Alternative form of militarization.,"The process whereby some area, procedure, aspect of culture, etc., bec"
straightjacket,straitjacket,variant,,,,2,,1.81,2.38,,,noun:1,noun:2;verb:2,,NOUN:1,Misspelling of straitjacket.,A jacketlike garment with very long sleeves which can be secured in pl
behaviourist,behaviorist,variant,,,,1,,1.81,2.27,,,noun:2,noun:2;adj:1,,,British standard spelling of behaviorist,One who studies behavior of humans or animals.
skullduggery,skulduggery,reverse,,,,1,,1.81,1.99,,,noun:1,noun:2,,,US spelling of skulduggery.,A devious device or trick.
cecum,caecum,reverse,,,,1,,1.81,1.86,,,noun:1,noun:1,,,Alternative form of caecum.,"A cavity open at one end (such as the blind end of a duct), especially"
floozy,floozie,variant,,,,2,,1.81,1.12,,,noun:1,noun:2,,,Alternative spelling of floozie.,A vulgar or sexually promiscuous woman; a hussy or slattern.
cocain,cocaine,variant,,,,1,,1.8,3.98,,,noun:1,noun:3;verb:1,,NOUN:2,Obsolete spelling of cocaine.,An addictive drug derived from coca (Erythroxylum) or prepared synthet
czarina,tsarina,variant,,,,2,,1.8,1.94,,,noun:1,noun:1,NOUN:2,,Alternative spelling of tsarina.,"An empress of several Eastern European countries, especially Russia, o"
pixy,pixie,variant,,,,2,,1.79,3.15,,,noun:1,noun:5,,,Alternative spelling of pixie.,A playful sprite or elflike or fairy-like creature.
quicky,quickie,variant,,,,2,,1.79,2.76,,,noun:1,noun:3,,NOUN:2,Alternative spelling of quickie.,Something made or done swiftly.
destabilisation,destabilization,variant,,,,1,,1.79,2.51,,,noun:1,noun:1,,,Alternative spelling of destabilization.,The act or process of destabilizing.
secularisation,secularization,variant,,,,1,,1.79,2.37,,,noun:1,noun:3,,,Non-Oxford British English standard spelling of secularization.,The transformation of a society from close identification with religio
pharmacopeia,pharmacopoeia,reverse,,,,1,,1.79,2.12,,,noun:1,noun:2,,NOUN:1,Alternative form of pharmacopoeia.,"A text describing medicines and pharmacological substances, especially"
rheum,rheumatologist,unrelated,,,,4,,1.79,2.08,,,noun:4,noun:1,NOUN:1,,"Thin or watery discharge of mucus or serum, especially from the eyes o",A doctor specializing in the treatment of arthritis and other ailments
distention,distension,variant,,,,1,,1.79,1.94,,,noun:1,noun:1,,NOUN:1,Alternative form of distension (“the act of distending”).,The act of distending.
swop,swap,variant,,,,1,,1.78,3.94,,,noun:2;verb:1,noun:5;verb:4,,NOUN:13,Alternative spelling of swap.,An exchange of two comparable things.
chimaera,chimera,variant,,,,1,,1.78,2.85,,,noun:2,noun:8,,,Alternative spelling of chimera.,"Alternative letter-case form of Chimera, a supposed monster in Lycia w"
gingko,ginkgo,variant,,,,2,,1.78,2.39,,,noun:1,noun:2,,NOUN:1,Alternative spelling of ginkgo.,"Any trees native to China with small, fan-shaped leaves and edible see"
hankie,hanky,variant,,,,2,,1.78,2.37,,,noun:1,noun:1,,,Alternative form of hanky.,Diminutive of handkerchief.
mizen,mizzen,variant,,,,1,,1.78,2.04,,,noun:1,noun:2;adj:1,,,Alternative spelling of mizzen.,Mizzenmast.
belieber,believer,variant,,,,1,,1.77,3.67,,,noun:2,noun:1,,NOUN:4,Pronunciation spelling of believer.,A person who believes; especially regarding religion.
aerofoil,airfoil,variant,,,,2,,1.77,2.41,,,noun:1,noun:2,,,UK standard form of airfoil.,A structure shaped to produce lift when moving in air.
benni,benne,variant,,,,1,,1.77,1.57,,,noun:1,noun:1,,,Alternative form of benne (“sesame”).,Sesame.
disfunction,dysfunction,variant,,,,1,,1.76,3.52,,,noun:1,noun:1;verb:1,,,Nonstandard spelling of dysfunction.,A failure to function in an expected or complete manner. Usually refer
caldron,cauldron,variant,,,,1,,1.76,3.06,,,noun:1,noun:3,,,Archaic spelling of cauldron.,A large bowl-shaped pot used for boiling over an open flame.
hinderance,hindrance,variant,,,,1,,1.76,3.01,,,noun:1,noun:2,,,Archaic spelling of hindrance.,Something which hinders: something that holds back or causes problems 
frier,fryer,variant,,,,1,,1.76,2.99,,,noun:2,noun:4,,,Alternative spelling of fryer.,A machine or container for frying food.
rhumba,rumba,variant,,,,1,,1.76,2.63,,,noun:1;verb:1,noun:1;verb:1,,,Alternative spelling of rumba.,A slow-paced Cuban partner dance in 4:4 time.
frangipane,frangipani,unrelated,,,,1,,1.76,1.88,,,noun:3,noun:4,,NOUN:1,A cream made from ground almonds used in confectionery,Any of several tropical American shrubs and trees of the genus Plumeri
bunko,bunco,variant,,,,1,,1.76,1.76,,,noun:1;verb:1,noun:3;verb:1,,NOUN:1,Alternative spelling of bunco.,A swindle or confidence trick.
yobo,yobbo,variant,,,,1,,1.76,1.14,,,noun:3,noun:1,,,Alternative form of yobbo (“person engaging in antisocial behaviour or,A yob.
mortgagor,mortgager,variant,,,,1,,1.76,0.0,,,noun:1,noun:1,,,Alternative spelling of mortgager.,One who uses property they own as security for a loan: the borrower in
inclosure,enclosure,variant,,,,1,,1.75,3.61,,,noun:1,noun:7,,NOUN:7,Alternative spelling of enclosure.,"Something that is enclosed, i.e. inserted into a letter or similar pac"
carcase,carcass,variant,,,,1,,1.75,3.21,,,noun:1,noun:6,,NOUN:7,Alternative form of carcass.,"The body of a dead animal, especially a vertebrate or other animal hav"
serialisation,serialization,variant,,,,1,,1.75,2.42,,,noun:1,noun:2,,,Alternative spelling of serialization.,The process or action of converting something in a serial or into seri
boulle,buhl,variant,name,,,3,,1.75,2.08,,,noun:1,noun:2,PROPN:1,,Alternative form of buhl.,"A particularly decorative piece of brass or other material, used as in"
shirtsleeves,shirt,unrelated,,,,4,,1.74,4.63,,,noun:3,noun:3;verb:1,,NOUN:27,plural of shirtsleeve,"An article of clothing that is worn on the upper part of the body, oft"
distributer,distributor,variant,,,,1,,1.74,3.66,,,noun:1,noun:4,,NOUN:12,Alternative form of distributor.,One who or that which distributes.
scaup,scalp,unrelated,,,,1,,1.74,3.48,,,noun:2,verb:9;noun:7,,NOUN:5,Any of three species of small diving duck in the genus Aythya.,The top of the head; the skull.
facia,fascia,variant,,,,1,,1.74,2.98,,,noun:1,noun:9,,,Alternative form of fascia.,"A wide band of material covering the ends of roof rafters, sometimes s"
signior,signore,variant,,name,,2,,1.74,2.19,,,noun:1,noun:1,,PROPN:2,Alternative form of signore.,A courtesy title for Italian men.
teetotaller,teetotaler,variant,,,,1,,1.74,1.86,,,noun:1,noun:1,,NOUN:2,British standard spelling of teetotaler.,A person who completely abstains from alcoholic beverages.
axilla,axil,unrelated,,,,2,,1.74,1.52,,,noun:3,noun:1,,,"The armpit, or the cavity beneath the junction of the arm and shoulder","The angle or point of divergence between the upper side of a branch, l"
souse,source,unrelated,,,,2,,1.73,5.15,,,noun:12;verb:5;adv:1,noun:7;verb:2,,NOUN:127,Something kept or steeped in brine.,"The person, place, or thing from which something (information, goods, "
milage,mileage,variant,,,,1,,1.73,3.64,,,noun:1,noun:7,,NOUN:15,Alternative spelling of mileage.,The total distance travelled in miles or in air miles.
polymerisation,polymerization,variant,,,,1,,1.73,2.85,,,noun:1,noun:1,,NOUN:7,Alternative spelling of polymerization.,"The chemical process, normally with the aid of a catalyst, to form a p"
summerset,somersault,variant,,,,4,,1.73,2.48,,,noun:1;verb:1,noun:1;verb:1,,NOUN:2,Archaic spelling of somersault.,"Starting on one's feet, an instance of rotating one's body 360 degrees"
molder,moulder,reverse,,,,1,,1.73,2.12,VERB,VERB,noun:1;verb:1,noun:8;verb:5,,,US standard spelling of moulder.,A person who moulds dough into loaves for baking into bread.
papaw,pawpaw,variant,,,,1,,1.73,2.06,,,noun:2,noun:5,,,Alternative form of pawpaw.,Any of several types of trees having edible fruit
smoulder,smolder,unrelated,,,,1,,1.73,2.01,,,noun:3;verb:2,verb:3;noun:1,,,smoke; smother,The act of smoldering or something that smolders.
darky,darkey,variant,,,,1,,1.73,0.0,,,noun:3,noun:3,,,Alternative spelling of darkey (“dark-skinned person”).,A person with dark skin.
zombi,zombie,variant,,,,1,,1.72,3.94,,,noun:1,noun:14,,NOUN:1,Uncommon spelling of zombie.,"A person, usually undead, animated by unnatural forces (such as magic)"
dependance,dependence,variant,,,,1,,1.72,3.66,,,noun:2,noun:2,,NOUN:15,Archaic spelling of dependence.,"The state of being dependent, of relying upon another."
propellor,propeller,variant,,,,1,,1.72,3.33,,,noun:1,noun:4,,NOUN:2,Nonstandard spelling of propeller.,"One who, or that which, propels."
pigmy,pygmy,variant,,,,1,,1.72,2.72,,,adj:1;noun:1,noun:5;adj:2,,,Archaic spelling of pygmy.,"A member of various legendary races of dwarfs, or supernatural peoples"
mujahedeen,mujahideen,variant,,,,1,,1.72,2.71,,,noun:1,noun:1,,,Alternative spelling of mujahideen.,plural of mujahid
madrasah,madrasa,variant,,,,1,,1.72,2.23,,,noun:1,noun:1,,,Alternative spelling of madrasa,"A school for any kind of teaching, at any grade level; usually specifi"
aggrandisement,aggrandizement,variant,,,,1,,1.72,2.16,,,noun:1,noun:1,,,Alternative form of aggrandizement.,"The act of aggrandizing, or the state of being aggrandized or exalted "
armourer,armorer,variant,,,,1,,1.72,1.95,,,noun:1,noun:3,,,Alternative spelling of armorer.,"A manufacturer of weapons, especially of guns."
adz,adze,variant,,,,1,,1.72,1.78,,,noun:1;verb:1,noun:1;verb:1,,,Alternative spelling of adze.,A cutting tool that has a curved blade set at a right angle to the han
fellah,fella,unrelated,,,,1,,1.71,3.49,,,noun:2,noun:3,,NOUN:6,"A peasant, farmer or agricultural laborer in the Middle East and North",Pronunciation spelling of fellow.
baboo,babu,variant,,,,2,,1.71,2.98,,,noun:1,noun:3,,,Archaic spelling of babu.,"A Hindu title of respect, equivalent to Mr., usually appended to the s"
dreadnaught,dreadnought,variant,,name,,1,,1.7,2.62,,,noun:1,noun:8,,PROPN:6,Alternative spelling of dreadnought.,"A battleship, especially of the World War I era, in which most of the "
tike,tyke,variant,,,,1,,1.7,2.15,,,noun:4,noun:5,,,Alternative spelling of tyke (mongrel dog),A mongrel dog.
widgeon,wigeon,variant,,,,1,,1.7,1.73,,,noun:1,noun:2,,,Alternative spelling of wigeon.,Any of three freshwater dabbling ducks.
khalifah,caliph,variant,,,,4,,1.69,2.91,,,noun:1,noun:1,,,Alternative form of caliph.,The holder of a monarchical title based on a claim to be a successor o
yeshivah,yeshiva,variant,,,,1,,1.69,2.67,,,noun:1,noun:1,,,Alternative spelling of yeshiva.,An academy for the advanced study of Jewish texts.
tranquilliser,tranquilizer,unrelated,,,,2,,1.69,2.33,,,noun:1,noun:3,,NOUN:1,Non-Oxford British English standard spelling of tranquilizer.,That which tranquillizes or soothes.
disorganisation,disorganization,variant,,,,1,,1.69,2.32,,,noun:1,noun:2,,NOUN:1,Alternative spelling of disorganization.,The act of disorganizing; destruction of system.
quat,khat,unrelated,,,,2,,1.69,2.22,,,noun:4;verb:3;adj:2,noun:1,,,A pustule.,"A shrub, Catha edulis, whose leaves are used as a mild stimulant when "
desalinization,desalinisation,reverse,,,,1,,1.69,0.0,,,noun:1,noun:1,,,Alternative form of desalinisation.,The removal of salt and other minerals from water; desalination.
polychaete,polychete,variant,,,,1,,1.69,0.0,,,noun:1,noun:1,,,Alternative spelling of polychete.,"Any of many annelid worms, of the class Polychaeta, such as the lugwor"
jook,juke,unrelated,,,,3,,1.68,2.82,,,noun:7;verb:2,verb:9;noun:5,,NOUN:2,A quick movement to evade something.,"A roadside cafe or bar, especially one with dancing and sometimes pros"
sensitisation,sensitization,variant,,,,1,,1.68,2.39,,,noun:1,noun:1,,,Alternative spelling of sensitization.,The process of making something sensitive.
moong,mung,variant,,,,2,,1.68,2.37,,,noun:1,verb:2;noun:1,,,Alternative spelling of mung.,"mung bean (Vigna radiata, syn. Phaseolus aureus), cultivated for its s"
conjuror,conjurer,variant,,,,1,,1.68,2.24,,,noun:2,noun:5,,,Alternative spelling of conjurer.,"One who conjures, a magician."
digitalisation,digitalization,variant,,,,1,,1.68,2.09,,,noun:1,noun:1,,NOUN:1,Alternative spelling of digitalization.,Synonym of digitization.
professionalisation,professionalization,variant,,,,1,,1.68,2.03,,,noun:1,noun:1,,,Alternative spelling of professionalization.,"The act or process of professionalizing, or becoming professional."
chiasm,chiasma,variant,,,,1,,1.68,1.18,,,noun:2,noun:3,,,Alternative form of chiasma.,"A crossing of two nerves, ligaments etc."
demonisation,demonization,variant,,,,1,,1.67,2.24,,,noun:1,noun:2,,,Alternative spelling of demonization.,The act of demonizing.
crocket,croquette,unrelated,,,,4,,1.67,1.74,,,noun:3,noun:1,,,Any of a series of hook-shaped decorative floral elements used in Goth,"A minced, cooked food (usually meat or vegetables), which is deep-frie"
stockinette,stockinet,variant,,,,2,,1.67,0.0,,,noun:1,noun:1,,,Alternative spelling of stockinet.,"An elastic textile fabric imitating knitting, of which stockings, unde"
plier,pliers,plural,,,,1,canonical,1.66,2.9,,,noun:2,noun:2,,NOUN:1,One who plies.,A pincer-like gripping tool that multiplies the strength of the user's
mavin,maven,variant,,,,1,,1.66,2.88,,,noun:1,noun:1,,,Alternative spelling of maven.,"An expert in a given field; also, a person who is interested in and kn"
maximisation,maximization,variant,,,,1,,1.66,2.42,,,noun:1,noun:2,,NOUN:7,Alternative spelling of maximization.,The act of raising something to its greatest value or extent.
internalisation,internalization,variant,,,,1,,1.66,2.29,,,noun:1,noun:1,,,Non-Oxford British English standard spelling of internalization.,The process of internalizing something.
collectivisation,collectivization,variant,,,,1,,1.66,2.26,,,noun:1,noun:2,,,Alternative spelling of collectivization.,The act of collectivizing
nonsuch,nonesuch,variant,,,,1,,1.66,1.94,,,noun:1,noun:2;adj:1,,,Alternative spelling of nonesuch.,A person or thing with no equal.
inflexion,inflection,variant,,,,2,,1.65,2.88,,,noun:1,noun:8,,NOUN:3,Dated spelling of inflection.,"The linguistic phenomenon of morphological variation, whereby terms ta"
gaoler,jailer,variant,,,,2,,1.65,2.61,,,noun:1,noun:1,,,Dated spelling of jailer.,One who enforces confinement in a jail or prison.
nark,narc,unrelated,,,,1,,1.65,2.61,,,verb:4;noun:3,noun:3;verb:2,,,A police spy or informer.,A police officer or federal agent assigned to or engaging in illegal n
stigmatisation,stigmatization,variant,,,,1,,1.65,2.27,,,noun:1,noun:2,,,Alternative spelling of stigmatization.,The process or act of stigmatizing.
familiarisation,familiarization,variant,,,,1,,1.65,2.02,,,noun:1,noun:1,,NOUN:1,Alternative spelling of familiarization.,"The act, process or result of familiarizing."
tercel,tiercel,variant,,,,1,,1.65,0.0,,,noun:1,noun:1,,,Alternative form of tiercel.,A male hawk or falcon.
gramme,gram,variant,,,,2,,1.64,3.76,,,noun:1,noun:7;name:1;verb:1,,NOUN:10,Alternative spelling of gram.,A unit of mass equal to one-thousandth of a kilogram. Symbol: g.
convertor,converter,variant,,,,1,,1.64,3.41,,,noun:1,noun:8,,,Alternative form of converter.,A person or thing that converts.
mynah,myna,variant,,,,1,,1.64,1.66,,,noun:1,noun:1,,,Alternative spelling of myna.,One of the South and East Asian birds of the starling family Sturnidae
salade,sallet,variant,,,,3,,1.64,1.26,,,noun:2,noun:2,,,"Alternative form of sallet, a kind of helmet.",A type of light spherical combat helmet used in the 15th century.
deciliter,decilitre,reverse,,,,2,,1.64,0.0,,,noun:1,noun:1,,,US spelling of decilitre.,An SI unit of fluid equal to 10⁻¹ liters. Symbol: dl.
conservativism,conservatism,variant,,,,2,,1.63,3.42,,,noun:1,noun:2,,NOUN:10,Rare form of conservatism.,A political philosophy that advocates traditional values.
letch,leach,unrelated,name,,,1,,1.63,3.25,,,noun:4;verb:2,noun:4;verb:3,PROPN:19,,Strong desire; passion.,"A quantity of wood ashes, through which water passes, and thus imbibes"
chequer,checker,unrelated,,,,2,,1.63,3.08,,,noun:2;verb:1,noun:8;verb:2,,NOUN:1,"The edible fruit of the wild service tree, Sorbus torminalis.",One who or that which checks or verifies something.
memorisation,memorization,variant,,,,1,,1.63,2.59,,,noun:1,noun:1,,NOUN:1,Alternative spelling of memorization.,The act of committing something to memory or memorizing.
tamal,tamale,variant,,,,1,,1.63,2.48,,,noun:1,noun:1,,NOUN:1,Alternative form of tamale (Mexican food dish).,A Mexican dish of cornmeal dough shell filled with various ingredients
arrack,arak,unrelated,,,,2,,1.63,2.29,,,noun:3,noun:3,NOUN:1,NOUN:1,An alcoholic drink distilled from coconut palm flowers in South Asia.,"A clear, unsweetened aniseed-flavoured alcoholic drink, produced and c"
immobilisation,immobilization,variant,,,,1,,1.63,2.28,,,noun:1,noun:2,,,Alternative spelling of immobilization.,The act or process of preventing a thing from moving.
popularisation,popularization,variant,,,,1,,1.63,2.23,,,noun:1,noun:1,,,Non-Oxford British English standard spelling of popularization,The act of making something popular to the general public.
numberplate,plate,unrelated,,,,4,,1.62,4.55,,,noun:1,noun:40;verb:8,,NOUN:26,Alternative spelling of number plate.,A slightly curved but almost flat dish from which food is served or ea
hyaena,hyena,variant,,,,1,,1.62,2.8,,,noun:1,noun:2,,NOUN:1,Dated spelling of hyena.,Any of the medium-sized to large feliform carnivores of the family Hya
delf,delft,unrelated,,,,1,,1.62,2.72,,,noun:3,noun:2,,,"A mine, quarry, pit dug; ditch.",Alternative form of Delft (“style of earthenware”).
hotchpotch,hodgepodge,unrelated,,,,4,,1.62,2.38,,,noun:4,noun:2;verb:1,,NOUN:1,"The blending together of property so as to achieve equal division, esp",A collection containing a variety of miscellaneous things.
calk,caulk,unrelated,,,,1,,1.62,2.29,,,verb:4;noun:3,noun:4;verb:4,,,A pointed projection on a horseshoe to prevent its slipping.,Caulking.
hoagy,hoagie,variant,name,,,2,,1.62,2.12,,,noun:1,noun:2,PROPN:1,,Alternative form of hoagie.,A sandwich made on a long Italian bread or Italian roll.
willfulness,wilfulness,variant,,,,1,,1.62,1.27,,,noun:1,noun:1,,,Alternative form of wilfulness.,The state or condition of being wilful; stubbornness.
halm,haulm,variant,,,,1,,1.62,0.0,,,noun:1,noun:3,,,Alternative spelling of haulm.,"The stems of various cultivated plants, left after harvesting the crop"
cannister,canister,variant,,,,1,,1.61,3.09,,,noun:1,noun:7;verb:1,,NOUN:2,Obsolete form of canister.,"A cylindrical or rectangular container usually of lightweight metal, p"
appetiser,appetizer,variant,,,,1,,1.61,2.86,,,noun:1,noun:2,,,Alternative spelling of appetizer.,"A small, light, and usually savory first course in a meal."
actualisation,actualization,variant,,,,1,,1.61,2.46,,,noun:1,noun:1,,,Alternative spelling of actualization.,Making actual or really existent.
borsch,borscht,variant,,,,1,,1.61,2.26,,,noun:1,noun:2,,,Alternative spelling of borscht.,"A beetroot soup that can be served hot or cold, usually with sour crea"
ampule,ampoule,variant,,,,1,,1.61,2.04,,,noun:1,noun:1,,,Alternative spelling of ampoule.,"A small hermetically sealed vial, often used to contain a sterile solu"
centerboard,centreboard,variant,,,,2,,1.61,1.07,,,noun:1,noun:1,,,Alternative spelling of centreboard.,"The adjustable keel on a small yacht or dinghy that acts, among other "
brasier,brazier,variant,,,,1,,1.6,2.53,,,noun:1,noun:2,,NOUN:1,Alternative spelling of brazier.,A worker in brass; a brassworker.
breathalyser,breathalyzer,variant,,,,1,,1.6,2.39,,,noun:1,noun:1,,,Alternative spelling of breathalyzer.,A device that measures alcohol in expired air so as to estimate the co
shaytan,shaitan,variant,,,,1,,1.6,1.88,,,noun:1,noun:2,,,Alternative spelling of shaitan.,a demon/devil; or evil jinn.
marabout,marabou,unrelated,,,,1,,1.6,1.83,,,noun:3,noun:4,,,"A Muslim holy man or mystic, especially in parts of North Africa.","Leptoptilos crumeniferus, a large wading bird native to Africa, with a"
enology,oenology,reverse,,,,1,,1.6,1.47,,,noun:1,noun:1,,,Alternative form of oenology.,The scientific study of wines and winemaking.
quartette,quartet,variant,,,,2,,1.59,3.54,,,noun:1,noun:4,,NOUN:9,Alternative spelling of quartet.,"A group of four people or things, particularly"
jehad,jihad,variant,,name,,1,,1.59,3.49,,,noun:1,noun:3;verb:1,,PROPN:2,Alternative spelling of jihad.,A holy war undertaken by Muslims.
ischaemia,ischemia,variant,,,,1,,1.59,2.85,,,noun:1,noun:1,,,Alternative spelling of ischemia.,Local disturbance in blood circulation due to mechanical obstruction o
smoothy,smoothie,variant,,,,2,,1.58,3.25,,,noun:2;adj:1,noun:5,,,Alternative spelling of smoothie.,A smooth-talking person.
ameba,amoeba,reverse,,,,1,,1.58,2.64,,,noun:1,noun:6,,,Alternative spelling of amoeba.,A member of the genus Amoeba of unicellular protozoa that moves by mea
ignitor,igniter,variant,,,,1,,1.58,2.18,,,noun:1,noun:1,,,Alternative spelling of igniter.,"Any device that is used to ignite something, especially a fuel mixture"
pilau,pilaf,variant,,,,1,,1.58,2.17,,,adj:1;noun:1,noun:1,,,Alternative spelling of pilaf.,"A dish made by browning grain, typically rice, in oil and then cooking"
spiraea,spirea,variant,,,,1,,1.58,1.43,,,noun:1,noun:2,,,Alternative form of spirea.,"Any of the many flowering shrubs of the genus Spiraea, that have clust"
praetorium,pretorium,variant,,,,1,,1.58,0.0,,,noun:1,noun:4,,,Alternative form of pretorium.,The general's tent in an Ancient Roman camp.
gelly,jelly,variant,name,,,1,,1.57,3.77,,,noun:2,noun:12;verb:3;adj:1,PROPN:1,NOUN:3,Obsolete spelling of jelly.,A dessert made by boiling gelatine (or a plant-based alternative such 
scrummage,scrimmage,unrelated,,,,1,,1.57,3.04,,,noun:4;verb:1,noun:3;verb:1,,NOUN:1,"An ordered formation of forwards, typically bending down, binding to o",A rough fight.
chitlins,chitterlings,variant,,,,4,,1.57,1.43,,,noun:1,noun:2,,,Pronunciation spelling of chitterlings.,"Small intestine, cleaned and defatted, usually of a pig. Sometimes pre"
sweetbriar,sweetbrier,variant,,,,1,,1.57,0.0,,,noun:1,noun:1,,,Alternative form of sweetbrier.,"A Eurasian rose (Rosa rubiginosa, syn. Rosa eglanteria), having prickl"
resistent,resistant,variant,,,,1,,1.56,3.99,ADJ,,adj:1;noun:1,adj:3;noun:2,,ADJ:5,Misspelling of resistant.,A person who resists; especially a member of a resistance movement.
ranee,rani,variant,,,,2,,1.56,2.99,,,noun:1,noun:2,,,Alternative spelling of rani.,The wife of a rajah.
pantie,panty,variant,,,,2,,1.56,2.97,,,noun:1,noun:3,,,Alternative form of panty.,"Short trousers for men, or more usually boys."
honkey,honky,variant,,,,1,,1.56,2.79,,,noun:1,noun:2,,,Alternative spelling of honky.,A white (Caucasian) person.
shmuck,schmuck,variant,,,,1,,1.56,2.52,,,noun:1,noun:2;verb:2,,,Alternative spelling of schmuck.,"A jerk; a person who is unlikable, detestable, or contemptible because"
vaporiser,vaporizer,variant,,,,1,,1.56,2.52,,,noun:1,noun:3,,,Alternative spelling of vaporizer.,"A device with a heating element, used to vaporize a liquid."
dehumanisation,dehumanization,variant,,,,1,,1.56,2.32,,,noun:1,noun:1,,,Non-Oxford British English standard spelling of dehumanization.,The act or process of dehumanizing.
regularisation,regularization,variant,,,,1,,1.56,2.26,,,noun:1,noun:2,,,Non-Oxford British English standard spelling of regularization.,"The act of making regular, of regularizing."
cognisance,cognizance,variant,,,,1,,1.56,2.25,,,noun:1,noun:3,,NOUN:2,Alternative spelling of cognizance.,"An emblem, badge or device, used as a distinguishing mark by the body "
dyspnoea,dyspnea,variant,,,,1,,1.56,2.16,,,noun:1,noun:1,,,Alternative spelling of dyspnea.,Difficult or laboured breathing.
arcsec,arcsecond,unrelated,,,,3,,1.56,1.34,,,noun:1,noun:1,,,Abbreviation of arcsecond.,"A unit of angle; 1/60th of an arcminute, or 1/3600th of a degree."
aegir,eagre,variant,,,,4,,1.56,0.0,,,noun:1,adj:1;noun:1,,,Alternative spelling of eagre.,a tidal bore
humourist,humorist,variant,,,,1,,1.55,2.44,,,noun:1,noun:4,,,Alternative spelling of humorist.,Someone who believes that health and temperament are determined by bod
pickax,pickaxe,variant,,,,1,,1.55,2.35,,,noun:1;verb:1,noun:1;verb:1,,NOUN:1,Alternative spelling of pickaxe.,A heavy iron tool with a wooden handle; one end of the head is pointed
ninjitsu,ninjutsu,variant,,,,1,,1.55,2.07,,,noun:1,noun:1,,,Misspelling of ninjutsu.,A Japanese martial art that is a collection of techniques originally p
clarinettist,clarinetist,variant,,,,1,,1.55,2.02,,,noun:1,noun:1,,,Alternative spelling of clarinetist.,Someone who plays the clarinet.
skag,skeg,variant,,,,1,,1.55,1.42,,,noun:3,noun:7,,,Alternative form of skeg.,A fin-like structure to the rear of the keel of a vessel that supports
homogenisation,homogenization,variant,,,,1,,1.54,2.22,,,noun:1,noun:2,,NOUN:1,Alternative spelling of homogenization.,"The act of making something homogenous, or the same throughout; or the"
matzoh,matzo,variant,,,,1,,1.54,2.2,,,noun:1,noun:2,,,Alternative form of matzo.,"Thin, unleavened bread in Jewish cuisine."
formalisation,formalization,variant,,,,1,,1.54,2.16,,,noun:1,noun:1,,,Alternative spelling of formalization.,The act of formalizing something.
malarky,malarkey,variant,,,,1,,1.53,2.41,,,noun:1,noun:1,,,Alternative spelling of malarkey.,Nonsense; rubbish.
smidgeon,smidgen,variant,,,,1,,1.53,2.29,,,noun:1,noun:2,,,Alternative spelling of smidgen.,Chiefly in the form a smidgen of: a very small amount or quantity; a b
minah,myna,variant,,,,2,,1.53,1.66,,,noun:2,noun:1,,,Alternative spelling of myna.,One of the South and East Asian birds of the starling family Sturnidae
palestra,palaestra,reverse,,,,1,,1.53,1.41,,,noun:1,noun:2,,,Alternative spelling of palaestra.,A public area in ancient Greece and Rome dedicated to the teaching and
diagonalization,diagonalisation,reverse,,,,1,,1.53,0.0,,,noun:1,noun:2,,,US spelling of diagonalisation.,"In matrix algebra, the process of converting a square matrix into a di"
leukocytosis,leucocytosis,variant,,,,1,,1.53,0.0,,,noun:1,noun:1,,,Alternative spelling of leucocytosis.,"A raised WBC (white blood cell) count, above the normal range."
unionisation,unionization,variant,,,,1,,1.52,2.6,,,noun:1,noun:2,,,Alternative spelling of unionization.,The act of forming a trade union.
initialisation,initialization,variant,,,,1,,1.52,2.56,,,noun:1,noun:3,,,Non-Oxford British English standard spelling of initialization.,The process of preparing something to begin.
mantlepiece,mantelpiece,variant,,,,2,,1.52,2.45,,,noun:1,noun:1,NOUN:1,,Alternative spelling of mantelpiece.,A shelf that is affixed to the wall above a fireplace.
monocot,monocotyledon,variant,,,,4,,1.52,0.0,,,noun:1,noun:1,,,Alternative form of monocotyledon.,Any plant whose seedlings typically have one cotyledon (seed leaf) (in
resid,resident,unrelated,,,,3,,1.51,4.38,,,noun:2,noun:6;adj:4,,NOUN:14,A residual solvent.,"A person, animal or plant living at a certain location or in a certain"
airdrome,aerodrome,variant,,,,2,,1.51,2.54,,,noun:1,noun:5,,,Alternative form of aerodrome.,An airfield.
haematite,hematite,variant,,,,1,,1.51,2.48,,,noun:1,noun:1,,,Alternative spelling of hematite.,"An iron ore, mainly peroxide of iron, Fe₂O₃: iron(III) oxide."
djinni,djinn,variant,,,,1,,1.51,2.47,,,noun:1,noun:1,,,Alternative spelling of djinn.,Alternative spelling of jinn.
atomiser,atomizer,variant,,,,1,,1.51,2.4,,,noun:1,noun:1,,,Alternative form of atomizer.,An instrument for reducing a liquid to spray or vapor for disinfecting
feminisation,feminization,variant,,,,1,,1.51,2.38,,,noun:1,noun:3,,,Alternative spelling of feminization.,"The act of feminizing, or the state of being feminized."
coloniser,colonizer,variant,,,,1,,1.51,2.15,,,noun:1,noun:5,,,Non-Oxford British English standard spelling of colonizer.,One who colonizes:
premie,preemie,variant,,,,1,,1.51,2.06,,,noun:2,noun:1,,,Alternative spelling of preemie.,A baby that has been born prematurely.
tricorne,tricorn,variant,,,,1,,1.51,1.58,,,noun:1,noun:2;adj:1,,,Alternative form of tricorn (“three-cornered hat”).,"A three-cornered hat, with the brim turned up."
rachet,ratchet,variant,,,,1,,1.5,3.15,,,noun:1,noun:8;verb:2;adj:1,,,Archaic form of ratchet.,"A pawl, click, or detent for holding or propelling a ratchet wheel, or"
cyme,senna,unrelated,,,,5,,1.5,2.94,,,noun:4,noun:3,,,"A “head” (of unexpanded leaves, etc.); an opening bud.","Any of several plants of the tribe Cassieae, especially those of the g"
energiser,energizer,variant,,,,1,,1.5,2.39,,,noun:1,noun:1,,,Alternative spelling of energizer.,"A person who, or a thing which, energizes."
miniaturisation,miniaturization,variant,,,,1,,1.5,2.26,,,noun:1,noun:2,,,Alternative spelling of miniaturization.,The act or process of miniaturizing or making smaller.
schmalz,schmaltz,variant,,,,1,,1.5,2.2,,,noun:1,noun:2,,,Alternative form of schmaltz.,Rendered chicken or goose fat.
novelisation,novelization,variant,,,,1,,1.5,2.15,,,noun:1,noun:2,,,Alternative spelling of novelization.,The writing of a novel based on fact; fictionalization
idealisation,idealization,variant,,,,1,,1.5,2.11,,,noun:1,noun:2,,NOUN:2,Alternative spelling of idealization.,The act or process of idealizing.
gunnel,gunwale,variant,,,,3,,1.5,1.65,,,noun:2,noun:1,,,Alternative spelling of gunwale.,"The top edge of the hull of a nautical vessel, at or above where the h"
vocalisation,vocalization,variant,,,,1,,1.49,2.26,,,noun:1,noun:8,,NOUN:1,Non-Oxford British English standard spelling of vocalization.,The act of vocalizing or something vocalized; a vocal utterance
thalassaemia,thalassemia,variant,,,,1,,1.49,2.23,,,noun:1,noun:1,,,Alternative spelling of thalassemia.,Any of a group of inherited disorders in which the amount of hemoglobi
salaah,salat,variant,,,,2,,1.49,2.22,,,noun:1,noun:1,,,Alternative form of salat.,The obligatory prayer that Muslims are called to perform five times a 
demoralisation,demoralization,variant,,,,1,,1.49,1.91,,,noun:1,noun:2,,NOUN:1,Alternative spelling of demoralization.,"The act of corrupting or subverting morale, discipline, courage, hope,"
mimeo,mimeograph,unrelated,,,,4,,1.49,1.8,,,noun:3;verb:1,noun:2;verb:1,,,Clipping of mimeograph (“type of copying machine”).,"A machine for making printed copies using typed stencil, eventually su"
appanage,apanage,variant,,,,1,,1.49,0.0,,,noun:1;verb:1,noun:2;verb:1,NOUN:1,,Alternative form of apanage.,A grant (especially by a sovereign) of land (or other source of revenu
arquebus,harquebus,variant,,,,1,,1.49,0.0,,,noun:1;verb:1,noun:2,,,Alternative form of harquebus (“an obsolete matchlock firearm”).,An obsolete matchlock firearm.
embassador,ambassador,variant,,,,1,,1.48,4.35,,,noun:1,noun:4,,NOUN:27,Obsolete spelling of ambassador.,A diplomat of the highest rank sent to a foreign court to represent th
praesidium,presidium,variant,,,,1,,1.48,2.41,,,noun:1,noun:2,,,Alternative form of presidium.,"A permanent executive committee, used primarily in Communist countries"
paleogeography,palaeogeography,reverse,,,,1,,1.48,1.22,,,noun:1,noun:2,,,Alternative spelling of palaeogeography.,"The study of historical geography — of the (chiefly physical, but some"
randomisation,randomization,variant,,,,1,,1.47,2.47,,,noun:1,noun:1,,NOUN:1,Alternative spelling of randomization.,The process of making random.
centrefold,centerfold,variant,,,,2,,1.47,2.3,,,noun:1,noun:4,,,Alternative spelling of centerfold.,The single larger sheet of paper that forms the middle two pages of a 
loofa,loofah,variant,,,,1,,1.47,2.05,,,noun:1;verb:1,noun:3;verb:1,,,Alternative spelling of loofah.,"Any of several tropical vines of the genus Luffa, having almost cylind"
tenia,taenia,reverse,,,,1,,1.47,1.72,,,noun:1,noun:4,,,Alternative spelling of taenia.,A ribbon worn in the hair in ancient Greece.
plowshare,ploughshare,variant,,,,3,,1.47,1.55,,,noun:1,noun:1,,,Alternative spelling of ploughshare.,"The cutting edge of a plough, typically a metal blade."
reveler,reveller,variant,,,,1,,1.47,1.47,,,noun:1,noun:1,,,Alternative spelling of reveller.,One who attends revels; a partygoer.
extravert,extrovert,variant,,,,1,,1.46,2.57,,,adj:1;noun:1;verb:1,adj:1;noun:1;verb:1,,NOUN:1,Alternative spelling of extrovert.,"An extroverted person: one who is outgoing, sociable, and concerned wi"
viremia,viraemia,reverse,,,,1,,1.46,0.0,,,noun:1,noun:1,,,Alternative spelling of viraemia.,The condition or disease of having a virus in the bloodstream.
creese,kris,variant,,,,4,,1.45,3.65,,,noun:1;verb:1,noun:1;verb:1,,,Archaic form of kris.,"A traditional Indonesian, Malaysian, or Filipino sword or dagger havin"
pastille,pastel,unrelated,,,,3,,1.45,3.25,,,noun:6;verb:1,noun:7,,NOUN:3,"A flavoured candy or sweet, often round and somewhat flat in shape.","Any of several subdued tints of colors, usually associated with pink, "
creatin,creatine,variant,,,,1,,1.45,2.8,,,noun:1,noun:1,,,Alternative form of creatine.,"An amino acid, 2-(carbamimidoyl-methyl- amino)acetic acid, which natur"
perve,perv,variant,,,,1,,1.45,2.8,,,noun:1;verb:1,noun:2;verb:2,,,Alternative form of perv.,A pervert.
titbit,tidbit,variant,,,,1,,1.45,2.57,,,noun:1,noun:4,,NOUN:1,Alternative form of tidbit.,A part of poultry when prepared as food
pean,paean,reverse,,,,1,,1.45,2.41,,,noun:3;verb:2;adj:1,noun:3;verb:1,,NOUN:2,A heraldic fur of gold spots on a black field.,"A chant or song, especially a hymn of thanksgiving for deliverance or "
cornelian,carnelian,variant,,,,1,,1.45,2.17,,,noun:3,noun:1,,,Alternative form of carnelian.,"A hard, reddish brown chalcedony used in jewelry."
tappa,tapa,variant,,,,1,,1.45,2.12,,,noun:2,noun:3,,,Alternative form of tapa (“cloth made from mulberry bark”).,A kind of cloth prepared by the Polynesians from the inner bark of the
soubriquet,sobriquet,variant,,,,1,,1.45,2.11,,,noun:1,noun:1,NOUN:1,NOUN:2,Alternative spelling of sobriquet.,A familiar name for a person or thing; a nickname (sometimes assumed b
radicle,radical,unrelated,,adj,,2,,1.44,4.33,,,noun:3,noun:14;adj:9,,ADJ:35,The rudimentary shoot of a plant which supports the cotyledons in the ,A root (of a number or quantity).
maffia,mafia,variant,,,,1,,1.44,3.83,,,noun:1,noun:4,,NOUN:2,Obsolete spelling of mafia.,A hierarchically structured secret organisation engaged in illegal act
clon,clone,variant,,,,1,,1.44,3.68,,,noun:1,noun:5;verb:1,,,Obsolete spelling of clone.,A living organism (originally a plant) produced asexually from a singl
sherd,shard,variant,,,,1,,1.44,3.0,,,noun:1,noun:8;verb:3,,,Alternative form of shard.,"A piece of broken glass or pottery, especially one found in an archaeo"
cardamon,cardamom,variant,,,,1,,1.44,2.71,,,noun:1,noun:3,,NOUN:1,Alternative spelling of cardamom.,"An herb, native to India (Elettaria cardamomum)."
hyperglycaemia,hyperglycemia,variant,,,,1,,1.44,2.31,,,noun:1,noun:1,,,Alternative spelling of hyperglycemia.,An unusually high concentration of sugar in the blood
mortice,mortise,variant,,,,1,,1.44,2.16,,,noun:1;verb:1,verb:3;noun:2,,,Alternative spelling of mortise.,A hole that is made to receive a tenon so as to form a joint.
duellist,duelist,variant,,,,1,,1.44,2.08,,,noun:1,noun:1,,,Alternative spelling of duelist.,A person who fights a duel.
cowry,cowrie,variant,,,,2,,1.44,1.76,,,noun:1,noun:3,,,Alternative spelling of cowrie.,"A small gastropod (Monetaria moneta, syn. Cypraea moneta) common in th"
epilog,epilogue,reverse,,,,2,,1.43,3.13,,,noun:1,noun:4;verb:1,,NOUN:1,Uncommon spelling of epilogue.,"A short speech, spoken directly at the audience at the end of a play"
kalif,caliph,variant,,,,3,,1.43,2.91,,,noun:2,noun:1,,,Alternative spelling of caliph.,The holder of a monarchical title based on a claim to be a successor o
adjustor,adjuster,variant,,,,1,,1.43,2.68,,,noun:1,noun:2,,,Alternative form of adjuster.,"One who adjusts something, especially the amount of compensation due i"
tippler,tipple,unrelated,,,,1,,1.43,2.39,,,noun:6,verb:5;noun:3,,VERB:1,A seller of alcoholic liquors; keeper of a tippling-house or tavern.,An area near the entrance of mines which is used to load and unload co
aery,eyrie,variant,,,,4,,1.43,2.25,,,adj:1;noun:1,noun:2,,,Dated spelling of eyrie.,The nest of a bird of prey.
kinsfolk,kinfolk,variant,,,,1,,1.43,2.1,,,noun:1,noun:1,,,Alternative spelling of kinfolk.,"Relatives, relations."
federalisation,federalization,variant,,,,1,,1.43,1.95,,,noun:1,noun:2,,,Non-Oxford British English standard spelling of federalization.,The unification of states to form a federal union.
fontanel,fontanelle,variant,,,,2,,1.43,1.8,,,noun:1,noun:2,NOUN:1,,Alternative spelling of fontanelle.,A soft membraneous spot on the head of a baby due to incomplete fusion
ascendent,ascendant,variant,,,,1,,1.42,2.87,,,adj:1;noun:1,noun:8;adj:6,,,Archaic spelling of ascendant.,The degree of the zodiac or point of the ecliptic which rises in an ea
scaley,scaly,variant,,,,1,,1.42,2.81,ADJ,ADJ,adj:1;noun:1,adj:4;noun:1,,,Alternative form of scaly.,The scaly yellowfish (Labeobarbus natalensis).
cupper,cuppa,unrelated,,,,2,,1.42,2.7,,,noun:6,noun:3,,,Someone with a specific bra size.,A cup of tea (or sometimes any hot drink).
behaviourism,behaviorism,variant,,,,1,,1.42,2.16,,,noun:2,noun:2,,,British standard spelling of behaviorism,"An approach focusing on observable behavior which, generally assuming "
luffa,loofah,variant,,,,3,,1.42,2.05,,,noun:1,noun:3;verb:1,,,Alternative spelling of loofah.,"Any of several tropical vines of the genus Luffa, having almost cylind"
subsidisation,subsidization,variant,,,,1,,1.42,1.89,,,noun:1,noun:1,,,Alternative form of subsidization.,The act or process of subsidizing.
mackle,macule,variant,,,,1,,1.42,0.0,,,verb:3;noun:1,noun:2;verb:1,,,Obsolete form of macule.,A spot.
belligerency,belligerence,variant,,,,1,,1.41,2.12,,,noun:1,noun:2,,NOUN:2,Alternative form of belligerence.,The state of being belligerent; aggressive inclination to war or viole
kopeck,kopek,variant,,,,1,,1.41,1.41,,,noun:1,noun:3,,,Alternative spelling of kopek.,A Russian monetary unit equal to one hundredth of a ruble.
goony,gooney,unrelated,,,,1,,1.41,1.31,,,adj:2;noun:2,noun:2,,,"a goon; a foolish, stupid, silly, or awkward person.","Any of several albatrosses, especially the black-footed albatross (Dio"
barcarolle,barcarole,variant,,,,1,,1.41,0.0,,,noun:1,noun:2,,,Alternative spelling of barcarole.,"A Venetian folk song traditionally sung by gondoliers, often in ⁶⁄₈ or"
curbstone,kerbstone,reverse,,,,2,,1.41,0.0,,,noun:1,noun:1,,,US spelling of kerbstone.,A paving stone that forms part of a kerb.
chyle,chile,unrelated,,name,,1,,1.4,4.06,,,noun:2,noun:2,,PROPN:4,"A digestive fluid containing fatty droplets, found in the small intest",Alternative spelling of chili.
cigaret,cigarette,variant,,,,2,,1.4,4.06,,,noun:1,noun:1;verb:1,NOUN:1,NOUN:31,Dated spelling of cigarette.,"A small cigar consisting of tobacco or another substance, wrapped up i"
rabbet,rabbit,unrelated,,,,1,,1.4,4.05,,,noun:2;verb:1,noun:10;verb:4,,NOUN:11,"A longitudinal channel, groove, or recess cut out of the edge or face ","A mammal of most genera of the family Leporidae, with long ears, long "
linage,lineage,variant,,,,1,,1.4,3.46,,,noun:1,noun:3,NOUN:3,NOUN:2,Alternative spelling of lineage.,Descent in a line from a common progenitor; progeny; descending line o
wannabee,wannabe,variant,,,,1,,1.4,3.26,,,noun:1,noun:2,,,Alternative form of wannabe.,"Someone who wishes to be someone or do something, but lacks the qualif"
highjack,hijack,variant,,,,2,,1.4,3.11,,,noun:1;verb:1,noun:5;verb:3,,,Alternative spelling of hijack.,An instance of hijacking; the illegal seizure of a vehicle; a hijackin
faqir,fakir,variant,,,,1,,1.4,2.17,,,noun:1,noun:3,,,Alternative spelling of fakir.,A religious mendicant who owns no personal property.
snowplough,snowplow,variant,,,,3,,1.4,2.16,,,noun:1;verb:1,noun:3;verb:2,,,Alternative form of snowplow.,A motorized vehicle that is used to push snow off flat surfaces such a
manakin,manikin,unrelated,,,,1,,1.4,1.9,,,noun:2,noun:3,,NOUN:1,Any of several small Central and South American passerine birds of the,A little man (sometimes as a term of endearment).
grayness,greyness,variant,,,,1,,1.4,1.65,,,noun:1,noun:1,,,Alternative form of greyness.,The quality or state of being grey.
bolshy,bolshie,variant,,,,2,,1.4,1.5,,,adj:1;noun:1,adj:1;noun:1,,,Alternative spelling of bolshie.,"A government leftist, especially a communist, socialist, or labour uni"
sanyasi,sannyasi,variant,,,,1,,1.4,1.43,,,noun:1,noun:1,,,Alternative form of sannyasi.,"A man in the stage of sannyasa; a wandering ascetic, a religious mendi"
blether,blather,variant,,,,1,,1.39,2.25,,,noun:1;verb:1,noun:2;verb:2,,,Alternative spelling of blather.,Foolish or nonsensical talk.
epaulet,epaulette,variant,,,,2,,1.39,1.58,,,noun:1,noun:4,,,Alternative form of epaulette (“shoulder decoration on a uniform; tegu,"An ornamentation, worn on the shoulders of a military uniform, as a si"
cyder,cider,variant,,,,1,,1.38,3.5,,,noun:1,noun:6,,NOUN:2,Archaic spelling of cider.,"An alcoholic, often sparkling (carbonated) beverage made from fermente"
litoral,littoral,variant,,,,1,,1.38,2.69,,,adj:1;noun:1,noun:2;adj:1,,,Alternative spelling of littoral.,"A shore, coastline, or coast."
sheesha,shisha,variant,,,,2,,1.38,2.41,,,noun:1,noun:3,,,Alternative spelling of shisha.,"An Arabic water-pipe, or hookah."
cataloger,cataloguer,variant,,,,1,,1.38,1.47,,,noun:1,noun:2,,,Alternative spelling of cataloguer.,One who catalogues.
arctan,arctangent,unrelated,,,,4,,1.38,1.09,,,noun:1,noun:1,,,Abbreviation of arctangent.,Any of several single-valued or multivalued functions that are inverse
chanty,shanty,variant,,,,1,,1.37,2.75,,,noun:1,noun:4;adj:2;verb:1,,NOUN:3,Alternative spelling of shanty (“song”).,A roughly-built hut or cabin.
sharpy,sharpie,variant,,,,2,,1.37,2.73,,,noun:1,noun:8,,,Alternative spelling of sharpie.,An alert person.
idyl,idyll,variant,,,,1,,1.37,2.44,,,noun:1,noun:3,,NOUN:2,Alternative spelling of idyll.,Any poem or short written piece composed in the style of Theocritus's 
towny,townie,variant,,,,2,,1.37,2.2,,,adj:1;noun:1,noun:8,,,Alternative spelling of townie.,A person living in a university area who is not associated with the un
leitmotiv,leitmotif,variant,,,,1,,1.37,2.04,,,noun:1,noun:2,NOUN:1,NOUN:1,Alternative form of leitmotif.,"A melodic theme associated with a particular character, place, thing o"
beldam,beldame,variant,,,,1,,1.37,1.08,,,noun:1,noun:2,,,Alternative spelling of beldame.,A grandmother.
theorization,theorisation,reverse,,,,1,,1.37,0.0,,,noun:1,noun:3,,,Alternative form of theorisation.,Something theorised; a theory.
hareem,harem,variant,,,,1,,1.36,3.13,,,noun:1,noun:6,,NOUN:2,Obsolete spelling of harem.,The private section of a Muslim household forbidden to male strangers.
magnetisation,magnetization,variant,,,,1,,1.36,2.44,,,noun:1,noun:2,,,Alternative spelling of magnetization.,"The act of magnetizing, or the state of being magnetized"
sanitisation,sanitization,variant,,,,1,,1.36,1.76,,,noun:1,noun:2,,,Alternative spelling of sanitization.,The act of sanitizing something.
pipal,peepul,variant,,,,3,,1.36,1.17,,,noun:1,noun:1,,,Alternative form of peepul.,"The sacred fig, Ficus religiosa."
paleoclimatology,palaeoclimatology,reverse,,,,1,,1.36,1.04,,,noun:1,noun:1,,,Alternative form of palaeoclimatology.,The scientific study of prehistoric climate of the Earth.
prevue,preview,variant,,,,2,,1.35,3.96,,,noun:1;verb:1,noun:5;verb:2,,NOUN:1,Alternative form of preview.,An experience of something in advance.
caffein,caffeine,variant,,,,1,,1.35,3.67,,,noun:1,noun:1,,,Dated spelling of caffeine.,"An alkaloid, C₈H₁₀N₄O₂, found naturally in tea and coffee plants, whic"
bogy,bogey,variant,,,,1,,1.35,2.92,,,noun:2,noun:15;verb:2,NOUN:2,NOUN:5,Alternative form of bogey.,"A ghost, goblin, or other hostile supernatural creature."
mujahadeen,mujahideen,variant,,,,1,,1.35,2.71,,,noun:1,noun:1,,,Alternative spelling of mujahideen.,plural of mujahid
chadar,chador,variant,,,,1,,1.35,1.68,,,noun:1,noun:1,,,Alternative spelling of chador.,"A loose robe made from a single cloth, worn as a combination head cove"
congeneric,congener,variant,,,,2,,1.35,1.67,,,adj:1;noun:1,noun:4,,,Alternative form of congener.,A plant or animal of the same taxonomic genus as another.
encrustation,incrustation,variant,,,,1,,1.35,1.31,,,noun:1,noun:5,,,Alternative form of incrustation.,"The act of incrusting, or the state of being incrusted."
autogiro,autogyro,variant,,,,1,,1.35,1.22,,,noun:1,noun:1,,,Alternative form of autogyro.,An aircraft in which lift is provided by unpowered rotating wings and 
fitspo,fitspiration,unrelated,,,,4,,1.35,1.03,,,noun:1,noun:1,,,Clipping of fitspiration.,Photographs or other material intended to provide motivation to exerci
bocci,bocce,variant,,,,1,,1.34,2.26,,,noun:1,noun:2,,,Alternative form of bocce.,"A game, similar to bowls or pétanque, played on a long, narrow, dirt-c"
atomisation,atomization,variant,,,,1,,1.34,1.95,,,noun:1,noun:2,NOUN:1,,Alternative spelling of atomization.,The act or an instance of atomizing.
materialisation,materialization,variant,,,,1,,1.34,1.89,,,noun:1,noun:3,,,Non-Oxford British English standard spelling of materialization.,The conversion of something into a physical form.
syph,syphilis,unrelated,,,,4,,1.33,3.1,,,noun:1,noun:1,,,Clipping of syphilis.,"A disease spread via sexual activity, caused by the bacterium Treponem"
factorisation,factorization,variant,,,,1,,1.33,2.41,,,noun:1,noun:3,,,Alternative spelling of factorization.,The process of creating a list of factors.
vaporisation,vaporization,variant,,,,1,,1.33,2.26,,,noun:1,noun:2,,NOUN:1,Alternative spelling of vaporization.,A conversion of a solid or a liquid into a gas.
garrotte,garrote,variant,,,,1,,1.33,1.92,,,noun:1;verb:1,noun:2;verb:2,,,Alternative spelling of garrote.,An iron collar formerly used in Spain to execute people by strangulati
caravansary,caravanserai,variant,,,,3,,1.33,1.64,,,noun:1,noun:4,,,Alternative spelling of caravanserai.,"A roadside inn, usually having a central courtyard where caravans (see"
beigel,bagel,variant,,,,2,,1.32,3.18,,,noun:1,noun:4;verb:2,,,Alternative spelling of bagel.,A toroidal bread roll that is boiled before it is baked.
gantlet,gauntlet,variant,,,,1,,1.32,3.14,,,noun:2,noun:9,NOUN:2,NOUN:2,Alternative spelling of gauntlet.,"Protective armor for the hands, formerly thrown down as a challenge to"
egis,aegis,reverse,,,,1,,1.32,3.06,,,noun:1,noun:2,,NOUN:1,Rare spelling of aegis.,A mythological shield associated with the Greek deities Zeus and Athen
kerosine,kerosene,variant,,,,1,,1.32,3.02,,,noun:1,noun:1,,NOUN:6,Alternative spelling of kerosene.,"A thin, often colorless or blue or straw-colored petroleum-based fuel,"
visualiser,visualizer,variant,,,,1,,1.32,1.98,,,noun:1,noun:4,,,Alternative form of visualizer.,Someone who visualizes; especially someone whose mental imagery is vis
canalization,canalisation,reverse,,,,1,,1.32,1.04,,,noun:1,noun:3,,,Alternative spelling of canalisation.,The conversion of a river or other waterway to a canal.
aglet,aiglet,variant,,,,1,,1.32,0.0,,,noun:2,noun:3,,,Alternative form of aiglet.,"A tip, originally of metal and often decorative, on a ribbon or cord t"
billhook,bill,unrelated,,,,4,,1.31,5.15,,,noun:5;verb:1,noun:22;verb:6,,NOUN:269,"A medieval polearm, fitted to a long handle, sometimes with an L-shape",A written list or inventory. (Now obsolete except in specific senses o
freebee,freebie,variant,,,,1,,1.31,2.86,,,noun:1,noun:1,,,Alternative spelling of freebie.,Something which is free; a giveaway or handout.
phantasma,phantasm,variant,,,,1,,1.31,2.32,,,noun:1,noun:2,,,Alternative form of phantasm.,Something seen but having no physical reality; a phantom or apparition
chapatti,chapati,variant,,,,1,,1.31,1.91,,,noun:1,noun:1,,,Alternative form of chapati.,"A flat, unleavened bread from northern India and Pakistan."
sirup,syrup,variant,,,,1,,1.3,3.76,,,noun:1;verb:1,noun:4;verb:3,,NOUN:4,Dated form of syrup.,Any thick liquid that has a high sugar content and which is added to o
propellent,propellant,variant,,,,1,,1.3,2.92,,,adj:1;noun:1,noun:3;adj:1,,,Alternative spelling of propellant.,anything that propels
fraternisation,fraternization,variant,,,,1,,1.3,1.92,,,noun:1,noun:3,NOUN:1,,Alternative spelling of fraternization.,The act of fraternizing or uniting as brothers.
glister,clyster,unrelated,,,,2,,1.3,0.0,,,noun:2;verb:1,noun:1,,,A brilliant flash; a glint.,A medicine applied via the rectum; an enema or suppository.
gismo,gizmo,variant,,,,1,,1.29,2.61,,,noun:1,noun:1,,,Alternative spelling of gizmo.,"Something, generally a device or gadget, whose real name is unknown or"
fondu,fondue,unrelated,,,,1,,1.29,2.59,,,noun:3,noun:1;verb:1,,,The graded shift from one color into another.,"A dish made of melted cheese, or chocolate etc., or of a boiling liqui"
compartmentalisation,compartmentalization,variant,,,,1,,1.29,2.09,,,noun:1,noun:5,,,Non-Oxford British standard form of compartmentalization.,Division into compartments or parts.
haemostasis,hemostasis,variant,,,,1,,1.29,2.02,,,noun:1,noun:1,,,Alternative spelling of hemostasis.,The process of keeping blood inside a damaged vessel to stop bleeding.
monopolisation,monopolization,variant,,,,1,,1.29,1.93,,,noun:1,noun:1,,NOUN:1,Alternative spelling of monopolization.,The act of monopolizing or the state of being monopolized.
bastardisation,bastardization,variant,,,,1,,1.29,1.53,,,noun:1,noun:6,,,Non-Oxford British English standard spelling of bastardization.,The making of a bastard or bastards; Having children out of wedlock or
salpa,salp,variant,,,,1,,1.29,1.42,,,noun:1,noun:1,,,Alternative form of salp.,Any of the free-swimming tunicates of the order Salpida and its single
cyanamid,cyanamide,variant,,,,1,,1.29,1.39,,,noun:1,noun:2,,,Archaic form of cyanamide.,"A chemical compound, NH₂CN; a white crystalline solid, soluble in wate"
styrax,storax,variant,,,,1,,1.29,1.37,,,noun:2,noun:2,,,Alternative form of storax (“tree”).,Any member of the genus Styrax of about 130 species of large shrubs or
archil,orchil,variant,,,,1,,1.29,0.0,,,noun:1,noun:2,,,Alternative form of orchil.,"Any of several lichens, especially those of the genera Roccella and Le"
calliper,caliper,variant,,,,1,,1.28,2.65,,,noun:1;verb:1,noun:2;verb:1,,NOUN:2,Alternative spelling of caliper.,"Alternative form of calipers, a device used to measure dimensions."
tormenter,tormentor,variant,,,,1,,1.28,2.31,,,noun:1,noun:6,,,Alternative spelling of tormentor.,"One who torments; a person, animal, or object that causes suffering."
rigamarole,rigmarole,variant,,,,1,,1.28,1.93,,,noun:1,noun:2;adj:1,,,Alternative form of rigmarole.,A long and complicated formal procedure.
hemianopia,hemianopsia,variant,,,,1,,1.28,1.09,,,noun:1,noun:1,,,Alternative form of hemianopsia.,Blindness in one half of the field of vision of either or both eyes.
bicorne,bicorn,variant,,,,1,,1.28,0.0,,,noun:1,noun:3;adj:1,,,Alternative form of bicorn (“two-cornered hat”).,"A two-cornered hat, worn by European and American military and naval o"
fesse,fess,variant,,,,1,,1.27,2.66,,,noun:1,adj:3;noun:1;verb:1,,,Alternative spelling of fess (“horizontal band in heraldry”).,A horizontal band across the middle of the shield.
karabiner,carabiner,variant,,,,1,,1.27,2.05,,,noun:1,noun:1,,,Alternative spelling of carabiner.,"A metal link with a gate that can open and close, generally used for c"
individualisation,individualization,variant,,,,1,,1.27,1.87,,,noun:1,noun:1,,,Non-Oxford British English standard spelling of individualization.,The act of individualizing; the state of being individualized.
sallet,salad,unrelated,,,,3,,1.26,4.15,,,noun:2,noun:3,,NOUN:9,A type of light spherical combat helmet used in the 15th century.,"A food consisting principally of raw vegetables (especially greens, e."
absinth,absinthe,variant,,,,1,,1.26,2.69,,,noun:1,noun:6,,NOUN:1,Alternative form of absinthe.,The herb absinthium Artemisia absinthium (grande wormwood); essence of
catheterisation,catheterization,variant,,,,1,,1.26,2.33,,,noun:1,noun:1,,,Alternative spelling of catheterization.,The procedure of introducing a catheter.
oxidiser,oxidizer,variant,,,,1,,1.26,2.26,,,noun:1,noun:1,,,Non-Oxford British English standard spelling of oxidizer.,"An oxidizing agent, especially one used to oxidize the fuel of a rocke"
sahuaro,saguaro,variant,,,,1,,1.26,2.12,,,noun:1,noun:1,,,Alternative spelling of saguaro.,"Carnegiea gigantea, a large cactus native to the Sonoran Desert and ch"
maiolica,majolica,variant,,,,1,,1.26,2.02,,,noun:1,noun:2,,,Alternative form of majolica.,Earthenware decorated with coloured lead silicate glazes applied direc
ramee,ramie,variant,,,,1,,1.26,1.62,,,noun:1,noun:2,,,Archaic form of ramie.,"A tall, tropical Asian perennial herb, of species Boehmeria nivea, cul"
coprophagia,coprophagy,variant,,,,2,,1.26,0.0,,,noun:1,noun:1,,,Alternative form of coprophagy.,The act or an instance of eating feces.
synapsis,synapse,unrelated,,,,2,,1.25,2.76,,,noun:2,verb:2;noun:1,,,The association of homologous maternal and paternal chromosomes during,The junction between the terminal of a neuron and either another neuro
hootch,hooch,variant,,,,1,,1.25,2.58,,,noun:2,noun:3,,NOUN:1,Alternative spelling of hooch (“type of drink”).,"An alcoholic beverage, especially an inferior or illicit one and espec"
hyperlipidaemia,hyperlipidemia,variant,,,,1,,1.25,1.95,,,noun:1,noun:1,,,Alternative spelling of hyperlipidemia.,An excess quantity of lipid in the blood; a symptom of several medical
dissimilation,dissimulation,unrelated,,,,1,,1.25,1.81,,,noun:5,noun:2,,NOUN:1,"The act of dissimilating, of making dissimilar.",The act of concealing the truth; hypocrisy or deception.
ichthyosaurus,ichthyosaur,variant,,,,2,,1.25,1.67,,,noun:2,noun:1,,,Alternative form of ichthyosaur.,Any fishlike marine reptiles of the extinct order †Ichthyosauria of th
doura,durra,variant,,,,2,,1.25,1.18,,,noun:1,noun:1,,,Alternative spelling of durra.,"A kind of millet, a variety of sorghum; Indian millet (Sorghum bicolor"
siliqua,silique,variant,,,,1,,1.25,0.0,,,noun:2,noun:1,,,Alternative form of silique.,"A long dry fruit (seed capsule), length more than twice the width, typ"
haemorrhoid,hemorrhoid,variant,,,,1,,1.24,2.26,,,noun:1,noun:1,,,Alternative spelling of hemorrhoid.,"An engorged, dilated and easily broken varicosity in the perianal area"
schnaps,schnapps,variant,,,,1,,1.24,2.24,,,noun:1,noun:2,,NOUN:1,Alternative form of schnapps.,"A type of distilled alcoholic beverage (liquor), often with a herbal o"
steriliser,sterilizer,variant,,,,1,,1.24,1.92,,,noun:1,noun:1,,,Alternative spelling of sterilizer.,"A device used to sterilize, killing pathogens by means such as heat, U"
fogy,fogey,variant,,,,1,,1.24,1.66,,,noun:2,noun:1,NOUN:1,,Alternative spelling of fogey.,"A dull person (especially an old man) who is behind the times, holding"
ottar,attar,variant,,,,1,,1.23,2.23,,,noun:1,noun:2,,,Alternative form of attar.,An essential oil extracted from flowers.
depersonalisation,depersonalization,variant,,,,1,,1.23,2.12,,,noun:1,noun:3,,NOUN:2,Alternative spelling of depersonalization.,The act of depersonalizing or the state of being depersonalized.
raphia,raffia,variant,,,,2,,1.23,2.08,,,noun:1,noun:1,,,Alternative form of raffia.,"A fibrous material used for tying plants, originating from the leaves "
guestimate,guesstimate,variant,,,,1,,1.23,2.0,,,noun:1;verb:1,verb:2;noun:1,,,Alternative spelling of guesstimate.,"An estimate that is hardly any better than a guess, often because it i"
stylisation,stylization,variant,,,,1,,1.23,1.86,,,noun:1,noun:2,,NOUN:2,Alternative spelling of stylization.,The process or result of designing or presenting in accordance with a 
connecter,connector,variant,,,,1,,1.22,3.47,,,noun:1,noun:7,,,Alternative form of connector.,One who connects; a networker.
damozel,damsel,variant,,,,2,,1.22,2.89,,,noun:1,noun:6,,NOUN:1,Obsolete form of damsel.,A young woman (of noble birth).
whimsey,whimsy,variant,name,,,1,,1.22,2.6,,,noun:1,noun:5;adj:1;verb:1,PROPN:1,,Alternative spelling of whimsy.,A quaint and fanciful idea; a whim; playfully odd behaviour.
recognisance,recognizance,variant,,,,1,,1.22,2.29,,,noun:1,noun:3,,,Alternative spelling of recognizance.,A form of bail; a promise made by the accused to the court that they w
nebuliser,nebulizer,variant,,,,1,,1.22,2.01,,,noun:1,noun:2,,,Alternative spelling of nebulizer.,"A device used to convert liquid into a fine spray of aerosols, by mean"
summersault,somersault,variant,,,,2,,1.21,2.48,,,noun:1;verb:1,noun:1;verb:1,,NOUN:2,Archaic spelling of somersault.,"Starting on one's feet, an instance of rotating one's body 360 degrees"
chequerboard,checkerboard,variant,,,,2,,1.21,2.46,,,noun:1;verb:1,noun:3;verb:1,,,Alternative spelling of checkerboard.,A square board divided into sixty-four equal squares arranged in eight
narwal,narwhal,variant,,,,1,,1.21,2.28,,,noun:1,noun:1,,,Archaic form of narwhal.,An Arctic toothed whale (Monodon monoceros) that grows to about 20 fee
mannikin,manikin,unrelated,,,,1,,1.21,1.9,,,noun:2,noun:3,,NOUN:1,"Any of several passerine bird species of the genera Lonchura, Heteromu",A little man (sometimes as a term of endearment).
panoche,panocha,variant,,,,1,,1.21,1.03,,,noun:1,noun:1,,,Alternative form of panocha.,coarse Mexican brown sugar
decimeter,decimetre,reverse,,,,2,,1.21,0.0,,,noun:1,noun:1,,,US spelling of decimetre.,An SI unit of length equal to 10⁻¹ metres. Symbol: dm
haler,heller,variant,,,,2,,1.2,3.27,,,adj:1;noun:1,noun:3,,,"Alternative form of heller (“currency unit, 100th of a koruna”).","A German coin equivalent to half a pfennig, later used widely as a sma"
premiss,premise,variant,,,,1,,1.19,3.82,,,noun:1;verb:1,noun:5;verb:4,,NOUN:7,Alternative spelling of premise.,A proposition antecedently supposed or proved; something previously st
oxidisation,oxidization,variant,,,,1,,1.19,1.65,,,noun:1,noun:1,,,Non-Oxford British English standard spelling of oxidization.,Synonym of oxidation.
abetter,abettor,variant,,,,1,,1.19,1.35,,,noun:1,noun:2,,,Alternative form of abettor,One that abets an offender; one that incites; instigates; encourages.
clangor,clangour,reverse,,,,1,,1.19,1.22,,,noun:1;verb:1,noun:1;verb:1,,,"Canada, US standard spelling of clangour.","A loud, repeating clanging sound; a loud racket; a din."
arccos,arccosine,unrelated,,,,3,,1.19,0.0,,,noun:1,noun:1,,,Abbreviation of arccosine.,Any of several single-valued or multivalued functions that are inverse
shivah,shiva,variant,,,,1,,1.18,3.33,,,noun:1,noun:1,,,Alternative spelling of shiva.,A weeklong period of formal mourning for a close relative.
callisthenics,calisthenics,variant,,,,1,,1.18,2.38,,,noun:1,noun:2,,NOUN:4,Alternative spelling of calisthenics.,Physical exercises with the participation of a multitude of muscles an
leucocyte,leukocyte,variant,,,,1,,1.18,2.29,,,noun:1,noun:1,,,Alternative spelling of leukocyte.,Any of a class of blood cells that play various roles in cell-mediated
spik,spic,variant,,,,1,,1.18,2.14,,,noun:1,noun:2,,ADJ:1,Alternative spelling of spic.,"Synonym of Latino, an inhabitant of Latin America or person of Latin A"
claxon,klaxon,variant,,,,1,,1.18,2.08,,,noun:1;verb:1,noun:1;verb:1,,NOUN:1,Alternative spelling of klaxon.,"A loud electric alarm or horn, especially as used in automobiles in th"
melioration,amelioration,variant,,,,1,,1.18,2.06,,,noun:1,noun:4,NOUN:1,,Archaic form of amelioration.,The act of making better.
loadstar,lodestar,variant,,,,2,,1.18,2.0,,,noun:1,noun:3,,,Misspelling of lodestar.,"A star used as a navigation reference, particularly a pole star such a"
pouffe,pouf,variant,,,,2,,1.18,1.88,,,noun:1;verb:1,noun:9;intj:1;verb:1,,,Alternative form of pouf.,A headdress for women popular in 18th century France.
bandoleer,bandolier,variant,,,,1,,1.18,1.75,,,noun:1,noun:1,,,Alternative form of bandolier.,"An ammunition belt, worn over the shoulder, having loops or pockets fo"
superstrate,superstratum,unrelated,,,,2,,1.18,0.0,,,noun:4;verb:1,noun:2,,,A layer or stratum adjacent and parallel to another.,A stratum that is on top of another
hasheesh,hashish,variant,,,,2,,1.17,2.62,,,noun:1,noun:3,,,Rare spelling of hashish.,The leaves and tender parts of the Indian hemp plant (which are intoxi
informercial,infomercial,variant,,,,1,,1.17,2.53,,,noun:1,noun:1,,,Alternative spelling of infomercial.,"A program-length television commercial, typically between thirty minut"
tranquillizer,tranquilizer,variant,,,,1,,1.17,2.33,,,noun:1,noun:3,,NOUN:1,Alternative spelling of tranquilizer.,That which tranquillizes or soothes.
pipet,pipette,variant,,,,2,,1.17,2.28,,,noun:1;verb:1,noun:1;verb:1,,,Alternative spelling of pipette.,"A small tube, often with an enlargement or bulb in the middle, and usu"
shoveller,shoveler,variant,,,,1,,1.17,1.7,,,noun:1,noun:2,,,Alternative spelling of shoveler.,"One who, or that which, shovels."
highflyer,highflier,variant,,,,1,,1.17,0.0,,,noun:1,noun:7,,,Alternative form of highflier.,A person who or a type of aircraft that flies at high elevations.
subtractor,subtracter,variant,,,,1,,1.17,0.0,,,noun:1,noun:1,,,Alternative spelling of subtracter.,"One who, or that which, subtracts"
tompion,tampion,variant,,,,1,,1.17,0.0,,,noun:1,noun:3,,,Alternative spelling of tampion.,"A wooden plug, or a metal or canvas cover, for the muzzle of a gun, ca"
vizor,visor,variant,,,,1,,1.16,2.98,,,noun:1,noun:4;verb:1,,,Archaic spelling of visor.,"A part of a helmet, arranged so as to lift or open, and so show the fa"
felafel,falafel,variant,,,,1,,1.16,2.64,,,noun:1,noun:3,,,Alternative spelling of falafel.,A Middle Eastern food in the form of balls made from chickpeas or broa
doyley,doily,variant,,,,2,,1.16,2.11,,,noun:1,noun:3,,,Alternative spelling of doily.,A small ornamental piece of lace or linen or paper used to protect a s
loadstone,lodestone,variant,,,,2,,1.16,1.98,,,noun:1,noun:3,,,Alternative form of lodestone.,The mineral magnetite.
autarchy,autarky,unrelated,,,,2,,1.16,1.83,,,noun:4,noun:3,,,A condition of absolute power.,A personal condition or state of self-reliance; independence.
paraesthesia,paresthesia,variant,,,,1,,1.16,1.75,,,noun:1,noun:1,,,Alternative spelling of paresthesia.,"A sensation of burning, prickling, itching, or tingling of the skin, w"
asafetida,asafoetida,reverse,,,,1,,1.16,1.62,,,noun:1,noun:1,,,Alternative spelling of asafoetida.,A resinous gum from the stem and roots of Ferula species such as Ferul
koppie,kopje,variant,,,,2,,1.16,1.52,,,noun:1,noun:1,,,Alternative form of kopje.,"A small hill or mound, especially on the African veld."
choky,chokey,variant,,,,1,,1.16,1.51,,,adj:1;noun:1,noun:2;adj:1,,,Alternative form of chokey.,Prison.
arcsin,arcsine,unrelated,,,,1,,1.16,1.07,,,noun:1,noun:1,,,Abbreviation of arcsine.,Any of several single-valued or multivalued functions that are inverse
haemolysis,hemolysis,variant,,,,1,,1.15,2.04,,,noun:1,noun:1,,,Alternative spelling of hemolysis.,"The destruction of red blood cells, and subsequent release of hemoglob"
berretta,biretta,variant,,,,2,,1.15,1.38,,,noun:1,noun:1,,,Archaic form of biretta.,"A square cap, originally with four ridges across the top, surmounted b"
philtre,philter,variant,,,,2,,1.15,1.18,,,noun:1;verb:1,verb:2;noun:1,,,Alternative spelling of philter (“kind of potion”).,"A kind of potion, charm, or drug; especially a love potion intended to"
buret,burette,variant,,,,2,,1.15,1.16,,,noun:1,noun:2,,,Alternative spelling of burette.,"A glass tube with fine gradations and a stopcock at the bottom, used i"
syneresis,synaeresis,reverse,,,,1,,1.15,0.0,,,noun:1,noun:2,,,Alternative spelling of synaeresis.,The contraction of two vowels into a diphthong or a long vowel.
merlon,merlin,unrelated,,,,1,,1.14,3.42,,,noun:2,noun:2,,,"Any of the upright projections between the embrasures of a battlement,","A small falcon, Falco columbarius, that breeds in northern North Ameri"
hiccough,hiccup,variant,,,,3,,1.14,2.91,,,noun:1;verb:1,noun:4;verb:3,,,Dated spelling of hiccup.,"A spasm of the diaphragm, or the resulting sound."
quantisation,quantization,variant,,,,1,,1.14,2.54,,,noun:1,noun:2,,,Alternative spelling of quantization.,The process of approximating a continuous signal by a set of discrete 
cive,chive,variant,,,,1,,1.14,2.21,,,noun:1,noun:8;verb:2,,NOUN:1,Obsolete form of chive (“the herb”).,"A perennial plant, Allium schoenoprasum, related to the onion."
twirp,twerp,variant,,,,1,,1.14,2.11,,,intj:1;noun:1,noun:3,,,Alternative spelling of twerp.,"A fool, a twit."
fascicule,fascicle,unrelated,,,,1,,1.14,1.86,,,noun:3,noun:5,,,"An installment of a printed work, a fascicle.",A bundle or cluster.
obligato,obbligato,variant,,,,1,,1.14,1.63,,,noun:1,noun:1,,,Alternative spelling of obbligato.,"An obbligato section; a prominent countermelody, often written to be p"
turnround,turnaround,variant,,,,1,,1.13,3.4,,,noun:1,noun:12,,NOUN:10,Alternative form of turnaround.,The act of turning to face in the other direction.
kismat,kismet,variant,,,,1,,1.13,2.32,,,noun:1,noun:1,,,Alternative spelling of kismet.,Fate; a predetermined or unavoidable destiny.
motorisation,motorization,variant,,,,1,,1.13,1.64,,,noun:1,noun:1,,,Alternative spelling of motorization.,The act of motorizing something.
czardas,csardas,variant,,,,1,,1.13,0.0,,,noun:1,noun:2,,,Alternative spelling of csardas.,An intricate Hungarian folk dance characterized by variations in tempo
centile,percentile,unrelated,,,,3,,1.12,3.09,,,noun:1,noun:2,,,Clipping of percentile.,Any of the ninety-nine points that divide an ordered distribution into
scarabaeus,scarab,variant,,,,4,,1.12,2.78,,,noun:1,noun:4,,,Obsolete form of scarab.,"A beetle of the species Scarabaeus sacer, sacred to the ancient Egypti"
gaberdine,gabardine,variant,,,,1,,1.12,1.82,,,noun:2,noun:4,,NOUN:1,Alternative form of gabardine (“long cloak”).,A type of woolen cloth with a diagonal ribbed texture on one side.
hudood,hudud,variant,,,,2,,1.12,1.7,,,noun:1,noun:1,,,Alternative form of hudud.,"The statutory punishments prescribed by the Quran for certain crimes, "
hejira,hegira,variant,,,,1,,1.12,1.32,,,noun:1,noun:1,,,Alternative form of hegira.,A journey taken to escape from danger; an exodus.
plowboy,ploughboy,variant,,,,3,,1.12,1.1,,,noun:1,noun:1,,,Alternative spelling of ploughboy.,A boy who directed the draught animals that pulled a plough; a boy who
oxyhemoglobin,oxyhaemoglobin,reverse,,,,1,,1.12,0.0,,,noun:1,noun:1,,,Alternative form of oxyhaemoglobin.,"The form of haemoglobin, loosely combined with oxygen, present in arte"
chantey,shanty,variant,,,,2,,1.11,2.75,,,noun:1,noun:4;adj:2;verb:1,NOUN:2,NOUN:3,Alternative form of shanty (sailor's song).,A roughly-built hut or cabin.
sumach,sumac,variant,,,,1,,1.11,2.34,,,noun:1;verb:1,noun:5;verb:1,,NOUN:1,Alternative spelling of sumac.,Any of various shrubs or small trees of the genus Rhus and certain oth
haematocrit,hematocrit,variant,,,,1,,1.11,1.95,,,noun:1,noun:2,,,Alternative spelling of hematocrit.,The percentage (by volume) of packed red blood cells in a centrifuged 
curet,curette,variant,,,,2,,1.11,1.44,,,noun:1,noun:1;verb:1,,,Alternative spelling of curette.,"A hand-held surgical instrument, often with a scoop or hook at its tip"
solemnisation,solemnization,variant,,,,1,,1.11,1.43,,,noun:1,noun:1,,,Alternative form of solemnization.,"The performance of a ceremony (in an appropriate and solemn manner), s"
shivaree,charivari,variant,,,,4,,1.11,1.4,,,noun:1;verb:1,noun:2,,,Alternative form of charivari.,The noisy banging of pots and pans as a mock serenade to a newly marri
garotte,garrotte,variant,,,,1,,1.11,1.33,,,noun:1;verb:1,noun:1;verb:1,,,Alternative spelling of garrotte.,Alternative spelling of garrote.
revery,reverie,variant,,,,2,,1.1,2.62,,,noun:1,noun:3;verb:1,NOUN:1,NOUN:1,Dated form of reverie.,A state of dreaming while awake; a loose or irregular train of thought
shwa,schwa,variant,,,,1,,1.1,1.86,,,noun:1,noun:3;verb:1,,,Alternative form of schwa.,"An indeterminate central vowel sound as the ""a"" in ""about"", represente"
decimalization,decimalisation,reverse,,,,1,,1.1,1.36,,,noun:1,noun:2,,,Alternative spelling of decimalisation.,Conversion to a decimal system.
ribband,ribbon,unrelated,,,,2,,1.09,3.81,,,noun:2,noun:16;verb:2,,NOUN:12,"A long, narrow strip of timber bent and bolted longitudinally to the r","A long, narrow strip of material used for decoration of clothing or th"
plyers,pliers,unrelated,,,,1,,1.09,2.9,,,noun:2,noun:2,,NOUN:1,plural of plyer,A pincer-like gripping tool that multiplies the strength of the user's
digitiser,digitizer,variant,,,,1,,1.09,2.29,,,noun:1,noun:1,,,Alternative spelling of digitizer.,A device that digitizes.
shlock,schlock,variant,,,,1,,1.09,2.15,,,noun:1,noun:1,,,Alternative form of schlock.,"Any commodity that is shoddy or inferior; now, usually, writing or aud"
nooky,nookie,variant,,,,2,,1.09,2.03,,,adj:1;noun:1,noun:3,,,Alternative spelling of nookie.,"Sex or other sexual activity, especially if illicit."
sheika,sheikha,variant,,,,1,,1.09,1.82,,,noun:1,noun:1,,,Alternative form of sheikha.,A female sheikh.
lavaliere,lavalier,unrelated,,,,1,,1.09,1.47,,,noun:2;adj:1,noun:2,,,A pussy bow.,"An item of jewellery consisting of a pendant, sometimes with one stone"
oestradiol,estradiol,variant,,,,1,,1.08,2.73,,,noun:1,noun:1,,,British standard spelling of estradiol.,"A natural estrogenic hormone that is a phenolic alcohol estra-1,3,5-tr"
iglu,igloo,variant,,,,2,,1.08,2.64,,,noun:1,noun:4,,,Archaic form of igloo.,"A dome-shaped Inuit shelter, constructed of blocks cut from snow."
filagree,filigree,variant,,,,1,,1.08,2.56,,,noun:1;verb:1,noun:2;verb:1,NOUN:1,NOUN:1,Alternative form of filigree.,"A delicate and intricate ornamentation made from platinum, gold or sil"
miaou,miaow,variant,,,,1,,1.08,1.83,,,noun:1;verb:1,noun:1;verb:1,,,Alternative spelling of miaow.,UK spelling of meow.
bullrush,bulrush,variant,,,,1,,1.08,1.65,,,noun:2;verb:1,noun:4,,,Alternative spelling of bulrush.,A plant referred to in the story of Moses as growing along the banks o
graybeard,greybeard,variant,,,,1,,1.08,1.52,,,noun:1,noun:4,NOUN:1,,Alternative spelling of greybeard.,An old man.
palaeobotany,paleobotany,variant,,,,1,,1.08,1.48,,,noun:1,noun:1,,,Alternative spelling of paleobotany.,The branch of paleontology that deals with the study of plant fossils.
diffusor,diffuser,variant,,,,1,,1.07,2.78,,,noun:1,noun:8;adj:1,,,Alternative form of diffuser.,Any person or thing that diffuses.
pretor,praetor,reverse,,,,1,,1.07,2.32,,,noun:1,noun:4,,,Alternative spelling of praetor.,The title designating a Roman administrative official whose role chang
depolarisation,depolarization,variant,,,,1,,1.07,2.21,,,noun:1,noun:2,,,Alternative spelling of depolarization.,"The act of reducing polarity, or the result of such action; reduction "
amebiasis,amoebiasis,reverse,,,,1,,1.07,1.16,,,noun:1,noun:3,,,Alternative spelling of amoebiasis.,Disease associated with the presence of amoebas.
vacuolization,vacuolation,variant,,,,2,,1.07,1.09,,,noun:1,noun:1,NOUN:2,,Alternative form of vacuolation.,The formation of vacuoles in a cellular tissue.
hectoliter,hectolitre,reverse,,,,2,,1.07,1.01,,,noun:1,noun:1,,,Alternative spelling of hectolitre.,A unit of volume or capacity equivalent to 100 litres. Symbol: hL
sepulture,sepulchre,unrelated,,,,2,,1.06,2.68,,,noun:2;verb:1,noun:2;verb:1,,,"The act of sepulchring, committing the remains of a deceased person to",A burial chamber.
katharsis,catharsis,variant,,,,1,,1.06,2.67,,,noun:1,noun:5,,NOUN:5,Archaic spelling of catharsis.,A release of emotional tension after an overwhelming vicarious experie
kelter,kilter,variant,,,,1,,1.06,2.48,,,noun:3,noun:2,,,"Archaic form of kilter (“(good) condition, form, or order; fettle”).","Chiefly in out of kilter: (good) condition, form, or order; fettle."
stigmatism,astigmatism,unrelated,,,,1,,1.06,2.45,,,noun:5,noun:2,,,Image-formation property of an optical system which focuses a single p,A defect of a lens such that light rays coming from a point do not mee
civies,civvies,unrelated,,,,1,,1.06,1.91,,,noun:2,noun:3,,,plural of civie,plural of civvy
externalisation,externalization,variant,,,,1,,1.06,1.66,,,noun:1,noun:3,,NOUN:1,Alternative spelling of externalization.,"The process of making something external, or visible from the outside."
theatregoer,theatergoer,variant,,,,2,,1.06,0.0,,,noun:1,noun:1,NOUN:1,NOUN:1,Alternative spelling of theatergoer.,One who attends a performance at a theater.
romanticisation,romanticization,variant,,,,1,,1.05,1.41,,,noun:1,noun:2,,,Non-Oxford British English standard spelling of romanticization.,The act or process of romanticizing.
dyarchy,diarchy,variant,,,,1,,1.05,1.04,,,noun:1,noun:2,,,Alternative form of diarchy.,Rule by two people.
lagune,lagoon,variant,,,,3,,1.04,3.43,,,noun:1,noun:1,,NOUN:15,Dated spelling of lagoon.,A shallow body of water separated from deeper sea by a bar.
banian,banyan,variant,,,,1,,1.04,2.57,,,noun:1,noun:6,,,Archaic spelling of banyan.,"An Indian trader, merchant, cashier, or money changer."
travelog,travelogue,reverse,,,,2,,1.04,2.46,,,noun:1,noun:1,,NOUN:2,US standard spelling of travelogue.,"A description of someone's travels, given in the form of narrative, pu"
haemoptysis,hemoptysis,variant,,,,1,,1.04,1.61,,,noun:1,noun:1,,,Alternative spelling of hemoptysis.,expectoration (coughing up) of blood from the respiratory system
lazarette,lazaret,variant,,,,2,,1.04,1.04,,,noun:1,noun:3,,,Obsolete spelling of lazaret.,Synonym of lazaretto.
thyroxin,thyroxine,variant,,,,1,,1.03,2.04,,,noun:1,noun:1,,NOUN:8,Alternative spelling of thyroxine.,"A thyroid hormone, with the chemical formula C₁₅H₁₁I₄NO₄, that regulat"
hypercalcaemia,hypercalcemia,variant,,,,1,,1.03,1.81,,,noun:1,noun:1,,,Alternative spelling of hypercalcemia.,The presence of an unusually high concentration of calcium in the bloo
tramontane,tramontana,unrelated,,,,1,,1.03,1.24,,,adj:2;noun:2,noun:1,,,One living beyond the mountains; a foreigner; a stranger.,"A dry, cold north wind in Italy and adjacent Mediterranean areas."
kumis,koumiss,variant,,,,2,,1.03,0.0,,,noun:1,noun:1,,,Alternative spelling of koumiss.,"A fermented drink made from mare's milk, common among peoples of the C"
muzhik,mujik,variant,,,,2,,1.03,0.0,,,noun:1,noun:1,,,Alternative spelling of mujik.,A Russian (male) peasant.
sheikhdom,sheikdom,variant,,,,1,,1.03,0.0,,,noun:1,noun:1,,,Alternative spelling of sheikdom.,The domain ruled by a sheik.
barytone,baritone,unrelated,,,,1,,1.02,2.98,,,adj:3;noun:3,noun:5,,NOUN:5,A word that is not accented on the ultimate syllable.,The male voice between tenor and bass.
fatwah,fatwa,variant,,,,1,,1.02,2.7,,,noun:1;verb:1,noun:4;verb:1,,,Alternative spelling of fatwa.,"A formal legal decree, opinion, or ruling issued by a mufti or other I"
preterit,preterite,variant,,,,1,,1.02,1.94,,,adj:1;noun:1,adj:2;noun:1,,,Alternative form of preterite.,A grammatical tense or verb form serving to denote events that took pl
discant,descant,variant,,,,1,,1.02,1.76,,,noun:1;verb:1,noun:2;verb:2,,,Alternative form of descant.,A lengthy discourse on a subject.
mandril,mandrel,variant,,,,1,,1.01,2.22,,,noun:1;verb:1,noun:2;verb:1,,NOUN:1,Alternative spelling of mandrel.,"A round object used as an aid for shaping a material, e.g. shaping or "
ascendence,ascendance,variant,,,,1,,1.01,2.16,,,noun:1,noun:1,,,Alternative form of ascendance.,"Ascendancy, superiority; the act of ascending."
carbonisation,carbonization,variant,,,,1,,1.01,1.88,,,noun:1,noun:1,,,Alternative spelling of carbonization.,The act or process of carbonizing.
akvavit,aquavit,variant,,,,2,,1.01,1.71,,,noun:1,noun:1,,,Alternative spelling of aquavit.,A Scandinavian liquor distilled from potato or grain mash to about 40%
sacculus,saccule,unrelated,,,,2,,1.01,1.11,,,noun:2,noun:2,,,"A small bag of herbs or medicinal substances, applied to the body.","A small sac, pouch, or cyst."
weirdy,weirdie,variant,,,,2,,1.01,0.0,,,adj:1;noun:1,noun:1,NOUN:1,,Alternative form of weirdie (“someone or something weird”).,Someone or something weird.
chapiter,chapter,variant,,,,1,,0.0,4.65,,,noun:3,noun:12;verb:4,,NOUN:89,Obsolete form of chapter.,"One of the main sections into which a published work is divided, espec"
rente,rent,unrelated,,,,1,,0.0,4.58,,,noun:2,noun:8;verb:5;adj:1,,VERB:26,"In France, interest payable by government on indebtedness; the bonds, ",A payment made by a tenant at intervals in order to lease a property.
algorism,algorithm,variant,,,,2,,0.0,4.02,,,noun:2,noun:6,,NOUN:1,Obsolete spelling of algorithm (all senses).,A collection of ordered steps that solve a mathematical problem. A pre
launce,lance,variant,,,,1,,0.0,3.94,,,noun:3;verb:1,noun:9;verb:5,,NOUN:5,Obsolete form of lance.,"A weapon of war, consisting of a long shaft or handle and a steel blad"
sacque,sack,variant,,,,3,,0.0,3.91,,,noun:1,noun:15;verb:7,,NOUN:8,"Alternative spelling of sack (“a short, loose-fitting garment for wome","A bag; especially a large bag of strong, coarse material for storage a"
drouth,drought,variant,,,,2,,0.0,3.9,,,noun:1,noun:3,NOUN:1,NOUN:15,Alternative form of drought.,"A period of unusually low rainfall, longer and more severe than a dry "
gasolene,gasoline,variant,,,,1,,0.0,3.85,,,noun:1,noun:4;adj:1,,NOUN:31,Alternative spelling of gasoline.,A flammable liquid consisting of a mixture of refined petroleum hydroc
advertizement,advertisement,reverse,,,,1,,0.0,3.84,,,noun:1,noun:6,,NOUN:4,Alternative spelling of advertisement.,"A commercial solicitation designed to sell some commodity, service or "
alinement,alignment,variant,,,,2,,0.0,3.78,,,noun:1,noun:9,,NOUN:4,Alternative spelling of alignment.,An arrangement of items in a line.
indorsement,endorsement,variant,,,,1,,0.0,3.75,,,noun:1,noun:6,,NOUN:5,Archaic spelling of endorsement.,The act or quality of endorsing
cholesterin,cholesterol,variant,,,,2,,0.0,3.72,,,noun:1,noun:2,,NOUN:21,Dated form of cholesterol.,A sterol lipid synthesized by the liver and transported in the bloodst
bowlder,boulder,variant,,,,1,,0.0,3.71,,,noun:1,noun:4;verb:1,,NOUN:12,Archaic spelling of boulder.,A large mass of stone detached from the surrounding land.
templet,template,variant,,,,2,,0.0,3.71,,,noun:1,noun:7;verb:3,,NOUN:5,Archaic form of template.,A physical object whose shape is used as a guide to make other objects
yoghourt,yogurt,variant,,,,2,,0.0,3.63,,,noun:1,noun:2,,,Dated spelling of yogurt.,"A milk-based product stiffened by a bacterium-aided curdling process, "
fetich,fetish,variant,,,,1,,0.0,3.59,,,noun:1,noun:5,,NOUN:3,Archaic spelling of fetish.,"Something which is believed to possess, contain, or cause spiritual or"
turbulency,turbulence,variant,,,,1,,0.0,3.55,,,noun:1,noun:4,,NOUN:4,Archaic form of turbulence.,"The state or fact of being turbulent or agitated; tempestuousness, dis"
bilingualist,bilingual,variant,,,,3,,0.0,3.52,,,noun:1,adj:3;noun:2,,ADJ:2,Alternative form of bilingual.,A person who is able to use two languages.
imaum,imam,variant,,,,1,,0.0,3.5,,,noun:1,noun:3,,,Archaic form of imam.,One who leads the salat prayers in a mosque.
convergency,convergence,variant,,,,1,,0.0,3.46,,,noun:1,noun:9,,,Alternative form of convergence.,The act of moving toward union or uniformity.
leucaemia,leukemia,variant,,,,2,,0.0,3.46,,,noun:1,noun:1,,NOUN:4,Alternative spelling of leukemia.,"Any of a class of types of cancer affecting the blood cells, especiall"
dossal,dorsal,variant,,,,1,,0.0,3.45,,,noun:1,adj:5;noun:3,,,Alternative form of dorsal (“a hanging or canopy”).,"A hanging, usually of rich stuff, at the back of a throne, altar, etc."
dossel,dorsal,variant,,,,2,,0.0,3.45,,,noun:1,adj:5;noun:3,,,Alternative form of dorsal (“a hanging or canopy”).,"A hanging, usually of rich stuff, at the back of a throne, altar, etc."
secretariate,secretariat,variant,,,,1,,0.0,3.45,,,noun:1,noun:3,NOUN:1,NOUN:5,Alternative spelling of secretariat.,The office or department of a government secretary.
reenforcement,reinforcement,variant,,,,1,,0.0,3.43,,,noun:1,noun:5,,NOUN:5,Archaic form of reinforcement.,"The act, process, or state of reinforcing or being reinforced."
vodoun,voodoo,variant,,,,3,,0.0,3.42,,,noun:1,noun:4;verb:1,,NOUN:2,Alternative spelling of voodoo.,Any of a group of related religious practices found chiefly in and aro
shibah,shiva,variant,,,,2,,0.0,3.33,,,noun:1,noun:1,,,Alternative spelling of shiva.,A weeklong period of formal mourning for a close relative.
lipide,lipid,variant,,,,1,,0.0,3.29,,,noun:1,noun:1,,NOUN:1,Archaic form of lipid.,"Any of a group of organic compounds including the fats, oils, waxes, s"
boloney,bologna,variant,,,,3,,0.0,3.25,,,noun:2,noun:2,,NOUN:2,Alternative form of bologna (“sausage”).,"A seasoned Italian sausage made from beef, pork or veal."
deflexion,deflection,variant,,,,2,,0.0,3.22,,,noun:1,noun:6,,,Dated spelling of deflection.,The act of deflecting or something deflected.
chetah,cheetah,variant,,,,1,,0.0,3.2,,,noun:1,noun:1,,NOUN:1,Archaic form of cheetah.,"A distinctive member (Acinonyx jubatus) of the cat family, slightly sm"
disforestation,deforestation,variant,,,,2,,0.0,3.2,,,noun:1,noun:2,,,Archaic form of deforestation.,The process of destroying a forest and replacing it with something els
puttee,patti,unrelated,,name,,3,,0.0,3.2,,,noun:3,noun:1,,PROPN:1,"A strip of cloth wound round the leg, worn for protection or support b",A traditional residential subdivision or unit found in settlements of 
iodin,iodine,variant,,,,1,,0.0,3.19,,,noun:1,noun:3;verb:1,,NOUN:18,Alternative form of iodine.,A chemical element (symbol: I) with an atomic number of 53; one of the
caviare,caviar,variant,,,,1,,0.0,3.15,,,noun:1,noun:3,,NOUN:1,Alternative spelling of caviar.,"Roe of the sturgeon or of certain other large fish, considered a delic"
pyxie,pixie,variant,,,,1,,0.0,3.15,,,noun:2,noun:5,,,Archaic form of pixie (“magical creature”).,A playful sprite or elflike or fairy-like creature.
preventible,preventable,variant,,,,1,,0.0,3.15,ADJ,ADJ,adj:1;noun:1,adj:1;noun:1,,,Alternative form of preventable.,Something that can be prevented.
dowery,dowry,variant,,,,1,,0.0,3.13,,,noun:1,noun:5;verb:1,,NOUN:2,Alternative form of dowry.,"Payment, such as property or money, paid by the bride's family to the "
cadency,cadence,variant,,,,1,,0.0,3.12,,,noun:2,noun:16;verb:2,,NOUN:2,Alternative form of cadence.,The act or state of declining or sinking.
deodourant,deodorant,variant,,,,1,,0.0,3.12,,,adj:1;noun:1,noun:2;adj:1,,NOUN:2,Rare spelling of deodorant.,"Any agent acting to eliminate, reduce, mask, or control odor."
chamaeleon,chameleon,variant,,,,1,,0.0,3.1,,,noun:1,noun:3;adj:1,,,Archaic spelling of chameleon.,"A small to mid-size reptile, of the family Chamaeleonidae, and one of "
pacificist,pacifist,variant,,,,2,,0.0,3.07,,,noun:1,noun:5;adj:1,,NOUN:2,Alternative form of pacifist.,"One who loves, supports, or favours peace."
aquiculture,aquaculture,variant,,,,1,,0.0,3.05,,,noun:1,noun:1,,,Alternative form of aquaculture.,"The cultivation of aquatic produce such as aquatic plants, fish, and o"
emeer,emir,variant,,,,2,,0.0,3.05,,,noun:1,noun:2,,,Alternative spelling of emir.,"A prince, commander or other leader or ruler in an Islamic nation."
narcism,narcissism,variant,,,,3,,0.0,3.05,,,noun:1,noun:2,,,Alternative form of narcissism.,A self-centered personality trait in which the person is infatuated wi
gaolbreak,jailbreak,variant,,,,2,,0.0,3.03,,,noun:1,noun:5;verb:4,,,Dated spelling of jailbreak (“escape from prison”).,An escape from prison.
hommos,hummus,variant,,,,2,,0.0,3.0,,,noun:1,noun:1,,,Alternative spelling of hummus.,"A Levantine Arab dip made of chickpea paste with various additions, su"
hoummos,hummus,variant,,,,2,,0.0,3.0,,,noun:1,noun:1,,,Alternative spelling of hummus.,"A Levantine Arab dip made of chickpea paste with various additions, su"
tannia,tania,variant,,,,1,,0.0,3.0,,,noun:1,noun:2,,,Alternative form of tania (“new cocoyam or taro”).,"New cocoyam, yautia (Xanthosoma sagittifolium)."
methadon,methadone,variant,,,,1,,0.0,2.98,,,noun:1,noun:1,,,Alternative form of methadone.,A powerful synthetic analgesic drug which is similar to morphine in it
pollenation,pollination,variant,,,,1,,0.0,2.98,,,noun:1,noun:1,,,Alternative form of pollination.,The transfer of pollen from an anther to a stigma; effected by insects
suppresser,suppressor,variant,,,,1,,0.0,2.94,,,noun:1,noun:4,,,Alternative form of suppressor.,"A device which suppresses something, especially an electronic or mecha"
tunnage,tonnage,variant,,,,1,,0.0,2.94,,,noun:1,noun:6,,NOUN:1,Alternative spelling of tonnage.,The number of tons of water that a floating ship displaces.
euphuism,euphemism,unrelated,,,,2,,0.0,2.92,,,noun:3,noun:2,,NOUN:1,An ornate style of writing (in Elizabethan England) marked by the exce,The use of a word or phrase to replace another one that is more offens
kaliph,caliph,variant,,,,1,,0.0,2.91,,,noun:1,noun:1,,,Alternative spelling of caliph.,The holder of a monarchical title based on a claim to be a successor o
musjid,masjid,variant,,,,1,,0.0,2.9,,,noun:1,noun:1,,,Archaic form of masjid (“Islamic mosque”).,A mosque.
damoiselle,damsel,variant,,,,4,,0.0,2.89,,,noun:1,noun:6,,NOUN:1,Obsolete spelling of damsel.,A young woman (of noble birth).
damosel,damsel,variant,,,,1,,0.0,2.89,,,noun:1,noun:6,,NOUN:1,Obsolete spelling of damsel.,A young woman (of noble birth).
tampion,tampon,unrelated,,,,1,,0.0,2.89,,,noun:3,noun:3;verb:1,,,"A wooden plug, or a metal or canvas cover, for the muzzle of a gun, ca",A plug of cotton or other absorbent material inserted into a body cavi
toffy,toffee,variant,,,,2,,0.0,2.89,,,adj:1;noun:1,noun:4;verb:1,,NOUN:1,Alternative spelling of toffee.,"A type of chewy confectionery made by boiling sugar (or treacle, etc) "
theine,thane,unrelated,,,,2,,0.0,2.88,,,noun:2,noun:1,,,Caffeine when present in tea.,"A rank of nobility in pre-Norman England, roughly equivalent to baron."
mitsvah,mitzvah,variant,,,,1,,0.0,2.87,,,noun:1,noun:3,,,Alternative form of mitzvah.,Any of the 613 commandments of Jewish law.
nybble,nibble,variant,,name,,1,,0.0,2.85,,,noun:1,verb:19;noun:6,,PROPN:1,"Alternative spelling of nibble (“unit of memory equal to half a byte, ","An act of taking a small, quick bite, or several of such bites, especi"
ricksha,rickshaw,variant,,name,,1,,0.0,2.85,,,noun:1,noun:1;verb:1,,PROPN:1,Alternative form of rickshaw.,A two-wheeled carriage pulled along by a person.
margarin,margarine,variant,,,,1,,0.0,2.83,,,noun:1,noun:2;verb:1,,,Archaic form of margarine.,"A spread, manufactured from a blend of vegetable oils (some of which a"
swob,swab,variant,,,,1,,0.0,2.83,,,noun:1;verb:1,noun:6;verb:1,,,Dated form of swab.,"A small piece of soft, absorbent material, such as gauze, used to clea"
baguet,baguette,variant,,,,2,,0.0,2.82,,,noun:1,noun:7,,,Alternative form of baguette.,"A narrow, relatively long rectangular shape."
banshie,banshee,variant,,,,1,,0.0,2.81,,,noun:1,noun:2,,NOUN:1,Archaic spelling of banshee.,"A female spirit, usually taking the form of a woman whose mournful wai"
jumbal,jumble,variant,,,,2,,0.0,2.81,,,noun:1,noun:4;verb:2,,NOUN:4,Obsolete form of jumble (“kind of sugared cake”).,A mixture of often unrelated things.
casava,cassava,variant,,,,1,,0.0,2.8,,,noun:1,noun:3,,,Alternative form of cassava.,"Manioc (Manihot esculenta), a tropical plant which is the source of ta"
orangutang,orangutan,variant,,,,1,,0.0,2.8,,,noun:1,noun:1,,,Alternative spelling of orangutan.,"An arboreal ape, characterised by its shaggy reddish-brown coat and lo"
cottar,cotter,variant,,,,1,,0.0,2.79,,,noun:1,noun:3;verb:1,,NOUN:1,Alternative form of cotter (“peasant inhabiting a cottage”).,A pin or wedge inserted through a slot to hold machine parts together.
honkie,honky,variant,,,,2,,0.0,2.79,,,noun:1,noun:2,,,Alternative spelling of honky.,A white (Caucasian) person.
tabour,tabor,variant,,,,1,,0.0,2.78,,,noun:1;verb:1,noun:3;verb:2,,,Alternative spelling of tabor.,A small drum.
kidnaper,kidnapper,variant,,,,1,,0.0,2.77,,,noun:1,noun:1,NOUN:1,NOUN:3,Alternative spelling of kidnapper.,A person who kidnaps someone.
punchayet,panchayat,variant,,,,2,,0.0,2.77,,,noun:1,noun:2,,,Alternative form of panchayat.,A village council or local government.
chlorophyl,chlorophyll,variant,,,,1,,0.0,2.75,,,noun:1,noun:1,,,Dated spelling of chlorophyll.,Any of a group of green pigments that are found in the chloroplasts of
mandibula,mandible,variant,,,,2,,0.0,2.75,,,noun:1,noun:4,,,Obsolete form of mandible.,"The jaw or a jawbone, especially the lower jawbone in mammals and fish"
pirana,piranha,variant,,,,1,,0.0,2.75,,,noun:1,noun:2,,,Alternative form of piranha.,"Any of certain freshwater fish of the subfamily Serrasalminae, native "
scollop,scallop,variant,,,,1,,0.0,2.75,,,noun:1;verb:1,noun:6;verb:3,,,Alternative spelling of scallop.,Any of various marine bivalve molluscs of the superfamily Pectinoidea.
mesquit,mesquite,variant,,,,1,,0.0,2.73,,,noun:1,noun:3,,,Dated spelling of mesquite.,"Any of several deciduous trees of the genus Prosopis found in America,"
cardamum,cardamom,variant,,,,1,,0.0,2.71,,,noun:1,noun:3,,NOUN:1,Archaic form of cardamom.,"An herb, native to India (Elettaria cardamomum)."
epinephrin,epinephrine,variant,,,,1,,0.0,2.71,,,noun:1,noun:1,,,Alternative form of epinephrine.,"A catecholamine hormone and neurotransmitter; as a hormone, secreted b"
holibut,halibut,variant,,,,1,,0.0,2.71,,,noun:1,noun:1,,,Archaic form of halibut.,"A large flatfish of the genus Hippoglossus, which sometimes leaves the"
gildhall,guildhall,variant,,,,1,,0.0,2.69,,,noun:1,noun:2,,,Dated form of guildhall.,A hall where a guild or corporation usually assembles.
intifadah,intifada,variant,,,,1,,0.0,2.69,,,noun:1,noun:3,,,Alternative spelling of intifada.,An insurrection; a usually violent attempt to take control of a govern
polypropene,polypropylene,variant,,,,2,,0.0,2.69,,,noun:1,noun:1,,NOUN:3,Alternative form of polypropylene.,"A thermoplastic resin made by the polymerization of propylene, and use"
schnorkel,snorkel,variant,,,,2,,0.0,2.68,,,noun:1;verb:1,noun:3;verb:1,,,Alternative form of snorkel.,"A hollow tube, held in the mouth, or mounted on and opening into a div"
phrenetic,frenetic,variant,,,,2,,0.0,2.68,ADJ,ADJ,adj:1;noun:1,adj:3;noun:1,,ADJ:3,Archaic spelling of frenetic.,One who is frenetic.
axone,axon,variant,,,,1,,0.0,2.67,,,noun:1,noun:1,,,Dated spelling of axon.,"A nerve fibre which is a long slender projection of a nerve cell, and "
sanatarium,sanitarium,unrelated,,,,1,,0.0,2.66,,,noun:1,noun:1,,NOUN:1,Alternative spelling or misspelling of sanitarium or sanatorium.,Alternative form of sanatorium.
barbacan,barbican,variant,,,,1,,0.0,2.65,,,noun:1,noun:4,,,Archaic spelling of barbican.,A tower at the entrance to a castle or fortified town.
cirrhus,cirrus,variant,,,,1,,0.0,2.65,,,noun:2,noun:5,,,Alternative form of cirrus.,"Synonym of tendril (“a thin, spirally coiling stem that attaches a pla"
laniard,lanyard,variant,,,,1,,0.0,2.65,,,noun:1,noun:4,,,Archaic form of lanyard.,"A short rope used for fastening rigging, as a handle, etc."
seriph,serif,variant,,name,,2,,0.0,2.64,,,noun:1,adj:1;noun:1,,PROPN:1,Archaic form of serif.,"A short line added to the end of a stroke in traditional typefaces, su"
gauntry,gantry,variant,,name,,1,,0.0,2.63,,,noun:1,noun:5,,PROPN:5,Archaic form of gantry.,A framework of steel bars resting on side supports to bridge over or a
haschisch,hashish,variant,,,,2,,0.0,2.62,,,noun:1,noun:3,,,Archaic spelling of hashish.,The leaves and tender parts of the Indian hemp plant (which are intoxi
effecter,effector,variant,,,,1,,0.0,2.61,,,noun:1,noun:5,,,Alternative form of effector.,"One who or that which brings about an event or result, accomplishes a "
virulency,virulence,variant,,,,1,,0.0,2.6,,,noun:1,noun:2,,NOUN:3,Dated form of virulence.,The state of being virulent.
cutlas,cutlass,plural,,,,1,canonical,0.0,2.59,,,noun:1,noun:2;verb:1,,NOUN:1,Obsolete form of cutlass.,"A short sword with a curved blade, and a convex edge; once used by sai"
flection,flexion,variant,,,,2,,0.0,2.59,,,noun:1,noun:4,,,Alternative spelling of flexion.,"The act of bending a joint, especially a bone joint; the counteraction"
tryptophane,tryptophan,variant,,,,1,,0.0,2.59,,,noun:1,noun:1,,,Alternative form of tryptophan.,An essential amino acid with an indole side chain; present in many foo
ceratin,keratin,variant,,,,1,,0.0,2.58,,,noun:1,noun:1,,,Alternative form of keratin.,The protein of which hair and nails are composed.
durion,durian,variant,,,,1,,0.0,2.58,,,noun:1,noun:3,,,Alternative spelling of durian.,"Any of several trees, genus Durio, of Southeast Asia."
paeony,peony,variant,,name,,1,,0.0,2.57,,,noun:1,noun:2,,PROPN:3,Alternative spelling of peony.,A flowering plant of the genus Paeonia with large fragrant flowers.
wistaria,wisteria,variant,,,,1,,0.0,2.57,,,noun:1,noun:2,,,Alternative spelling of wisteria.,"Any of several woody climbing vines, of the genus Wisteria, native to "
cattie,catty,variant,,,,2,,0.0,2.56,,,noun:1,adj:2;noun:2,,,Archaic form of catty (“Chinese unit of weight”).,A (unit of) weight used in China which is metricated in Mainland China
fillagree,filigree,variant,,,,2,,0.0,2.56,,,noun:1,noun:2;verb:1,,NOUN:1,Archaic form of filigree.,"A delicate and intricate ornamentation made from platinum, gold or sil"
highjacker,hijacker,variant,,,,2,,0.0,2.56,,,noun:1,noun:2,,,Alternative spelling of hijacker.,Someone who hijacks.
mensh,mensch,variant,,,,1,,0.0,2.56,,,noun:1,noun:1,,,Alternative spelling of mensch.,"A person of strength, integrity, and honor or compassion; a gentleman."
springbuck,springbok,variant,,,,2,,0.0,2.56,,,noun:1,noun:1,,,Alternative form of springbok.,"A small, fast antelope native to southern Africa, Antidorcas marsupial"
mastodont,mastodon,variant,,,,1,,0.0,2.55,,,noun:1,noun:2,,,Alternative form of mastodon.,Extinct elephant-like mammal of the genus †Mammut that flourished worl
prolapsus,prolapse,variant,,,,2,,0.0,2.55,,,noun:1,noun:1;verb:1,,,Alternative form of prolapse.,"A moving out of place, especially a protrusion of an internal organ."
cantaloup,cantaloupe,variant,,,,1,,0.0,2.53,,,noun:1,noun:4,,NOUN:1,Alternative spelling of cantaloupe.,"Cucumis melo Cantalupensis Group, a cultivar group melon with sweet ar"
zamang,zaman,variant,,,,1,,0.0,2.53,,,noun:1,noun:1,,,Alternative form of zaman (Albizia saman).,"Albizia saman, a large tropical tree in the pea family."
schtik,shtick,variant,,,,2,,0.0,2.52,,,noun:1,noun:3,,,Dated form of shtick.,A generally humorous routine.
shtik,shtick,variant,,,,1,,0.0,2.52,,,noun:1,noun:3,,,Alternative spelling of shtick.,A generally humorous routine.
myeline,myelin,variant,,,,1,,0.0,2.51,,,noun:1,noun:1,,,Archaic form of myelin.,"A white, fatty material, composed of lipids and lipoproteins, that sur"
biriani,biryani,variant,,,,1,,0.0,2.49,,,noun:1,noun:1,,,Alternative spelling of biryani.,"A spiced dish of rice, blended with meat and/or vegetables."
fellation,fellatio,variant,,,,1,,0.0,2.49,,,noun:1,noun:1,,,Alternative form of fellatio.,Performance of oral sex upon the penis.
mierkat,meerkat,variant,,,,1,,0.0,2.49,,,noun:1,noun:1,,,Dated form of meerkat.,"Suricata suricatta, a small carnivorous mammal of the mongoose family,"
demagog,demagogue,reverse,,,,2,,0.0,2.48,,,noun:1;verb:1,noun:2;verb:1,,,Alternative spelling of demagogue.,"A political orator or leader, especially in a democratic system, who g"
paraquet,parakeet,variant,,,,2,,0.0,2.48,,,noun:1,noun:1,,,Dated form of parakeet.,Any of various species of small parrot primarily of tropical regions.
paroquet,parakeet,variant,,,,3,,0.0,2.48,,,noun:1,noun:1,,,Archaic spelling of parakeet.,Any of various species of small parrot primarily of tropical regions.
parrakeet,parakeet,variant,,,,1,,0.0,2.48,,,noun:1,noun:1,,,Alternative spelling of parakeet.,Any of various species of small parrot primarily of tropical regions.
parroket,parakeet,variant,,,,3,,0.0,2.48,,,noun:1,noun:1,,,Archaic spelling of parakeet.,Any of various species of small parrot primarily of tropical regions.
parroquet,parakeet,variant,,,,4,,0.0,2.48,,,noun:1,noun:1,,,Archaic spelling of parakeet.,Any of various species of small parrot primarily of tropical regions.
marchpane,marzipan,variant,,,,3,,0.0,2.46,,,noun:1,noun:3;verb:1,,,Obsolete form of marzipan.,"A confection made from a paste of almonds, sugar and egg white as a bi"
felspar,feldspar,variant,,,,1,,0.0,2.45,,,noun:1,noun:1,,,Alternative spelling of feldspar.,Any of a large group of rock-forming aluminosilicate minerals containi
hodometer,odometer,variant,,,,1,,0.0,2.45,,,noun:1,noun:2,,,Dated form of odometer.,"An instrument, usually embedded within the speedometer of a vehicle, t"
gerbille,gerbil,variant,,,,2,,0.0,2.44,,,noun:1,verb:2;noun:1,,,Dated spelling of gerbil.,"A member of one of several species of small, jumping, mouselike rodent"
pachouli,patchouli,variant,,,,1,,0.0,2.43,,,noun:1,noun:2,,,Alternative spelling of patchouli.,"Any of several East Indian plants in the genus Pogostemon, especially "
patchouly,patchouli,variant,,,,1,,0.0,2.43,,,noun:1,noun:2,,,Alternative spelling of patchouli.,"Any of several East Indian plants in the genus Pogostemon, especially "
fetichism,fetishism,variant,,,,1,,0.0,2.41,,,noun:1,noun:3,,,Archaic form of fetishism.,"The belief that natural objects have supernatural powers, or that some"
isomorphy,isomorphism,variant,,,,3,,0.0,2.41,,,noun:1,noun:7,,,Alternative form of isomorphism.,Similarity of form
gendarmery,gendarmerie,variant,,,,2,,0.0,2.4,,,noun:1,noun:1,,,Alternative spelling of gendarmerie.,A military body charged with police duties among the civilian populati
kaoline,kaolin,variant,,name,,1,,0.0,2.38,,,noun:1,noun:1,,PROPN:1,Alternative spelling of kaolin.,"A fine clay, rich in kaolinite, used in ceramics, papermaking, etc."
cullender,colander,variant,,,,3,,0.0,2.37,,,noun:1,noun:1,,,Alternative form of colander.,A bowl-shaped kitchen utensil with holes in it used for draining food 
botulinus,botulinum,variant,,name,,1,,0.0,2.36,,,noun:1,noun:1,,PROPN:1,Alternative form of botulinum.,"An anaerobic soil bacterium, Clostridium botulinum, that secretes the "
eschalot,shallot,variant,,,,3,,0.0,2.36,,,noun:1,noun:4,,,Archaic form of shallot.,Any vegetable of certain species in the onion family.
cohoe,coho,variant,,,,1,,0.0,2.35,,,noun:1,noun:1,,,Alternative spelling of coho.,"An anadromus and semelparous salmon, Oncorhynchus kisutch, found in th"
comeupance,comeuppance,variant,,,,1,,0.0,2.34,,,noun:1,noun:1,,,Alternative form of comeuppance.,Retribution or outcome that is justly deserved.
indorser,endorser,variant,,,,1,,0.0,2.34,,,noun:1,noun:1,,,Archaic spelling of endorser.,A person who endorses.
shumac,sumac,variant,,,,1,,0.0,2.34,,,noun:1;verb:1,noun:5;verb:1,,NOUN:1,Dated spelling of sumac.,Any of various shrubs or small trees of the genus Rhus and certain oth
chutzpa,chutzpah,variant,,,,1,,0.0,2.32,,,noun:1,noun:1,,,Alternative spelling of chutzpah.,"Nearly arrogant courage; utter audacity, effrontery or impudence; supr"
fantasm,phantasm,variant,,,,2,,0.0,2.32,,,noun:1,noun:2,,,Archaic spelling of phantasm.,Something seen but having no physical reality; a phantom or apparition
hutzpah,chutzpah,variant,,,,1,,0.0,2.32,,,noun:1,noun:1,,,Alternative form of chutzpah.,"Nearly arrogant courage; utter audacity, effrontery or impudence; supr"
impermanency,impermanence,variant,,,,1,,0.0,2.32,,,noun:1,noun:3,,,Alternative form of impermanence.,Lack of permanence or continued duration.
caffer,kaffir,variant,,,,2,,0.0,2.31,,,noun:1,noun:6,,,Obsolete spelling of kaffir.,"In Islamic contexts, a non-Muslim."
caffre,kaffir,variant,,,,3,,0.0,2.31,,,noun:1,noun:6,,,Obsolete form of kaffir.,"In Islamic contexts, a non-Muslim."
wivern,wyvern,variant,,,,1,,0.0,2.31,,,noun:1,noun:1,,,Alternative spelling of wyvern.,"A draconian creature possessing wings, only two legs and usually a bar"
accompanyist,accompanist,variant,,,,1,,0.0,2.3,,,noun:1,noun:1,,NOUN:1,Alternative spelling of accompanist.,The performer in music who takes the accompanying part.
baisa,paisa,variant,,,,1,,0.0,2.3,,,noun:1,noun:6,,,Alternative form of paisa.,"A subdivision of currency, equal to one hundredth of a Indian, Nepales"
baiza,paisa,variant,,,,2,,0.0,2.3,,,noun:1,noun:6,,,Alternative form of paisa.,"A subdivision of currency, equal to one hundredth of a Indian, Nepales"
buckeroo,buckaroo,variant,,,,1,,0.0,2.3,,,noun:1,noun:5,,,Alternative spelling of buckaroo.,"A cowboy; specifically, a working cowboy who generally does not partic"
cunnilinctus,cunnilingus,variant,,,,2,,0.0,2.3,,,noun:1,noun:2,,,Rare form of cunnilingus.,Performance of oral sex upon the vulva or vagina.
mocassin,moccasin,variant,,,,2,,0.0,2.3,,,noun:1,noun:4,,NOUN:1,Alternative spelling of moccasin.,"A traditional Native North American shoe, usually without a heel or so"
neuralgy,neuralgia,variant,,,,2,,0.0,2.3,,,noun:1,noun:2,,NOUN:1,Archaic form of neuralgia.,"An acute, severe, intermittent pain that radiates along a nerve."
smidgin,smidgen,variant,,,,1,,0.0,2.29,,,noun:1,noun:2,,,Alternative spelling of smidgen.,Chiefly in the form a smidgen of: a very small amount or quantity; a b
escarp,scarp,variant,,,,1,,0.0,2.28,,,noun:1;verb:1,noun:3;verb:1,,,Obsolete spelling of scarp.,The steep artificial slope below a fort's parapet.
narwhale,narwhal,variant,,,,1,,0.0,2.28,,,noun:1,noun:1,,,Alternative spelling of narwhal.,An Arctic toothed whale (Monodon monoceros) that grows to about 20 fee
phenylamine,aniline,unrelated,,,,4,,0.0,2.28,,,noun:1,noun:1,,NOUN:1,Alternative name for aniline (C₆H₅NH₂).,"The simplest aromatic amine, C₆H₅NH₂, synthesized by the reduction of "
androgeny,androgyny,unrelated,,,,1,,0.0,2.27,,,noun:2,noun:4,,,Synonym of androgenesis.,Hermaphroditism.
sextette,sextet,variant,,,,2,,0.0,2.27,,,noun:1,noun:3,,NOUN:4,Archaic spelling of sextet.,Any group of six people or things.
boccie,bocce,variant,,,,1,,0.0,2.26,,,noun:1,noun:2,,,Alternative spelling of bocce.,"A game, similar to bowls or pétanque, played on a long, narrow, dirt-c"
borsh,borscht,variant,,,,2,,0.0,2.26,,,noun:1,noun:2,,,Alternative form of borscht.,"A beetroot soup that can be served hot or cold, usually with sour crea"
borshch,borscht,variant,,,,2,,0.0,2.26,,,noun:1,noun:2,,,Alternative spelling of borscht.,"A beetroot soup that can be served hot or cold, usually with sour crea"
borsht,borscht,variant,,,,1,,0.0,2.26,,,noun:1,noun:2,,,Alternative spelling of borscht.,"A beetroot soup that can be served hot or cold, usually with sour crea"
bortsch,borscht,variant,,,,2,,0.0,2.26,,,noun:1,noun:2,,,Alternative spelling of borscht.,"A beetroot soup that can be served hot or cold, usually with sour crea"
tzetze,tsetse,variant,,,,2,,0.0,2.26,,,noun:1,noun:1,,,Alternative spelling of tsetse.,"Any fly of the genus Glossina, native to Africa, that feeds on human a"
eyry,eyrie,variant,,,,2,,0.0,2.25,,,noun:1,noun:2,,,Archaic spelling of eyrie.,The nest of a bird of prey.
hyalin,hyaline,variant,,,,1,,0.0,2.25,,,noun:1,noun:3;adj:1,,NOUN:1,Alternative spelling of hyaline.,"Anything glassy, translucent or transparent; the sea or sky."
lichee,lychee,variant,,,,1,,0.0,2.25,,,noun:1,noun:3,,,Alternative spelling of lychee.,"The Chinese tropical fruit tree Litchi chinensis, of the soapberry fam"
lichi,lychee,variant,,,,3,,0.0,2.25,,,noun:1,noun:3,,,Alternative spelling of lychee.,"The Chinese tropical fruit tree Litchi chinensis, of the soapberry fam"
litchee,lychee,variant,,,,2,,0.0,2.25,,,noun:1,noun:3,,,Alternative form of lychee.,"The Chinese tropical fruit tree Litchi chinensis, of the soapberry fam"
manticora,manticore,variant,,,,1,,0.0,2.25,,,noun:2,noun:1,,,Alternative form of manticore.,"A beast with the body of a lion (usually red), the tail of a scorpion,"
cartouch,cartouche,variant,,,,1,,0.0,2.24,,,noun:1,noun:8,,,Alternative form of cartouche.,"An ornamental figure, often on an oval shield."
octette,octet,variant,,,,2,,0.0,2.24,,,noun:1,noun:5,,NOUN:1,Rare spelling of octet.,A group or set of eight of something.
thrombopenia,thrombocytopenia,variant,,,,4,,0.0,2.24,,,noun:1,noun:1,,,Alternative form of thrombocytopenia.,An abnormally low number of platelets in the blood.
croupe,croup,variant,,,,1,,0.0,2.23,,,noun:1,noun:2;verb:1,,,Alternative form of croup.,The top of the rump of a horse or other quadruped.
groundkeeper,groundskeeper,variant,,,,1,,0.0,2.23,,,noun:1,noun:1,,,Alternative form of groundskeeper.,"Someone who takes care of the upkeep of grounds (gardens, a playing fi"
cytol,cytology,unrelated,,,,3,,0.0,2.22,,,noun:1,noun:2,,,Abbreviation of cytology.,The study of cells.
recission,rescission,variant,,,,1,,0.0,2.21,,,noun:1,noun:2,,NOUN:2,Alternative spelling of rescission.,"An act of rescinding: removing, taking away, or taking back."
spawl,spall,unrelated,,,,1,,0.0,2.21,,,noun:2;verb:2,noun:3;verb:3,,,Scattered or ejected spittle.,"A splinter, fragment or chip, especially of stone."
saddhu,sadhu,variant,,,,1,,0.0,2.2,,,noun:1,noun:1,,,Alternative spelling of sadhu.,An ascetic or practitioner of yoga (yogi) who has given up pursuit of 
shmaltz,schmaltz,variant,,,,1,,0.0,2.2,,,noun:1,noun:2,,,Alternative spelling of schmaltz.,Rendered chicken or goose fat.
townee,townie,variant,,,,1,,0.0,2.2,,,noun:1,noun:8,,,Dated form of townie.,A person living in a university area who is not associated with the un
ablism,ableism,variant,,,,1,,0.0,2.19,,,noun:1,noun:2,,,Alternative spelling of ableism.,"Discrimination or prejudice against individuals with physical, intelle"
undiscipline,indiscipline,variant,,,,1,,0.0,2.19,,,noun:1,noun:1,,,Alternative form of indiscipline.,Lack of discipline.
incumbrance,encumbrance,variant,,,,1,,0.0,2.18,,,noun:3,noun:4;verb:1,,,Alternative form of encumbrance (“that which encumbers”).,Something that encumbers; a burden that must be carried.
fakeer,fakir,variant,,,,2,,0.0,2.17,,,noun:1,noun:3,,,Alternative spelling of fakir.,A religious mendicant who owns no personal property.
faquir,fakir,variant,,,,2,,0.0,2.17,,,noun:1,noun:3,,,Obsolete spelling of fakir.,A religious mendicant who owns no personal property.
pilaff,pilaf,variant,,,,1,,0.0,2.17,,,noun:1,noun:1,,,Alternative spelling of pilaf.,"A dish made by browning grain, typically rice, in oil and then cooking"
pilaw,pilaf,variant,,,,1,,0.0,2.17,,,noun:1,noun:1,,,Alternative spelling of pilaf.,"A dish made by browning grain, typically rice, in oil and then cooking"
scampo,scampi,variant,,,,1,,0.0,2.17,,,noun:1,noun:3,,,Alternative form of scampi.,A Norway lobster (Nephrops norvegicus).
kotow,kowtow,variant,,,,1,,0.0,2.16,,,noun:1;verb:1,verb:3;noun:1,,,Alternative spelling of kowtow.,The act of kowtowing.
olefine,olefin,variant,,,,1,,0.0,2.16,,,noun:1,noun:1,,,Alternative form of olefin,Any of a class of unsaturated open-chain hydrocarbons such as ethylene
stymy,stymie,variant,,,,2,,0.0,2.16,,,noun:1;verb:1,noun:2;verb:2,,,Alternative spelling of stymie.,A situation where an opponent's ball is directly in the way of one's o
capibara,capybara,variant,,,,1,,0.0,2.15,,,noun:1,noun:2,,,Dated spelling of capybara.,A large semi-aquatic South American rodent of the genus Hydrochoerus.
coalescency,coalescence,variant,,,,1,,0.0,2.15,,,noun:1,noun:2,,NOUN:1,Alternative form of coalescence.,The act of coalescing.
varment,varmint,variant,,,,1,,0.0,2.15,,,noun:1,noun:2,,NOUN:2,Alternative form of varmint.,"A pestilent or predatory ground-borne animal, especially one that kill"
camass,camas,plural,,,,1,variant,0.0,2.14,,,noun:2,noun:2,,,A camas prairie,Any of the North American flowering plants of the genus Camassia.
jaggary,jaggery,variant,,,,1,,0.0,2.14,,,noun:1,noun:2,,,Alternative form of jaggery.,A traditional dark-brown unrefined sugar made from palm tree sap which
jagghery,jaggery,variant,,,,1,,0.0,2.14,,,noun:1,noun:2,,,Alternative spelling of jaggery.,A traditional dark-brown unrefined sugar made from palm tree sap which
lagend,lagan,variant,,,,2,,0.0,2.14,,,noun:1,noun:1,,,Alternative form of lagan.,"Goods or materials found or left on the sea floor, attached to a float"
ligan,lagan,variant,,,,1,,0.0,2.14,,,noun:1,noun:1,,,Alternative form of lagan.,"Goods or materials found or left on the sea floor, attached to a float"
quamash,camas,variant,,,,3,,0.0,2.14,,,noun:1,noun:2,,,Dated form of camas.,Any of the North American flowering plants of the genus Camassia.
shovelboard,shuffleboard,variant,,,,4,,0.0,2.14,,,noun:1,noun:2,,,Alternative form of shuffleboard.,A game that involves sliding a puck or coin towards a target.
intrenchment,entrenchment,variant,,,,1,,0.0,2.13,,,noun:1,noun:2,,NOUN:1,Archaic spelling of entrenchment.,The process of entrenching or something which entrenches
koodoo,kudu,variant,,,,4,,0.0,2.13,,,noun:1,noun:1,,,Alternative spelling of kudu.,"A large, striped, African antelope of the species Tragelaphus imberbis"
koudou,kudu,variant,,,,2,,0.0,2.13,,,noun:1,noun:1,,,Alternative spelling of kudu.,"A large, striped, African antelope of the species Tragelaphus imberbis"
noviciate,novitiate,variant,,,,1,,0.0,2.13,,,noun:1,noun:3,,NOUN:1,Alternative form of novitiate.,A novice.
palankeen,palanquin,variant,,,,3,,0.0,2.13,,,noun:1,noun:2,,,Archaic form of palanquin.,"An enclosed human-borne litter or sedan chair, a large box with a chai"
doyly,doily,variant,,,,1,,0.0,2.11,,,noun:1,noun:3,,,Archaic form of doily.,A small ornamental piece of lace or linen or paper used to protect a s
continency,continence,variant,,,,1,,0.0,2.1,,,noun:1,noun:3,,NOUN:1,Alternative form of continence.,The voluntary control of urination and defecation.
eurhythmics,eurythmics,variant,,,,1,,0.0,2.1,,,noun:1,noun:1,,,Alternative spelling of eurythmics.,"A rhythmic interpretation of music with graceful, freestyle dance move"
grummet,grommet,variant,,,,1,,0.0,2.1,,,noun:1;verb:1,noun:5;verb:3,,,Alternative spelling of grommet.,"A reinforced eyelet, or a small metal or plastic ring used to reinforc"
calcedony,chalcedony,variant,,,,1,,0.0,2.08,,,noun:1,noun:1,,,Alternative form of chalcedony.,A form of fine-grained quartz that is nearly transparent or has a milk
rivetter,riveter,variant,,,,1,,0.0,2.08,,,noun:1,noun:3,,,Alternative form of riveter.,A person whose job is to rivet.
sambur,sambar,variant,,,,1,,0.0,2.08,,,noun:1,noun:2,NOUN:1,,Alternative form of sambar.,A Southeast Asian deer (Rusa unicolor).
shophar,shofar,variant,,,,2,,0.0,2.07,,,noun:1,noun:1,,,Alternative spelling of shofar.,"A ram’s-horn trumpet, used for Jewish ritual purposes."
trebucket,trebuchet,variant,,,,1,,0.0,2.07,,,noun:1,noun:2;verb:1,,,Alternative spelling of trebuchet.,A medieval siege engine consisting of a large pivoting arm heavily wei
pappoose,papoose,variant,,,,1,,0.0,2.06,,,noun:1,noun:2,,,Alternative spelling of papoose.,A Native American baby.
hallah,challah,variant,,,,1,,0.0,2.05,,,noun:1,noun:3,,,Alternative form of challah.,"A traditional bread eaten by Ashkenazi Jews, usually braided for the S"
katabolism,catabolism,variant,,,,1,,0.0,2.05,,,noun:1,noun:1,,,Alternative form of catabolism.,"Destructive (lytic) metabolism or metabolization, usually including th"
mandioc,manioc,variant,,,,1,,0.0,2.05,,,noun:1,noun:3,,,Obsolete form of manioc.,"The tropical plant Manihot esculenta, from which tapioca is prepared; "
manioca,manioc,variant,,,,1,,0.0,2.05,,,noun:1,noun:3,,,Alternative form of manioc,"The tropical plant Manihot esculenta, from which tapioca is prepared; "
marqueterie,marquetry,variant,,,,3,,0.0,2.05,,,noun:1,noun:2,,,Alternative form of marquetry.,"A decorative technique in which veneers of wood, ivory, metal etc. are"
ampul,ampoule,variant,,,,2,,0.0,2.04,,,noun:2,noun:1,,,Alternative spelling of ampoule.,"A small hermetically sealed vial, often used to contain a sterile solu"
summarisation,summarization,variant,,,,1,,0.0,2.04,,,noun:1,noun:3,,NOUN:1,Non-Oxford British English standard spelling of summarization.,The act of summarizing.
zikkurat,ziggurat,variant,,,,2,,0.0,2.04,,,noun:1,noun:2,,,Alternative spelling of ziggurat.,"A temple tower of the ancient Mesopotamian valley, having the form of "
zikurat,ziggurat,variant,,,,2,,0.0,2.04,,,noun:1,noun:2,,,Alternative spelling of ziggurat.,"A temple tower of the ancient Mesopotamian valley, having the form of "
fluoresceine,fluorescein,variant,,,,1,,0.0,2.03,,,noun:1,noun:1,,NOUN:1,Alternative spelling of fluorescein.,Any of a class of yellow xanthene dyes which are visible when highly d
pedagog,pedagogue,reverse,,,,2,,0.0,2.02,,,noun:1;verb:1,noun:3;verb:1,,NOUN:1,Alternative spelling of pedagogue.,A teacher or instructor of children; one whose occupation is to teach 
bulghur,bulgur,variant,,,,1,,0.0,2.0,,,noun:1,noun:1,,,Alternative form of bulgur (prepared wheat grains),"Wheat grains that have been steamed, dried, and crushed; a staple of M"
carack,carrack,variant,,,,1,,0.0,2.0,,,noun:1,noun:1,,,Alternative form of carrack.,A large European sailing vessel of the 14th to 17th centuries similar 
clearstory,clerestory,variant,,,,2,,0.0,2.0,,,noun:1,noun:1,,,Alternative form of clerestory.,The upper part of a wall containing windows to let in natural light to
cazique,cacique,variant,,,,1,,0.0,1.99,,,noun:1,noun:3,,,Alternative spelling of cacique.,A tribal chief in the Spanish West Indies.
gaolbird,jailbird,variant,,,,2,,0.0,1.99,,,noun:1,noun:1,,,Dated spelling of jailbird.,A prisoner or an ex-prisoner.
halliard,halyard,variant,,,,2,,0.0,1.99,,,noun:1,noun:2,,,Alternative spelling of halyard.,"A rope used to raise or lower a sail, flag, spar or yard."
dammar,damar,variant,,,,1,,0.0,1.98,,,noun:1,noun:3,,,Alternative form of damar.,"A large tree of the order Coniferae, indigenous to the East Indies and"
orthopaedist,orthopedist,variant,,,,1,,0.0,1.98,,,noun:1,noun:1,,,Alternative spelling of orthopedist.,A surgeon who specializes in orthopedics.
paederasty,pederasty,variant,,,,1,,0.0,1.97,,,noun:1,noun:2,,,Alternative spelling of pederasty.,"Erotic love, sexually expressed or chaste, between a man and an adoles"
quahaug,quahog,variant,,,,2,,0.0,1.97,,,noun:1;verb:1,noun:3;verb:1,,,"Alternative form of quahog (“edible hard-shell clam, Mercenaria mercen",An edible clam with a hard shell found along the Atlantic Coast of Nor
esthete,aesthete,reverse,,,,1,,0.0,1.95,,,noun:1,noun:1,,,Alternative spelling of aesthete.,"Someone who cultivates an unusually high sensitivity to beauty, as in "
hyperlipemia,hyperlipidemia,variant,,,,2,,0.0,1.95,,,noun:2,noun:1,,,Alternative form of hyperlipidemia.,An excess quantity of lipid in the blood; a symptom of several medical
maisonnette,maisonette,variant,,,,1,,0.0,1.95,,,noun:1,noun:2,,,Alternative form of maisonette.,A small house.
ragee,ragi,variant,,,,2,,0.0,1.95,,,noun:1,noun:2,,,Alternative form of ragi (“finger millet”).,"A grain, of species Eleusine coracana, cultivated as a cereal in arid "
shlep,schlep,variant,,,,1,,0.0,1.95,,,noun:1;verb:1,noun:4;verb:3,,,Alternative form of schlep.,A long or burdensome journey.
anomy,anomie,variant,,,,2,,0.0,1.94,,,noun:1,noun:1,,NOUN:1,Alternative spelling of anomie.,Alienation or social instability caused by erosion of standards and va
kelpy,kelpie,variant,,,,2,,0.0,1.94,,,noun:1,noun:2,,,Alternative form of kelpie (shapeshifting spirit).,"A malevolent shapeshifting spirit, most often in the form of a horse, "
souvlakia,souvlaki,variant,,,,1,,0.0,1.94,,,noun:2,noun:2,,,Alternative spelling of souvlaki (“a Greek dish”),A Greek fast food consisting of pieces of meat and sometimes vegetable
tzarina,tsarina,variant,,,,1,,0.0,1.94,,,noun:1,noun:1,,,Alternative spelling of tsarina.,"An empress of several Eastern European countries, especially Russia, o"
lungyi,lungi,variant,,,,1,,0.0,1.93,,,noun:1,noun:1,,,Alternative form of lungi.,"A garment worn around the waist, especially by men, in Southern India,"
immanency,immanence,variant,,,,1,,0.0,1.92,,,noun:1,noun:3,,,Alternative form of immanence.,The state of being immanent; inherency.
malemute,malamute,variant,,,,1,,0.0,1.92,,,noun:1,noun:1,,,Alternative form of malamute.,"A breed of dog of the husky type, originally bred for its strength to "
cyanite,kyanite,variant,,,,1,,0.0,1.91,,,noun:1,noun:1,,,Alternative form of kyanite.,"A blue neosilicate mineral, Al₂SiO₅, found in metamorphic rocks."
entoderm,endoderm,variant,,,,1,,0.0,1.91,,,noun:1,noun:1,,,Alternative form of endoderm.,"One of the three tissue layers in the embryo of a metazoan animal, whi"
maharanee,maharani,variant,,,,2,,0.0,1.91,,,noun:1,noun:1,,,Alternative spelling of maharani.,"The wife of a maharajah; approximately, a queen consort."
cheloid,keloid,variant,,,,2,,0.0,1.9,,,noun:1,noun:1;verb:1,,,Dated form of keloid.,A hard raised growth of scar tissue at the site of an injury.
cockateel,cockatiel,variant,,,,1,,0.0,1.9,,,noun:1,noun:1,,,Obsolete spelling of cockatiel.,"Nymphicus hollandicus, a small, rather atypical cockatoo with a distin"
yarmelke,yarmulke,variant,,,,1,,0.0,1.9,,,noun:1,noun:1,,,Alternative spelling of yarmulke.,A skullcap worn by religious Jewish males (especially during prayer).
yarmulka,yarmulke,variant,,,,1,,0.0,1.9,,,noun:1,noun:1,,,Alternative spelling of yarmulke.,A skullcap worn by religious Jewish males (especially during prayer).
plasticiser,plasticizer,variant,,,,1,,0.0,1.89,,,noun:1,noun:1,,,Alternative spelling of plasticizer.,Any of various substances added to a material (such as plastic or conc
wolfbane,wolfsbane,variant,,,,1,,0.0,1.89,,,noun:1,noun:2,,,Alternative form of wolfsbane.,Any of several poisonous perennial herbs of the genus Aconitum.
cadaster,cadastre,reverse,,,,2,,0.0,1.88,,,noun:1,noun:2,,,Alternative spelling of cadastre.,"A public survey of land, originally for the purpose of taxation and to"
cumfrey,comfrey,variant,,,,1,,0.0,1.88,,,noun:1,noun:1,,,Alternative spelling of comfrey.,"Any of several species of perennial herbs of the genus Symphytum, ofte"
dosemeter,dosimeter,variant,,,,1,,0.0,1.88,,,noun:1,noun:1,,,Alternative form of dosimeter.,A device used to measure a dose of ionizing radiation.
frangipanni,frangipani,variant,,,,1,,0.0,1.88,,,noun:1,noun:4,,NOUN:1,Archaic form of frangipani.,Any of several tropical American shrubs and trees of the genus Plumeri
hyperidrosis,hyperhidrosis,variant,,,,1,,0.0,1.88,,,noun:1,noun:1,,,Obsolete spelling of hyperhidrosis,"A medical condition with the primary symptom of excessive sweating, in"
millepede,millipede,variant,,,,1,,0.0,1.88,,,noun:1,noun:1,,,Dated spelling of millipede.,"Any of many elongated arthropods, of the class Diplopoda, with cylindr"
milliped,millipede,variant,,,,1,,0.0,1.88,,,noun:1,noun:1,,,Archaic form of millipede.,"Any of many elongated arthropods, of the class Diplopoda, with cylindr"
thyrocalcitonin,calcitonin,variant,,,,4,,0.0,1.88,,,noun:1,noun:2,,,Alternative form of calcitonin.,A polypeptide hormone secreted by the thyroid gland that has the effec
carrageenin,carrageenan,variant,,,,1,,0.0,1.87,,,noun:1,noun:1,,,Alternative form of carrageenan.,"A food additive made from a purified extract of red seaweed, commonly "
iminazole,imidazole,variant,,,,1,,0.0,1.87,,,noun:1,noun:2,,,Alternative form of imidazole.,A heterocyclic organic compound containing two nitrogen atoms separate
plectron,plectrum,variant,,,,2,,0.0,1.87,,,noun:1,noun:2,,,Alternative form of plectrum.,"A small piece of plastic, metal, ivory, etc., for plucking the strings"
chinchona,cinchona,variant,,,,1,,0.0,1.86,,,noun:1,noun:3,,,Alternative form of cinchona (“bark of the tree”).,"A tree or shrub of the genus Cinchona, native to the Andes in South Am"
cumquat,kumquat,variant,,,,1,,0.0,1.86,,,noun:1,noun:1,,,Alternative spelling of kumquat.,"A small, orange citrus-like fruit which is native to Asia (Citrus japo"
muazzin,muezzin,variant,,,,1,,0.0,1.85,,,noun:1,noun:1,,NOUN:1,Alternative spelling of muezzin.,The person who issues the call to prayer from one of the minarets of a
oestrone,estrone,variant,,,,1,,0.0,1.85,,,noun:1,noun:1,,,Alternative spelling of estrone.,A natural estrogenic hormone that is a ketone C₁₈H₂₂O₂ found in the bo
shillalah,shillelagh,variant,,,,2,,0.0,1.85,,,noun:1,noun:2,,,Alternative form of shillelagh.,A wooden (traditionally blackthorn (sloe) wood) club ending with a lar
systematisation,systematization,variant,,,,1,,0.0,1.85,,,noun:1,noun:2,,NOUN:1,Alternative form of systematization.,The act of systematizing.
gondoliere,gondolier,variant,,,,1,,0.0,1.84,,,noun:1,noun:1,,,Alternative form of gondolier.,"A boatperson who propels a gondola, especially in Venice."
leechee,litchi,variant,,,,4,,0.0,1.84,,,noun:1,noun:1,,,Alternative form of litchi.,Alternative spelling of lychee.
lingenberry,lingonberry,variant,,,,1,,0.0,1.84,,,noun:1,noun:2,,,Alternative form of lingonberry.,"A berry-bearing shrub, Vaccinium vitis-idaea, native to the cool tempe"
oesophagitis,esophagitis,variant,,,,1,,0.0,1.84,,,noun:1,noun:1,,,Alternative form of esophagitis.,An inflammation of the oesophagus.
razmataz,razzmatazz,variant,,,,2,,0.0,1.84,,,noun:1,noun:5,,,Alternative form of razzmatazz.,Ambiguous or meaningless language.
synchroniser,synchronizer,variant,,,,1,,0.0,1.84,,,noun:1,noun:5,,,Alternative form of synchronizer.,One who or that which synchronizes.
syntagm,syntagma,variant,,,,1,,0.0,1.84,,,noun:1,noun:5,,,Alternative form of syntagma.,"A constituent segment within a text, such as a word or a phrase that f"
acromegalia,acromegaly,variant,,,,2,,0.0,1.83,,,noun:1,noun:1,,,Alternative form of acromegaly.,A chronic disease marked by enlargement of the bones of the extremitie
humanisation,humanization,variant,,,,1,,0.0,1.83,,,noun:1,noun:2,,,Alternative form of humanization.,The act of humanizing.
rhaphe,raphe,variant,,,,1,,0.0,1.83,,,noun:1,noun:4,,,Alternative form of raphe.,"A seamlike ridge or furrow on an organ, bodily tissue, or other struct"
vulcanisation,vulcanization,variant,,,,1,,0.0,1.83,,,noun:1,noun:1,,,Non-Oxford British English standard spelling of vulcanization.,A process by which rubber is hardened using heat and sulphur.
lathee,lathi,variant,,,,2,,0.0,1.82,,,noun:1,noun:2,,,Alternative form of lathi.,"A heavy stick or club, usually used by policemen."
nucleole,nucleolus,variant,,,,2,,0.0,1.82,,,noun:1,noun:1,,,Alternative form of nucleolus.,"A conspicuous, rounded body within the nucleus of a cell."
phaeochromocytoma,pheochromocytoma,variant,,,,1,,0.0,1.82,,,noun:1,noun:1,,,Alternative spelling of pheochromocytoma.,A neuroendocrine tumour of the medulla of the adrenal glands.
vaccina,vaccinia,variant,,,,1,,0.0,1.81,,,noun:1,noun:3,,,Alternative form of vaccinia (“cowpox”).,An infection of cowpox.
eucaryote,eukaryote,variant,,,,1,,0.0,1.8,,,noun:1,noun:1,,,Alternative spelling of eukaryote.,Any of the single-celled or multicellular organisms of the taxonomic d
itemisation,itemization,variant,,,,1,,0.0,1.8,,,noun:1,noun:2,,NOUN:1,Alternative spelling of itemization.,The act of making a list of items; an itemizing.
shmo,schmo,variant,,,,1,,0.0,1.8,,,noun:1,noun:2,,,Alternative form of schmo.,"A stupid, obnoxious, pathetic, or otherwise contemptible person; a sch"
ballock,bollock,variant,,,,1,,0.0,1.79,,,noun:1,noun:1;verb:1,,,Alternative form of bollock.,A testicle.
dioptre,diopter,variant,,,,2,,0.0,1.79,,,noun:1,noun:8,,,Alternative spelling of diopter.,"A unit of measure of the power of a lens or mirror, equal to the recip"
pummelo,pomelo,variant,,,,2,,0.0,1.79,,,noun:1,noun:3,,,Alternative spelling of pomelo.,"The large fruit of the Citrus maxima (syn. C. grandis), native to Sout"
tularaemia,tularemia,variant,,,,1,,0.0,1.79,,,noun:1,noun:1,,NOUN:2,Alternative form of tularemia.,An infectious disease caused by the bacterium Francisella tularensis.
astringence,astringency,unrelated,,,,1,,0.0,1.78,,,noun:2,noun:1,,NOUN:1,An astringent taste.,The quality of being astringent.
biodefence,biodefense,variant,,,,1,,0.0,1.78,,,noun:1,noun:1,,,Alternative spelling of biodefense.,"Any defensive measure taken against an attack using bacteria, viruses "
chantarelle,chanterelle,variant,,,,1,,0.0,1.78,,,noun:1,noun:2,,,Alternative spelling of chanterelle.,"A widely distributed edible mushroom, Cantharellus cibarius, being yel"
haemangioma,hemangioma,variant,,,,1,,0.0,1.78,,,noun:1,noun:1,,,Alternative spelling of hemangioma.,A usually benign vascular tumor derived from endothelial cells.
hawkbill,hawksbill,variant,,,,1,,0.0,1.78,,,noun:2,noun:1,,,Alternative form of hawksbill.,"A tropical marine turtle, Eretmochelys imbricata, that is a source of "
complin,compline,variant,,,,1,,0.0,1.77,,,noun:1,noun:1,,,Alternative form of compline.,"The last of the canonical hours, sung just before retiring to bed."
pemican,pemmican,variant,,,,1,,0.0,1.77,,,noun:1,noun:2,,NOUN:1,Alternative spelling of pemmican.,"A food made from meat which has been dried and beaten into a paste, mi"
rambotan,rambutan,variant,,,,1,,0.0,1.77,,,noun:1,noun:2,,,Obsolete spelling of rambutan.,"A tree of species Nephelium lappaceum, of Southeast Asia."
seedman,seedsman,variant,,,,1,,0.0,1.77,,,noun:1,noun:2,,,Alternative form of seedsman.,One who sows seeds.
furane,furan,variant,,,,1,,0.0,1.76,,,noun:1,noun:1,,,Alternative form of furan.,Any of a class of aromatic heterocyclic compounds containing a ring of
grossbeak,grosbeak,variant,,,,1,,0.0,1.76,,,noun:1,noun:1,,,Archaic form of grosbeak.,"Any of several finches and cardinals that have a large, powerful bill"
daishiki,dashiki,variant,,,,1,,0.0,1.75,,,noun:1,noun:1,,,Alternative form of dashiki.,A loose and brightly-colored African shirt.
eosinophile,eosinophil,variant,,,,1,,0.0,1.75,,,noun:1,adj:1;noun:1,,,Alternative form of eosinophil.,A white blood cell responsible for combating infection by parasites in
vascularisation,vascularization,variant,,,,1,,0.0,1.75,,,noun:1,noun:3,,,Alternative spelling of vascularization.,the process of being vascularized.
generalisability,generalizability,unrelated,,,,1,,0.0,1.73,,,noun:1,noun:1,,,Non-Oxford British English standard spelling of generalizability.,The quality of being generalizable.
haematopoiesis,hematopoiesis,variant,,,,1,,0.0,1.73,,,noun:1,noun:1,,,Alternative spelling of hematopoiesis.,The process by which blood cells are produced; it involves the formati
hemopoiesis,hematopoiesis,variant,,,,2,,0.0,1.73,,,noun:1,noun:1,,,Alternative form of hematopoiesis.,The process by which blood cells are produced; it involves the formati
homoeopath,homeopath,variant,,,,1,,0.0,1.73,,,noun:1,noun:1,,,Alternative spelling of homeopath.,A person who practices homeopathy.
hoopoo,hoopoe,variant,,,,1,,0.0,1.73,,,noun:1,noun:1,,,Archaic form of hoopoe.,"Any Old World bird of genus Upupa, especially Upupa epops (Eurasian ho"
melaena,melena,variant,,,,1,,0.0,1.73,,,noun:1,noun:1,,,Alternative spelling of melena.,"The passage of dark, tarry stools containing blood, a result of upper "
incasement,encasement,variant,,,,1,,0.0,1.72,,,noun:1,noun:3,,,Archaic form of encasement.,The act of encasing.
anthelminthic,anthelmintic,variant,,,,1,,0.0,1.71,,,adj:1;noun:1,adj:1;noun:1,,,Alternative form of anthelmintic.,"A drug for the treatment of worm infestation, either by killing the wo"
crewet,cruet,variant,,,,2,,0.0,1.71,,,noun:1,noun:3,,,Obsolete form of cruet.,"A small bottle or container used to hold a condiment, such as oil, vin"
dakoit,dacoit,variant,,,,1,,0.0,1.71,,,noun:1,noun:1;verb:1,,,Alternative spelling of dacoit.,"A bandit or armed robber, especially in former parts of British India."
dibbuk,dybbuk,variant,,,,1,,0.0,1.71,,,noun:1,noun:1,,,Alternative form of dybbuk.,"A malicious possessing spirit, believed to be the dislocated soul of a"
capercailzie,capercaillie,variant,,,,1,,0.0,1.7,,,noun:1,noun:1,NOUN:1,,Alternative form of capercaillie.,"A large, black grouse of the genus Tetrao in the bird family Phasianid"
cauterisation,cauterization,variant,,,,1,,0.0,1.7,,,noun:1,noun:1,,,Alternative form of cauterization.,The act of searing organic tissue by the application of a cautery or c
galingale,galangal,variant,,,,2,,0.0,1.7,,,noun:2,noun:1,,,Alternative spelling of galangal.,Any of several east Asian plants of genera Alpinia and Kaempferia in t
holloa,hollo,variant,,,,1,,0.0,1.7,,,intj:1;noun:1;verb:1,intj:2;noun:1;verb:1,,,Alternative form of hollo.,"A cry of ""hollo"""
kildeer,killdeer,variant,,,,1,,0.0,1.7,,,noun:1,noun:1,,,Alternative form of killdeer.,A North American plover (Charadrius vociferus) with a distinctive cry 
lamedh,lamed,variant,,,,1,,0.0,1.7,,VERB,noun:1,noun:1;verb:1,,,Alternative spelling of lamed.,"The twelfth letter of many Semitic alphabets/abjads (Phoenician, Arama"
masculinisation,masculinization,variant,,,,1,,0.0,1.69,,,noun:1,noun:1,,,Alternative form of masculinization.,The act of rendering someone or something masculine.
samisen,shamisen,variant,,,,1,,0.0,1.69,,,noun:1,noun:1,,,Alternative form of shamisen.,A kind of three-stringed Japanese fretless lute.
spoondrift,spindrift,variant,,,,2,,0.0,1.69,,,noun:1,noun:2,,,Alternative form of spindrift.,Sea spray (clouds of water droplets) blown from the tops of waves by t
chaddar,chador,variant,,,,2,,0.0,1.68,,,noun:1,noun:1,,,Alternative spelling of chador.,"A loose robe made from a single cloth, worn as a combination head cove"
chuddar,chador,variant,,,,3,,0.0,1.68,,,noun:1,noun:1,,,Alternative spelling of chador.,"A loose robe made from a single cloth, worn as a combination head cove"
poenology,penology,variant,,,,1,,0.0,1.68,,,noun:1,noun:1,,,Obsolete form of penology.,Study of the processes devised and adopted for the punishment and prev
spandril,spandrel,variant,,,,1,,0.0,1.68,,,noun:1,noun:6,,,Alternative spelling of spandrel.,The space (often more or less triangular) between the outer curve of a
stogy,stogie,variant,,,,2,,0.0,1.68,,,noun:1,noun:3,,,Alternative spelling of stogie.,A cigar.
fluegelhorn,flugelhorn,variant,,,,1,,0.0,1.67,,,noun:1,noun:1,,,Alternative spelling of flugelhorn.,"A brass instrument resembling a cornet but with a wider, conical bore,"
oxalacetate,oxaloacetate,variant,,,,1,,0.0,1.67,,,noun:1,noun:1,,,Alternative form of oxaloacetate.,Any salt or ester of oxaloacetic acid.
penuchle,pinochle,variant,,,,2,,0.0,1.67,,,noun:1,noun:2,,NOUN:1,Alternative form of pinochle.,"A card game, similar to bezique."
pinocle,pinochle,variant,,,,1,,0.0,1.67,,,noun:1,noun:2,,NOUN:1,Alternative form of pinochle.,"A card game, similar to bezique."
pneumonoconiosis,pneumoconiosis,variant,,,,2,,0.0,1.67,,,noun:1,noun:1,,,Alternative form of pneumoconiosis.,A disease of the lungs caused by inhalation of particulate matter.
uraemia,uremia,variant,,,,1,,0.0,1.67,,,noun:1,noun:1,,NOUN:1,Alternative spelling of uremia.,Blood poisoning resulting from the retention of waste products usually
jinnee,jinni,variant,,,,2,,0.0,1.66,,,noun:1,noun:1,,,Alternative spelling of jinni.,Alternative form of jinn.
plyer,plier,unrelated,,,,1,,0.0,1.66,,,noun:2,noun:2,,,A kind of balance used in raising and letting down a drawbridge. It co,One who plies.
backsheesh,baksheesh,variant,,,,1,,0.0,1.65,,,noun:1;verb:1,noun:2;verb:1,,,Alternative spelling of baksheesh.,In the Middle East or southwest Asia: a bribe or tip.
bakshish,baksheesh,variant,,,,2,,0.0,1.65,,,noun:1;verb:1,noun:2;verb:1,,,Alternative spelling of baksheesh.,In the Middle East or southwest Asia: a bribe or tip.
ramequin,ramekin,variant,,,,2,,0.0,1.65,,,noun:1,noun:2,,,Archaic form of ramekin.,"A small glass or earthenware dish, often white and circular, in which "
aphaeresis,apheresis,variant,,,,1,,0.0,1.64,,,noun:1,noun:3,,,Alternative spelling of apheresis.,"Elision, suppression, or complete loss of a letter or sound (syllable)"
hermaphrodism,hermaphroditism,variant,,,,2,,0.0,1.64,,,noun:1,noun:2,,,Alternative spelling of hermaphroditism.,The condition of an organism that is able to reproduce as both male an
thingmajig,thingamajig,variant,,,,1,,0.0,1.64,,,noun:1,noun:1,,,Alternative form of thingamajig.,Something that one does not know the name of.
thingumajig,thingamajig,variant,,,,1,,0.0,1.64,,,noun:1,noun:1,,,Alternative form of thingamajig.,Something that one does not know the name of.
leucopenia,leukopenia,variant,,,,1,,0.0,1.63,,,noun:1,noun:1,,,Alternative spelling of leukopenia.,"An abnormally low count of leukocytes, or white blood cells, in the bl"
lutfisk,lutefisk,variant,,,,1,,0.0,1.63,,,noun:1,noun:1,,,Alternative form of lutefisk.,A traditional Nordic dish made from stockfish and soda lye.
mezuza,mezuzah,variant,,,,1,,0.0,1.63,,,noun:1,noun:2,,,Alternative spelling of mezuzah.,A piece of parchment inscribed with specific Hebrew verses from the To
oestriol,estriol,variant,,,,1,,0.0,1.63,,,noun:1,noun:1,,,Alternative spelling of estriol.,A relatively weak natural estrogenic hormone that is a glycol C₁₈H₂₄O₃
tabooli,tabbouleh,variant,,,,4,,0.0,1.63,,,noun:1,noun:1,,,Alternative spelling of tabbouleh.,"A Levantine salad or meze generally consisting of bulgur wheat, choppe"
welsher,welcher,variant,,,,1,,0.0,1.63,,,noun:1,noun:2,,,Alternative spelling of welcher.,One who welches (i.e. who fails to repay a debt).
corticotrophin,corticotropin,variant,,,,1,,0.0,1.62,,,noun:1,noun:1,,NOUN:1,Alternative form of corticotropin.,Synonym of adrenocorticotropic hormone.
lateralisation,lateralization,variant,,,,1,,0.0,1.62,,,noun:1,noun:1,,,Alternative spelling of lateralization.,"Localization of a function, such as speech, to the right or left side "
haemothorax,hemothorax,variant,,,,1,,0.0,1.61,,,noun:1,noun:1,,,Alternative form of hemothorax.,A condition resulting from accumulation of blood in the pleural cavity
memorialisation,memorialization,variant,,,,1,,0.0,1.61,,,noun:1,noun:1,,,Non-Oxford British English standard spelling of memorialization.,The act or process of memorializing or creating a memorial.
accouterment,accoutrement,reverse,,,,2,,0.0,1.6,,,noun:1,noun:4,,,American spelling of accoutrement.,"A soldier's equipment, other than weapons and uniform."
akee,ackee,variant,,,,1,,0.0,1.6,,,noun:1,noun:2,,,Alternative spelling of ackee.,"A tropical evergreen tree, Blighia sapida, related to the lychee and l"
demineralisation,demineralization,variant,,,,1,,0.0,1.59,,,noun:1,noun:2,,NOUN:1,Alternative spelling of demineralization.,The chemical engineering process in which mineral salts are removed fr
diethylstilbesterol,diethylstilbestrol,variant,,,,1,,0.0,1.59,,,noun:1,noun:1,,NOUN:5,Alternative form of diethylstilbestrol.,A synthetic estrogen drug C₁₈H₂₀O₂ used formerly to prevent miscarriag
alizarine,alizarin,variant,,,,1,,0.0,1.58,,,noun:1,noun:1,,NOUN:1,Alternative spelling of alizarin.,"A red substance, 1,2-dihydroxyanthraquinone, extracted from madder roo"
populariser,popularizer,variant,,,,1,,0.0,1.58,,,noun:1,noun:1,,,Non-Oxford British English standard spelling of popularizer.,One who popularizes something.
prejudgement,prejudgment,variant,,,,1,,0.0,1.58,,,noun:1,noun:2;adj:1,,,Alternative spelling of prejudgment.,"A judgment made before evidence has been presented, a prejudice."
astheny,asthenia,variant,,,,2,,0.0,1.57,,,noun:1,noun:2,,,Dated form of asthenia.,Weakness; loss of strength.
capelan,capelin,variant,,,,1,,0.0,1.57,,,noun:1,noun:1,,,Archaic form of capelin.,"A fish of species Mallotus villosus, a type of smelt found in the Atla"
psilocyn,psilocin,variant,,,,1,,0.0,1.57,,,noun:1,noun:1,,,Alternative form of psilocin.,"4-hydroxy-dimethyltryptamine, a hallucinogenic alkaloid found in most "
tenderiser,tenderizer,variant,,,,1,,0.0,1.57,,,noun:1,noun:4,,,Alternative spelling of tenderizer.,"Any substance added to meat, especially papain, before cooking in orde"
gothite,goethite,variant,,,,1,,0.0,1.56,,,noun:1,noun:1,,,Alternative form of goethite.,An iron oxyhydroxide that is the main constituent of rust and in miner
pluralisation,pluralization,variant,,,,1,,0.0,1.56,,,noun:1,noun:1,,,Alternative spelling of pluralization.,The act of making plural.
soochong,souchong,variant,,,,1,,0.0,1.56,,,noun:1,noun:1,,,Archaic form of souchong.,Any of several varieties of aromatic black tea from China.
brutalisation,brutalization,variant,,,,1,,0.0,1.55,,,noun:1,noun:2,,,Alternative form of brutalization.,The act or process of making brutal
revetement,revetment,variant,,,,1,,0.0,1.55,,,noun:1,noun:3,,,Alternative form of revetment.,"A layer of stone, concrete, or other hard material supporting the side"
sarape,serape,variant,,,,1,,0.0,1.55,,,noun:1,noun:1,,,Alternative spelling of serape.,"A type of blanket worn as a cloak, especially by Spanish-Americans, or"
solarisation,solarization,variant,,,,1,,0.0,1.55,,,noun:1,noun:3,,,Alternative spelling of solarization.,Exposure to the rays of the sun
chammy,shammy,variant,,,,1,,0.0,1.54,,,noun:1;verb:1,noun:3;verb:1,,,Alternative form of shammy.,Chamois leather.
hypovolaemia,hypovolemia,variant,,,,1,,0.0,1.54,,,noun:1,noun:1,,,Alternative form of hypovolemia.,A state of decreased blood plasma volume.
sensitiser,sensitizer,variant,,,,1,,0.0,1.54,,,noun:1,noun:1,,,Alternative spelling of sensitizer.,Any agent that sensitizes something.
spirochaete,spirochete,variant,,,,1,,0.0,1.54,,,noun:1,noun:1,,,Alternative spelling of spirochete.,"Any of several coiled bacteria of the order Spirochaetales, most of wh"
hypocalcaemia,hypocalcemia,variant,,,,1,,0.0,1.53,,,noun:1,noun:1,,,Alternative spelling of hypocalcemia.,The medical sign of having an abnormally low concentration of calcium 
bliny,blini,variant,,,,1,,0.0,1.52,,,noun:2,noun:2,,,Alternative form of blini.,"A small pancake, of Russian origin, made from buckwheat flour; traditi"
canulation,cannulation,variant,,,,1,,0.0,1.52,,,noun:1,noun:1,,,Alternative form of cannulation.,The insertion of a cannula
succulency,succulence,variant,,,,1,,0.0,1.52,,,noun:1,noun:1,,,Alternative form of succulence.,The property of being succulent.
djinny,djinni,variant,,,,1,,0.0,1.51,,,noun:1,noun:1,,,Archaic form of djinni.,Alternative spelling of djinn.
marlinespike,marlinspike,variant,,,,1,,0.0,1.51,,,noun:1,noun:1,,,Alternative spelling of marlinspike.,"A tool, consisting of a pointed metal spike, used to manipulate the st"
marlingspike,marlinspike,variant,,,,1,,0.0,1.51,,,noun:1,noun:1,,,Alternative spelling of marlinspike.,"A tool, consisting of a pointed metal spike, used to manipulate the st"
symbolisation,symbolization,variant,,,,1,,0.0,1.51,,,noun:1,noun:2,,,Alternative form of symbolization.,"The act of symbolizing; the use of symbols to represent things, or the"
corpulency,corpulence,variant,,,,1,,0.0,1.5,,,noun:1,noun:1,,NOUN:1,Alternative form of corpulence.,The characteristic or state of being corpulent.
channelisation,channelization,variant,,,,1,,0.0,1.49,,,noun:1,noun:2,,,Alternative spelling of channelization.,The straightening and widening of a stream or river.
golliwogg,golliwog,variant,,,,1,,0.0,1.49,,,noun:1,noun:5,,,Alternative spelling of golliwog.,A rag doll or mascot in the form of a caricature of a black minstrel.
hackbut,arquebus,variant,,,,4,,0.0,1.49,,,noun:1,noun:1;verb:1,,,Obsolete form of arquebus.,Alternative form of harquebus (“an obsolete matchlock firearm”).
haick,haik,variant,,,,1,,0.0,1.49,,,noun:1,noun:1,,,Alternative form of haik.,A covering for the head and body worn by Arabs.
penalisation,penalization,variant,,,,1,,0.0,1.49,,,noun:1,noun:1,,,Alternative spelling of penalization.,The act of punishing; punishment.
pipistrel,pipistrelle,variant,,,,2,,0.0,1.49,,,noun:1,noun:1,,,Alternative form of pipistrelle.,Any of various species of bats of the genus Pipistrellus.
archaicism,archaism,variant,,,,2,,0.0,1.48,,,noun:1,noun:2,,NOUN:1,Alternative form of archaism.,The adoption or imitation of archaic words or style.
fohn,foehn,variant,,,,1,,0.0,1.48,,,noun:1,noun:2,,,Alternative spelling of foehn.,"A warm dry wind blowing down the north sides of the Alps, especially i"
fuzee,fusee,variant,,,,1,,0.0,1.48,,,noun:1,noun:9,,,Archaic spelling of fusee.,"Synonym of fusil, a light musket or firelock."
momot,motmot,variant,,,,1,,0.0,1.48,,,noun:1,noun:1,,,Alternative form of motmot.,"Any bird in the taxonomic family Momotidae, endemic to the neotropics."
protology,proctology,unrelated,,,,1,,0.0,1.48,,,noun:3,noun:4,,,The branch of theology pertaining to origins and first things.,"The branch of medicine dealing with the pathology of the colon, rectum"
basophile,basophil,variant,,,,1,,0.0,1.47,,,noun:1,noun:2,,,Alternative form of basophil.,Any cell that has granules stained by basic stains.
budgereegah,budgerigar,variant,,,,3,,0.0,1.47,,,noun:1,noun:1,,,Archaic form of budgerigar.,"A species of small green parakeet, Melopsittacus undulatus, native to "
economiser,economizer,variant,,,,1,,0.0,1.47,,,noun:1,noun:2,,,Alternative form of economizer.,A person who avoids waste
idolisation,idolization,variant,,,,1,,0.0,1.47,,,noun:1,noun:1,,,Alternative spelling of idolization.,"The act of idolizing, adoring or worshiping, especially to excess."
mantelet,mantlet,variant,,,,1,,0.0,1.47,,,noun:1,noun:3,,,Alternative form of mantlet.,A short sleeveless cloak or cape.
ousel,ouzel,variant,,,,1,,0.0,1.46,,,noun:1,noun:2,,,Alternative form of ouzel.,A Eurasian blackbird (Turdus merula).
warragal,warrigal,variant,,,,1,,0.0,1.46,,,noun:1,noun:2,,,Alternative form of warrigal.,A wild dingo.
organdie,organdy,variant,,,,2,,0.0,1.45,,,noun:1,noun:1,,NOUN:3,Alternative spelling of organdy.,"A fine, transparent type of muslin, usually stiffened."
pastil,pastille,variant,,,,2,,0.0,1.45,,,noun:2,noun:6;verb:1,,,Obsolete spelling of pastille.,"A flavoured candy or sweet, often round and somewhat flat in shape."
peneplane,peneplain,variant,,,,2,,0.0,1.45,,,noun:1,noun:1,,,Alternative form of peneplain.,A low-relief plain representing the final stage of fluvial erosion dur
procaryote,prokaryote,variant,,,,1,,0.0,1.45,,,noun:1,noun:2,,,Alternative spelling of prokaryote.,An organism whose cell (or cells) are characterized by the absence of 
epha,ephah,variant,,,,1,,0.0,1.44,,,noun:1,noun:1,,,Alternative spelling of ephah.,A former Hebrew unit of dry volume (about 23 L).
muscadel,muscatel,variant,,,,1,,0.0,1.44,,,noun:1,noun:2,,,Alternative form of muscatel (“wine or grape”).,"A muscat grape or raisin, especially one from southern Spain."
omphalus,omphalos,variant,,,,1,,0.0,1.44,,,noun:1,noun:5,,,Alternative form of omphalos.,"An ancient religious stone artifact, or baetylus, used to denote the d"
parallelopiped,parallelepiped,variant,,,,1,,0.0,1.44,,,noun:1,noun:1,,,Alternative form of parallelepiped.,"A solid figure, having six faces, all parallelograms, all opposite fac"
verbalisation,verbalization,variant,,,,1,,0.0,1.44,,,noun:1,noun:1,,,Alternative spelling of verbalization.,An instance of verbalizing.
victimiser,victimizer,variant,,,,1,,0.0,1.44,,,noun:1,noun:1,,,Alternative spelling of victimizer.,One who victimizes.
chitlings,chitterlings,variant,,,,3,,0.0,1.43,,,noun:1,noun:2,,,Pronunciation spelling of chitterlings.,"Small intestine, cleaned and defatted, usually of a pig. Sometimes pre"
crampoon,crampon,variant,,,,1,,0.0,1.43,,,noun:2,noun:3;verb:1,,,Alternative form of crampon (attachment for a shoe),An attachment to a shoe or boot that provides traction by means of spi
protoactinium,protactinium,variant,,,,1,,0.0,1.43,,,noun:1,noun:1,,,Dated form of protactinium.,"A chemical element (symbol Pa) with atomic number 91. A dense, silvery"
shikse,shiksa,variant,,,,1,,0.0,1.43,,,noun:1,noun:2,,,Alternative form of shiksa.,"A non-Jewish girl, especially one who is attractive and young."
videodisk,videodisc,variant,,,,1,,0.0,1.43,,,noun:1,noun:1,NOUN:1,,Alternative spelling of videodisc.,An optical disc containing a video recording that can be viewed on a t
celom,coelom,reverse,,,,1,,0.0,1.42,,,noun:1,noun:1,,,Alternative spelling of coelom.,A fluid-filled cavity within the body of an animal. The digestive syst
chincapin,chinquapin,variant,,,,2,,0.0,1.42,,,noun:1,noun:8,,,Alternative form of chinquapin.,Any of certain species of tree in the chestnut genus Castanea:
chinkapin,chinquapin,variant,,,,2,,0.0,1.42,,,noun:1,noun:8,,,Alternative form of chinquapin.,Any of certain species of tree in the chestnut genus Castanea:
houdah,howdah,variant,,,,1,,0.0,1.42,,,noun:1,noun:2,,,Dated form of howdah.,"A seat, usually with a canopy, carried on the back of an elephant or c"
normaliser,normalizer,variant,,,,1,,0.0,1.42,,,noun:1,noun:2,,,Alternative spelling of normalizer.,"One who or that which normalizes, fits to a norm or standard etc."
thyrotrophin,thyrotropin,variant,name,,,1,,0.0,1.42,,,noun:1,noun:1,PROPN:1,,Alternative form of thyrotropin.,A thyroid-stimulating glycoprotein hormone secreted by the pituitary g
copeck,kopek,variant,,,,2,,0.0,1.41,,,noun:1,noun:3,,,Alternative spelling of kopek.,A Russian monetary unit equal to one hundredth of a ruble.
haemagglutination,hemagglutination,variant,,,,1,,0.0,1.41,,,noun:1,noun:1,,,Alternative form of hemagglutination.,"The agglutination of red blood cells, especially as a test for the pre"
lutecium,lutetium,variant,,,,1,,0.0,1.41,,,noun:1,noun:1,,,Obsolete form of lutetium.,"The chemical element with atomic number 71, a silvery-white metal whic"
pulverisation,pulverization,variant,,,,1,,0.0,1.41,,,noun:1,noun:1,,,Alternative spelling of pulverization.,The act of pulverizing.
nasalisation,nasalization,variant,,,,1,,0.0,1.4,,,noun:1,noun:3,,,Alternative spelling of nasalization.,the articulation of a vowel or continuant consonant in such a way that
caracul,karakul,variant,,,,2,,0.0,1.39,,,noun:1,noun:2,,,Alternative spelling of karakul.,A sheep of a Central Asian breed.
teasle,teasel,variant,,,,2,,0.0,1.39,,,noun:1;verb:1,noun:3;verb:1,,,Archaic spelling of teasel.,Any of several plants of the genus Dipsacus.
teazel,teasel,variant,,,,1,,0.0,1.39,,,noun:1;verb:1,noun:3;verb:1,,,Archaic spelling of teasel.,Any of several plants of the genus Dipsacus.
virilisation,virilization,variant,,,,1,,0.0,1.39,,,noun:1,noun:1,,,Alternative form of virilization.,The development of sex characteristics that are typically found in men
whidah,whydah,variant,,,,1,,0.0,1.39,,,noun:1,noun:1,,,Alternative spelling of whydah.,Any of various black and white African birds with distinctive drooping
birretta,biretta,variant,,,,1,,0.0,1.38,,,noun:1,noun:1,,,Alternative form of biretta.,"A square cap, originally with four ridges across the top, surmounted b"
gemsbuck,gemsbok,variant,,,,2,,0.0,1.38,,,noun:1,noun:1,,,Alternative form of gemsbok.,A large African antelope (Oryx gazella).
genuflexion,genuflection,variant,,,,2,,0.0,1.38,,,noun:1,noun:1,,,Alternative spelling of genuflection.,The act of genuflecting.
grayback,greyback,variant,,,,1,,0.0,1.38,,,noun:1,noun:6,,,Alternative spelling of greyback.,A Confederate soldier during the US Civil War (because of the grey uni
denationalisation,denationalization,variant,,,,1,,0.0,1.37,,,noun:1,noun:1,,,Non-Oxford British English standard spelling of denationalization.,"The act or process of denationalizing, of removing from government con"
gerfalcon,gyrfalcon,variant,,,,1,,0.0,1.37,,,noun:1,noun:2,,,Alternative form of gyrfalcon.,"Any large falcon, especially as used to fly at herons."
graylag,greylag,variant,,name,,1,,0.0,1.37,,,noun:1,noun:1,,PROPN:1,Alternative spelling of greylag.,"A large grey European goose, Anser anser, with pink legs and dull oran"
haemoglobinuria,hemoglobinuria,variant,,,,1,,0.0,1.37,,,noun:1,noun:1,,,Alternative spelling of hemoglobinuria.,The presence of hemoglobin in the urine.
demagnetisation,demagnetization,variant,,,,1,,0.0,1.36,,,noun:1,noun:1,,,Alternative form of demagnetization.,The process of removing the magnetic field from an object.
ladanum,labdanum,variant,,,,1,,0.0,1.36,,,noun:1,noun:1,,,Alternative form of labdanum.,"A sticky brown resin obtained from species of rockrose, used mainly in"
prodroma,prodrome,variant,,,,1,,0.0,1.36,,,noun:1,noun:3;adj:1,,,Alternative form of prodrome.,A precursor or harbinger; also a warning event.
remilitarisation,remilitarization,variant,,,,1,,0.0,1.36,,,noun:1,noun:1,,,Alternative form of remilitarization.,The act or process of remilitarizing.
dakoity,dacoity,variant,,,,1,,0.0,1.35,,,noun:1,noun:1,,,Alternative spelling of dacoity.,Violent robbery carried out by a dacoit or a gang of dacoits.
utriculus,utricle,variant,,,,3,,0.0,1.35,,,noun:1,noun:3,,,Alternative form of utricle.,"A small cell, sac, or bladder-like protuberance in an animal or plant:"
victualer,victualler,variant,,,,1,,0.0,1.35,,,noun:1,noun:4,,,Alternative spelling of victualler.,A supplier of victuals or supplies to an army.
desynchronisation,desynchronization,variant,,,,1,,0.0,1.34,,,noun:1,noun:2,,,Alternative form of desynchronization.,A loss of synchronization of brain waves.
hyperaemia,hyperemia,variant,,,,1,,0.0,1.34,,,noun:1,noun:1,,NOUN:2,Alternative spelling of hyperemia.,excess of blood in a body part.
myosis,miosis,variant,,,,1,,0.0,1.34,,,noun:1,noun:2,,,Alternative spelling of miosis.,Contraction of the pupil of the eye.
ptomain,ptomaine,variant,,,,1,,0.0,1.34,,,noun:1,noun:2,,,Alternative form of ptomaine.,Any of various amines formed by putrefactive bacteria.
ruggelach,rugelach,variant,,,,1,,0.0,1.34,,,noun:1,noun:1,,,Alternative spelling of rugelach.,"A type of Jewish pastry, which may be filled with various fruit, nuts,"
abattis,abatis,variant,,,,1,,0.0,1.33,,,noun:1,noun:3,,,Alternative spelling of abatis.,"A means of defense formed by felled trees, or sometimes by bent trees,"
anchylosis,ankylosis,variant,,,,2,,0.0,1.33,,,noun:1,noun:3,,,Alternative spelling of ankylosis.,The growing together of bones to form a single unit.
coenobite,cenobite,variant,,,,1,,0.0,1.33,,,noun:1,noun:3,,,Alternative spelling of cenobite.,A new or recent member of a Greek monastic religious order; a caloyer.
gymel,gimel,variant,,,,1,,0.0,1.33,,,noun:1,noun:1,,,Alternative form of gimel (“Semitic letter”).,"The third letter of the several Semitic alphabets (Phoenician, Aramaic"
lyophilisation,lyophilization,variant,,,,1,,0.0,1.33,,,noun:1,noun:1,,,Alternative spelling of lyophilization.,Synonym of freeze-drying.
arytaenoid,arytenoid,variant,,,,1,,0.0,1.32,,,adj:1;noun:1,adj:2;noun:2,,,Alternative form of arytenoid.,Ellipsis of arytenoid cartilage.
coccidiomycosis,coccidioidomycosis,variant,,,,3,,0.0,1.32,,,noun:1,noun:1,,NOUN:1,Misspelling of coccidioidomycosis.,An infectious respiratory disease caused by inhalation of the fungus C
foetoprotein,fetoprotein,variant,,,,1,,0.0,1.32,,,noun:1,noun:1,,,Alternative spelling of fetoprotein.,"Any of several antigens produced in a developing embryo, of which the "
grotesquery,grotesquerie,variant,,,,2,,0.0,1.32,,,noun:1,noun:4,,,Alternative form of grotesquerie.,"An instance of grotesqueness, a grotesque thing."
mastabah,mastaba,variant,,,,1,,0.0,1.32,,,noun:1,noun:2,,,Alternative form of mastaba.,"A wide stone bench built into the wall of a house, shop etc. in the Mi"
piperin,piperine,variant,,,,1,,0.0,1.32,,,noun:1,noun:1,,,Alternative form of piperine.,The alkaloid responsible for the pungency of black pepper.
arborvirus,arbovirus,variant,,,,1,,0.0,1.31,,,noun:1,noun:1,,,Alternative form of arbovirus.,Any virus that is transmitted by an arthropod.
kanaf,kenaf,variant,,,,1,,0.0,1.31,,,noun:1,noun:2,,,Alternative form of kenaf.,"Hibiscus cannabinus, an annual or biennial herbaceous plant found main"
markhoor,markhor,variant,,,,1,,0.0,1.31,,,noun:1,noun:1,,,Alternative form of markhor.,"A large wild goat, Capra falconeri, especially Capra falconeri megacer"
picaninny,pickaninny,variant,,,,1,,0.0,1.31,,,noun:1,adj:1;noun:1,,,Alternative spelling of pickaninny.,A black child.
piccaninny,pickaninny,variant,,,,1,,0.0,1.31,,,noun:1,adj:1;noun:1,,,Alternative form of pickaninny.,A black child.
schmeer,schmear,variant,,,,1,,0.0,1.31,,,noun:1;verb:1,noun:3;verb:2,,,Alternative form of schmear.,A spread that goes on a bagel.
shmear,schmear,variant,,,,1,,0.0,1.31,,,noun:1;verb:1,noun:3;verb:2,,,Alternative form of schmear.,A spread that goes on a bagel.
tetrachlorethylene,tetrachloroethylene,reverse,,,,1,,0.0,1.31,,,noun:1,noun:1,,,Alternative form of tetrachloroethylene.,"A liquid chlorocarbon with the formula C₂Cl₄, commonly used in dry cle"
assagai,assegai,variant,,,,1,,0.0,1.3,,,noun:1;verb:1,noun:2;verb:1,,,Alternative spelling of assegai.,"A slim hardwood spear or javelin with an iron tip, especially those us"
galvanisation,galvanization,variant,,,,1,,0.0,1.3,,,noun:1,noun:1,,,Alternative form of galvanization.,The act or process of galvanizing.
academism,academicism,variant,,,,2,,0.0,1.29,,,noun:1,noun:4,,,Alternative form of academicism,The doctrines of Plato's academy; specifically the skeptical doctrines
cylix,kylix,variant,,,,1,,0.0,1.29,,,noun:1,noun:1,,,Alternative form of kylix.,"An Ancient Greek drinking cup with a stem, two handles, and a broad, s"
fictionalisation,fictionalization,variant,,,,1,,0.0,1.29,,,noun:1,noun:2,,,Alternative spelling of fictionalization.,The act of fictionalizing.
moufflon,mouflon,variant,,,,1,,0.0,1.29,,,noun:1,noun:1,,,Alternative spelling of mouflon.,"A species of wild sheep, Ovis orientalis musimon, syn. Ovis aries musi"
palaeopathology,paleopathology,variant,,,,1,,0.0,1.29,,,noun:1,noun:2,,,Alternative form of paleopathology.,The study of ancient diseases.
sequella,sequela,variant,,,,1,,0.0,1.29,,,noun:1,noun:3,,,Misspelling of sequela.,Chiefly in the plural: a condition or disease which follows chronologi
vitalisation,vitalization,variant,,,,1,,0.0,1.29,,,noun:1,noun:1,,,Non-Oxford British English standard spelling of vitalization.,The act of vitalizing; enlivenment; vivification.
bacteriacide,bactericide,variant,,,,1,,0.0,1.28,,,noun:1,noun:1,,,Alternative form of bactericide.,"Any substance that kills bacteria, especially one that is otherwise ha"
larvacide,larvicide,variant,,,,1,,0.0,1.28,,,noun:1,noun:1;verb:1,,,Alternative spelling of larvicide.,Any pesticide that attacks the larval stage of an insect
circularisation,circularization,variant,,,,1,,0.0,1.27,,,noun:1,noun:3,,,Alternative spelling of circularization.,The distribution of publicity circulars.
currajong,kurrajong,variant,,,,1,,0.0,1.27,,,noun:1,noun:2,,,Alternative form of kurrajong.,Any of a number of species of tree or shrub in the genus Brachychiton.
lutanist,lutenist,variant,,,,1,,0.0,1.27,,,noun:1,noun:1,,,Alternative form of lutenist.,"One who plays the lute, a lutist."
monaul,monal,variant,,,,1,,0.0,1.27,,,noun:1,noun:1,,,Alternative form of monal (“pheasant”).,Any of three species of pheasant in the genus Lophophorus.
piaster,piastre,reverse,,,,2,,0.0,1.27,,,noun:2,noun:3,,,Alternative spelling of piastre.,"A coin and unit of currency, originally a Spanish or Spanish-American "
myxoedema,myxedema,variant,,,,1,,0.0,1.26,,,noun:1,noun:1,,,Alternative spelling of myxedema.,A form of cutaneous and dermal edema that is secondary to increased de
toxaemia,toxemia,variant,,,,1,,0.0,1.26,,,noun:1,noun:1,,,"Alternative spelling of toxemia, organic blood poisoning",Blood poisoning; adverse reaction to toxic byproducts of systemic infe
falderol,folderol,variant,,,,1,,0.0,1.25,,,noun:1,noun:2,,,Alternative form of folderol.,Nonsense or foolishness.
folderal,folderol,variant,,,,1,,0.0,1.25,,,noun:1,noun:2,,,Alternative spelling of folderol.,Nonsense or foolishness.
padouk,padauk,variant,,,,1,,0.0,1.25,,,noun:1,noun:2,,,Alternative form of padauk.,Any of the trees of the pantropical genus Pterocarpus.
shlemiel,schlemiel,variant,,,,1,,0.0,1.25,,,noun:1,noun:2,,,Alternative form of schlemiel.,A loser or a fool.
tendosynovitis,tenosynovitis,variant,,,,1,,0.0,1.25,,,noun:1,noun:1,,,rare spelling of tenosynovitis,An inflammation of the fluid-filled sheath (the synovium) that surroun
communisation,communization,variant,,,,1,,0.0,1.24,,,noun:1,noun:1,,,Non-Oxford British English standard spelling of communization.,The act or process of communizing.
dieresis,diaeresis,reverse,,,,1,,0.0,1.24,,,noun:1,noun:6,,,Alternative spelling of diaeresis.,"A separation of one syllable (especially a vowel which is a diphthong,"
glamorisation,glamorization,variant,,,,1,,0.0,1.24,,,noun:1,noun:1,,,Alternative spelling of glamorization.,"The act of glamorizing, or something glamorized."
glamourisation,glamorization,variant,,,,2,,0.0,1.24,,,noun:1,noun:1,,,British spelling of glamorization.,"The act of glamorizing, or something glamorized."
glamourization,glamorization,variant,,,,1,,0.0,1.24,,,noun:1,noun:1,,,Alternative form of glamorization.,"The act of glamorizing, or something glamorized."
parasitaemia,parasitemia,variant,,,,1,,0.0,1.24,,,noun:1,noun:1,,,Alternative spelling of parasitemia.,The presence of parasites in the blood
toponomy,toponymy,variant,,,,1,,0.0,1.24,,,noun:1,noun:2,,,Alternative spelling of toponymy.,Lexicological study of place names; a branch of onomastics.
corslet,corselet,variant,,,,1,,0.0,1.23,,,noun:1,noun:5,,,Alternative form of corselet.,"Armor for the body, for example a breastplate and backpiece taken toge"
simoon,simoom,variant,,,,1,,0.0,1.23,,,noun:1,noun:1,,,Alternative spelling of simoom.,"A hot, dry, suffocating, dust-laden wind of the desert, particularly o"
tamandu,tamandua,variant,,,,1,,0.0,1.23,,,noun:1,noun:1,,,Alternative form of tamandua (“type of anteater”).,An anteater of the genus Tamandua.
estivation,aestivation,reverse,,,,1,,0.0,1.22,,,noun:1,noun:3,,,Alternative spelling of aestivation.,A state of inactivity and metabolic depression during summer: the summ
haemosiderin,hemosiderin,variant,,,,1,,0.0,1.22,,,noun:1,noun:1,,NOUN:2,Alternative form of hemosiderin.,"An abnormal microscopic pigment, formed of granules of a complex of ir"
lachrymation,lacrimation,variant,,,,2,,0.0,1.22,,,noun:1,noun:1,,,Alternative form of lacrimation.,The shedding or flow of tears; crying.
mizenmast,mizzenmast,variant,,,,1,,0.0,1.22,,,noun:1,noun:3,,,Alternative spelling of mizzenmast.,The aftmost mast on a ship having three masts; the third-tallest mast 
piroshki,pirozhki,variant,,,,1,,0.0,1.22,,,noun:1,noun:2,,,Alternative spelling of pirozhki.,"Small pastries filled with finely chopped meat, vegetables or fruit ba"
bumph,bumf,variant,,,,2,,0.0,1.21,,,noun:1,noun:2,,,Alternative form of bumf.,"Useless papers; now especially official documents, standardized forms,"
dislodgment,dislodgement,variant,,,,1,,0.0,1.21,,,noun:1,noun:1,,,Alternative form of dislodgement.,The state or process of being dislodged
eurhythmy,eurythmy,variant,,,,1,,0.0,1.21,,,noun:1,noun:3,,,Alternative form of eurythmy.,The harmony of features and proportion in architecture.
hoactzin,hoatzin,variant,,,,1,,0.0,1.21,,,noun:1,noun:1,,,Alternative form of hoatzin.,A bird of the species Opisthocomus hoazin of the order Opisthocomiform
kerugma,kerygma,variant,,,,1,,0.0,1.21,,,noun:1,noun:1,,NOUN:3,Alternative spelling of kerygma.,The proclamation of religious truths; core religious teaching; preachi
thoracocentesis,thoracentesis,variant,,,,2,,0.0,1.21,,,noun:1,noun:1,,,Alternative form of thoracentesis.,A medical procedure involving needle drainage of air or fluid from the
dideoxyinosine,didanosine,variant,,,,4,,0.0,1.2,,,noun:1,noun:1,,,Alternative form of didanosine.,A reverse transcriptase inhibitor drug C₁₀H₁₂N₄O₃ which inhibits the r
keratinisation,keratinization,variant,,,,1,,0.0,1.2,,,noun:1,noun:1,,,Alternative spelling of keratinization.,The process by which cells from beneath the skin are converted to hair
bathyscape,bathyscaphe,variant,,,,1,,0.0,1.19,,,noun:1,noun:1,,,Alternative form of bathyscaphe.,A self-propelled deep-sea diving submersible for exploring the ocean d
bathyscaph,bathyscaphe,variant,,,,1,,0.0,1.19,,,noun:1,noun:1,,,Alternative spelling of bathyscaphe.,A self-propelled deep-sea diving submersible for exploring the ocean d
signalisation,signalization,variant,,,,1,,0.0,1.19,,,noun:1,noun:1,,,Alternative spelling of signalization.,The process of signalizing; characterization or differentiation
tacheometer,tachymeter,variant,,,,2,,0.0,1.19,,,noun:1,noun:2,,,Alternative spelling of tachymeter.,A surveying instrument for quickly finding distances.
chachka,tchotchke,variant,,,,4,,0.0,1.18,,,noun:2,noun:2,,,Alternative spelling of tchotchke.,"A small ornament of minor value; a knick-knack, a trinket."
dourah,durra,variant,,,,3,,0.0,1.18,,,noun:1,noun:1,,,Alternative form of durra.,"A kind of millet, a variety of sorghum; Indian millet (Sorghum bicolor"
enjambement,enjambment,variant,,,,1,,0.0,1.18,,,noun:1,noun:1,,,Alternative spelling of enjambment.,A technique in poetry whereby a sentence is carried over to the next l
haematemesis,hematemesis,variant,,,,1,,0.0,1.18,,,noun:1,noun:1,,,Alternative spelling of hematemesis.,The vomiting of blood; blood within vomitus.
harbourage,harborage,variant,,,,1,,0.0,1.18,,,noun:1,noun:3,,,Alternative form of harborage.,A place for refuge for a vessel.
tsatske,tchotchke,variant,,,,4,,0.0,1.18,,,noun:1,noun:2,,,Alternative spelling of tchotchke.,"A small ornament of minor value; a knick-knack, a trinket."
tshatshke,tchotchke,variant,,,,3,,0.0,1.18,,,noun:1,noun:2,,,Alternative spelling of tchotchke.,"A small ornament of minor value; a knick-knack, a trinket."
haemolysin,hemolysin,variant,,,,1,,0.0,1.17,,,noun:1,noun:1,,,Alternative spelling of hemolysin.,Any substance (often an exotoxin) that damages the membranes of red bl
pipul,peepul,variant,,,,2,,0.0,1.17,,,noun:1,noun:1,,,Alternative form of peepul.,"The sacred fig, Ficus religiosa."
thingmabob,thingamabob,variant,,,,1,,0.0,1.17,,,noun:1,noun:1,,,Alternative form of thingamabob.,A thing or person whose actual name is unknown or forgotten.
thingumabob,thingamabob,variant,,,,1,,0.0,1.17,,,noun:1,noun:1,,,Alternative form of thingamabob.,A thing or person whose actual name is unknown or forgotten.
schrod,scrod,variant,,,,1,,0.0,1.16,,,noun:1,verb:2;noun:1,,,Alternative spelling of scrod.,"Any cod, pollock, haddock, or other whitefish."
tympanist,timpanist,variant,,,,1,,0.0,1.16,,,noun:1,noun:1,,,Alternative spelling of timpanist.,Someone who plays the timpani.
wikiup,wickiup,variant,,,,1,,0.0,1.16,,,noun:1,noun:1,,,Alternative spelling of wickiup.,"A domed hut, similar to a wigwam, used by some seminomadic Native Amer"
orache,orach,variant,,,,1,,0.0,1.15,,,noun:1,noun:3,,,Alternative spelling of orach.,The saltbush: any of several plants of the genus Atriplex
secreter,secretor,variant,,,,1,,0.0,1.15,,,noun:1,noun:3,,,Alternative spelling of secretor.,A person who or animal that secretes (emits a bodily fluid).
whizzbang,whizbang,variant,,,,1,,0.0,1.15,,,noun:1,noun:3,,,Alternative form of whizbang.,A type of firework that made a whiz before exploding.
alphabetisation,alphabetization,variant,,,,1,,0.0,1.14,,,noun:1,noun:1,,,Non-Oxford British English standard spelling of alphabetization.,The act or process of arranging in alphabetical order.
blintze,blintz,variant,,,,1,,0.0,1.14,,,noun:1,noun:1,,,Alternative spelling of blintz.,"A thin blin (pancake), filled (often with sweet cheese) and folded, th"
czaritza,tsaritsa,variant,,,,3,,0.0,1.14,,,noun:1,noun:1,,,Alternative spelling of tsaritsa.,a tsarina
enophile,oenophile,reverse,,,,1,,0.0,1.14,,,noun:1,noun:1,,,Alternative form of oenophile.,A person who has a fondness or appreciation for wine.
hoosgow,hoosegow,variant,,,,1,,0.0,1.14,,,noun:1,noun:1,,NOUN:1,Alternative form of hoosegow.,A jail.
leukotomy,leucotomy,variant,,,,1,,0.0,1.14,,,noun:1,noun:1,,,Alternative spelling of leucotomy.,Synonym of lobotomy.
moustachio,mustachio,variant,,,,1,,0.0,1.14,,,noun:1;verb:1,noun:1;verb:1,,,Alternative spelling of mustachio.,"A mustache, especially a large or lush one."
pavise,pavis,variant,,,,1,,0.0,1.14,,,noun:1,noun:1,,,Alternative form of pavis.,"Most usually, a very large shield fitted with a stand, like a small mo"
poleax,poleaxe,variant,,,,1,,0.0,1.14,,,noun:1;verb:1,verb:3;noun:2,,,Alternative spelling of poleaxe.,An ax having both a blade and a hammer face; used to slaughter cattle.
sanfoin,sainfoin,variant,,,,1,,0.0,1.14,,,noun:1,noun:1,,,Alternative form of sainfoin.,"A perennial herb of the genus Onobrychis with pale pink flowers, espec"
sillabub,syllabub,variant,,,,1,,0.0,1.14,,,noun:1,noun:3,,,Archaic spelling of syllabub.,A drink dating back to the 16th century consisting primarily of milk c
arbalist,arbalest,variant,,,,1,,0.0,1.13,,,noun:1,noun:2,,,Alternative form of arbalest.,A steel crossbow.
celebrater,celebrator,variant,,,,1,,0.0,1.13,,,noun:1,noun:1,,,Alternative form of celebrator.,A person who celebrates or praises.
overutilisation,overutilization,variant,,,,1,,0.0,1.13,,,noun:1,noun:1,,,Alternative form of overutilization.,Excessive utilization; overuse.
anhydrosis,anhidrosis,variant,,,,1,,0.0,1.12,,,noun:1,noun:1,,,Misspelling of anhidrosis.,The reduced ability or inability to sweat.
cither,cittern,variant,,,,2,,0.0,1.12,,,noun:1,noun:1,,,Alternative form of cittern.,"A stringed instrument (chordophone), played with a plectrum (a pick), "
cithern,cittern,variant,,,,1,,0.0,1.12,,,noun:1,noun:1,,,Archaic form of cittern.,"A stringed instrument (chordophone), played with a plectrum (a pick), "
dogy,dogie,variant,,,,2,,0.0,1.12,,,noun:1,noun:1,,,Alternative spelling of dogie.,A motherless calf in a range herd of cattle; a calf separated from its
polliwog,pollywog,variant,,,,1,,0.0,1.12,,,noun:1,noun:3;verb:2,,,Alternative form of pollywog.,A tadpole.
spelaeology,speleology,variant,,,,1,,0.0,1.12,,,noun:1,noun:2,,,Alternative form of speleology.,The scientific study of caves.
chivaree,shivaree,variant,,,,1,,0.0,1.11,,,noun:1;verb:1,noun:1;verb:1,,,Alternative form of shivaree.,Alternative form of charivari.
xanthophyl,xanthophyll,variant,,,,1,,0.0,1.11,,,noun:1,noun:2,,,Dated spelling of xanthophyll.,"Any of various hydroxy, carbonyl or carboxylic acid derivatives of car"
bister,bistre,reverse,,,,2,,0.0,1.1,,,noun:1,noun:2,,,Alternative spelling of bistre.,"A brown pigment made from soot, especially from beech wood."
enologist,oenologist,reverse,,,,1,,0.0,1.1,,,noun:1,noun:1,,,Alternative form of oenologist.,An expert in the science of oenology.
lammergeyer,lammergeier,variant,,,,1,,0.0,1.1,,,noun:1,noun:1,,,Alternative form of lammergeier.,"A long-winged vulture, Gypaetus barbatus, found in southern Europe, Af"
particularisation,particularization,variant,,,,1,,0.0,1.1,,,noun:1,noun:1,,,Alternative spelling of particularization.,The act of particularizing.
shote,shoat,variant,,,,2,,0.0,1.1,,,noun:2,noun:2,,,Alternative form of shoat (“young pig”).,A weaned piglet; any piglet.
azotaemia,azotemia,variant,,,,1,,0.0,1.09,,,noun:1,noun:1,,,Alternative spelling of azotemia.,The accumulation in the blood of nitrogen-bearing waste products (such
lavalliere,lavaliere,variant,,,,1,,0.0,1.09,,,noun:1,noun:2;adj:1,,,Alternative form of lavaliere.,A pussy bow.
neuropile,neuropil,variant,,,,1,,0.0,1.09,,,noun:1,noun:1,,,Alternative form of neuropil.,A fibrous network of nervous tissue that forms the gray matter of the 
peripetia,peripeteia,variant,,,,1,,0.0,1.09,,,noun:1,noun:3,,,Alternative form of peripeteia.,A sudden reversal of fortune as a plot point in Classical tragedy.
peripety,peripeteia,variant,,,,3,,0.0,1.09,,,noun:2,noun:3,,,Alternative form of peripeteia (“sudden change in circumstances; crisi,A sudden reversal of fortune as a plot point in Classical tragedy.
podsol,podzol,variant,,,,1,,0.0,1.09,,,noun:1,noun:1,,,Alternative form of podzol.,The typical soil of coniferous or boreal forests.
alidad,alidade,variant,,,,1,,0.0,1.08,,,noun:1,noun:1,,,Archaic form of alidade.,A type of sighting device used for measuring angles.
noreaster,northeaster,variant,,,,2,,0.0,1.08,,,noun:1,noun:1,,,Alternative form of northeaster.,"An extratropical storm, usually found in coastal New England and Atlan"
rigourousness,rigorousness,variant,,,,1,,0.0,1.08,,,noun:1,noun:1,,,Nonstandard spelling of rigorousness.,"The property of being rigorous, strictness."
moulter,molter,variant,,,,1,,0.0,1.07,,,noun:1,noun:1,,,Alternative form of molter.,"One who, or that which, molts or sheds."
somatotrophin,somatotropin,variant,,,,1,,0.0,1.07,,,noun:1,noun:1,,,Alternative spelling of somatotropin.,Synonym of growth hormone.
vacuolisation,vacuolization,variant,,,,1,,0.0,1.07,,,noun:1,noun:1,,NOUN:2,Alternative form of vacuolization.,Alternative form of vacuolation.
vulgarisation,vulgarization,variant,,,,1,,0.0,1.07,,,noun:1,noun:2,,,Non-Oxford British English standard spelling of vulgarization.,"The process of making something vulgar, especially by using the langua"
alcahest,alkahest,variant,,,,1,,0.0,1.06,,,noun:1,noun:1,,,rare spelling of alkahest,A universal solvent sought by the alchemists.
dueller,dueler,variant,,,,1,,0.0,1.05,,,noun:1,noun:1,,,Alternative form of dueler.,a person who fights a duel
postillion,postilion,variant,,,,1,,0.0,1.05,,,noun:1,noun:2,,,Alternative spelling of postilion.,A rider mounted on the near (left) leading horse who guides the team p
schematisation,schematization,variant,,,,1,,0.0,1.05,,,noun:1,noun:1,,,Alternative form of schematization.,Arrangement into a scheme or schema.
babiroussa,babirusa,variant,,,,2,,0.0,1.04,,,noun:1,noun:1,,,Alternative form of babirusa.,"Any mammal in the genus Babyrousa in the pig family Suidae, in which t"
pauperisation,pauperization,variant,,,,1,,0.0,1.04,,,noun:1,noun:1,,,Alternative spelling of pauperization.,The act or process of reducing to poverty.
sombreness,somberness,variant,,,,2,,0.0,1.03,,,noun:1,noun:1,,,Alternative spelling of somberness.,The state or quality of being somber.
thralldom,thraldom,variant,,,,1,,0.0,1.03,,,noun:1,noun:1,,,Alternative spelling of thraldom.,"A state of bondage, slavery, or subjugation to another person."
aigret,aigrette,variant,,,,2,,0.0,1.02,,,noun:1,noun:3,,,Alternative spelling of aigrette.,"A feather or plume, or feather-shaped item, used as an adornment or or"
cicatrice,cicatrix,variant,,,,2,,0.0,1.02,,,noun:1,noun:1,,,Alternative form of cicatrix.,A scar that remains after the development of new tissue over a recover
crepuscle,crepuscule,variant,,,,1,,0.0,1.02,,,noun:1,noun:1,,,Alternative form of crepuscule.,Twilight.
shnook,schnook,variant,,,,1,,0.0,1.02,,,noun:1,noun:1,,,Alternative spelling of schnook.,A person who is easily taken advantage of.
encyclopaedist,encyclopedist,variant,,,,1,,0.0,1.01,,,noun:1,noun:2,,,Alternative spelling of encyclopedist.,A member of a group of French authors who collaborated in the 18th cen
haemorrhoidectomy,hemorrhoidectomy,variant,,,,1,,0.0,1.01,,,noun:1,noun:1,,,Alternative form of hemorrhoidectomy.,A surgical procedure involving the excision of internal and/or externa
abamp,abampere,variant,,,,3,,0.0,0.0,,,noun:1,noun:1,,,Alternative form of abampere.,Unit of electrical current in electromagnetic and Gaussian cgs systems
aboulia,abulia,variant,,,,1,,0.0,0.0,,,noun:1,noun:1,,,Alternative spelling of abulia.,"Absence of willpower or decisiveness, especially as a symptom of menta"
absolutisation,absolutization,variant,,,,1,,0.0,0.0,,,noun:1,noun:1,,,Alternative spelling of absolutization.,"An act, process or result of absolutizing."
abstractor,abstracter,variant,,,,1,,0.0,0.0,,,noun:2,noun:3;adj:1,,,Alternative form of abstracter,"One who abstracts, or makes an abstract, as in records or documents."
acariosis,acariasis,variant,,,,1,,0.0,0.0,,,noun:1,noun:1,,,Alternative form of acariasis.,"An infestation with, or disease caused by mites or ticks."
acetanilid,acetanilide,variant,,,,1,,0.0,0.0,,,noun:1,noun:1,,,Alternative form of acetanilide.,the amide derived from acetic acid and aniline; once used medicinally 
acroanesthesia,acroanaesthesia,reverse,,,,1,,0.0,0.0,,,noun:1,noun:2,,,Alternative form of acroanaesthesia.,Local anesthesia.
acromikria,acromicria,variant,,,,1,,0.0,0.0,,,noun:1,noun:1,,,Alternative form of acromicria.,"Hypoplasia of the limbs, and often digits, nose, and jaw."
adactylia,adactyly,variant,,,,2,,0.0,0.0,,,noun:1,noun:1,,,Alternative form of adactyly.,Congenital absence of the digits (the fingers or toes).
aerogramme,aerogram,variant,,,,2,,0.0,0.0,,,noun:1,noun:4,,,Alternative spelling of aerogram.,A wireless message.
aesthesis,esthesis,variant,,,,1,,0.0,0.0,,,noun:1,noun:1,,,Alternative spelling of esthesis.,Elemental awareness of sensory stimulation.
aiguillette,aiglet,unrelated,,,,4,,0.0,0.0,,,noun:2,noun:3,,,An ornamental braided cord with decorative metal tips worn on uniforms,"A tip, originally of metal and often decorative, on a ribbon or cord t"
alcapton,alkapton,variant,,,,1,,0.0,0.0,,,noun:1,noun:1,,,Alternative spelling of alkapton.,homogentisic acid
alcaptonuria,alkaptonuria,variant,,,,1,,0.0,0.0,,,noun:1,noun:1,,,Alternative spelling of alkaptonuria.,A rare inherited genetic disorder of phenylalanine and tyrosine metabo
alfileria,alfilaria,variant,,,,1,,0.0,0.0,,,noun:1,noun:1,,,Alternative form of alfilaria.,"common storksbill (Erodium cicutarium), a flowering plant of the famil"
allegoriser,allegorizer,variant,,,,1,,0.0,0.0,,,noun:1,noun:1,,,Alternative form of allegorizer.,One who allegorizes.
alphabetiser,alphabetizer,variant,,,,1,,0.0,0.0,,,noun:1,noun:1,,,Non-Oxford British English standard spelling of alphabetizer.,"One who, or that which, alphabetizes."
amyotrophia,amyotrophy,variant,,,,2,,0.0,0.0,,,noun:1,noun:1,,,Alternative form of amyotrophy.,atrophy of muscles
anapaest,anapest,variant,,,,1,,0.0,0.0,,,noun:1,noun:3,,,Alternative form of anapest.,A metrical foot of three syllables of the shape | ⏖ – |:
anathematisation,anathematization,variant,,,,1,,0.0,0.0,,,noun:1,noun:1,,,Alternative form of anathematization.,The act of anathematizing; vigorous denunciation.
animalisation,animalization,variant,,,,1,,0.0,0.0,,,noun:1,noun:2,,,Alternative spelling of animalization,"The act of animalizing; the giving of animal life, or endowing with an"
anoestrus,anestrus,variant,,,,1,,0.0,0.0,,,noun:1,noun:1,,,Alternative spelling of anestrus.,In female placental mammals—excluding humans and great apes—a phase of
apophthegm,apothegm,variant,,,,2,,0.0,0.0,,,noun:1,noun:1,,,Alternative spelling of apothegm.,"A short, witty, instructive saying; an aphorism or maxim."
arbitrement,arbitrament,variant,,,,1,,0.0,0.0,,,noun:1,noun:1,,,Alternative spelling of arbitrament.,The judgement of an arbiter or arbitrator; an arbitration.
ateleiosis,ateliosis,variant,,,,1,,0.0,0.0,,,noun:1,noun:1,,,Alternative form of ateliosis.,A form of dwarfism accompanied by a childlike high-pitched voice and a
audad,aoudad,variant,,,,1,,0.0,0.0,,,noun:1,noun:1,,,Alternative form of aoudad.,"The Barbary sheep, Ammotragus lervia."
authoriser,authorizer,variant,,,,1,,0.0,0.0,,,noun:1,noun:1,,,Alternative form of authorizer.,"One who, or that which, authorizes."
autocoid,autacoid,variant,,,,1,,0.0,0.0,,,noun:1,noun:1,,,Alternative form of autacoid.,"A hormone or similar compound that has a short-term, local effect"
azederach,azedarach,variant,,,,1,,0.0,0.0,,,noun:1,noun:2,,,Alternative spelling of azedarach.,"An Asiatic tree (Melia azedarach), common in the southern United State"
babirussa,babiroussa,variant,,,,1,,0.0,0.0,,,noun:1,noun:1,,,Alternative form of babiroussa.,Alternative form of babirusa.
bandlet,bandelet,variant,,,,1,,0.0,0.0,,,noun:2,noun:2,,,Alternative form of bandelet.,"A small band or fillet; any little band or flat moulding, compassing a"
barbarization,barbarisation,reverse,,,,1,,0.0,0.0,,,noun:1,noun:1,,,Alternative form of barbarisation.,An act which causes people to revert to a state which is primitive and
barrater,barrator,variant,,,,1,,0.0,0.0,,,noun:1,noun:5,,,Alternative form of barrator.,"One who is guilty of barratry, vexing others with frequent and often g"
basonym,basionym,variant,,,,1,,0.0,0.0,,,noun:1,noun:1,,,Alternative form of basionym.,An earlier valid scientific name of a species that has since been rena
bastnasite,bastnaesite,variant,,,,1,,0.0,0.0,,,noun:1,noun:1,,,Alternative form of bastnaesite.,"A yellow-brown mineral that is a source of several rare earth metals, "
bathymeter,bathometer,variant,,,,1,,0.0,0.0,,,noun:1,noun:1,,,Alternative form of bathometer.,"An instrument that measures the depth of water, used especially to mea"
bedesman,beadsman,variant,,,,2,,0.0,0.0,,,noun:1,noun:4,,NOUN:1,Obsolete form of beadsman.,"A petitioner; someone who seeks some type of favour from another, usua"
bedeswoman,beadswoman,variant,,,,2,,0.0,0.0,,,noun:1,noun:1,,,Alternative form of beadswoman.,A female beadsman.
bezzant,bezant,variant,,,,1,,0.0,0.0,,,noun:1,noun:2,,,Archaic form of bezant.,"A coin made of gold or silver, minted at Byzantium and used in currenc"
blastocele,blastocoele,reverse,,,,1,,0.0,0.0,,,noun:1,noun:1,,,Alternative form of blastocoele.,Alternative spelling of blastocoel.
blastocoele,blastocoel,variant,,,,1,,0.0,0.0,,,noun:1,noun:1,,,Alternative spelling of blastocoel.,The fluid-filled cavity in a blastula.
bonyness,boniness,variant,,,,1,,0.0,0.0,,,noun:2,noun:1,,,Rare spelling of boniness.,The property or degree of being bony.
bowdleriser,bowdlerizer,variant,,,,1,,0.0,0.0,,,noun:1,noun:1,,,Alternative form of bowdlerizer.,One who bowdlerizes.
brachycephalism,brachycephaly,variant,,,,3,,0.0,0.0,,,noun:1,noun:1,,,Dated form of brachycephaly.,"A congenital condition wherein the skull is flattened front-to-back, s"
broadax,broadaxe,variant,,,,1,,0.0,0.0,,,noun:1,noun:1,,,Alternative spelling of broadaxe.,"A large axe, with a broad blade, once used as a weapon and also used f"
burnous,burnoose,variant,,,,2,,0.0,0.0,,,noun:2,noun:1,,,Alternative spelling of burnoose.,A thick hooded cloak worn by Berbers and Arabs in Northwest Africa.
burnouse,burnoose,variant,,,,1,,0.0,0.0,,,noun:1,noun:1,,,Alternative spelling of burnoose.,A thick hooded cloak worn by Berbers and Arabs in Northwest Africa.
byzant,bezant,variant,,,,1,,0.0,0.0,,,noun:1,noun:2,,,Alternative form of bezant.,"A coin made of gold or silver, minted at Byzantium and used in currenc"
cainogenesis,caenogenesis,variant,,,,1,,0.0,0.0,,,noun:1,noun:1,,,Alternative spelling of caenogenesis.,The embryotic development of structures or characteristics not present
caliculus,calyculus,variant,,,,1,,0.0,0.0,,,noun:1,noun:2,,,Alternative spelling of calyculus.,Any cup-shaped structure.
callathump,callithump,variant,,,,1,,0.0,0.0,,,noun:1,noun:2,,,Alternative form of callithump.,"A somewhat riotous parade, accompanied with the blowing of tin horns a"
calorizator,calorisator,variant,,,,1,,0.0,0.0,,,noun:1,noun:1,,,Alternative form of calorisator.,An apparatus used in beet-sugar factories to heat the juice in order t
calpac,calpack,variant,,,,1,,0.0,0.0,,,noun:1,noun:1,,,Alternative spelling of calpack.,"A kind of cap from Turkic countries, with a high crown."
carabinier,carabineer,variant,,,,1,,0.0,0.0,,,noun:1,noun:1,,,Alternative spelling of carabineer.,A cavalry soldier.
carageen,carrageen,variant,,,,1,,0.0,0.0,,,noun:1,noun:1,,,Alternative form of carrageen.,Irish moss (Chondrus crispus)
carragheen,carrageen,variant,,,,1,,0.0,0.0,,,noun:1,noun:1,,,Alternative form of carrageen.,Irish moss (Chondrus crispus)
caviller,caviler,variant,,,,1,,0.0,0.0,,,noun:1,noun:1,,,Alternative spelling of caviler.,"A person who cavils; a faultfinder, quibbler or nitpicker"
cenogenesis,caenogenesis,reverse,,,,1,,0.0,0.0,,,noun:1,noun:1,,,Alternative spelling of caenogenesis.,The embryotic development of structures or characteristics not present
centiliter,centilitre,reverse,,,,2,,0.0,0.0,,,noun:1,noun:1,,,Alternative form of centilitre.,A unit of volume or capacity of one hundredth of a litre. Symbol: cl
cephalhematoma,cephalohematoma,variant,,,,1,,0.0,0.0,,,noun:1,noun:1,,,Alternative form of cephalohematoma.,A hemorrhage of blood between the skull and periosteum of a newborn ba
chabasite,chabazite,variant,,,,1,,0.0,0.0,,,noun:1,noun:1,,,Alternative form of chabazite.,Any of several zeolite minerals that occur in basaltic rocks.
chanfron,chamfron,variant,,,,1,,0.0,0.0,,,noun:1,noun:1,,,"Alternative form of chamfron (protective armor for a horse's head, esp","Protective armor for a horse's head, especially the face and ears."
chaulmugra,chaulmoogra,variant,,,,2,,0.0,0.0,,,noun:1,noun:1,,NOUN:1,Alternative spelling of chaulmoogra.,"A tree found in Southeast Asia, Hydnocarpus wightianus, which yields a"
cheewink,chewink,variant,,,,1,,0.0,0.0,,,noun:1,noun:1,,,Alternative form of chewink.,"A species of New World sparrow, Pipilo erythrophthalmus."
chigetai,dziggetai,variant,,,,3,,0.0,0.0,,,noun:1,noun:1,,,Alternative form of dziggetai.,"The Mongolian wild ass, Equus hemionus hemionus, a subspecies of the o"
chiseller,chiseler,variant,,,,1,,0.0,0.0,,,noun:1,noun:3,,,Alternative spelling of chiseler.,One who uses a chisel for carving.
chromaesthesia,chromesthesia,variant,,,,1,,0.0,0.0,,,noun:1,noun:1,,,Alternative form of chromesthesia.,Sound-to-color synaesthesia.
cirripede,cirriped,variant,,,,1,,0.0,0.0,,,noun:1,noun:1,,,Alternative spelling of cirriped.,Any barnacle or similar crustacean of the infraclass Cirripedia
clayiness,clayeyness,variant,,,,2,,0.0,0.0,,,noun:1,noun:1,,,Alternative spelling of clayeyness.,The quality of being clayey.
cockleburr,cocklebur,variant,,,,1,,0.0,0.0,,,noun:1,noun:1,,,Alternative form of cocklebur.,"Any of the coarse composite weeds of the genus Xanthium, with a prickl"
cocoswood,cocuswood,variant,,,,1,,0.0,0.0,,,noun:1,noun:1,,,Alternative form of cocuswood.,"The dense hardwood of Brya ebenus, a Caribbean flowering tree."
coigne,coign,variant,,,,1,,0.0,0.0,,,noun:1,noun:5;verb:1,,,Alternative form of coign: a keystone; a wedge; (obsolete) a corner or,A projecting corner or angle; a cornerstone.
colorlessness,colourlessness,reverse,,,,1,,0.0,0.0,,,noun:1,noun:1,,,US standard spelling of colourlessness.,The state or quality of being colourless.
colourcast,colorcast,variant,,,,1,,0.0,0.0,,,noun:1;verb:1,noun:1;verb:1,,,Alternative spelling of colorcast.,"An undesirable tint of color affecting another color in a photograph, "
conventionalisation,conventionalization,variant,,,,1,,0.0,0.0,,,noun:1,noun:1,,,Alternative form of conventionalization.,The act or process of rendering something conventional.
councilorship,councillorship,variant,,,,1,,0.0,0.0,,,noun:1,noun:1,,,Alternative form of councillorship.,The role or status of councillor.
counsellorship,counselorship,variant,,,,1,,0.0,0.0,,,noun:1,noun:1,,,Alternative form of counselorship.,The function and rank or office of a counselor.
covalency,covalence,variant,,,,1,,0.0,0.0,,,noun:1,noun:2,,,Alternative spelling of covalence.,A form of valence in which electrons are shared between participating 
crenelation,crenellation,variant,,,,1,,0.0,0.0,,,noun:1,noun:3,,,Alternative form of crenellation.,"A pattern along the top of a parapet (fortified wall), most often in t"
crenelle,crenel,variant,,,,2,,0.0,0.0,,,noun:1,noun:1,,,Alternative spelling of crenel.,The space between merlons in a crenelated battlement.
crotal,crottle,unrelated,,,,2,,0.0,0.0,,,noun:3,noun:1,,,"A crotalum, a type of clapper used in Ancient Greece.","Any of various lichens gathered for dyeing, especially those of the ge"
cryoanaesthesia,cryoanesthesia,variant,,,,1,,0.0,0.0,,,noun:1,noun:1,,,Alternative spelling of cryoanesthesia.,Insensibility resulting from cold.
decaliter,decalitre,reverse,,,,2,,0.0,0.0,,,noun:1,noun:1,,,US spelling of decalitre.,Ten litres. Symbol: daL
decameter,decametre,reverse,,,,2,,0.0,0.0,,,noun:1,noun:3,,,US spelling of decametre.,An SI unit of length equal to 10¹ metres. Symbol: dam
dekagram,decagram,variant,,,,1,,0.0,0.0,,,noun:1,noun:2,,,Alternative form of decagram.,An SI unit of mass equal to 10¹ grams. Symbol: dag
dekaliter,decalitre,variant,,,,3,,0.0,0.0,,,noun:1,noun:1,,,Alternative spelling of decalitre.,Ten litres. Symbol: daL
dekalitre,decalitre,variant,,,,1,,0.0,0.0,,,noun:1,noun:1,,,Alternative form of decalitre.,Ten litres. Symbol: daL
dekameter,decametre,variant,,,,3,,0.0,0.0,,,noun:1,noun:3,,,Alternative form of decametre.,An SI unit of length equal to 10¹ metres. Symbol: dam
dekametre,decametre,variant,,,,1,,0.0,0.0,,,noun:1,noun:3,,,Alternative form of decametre.,An SI unit of length equal to 10¹ metres. Symbol: dam
demythologisation,demythologization,variant,,,,1,,0.0,0.0,,,noun:1,noun:2,,NOUN:6,Alternative form of demythologization.,"The removal of mythological elements from something, especially from r"
detribalisation,detribalization,variant,,,,1,,0.0,0.0,,,noun:1,noun:1,,,Alternative form of detribalization.,Process of detribalizing.
devitalisation,devitalization,variant,,,,1,,0.0,0.0,,,noun:1,noun:1,,,Alternative form of devitalization.,The act or process of devitalizing; its results.
dichotomisation,dichotomization,variant,,,,1,,0.0,0.0,,,noun:1,noun:1,,,Alternative spelling of dichotomization.,The act of dichotomizing or the thing dichotomized; classification int
dichromasy,dichromacy,variant,,,,1,,0.0,0.0,,,noun:1,noun:1,,,Alternative spelling of dichromacy.,The quality of having two independent channels for conveying color inf
dicumarol,dicoumarol,variant,,,,1,,0.0,0.0,,,noun:1,noun:1,,,Alternative form of dicoumarol.,"An anticoagulant that functions as a vitamin K antagonist, also used i"
dissyllable,disyllable,variant,,,,1,,0.0,0.0,,,noun:1,noun:1,,,Alternative form of disyllable.,A word comprising two syllables.
dkg,dekagram,unrelated,,,,4,,0.0,0.0,,,noun:1,noun:1,,,decagram; Abbreviation of dekagram; Alternative form of dag; A unit of,Alternative form of decagram.
draughtswoman,draftswoman,variant,,,,3,,0.0,0.0,,,noun:1,noun:2,,,Alternative spelling of draftswoman.,A woman employed in making drawings.
drosky,droshky,variant,,,,1,,0.0,0.0,,,noun:1,noun:1,,,Alternative form of droshky.,"An open horse-drawn carriage, especially in Russia."
enanthema,enanthem,variant,,,,1,,0.0,0.0,,,noun:1,noun:1,,,Alternative form of enanthem.,A lesion of the mucous membrane (especially of the mouth)
encyclopaedism,encyclopedism,variant,,,,1,,0.0,0.0,,,noun:1,noun:1,,,Alternative form of encyclopedism.,Encyclopedic knowledge or learning.
entoparasite,endoparasite,variant,,,,1,,0.0,0.0,,,noun:1,noun:1,,,Alternative form of endoparasite.,"A parasite that lives inside the body of an organism, such as a tapewo"
epigon,epigone,variant,,,,1,,0.0,0.0,,,noun:1,noun:2,,,Alternative form of epigone.,A follower or disciple.
eringo,eryngo,variant,,,,1,,0.0,0.0,,,noun:1,noun:2,,,Alternative spelling of eryngo.,"The root of sea holly, Eryngium maritimum, formerly candied and taken "
essonite,hessonite,variant,,,,1,,0.0,0.0,,,noun:1,noun:1,,,"Alternative spelling of hessonite (“Cinnamon stone, a variety of garne","An orange, cinnamon, or pinkish garnet."
esthesia,aesthesia,reverse,,,,1,,0.0,0.0,,,noun:1,noun:1,,,Alternative spelling of aesthesia.,The ability to perceive sensations.
etamin,etamine,variant,,,,1,,0.0,0.0,,,noun:1,noun:1,,,Alternative form of etamine.,A soft cotton or worsted fabric with an open mesh.
eudemon,eudaemon,reverse,,,,1,,0.0,0.0,,,noun:1,noun:1,,,Alternative form of eudaemon.,A good or benevolent spirit.
euglenoid,euglenid,variant,,,,1,,0.0,0.0,,,noun:1,noun:1,,,Alternative form of euglenid.,A kind of flagellate distinguished mainly by the presence of a pellicl
eupnoea,eupnea,variant,,,,1,,0.0,0.0,,,noun:1,noun:1,,,Alternative spelling of eupnea.,"Normal, relaxed breathing; healthy condition of inhalation and exhalat"
exanthema,exanthem,variant,,,,1,,0.0,0.0,,,noun:1,noun:1,,,Alternative form of exanthem.,A widespread rash usually occurring in children.
extemporisation,extemporization,variant,,,,1,,0.0,0.0,,,noun:1,noun:1,,,Alternative spelling of extemporization.,The act of extemporizing; the act of doing anything extempore.
fasciolosis,fascioliasis,variant,,,,2,,0.0,0.0,,,noun:1,noun:1,,,Alternative form of fascioliasis.,infestation with liver flukes (of genus Fasciola)
fatism,fattism,variant,,,,1,,0.0,0.0,,,noun:1,noun:1,,,Alternative form of fattism.,Discrimination on the grounds of fatness.
favorableness,favourableness,reverse,,,,1,,0.0,0.0,,,noun:1,noun:1,,,Alternative spelling of favourableness.,The state or condition of being favourable.
femtometer,femtometre,reverse,,,,2,,0.0,0.0,,,noun:1,noun:1,,,US spelling of femtometre.,An SI unit of length equal to 10⁻¹⁵ metres. Symbol: fm
fizgig,fishgig,unrelated,,,,2,,0.0,0.0,,,noun:6;verb:2,noun:1,,,"A flirtatious, coquettish girl, inclined to gad or gallivant about; a ","A spear with a barb on the end of it, used for catching fish, frogs, o"
flavourer,flavorer,variant,,,,1,,0.0,0.0,,,noun:1,noun:1,,,British standard spelling of flavorer.,One who or that which flavors.
flavourlessness,flavorlessness,variant,,,,1,,0.0,0.0,,,noun:1,noun:1,,,Alternative spelling of flavorlessness.,The state or condition of being flavorless; lack of flavor.
flavoursomeness,flavorsomeness,variant,,,,1,,0.0,0.0,,,noun:1,noun:1,,,Alternative form of flavorsomeness.,The quality of being flavorsome.
flindosa,flindosy,variant,,,,1,,0.0,0.0,,,noun:1,noun:1,,,Alternative form of flindosy.,Synonym of crow's ash.
focalisation,focalization,variant,,,,1,,0.0,0.0,,,noun:1,noun:2,,,Alternative form of focalization.,The perspective through which a narrative is presented.
foetology,fetology,variant,,,,1,,0.0,0.0,,,noun:1,noun:1,,,Alternative spelling of fetology.,The scientific study of fetuses.
foetometry,fetometry,variant,,,,1,,0.0,0.0,,,noun:1,noun:1,,,Alternative form of fetometry.,"The measurement of a fetus, typically by X-ray examination"
foetoscope,fetoscope,variant,,,,1,,0.0,0.0,,,noun:1,noun:2,,,Alternative spelling of fetoscope.,A flexible fibreoptic device used to view a foetus in the womb.
foetoscopy,fetoscopy,variant,,,,1,,0.0,0.0,,,noun:1,noun:1,,,Alternative form of fetoscopy.,"An endoscopic procedure during pregnancy to allow access to the fetus,"
foulmart,foumart,variant,,,,1,,0.0,0.0,,,noun:1,noun:1,,,Alternative form of foumart.,A European polecat; a member of the Mustelidae family.
framboesia,frambesia,variant,,,,1,,0.0,0.0,,,noun:1,noun:1,,NOUN:1,Alternative form of frambesia.,"Yaws, the disease."
frijole,frijol,variant,,,,1,,0.0,0.0,,,noun:1,noun:2,,,Alternative form of frijol.,"Any cultivated bean of the genus Phaseolus, especially the black seed "
galvaniser,galvanizer,variant,,,,1,,0.0,0.0,,,noun:1,noun:1,,,Alternative spelling of galvanizer.,"One who, or that which, galvanizes."
ganof,ganef,variant,,,,1,,0.0,0.0,,,noun:1,noun:1,,,Alternative form of ganef.,A thief; a rascal or scoundrel.
ganoin,ganoine,variant,,,,1,,0.0,0.0,,,noun:1,noun:1,,,Alternative spelling of ganoine.,"A glassy, often multi-layered mineralized tissue that covers the scale"
garrotter,garroter,variant,,,,1,,0.0,0.0,,,noun:1,noun:2,,,Alternative form of garroter.,A person who uses a garrote.
girandola,girandole,variant,,,,1,,0.0,0.0,,,noun:1,noun:2,,,Alternative form of girandole.,"An ornamental branched candle holder, sometimes with a mirror behind."
gluiness,glueyness,variant,,,,2,,0.0,0.0,,,noun:1,noun:1,,,Alternative spelling of glueyness.,The quality of being gluey; stickiness; viscidity.
golosh,galosh,variant,,,,1,,0.0,0.0,,,noun:1,noun:3;verb:1,,,Alternative spelling of galosh.,An overshoe or boot worn in wet weather:
gonif,ganef,variant,,,,2,,0.0,0.0,,,noun:1,noun:1,,,Alternative form of ganef.,A thief; a rascal or scoundrel.
goniff,ganef,variant,,,,3,,0.0,0.0,,,noun:1,noun:1,,,Alternative form of ganef.,A thief; a rascal or scoundrel.
gospeller,gospeler,variant,,,,1,,0.0,0.0,,,noun:1,noun:3,,,Alternative spelling of gospeler.,A person who preaches from the Gospels
groveller,groveler,variant,,,,1,,0.0,0.0,,,noun:1,noun:1,,,British standard spelling of groveler.,A person who grovels.
gyrostabiliser,gyrostabilizer,variant,,,,1,,0.0,0.0,,,noun:1,noun:1,,,Alternative form of gyrostabilizer.,A device for stabilizing using a gyroscope.
haematin,hematin,variant,,,,1,,0.0,0.0,,,noun:1,noun:2,,,Alternative spelling of hematin.,Hemoglobin with iron in ferric state.
haematinic,hematinic,variant,,,,1,,0.0,0.0,,,adj:1;noun:1,adj:2;noun:1,,,Alternative form of hematinic.,Any substance that has a hematinic (adjective sense 1) effect.
haematocele,hematocele,variant,,,,1,,0.0,0.0,,,noun:1,noun:1,,,Alternative spelling of hematocele.,"A swelling caused by the collection of blood in a cavity, especially o"
haematochezia,hematochezia,variant,,,,1,,0.0,0.0,,,noun:1,noun:1,,,Alternative form of hematochezia.,"The presence of fresh (bright red) blood in stools, often due to lower"
haematocolpos,hematocolpos,variant,,,,1,,0.0,0.0,,,noun:1,noun:1,,,Alternative form of hematocolpos.,"A medical condition in which the vagina fills with menstrual blood, of"
haematoidin,hematoidin,variant,,,,1,,0.0,0.0,,,noun:1,noun:1,,,Alternative form of hematoidin.,bilirubin
haemoprotein,hemoprotein,variant,,,,1,,0.0,0.0,,,noun:1,noun:1,,,Alternative spelling of hemoprotein.,Alternative spelling of hemeprotein.
haemosiderosis,hemosiderosis,variant,,,,1,,0.0,0.0,,,noun:1,noun:1,,,Alternative form of hemosiderosis.,An abnormal deposit of hemosiderin.
haemostasia,hemostasia,variant,,,,1,,0.0,0.0,,,noun:1,noun:1,,,Alternative form of hemostasia.,Synonym of hemostasis.
hectometer,hectometre,reverse,,,,2,,0.0,0.0,,,noun:1,noun:1,,,US spelling of hectometre.,An SI unit of length equal to 100 metres. Symbol: hm
hemipteron,hemipteran,variant,,,,1,,0.0,0.0,,,noun:1,adj:1;noun:1,,,Alternative form of hemipteran.,A hemipter.
hesitator,hesitater,variant,,,,1,,0.0,0.0,,,noun:2,noun:1,,,Alternative spelling of hesitater.,One who hesitates; a ditherer.
hierarchisation,hierarchization,variant,,,,1,,0.0,0.0,,,noun:1,noun:1,,,Alternative form of hierarchization.,The act or result of hierarchizing; the establishment of a hierarchy.
holloware,hollowware,variant,,,,1,,0.0,0.0,,,noun:1,noun:2,,NOUN:1,Alternative spelling of hollowware.,"Items such as sugar bowls, creamers, coffee pots, teapots, soup tureen"
homoiotherm,homeotherm,variant,,,,2,,0.0,0.0,,,noun:1,noun:1,,,Alternative form of homeotherm.,Any warm-blooded animal: one that maintains a stable internal body tem
homotherm,homeotherm,variant,,,,1,,0.0,0.0,,,noun:1,noun:1,,,Alternative form of homeotherm.,Any warm-blooded animal: one that maintains a stable internal body tem
honourableness,honorableness,variant,,,,1,,0.0,0.0,,,noun:1,noun:1,,,Alternative spelling of honorableness.,The property of being honourable.
hoodmold,hoodmould,reverse,,,,1,,0.0,0.0,,,noun:1,noun:1,,,US standard spelling of hoodmould.,The outermost moulding which protrudes out of a wall over an archway (
hyalinisation,hyalinization,variant,,,,1,,0.0,0.0,,,noun:1,noun:1,,NOUN:1,Alternative form of hyalinization.,The act or process of hyalinizing. A condition in which normal tissue 
hypercalciuria,hypercalcinuria,variant,,,,1,,0.0,0.0,,,noun:1,noun:1,,,Alternative form of hypercalcinuria.,The condition of high levels of calcium in the urine as caused by high
hyperlipaemia,hyperlipemia,variant,,,,1,,0.0,0.0,,,noun:2,noun:2,,,Alternative form of hyperlipemia.,Alternative form of hyperlipidemia.
hyperlipoidaemia,hyperlipoidemia,variant,,,,1,,0.0,0.0,,,noun:1,noun:1,,,Alternative form of hyperlipoidemia.,An abnormally high level of lipoids in the blood.
hypermetropy,hypermetropia,variant,,,,2,,0.0,0.0,,,noun:1,noun:1,,,Dated form of hypermetropia.,Synonym of hyperopia.
hypervolaemia,hypervolemia,variant,,,,1,,0.0,0.0,,,noun:1,noun:1,,,Alternative spelling of hypervolemia.,An abnormal increase in the volume of blood circulating through the bo
hypesthesia,hypoesthesia,reverse,,,,1,,0.0,0.0,,,noun:1,noun:1,,,Alternative spelling of hypoesthesia.,partial loss of tactile sensation; numbness
hypnotiser,hypnotizer,variant,,,,1,,0.0,0.0,,,noun:1,noun:1,,,Alternative form of hypnotizer.,"One who, or that which, hypnotizes."
hypostatisation,hypostatization,variant,,,,1,,0.0,0.0,,,noun:1,noun:1,,NOUN:1,Alternative spelling of hypostatization,The act or process of being hypostatized.
idoliser,idolizer,variant,,,,1,,0.0,0.0,,,noun:1,noun:1,,,Alternative spelling of idolizer.,One who idolizes.
impendence,impendency,variant,,,,1,,0.0,0.0,,,noun:1,noun:2,,,Alternative form of impendency.,The state of impending.
impenitency,impenitence,variant,,,,1,,0.0,0.0,,,noun:1,noun:1,,,Archaic form of impenitence.,"the property of being impenitent, of lacking penitence, of not being r"
jaguarondi,jaguarundi,variant,,,,1,,0.0,0.0,,,noun:1,noun:1,,,Alternative spelling of jaguarundi.,"A medium-sized Central and South American wild cat, Herpailurus yagoua"
kabbalism,cabalism,variant,,,,2,,0.0,0.0,,,noun:1,noun:2,,,Alternative form of cabalism.,The study of the Jewish Kabbalah.
kainogenesis,caenogenesis,variant,,,,2,,0.0,0.0,,,noun:1,noun:1,,,Alternative form of caenogenesis.,The embryotic development of structures or characteristics not present
kaluresis,kaliuresis,variant,,,,1,,0.0,0.0,,,noun:1,noun:1,,,Alternative form of kaliuresis.,The presence of (an excessive amount of) potassium in the urine
kenogenesis,caenogenesis,variant,,,,2,,0.0,0.0,,,noun:1,noun:1,,,Alternative form of caenogenesis.,The embryotic development of structures or characteristics not present
kinaesthesia,kinesthesia,variant,,,,1,,0.0,0.0,,,noun:1,noun:4,,,Alternative spelling of kinesthesia.,Sensation or perception of motion.
kinaesthesis,kinesthesis,variant,,,,1,,0.0,0.0,,,noun:1,noun:1,,,Alternative form of kinesthesis.,Ability to feel motion of the body and limbs.
kitambilla,ketembilla,variant,,,,2,,0.0,0.0,,,noun:1,noun:2,,,Alternative form of ketembilla.,"Any plant of species Dovyalis hebecarpa, native to Sri Lanka and south"
knobkerrie,knobkerry,variant,,,,2,,0.0,0.0,,,noun:1,noun:1,,,Alternative form of knobkerry.,Alternative form of knobkierie.
knockwurst,knackwurst,variant,,,,1,,0.0,0.0,,,noun:1,noun:1,,NOUN:1,Alternative spelling of knackwurst.,"A highly seasoned scalded sausage made from beef, pork, and fatty tiss"
laconicism,laconism,variant,,,,2,,0.0,0.0,,,noun:1,noun:2,,,Alternative form of laconism.,Extreme brevity in expression.
lacrimator,lachrymator,variant,,,,2,,0.0,0.0,,,noun:1,noun:1,,,Alternative spelling of lachrymator.,"Any substance that causes tears, such as tear gas."
laevulose,levulose,variant,,,,1,,0.0,0.0,,,noun:1,noun:1,,,Alternative spelling of levulose (fructose),"D-fructose, the left-rotating stereoisomer of fructose."
lansat,langsat,variant,,,,1,,0.0,0.0,,,noun:1,noun:2,,,Archaic form of langsat.,The tree Lansium domesticum.
lanseh,langsat,variant,,,,3,,0.0,0.0,,,noun:1,noun:2,,,Dated form of langsat.,The tree Lansium domesticum.
leucorrhea,leukorrhea,variant,,,,1,,0.0,0.0,,,noun:1,noun:1,,,Alternative form of leukorrhea.,"Thick, whitish vaginal discharge."
leukoma,leucoma,variant,,,,1,,0.0,0.0,,,noun:1,noun:1,,,Alternative form of leucoma.,An opaque area or scar on the cornea of an eye
lexicalisation,lexicalization,variant,,,,1,,0.0,0.0,,,noun:1,noun:2,,,Alternative spelling of lexicalization.,The act or process of lexicalizing.
lipaemia,lipemia,variant,,,,1,,0.0,0.0,,,noun:1,noun:1,,,Alternative form of lipemia.,An excess of lipids or lipoproteins in the blood.
lipidaemia,lipidemia,variant,,,,1,,0.0,0.0,,,noun:1,noun:1,,,Alternative form of lipidemia.,The presence of lipids in the blood (which is always true); especially
liquidiser,liquidizer,variant,,,,1,,0.0,0.0,,,noun:1,noun:1,,,Non-Oxford British English standard spelling of liquidizer.,A machine to chop or puree food; a blender.
logginess,loginess,variant,,,,1,,0.0,0.0,,,noun:1,noun:1,,,Alternative spelling of loginess.,The state or quality of being logy.
lymphangiectasis,lymphangiectasia,variant,,,,1,,0.0,0.0,,,noun:1,noun:1,,,Alternative form of lymphangiectasia.,dilation of the lymphatic vessels
lysogenisation,lysogenization,variant,,,,1,,0.0,0.0,,,noun:1,noun:2,,,Alternative form of lysogenization.,Conversion into a lysogenic form
magilp,megilp,variant,,,,1,,0.0,0.0,,,noun:1,noun:1,,,Alternative form of megilp.,"A mixture of linseed oil with turpentine or mastic varnish, used as a "
mahlstick,maulstick,variant,,,,1,,0.0,0.0,,,noun:1,noun:1,,,Alternative form of maulstick.,"A short stick with a pad on one end, used by a painter to steady their"
malodour,malodor,variant,,,,1,,0.0,0.0,,,noun:1,noun:1,,,Alternative spelling of malodor.,An offensive odor.
manoeuvrer,maneuverer,variant,,,,2,,0.0,0.0,,,noun:1,noun:1,,,Alternative spelling of maneuverer.,One who maneuvers.
memoriser,memorizer,variant,,,,1,,0.0,0.0,,,noun:1,noun:1,,,Alternative spelling of memorizer.,"One who, or that which, memorizes."
meshugaas,mishegoss,variant,,,,4,,0.0,0.0,,,noun:1,noun:1,,,Alternative form of mishegoss,Madness; silliness.
meshuggeneh,meshuggener,variant,,,,1,,0.0,0.0,,,adj:1;noun:1,adj:1;noun:1,,,Alternative form of meshuggener.,"A madman; a crazy person, a nutter."
metacenter,metacentre,reverse,,,,2,,0.0,0.0,,,noun:1,noun:1,,,US spelling of metacentre.,The point where a vertical line through a tilted vessel's center of bu
metronymic,matronymic,variant,,,,1,,0.0,0.0,,,adj:1;noun:1,adj:2;noun:2,,,Alternative form of matronymic.,A surname or byname acquired from the given name of one's mother.
micromillimeter,micromillimetre,reverse,,,,2,,0.0,0.0,,,noun:1,noun:1,,,American standard spelling of micromillimetre.,Synonym of nanometre.
mileometer,milometer,variant,,,,1,,0.0,0.0,,,noun:1,noun:1,,,Alternative form of milometer.,An odometer graduated in miles.
mishegaas,mishegoss,variant,,,,2,,0.0,0.0,,,noun:1,noun:1,,,Alternative spelling of mishegoss.,Madness; silliness.
mishpachah,mishpocha,variant,,,,2,,0.0,0.0,,,noun:1,noun:1,,,Alternative form of mishpocha.,An (extended) family or clan.
mitrewort,miterwort,variant,,,,2,,0.0,0.0,,,noun:1,noun:1,,,Alternative form of miterwort.,"Any plant of the genus Mitella, slender perennial herbs with flower sl"
moneron,moneran,variant,,,,1,,0.0,0.0,,,noun:1,noun:1,,,Alternative form of moneran.,Any organism of the former kingdom of Monera.
monochromasy,monochromacy,variant,,,,1,,0.0,0.0,,,noun:1,noun:1,,,Alternative form of monochromacy.,The quality of having only one independent channel for conveying color
monopoliser,monopolizer,variant,,,,1,,0.0,0.0,,,noun:1,noun:1,,,Alternative form of monopolizer.,One who monopolizes.
moujik,mujik,variant,,,,1,,0.0,0.0,,,noun:1,noun:1,,,Alternative spelling of mujik.,A Russian (male) peasant.
munj,munja,variant,,,,1,,0.0,0.0,,,noun:2,noun:1,,,Alternative form of munja (“type of grass”).,The Indian grass Tripidium bengalense.
muzjik,mujik,variant,,,,1,,0.0,0.0,,,noun:1,noun:1,,,Alternative spelling of mujik.,A Russian (male) peasant.
myelinisation,myelinization,variant,,,,1,,0.0,0.0,,,noun:1,noun:1,,,Alternative form of myelinization.,myelination
myotic,miotic,variant,,,,1,,0.0,0.0,,,adj:1;noun:1,adj:1;noun:1,,,Alternative form of miotic.,Any drug that causes miosis.
myriameter,myriametre,reverse,,,,2,,0.0,0.0,,,noun:1,noun:1,,,Alternative form of myriametre.,"A unit of length of ten thousand metres, or ten kilometres."
mythologisation,mythologization,variant,,,,1,,0.0,0.0,,,noun:1,noun:1,,,Alternative form of mythologization.,The act or process of mythologizing.
nargileh,narghile,variant,,,,2,,0.0,0.0,,,noun:1,noun:1,,,Alternative form of narghile.,A large Oriental tobacco pipe wherein the smoke is drawn through water
nudnick,nudnik,variant,,,,1,,0.0,0.0,,,noun:1,noun:1,,,Alternative form of nudnik.,"A person who is very annoying; a pest, a nag, a jerk."
obstructor,obstructer,variant,,,,1,,0.0,0.0,,,noun:1,noun:1,,,Alternative form of obstructer.,Agent noun of obstruct: someone who obstructs.
oesophagoscope,esophagoscope,variant,,,,1,,0.0,0.0,,,noun:1,noun:1,,,Alternative form of esophagoscope.,A form of endoscope for inspecting the esophagus.
opsonisation,opsonization,variant,,,,1,,0.0,0.0,,,noun:1,noun:1,,,Alternative spelling of opsonization.,The process or result of opsonizing
oreide,oroide,variant,,,,1,,0.0,0.0,,,noun:1,noun:1,,,Alternative form of oroide.,"An alloy of copper and zinc or tin that has a gold color, used in maki"
orpin,orpine,variant,,,,1,,0.0,0.0,,,noun:1,noun:2,,,Alternative form of orpine (“the plant or the pigment”).,"Any of several temperate succulent plants of the family Crassulaceae, "
orthopteron,orthopteran,variant,,,,1,,0.0,0.0,,,noun:1,noun:1,,,Alternative form of orthopteran.,Any of many insects of the order Orthoptera.
overcapitalisation,overcapitalization,variant,,,,1,,0.0,0.0,,,noun:1,noun:1,,,Alternative form of overcapitalization.,The state of being overcapitalized.
ozokerite,ozocerite,variant,,,,1,,0.0,0.0,,,noun:1,noun:1,,,Alternative form of ozocerite.,"A dark waxy mineral, found associated with petroleum in some sandstone"
paddymelon,pademelon,unrelated,,,,2,,0.0,0.0,,,noun:2,noun:2,,,"Any of various cucurbitaceous plants, especially Cucumis myriocarpus, ",Any wallaby of the genus Thylogale of small macropods.
pademelon,paddymelon,unrelated,,,,2,,0.0,0.0,,,noun:2,noun:2,,,Any wallaby of the genus Thylogale of small macropods.,"Any of various cucurbitaceous plants, especially Cucumis myriocarpus, "
palaeogeology,paleogeology,variant,,,,1,,0.0,0.0,,,noun:1,noun:1,,,Alternative form of paleogeology.,The geology of a particular place at some time in the distant past
palaeology,paleology,variant,,,,1,,0.0,0.0,,,noun:1,noun:1,,,Alternative form of paleology.,The study of antiquities or of the ancient past
palaeozoology,paleozoology,variant,,,,1,,0.0,0.0,,,noun:1,noun:1,,,Alternative form of paleozoology.,"The branch of zoology dealing with fossils, and the creatures that wer"
paleencephalon,paleoencephalon,reverse,,,,1,,0.0,0.0,,,noun:1,noun:1,,,Alternative form of paleoencephalon.,The most ancient part of the brain.
panetela,panatela,variant,,,,1,,0.0,0.0,,,noun:1,noun:1,,,Alternative form of panatela (“type of cigar”).,A long thin cigar.
paraleipsis,paralipsis,variant,,,,1,,0.0,0.0,,,noun:1,noun:1,,,Alternative form of paralipsis.,A figure of speech in which one pretends to ignore or omit something b
paralepsis,paraleipsis,variant,,,,1,,0.0,0.0,,,noun:1,noun:1,,,Alternative spelling of paraleipsis.,Alternative form of paralipsis.
parchesi,pachisi,variant,,,,2,,0.0,0.0,,,noun:1,noun:1,,,Alternative form of pachisi.,"An ancient Indian board game in which players, throwing dice, shells, "
parchisi,pachisi,variant,,,,1,,0.0,0.0,,,noun:1,noun:1,,,Alternative form of pachisi.,"An ancient Indian board game in which players, throwing dice, shells, "
pasteuriser,pasteurizer,variant,,,,1,,0.0,0.0,,,noun:1,noun:2,,,Alternative form of pasteurizer.,A machine or device for pasteurizing something (e.g. milk).
paviour,pavior,variant,,,,1,,0.0,0.0,,,noun:1,noun:3,,,Alternative form of pavior.,A person who lays paving slabs.
pedaler,pedaller,reverse,,,,1,,0.0,0.0,,,noun:1,noun:1,,,US standard spelling of pedaller.,One who pedals; a cyclist (bicycle rider).
pennoncelle,pennoncel,variant,,,,2,,0.0,0.0,,,noun:1,noun:1,,,Alternative form of pennoncel.,A small pennon (a thin flag or streamer).
penoche,penuche,variant,,,,1,,0.0,0.0,,,noun:1,noun:1,,,Alternative form of penuche,"A fudge made from brown sugar, butter, milk, and often nuts."
penoncel,pennoncel,variant,,,,1,,0.0,0.0,,,noun:1,noun:1,,,Alternative form of pennoncel.,A small pennon (a thin flag or streamer).
peptisation,peptization,variant,,,,1,,0.0,0.0,,,noun:1,noun:1,,,Alternative spelling of peptization,The stabilization of a hydrophobic colloidal sol by the addition of an
perigon,perigone,unrelated,,,,1,,0.0,0.0,,,noun:2,noun:3,,,A round angle; a full circle.,perianth
pewit,peewit,variant,,,,1,,0.0,0.0,,,noun:1,noun:5,,,Alternative form of peewit.,Any of several birds:
philosophiser,philosophizer,variant,,,,1,,0.0,0.0,,,noun:1,noun:2,,,Alternative form of philosophizer.,"A philosopher, a person who writes or reasons in philosophy."
pichiciago,pichiciego,variant,,,,1,,0.0,0.0,,,noun:1,noun:1,,,Alternative form of pichiciego.,"A small, burrowing, South American armadillo (Chlamyphorus truncatus);"
picknicker,picnicker,variant,,,,1,,0.0,0.0,,,noun:1,noun:1,,,Archaic form of picnicker.,Someone who has a picnic.
picometer,picometre,reverse,,,,2,,0.0,0.0,,,noun:1,noun:1,,,US spelling of picometre.,An SI unit of length equal to 10⁻¹² metres. Symbol: pm
plagiarisation,plagiarization,variant,,,,1,,0.0,0.0,,,noun:1,noun:1,,,Alternative form of plagiarization.,Synonym of plagiarism.
plagiariser,plagiarizer,variant,,,,1,,0.0,0.0,,,noun:1,noun:1,,,Alternative spelling of plagiarizer.,A person who plagiarizes something.
plessimeter,pleximeter,variant,,,,2,,0.0,0.0,,,noun:1,noun:2,,,Dated form of pleximeter.,Something used to absorb the energy generated by the strike from a per
ploughwoman,plowwoman,variant,,,,3,,0.0,0.0,,,noun:1,noun:1,,,Alternative spelling of plowwoman.,"A female plower, who plows land with a plow."
ploughwright,plowwright,variant,,,,3,,0.0,0.0,,,noun:1,noun:1,,,Alternative spelling of plowwright.,A person who builds and repairs plows.
plowland,ploughland,variant,,,,3,,0.0,0.0,,,noun:1,noun:2,,,Alternative spelling of ploughland.,Land that has been or is meant to be ploughed.
poetiser,poetizer,variant,,,,1,,0.0,0.0,,,noun:1,noun:1,,,Alternative form of poetizer.,An inferior poet.
predaceousness,predaciousness,variant,,,,1,,0.0,0.0,,,noun:1,noun:1,,,Alternative form of predaciousness.,The quality of being predacious.
proboscidian,proboscidean,variant,,,,1,,0.0,0.0,,,adj:1;noun:1,noun:1,,,Alternative spelling of proboscidean.,"Any of various large, herbivorous mammals, of the order Proboscidea, t"
prothalamium,prothalamion,variant,,,,2,,0.0,0.0,,,noun:1,noun:1,,,Alternative form of prothalamion.,A song or poem in honour of a bride and bridegroom about to be married
punkey,punkie,variant,,,,2,,0.0,0.0,,,noun:1,noun:3,,,Alternative spelling of punkie (“small two-winged fly or midge”).,"A small two-winged fly or midge of the family Ceratopogonidae, which b"
pussly,pussley,variant,,,,1,,0.0,0.0,,,noun:1,noun:1,,,Alternative form of pussley (“purslane”).,Purslane.
pycnosis,pyknosis,variant,,,,1,,0.0,0.0,,,noun:1,noun:1,,,Alternative form of pyknosis.,"Shrinkage and condensing, such as that of a dying cell or the appearan"
pyemia,pyaemia,reverse,,,,1,,0.0,0.0,,,noun:1,noun:1,,,Alternative spelling of pyaemia.,A type of septicemia caused usually by the presence of Staphylococcus 
pyroxyline,pyroxylin,variant,,,,1,,0.0,0.0,,,noun:1,noun:1,,,Archaic form of pyroxylin.,A highly inflammable form of nitrocellulose; used in the manufacture o
quandang,quandong,variant,,,,1,,0.0,0.0,,,noun:1,noun:24,,,Alternative form of quandong.,Any of several species of Santalum:
quantong,quandong,variant,,,,1,,0.0,0.0,,,noun:1,noun:24,,,Alternative form of quandong.,Any of several species of Santalum:
quarreller,quarreler,variant,,,,1,,0.0,0.0,,,noun:1,noun:1,,,Alternative spelling of quarreler.,One who quarrels or is disposed to do so. An arguer or disputer.
quatercentennial,quatercentenary,variant,,,,4,,0.0,0.0,,,adj:1;noun:1,noun:1,,,Alternative form of quatercentenary.,A four-hundredth anniversary
raetam,retem,variant,,,,2,,0.0,0.0,,,noun:1,noun:1,,,Alternative form of retem.,"A shrub with white flowers, possibly Retama raetam; the juniper of the"
ratafee,ratafia,variant,,,,2,,0.0,0.0,,,noun:1,noun:2,,,Obsolete form of ratafia.,"A liqueur or cordial flavored with peach or cherry kernels, bitter alm"
rateability,ratability,variant,,,,1,,0.0,0.0,,,noun:1,noun:1,,,Alternative form of ratability.,The quality or state of being ratable.
ratlin,ratline,variant,,,,1,,0.0,0.0,,,noun:1,noun:3,,,Alternative form of ratline.,The rope or similar material used to make cross-ropes on a ship.
rebato,rabato,variant,,,,1,,0.0,0.0,,,noun:1,noun:1,,,Alternative form of rabato.,"Stiff collar, wired or starched, worn in the 16th and 17th centuries; "
relativisation,relativization,variant,,,,1,,0.0,0.0,,,noun:1,noun:1,,,Alternative form of relativization.,The act or process of relativizing.
rhodomontade,rodomontade,variant,,,,1,,0.0,0.0,,,noun:1;verb:1,adj:1;noun:1;verb:1,,,Dated spelling of rodomontade.,Vain boasting; a rant; pretentious behaviour.
ricrac,rickrack,variant,,,,2,,0.0,0.0,,,noun:1,noun:1,,,Alternative form of rickrack.,A zigzag trim sewn to clothes for decoration.
ridgil,ridgel,variant,,,,1,,0.0,0.0,,,noun:1,noun:1,,,Alternative form of ridgel.,A ridgeling.
rijstafel,rijsttafel,variant,,,,1,,0.0,0.0,,,noun:1,noun:1,,,Alternative spelling of rijsttafel.,A large meal originating in colonial Indonesia composed of many differ
ringhals,rinkhals,variant,,,,1,,0.0,0.0,,,noun:1,noun:1,,,Alternative form of rinkhals.,Any of species Hemachatus haemachatus of venomous elapids found in par
ruggedisation,ruggedization,variant,,,,1,,0.0,0.0,,,noun:1,noun:1,,,Alternative spelling of ruggedization.,The act or process of ruggedizing.
rumourmonger,rumormonger,variant,,,,1,,0.0,0.0,,,noun:1;verb:1,noun:1;verb:1,,,Alternative spelling of rumormonger.,A person who spreads rumors.
saffranine,safranin,variant,,,,2,,0.0,0.0,,,noun:1,noun:1,,,Alternative form of safranin.,A biological stain used in histology and cytology.
sandarach,sandarac,variant,,,,1,,0.0,0.0,,,noun:1,noun:3,,,Alternative form of sandarac.,Realgar; red sulphide of arsenic.
sapremia,sapraemia,reverse,,,,1,,0.0,0.0,,,noun:1,noun:1,,,Alternative form of sapraemia.,blood poisoning caused by the ingestion/absorption of toxins of putref
sarcenet,sarsenet,variant,,,,1,,0.0,0.0,,,noun:1,noun:1,,,Alternative spelling of sarsenet.,A very fine and soft silk ribbon woven in a plain weave with a fine wa
sarcodinian,sarcodine,variant,,,,3,,0.0,0.0,,,noun:1,noun:1,,,Alternative form of sarcodine.,Any member of the superclass Sarcodina of protozoa.
savorlessness,savourlessness,reverse,,,,1,,0.0,0.0,,,noun:1,noun:1,,,US standard spelling of savourlessness.,The quality of being tasteless or insipid.
scandalisation,scandalization,variant,,,,1,,0.0,0.0,,,noun:1,noun:1,,,Alternative form of scandalization.,The process of scandalizing.
schemozzle,shemozzle,variant,,,,1,,0.0,0.0,,,noun:1;verb:1,noun:2;verb:1,,,Alternative form of shemozzle.,A state of chaos or confusion.
scorper,scauper,variant,,,,2,,0.0,0.0,,,noun:1,noun:1,,,Archaic form of scauper.,"A tool with a semicircular edge, used by engravers to clear away the s"
scramaseax,scramasax,variant,,,,1,,0.0,0.0,,,noun:1,noun:1,,,Alternative form of scramasax.,"A type of dagger or sword used by the Anglo-Saxons, the Franks and the"
scrutiniser,scrutinizer,variant,,,,1,,0.0,0.0,,,noun:1,noun:1,,,Alternative form of scrutinizer.,One who scrutinizes.
sectionalisation,sectionalization,variant,,,,1,,0.0,0.0,,,noun:1,noun:1,,,Alternative form of sectionalization.,division into sections
sentimentalisation,sentimentalization,variant,,,,1,,0.0,0.0,,,noun:1,noun:1,,,Alternative spelling of sentimentalization.,The act of making sentimental.
sermoniser,sermonizer,variant,,,,1,,0.0,0.0,,,noun:1,noun:1,,,Alternative form of sermonizer.,A preacher; one who delivers sermons
shlepper,schlepper,variant,,,,1,,0.0,0.0,,,noun:1,noun:3,,,Alternative form of schlepper.,A servant who carries things; a porter.
shlimazel,schlimazel,variant,,,,1,,0.0,0.0,,,noun:1,noun:1,,,Alternative form of schlimazel.,A chronically unlucky person.
shlockmeister,schlockmeister,variant,,,,1,,0.0,0.0,,,noun:1,noun:1,,,Alternative form of schlockmeister.,"A writer of schlock; an author, film director, etc. who produces taste"
sniveller,sniveler,variant,,,,1,,0.0,0.0,,,noun:1,noun:2,,,Alternative spelling of sniveler.,One who snivels.
socialiser,socializer,variant,,,,1,,0.0,0.0,,,noun:1,noun:1,,,Alternative spelling of socializer.,One who socializes.
solmization,solmisation,reverse,,,,1,,0.0,0.0,,,noun:1,noun:2,,,Alternative spelling of solmisation.,Mnemonic association of syllables with musical scale degrees.
souslik,suslik,variant,,,,1,,0.0,0.0,,,noun:1,noun:2,,,Alternative form of suslik.,"Any of several large Eurasian squirrels, of the genera Citellus or Spe"
specialiser,specializer,variant,,,,1,,0.0,0.0,,,noun:1,noun:1,,,Alternative form of specializer.,"One who, or that which, specializes."
spelaeologist,speleologist,variant,,,,1,,0.0,0.0,,,noun:1,noun:1,,,Alternative form of speleologist.,A person who studies or explores caves or studies the science of spele
spiritualisation,spiritualization,variant,,,,1,,0.0,0.0,,,noun:1,noun:2,,,Alternative form of spiritualization.,The act of spiritualizing.
sporophyl,sporophyll,variant,,,,1,,0.0,0.0,,,noun:1,noun:1,,,Alternative form of sporophyll.,"The equivalent to a leaf, in ferns and mosses, that bears the sporangi"
standardiser,standardizer,variant,,,,1,,0.0,0.0,,,noun:1,noun:1,,,Alternative form of standardizer.,One who standardizes.
steinbok,steenbok,variant,,,,1,,0.0,0.0,,,noun:1,noun:1,,,Alternative spelling of steenbok.,"A common small antelope of southern and eastern Africa, Raphicerus cam"
subsidiser,subsidizer,variant,,,,1,,0.0,0.0,,,noun:1,noun:1,,,Alternative form of subsidizer.,One who subsidizes.
succourer,succorer,variant,,,,1,,0.0,0.0,,,noun:1,noun:1,,,Alternative spelling of succorer.,Someone who succors.
syllogiser,syllogizer,variant,,,,1,,0.0,0.0,,,noun:1,noun:1,,,Alternative form of syllogizer.,One who syllogizes.
symboliser,symbolizer,variant,,,,1,,0.0,0.0,,,noun:1,noun:1,,,Alternative form of symbolizer.,"One who, or that which, symbolizes."
synezesis,synizesis,variant,,,,1,,0.0,0.0,,,noun:1,noun:3,,,Alternative form of synizesis.,The fusion of two syllables into one without the formation of a recogn
systematiser,systematizer,variant,,,,1,,0.0,0.0,,,noun:1,noun:1,,,Alternative spelling of systematizer.,A person who systematizes
systemiser,systemizer,variant,,,,1,,0.0,0.0,,,noun:1,noun:1,,,Alternative form of systemizer.,"One who systemizes, or reduces to system; a systematizer."
tabouret,taboret,variant,,,,1,,0.0,0.0,,,noun:1,noun:3,,,Alternative spelling of taboret.,A little drum; a tabret.
tambac,tombak,variant,,,,2,,0.0,0.0,,,noun:1,noun:2,,,Archaic form of tombak.,A type of goblet drum used heavily in Persian music.
tantaliser,tantalizer,variant,,,,1,,0.0,0.0,,,noun:1,noun:1,,,Alternative form of tantalizer.,One who tantalizes; a tease; a tempter.
taradiddle,tarradiddle,variant,,,,1,,0.0,0.0,,,noun:1,noun:2,,,Alternative form of tarradiddle.,"A trivial lie, a fib."
telferage,telpherage,variant,,,,2,,0.0,0.0,,,noun:1,noun:1,,,Alternative form of telpherage.,"An automated transportation system powered by electricity, especially "
temporiser,temporizer,variant,,,,1,,0.0,0.0,,,noun:1,noun:1,,,Alternative form of temporizer.,A person who temporizes
tenderisation,tenderization,variant,,,,1,,0.0,0.0,,,noun:1,noun:1,,,Alternative form of tenderization.,The process of tenderizing.
tendrac,tenrec,variant,,,,2,,0.0,0.0,,,noun:1,noun:1,,,Alternative form of tenrec.,"Any of several diverse small mammals, of the family Tenrecidae, many n"
territorialisation,territorialization,variant,,,,1,,0.0,0.0,,,noun:1,noun:1,,,Alternative spelling of territorialization.,The process of territorializing.
terrorisation,terrorization,variant,,,,1,,0.0,0.0,,,noun:1,noun:1,,,Alternative form of terrorization.,The act of terrorizing.
tetraskele,tetraskelion,variant,,,,3,,0.0,0.0,,,noun:1,noun:1,,,Alternative form of tetraskelion,"A figure consisting of four limbs, radiating from the center; especial"
theologiser,theologizer,variant,,,,1,,0.0,0.0,,,noun:1,noun:1,,,Alternative form of theologizer.,someone who theologizes; a theologian.
theoriser,theorizer,variant,,,,1,,0.0,0.0,,,noun:1,noun:1,,,Alternative form of theorizer.,One who forms a theory.
tittivation,titivation,variant,,,,1,,0.0,0.0,,,noun:1,noun:1,,,Alternative form of titivation.,Act of titivating.
toitoi,toetoe,variant,,,,2,,0.0,0.0,,,noun:1,noun:1,,,Alternative form of toetoe.,"Any of various tall grasses native to New Zealand, especially of the g"
tombac,tombak,variant,,,,1,,0.0,0.0,,,noun:1,noun:2,,,Alternative form of tombak.,A type of goblet drum used heavily in Persian music.
totaliser,totalizer,variant,,,,1,,0.0,0.0,,,noun:1,noun:3,,,Alternative form of totalizer.,A person or object that totals.
touraco,turaco,variant,,,,1,,0.0,0.0,,,noun:1,noun:1,,,Alternative form of turaco.,Any of the birds of the family Musophagidae in the Musophagiformes ord
trenail,treenail,variant,,,,1,,0.0,0.0,,,noun:1,noun:1,,,Alternative spelling of treenail.,A wooden peg or pin used as a fastener.
tribalisation,tribalization,variant,,,,1,,0.0,0.0,,,noun:1,noun:1,,,Alternative spelling of tribalization,Process of tribalizing.
troponomy,troponymy,variant,,,,1,,0.0,0.0,,,noun:1,noun:2,,,Alternative spelling of troponymy.,The semantic relation between troponyms
trunnel,treenail,variant,,,,4,,0.0,0.0,,,noun:2,noun:1,,,Alternative form of treenail.,A wooden peg or pin used as a fastener.
tsoris,tsuris,variant,,,,1,,0.0,0.0,,,noun:1,noun:1,,,Alternative spelling of tsuris.,Problems or troubles.
tughrik,tugrik,variant,,,,1,,0.0,0.0,,,noun:1,noun:1,,,Alternative form of tugrik.,"The Mongolian unit of currency; abbreviated MNT, ₮; formerly subdivide"
tumbrel,tumbril,variant,,,,1,,0.0,0.0,,,noun:1,noun:4,,,Alternative form of tumbril.,"A kind of medieval torture device, later associated with a ducking sto"
tupek,tupik,variant,,,,1,,0.0,0.0,,,noun:1,noun:1,,,Alternative spelling of tupik.,"A tent or other building made from animal skins, used by the Inuit dur"
turacou,turaco,variant,,,,1,,0.0,0.0,,,noun:1,noun:1,,,Alternative form of turaco.,Any of the birds of the family Musophagidae in the Musophagiformes ord
turakoo,turaco,variant,,,,2,,0.0,0.0,,,noun:1,noun:1,,,Archaic form of turaco.,Any of the birds of the family Musophagidae in the Musophagiformes ord
tyrocidin,tyrocidine,variant,,,,1,,0.0,0.0,,,noun:1,noun:1,,,Alternative form of tyrocidine.,A polypeptide antibiotic produced by bacteria in the soil.
unfavourableness,unfavorableness,variant,,,,1,,0.0,0.0,,,noun:1,noun:1,,,Alternative form of unfavorableness.,The quality of being unfavorable.
unitisation,unitization,variant,,,,1,,0.0,0.0,,,noun:1,noun:1,,,Alternative form of unitization.,Process of unitizing.
unraveller,unraveler,variant,,,,1,,0.0,0.0,,,noun:1,noun:1,,,Alternative form of unraveler.,"One who, or that which, unravels."
useableness,usableness,variant,,,,1,,0.0,0.0,,,noun:1,noun:1,,,Alternative spelling of usableness.,The quality of being usable.
vapourousness,vaporousness,variant,,,,1,,0.0,0.0,,,noun:1,noun:1,,,Rare spelling of vaporousness.,The condition of being vaporous
verbaliser,verbalizer,variant,,,,1,,0.0,0.0,,,noun:1,noun:2,,,Alternative form of verbalizer.,A thing that or person who verbalizes; frequently contrasted with visu
villainage,villeinage,variant,,,,1,,0.0,0.0,,,noun:1,noun:2,,,Alternative form of villeinage.,The state of being a villein.
virucide,viricide,variant,,,,1,,0.0,0.0,,,noun:1,noun:2,,,Alternative form of viricide.,Any substance that destroys or inactivates viruses.
viscosimetry,viscometry,variant,,,,2,,0.0,0.0,,,noun:1,noun:1,,,Alternative form of viscometry.,measurement of the viscosity of liquids
vitaliser,vitalizer,variant,,,,1,,0.0,0.0,,,noun:1,noun:1,,,Alternative form of vitalizer.,That which vitalizes; a source of vitality.
vocaliser,vocalizer,variant,,,,1,,0.0,0.0,,,noun:1,noun:1,,,Alternative form of vocalizer.,One who vocalizes.
vulcaniser,vulcanizer,variant,,,,1,,0.0,0.0,,,noun:1,noun:3,,,Non-Oxford British English standard spelling of vulcanizer.,Equipment used for the vulcanization of rubber.
vulgariser,vulgarizer,variant,,,,1,,0.0,0.0,,,noun:1,noun:1,,,Non-Oxford British English standard spelling of vulgarizer.,One who vulgarizes.
waggonwright,wagonwright,variant,,,,1,,0.0,0.0,,,noun:1,noun:1,,,Alternative form of wagonwright.,A builder of wagons.
weisenheimer,wisenheimer,variant,,,,1,,0.0,0.0,,,noun:1,noun:1,,NOUN:1,Alternative spelling of wisenheimer.,A self-assertive and arrogant person; a wiseacre or smart aleck.
xerophthalmus,xerophthalmia,variant,,,,2,,0.0,0.0,,,noun:1,noun:1,,,Alternative form of xerophthalmia.,A condition due to a deficiency of vitamin A where the conjunctiva and
yashmac,yashmak,variant,,,,1,,0.0,0.0,,,noun:1,noun:1,,,Alternative spelling of yashmak.,A veil worn by Muslim women to cover parts of the face when they are i
zumbooruck,zamburak,variant,,,,4,,0.0,0.0,,,noun:1,noun:1,,,Dated form of zamburak.,"A small cannon supported by a swiveled rest, especially as mounted on "
zumbooruk,zamburak,variant,,,,4,,0.0,0.0,,,noun:1,noun:1,,,Alternative spelling of zamburak.,"A small cannon supported by a swiveled rest, especially as mounted on "
